scrape_date,category,company_name,phone,email,website,employee_count,city,country,scraped_at
2026-06-05,HR,ClearBenefit Point,779-843-6632,hello@clearbenefitpoint.io,https://clearbenefitpoint.io,17,Leeds,UK,2026-06-05 03:13:51
2026-06-05,ERP,RidgePlanApp,+19756600854,contact@ridgeplanapp.co,https://www.ridgeplanapp.co,24,Columbus,US,2026-06-05 03:45:28
2026-06-05,MSP Platform,SolidUptimeDynamics,265-266-5566,contact@soliduptimedynamics.com,https://soliduptimedynamics.com,486,Vancouver,CA,2026-06-05 06:36:42
2026-06-05,Medical,Harbor CarePlatform,608-485-2639,info@harborcareplatform.com,https://www.harborcareplatform.com,2569,Manchester,UK,2026-06-05 01:44:53
2026-06-05,MSP Platform,Harbor StackSphere,(754) 235-6012,info@harborstacksphere.com,https://harborstacksphere.com,13,Atlanta,US,2026-06-05 02:41:29
2026-06-05,Medical,PivotVitalApp,234-912-3214,info@pivotvitalapp.io,pivotvitalapp.io,5,Columbus,US,2026-06-05 05:33:02
2026-06-05,HR,OmniBenefit Point,619-446-9803,contact@omnibenefitpoint.com,https://www.omnibenefitpoint.com,12,Columbus,US,2026-06-05 02:37:20
2026-06-05,Legal,Meta ClauseApp,+1 (760) 636-9679,hello@metaclauseapp.com,https://metaclauseapp.com,88,Phoenix,US,2026-06-05 03:20:05
2026-06-05,Medical,AnchorPatient Desk,+15543444937,sales@anchorpatientdesk.com,https://www.anchorpatientdesk.com,42,Pune,IN,2026-06-05 05:24:06
2026-06-05,MSP Platform,Halo TicketCore,+15919165460 ext. 66,hello@haloticketcore.co,haloticketcore.co,3622,Seattle,US,2026-06-05 06:30:24
2026-06-05,LMS,Ember LearnCloud,3267949462,info@emberlearncloud.net,https://emberlearncloud.net,796,Seattle,US,2026-06-05 02:10:15
2026-06-05,ERP,Omni ForgePoint,512-581-9309,hello@omniforgepoint.net,https://www.omniforgepoint.net,36,Bengaluru,IN,2026-06-05 01:40:30
2026-06-05,Legal,TrueLawApp,733-837-7313,contact@truelawapp.com,https://truelawapp.com,246,Boston,US,2026-06-05 01:56:39
2026-06-05,HR,CrestTalent Hub,(435) 262-1629,N/A,https://www.cresttalenthub.com,280,Chicago,US,2026-06-05 06:30:39
2026-06-05,HR,LatticePayroll Labs,1-628-450-9391 ext. 26,N/A,https://www.latticepayrolllabs.com,9,Vancouver,CA,2026-06-05 01:15:25
2026-06-05,Medical,Bright MedWorks,9136344944,contact@brightmedworks.com,https://www.brightmedworks.com,58,Columbus,US,2026-06-05 06:18:12
2026-06-05,HR,PivotTeamCore,+18125631791,sales@pivotteamcore.com,https://www.pivotteamcore.com,71,Boston,US,2026-06-05 01:19:23
2026-06-05,ERP,OrbitPlan Soft,3162997394,contact@orbitplansoft.com,https://www.orbitplansoft.com,15,Austin,US,2026-06-05 03:21:53
2026-06-05,Medical,Pivot ClinicSuite,(297) 318-4309,contact@pivotclinicsuite.com,https://www.pivotclinicsuite.com,33,Atlanta,US,2026-06-05 04:29:27
2026-06-05,Medical,Delta PatientSoft,(230) 268-8337,contact@deltapatientsoft.io,https://www.deltapatientsoft.io,450,Atlanta,US,2026-06-05 06:21:17
2026-06-05,ERP,Prime PlanCore,+1 (811) 947-6564 ext. 17,sales@primeplancore.com,https://www.primeplancore.com,430,Columbus,US,2026-06-05 03:14:57
2026-06-05,Legal,Blue FilingPlatform,9158097922,sales@bluefilingplatform.com,bluefilingplatform.com,897,Dublin,IE,2026-06-05 04:06:05
2026-06-05,ERP,WillowStockSolutions,3442740510,contact@willowstocksolutions.com,https://www.willowstocksolutions.com,9,Boston,US,2026-06-05 06:28:31
2026-06-05,MSP Platform,Silver NetSuite,(352) 722-4968,sales@silvernetsuite.com,https://silvernetsuite.com,10,London,UK,2026-06-05 01:02:59
2026-06-05,MSP Platform,Nova Uptime Outsourcing,(478) 434-1666,sales@novauptimeoutsourcing.com,https://www.novauptimeoutsourcing.com,138,Seattle,US,2026-06-05 01:30:47
2026-06-05,ERP,Pioneer LedgerBase,548-244-2896,sales@pioneerledgerbase.co,https://www.pioneerledgerbase.co,null,Chicago,US,2026-06-05 04:48:18
2026-06-05,HR,LatticeTalentSuite,+16733524453 ext. 79,hello@latticetalentsuite.com,https://latticetalentsuite.com,27,Columbus,US,2026-06-05 05:58:52
2026-06-05,Medical,KeystoneRx Hub,271-492-2565,sales@keystonerxhub.co,https://www.keystonerxhub.co,249,Raleigh,US,2026-06-05 05:57:56
2026-06-05,MSP Platform,Omni UptimeTech,1-608-346-9552,hello@omniuptimetech.com,https://www.omniuptimetech.com,67,Chicago,US,2026-06-05 02:21:19
2026-06-05,MSP Platform,Quartz NodeWorks,(952) 486-9241,hello@quartznodeworks.co,https://quartznodeworks.co,1744,Islamabad,PK,2026-06-05 05:10:34
2026-06-05,Medical,Onyx ClinicLabs,739-656-7125 ext. 9,hello@onyxcliniclabs.com,https://www.onyxcliniclabs.com,773,Pune,IN,2026-06-05 06:39:31
2026-06-05,Legal,NorthFiling Systems,+17052625218,info@northfilingsystems.io,https://www.northfilingsystems.io,518,Boston,US,2026-06-05 05:58:25
2026-06-05,Legal,AltaCase Solutions,1-819-681-4243,contact@altacasesolutions.com,https://www.altacasesolutions.com,52,Seattle,US,2026-06-05 06:07:38
2026-06-05,ERP,North OrderHub,02794102680,info@northorderhub.co,https://www.northorderhub.co,86,Berlin,DE,2026-06-05 01:17:37
2026-06-05,ERP,Juniper Plan Staffing,4062752797,N/A,https://juniperplanstaffing.com,16,Seattle,US,2026-06-05 05:00:29
2026-06-05,Medical,WillowPulse Soft,(583) 304-1467,info@willowpulsesoft.net,https://willowpulsesoft.net,8,Chicago,US,2026-06-05 04:14:58
2026-06-05,Medical,IronHealthSphere,+1 (420) 821-5913,info@ironhealthsphere.com,ironhealthsphere.com,8,Islamabad,PK,2026-06-05 01:36:44
2026-06-05,HR,PioneerShiftCloud’s,6122414752,info@pioneershiftcloud.com,pioneershiftcloud.com,41,Atlanta,US,2026-06-05 05:03:48
2026-06-05,MSP Platform,North GridPoint,2778428887,contact@northgridpoint.com,https://www.northgridpoint.com,42,Columbus,US,2026-06-05 05:57:08
2026-06-05,Legal,Pivot DocketCloud,762-475-3107,contact@pivotdocketcloud.com,https://www.pivotdocketcloud.com,225,Tampa,US,2026-06-05 02:22:38
2026-06-05,ERP,VistaResource Suite,7484574635,contact@vistaresourcesuite.com,https://vistaresourcesuite.com,N/A,Atlanta,US,2026-06-05 02:06:54
2026-06-05,HR,CrownShiftSolutions,538-587-8914,contact@crownshiftsolutions.com,https://www.crownshiftsolutions.com,99,Singapore,SG,2026-06-05 01:03:31
2026-06-05,MSP Platform,Nimbus NodeApp,(730) 332-8240,contact@nimbusnodeapp.com,https://www.nimbusnodeapp.com,21,Boston,US,2026-06-05 04:13:39
2026-06-05,Legal,PivotCase Point,1-210-594-5228,hello@pivotcasepoint.com,https://www.pivotcasepoint.com,8,Dublin,IE,2026-06-05 03:11:13
2026-06-05,MSP Platform,RavenTicketBase,(226) 512-2703 ext. 57,hello@raventicketbase.com,https://raventicketbase.com,8,Atlanta,US,2026-06-05 02:34:02
2026-06-05,LMS,CoreLesson Works,7257519084,hello@corelessonworks.com,https://www.corelessonworks.com,296,null,US,2026-06-05 05:14:39
2026-06-05,LMS,SummitMentorPoint,3293418256,hello@summitmentorpoint.com,https://www.summitmentorpoint.com,4777,Denver,US,2026-06-05 06:22:36
2026-06-05,Medical,Pioneer PulseDynamics,831.883.0622,contact@pioneerpulsedynamics.com,https://www.pioneerpulsedynamics.com,81,Seattle,US,2026-06-05 05:05:04
2026-06-05,MSP Platform,RidgeEndpoint Desk,+1 (204) 628-3899,contact@ridgeendpointdesk.io,https://www.ridgeendpointdesk.io,6,Raleigh,US,2026-06-05 03:31:43
2026-06-05,MSP Platform,Summit StackSphere,625-317-7910,sales@summitstacksphere.com,https://www.summitstacksphere.com,13,Austin,US,2026-06-05 01:13:21
2026-06-05,ERP,Zen OpsSphere,1-889-886-5089 ext. 63,info@zenopssphere.com,https://www.zenopssphere.com,25,Raleigh,US,2026-06-05 06:30:23
2026-06-05,Legal,ZenLawHub,+16473959172,info@zenlawhub.com,https://zenlawhub.com,452,Austin,US,2026-06-05 03:02:31
2026-06-05,ERP,ClearOrder Works,+13323740644,info@clearorderworks.co,https://clearorderworks.co,36,Raleigh,US,2026-06-05 04:34:17
2026-06-05,ERP,BeaconLedgerApp,9493677121,contact@beaconledgerapp.io,beaconledgerapp.io,41,Boston,US,2026-06-05 02:35:20
2026-06-05,Legal,Blue DocketTech,08017430281,info@bluedockettech.co,https://www.bluedockettech.co,12,London,UK,2026-06-05 01:40:17
2026-06-05,ERP,VistaStock Sync,601-368-8299,hello@vistastocksync.io,https://vistastocksync.io,41,Columbus,US,2026-06-05 05:53:35
2026-06-05,ERP,PolarisLedgerDesk,553-972-4900 ext. 22,hello@polarisledgerdesk.com,polarisledgerdesk.com,6,Amsterdam,NL,2026-06-05 03:41:53
2026-06-05,MSP Platform,PivotUptimeSphere,772.843.7636,sales@pivotuptimesphere.com,https://pivotuptimesphere.com,18,Chicago,US,2026-06-05 01:03:29
2026-06-05,Medical,Tidal ChartCore,1-937-394-3154,info@tidalchartcore.net,https://tidalchartcore.net,431,Vancouver,CA,2026-06-05 06:37:10
2026-06-05,MSP Platform,Willow EndpointPoint,487-227-4444,contact@willowendpointpoint.io,https://willowendpointpoint.io,19,Amsterdam,NL,2026-06-05 01:10:49
2026-06-05,Medical,CobaltHealthPoint,745-940-7363,info@cobalthealthpoint.co,https://www.cobalthealthpoint.co,71,Austin,US,2026-06-05 05:36:17
2026-06-05,LMS,PrimeSkillLabs,04724277922,info@primeskilllabs.net,https://www.primeskilllabs.net,532,Columbus,US,2026-06-05 04:55:44
2026-06-05,Medical,RavenRx Labs,1-247-543-3321,hello@ravenrxlabs.io,https://ravenrxlabs.io,18,Atlanta,US,2026-06-05 04:24:41
2026-06-05,ERP,IndigoLedger Logic,389.774.1510,contact@indigoledgerlogic.com,indigoledgerlogic.com,31,London,UK,2026-06-05 02:51:55
2026-06-05,Medical,Cobalt ChartSync,+18733556172,hello@cobaltchartsync.com,https://www.cobaltchartsync.com,6,Atlanta,US,2026-06-05 05:05:17
2026-06-05,Medical,HarborPatientPlatform,+18543088073,info@harborpatientplatform.com,https://www.harborpatientplatform.com,312,Columbus,US,2026-06-05 06:19:54
2026-06-05,Medical,BluePatient Soft,(504) 494-8020 ext. 82,sales@bluepatientsoft.com,bluepatientsoft.com,19,Tampa,US,2026-06-05 03:01:26
2026-06-05,LMS,Arch CohortSuite,+15492839588,sales@archcohortsuite.com,https://archcohortsuite.com,23,Columbus,US,2026-06-05 03:46:41
2026-06-05,LMS,TrueMentor Platform,914-264-7671,sales@truementorplatform.io,truementorplatform.io,2573,Boston,US,2026-06-05 05:39:12
2026-06-05,Legal,Crest DocketBase,+1 (201) 657-9761,contact@crestdocketbase.io,https://www.crestdocketbase.io,88,Seattle,US,2026-06-05 05:13:07
2026-06-05,ERP,HaloFin Core,777-753-9294,info@halofincore.io,https://www.halofincore.io,814,Denver,US,2026-06-05 05:54:12
2026-06-05,ERP,PrimeFinSolutions,6128929584,info@primefinsolutions.net,https://www.primefinsolutions.net,16,Leeds,UK,2026-06-05 01:55:20
2026-06-05,Medical,LatticePatientSoft,1-523-967-8674 ext. 30,sales@latticepatientsoft.io,latticepatientsoft.io,150,Dublin,IE,2026-06-05 04:31:12
2026-06-05,MSP Platform,NorthPatch Hub,(918) 586-1651,info@northpatchhub.com,northpatchhub.com,286,Bengaluru,IN,2026-06-05 03:41:18
2026-06-05,ERP,PioneerFin Works,6287002226,contact@pioneerfinworks.com,pioneerfinworks.com,9,Raleigh,US,2026-06-05 01:38:15
2026-06-05,Medical,NorthHealthPlatform,+14822094695,contact@northhealthplatform.com,https://www.northhealthplatform.com,54,Sydney,AU,2026-06-05 02:53:49
2026-06-05,HR,Delta ShiftLogic,2627957679,hello@deltashiftlogic.com,https://deltashiftlogic.com,219,Raleigh,US,2026-06-05 05:15:04
2026-06-05,ERP,MosaicResource Point,6927687662,sales@mosaicresourcepoint.com,mosaicresourcepoint.com,16,Munich,DE,2026-06-05 04:35:39
2026-06-05,Legal,Juniper Brief Outsourcing,312.740.6239,hello@juniperbriefoutsourcing.net,https://juniperbriefoutsourcing.net,659,Atlanta,US,2026-06-05 04:04:42
2026-06-05,Medical,QuartzTriage Dynamics,(201) 624-1829,contact@quartztriagedynamics.co,https://quartztriagedynamics.co,47,Austin,US,2026-06-05 05:25:08
2026-06-05,Medical,IndigoChartSystems,947.426.7666,,indigochartsystems.com,212,Calgary,CA,2026-06-05 04:16:08
2026-06-05,Legal,RapidFilingSoft,722-760-5008,sales@rapidfilingsoft.com,https://www.rapidfilingsoft.com,562,Vancouver,CA,2026-06-05 05:42:42
2026-06-05,HR,GoldenPerformLogic,(796) 408-8737,sales@goldenperformlogic.io,https://goldenperformlogic.io,30,Raleigh,US,2026-06-05 02:32:21
2026-06-05,MSP Platform,ZephyrMonitor Soft,326.993.1213,sales@zephyrmonitorsoft.io,https://www.zephyrmonitorsoft.io,57,Islamabad,PK,2026-06-05 02:17:36
2026-06-05,Medical,Pivot ClauseCore,444.995.4708,sales@pivotclausecore.com,https://pivotclausecore.com,31,Amsterdam,NL,2026-06-05 01:39:21
2026-06-05,Medical,Sable HealthSphere,964-735-9277,hello@sablehealthsphere.com,https://www.sablehealthsphere.com,29,Karachi,PK,2026-06-05 06:29:47
2026-06-05,HR,Umbra RosterCore,8369461251,sales@umbrarostercore.com,umbrarostercore.com,61,Atlanta,US,2026-06-05 04:14:34
2026-06-05,ERP,SilverChainDynamics,+17625634289,contact@silverchaindynamics.com,https://silverchaindynamics.com,5,Hyderabad,IN,2026-06-05 05:49:23
2026-06-05,Medical,Beacon RxDesk,2315174476,sales@beaconrxdesk.co,https://www.beaconrxdesk.co,23,Phoenix,US,2026-06-05 04:41:27
2026-06-05,ERP,Iron StockSync,+12823261539,hello@ironstocksync.com,https://ironstocksync.com,863,Munich,DE,2026-06-05 01:30:22
2026-06-05,ERP,Falcon ForgeFlow,297-866-3438,info@falconforgeflow.com,https://www.falconforgeflow.com,41,Leeds,UK,2026-06-05 02:21:11
2026-06-05,ERP,RidgeOps Suite,+15225002106 ext. 85,info@ridgeopssuite.io,https://www.ridgeopssuite.io,16,Singapore,SG,2026-06-05 04:39:30
2026-06-05,ERP,Quantum BatchSync,1-475-840-2671,sales@quantumbatchsync.com,https://quantumbatchsync.com,722,Vancouver,CA,2026-06-05 01:06:01
2026-06-05,HR,Bright TalentCore,815-649-2929,contact@brighttalentcore.co,https://www.brighttalentcore.co,275,Chicago,US,2026-06-05 02:47:22
2026-06-05,HR,LatticePayrollBase,3774792900,info@latticepayrollbase.co,https://www.latticepayrollbase.co,195,Seattle,US,2026-06-05 04:25:02
2026-06-05,Medical,VistaRx Core,+13189128645 ext. 38,null,https://www.vistarxcore.com,82,Calgary,CA,2026-06-05 01:20:52
2026-06-05,ERP,RapidLedger Solutions,414.554.1843 ext. 89,contact@rapidledgersolutions.com,https://www.rapidledgersolutions.com,474,Denver,US,2026-06-05 06:02:15
2026-06-05,ERP,RidgewayOpsLogic,+1 (260) 417-4625,hello@ridgewayopslogic.com,https://www.ridgewayopslogic.com,28,Tampa,US,2026-06-05 05:57:00
2026-06-05,HR,QuantumRosterPlatform,5007666984,hello@quantumrosterplatform.io,quantumrosterplatform.io,413,Lahore,PK,2026-06-05 01:50:50
2026-06-05,ERP,RavenStock Systems,+12088332006,contact@ravenstocksystems.io,https://ravenstocksystems.io,5,Chicago,US,2026-06-05 04:59:43
2026-06-05,Legal,Delta MatterSystems,+12759704567,hello@deltamattersystems.io,https://deltamattersystems.io,564,Columbus,US,2026-06-05 03:50:21
2026-06-05,HR,Orbit PerformSync,+1 (816) 236-5031,contact@orbitperformsync.com,https://www.orbitperformsync.com,9,Vancouver,CA,2026-06-05 03:42:30
2026-06-05,Legal,Crest Case BPO Services,2228553003,contact@crestcasebposervices.io,https://crestcasebposervices.io,71,Vancouver,CA,2026-06-05 02:55:56
2026-06-05,HR,Umbra People Talent Agency,8413576524,sales@umbrapeopletalentagency.com,https://www.umbrapeopletalentagency.com,1353,Pune,IN,2026-06-05 02:39:40
2026-06-05,Medical,VeloTriageSphere,552-643-5130,hello@velotriagesphere.io,https://www.velotriagesphere.io,11,Boston,US,2026-06-05 05:26:35
2026-06-05,ERP,NimbusFin Dynamics,914.637.8807,info@nimbusfindynamics.io,https://www.nimbusfindynamics.io,22,Hyderabad,IN,2026-06-05 03:02:03
2026-06-05,HR,VeloOnboardSphere,(201) 950-0709,hello@veloonboardsphere.com,veloonboardsphere.com,370,Atlanta,US,2026-06-05 05:35:00
2026-06-05,Legal,KeystoneLawHub,1-542-678-1368,contact@keystonelawhub.com,keystonelawhub.com,54,Vancouver,CA,2026-06-05 04:09:38
2026-06-05,Medical,RavenCare Labs,+16037179236,hello@ravencarelabs.com,https://www.ravencarelabs.com,100,Phoenix,US,2026-06-05 05:43:57
2026-06-05,ERP,Delta OpsApp,647.594.2555,hello@deltaopsapp.com,https://www.deltaopsapp.com,10,Pune,IN,2026-06-05 02:32:47
2026-06-05,ERP,Willow ForgeSystems,553-713-7643,info@willowforgesystems.io,https://www.willowforgesystems.io,8,Amsterdam,NL,2026-06-05 05:00:39
2026-06-05,HR,Crest CultureFlow,481-685-2421,hello@crestcultureflow.com,https://www.crestcultureflow.com,539,Raleigh,US,2026-06-05 01:43:15
2026-06-05,ERP,Raven ChainDesk,(526) 456-7141,hello@ravenchaindesk.com,https://www.ravenchaindesk.com,387,Boston,US,2026-06-05 04:10:28
2026-06-05,HR,Quantum RosterSystems,+14317414947,sales@quantumrostersystems.com,https://quantumrostersystems.com,25,Leeds,UK,2026-06-05 02:38:55
2026-06-05,ERP,RidgeForgeSystems,295.309.1961,contact@ridgeforgesystems.net,https://www.ridgeforgesystems.net,476,Atlanta,US,2026-06-05 06:18:40
2026-06-05,ERP,NovaFinDesk,231-803-0206 ext. 97,N/A,https://www.novafindesk.io,104,Leeds,UK,2026-06-05 03:18:47
2026-06-05,Medical,Delta ChartTech,1-236-730-1090,hello@deltacharttech.com,https://deltacharttech.com,14,Austin,US,2026-06-05 04:57:34
2026-06-05,Medical,Bright PulseTech,6253801095,sales@brightpulsetech.io,https://brightpulsetech.io,240,null,AU,2026-06-05 03:02:42
2026-06-05,Medical,OmniPatient Sync,964.933.8329,contact@omnipatientsync.io,https://www.omnipatientsync.io,93,Phoenix,US,2026-06-05 05:13:28
2026-06-05,MSP Platform,PolarisMonitor Base,1-809-422-7674,hello@polarismonitorbase.com,https://www.polarismonitorbase.com,6,Atlanta,US,2026-06-05 01:26:11
2026-06-05,Medical,OnyxPatient Cloud,+12818183535,hello@onyxpatientcloud.com,https://onyxpatientcloud.com,202,Atlanta,US,2026-06-05 03:08:40
2026-06-05,ERP,KeystoneOps Labs,8062662486,hello@keystoneopslabs.io,https://keystoneopslabs.io,127,London,UK,2026-06-05 01:37:01
2026-06-05,Medical,Core ClinicSync,(678) 893-9014,contact@coreclinicsync.co,https://www.coreclinicsync.co,5,Columbus,US,2026-06-05 03:23:52
2026-06-05,ERP,Onyx ChainTech,288-904-4613,sales@onyxchaintech.com,https://www.onyxchaintech.com,14,Calgary,CA,2026-06-05 03:54:55
2026-06-05,HR,AltaBenefit Solutions,+13987108943,sales@altabenefitsolutions.com,https://www.altabenefitsolutions.com,48,Seattle,US,2026-06-05 02:50:41
2026-06-05,ERP,Delta FinFlow,593-482-0298,info@deltafinflow.co,https://www.deltafinflow.co,10,Phoenix,US,2026-06-05 05:38:50
2026-06-05,Medical,RidgewayMedLabs,+1 (897) 728-3321,contact@ridgewaymedlabs.com,ridgewaymedlabs.com,82,Islamabad,PK,2026-06-05 01:19:52
2026-06-05,LMS,EmberTutor Cloud,(793) 717-1680,sales@embertutorcloud.com,https://www.embertutorcloud.com,182,Toronto,CA,2026-06-05 05:37:08
2026-06-05,ERP,NovaOrderFlow,2774307195,info@novaorderflow.io,https://www.novaorderflow.io,69,Toronto,CA,2026-06-05 05:25:47
2026-06-05,HR,Juniper PeopleSync,1-818-753-2652,info@juniperpeoplesync.co,https://juniperpeoplesync.co,N/A,Tampa,US,2026-06-05 03:40:29
2026-06-05,MSP Platform,GoldenTriageHub,(285) 647-0041,contact@goldentriagehub.com,https://goldentriagehub.com,128,Leeds,UK,2026-06-05 02:39:45
2026-06-05,Legal,AnchorMatterWorks,1-685-227-3530,info@anchormatterworks.io,https://www.anchormatterworks.io,690,Denver,US,2026-06-05 06:24:04
2026-06-05,Medical,VertexHealth Sphere,597-869-0147,contact@vertexhealthsphere.net,https://www.vertexhealthsphere.net,32,Chicago,US,2026-06-05 01:06:43
2026-06-05,HR,Velo PayrollSync,+12824750791,hello@velopayrollsync.io,https://velopayrollsync.io,40,Phoenix,US,2026-06-05 03:05:29
2026-06-05,HR,Nova CulturePoint,923.941.5415 ext. 33,info@novaculturepoint.com,https://www.novaculturepoint.com,205,Tampa,US,2026-06-05 06:03:02
2026-06-05,MSP Platform,Ridge TicketPoint,532-394-5567,contact@ridgeticketpoint.io,https://www.ridgeticketpoint.io,43,Denver,US,2026-06-05 01:36:50
2026-06-05,Legal,UmbraCaséLabs,+1 (234) 369-7306,sales@umbracaselabs.com,https://www.umbracaselabs.com,1506,Dublin,IE,2026-06-05 03:30:13
2026-06-05,Medical,FalconChartSuite,+15882921267,hello@falconchartsuite.com,https://www.falconchartsuite.com,299,Boston,US,2026-06-05 05:08:31
2026-06-05,HR,RavenPerform Platform,1-699-580-1189,sales@ravenperformplatform.com,https://ravenperformplatform.com,9,Austin,US,2026-06-05 02:37:02
2026-06-05,Medical,ApexPulseSoft,542-462-7548,sales@apexpulsesoft.com,https://apexpulsesoft.com,840,Chicago,US,2026-06-05 01:06:56
2026-06-05,HR,AnchorTeam Works,935-308-9249,info@anchorteamworks.net,https://www.anchorteamworks.net,86,Columbus,US,2026-06-05 04:09:39
2026-06-05,ERP,NimbusStock Tech,+12806298489,info@nimbusstocktech.io,https://www.nimbusstocktech.io,319,Columbus,US,2026-06-05 05:22:33
2026-06-05,Legal,SolidClauseWorks,228-267-4990,sales@solidclauseworks.net,https://solidclauseworks.net,23,Chicago,US,2026-06-05 04:39:10
2026-06-05,Legal,RidgeLawPlatform,4699763157,sales@ridgelawplatform.com,ridgelawplatform.com,13,Atlanta,US,2026-06-05 02:30:43
2026-06-05,Legal,HarborCaseCloud,899-715-8088,info@harborcasecloud.io,https://www.harborcasecloud.io,99,Pune,IN,2026-06-05 02:20:50
2026-06-05,Medical,BoldPatientLabs,1-586-762-2571,sales@boldpatientlabs.net,https://boldpatientlabs.net,33,Denver,US,2026-06-05 04:59:20
2026-06-05,HR,Quartz CultureLabs,375.991.1862 ext. 79,info@quartzculturelabs.com,https://www.quartzculturelabs.com,392,Seattle,US,2026-06-05 01:12:36
2026-06-05,ERP,NorthFin Sphere,06783640957,hello@northfinsphere.com,https://northfinsphere.com,597,Austin,US,2026-06-05 02:18:03
2026-06-05,HR,Crest TeamLabs,+1 (661) 646-6103,hello@crestteamlabs.com,https://www.crestteamlabs.com,36,Denver,US,2026-06-05 02:28:40
2026-06-05,HR,SummitBenefit Works,8819633670,sales@summitbenefitworks.com,summitbenefitworks.com,460,Austin,US,2026-06-05 01:32:27
2026-06-05,ERP,Omni OpsLogic,5533980564,sales@omniopslogic.net,https://www.omniopslogic.net,3455,London,UK,2026-06-05 03:52:50
2026-06-05,Medical,Anchor PulseSuite,(909) 253-6948,info@anchorpulsesuite.com,https://www.anchorpulsesuite.com,N/A,Leeds,UK,2026-06-05 05:28:56
2026-06-05,HR,VertexShiftCloud,+17595519187,sales@vertexshiftcloud.com,https://www.vertexshiftcloud.com,51,London,UK,2026-06-05 05:21:03
2026-06-05,ERP,XenonStockCloud,791-616-5319,sales@xenonstockcloud.com,https://www.xenonstockcloud.com,34,Raleigh,US,2026-06-05 01:38:20
2026-06-05,MSP Platform,Bold RemoteDesk,(824) 707-7343,sales@boldremotedesk.com,https://boldremotedesk.com,382,Denver,US,2026-06-05 03:26:39
2026-06-05,Legal,Quartz ClauseLogic,+12333127657,info@quartzclauselogic.io,https://www.quartzclauselogic.io,285,Atlanta,US,2026-06-05 03:09:15
2026-06-05,Medical,Apex ChartSphere,(434) 682-0447,hello@apexchartsphere.com,https://www.apexchartsphere.com,7,Austin,US,2026-06-05 04:09:00
2026-06-05,HR,Pivot PayrollTech,(398) 868-2840 ext. 13,null,https://www.pivotpayrolltech.com,149,Toronto,CA,2026-06-05 01:16:10
2026-06-05,Medical,Tidal MedBase,(630) 332-0074,sales@tidalmedbase.io,https://tidalmedbase.io,197,Columbus,US,2026-06-05 06:22:44
2026-06-05,ERP,CobaltForge Platform,6706372910,info@cobaltforgeplatform.io,https://cobaltforgeplatform.io,34,Seattle,US,2026-06-05 02:54:26
2026-06-05,ERP,RapidStockSuite,461-684-7587,N/A,rapidstocksuite.com,804,Boston,US,2026-06-05 05:11:04
2026-06-05,Legal,CrownLaw Core,1-920-827-8601,contact@crownlawcore.com,https://crownlawcore.com,55,Boston,US,2026-06-05 06:35:15
2026-06-05,Legal,FusionDocketDynamics,+1 (473) 836-7321,contact@fusiondocketdynamics.io,fusiondocketdynamics.io,N/A,Boston,US,2026-06-05 01:14:12
2026-06-05,HR,CrestOnboardBase,+13785365260,hello@crestonboardbase.com,https://crestonboardbase.com,13,Denver,US,2026-06-05 05:30:36
2026-06-05,HR,JuniperBenefitSphere,(485) 471-9629,sales@juniperbenefitsphere.io,juniperbenefitsphere.io,15,Phoenix,US,2026-06-05 06:12:18
2026-06-05,Medical,VeloClinic Soft,655.395.5176,info@veloclinicsoft.com,https://www.veloclinicsoft.com,94,Boston,US,2026-06-05 05:29:26
2026-06-05,MSP Platform,BeaconGrid Sync,395-711-3205 ext. 85,info@beacongridsync.io,beacongridsync.io,150,Islamabad,PK,2026-06-05 05:54:47
2026-06-05,Legal,Clear FilingLogic,655.316.8546,hello@clearfilinglogic.co,clearfilinglogic.co,26,Boston,US,2026-06-05 03:27:36
2026-06-05,Legal,CrownDocket Sync,577-679-2181,hello@crowndocketsync.io,https://www.crowndocketsync.io,324,Raleigh,US,2026-06-05 05:12:49
2026-06-05,MSP Platform,MosaicEndpoint Tech,515-574-9583,hello@mosaicendpointtech.com,https://www.mosaicendpointtech.com,300,Tampa,US,2026-06-05 01:47:23
2026-06-05,MSP Platform,Pivot RemoteLabs,742-391-7482,sales@pivotremotelabs.com,https://www.pivotremotelabs.com,13,Toronto,CA,2026-06-05 06:57:25
2026-06-05,Medical,Cedar PulseDesk,(354) 884-1335,contact@cedarpulsedesk.com,https://www.cedarpulsedesk.com,19,Austin,US,2026-06-05 03:53:50
2026-06-05,LMS,PrimeCohort Soft,1-803-284-9785,hello@primecohortsoft.co,https://www.primecohortsoft.co,472,Chicago,US,2026-06-05 06:25:59
2026-06-05,ERP,Orbit StockDynamics,(387) 277-7271,sales@orbitstockdynamics.com,orbitstockdynamics.com,19,Denver,US,2026-06-05 06:21:21
2026-06-05,Medical,RavenHealthApp,(267) 301-7379,sales@ravenhealthapp.com,https://ravenhealthapp.com,52,Sydney,AU,2026-06-05 01:49:41
2026-06-05,Legal,Indigo CounselLabs,+15774806939 ext. 76,sales@indigocounsellabs.com,https://www.indigocounsellabs.com,19,Munich,DE,2026-06-05 01:16:16
2026-06-05,HR,Summit CultureCore,+14676920815 ext. 43,sales@summitculturecore.com,https://www.summitculturecore.com,16,Tampa,US,2026-06-05 03:20:30
2026-06-05,Legal,ZenCase Dynamics,800-667-7149,hello@zencasedynamics.com,https://zencasedynamics.com,7,Denver,US,2026-06-05 04:06:57
2026-06-05,HR,EmberShift Solutions,1-914-786-4264,hello@embershiftsolutions.io,https://www.embershiftsolutions.io,36,Columbus,US,2026-06-05 04:01:55
2026-06-05,MSP Platform,SolidEndpoint Cloud,+1 (543) 412-9704,contact@solidendpointcloud.net,https://www.solidendpointcloud.net,13,Berlin,DE,2026-06-05 03:40:21
2026-06-05,Medical,Bold PatientSolutions,878-880-3816,info@boldpatientsolutions.com,https://www.boldpatientsolutions.com,178,Toronto,CA,2026-06-05 06:21:40
2026-06-05,MSP Platform,Crest StackCloud,(467) 986-6464,null,https://creststackcloud.com,51,London,UK,2026-06-05 02:00:46
2026-06-05,ERP,Rapid StockPlatform,+16013540525,sales@rapidstockplatform.com,https://www.rapidstockplatform.com,67,Chicago,US,2026-06-05 06:49:58
2026-06-05,Medical,LumenPatient Solutions,(847) 677-1792,hello@lumenpatientsolutions.com,https://lumenpatientsolutions.com,976,Raleigh,US,2026-06-05 03:23:32
2026-06-05,Legal,ArchFiling Platform,+17414312945,sales@archfilingplatform.co,https://www.archfilingplatform.co,165,Atlanta,US,2026-06-05 05:59:26
2026-06-05,ERP,MosaicLedger App,(710) 650-0079,hello@mosaicledgerapp.io,https://mosaicledgerapp.io,329,Manchester,UK,2026-06-05 03:31:45
2026-06-05,Medical,NovaCare Base,(653) 742-5935,hello@novacarebase.io,https://www.novacarebase.io,608,Vancouver,CA,2026-06-05 05:57:18
2026-06-05,ERP,Bold ForgeWorks,1-573-627-5630,info@boldforgeworks.net,https://www.boldforgeworks.net,11,London,UK,2026-06-05 05:32:34
2026-06-05,ERP,RapidForgeTech,+14353134729,contact@rapidforgetech.io,https://rapidforgetech.io,13,Denver,US,2026-06-05 03:42:02
2026-06-05,Medical,GranitePatient Core,(362) 733-1101,info@granitepatientcore.com,https://granitepatientcore.com,71,Sydney,AU,2026-06-05 05:11:46
2026-06-05,MSP Platform,Silver StackDynamics,399-603-0099,sales@silverstackdynamics.io,silverstackdynamics.io,72,Phoenix,US,2026-06-05 02:15:14
2026-06-05,MSP Platform,CedarMonitor Sync,8245947419,hello@cedarmonitorsync.com,https://cedarmonitorsync.com,,Phoenix,US,2026-06-05 02:24:49
2026-06-05,Medical,HarborPatient Sync,3768634538,contact@harborpatientsync.com,https://www.harborpatientsync.com,2041,Chicago,US,2026-06-05 04:08:33
2026-06-05,ERP,Xenon FinDesk,(664) 376-7835,hello@xenonfindesk.com,https://www.xenonfindesk.com,20,Lahore,PK,2026-06-05 02:49:05
2026-06-05,Legal,NimbusClauseCloud,1-430-471-7754,hello@nimbusclausecloud.com,nimbusclausecloud.com,647,Manchester,UK,2026-06-05 06:03:35
2026-06-05,MSP Platform,FusionNetCloud’s,685-508-8832,hello@fusionnetcloud.io,https://www.fusionnetcloud.io,47,Denver,US,2026-06-05 04:49:10
2026-06-05,MSP Platform,IronNode Soft,517-935-6573,hello@ironnodesoft.com,https://www.ironnodesoft.com,77,Calgary,CA,2026-06-05 02:40:17
2026-06-05,MSP Platform,BlueNodeLabs,+1 (205) 411-0427,hello@bluenodelabs.io,https://www.bluenodelabs.io,28,Seattle,US,2026-06-05 04:23:27
2026-06-05,ERP,Vertex OpsPlatform,(661) 722-4602,N/A,https://www.vertexopsplatform.com,6,Munich,DE,2026-06-05 04:18:45
2026-06-05,HR,Sable RosterWorks,481-296-0163,contact@sablerosterworks.com,https://sablerosterworks.com,232,Denver,US,2026-06-05 02:11:32
2026-06-05,ERP,Iron LedgerPoint,(600) 504-5790,hello@ironledgerpoint.com,https://ironledgerpoint.com,228,Boston,US,2026-06-05 01:38:50
2026-06-05,Legal,OrbitLawSync,228.286.2014,hello@orbitlawsync.co,https://www.orbitlawsync.co,5,Columbus,US,2026-06-05 03:03:54
2026-06-05,HR,GoldenPerform Suite,1-469-643-9463,contact@goldenperformsuite.com,https://www.goldenperformsuite.com,220,Atlanta,US,2026-06-05 03:55:40
2026-06-05,LMS,Golden LessonLogic,3014449593,sales@goldenlessonlogic.com,https://goldenlessonlogic.com,6,Austin,US,2026-06-05 06:51:39
2026-06-05,MSP Platform,Willow NodeDynamics,292.894.0717,contact@willownodedynamics.net,https://www.willownodedynamics.net,15,Denver,US,2026-06-05 01:08:01
2026-06-05,HR,HaloPeople Point,(596) 472-8325,hello@halopeoplepoint.io,https://www.halopeoplepoint.io,36,Toronto,CA,2026-06-05 03:17:29
2026-06-05,Legal,Raven LawPoint,376.356.1166,hello@ravenlawpoint.io,https://www.ravenlawpoint.io,288,Seattle,US,2026-06-05 03:45:25
2026-06-05,ERP,VistaOrder App,758.297.5490,sales@vistaorderapp.com,https://vistaorderapp.com,11,Berlin,DE,2026-06-05 02:59:31
2026-06-05,Medical,Pivot PulseSystems,+12249990688,contact@pivotpulsesystems.io,https://www.pivotpulsesystems.io,34,Phoenix,US,2026-06-05 01:14:45
2026-06-05,Medical,Crown PatientLabs,808-413-2436,sales@crownpatientlabs.com,https://www.crownpatientlabs.com,110,Leeds,UK,2026-06-05 01:55:24
2026-06-05,Medical,Omni RxBase,2202512530,N/A,omnirxbase.com,136,Melbourne,AU,2026-06-05 04:59:01
2026-06-05,Medical,Polaris VitalSoft,+18399212931,info@polarisvitalsoft.com,polarisvitalsoft.com,null,Sydney,AU,2026-06-05 01:13:00
2026-06-05,ERP,IronPlanBase,9097668176,hello@ironplanbase.net,https://ironplanbase.net,17,Seattle,US,2026-06-05 06:17:54
2026-06-05,MSP Platform,Onyx GridSuite,(657) 312-3223,sales@onyxgridsuite.co,https://www.onyxgridsuite.co,40,Dublin,IE,2026-06-05 01:15:40
2026-06-05,Medical,OrbitCare Point,+19756720986,sales@orbitcarepoint.co,https://www.orbitcarepoint.co,74,Karachi,PK,2026-06-05 01:33:44
2026-06-05,HR,SilverTalentWorks,4838338575,sales@silvertalentworks.com,https://silvertalentworks.com,16,Amsterdam,NL,2026-06-05 06:07:12
2026-06-05,HR,CedarPeople Suite,(659) 779-6479,hello@cedarpeoplesuite.com,https://cedarpeoplesuite.com,40,Phoenix,US,2026-06-05 03:07:34
2026-06-05,HR,NimbusRoster Sync,(320) 901-5428,info@nimbusrostersync.com,nimbusrostersync.com,4001,Dublin,IE,2026-06-05 03:43:59
2026-06-05,ERP,ZenStockCore,(569) 867-7102,info@zenstockcore.com,https://www.zenstockcore.com,,Leeds,UK,2026-06-05 05:18:54
2026-06-05,ERP,CrestPlanSphere,8469031063,contact@crestplansphere.com,https://www.crestplansphere.com,20,Boston,US,2026-06-05 02:53:56
2026-06-05,HR,MosaicRoster Cloud,385-892-4334,sales@mosaicrostercloud.com,https://www.mosaicrostercloud.com,24,Raleigh,US,2026-06-05 05:15:04
2026-06-05,Medical,ZenCareCore,(673) 945-8564,contact@zencarecore.io,https://zencarecore.io,N/A,Dublin,IE,2026-06-05 03:30:08
2026-06-05,ERP,HarborOrderWorks,7146198296,sales@harbororderworks.com,https://www.harbororderworks.com,null,Toronto,CA,2026-06-05 02:19:07
2026-06-05,HR,FalconCulture Dynamics,(251) 650-7670,info@falconculturedynamics.io,https://www.falconculturedynamics.io,300,Atlanta,US,2026-06-05 03:10:02
2026-06-05,ERP,RavenOrderFlow,449-432-1361,sales@ravenorderflow.io,ravenorderflow.io,91,Karachi,PK,2026-06-05 06:27:14
2026-06-05,MSP Platform,ApexEndpoint Labs,8715551290 ext. 7,hello@apexendpointlabs.com,https://apexendpointlabs.com,5,Sydney,AU,2026-06-05 01:11:10
2026-06-05,ERP,Pivot ResourceBase,1-505-209-6662,sales@pivotresourcebase.com,https://www.pivotresourcebase.com,682,Melbourne,AU,2026-06-05 05:17:56
2026-06-05,HR,EmberShift Platform,703-336-3546,info@embershiftplatform.com,https://www.embershiftplatform.com,303,Austin,US,2026-06-05 01:59:28
2026-06-05,ERP,OrbitFinSoft,1-251-936-7133,hello@orbitfinsoft.com,https://orbitfinsoft.com,8,Denver,US,2026-06-05 02:08:52
2026-06-05,MSP Platform,CrownRemote Point,1-299-897-9765,hello@crownremotepoint.com,https://crownremotepoint.com,19,Phoenix,US,2026-06-05 04:59:24
2026-06-05,Legal,ZenCounselPoint,275.368.8240,hello@zencounselpoint.com,https://www.zencounselpoint.com,49,Columbus,US,2026-06-05 04:51:04
2026-06-05,Medical,OmniCare Labs,+1 (514) 831-2130,contact@omnicarelabs.com,https://omnicarelabs.com,438,Austin,US,2026-06-05 02:21:14
2026-06-05,Legal,CrownVérdict Solutions,+15592931602,contact@crownverdictsolutions.com,https://crownverdictsolutions.com,215,Munich,DE,2026-06-05 03:23:27
2026-06-05,MSP Platform,Halo StackDesk,+15712655173,hello@halostackdesk.net,https://halostackdesk.net,11,Tampa,US,2026-06-05 04:15:26
2026-06-05,Medical,Granite MedPlatform,5002532003,sales@granitemedplatform.com,https://granitemedplatform.com,115,Melbourne,AU,2026-06-05 03:34:46
2026-06-05,HR,Anchor CultureSuite,(424) 442-1426,info@anchorculturesuite.io,https://www.anchorculturesuite.io,36,Melbourne,AU,2026-06-05 04:14:39
2026-06-05,ERP,ZenFin Base,+17879615662,hello@zenfinbase.com,zenfinbase.com,320,Singapore,SG,2026-06-05 04:17:18
2026-06-05,ERP,AltaPlanBase,02679123158,hello@altaplanbase.com,https://www.altaplanbase.com,111,Dublin,IE,2026-06-05 04:02:49
2026-06-05,HR,NorthOnboardFlow,753-680-0047,hello@northonboardflow.com,northonboardflow.com,61,Raleigh,US,2026-06-05 01:01:47
2026-06-05,Legal,CedarVerdict Flow,+1 (483) 662-5208,sales@cedarverdictflow.co,https://www.cedarverdictflow.co,32,Denver,US,2026-06-05 05:40:19
2026-06-05,MSP Platform,GraniteMonitor Base,(508) 635-6572 ext. 87,sales@granitemonitorbase.io,https://www.granitemonitorbase.io,462,Boston,US,2026-06-05 02:34:52
2026-06-05,HR,AnchorBenefit Labs,1-759-638-6654,info@anchorbenefitlabs.com,anchorbenefitlabs.com,227,Austin,US,2026-06-05 04:26:55
2026-06-05,ERP,OrbitPlanPlatform,+17272227061 ext. 7,info@orbitplanplatform.io,orbitplanplatform.io,57,Atlanta,US,2026-06-05 04:08:39
2026-06-05,HR,FalconPayroll Core,711.767.8320,info@falconpayrollcore.com,https://www.falconpayrollcore.com,30,Denver,US,2026-06-05 06:28:46
2026-06-05,MSP Platform,MosaicUptime Core,(270) 770-0729,sales@mosaicuptimecore.com,https://mosaicuptimecore.com,16,Munich,DE,2026-06-05 02:44:58
2026-06-05,LMS,AtlasCohort Core,208.914.0608,sales@atlascohortcore.com,https://atlascohortcore.com,206,Chicago,US,2026-06-05 01:11:45
2026-06-05,Medical,NovaTriageSuite,+17862029260,sales@novatriagesuite.co,https://www.novatriagesuite.co,19,Austin,US,2026-06-05 04:16:54
2026-06-05,MSP Platform,ClearRemotePoint,07108879289,contact@clearremotepoint.net,https://www.clearremotepoint.net,31,Raleigh,US,2026-06-05 01:41:14
2026-06-05,LMS,UmbraSkill Sphére,487.583.5839,contact@umbraskillsphere.com,umbraskillsphere.com,798,Austin,US,2026-06-05 06:35:22
2026-06-05,HR,PioneerOnboardBase,1-296-343-8005 ext. 47,hello@pioneeronboardbase.com,https://pioneeronboardbase.com,53,Munich,DE,2026-06-05 01:22:53
2026-06-05,HR,XenonPeopleSolutions,1-604-965-0143 ext. 55,hello@xenonpeoplesolutions.com,https://xenonpeoplesolutions.com,42,Tampa,US,2026-06-05 02:51:28
2026-06-05,Legal,DeltaDocketSync,294-560-5211,N/A,https://deltadocketsync.io,12,Melbourne,AU,2026-06-05 01:44:31
2026-06-05,HR,NorthPerform Platform,9626101275 ext. 1,hello@northperformplatform.io,https://www.northperformplatform.io,26,Vancouver,CA,2026-06-05 05:06:18
2026-06-05,LMS,ApexSkillSync,355-210-7933,contact@apexskillsync.net,https://www.apexskillsync.net,389,London,UK,2026-06-05 05:00:29
2026-06-05,Medical,Falcon PulseSphere,(528) 551-1816,hello@falconpulsesphere.com,falconpulsesphere.com,55,Seattle,US,2026-06-05 04:51:21
2026-06-05,MSP Platform,IronNode Sphere,+14747243237,contact@ironnodesphere.com,https://www.ironnodesphere.com,238,Columbus,US,2026-06-05 04:20:48
2026-06-05,ERP,GoldenLedgerApp,+15278142778,contact@goldenledgerapp.com,https://www.goldenledgerapp.com,58,Denver,US,2026-06-05 01:25:46
2026-06-05,MSP Platform,JuniperTicketFlow,663-396-0504,null,https://www.juniperticketflow.com,425,Seattle,US,2026-06-05 05:13:10
2026-06-05,Legal,RapidClause Sync,+17719801311,hello@rapidclausesync.co,https://rapidclausesync.co,559,Vancouver,CA,2026-06-05 05:40:53
2026-06-05,ERP,MetaPlanPlatform,+1 (401) 912-1717,contact@metaplanplatform.com,https://metaplanplatform.com,12,Austin,US,2026-06-05 05:35:41
2026-06-05,ERP,Apex StockBase,+1 (403) 405-4579,sales@apexstockbase.com,https://www.apexstockbase.com,178,Seattle,US,2026-06-05 01:37:23
2026-06-05,ERP,CoreResourceDynamics,442-543-6727,info@coreresourcedynamics.com,https://coreresourcedynamics.com,99,Boston,US,2026-06-05 02:05:06
2026-06-05,MSP Platform,CedarTicket Logic,691-852-3877,hello@cedarticketlogic.com,https://cedarticketlogic.com,62,Vancouver,CA,2026-06-05 05:05:24
2026-06-05,ERP,Mosaic ForgeWorks,+12843097013,contact@mosaicforgeworks.com,https://www.mosaicforgeworks.com,128,Denver,US,2026-06-05 04:46:32
2026-06-05,ERP,CrownOrder Core,+12948373200,sales@crownordercore.io,https://www.crownordercore.io,94,Denver,US,2026-06-05 05:59:32
2026-06-05,HR,ApexPeopleWorks,(685) 711-7930,sales@apexpeopleworks.com,https://apexpeopleworks.com,141,Atlanta,US,2026-06-05 03:19:41
2026-06-05,Legal,JuniperVerdict Sync,426-472-0115 ext. 3,hello@juniperverdictsync.com,https://www.juniperverdictsync.com,99,Melbourne,AU,2026-06-05 05:27:19
2026-06-05,Medical,CorePatientSync,217-620-8999,contact@corepatientsync.co,corepatientsync.co,179,Amsterdam,NL,2026-06-05 05:59:27
2026-06-05,ERP,TrueOps Platform,907-889-8266 ext. 85,sales@trueopsplatform.com,https://www.trueopsplatform.com,86,Sydney,AU,2026-06-05 05:53:30
2026-06-05,LMS,RidgePathDynamics,+1 (880) 813-6805,contact@ridgepathdynamics.com,https://www.ridgepathdynamics.com,40,Hyderabad,IN,2026-06-05 05:24:24
2026-06-05,HR,Anchor TeamCore,+18494862455,sales@anchorteamcore.com,https://www.anchorteamcore.com,19,Calgary,CA,2026-06-05 02:18:14
2026-06-05,ERP,XenonForge Works,811.950.0538,info@xenonforgeworks.io,https://xenonforgeworks.io,35,Chicago,US,2026-06-05 04:15:43
2026-06-05,MSP Platform,Zephyr NodeSystems,+14568967958,contact@zephyrnodesystems.com,https://zephyrnodesystems.com,8,Melbourne,AU,2026-06-05 03:25:13
2026-06-05,HR,Lumen BenefitSync,821-394-5771,hello@lumenbenefitsync.com,https://lumenbenefitsync.com,43,Seattle,US,2026-06-05 04:24:54
2026-06-05,ERP,BrightStock Sphere,+17798754539,info@brightstocksphere.com,https://www.brightstocksphere.com,401,Pune,IN,2026-06-05 02:00:20
2026-06-05,Medical,ClearHealthSolutions,+19644605688,contact@clearhealthsolutions.com,https://www.clearhealthsolutions.com,17,Munich,DE,2026-06-05 05:09:58
2026-06-05,HR,Atlas PerformSphere,4205801663,contact@atlasperformsphere.io,https://atlasperformsphere.io,58,Seattle,US,2026-06-05 04:52:53
2026-06-05,LMS,BrightMentorSphere,(704) 605-9501,contact@brightmentorsphere.com,brightmentorsphere.com,N/A,Atlanta,US,2026-06-05 01:29:36
2026-06-05,HR,DeltaCulture Systems,+14398157507,contact@deltaculturesystems.com,https://www.deltaculturesystems.com,24,Bengaluru,IN,2026-06-05 04:23:47
2026-06-05,ERP,NovaFinSystéms,6187161291,null,https://www.novafinsystems.com,126,Atlanta,US,2026-06-05 04:22:30
2026-06-05,ERP,BoldChainTech,207.875.8003,info@boldchaintech.com,https://www.boldchaintech.com,130,Denver,US,2026-06-05 01:52:49
2026-06-05,ERP,JuniperPlan Solutions,+1 (489) 453-0607,hello@juniperplansolutions.com,https://juniperplansolutions.com,252,Boston,US,2026-06-05 05:23:27
2026-06-05,HR,UmbraRoster Sync,6304231698,contact@umbrarostersync.net,umbrarostersync.net,495,Bengaluru,IN,2026-06-05 06:20:41
2026-06-05,HR,Quantum PeopleSystems,6424551991,sales@quantumpeoplesystems.com,https://www.quantumpeoplesystems.com,66,Austin,US,2026-06-05 04:36:38
2026-06-05,LMS,RapidSkill Dynamics,743.974.5394,hello@rapidskilldynamics.co,https://www.rapidskilldynamics.co,370,Dublin,IE,2026-06-05 04:03:04
2026-06-05,ERP,MetaLedger Dynamics,(777) 849-6667,hello@metaledgerdynamics.net,https://www.metaledgerdynamics.net,-,Chicago,US,2026-06-05 03:39:16
2026-06-05,LMS,Apex CourseBase,944-777-4196,N/A,https://apexcoursebase.com,195,N/A,US,2026-06-05 03:49:41
2026-06-05,Legal,Bold CounselCloud,1-285-753-9144,hello@boldcounselcloud.io,https://www.boldcounselcloud.io,482,Phoenix,US,2026-06-05 02:29:38
2026-06-05,ERP,TidalOps Logic,+1 (225) 707-5106,contact@tidalopslogic.io,https://www.tidalopslogic.io,20,Columbus,US,2026-06-05 06:48:12
2026-06-05,Medical,IndigoPatientSoft,571-881-1007,sales@indigopatientsoft.com,https://www.indigopatientsoft.com,44,Raleigh,US,2026-06-05 01:44:22
2026-06-05,LMS,AnchorTutor Cloud,+1 (366) 652-4639,info@anchortutorcloud.net,https://www.anchortutorcloud.net,971,Austin,US,2026-06-05 06:05:41
2026-06-05,HR,Meta Onboard Consulting Group,1-707-623-0921,sales@metaonboardconsultinggroup.com,https://www.metaonboardconsultinggroup.com,221,Leeds,UK,2026-06-05 05:51:04
2026-06-05,Legal,ZephyrVerdict Core,(243) 855-3022,hello@zephyrverdictcore.io,https://zephyrverdictcore.io,97,Phoenix,US,2026-06-05 04:29:16
2026-06-05,ERP,Arch Chain Outsourcing,863-423-6594,sales@archchainoutsourcing.com,https://www.archchainoutsourcing.com,321,Columbus,US,2026-06-05 03:30:31
2026-06-05,MSP Platform,LatticeNodeHub,(615) 247-9492,hello@latticenodehub.com,https://latticenodehub.com,0,Singapore,SG,2026-06-05 02:02:50
2026-06-05,MSP Platform,Falcon MonitorSync,843-608-5723,info@falconmonitorsync.com,https://www.falconmonitorsync.com,976,Leeds,UK,2026-06-05 05:46:39
2026-06-05,HR,True TalentWorks,724.635.2587,hello@truetalentworks.com,https://www.truetalentworks.com,68,Seattle,US,2026-06-05 05:35:44
2026-06-05,MSP Platform,Nimbus MonitorWorks,08202107057,hello@nimbusmonitorworks.com,https://www.nimbusmonitorworks.com,15,Phoenix,US,2026-06-05 06:59:54
2026-06-05,HR,Apex TeamPoint,(506) 274-0436,info@apexteampoint.com,https://apexteampoint.com,447,Atlanta,US,2026-06-05 04:51:43
2026-06-05,Medical,NorthClinicPlatform,1-980-849-8816,sales@northclinicplatform.com,https://www.northclinicplatform.com,167,Denver,US,2026-06-05 01:00:53
2026-06-05,MSP Platform,Raven GridSphere,220-486-5092,hello@ravengridsphere.com,https://ravengridsphere.com,497,Melbourne,AU,2026-06-05 05:46:03
2026-06-05,LMS,IronMentor App,+1 (902) 882-8886,sales@ironmentorapp.com,https://ironmentorapp.com,334,Columbus,US,2026-06-05 04:02:57
2026-06-05,Medical,IndigoTriageDynamics,691.574.1065,info@indigotriagedynamics.io,https://www.indigotriagedynamics.io,42,Phoenix,US,2026-06-05 02:28:33
2026-06-05,MSP Platform,MetaMonitorSystems,6505450676,info@metamonitorsystems.com,https://www.metamonitorsystems.com,547,Denver,US,2026-06-05 06:46:16
2026-06-05,MSP Platform,SilverStackSystems,3076164146,info@silverstacksystems.io,https://www.silverstacksystems.io,240,Amsterdam,NL,2026-06-05 02:50:24
2026-06-05,ERP,OrbitOpsCloud,(728) 571-5942,hello@orbitopscloud.com,https://orbitopscloud.com,16,Munich,DE,2026-06-05 06:45:58
2026-06-05,LMS,Nova PathPoint,+1 (720) 866-2857,info@novapathpoint.io,https://www.novapathpoint.io,344,Denver,US,2026-06-05 06:21:28
2026-06-05,HR,TrueOnboardCore,926-609-2482,hello@trueonboardcore.com,https://www.trueonboardcore.com,347,Tampa,US,2026-06-05 04:25:43
2026-06-05,Medical,QuantumPatientApp,686-470-3580,info@quantumpatientapp.com,https://www.quantumpatientapp.com,48,Vancouver,CA,2026-06-05 03:52:03
2026-06-05,ERP,CrownOrder Sphere,+15204543194,contact@crownordersphere.io,https://www.crownordersphere.io,80,Austin,US,2026-06-05 05:40:20
2026-06-05,ERP,BoldChainLogic,989-416-6904,sales@boldchainlogic.co,boldchainlogic.co,5,Atlanta,US,2026-06-05 06:27:57
2026-06-05,ERP,PolarisOrder Platform,624.238.3488,hello@polarisorderplatform.com,https://www.polarisorderplatform.com,9,Austin,US,2026-06-05 06:00:09
2026-06-05,MSP Platform,ClearGridFlow,642-977-6297,contact@cleargridflow.io,https://www.cleargridflow.io,19,Columbus,US,2026-06-05 01:20:20
2026-06-05,Medical,FusionMed Dynamics,671.936.3875,hello@fusionmeddynamics.net,https://fusionmeddynamics.net,12,Atlanta,US,2026-06-05 05:58:22
2026-06-05,Legal,SummitCase Platform,258-833-9468,info@summitcaseplatform.com,https://www.summitcaseplatform.com,20,Manchester,UK,2026-06-05 04:33:07
2026-06-05,Legal,AltaMatter Solutions,(951) 896-8352,sales@altamattersolutions.net,https://www.altamattersolutions.net,568,Calgary,CA,2026-06-05 01:49:02
2026-06-05,Medical,Granite CareSolutions,949-240-0804,,https://granitecaresolutions.net,19,Sydney,AU,2026-06-05 06:23:42
2026-06-05,Medical,AnchorVital Core,+19226967282,info@anchorvitalcore.com,anchorvitalcore.com,3058,Denver,US,2026-06-05 02:57:22
2026-06-05,Medical,ArchVital Soft,(354) 611-0436,contact@archvitalsoft.com,https://www.archvitalsoft.com,78,Boston,US,2026-06-05 06:45:28
2026-06-05,HR,SummitOnboardTech,695.807.8025,info@summitonboardtech.com,summitonboardtech.com,722,Raleigh,US,2026-06-05 04:32:24
2026-06-05,HR,Pioneer TalentBase,(223) 684-5408,hello@pioneertalentbase.co,https://pioneertalentbase.co,16,Tampa,US,2026-06-05 04:40:23
2026-06-05,Medical,IndigoCareLogic,+19493005237,hello@indigocarelogic.com,https://www.indigocarelogic.com,15,Chicago,US,2026-06-05 04:15:37
2026-06-05,Medical,Bold HealthSolutions,7008476070,info@boldhealthsolutions.com,boldhealthsolutions.com,188,Melbourne,AU,2026-06-05 05:54:31
2026-06-05,ERP,VistaForge Logic,+18817356903,contact@vistaforgelogic.co,https://www.vistaforgelogic.co,7,Seattle,US,2026-06-05 01:55:09
2026-06-05,ERP,SilverStock Sphere,1-384-357-0183 ext. 55,contact@silverstocksphere.com,https://silverstocksphere.com,18,Tampa,US,2026-06-05 02:23:36
2026-06-05,ERP,RidgeOrderSoft,(432) 244-5257,hello@ridgeordersoft.com,https://www.ridgeordersoft.com,45,Melbourne,AU,2026-06-05 06:18:22
2026-06-05,Legal,JuniperVerdict Flow,753-513-8279,info@juniperverdictflow.com,juniperverdictflow.com,17,Tampa,US,2026-06-05 02:27:39
2026-06-05,HR,HaloTeam Point,1-534-914-2623,info@haloteampoint.co,haloteampoint.co,4654,Tampa,US,2026-06-05 05:43:12
2026-06-05,Medical,Rapid MedWorks,(616) 755-1794,sales@rapidmedworks.io,https://rapidmedworks.io,48,Melbourne,AU,2026-06-05 03:11:58
2026-06-05,Medical,AnchorChart Sphere,(681) 851-8334,sales@anchorchartsphere.io,https://www.anchorchartsphere.io,921,Sydney,AU,2026-06-05 03:04:39
2026-06-05,ERP,TrueForge Solutions,8888708034,contact@trueforgesolutions.com,https://trueforgesolutions.com,19,Raleigh,US,2026-06-05 06:47:59
2026-06-05,Medical,ZephyrRxCore,1-615-411-9961,hello@zephyrrxcore.com,https://zephyrrxcore.com,33,Chicago,US,2026-06-05 05:38:23
2026-06-05,Legal,Orbit LawApp,(922) 564-5760,hello@orbitlawapp.com,https://www.orbitlawapp.com,60,Seattle,US,2026-06-05 04:58:05
2026-06-05,HR,Delta PeoplePlatform,716.869.6763 ext. 60,hello@deltapeopleplatform.io,https://www.deltapeopleplatform.io,13,Atlanta,US,2026-06-05 05:35:07
2026-06-05,LMS,GranitePath Base,664-899-4969,hello@granitepathbase.net,https://granitepathbase.net,172,Pune,IN,2026-06-05 05:13:47
2026-06-05,ERP,RapidChain Desk,438.204.5673,hello@rapidchaindesk.co,https://rapidchaindesk.co,516,Denver,US,2026-06-05 04:51:34
2026-06-05,Legal,Ridgeway MatterSolutions,9734652840,hello@ridgewaymattersolutions.net,https://www.ridgewaymattersolutions.net,34,Dublin,IE,2026-06-05 06:25:35
2026-06-05,ERP,GoldenForgeDesk,(710) 451-8018,hello@goldenforgedesk.com,https://www.goldenforgedesk.com,827,Lahore,PK,2026-06-05 04:53:56
2026-06-05,Medical,NovaMed Core,+13485870533,hello@novamedcore.com,https://www.novamedcore.com,17,Amsterdam,NL,2026-06-05 05:10:34
2026-06-05,HR,Zephyr TeamLogic,1-584-337-8614,info@zephyrteamlogic.com,https://zephyrteamlogic.com,45,Seattle,US,2026-06-05 02:27:25
2026-06-05,Medical,OnyxPatientApp,6012928114,info@onyxpatientapp.com,https://www.onyxpatientapp.com,17,Munich,DE,2026-06-05 05:38:59
2026-06-05,ERP,ApexOrderApp,258-886-6808,hello@apexorderapp.co,https://apexorderapp.co,11,London,UK,2026-06-05 06:38:51
2026-06-05,LMS,OmniMentorPlatform,605.250.9035,sales@omnimentorplatform.io,omnimentorplatform.io,532,Phoenix,US,2026-06-05 03:13:44
2026-06-05,Medical,PivotTriage Labs,917-228-3841,contact@pivottriagelabs.com,https://pivottriagelabs.com,18,Pune,IN,2026-06-05 01:17:33
2026-06-05,Legal,IronVerdictSphere,926.355.8942,hello@ironverdictsphere.io,https://ironverdictsphere.io,6,Chicago,US,2026-06-05 05:28:38
2026-06-05,HR,CrownPeopleSystems,938-901-7518,contact@crownpeoplesystems.com,https://www.crownpeoplesystems.com,8,Dublin,IE,2026-06-05 02:05:35
2026-06-05,ERP,RapidBatch Solutions,271.937.5853,info@rapidbatchsolutions.com,https://www.rapidbatchsolutions.com,35,Amsterdam,NL,2026-06-05 03:05:19
2026-06-05,MSP Platform,Granite NodeDesk,(412) 559-6418,contact@granitenodedesk.com,https://www.granitenodedesk.com,37,Atlanta,US,2026-06-05 03:31:17
2026-06-05,MSP Platform,FalconNetSync,+1 (768) 350-0679,hello@falconnetsync.com,https://www.falconnetsync.com,22,Calgary,CA,2026-06-05 03:56:26
2026-06-05,Medical,AtlasTriageSolutions,409-385-9148,hello@atlastriagesolutions.io,https://atlastriagesolutions.io,8,Seattle,US,2026-06-05 03:57:06
2026-06-05,LMS,Fusion CohortBase,409.937.7569,hello@fusioncohortbase.net,https://fusioncohortbase.net,1328,Berlin,DE,2026-06-05 06:09:48
2026-06-05,MSP Platform,BeaconMonitorFlow,(472) 860-3710,hello@beaconmonitorflow.com,https://www.beaconmonitorflow.com,94,Boston,US,2026-06-05 02:35:07
2026-06-05,ERP,BoldLedgerDesk,(240) 462-2208,contact@boldledgerdesk.io,https://boldledgerdesk.io,15,Chicago,US,2026-06-05 05:09:43
2026-06-05,Legal,HarborVerdict Hub,254-269-7008,hello@harborverdicthub.net,https://www.harborverdicthub.net,17,Columbus,US,2026-06-05 03:16:14
2026-06-05,MSP Platform,QuantumUptimeSync,+15532295931,sales@quantumuptimesync.io,https://www.quantumuptimesync.io,361,Munich,DE,2026-06-05 03:26:50
2026-06-05,Medical,Atlas RxDesk,814.233.0752,contact@atlasrxdesk.com,https://www.atlasrxdesk.com,10,Atlanta,US,2026-06-05 01:31:14
2026-06-05,MSP Platform,UmbraPatch Works,(730) 951-6885,hello@umbrapatchworks.com,https://www.umbrapatchworks.com,807,Tampa,US,2026-06-05 03:08:27
2026-06-05,ERP,QuartzResourceTech,743-776-2259,contact@quartzresourcetech.com,https://www.quartzresourcetech.com,2050,Hyderabad,IN,2026-06-05 01:01:36
2026-06-05,Legal,RapidLaw Sphere,629-441-4824,hello@rapidlawsphere.com,https://www.rapidlawsphere.com,558,Atlanta,US,2026-06-05 05:23:36
2026-06-05,HR,ArchPerform Works,601.461.9825,sales@archperformworks.com,archperformworks.com,5,Denver,US,2026-06-05 06:59:07
2026-06-05,LMS,Pioneer CourseWorks,+1 (291) 425-6400,sales@pioneercourseworks.io,https://pioneercourseworks.io,1933,Vancouver,CA,2026-06-05 05:11:55
2026-06-05,Medical,VistaPatient Sphere,985.959.3731,sales@vistapatientsphere.com,https://vistapatientsphere.com,45,Raleigh,US,2026-06-05 03:49:36
2026-06-05,LMS,RavenLearn Labs,09734057827 ext. 68,info@ravenlearnlabs.io,https://www.ravenlearnlabs.io,31,Tampa,US,2026-06-05 05:45:02
2026-06-05,HR,Vista PeopleSync,+17809502289,sales@vistapeoplesync.com,https://vistapeoplesync.com,445,Chicago,US,2026-06-05 01:12:52
2026-06-05,ERP,BeaconFin Works,08575243837,contact@beaconfinworks.co,https://www.beaconfinworks.co,31,Atlanta,US,2026-06-05 05:46:36
2026-06-05,ERP,VeloForge Suite,(598) 388-5676,hello@veloforgesuite.com,https://www.veloforgesuite.com,174,Tampa,US,2026-06-05 03:22:49
2026-06-05,MSP Platform,VeloNetWorks,08042659040 ext. 36,sales@velonetworks.com,https://www.velonetworks.com,87,Seattle,US,2026-06-05 01:40:30
2026-06-05,Medical,SolidRxBase,+1 (243) 627-3494,hello@solidrxbase.io,https://solidrxbase.io,969,Tampa,US,2026-06-05 03:05:50
2026-06-05,MSP Platform,Vista NodeFlow,(457) 753-1201,info@vistanodeflow.com,https://www.vistanodeflow.com,895,Phoenix,US,2026-06-05 05:09:30
2026-06-05,ERP,Rapid LedgerSoft,+18447977965,sales@rapidledgersoft.com,https://rapidledgersoft.com,43,Phoenix,US,2026-06-05 04:19:42
2026-06-05,Medical,DeltaCareDesk,+16788252219,hello@deltacaredesk.com,https://www.deltacaredesk.com,42,Columbus,US,2026-06-05 01:38:26
2026-06-05,Legal,LatticeCompli Tech,608-342-3809,contact@latticecomplitech.com,https://www.latticecomplitech.com,196,Denver,US,2026-06-05 05:55:39
2026-06-05,MSP Platform,VertexPatch App,490-309-2832,sales@vertexpatchapp.com,https://vertexpatchapp.com,26,London,UK,2026-06-05 04:49:19
2026-06-05,HR,PolarisPeople Tech,1-732-281-4695,sales@polarispeopletech.com,https://www.polarispeopletech.com,17,Amsterdam,NL,2026-06-05 05:30:08
2026-06-05,HR,Ember PayrollApp,+1 (571) 573-9195,sales@emberpayrollapp.com,https://emberpayrollapp.com,717,Tampa,US,2026-06-05 05:32:59
2026-06-05,MSP Platform,AnchorStackSphere,(347) 442-4141,hello@anchorstacksphere.io,https://www.anchorstacksphere.io,287,Dublin,IE,2026-06-05 04:20:28
2026-06-05,Medical,Zen Med Talent Agency,(856) 665-7922,info@zenmedtalentagency.com,https://www.zenmedtalentagency.com,45,Tampa,US,2026-06-05 06:21:10
2026-06-05,HR,GranitéTeam Point,+17787234780,contact@graniteteampoint.com,https://graniteteampoint.com,37,Dublin,IE,2026-06-05 01:38:54
2026-06-05,MSP Platform,IronStack Sync,1-664-585-6072,sales@ironstacksync.com,https://www.ironstacksync.com,207,Phoenix,US,2026-06-05 03:57:53
2026-06-05,HR,Cobalt BenefitLogic,+16764401519,contact@cobaltbenefitlogic.co,https://www.cobaltbenefitlogic.co,50,Chicago,US,2026-06-05 01:11:32
2026-06-05,Medical,Umbra PulseCore,+13369909670,hello@umbrapulsecore.com,https://umbrapulsecore.com,27,Vancouver,CA,2026-06-05 02:50:30
2026-06-05,LMS,BlueLessonSphere,2064249362,sales@bluelessonsphere.io,bluelessonsphere.io,454,Columbus,US,2026-06-05 03:15:26
2026-06-05,LMS,Nova PatchTech,872-658-3004,info@novapatchtech.io,https://www.novapatchtech.io,651,Phoenix,US,2026-06-05 03:18:09
2026-06-05,MSP Platform,AtlasNodeApp,659-412-1163,contact@atlasnodeapp.com,https://www.atlasnodeapp.com,309,Leeds,UK,2026-06-05 03:04:29
2026-06-05,Medical,Raven Clinic Outsourcing,(625) 803-2148,contact@ravenclinicoutsourcing.com,https://www.ravenclinicoutsourcing.com,4531,Dublin,IE,2026-06-05 01:56:08
2026-06-05,Legal,ApexLawPlatform,(332) 490-5533,info@apexlawplatform.com,https://www.apexlawplatform.com,39,Austin,US,2026-06-05 01:07:37
2026-06-05,Legal,CrestCompliPlatform,1-535-967-9874,hello@crestcompliplatform.co,https://www.crestcompliplatform.co,8,Denver,US,2026-06-05 06:22:36
2026-06-05,ERP,ClearStock Works,(490) 329-9583,hello@clearstockworks.com,clearstockworks.com,23,Raleigh,US,2026-06-05 04:52:16
2026-06-05,Medical,Quantum TriageApp,(851) 650-7864,sales@quantumtriageapp.io,https://www.quantumtriageapp.io,145,Raleigh,US,2026-06-05 06:55:39
2026-06-05,MSP Platform,TidalUptiméPoint,7867799146,hello@tidaluptimepoint.com,https://www.tidaluptimepoint.com,366,Austin,US,2026-06-05 04:38:41
2026-06-05,Legal,Silver DocketCloud,(471) 372-4563,info@silverdocketcloud.net,https://www.silverdocketcloud.net,97,Manchester,UK,2026-06-05 05:11:13
2026-06-05,MSP Platform,OmniGrid Works,892.418.6530,hello@omnigridworks.co,https://omnigridworks.co,720,Karachi,PK,2026-06-05 04:15:20
2026-06-05,MSP Platform,North StackFlow,(282) 461-3086,sales@northstackflow.com,northstackflow.com,null,Austin,US,2026-06-05 01:52:44
2026-06-05,HR,CedarTalent Soft,(803) 330-0940,hello@cedartalentsoft.com,https://www.cedartalentsoft.com,152,Hyderabad,IN,2026-06-05 04:22:59
2026-06-05,Medical,LumenPulseCore,(490) 366-9917,sales@lumenpulsecore.io,lumenpulsecore.io,17,London,UK,2026-06-05 01:57:12
2026-06-05,ERP,AnchorChain Core,208-330-5522,sales@anchorchaincore.io,https://www.anchorchaincore.io,36,Karachi,PK,2026-06-05 06:07:48
2026-06-05,ERP,Cobalt PlanTech,1-504-838-1878,sales@cobaltplantech.net,https://www.cobaltplantech.net,639,Chicago,US,2026-06-05 02:53:33
2026-06-05,MSP Platform,KeystoneRemote Tech,+19475612332 ext. 45,contact@keystoneremotetech.net,https://www.keystoneremotetech.net,238,Berlin,DE,2026-06-05 04:18:39
2026-06-05,MSP Platform,ZephyrMonitor Base,+19647933971,contact@zephyrmonitorbase.com,https://www.zephyrmonitorbase.com,50,Sydney,AU,2026-06-05 06:25:17
2026-06-05,MSP Platform,WillowRemote Sync,+1 (323) 229-2074,info@willowremotesync.com,https://www.willowremotesync.com,3215,Atlanta,US,2026-06-05 02:39:28
2026-06-05,Medical,Lattice MedDesk,+18065867110,sales@latticemeddesk.io,https://latticemeddesk.io,40,Chicago,US,2026-06-05 03:27:00
2026-06-05,Medical,True Patient Manpower Services,+17638387149,contact@truepatientmanpowerservices.com,https://www.truepatientmanpowerservices.com,2957,Phoenix,US,2026-06-05 02:43:58
2026-06-05,Medical,NovaChart Systems,605-784-9941,info@novachartsystems.io,https://novachartsystems.io,36,Boston,US,2026-06-05 06:23:49
2026-06-05,MSP Platform,Xenon Stack Consulting Group,728-902-0782,sales@xenonstackconsultinggroup.com,https://www.xenonstackconsultinggroup.com,13,Raleigh,US,2026-06-05 06:45:34
2026-06-05,ERP,Halo ResourcePlatform,224-453-4651,info@haloresourceplatform.com,https://www.haloresourceplatform.com,13,Tampa,US,2026-06-05 03:54:08
2026-06-05,MSP Platform,Pivot StackApp,732-951-7816,contact@pivotstackapp.co,https://www.pivotstackapp.co,114,London,UK,2026-06-05 01:07:14
2026-06-05,Legal,FalconDocket Sphere,705.654.7670,hello@falcondocketsphere.com,https://www.falcondocketsphere.com,56,Bengaluru,IN,2026-06-05 06:44:22
2026-06-05,HR,BluePerformFlow,(897) 305-1146,contact@blueperformflow.io,blueperformflow.io,3713,Atlanta,US,2026-06-05 06:38:51
2026-06-05,MSP Platform,CrestEndpoint Labs,335-969-8932,hello@crestendpointlabs.com,https://www.crestendpointlabs.com,18,Leeds,UK,2026-06-05 04:21:01
2026-06-05,Medical,ArchPulse Logic,+1 (815) 293-0611,info@archpulselogic.com,https://www.archpulselogic.com,1441,-,US,2026-06-05 04:58:46
2026-06-05,HR,RidgewayCultureSync,+1 (787) 981-8609,info@ridgewayculturesync.com,https://ridgewayculturesync.com,12,Vancouver,CA,2026-06-05 01:30:30
2026-06-05,ERP,WillowForgeSphere,6809405353,contact@willowforgesphere.com,https://willowforgesphere.com,61,Raleigh,US,2026-06-05 05:30:40
2026-06-05,Medical,BeaconVital Suite,(802) 485-3214,sales@beaconvitalsuite.io,https://www.beaconvitalsuite.io,31,Singapore,SG,2026-06-05 04:55:51
2026-06-05,Legal,EmberMatterLabs’s,(682) 445-5521,info@embermatterlabs.com,https://www.embermatterlabs.com,20,Atlanta,US,2026-06-05 06:54:29
2026-06-05,HR,TrueShiftPlatform,+1 (694) 822-3663,info@trueshiftplatform.net,https://trueshiftplatform.net,17,Munich,DE,2026-06-05 04:14:33
2026-06-05,MSP Platform,LatticeNode Soft,1-741-591-2454,hello@latticenodesoft.io,https://www.latticenodesoft.io,30,Phoenix,US,2026-06-05 01:43:51
2026-06-05,Legal,BoldClause Cloud,(355) 844-0595,sales@boldclausecloud.com,https://www.boldclausecloud.com,433,Sydney,AU,2026-06-05 04:49:18
2026-06-05,Medical,CobaltPatientBase,8786644580,hello@cobaltpatientbase.com,cobaltpatientbase.com,226,Columbus,US,2026-06-05 04:05:28
2026-06-05,MSP Platform,CobaltTicketCloud,05457458607,sales@cobaltticketcloud.com,https://www.cobaltticketcloud.com,1392,Vancouver,CA,2026-06-05 06:04:24
2026-06-05,ERP,RidgeOpsFlow,1-323-238-1876,info@ridgeopsflow.com,https://ridgeopsflow.com,95,Atlanta,US,2026-06-05 06:59:54
2026-06-05,HR,Delta BenefitPlatform,690.555.7777,sales@deltabenefitplatform.com,deltabenefitplatform.com,131,Pune,IN,2026-06-05 03:26:17
2026-06-05,ERP,Lumen OrderHub,819.682.0750,contact@lumenorderhub.com,https://www.lumenorderhub.com,8,Vancouver,CA,2026-06-05 01:02:27
2026-06-05,Legal,OrbitCompli Cloud,+15176442599,contact@orbitcomplicloud.com,orbitcomplicloud.com,4212,Amsterdam,NL,2026-06-05 06:23:04
2026-06-05,HR,NorthTeam App,246.340.1758,hello@northteamapp.com,https://www.northteamapp.com,14,Atlanta,US,2026-06-05 05:41:33
2026-06-05,Legal,PolarisClauseSuite,274.847.6844,hello@polarisclausesuite.net,https://polarisclausesuite.net,59,Austin,US,2026-06-05 02:07:23
2026-06-05,MSP Platform,ZenGrid Solutions,(556) 252-2686,contact@zengridsolutions.com,https://zengridsolutions.com,448,Phoenix,US,2026-06-05 02:54:39
2026-06-05,MSP Platform,Xenon StackSphere,3968307456,sales@xenonstacksphere.com,https://www.xenonstacksphere.com,171,Columbus,US,2026-06-05 03:50:53
2026-06-05,Medical,MetaPatientLogic,545.333.5399 ext. 6,info@metapatientlogic.com,https://metapatientlogic.com,56,Sydney,AU,2026-06-05 01:23:39
2026-06-05,Medical,GraniteCareDesk,+13433978446 ext. 41,contact@granitecaredesk.io,https://www.granitecaredesk.io,68,Lahore,PK,2026-06-05 05:14:52
2026-06-05,Medical,WillowHealthWorks,9347814889,contact@willowhealthworks.io,willowhealthworks.io,12,Phoenix,US,2026-06-05 06:44:24
2026-06-05,Medical,Iron PulseLabs,(368) 884-0718,sales@ironpulselabs.com,https://www.ironpulselabs.com,497,Columbus,US,2026-06-05 01:15:45
2026-06-05,MSP Platform,HaloNetHub,+19533467093,contact@halonethub.com,https://www.halonethub.com,89,Tampa,US,2026-06-05 02:00:43
2026-06-05,ERP,FalconChainPlatform,668-833-3088,contact@falconchainplatform.com,https://www.falconchainplatform.com,13,Atlanta,US,2026-06-05 04:35:07
2026-06-05,ERP,NorthForgeHub,(856) 496-9243,info@northforgehub.co,https://www.northforgehub.co,358,Phoenix,US,2026-06-05 06:15:49
2026-06-05,Legal,PolarisClauseDynamics,880-999-8520,info@polarisclausedynamics.com,https://www.polarisclausedynamics.com,738,Columbus,US,2026-06-05 05:05:27
2026-06-05,ERP,Halo LedgerSolutions,1-724-562-9298,sales@haloledgersolutions.io,https://haloledgersolutions.io,N/A,Phoenix,US,2026-06-05 03:12:05
2026-06-05,Medical,SilverTriage Sphere,844.250.1269,hello@silvertriagesphere.net,https://www.silvertriagesphere.net,18,Phoenix,US,2026-06-05 01:21:18
2026-06-05,Medical,RapidTriageSync,216.285.2486,sales@rapidtriagesync.net,rapidtriagesync.net,184,Boston,US,2026-06-05 02:22:00
2026-06-05,HR,Iron ShiftPoint,804-883-2137,hello@ironshiftpoint.com,https://ironshiftpoint.com,43,Seattle,US,2026-06-05 01:04:33
2026-06-05,Legal,AltaBrief App,938-519-3796,-,https://www.altabriefapp.com,91,Toronto,CA,2026-06-05 06:05:50
2026-06-05,HR,Anchor TeamHub,238-529-9068,hello@anchorteamhub.com,https://anchorteamhub.com,12,Atlanta,US,2026-06-05 05:09:08
2026-06-05,Legal,Atlas VerdictSolutions,8334850317,sales@atlasverdictsolutions.com,https://www.atlasverdictsolutions.com,47,Manchester,UK,2026-06-05 01:25:45
2026-06-05,HR,VertexPerformSphere,740.941.2009,info@vertexperformsphere.net,https://www.vertexperformsphere.net,197,Phoenix,US,2026-06-05 01:02:40
2026-06-05,LMS,FusionLearnSphere,4797252498,sales@fusionlearnsphere.com,https://www.fusionlearnsphere.com,5,Dublin,IE,2026-06-05 06:44:36
2026-06-05,MSP Platform,NimbusTicket Solutions,+14422670306 ext. 17,hello@nimbusticketsolutions.net,https://nimbusticketsolutions.net,6,Raleigh,US,2026-06-05 02:24:30
2026-06-05,Legal,Tidal CounselSync,(908) 366-0118,hello@tidalcounselsync.com,https://www.tidalcounselsync.com,6,Manchester,UK,2026-06-05 05:59:31
2026-06-05,Medical,VeloVitalApp,(710) 646-8387,contact@velovitalapp.com,https://velovitalapp.com,414,Chicago,US,2026-06-05 02:27:46
2026-06-05,LMS,Falcon CohortDesk,+1 (358) 902-1642,contact@falconcohortdesk.co,https://www.falconcohortdesk.co,39,Toronto,CA,2026-06-05 04:28:40
2026-06-05,LMS,Prime CourseSoft,(489) 844-3394,info@primecoursesoft.com,https://primecoursesoft.com,82,Leeds,UK,2026-06-05 05:25:07
2026-06-05,LMS,Bright SkillCore,3829643491,contact@brightskillcore.io,https://www.brightskillcore.io,11,Raleigh,US,2026-06-05 04:11:03
2026-06-05,HR,Solid ShiftSync,706-529-6159,hello@solidshiftsync.com,https://solidshiftsync.com,18,Lahore,PK,2026-06-05 04:51:30
2026-06-05,ERP,EmberTriageSphere,(403) 533-5245,info@embertriagesphere.io,https://www.embertriagesphere.io,437,Seattle,US,2026-06-05 03:21:24
2026-06-05,HR,VistaTeam Platform,1-764-637-2067,hello@vistateamplatform.com,https://vistateamplatform.com,8,Raleigh,US,2026-06-05 01:43:11
2026-06-05,MSP Platform,SolidPatch Dynamics,886-314-1598,contact@solidpatchdynamics.com,https://www.solidpatchdynamics.com,24,Phoenix,US,2026-06-05 01:21:09
2026-06-05,HR,AltaRoster Platform,8385734608,contact@altarosterplatform.com,https://www.altarosterplatform.com,31,Denver,US,2026-06-05 05:51:23
2026-06-05,Legal,Clear BriefSync,(618) 815-4374,sales@clearbriefsync.com,https://www.clearbriefsync.com,78,London,UK,2026-06-05 05:21:52
2026-06-05,Legal,HarborCounselSync,949.612.0932,sales@harborcounselsync.io,https://www.harborcounselsync.io,122,Vancouver,CA,2026-06-05 05:11:05
2026-06-05,LMS,Nimbus MentorSphere,+18316822020,sales@nimbusmentorsphere.io,https://www.nimbusmentorsphere.io,16,Raleigh,US,2026-06-05 01:24:25
2026-06-05,MSP Platform,Polaris RemoteSuite,1-219-707-7160,info@polarisremotesuite.io,https://www.polarisremotesuite.io,880,Pune,IN,2026-06-05 01:49:45
2026-06-05,ERP,Crest ResourceDynamics,1-965-330-3131,info@crestresourcedynamics.com,https://www.crestresourcedynamics.com,6,Atlanta,US,2026-06-05 04:08:28
2026-06-05,Medical,Zephyr HealthSolutions,661-458-6013,,https://www.zephyrhealthsolutions.co,678,Phoenix,US,2026-06-05 06:19:32
2026-06-05,MSP Platform,ZenNet Systems,713.853.6781,contact@zennetsystems.com,https://www.zennetsystems.com,12,Dublin,IE,2026-06-05 06:48:13
2026-06-05,ERP,BeaconForge Sphere,322-540-7400,sales@beaconforgesphere.io,https://www.beaconforgesphere.io,7,Phoenix,US,2026-06-05 05:35:14
2026-06-05,ERP,MetaFin Labs,1-382-307-5187,hello@metafinlabs.net,https://www.metafinlabs.net,25,Chicago,US,2026-06-05 04:33:48
2026-06-05,Medical,TrueChart Suite,(220) 461-2348 ext. 59,contact@truechartsuite.com,https://truechartsuite.com,,Phoenix,US,2026-06-05 04:38:06
2026-06-05,HR,BlueOnboardHub,+12917261264,info@blueonboardhub.co,https://www.blueonboardhub.co,34,Austin,US,2026-06-05 06:56:01
2026-06-05,HR,LatticePerform Platform,728-851-2142,info@latticeperformplatform.co,https://latticeperformplatform.co,77,Seattle,US,2026-06-05 05:57:26
2026-06-05,LMS,VistaMentorApp,+18008705658,info@vistamentorapp.com,https://www.vistamentorapp.com,46,Bengaluru,IN,2026-06-05 01:32:56
2026-06-05,HR,XenonRosterCore,03477210824,contact@xenonrostercore.com,https://www.xenonrostercore.com,67,Manchester,UK,2026-06-05 04:23:59
2026-06-05,Legal,Golden CasePoint,590-587-5445,hello@goldencasepoint.com,goldencasepoint.com,46,Boston,US,2026-06-05 06:41:27
2026-06-05,MSP Platform,TidalNodeSoft,(704) 538-8253,info@tidalnodesoft.io,https://www.tidalnodesoft.io,46,Phoenix,US,2026-06-05 01:28:46
2026-06-05,MSP Platform,SummitUptime Systems,858-666-4559,contact@summituptimesystems.co,https://www.summituptimesystems.co,375,Tampa,US,2026-06-05 06:11:44
2026-06-05,HR,QuantumTalent Works,+1 (696) 883-3021,sales@quantumtalentworks.co,https://www.quantumtalentworks.co,14,Chicago,US,2026-06-05 06:55:27
2026-06-05,ERP,PivotForge Sphere,(608) 679-1513,,https://pivotforgesphere.com,923,Leeds,UK,2026-06-05 04:36:28
2026-06-05,Medical,BoldClinicSystems,429-547-7403,sales@boldclinicsystems.io,https://www.boldclinicsystems.io,408,Singapore,SG,2026-06-05 06:49:42
2026-06-05,ERP,Juniper StockPoint,08596601608,info@juniperstockpoint.net,https://www.juniperstockpoint.net,18,Islamabad,PK,2026-06-05 04:54:01
2026-06-05,HR,SilverOnboard App,+13476764218,sales@silveronboardapp.com,https://www.silveronboardapp.com,33,Raleigh,US,2026-06-05 01:26:20
2026-06-05,MSP Platform,Vista EndpointSync,538-836-1125,hello@vistaendpointsync.com,https://vistaendpointsync.com,31,Dublin,IE,2026-06-05 05:41:03
2026-06-05,LMS,TidalQuiz App,+1 (293) 530-7559,hello@tidalquizapp.io,https://www.tidalquizapp.io,323,Tampa,US,2026-06-05 03:29:33
2026-06-05,Medical,VistaPatientSolutions,1-887-584-5887,info@vistapatientsolutions.com,https://www.vistapatientsolutions.com,5,Boston,US,2026-06-05 03:08:25
2026-06-05,HR,SolidOnboardBase,228-641-6966,info@solidonboardbase.com,https://solidonboardbase.com,20,Raleigh,US,2026-06-05 02:51:35
2026-06-05,Medical,Lumen TriageSuite,862.695.8872,hello@lumentriagesuite.net,https://www.lumentriagesuite.net,240,Chicago,US,2026-06-05 03:30:26
2026-06-05,Medical,SummitRx Works,6398314016 ext. 69,info@summitrxworks.io,summitrxworks.io,330,Melbourne,AU,2026-06-05 03:21:07
2026-06-05,MSP Platform,DeltaGrid Hub,562.672.7239,info@deltagridhub.com,https://www.deltagridhub.com,36,Tampa,US,2026-06-05 01:09:51
2026-06-05,MSP Platform,RidgewayTicket Sphere,6252197771,contact@ridgewayticketsphere.co,https://ridgewayticketsphere.co,50,Tampa,US,2026-06-05 02:33:48
2026-06-05,Medical,BeaconClinic Soft,+1 (299) 784-7574,sales@beaconclinicsoft.io,https://beaconclinicsoft.io,46,Manchester,UK,2026-06-05 01:21:44
2026-06-05,Medical,Keystone TriageSoft,(382) 871-0201,sales@keystonetriagesoft.com,https://www.keystonetriagesoft.com,191,Denver,US,2026-06-05 04:07:46
2026-06-05,HR,ClearShift Sphere,09393768043,contact@clearshiftsphere.co,https://www.clearshiftsphere.co,104,Columbus,US,2026-06-05 02:29:18
2026-06-05,MSP Platform,Delta StackSolutions,505-846-2950,sales@deltastacksolutions.com,https://deltastacksolutions.com,9,Manchester,UK,2026-06-05 02:45:24
2026-06-05,ERP,Pivot ChainDynamics,386.542.4813,sales@pivotchaindynamics.net,https://www.pivotchaindynamics.net,30,Raleigh,US,2026-06-05 03:59:09
2026-06-05,Legal,Sable CaseApp,226-816-8390,hello@sablecaseapp.com,https://sablecaseapp.com,48,Tampa,US,2026-06-05 06:28:28
2026-06-05,HR,BluePayrollDynamics,03802268848 ext. 17,info@bluepayrolldynamics.com,https://bluepayrolldynamics.com,160,Boston,US,2026-06-05 01:36:17
2026-06-05,HR,GraniteTeamFlow,(904) 751-3341,info@graniteteamflow.com,https://www.graniteteamflow.com,29,Vancouver,CA,2026-06-05 06:21:10
2026-06-05,ERP,Golden ResourceHub,796.377.7535,sales@goldenresourcehub.io,https://goldenresourcehub.io,19,Atlanta,US,2026-06-05 01:45:34
2026-06-05,HR,Ridgeway CultureSuite,487.638.1597,-,https://www.ridgewayculturesuite.net,321,Atlanta,US,2026-06-05 02:57:56
2026-06-05,Medical,JuniperPulse App,(979) 819-0635,info@juniperpulseapp.net,https://www.juniperpulseapp.net,1171,Leeds,UK,2026-06-05 03:07:51
2026-06-05,Medical,MosaicVitalSoft,915.536.8774,hello@mosaicvitalsoft.com,https://www.mosaicvitalsoft.com,547,Berlin,DE,2026-06-05 06:50:57
2026-06-05,MSP Platform,Cedar NodeSolutions,(569) 333-3198,sales@cedarnodesolutions.com,cedarnodesolutions.com,null,Raleigh,US,2026-06-05 05:28:32
2026-06-05,HR,IronPayroll Core,3126044540,hello@ironpayrollcore.com,https://ironpayrollcore.com,110,Denver,US,2026-06-05 05:59:13
2026-06-05,ERP,QuartzFinHub,365-502-7834,hello@quartzfinhub.com,https://www.quartzfinhub.com,477,Chicago,US,2026-06-05 04:43:33
2026-06-05,ERP,LatticeChain Sphere,+13908107429,sales@latticechainsphere.io,https://latticechainsphere.io,1114,Munich,DE,2026-06-05 04:14:51
2026-06-05,ERP,BeaconLedger App,(490) 848-8818,contact@beaconledgerapp.co,https://www.beaconledgerapp.co,38,Munich,DE,2026-06-05 01:59:57
2026-06-05,ERP,ArchForge Sphere,(877) 962-2435,sales@archforgesphere.com,https://www.archforgesphere.com,895,Chicago,US,2026-06-05 01:29:52
2026-06-05,MSP Platform,Silver GridPlatform,1-227-699-0970,hello@silvergridplatform.com,https://www.silvergridplatform.com,8,Toronto,CA,2026-06-05 01:14:40
2026-06-05,HR,North OnboardHub,(684) 755-6532,contact@northonboardhub.net,https://www.northonboardhub.net,31,Vancouver,CA,2026-06-05 03:49:03
2026-06-05,Legal,NorthCounselHub,+14722320924,info@northcounselhub.com,northcounselhub.com,44,Singapore,SG,2026-06-05 06:40:03
2026-06-05,MSP Platform,CrownNode Suite,2528278649,sales@crownnodesuite.com,https://crownnodesuite.com,193,London,UK,2026-06-05 05:19:18
2026-06-05,Legal,Solid CounselHub,352-424-3605,hello@solidcounselhub.com,https://solidcounselhub.com,14,Lahore,PK,2026-06-05 04:59:32
2026-06-05,Medical,Pioneer CareSoft,1-853-723-9842,info@pioneercaresoft.com,https://www.pioneercaresoft.com,45,Pune,IN,2026-06-05 05:58:15
2026-06-05,ERP,Nimbus StockDesk,1-949-487-2100,hello@nimbusstockdesk.com,https://www.nimbusstockdesk.com,8,Melbourne,AU,2026-06-05 03:26:21
2026-06-05,HR,ZenTalentLabs,676-552-9774,info@zentalentlabs.com,https://zentalentlabs.com,18,Boston,US,2026-06-05 06:40:54
2026-06-05,ERP,QuantumFin Core,(245) 644-3749,contact@quantumfincore.com,https://quantumfincore.com,27,Tampa,US,2026-06-05 01:58:27
2026-06-05,Medical,OmniChart Sync,633.474.4325,sales@omnichartsync.com,https://www.omnichartsync.com,16,Atlanta,US,2026-06-05 04:16:46
2026-06-05,MSP Platform,UmbraEndpointDynamics,524.473.1806,info@umbraendpointdynamics.net,umbraendpointdynamics.net,227,Leeds,UK,2026-06-05 05:54:21
2026-06-05,HR,Bright CultureWorks,8445576390,sales@brightcultureworks.com,https://www.brightcultureworks.com,10,Raleigh,US,2026-06-05 05:09:45
2026-06-05,LMS,Golden Learn Talent Agency,977.900.4809,info@goldenlearntalentagency.io,https://www.goldenlearntalentagency.io,98,London,UK,2026-06-05 02:29:46
2026-06-05,Medical,IronVitalSystems Technologies Inc.,741.594.5759,info@ironvitalsystems.com,ironvitalsystems.com,266,Columbus,US,2026-06-05 03:45:19
2026-06-05,Medical,NovaCare Systems,5814870285,hello@novacaresystems.com,https://www.novacaresystems.com,219,Boston,US,2026-06-05 06:10:06
2026-06-05,Legal,SummitLawSuite,5753937792,N/A,https://www.summitlawsuite.com,76,Phoenix,US,2026-06-05 01:08:50
2026-06-05,Medical,BlueCare Systems,791-220-8538,hello@bluecaresystems.com,https://www.bluecaresystems.com,179,Leeds,UK,2026-06-05 06:27:44
2026-06-05,HR,DeltaRoster Platform,310.752.2802,,https://www.deltarosterplatform.co,73,Chicago,US,2026-06-05 03:42:09
2026-06-05,Medical,IndigoPulseBase,385.938.9496,hello@indigopulsebase.com,https://indigopulsebase.com,148,Calgary,CA,2026-06-05 02:10:12
2026-06-05,HR,GraniteShiftPlatform,(697) 743-8976,info@graniteshiftplatform.com,https://graniteshiftplatform.com,62,Columbus,US,2026-06-05 05:19:33
2026-06-05,Medical,VistaPatient Dynamics,(585) 759-2934,contact@vistapatientdynamics.com,https://vistapatientdynamics.com,60,Seattle,US,2026-06-05 04:30:10
2026-06-05,HR,Ridgeway PerformBase,+19887593615,sales@ridgewayperformbase.io,ridgewayperformbase.io,995,Denver,US,2026-06-05 05:48:03
2026-06-05,MSP Platform,Xenon LearnFlow,941-668-5790,hello@xenonlearnflow.com,https://www.xenonlearnflow.com,327,Tampa,US,2026-06-05 01:17:34
2026-06-05,Legal,LatticeCaseDynamics,3328490113,info@latticecasedynamics.co,https://www.latticecasedynamics.co,472,Columbus,US,2026-06-05 05:49:08
2026-06-05,ERP,CedarFin Logic,914-913-2050,sales@cedarfinlogic.com,https://www.cedarfinlogic.com,716,Hyderabad,IN,2026-06-05 05:21:01
2026-06-05,Medical,ClearHealthBase,+13036339151 ext. 2,hello@clearhealthbase.co,https://www.clearhealthbase.co,46,Singapore,SG,2026-06-05 05:11:12
2026-06-05,ERP,Solid ForgeSphere,+19697797773,info@solidforgesphere.co,solidforgesphere.co,112,Phoenix,US,2026-06-05 04:14:55
2026-06-05,ERP,GoldenChain Platform,+12942367876,sales@goldenchainplatform.net,https://www.goldenchainplatform.net,28,Austin,US,2026-06-05 06:19:17
2026-06-05,MSP Platform,PrimeStack Flow,611-440-7125,sales@primestackflow.com,primestackflow.com,7,Phoenix,US,2026-06-05 02:33:12
2026-06-05,ERP,TidalBatchTech,(960) 904-6099,sales@tidalbatchtech.com,https://tidalbatchtech.com,7,Atlanta,US,2026-06-05 03:54:10
2026-06-05,Legal,CrownBrief Cloud,2657251224,contact@crownbriefcloud.io,https://www.crownbriefcloud.io,18,Austin,US,2026-06-05 03:33:52
2026-06-05,ERP,AtlasOrder Dynamics,(709) 508-4551,hello@atlasorderdynamics.net,https://atlasorderdynamics.net,75,Melbourne,AU,2026-06-05 02:50:04
2026-06-05,Medical,BrightTriageLogic,(571) 473-9863,info@brighttriagelogic.com,https://brighttriagelogic.com,39,Singapore,SG,2026-06-05 03:22:07
2026-06-05,Medical,GraniteTriage App,+16855737319,info@granitetriageapp.com,https://www.granitetriageapp.com,346,Atlanta,US,2026-06-05 02:54:40
2026-06-05,HR,Rapid OnboardFlow,796-560-5051,hello@rapidonboardflow.co,https://www.rapidonboardflow.co,19,Atlanta,US,2026-06-05 06:51:38
2026-06-05,HR,PivotTalentWorks’s,+17028341429,info@pivottalentworks.com,https://www.pivottalentworks.com,2521,Atlanta,US,2026-06-05 02:42:15
2026-06-05,Medical,Quartz Med Consultants,4957861221,hello@quartzmedconsultants.com,https://www.quartzmedconsultants.com,697,Tampa,US,2026-06-05 05:15:25
2026-06-05,Medical,JuniperVitalWorks,4955499364,-,https://www.junipervitalworks.com,831,London,UK,2026-06-05 06:32:31
2026-06-05,HR,Polaris PayrollSuite,+12246828162,hello@polarispayrollsuite.co,https://www.polarispayrollsuite.co,161,Boston,US,2026-06-05 02:11:07
2026-06-05,HR,OrbitPeople Systems,(831) 768-5836,hello@orbitpeoplesystems.com,https://www.orbitpeoplesystems.com,445,Denver,US,2026-06-05 02:28:28
2026-06-05,ERP,FalconLedger Core,752.323.4089 ext. 19,info@falconledgercore.com,https://www.falconledgercore.com,null,Atlanta,US,2026-06-05 02:52:14
2026-06-05,HR,TidalPerformCore,+17956175431,sales@tidalperformcore.io,https://tidalperformcore.io,-,Islamabad,PK,2026-06-05 06:40:20
2026-06-05,Medical,Pivot TriageCore,558-638-0494,hello@pivottriagecore.com,https://www.pivottriagecore.com,12,Vancouver,CA,2026-06-05 06:52:12
2026-06-05,Medical,RidgeMed Sphere,+18102698096,contact@ridgemedsphere.io,https://www.ridgemedsphere.io,533,Lahore,PK,2026-06-05 04:34:58
2026-06-05,HR,XenonTeamPlatform,535.206.9259 ext. 94,sales@xenonteamplatform.com,https://xenonteamplatform.com,242,Columbus,US,2026-06-05 02:20:42
2026-06-05,ERP,IronResourceCloud,+1 (669) 298-0660,sales@ironresourcecloud.com,ironresourcecloud.com,469,Atlanta,US,2026-06-05 04:27:31
2026-06-05,MSP Platform,SolidRemote Flow,(890) 886-4570,sales@solidremoteflow.net,https://www.solidremoteflow.net,4610,Raleigh,US,2026-06-05 01:17:41
2026-06-05,ERP,Beacon FinTech,6637658127,info@beaconfintech.com,https://beaconfintech.com,10,Calgary,CA,2026-06-05 03:56:09
2026-06-05,Medical,North VitalDesk,+15949857786 ext. 30,contact@northvitaldesk.com,https://northvitaldesk.com,167,Seattle,US,2026-06-05 01:46:54
2026-06-05,Medical,CorePulseCloud,(510) 294-4092,info@corepulsecloud.com,https://www.corepulsecloud.com,19,Melbourne,AU,2026-06-05 02:59:06
2026-06-05,ERP,Ridge OpsSphere,9129659123,contact@ridgeopssphere.com,https://ridgeopssphere.com,96,Calgary,CA,2026-06-05 02:38:43
2026-06-05,HR,Raven TalentCloud,(799) 969-3506,info@raventalentcloud.com,https://www.raventalentcloud.com,43,Columbus,US,2026-06-05 06:01:47
2026-06-05,LMS,Summit Mentor Talent Agency,(589) 477-5535,sales@summitmentortalentagency.net,https://summitmentortalentagency.net,10,Seattle,US,2026-06-05 06:50:46
2026-06-05,HR,AnchorOnboard Systems,(250) 651-1819,hello@anchoronboardsystems.com,https://www.anchoronboardsystems.com,12,Melbourne,AU,2026-06-05 05:27:35
2026-06-05,Medical,Delta MedDesk,+19137003922,info@deltameddesk.com,https://www.deltameddesk.com,2181,Vancouver,CA,2026-06-05 03:54:35
2026-06-05,MSP Platform,Harbor GridSync,1-332-824-1692,info@harborgridsync.com,harborgridsync.com,11,Atlanta,US,2026-06-05 01:24:53
2026-06-05,Medical,BrightTriageSystems,5517908128,hello@brighttriagesystems.com,https://www.brighttriagesystems.com,6,Phoenix,US,2026-06-05 05:51:44
2026-06-05,Medical,Tidal ClinicDesk,(300) 567-5602,info@tidalclinicdesk.io,https://tidalclinicdesk.io,55,Seattle,US,2026-06-05 04:22:19
2026-06-05,Legal,AnchorFiling Point,1-661-651-2861,contact@anchorfilingpoint.io,anchorfilingpoint.io,35,Manchester,UK,2026-06-05 03:37:31
2026-06-05,Medical,PolarisCareSoft,3332270787,info@polariscaresoft.com,https://www.polariscaresoft.com,140,Dublin,IE,2026-06-05 03:03:02
2026-06-05,ERP,Keystone Fin Recruiting,306-555-6221,hello@keystonefinrecruiting.net,https://keystonefinrecruiting.net,2202,London,UK,2026-06-05 05:49:53
2026-06-05,ERP,CedarLedger Solutions,(853) 582-6648,info@cedarledgersolutions.com,https://cedarledgersolutions.com,138,Karachi,PK,2026-06-05 02:14:44
2026-06-05,HR,Core PerformPoint,454-479-9357,sales@coreperformpoint.com,https://www.coreperformpoint.com,23,Seattle,US,2026-06-05 03:31:20
2026-06-05,ERP,CobaltRoster Logic,785-239-3047,contact@cobaltrosterlogic.com,https://www.cobaltrosterlogic.com,27,Amsterdam,NL,2026-06-05 03:04:51
2026-06-05,MSP Platform,GraniteEndpoint Solutions,+15063744034,contact@graniteendpointsolutions.io,https://graniteendpointsolutions.io,10,Boston,US,2026-06-05 04:51:40
2026-06-05,Medical,RidgeChart Soft,+18089665596,sales@ridgechartsoft.io,https://www.ridgechartsoft.io,60,Austin,US,2026-06-05 05:08:18
2026-06-05,Medical,Crown PatientSoft,1-819-758-5786,info@crownpatientsoft.io,https://crownpatientsoft.io,38,Toronto,CA,2026-06-05 05:19:25
2026-06-05,Medical,RidgePulsePoint,05568325943,contact@ridgepulsepoint.com,https://ridgepulsepoint.com,94,Raleigh,US,2026-06-05 01:08:50
2026-06-05,ERP,EmberChain Desk,2722510546 ext. 93,info@emberchaindesk.com,https://www.emberchaindesk.com,37,Raleigh,US,2026-06-05 03:10:47
2026-06-05,ERP,WillowOrderLogic,635.872.7027,hello@willoworderlogic.com,https://www.willoworderlogic.com,78,Tampa,US,2026-06-05 04:24:48
2026-06-05,Medical,CrownMedBase,+13824561003,sales@crownmedbase.com,https://www.crownmedbase.com,47,Berlin,DE,2026-06-05 02:08:20
2026-06-05,MSP Platform,OrbitRemoteSuite,701-887-7136 ext. 21,info@orbitremotesuite.co,https://www.orbitremotesuite.co,396,Atlanta,US,2026-06-05 04:01:17
2026-06-05,ERP,Cobalt LedgerTech,(956) 597-0432,contact@cobaltledgertech.io,https://www.cobaltledgertech.io,115,Denver,US,2026-06-05 03:08:35
2026-06-05,Medical,FalconMed Desk,+1 (887) 592-2295,contact@falconmeddesk.io,falconmeddesk.io,11,Denver,US,2026-06-05 03:07:22
2026-06-05,Medical,Sable VitalSync,+1 (826) 206-2294,contact@sablevitalsync.com,https://www.sablevitalsync.com,95,Denver,US,2026-06-05 06:12:38
2026-06-05,MSP Platform,Beacon Node BPO Services,832.516.2691,sales@beaconnodebposervices.com,https://beaconnodebposervices.com,24,Raleigh,US,2026-06-05 01:46:08
2026-06-05,ERP,Alta Forge Talent Agency,+18106146758,sales@altaforgetalentagency.com,https://altaforgetalentagency.com,4648,Denver,US,2026-06-05 05:25:54
2026-06-05,MSP Platform,PolarisGrid Dynamics,774-590-5031,info@polarisgriddynamics.com,https://www.polarisgriddynamics.com,16,Denver,US,2026-06-05 02:51:00
2026-06-05,MSP Platform,Atlas Node Recruiting,(279) 933-5264,sales@atlasnoderecruiting.io,https://www.atlasnoderecruiting.io,18,Raleigh,US,2026-06-05 01:58:29
2026-06-05,Legal,CrestDocketPlatform,+17557436290,sales@crestdocketplatform.com,https://www.crestdocketplatform.com,398,Bengaluru,IN,2026-06-05 06:13:06
2026-06-05,HR,LatticePeople Works,(920) 964-2384,info@latticepeopleworks.com,latticepeopleworks.com,35,London,UK,2026-06-05 05:24:18
2026-06-05,MSP Platform,AnchorEndpointFlow,1-244-670-2173,sales@anchorendpointflow.net,https://anchorendpointflow.net,34,Bengaluru,IN,2026-06-05 02:40:24
2026-06-05,Medical,RavenPulse Flow,(508) 919-3577 ext. 30,sales@ravenpulseflow.io,https://ravenpulseflow.io,485,-,IN,2026-06-05 04:48:49
2026-06-05,Medical,BrightRx Sync,+13914207654,contact@brightrxsync.com,https://www.brightrxsync.com,70,Raleigh,US,2026-06-05 01:29:37
2026-06-05,MSP Platform,RidgewayUptimeSphere,(962) 985-7855,info@ridgewayuptimesphere.com,https://ridgewayuptimesphere.com,249,Atlanta,US,2026-06-05 03:12:28
2026-06-05,Legal,OmniClause Dynamics,362-441-6497,info@omniclausedynamics.com,https://www.omniclausedynamics.com,84,Munich,DE,2026-06-05 06:12:13
2026-06-05,HR,LatticeShift Desk,831-313-2114,contact@latticeshiftdesk.co,https://www.latticeshiftdesk.co,421,Dublin,IE,2026-06-05 04:46:10
2026-06-05,HR,Blue PayrollLabs,+18189665108,sales@bluepayrolllabs.io,https://www.bluepayrolllabs.io,348,Atlanta,US,2026-06-05 04:29:27
2026-06-05,ERP,IronPlan Hub,9818695718,contact@ironplanhub.com,https://www.ironplanhub.com,2960,Columbus,US,2026-06-05 06:47:45
2026-06-05,ERP,BlueOrderSuite,966-540-6556,contact@blueordersuite.com,https://www.blueordersuite.com,203,Vancouver,CA,2026-06-05 05:02:30
2026-06-05,HR,FalconTalentLogic,8225932152,contact@falcontalentlogic.net,https://www.falcontalentlogic.net,233,Atlanta,US,2026-06-05 06:31:24
2026-06-05,Medical,ApexRx Tech,1-933-283-1661,hello@apexrxtech.com,https://apexrxtech.com,47,Amsterdam,NL,2026-06-05 03:25:25
2026-06-05,ERP,Apex PlanCloud,(827) 351-2823,contact@apexplancloud.com,https://apexplancloud.com,29,Boston,US,2026-06-05 03:11:44
2026-06-05,HR,Arch PerformDynamics,465.669.3020,info@archperformdynamics.com,https://www.archperformdynamics.com,95,Melbourne,AU,2026-06-05 06:40:34
2026-06-05,Medical,BrightMed Soft,3993187669,sales@brightmedsoft.com,https://brightmedsoft.com,13,Bengaluru,IN,2026-06-05 02:41:21
2026-06-05,Legal,PivotMatterApp,+1 (892) 325-1987,info@pivotmatterapp.io,https://pivotmatterapp.io,80,Atlanta,US,2026-06-05 04:37:45
2026-06-05,ERP,AltaChain Soft,742.449.5827 ext. 29,sales@altachainsoft.com,https://www.altachainsoft.com,526,Munich,DE,2026-06-05 05:38:35
2026-06-05,HR,SableTalentCloud,+17436035415,sales@sabletalentcloud.com,https://sabletalentcloud.com,49,Pune,IN,2026-06-05 06:41:59
2026-06-05,Legal,Falcon DocketDynamics,338-830-5068,contact@falcondocketdynamics.com,https://www.falcondocketdynamics.com,32,Atlanta,US,2026-06-05 04:03:28
2026-06-05,MSP Platform,Rapid’s RemoteDesk,(899) 753-9112,info@rapidremotedesk.com,https://www.rapidremotedesk.com,3301,Tampa,US,2026-06-05 05:56:54
2026-06-05,MSP Platform,ApexEndpointLabs,(574) 322-6856,sales@apexendpointlabs.io,apexendpointlabs.io,17,Raleigh,US,2026-06-05 05:54:14
2026-06-05,MSP Platform,Onyx Grid Staffing,+18373402893,contact@onyxgridstaffing.com,https://www.onyxgridstaffing.com,370,Phoenix,US,2026-06-05 05:29:19
2026-06-05,Medical,Indigo PatientApp,(484) 675-6522,sales@indigopatientapp.com,https://www.indigopatientapp.com,15,Atlanta,US,2026-06-05 06:31:17
2026-06-05,HR,Solid ShiftLogic,+16005981145,hello@solidshiftlogic.com,https://www.solidshiftlogic.com,78,London,UK,2026-06-05 04:24:22
2026-06-05,ERP,LumenFinSphere,476-696-8209,info@lumenfinsphere.io,https://lumenfinsphere.io,20,Leeds,UK,2026-06-05 05:31:52
2026-06-05,Legal,Anchor CounselPlatform,3109555703,contact@anchorcounselplatform.io,https://www.anchorcounselplatform.io,91,Chicago,US,2026-06-05 01:22:02
2026-06-05,Legal,Anchor TriagePlatform,06246244152,sales@anchortriageplatform.com,https://www.anchortriageplatform.com,850,Austin,US,2026-06-05 04:19:22
2026-06-05,ERP,BrightOrder Works,810-221-0887 ext. 91,info@brightorderworks.com,https://brightorderworks.com,34,Toronto,CA,2026-06-05 03:22:36
2026-06-05,ERP,Anchor BatchLabs,664-666-0976,contact@anchorbatchlabs.com,https://www.anchorbatchlabs.com,7,Sydney,AU,2026-06-05 06:30:04
2026-06-05,LMS,Anchor LessonBase,+1 (373) 755-0555,sales@anchorlessonbase.co,https://www.anchorlessonbase.co,28,Singapore,SG,2026-06-05 04:32:50
2026-06-05,ERP,Omni OrderSphere,596-929-0977,sales@omniordersphere.com,https://www.omniordersphere.com,406,Manchester,UK,2026-06-05 01:03:50
2026-06-05,Medical,PivotClinicSuite,3488543510,sales@pivotclinicsuite.com,https://pivotclinicsuite.com,89,Atlanta,US,2026-06-05 01:16:59
2026-06-05,HR,AnchorBenefitWorks,2203193902 ext. 36,sales@anchorbenefitworks.com,https://www.anchorbenefitworks.com,35,Dublin,IE,2026-06-05 06:37:24
2026-06-05,MSP Platform,RapidNodéHub,+1 (688) 402-9375,contact@rapidnodehub.com,https://rapidnodehub.com,761,null,US,2026-06-05 05:07:32
2026-06-05,Legal,Ridgeway ClauseSoft,6127323313,sales@ridgewayclausesoft.com,https://ridgewayclausesoft.com,471,Dublin,IE,2026-06-05 06:47:54
2026-06-05,Medical,TidalMed Works,277-421-2303,hello@tidalmedworks.com,https://www.tidalmedworks.com,198,Amsterdam,NL,2026-06-05 06:46:53
2026-06-05,HR,Ridge TalentWorks,+13106743726,info@ridgetalentworks.com,https://www.ridgetalentworks.com,224,Chicago,US,2026-06-05 06:56:49
2026-06-05,ERP,PioneerLedgerApp,1-746-789-6486,contact@pioneerledgerapp.com,https://www.pioneerledgerapp.com,525,Tampa,US,2026-06-05 05:22:59
2026-06-05,HR,WillowTalent Dynamics,483-909-9793,sales@willowtalentdynamics.io,https://www.willowtalentdynamics.io,567,Calgary,CA,2026-06-05 01:42:43
2026-06-05,HR,ClearBenefit Base,1-893-556-8038,sales@clearbenefitbase.net,https://www.clearbenefitbase.net,11,Amsterdam,NL,2026-06-05 05:01:55
2026-06-05,Medical,Solid TriageTech,751.342.8676,hello@solidtriagetech.net,https://www.solidtriagetech.net,85,Seattle,US,2026-06-05 02:52:25
2026-06-05,ERP,BlueForge Suite,(627) 692-0401,sales@blueforgesuite.com,https://blueforgesuite.com,124,Singapore,SG,2026-06-05 01:18:23
2026-06-05,Medical,Golden RosterDynamics,+16597351175,sales@goldenrosterdynamics.io,https://www.goldenrosterdynamics.io,307,Dublin,IE,2026-06-05 04:14:18
2026-06-05,HR,Arch BenefitLabs,03558315743,info@archbenefitlabs.com,archbenefitlabs.com,118,Phoenix,US,2026-06-05 01:03:29
2026-06-05,Medical,SolidClinic Hub,2317870301,info@solidclinichub.com,https://www.solidclinichub.com,16,Vancouver,CA,2026-06-05 01:49:17
2026-06-05,ERP,GraniteChain Platform,4167185707,contact@granitechainplatform.com,https://www.granitechainplatform.com,16,Toronto,CA,2026-06-05 02:55:33
2026-06-05,Medical,HarborChart’s Dynamics,+19603176902,contact@harborchartdynamics.io,harborchartdynamics.io,312,Berlin,DE,2026-06-05 01:19:08
2026-06-05,Medical,EmberMedApp,594-490-9021,hello@embermedapp.com,https://www.embermedapp.com,20,Melbourne,AU,2026-06-05 05:06:14
2026-06-05,Medical,Cobalt TriageDynamics,1-544-352-9259,sales@cobalttriagedynamics.com,https://www.cobalttriagedynamics.com,39,Tampa,US,2026-06-05 05:47:59
2026-06-05,Medical,Fusion HealthPoint,+1 (893) 374-0593,sales@fusionhealthpoint.io,https://www.fusionhealthpoint.io,157,Austin,US,2026-06-05 05:10:27
2026-06-05,HR,RidgewayPayrollDesk,9085454435,sales@ridgewaypayrolldesk.com,https://www.ridgewaypayrolldesk.com,18,Atlanta,US,2026-06-05 04:52:20
2026-06-05,Legal,BlueMatter Hub,(374) 849-0698,hello@bluematterhub.net,bluematterhub.net,48,Hyderabad,IN,2026-06-05 05:32:31
2026-06-05,ERP,XenonOrderCloud,+18905272070,info@xenonordercloud.com,https://www.xenonordercloud.com,7,Leeds,UK,2026-06-05 04:38:44
2026-06-05,MSP Platform,IronMonitor Dynamics,719.936.9122,hello@ironmonitordynamics.com,https://ironmonitordynamics.com,56,Atlanta,US,2026-06-05 04:25:23
2026-06-05,HR,Quartz BenefitBase,(309) 566-0594,sales@quartzbenefitbase.com,https://www.quartzbenefitbase.com,null,Karachi,PK,2026-06-05 01:10:00
2026-06-05,HR,ZenPerform Solutions,+12979588892,sales@zenperformsolutions.co,zenperformsolutions.co,282,Raleigh,US,2026-06-05 06:56:30
2026-06-05,HR,BrightShift Works,470-586-6608,contact@brightshiftworks.com,https://brightshiftworks.com,N/A,Columbus,US,2026-06-05 06:20:41
2026-06-05,ERP,Anchor PlanSync,284.901.8257,sales@anchorplansync.com,https://anchorplansync.com,3477,Columbus,US,2026-06-05 04:28:16
2026-06-05,MSP Platform,Nova EndpointSphere,231-919-4198,contact@novaendpointsphere.io,novaendpointsphere.io,18,Leeds,UK,2026-06-05 06:30:06
2026-06-05,ERP,BlueResourcePlatform,857.664.5030,info@blueresourceplatform.com,https://blueresourceplatform.com,20,Austin,US,2026-06-05 01:01:05
2026-06-05,Legal,Delta MatterTech,+14957392472,sales@deltamattertech.com,https://www.deltamattertech.com,8,Hyderabad,IN,2026-06-05 02:46:29
2026-06-05,ERP,SolidChainTech,+15532591566,info@solidchaintech.com,https://solidchaintech.com,543,Atlanta,US,2026-06-05 06:01:34
2026-06-05,Legal,RapidVerdict Dynamics,+17077012350,hello@rapidverdictdynamics.co,rapidverdictdynamics.co,221,Seattle,US,2026-06-05 05:56:55
2026-06-05,ERP,Anchor OpsPoint,(289) 563-7867,hello@anchoropspoint.com,https://www.anchoropspoint.com,207,Sydney,AU,2026-06-05 05:55:03
2026-06-05,ERP,CrownStock Works,(494) 999-0538,contact@crownstockworks.com,https://www.crownstockworks.com,68,Atlanta,US,2026-06-05 04:08:23
2026-06-05,MSP Platform,RidgewayTicket Core,05619038542,hello@ridgewayticketcore.com,https://www.ridgewayticketcore.com,13,Lahore,PK,2026-06-05 05:32:35
2026-06-05,ERP,JuniperFin Works,09255542164,N/A,juniperfinworks.com,3275,Amsterdam,NL,2026-06-05 01:40:01
2026-06-05,MSP Platform,RidgewayEndpoint Sphere,935-409-6606,sales@ridgewayendpointsphere.com,https://ridgewayendpointsphere.com,261,Raleigh,US,2026-06-05 01:21:03
2026-06-05,ERP,Vertex ChainSoft,5202568446,contact@vertexchainsoft.co,https://www.vertexchainsoft.co,567,Seattle,US,2026-06-05 05:00:36
2026-06-05,MSP Platform,VistaBatch Hub,+19762851920,hello@vistabatchhub.io,https://www.vistabatchhub.io,19,Amsterdam,NL,2026-06-05 05:07:10
2026-06-05,HR,Nova Onboard Manpower Services,(888) 396-5632,hello@novaonboardmanpowerservices.com,https://www.novaonboardmanpowerservices.com,80,Hyderabad,IN,2026-06-05 06:11:32
2026-06-05,ERP,ClearOps App,1-650-639-8885,info@clearopsapp.com,https://clearopsapp.com,19,Austin,US,2026-06-05 05:53:18
2026-06-05,HR,PolarisTalent Cloud,5153914875,contact@polaristalentcloud.com,polaristalentcloud.com,478,Columbus,US,2026-06-05 06:32:00
2026-06-05,LMS,Lumen SkillFlow,362-533-7730,info@lumenskillflow.com,https://www.lumenskillflow.com,49,Columbus,US,2026-06-05 03:42:42
2026-06-05,Legal,OrbitFiling Sphere,(264) 656-8066,info@orbitfilingsphere.io,https://www.orbitfilingsphere.io,32,Karachi,PK,2026-06-05 04:43:12
2026-06-05,Legal,CobaltCase Point,(745) 392-5585,info@cobaltcasepoint.com,https://www.cobaltcasepoint.com,214,Hyderabad,IN,2026-06-05 03:29:11
2026-06-05,MSP Platform,OmniRemoteLabs,246-872-2888,info@omniremotelabs.com,omniremotelabs.com,9,Munich,DE,2026-06-05 06:26:08
2026-06-05,MSP Platform,NimbusUptime Dynamics,878-997-6462,sales@nimbusuptimedynamics.net,nimbusuptimedynamics.net,4871,Dublin,IE,2026-06-05 06:38:13
2026-06-05,MSP Platform,Alta TicketLogic,+16233498017,contact@altaticketlogic.co,https://www.altaticketlogic.co,2620,Austin,US,2026-06-05 04:01:25
2026-06-05,MSP Platform,CrestRemoteSolutions,1-612-761-8993,sales@crestremotesolutions.co,https://crestremotesolutions.co,245,Boston,US,2026-06-05 01:18:10
2026-06-05,Medical,Golden MedApp,+1 (425) 719-5892,hello@goldenmedapp.co,https://www.goldenmedapp.co,30,Pune,IN,2026-06-05 03:13:33
2026-06-05,ERP,Iron CounselDynamics,280-969-2884,contact@ironcounseldynamics.com,https://ironcounseldynamics.com,26,Hyderabad,IN,2026-06-05 02:05:12
2026-06-05,HR,CrownPeople Soft,+1 (247) 310-4305,hello@crownpeoplesoft.com,https://www.crownpeoplesoft.com,164,Boston,US,2026-06-05 05:30:59
2026-06-05,Legal,Quantum CaseLogic,324-661-7633,info@quantumcaselogic.io,quantumcaselogic.io,16,Pune,IN,2026-06-05 05:33:31
2026-06-05,ERP,JuniperLedger Works,548.600.3782,N/A,https://juniperledgerworks.com,24,Boston,US,2026-06-05 02:42:07
2026-06-05,HR,Umbra OnboardLogic,(387) 609-8367,info@umbraonboardlogic.com,https://umbraonboardlogic.com,80,Chicago,US,2026-06-05 06:00:13
2026-06-05,Medical,HaloCareCloud,(765) 856-1110,hello@halocarecloud.io,https://www.halocarecloud.io,20,Phoenix,US,2026-06-05 06:49:37
2026-06-05,HR,Velo Roster Manpower Services,1-672-529-6586,contact@velorostermanpowerservices.io,https://www.velorostermanpowerservices.io,156,Amsterdam,NL,2026-06-05 05:48:19
2026-06-05,Medical,NovaCareSuite,+1 (454) 900-1644,info@novacaresuite.io,https://novacaresuite.io,142,Bengaluru,IN,2026-06-05 02:55:35
2026-06-05,ERP,Pivot BatchLogic,+12398020176 ext. 94,contact@pivotbatchlogic.io,https://pivotbatchlogic.io,812,Islamabad,PK,2026-06-05 01:00:38
2026-06-05,ERP,HarborChainLabs,(692) 304-0835,hello@harborchainlabs.com,https://harborchainlabs.com,8,Columbus,US,2026-06-05 02:41:54
2026-06-05,Medical,QuantumVital Solutions,(892) 997-0588,contact@quantumvitalsolutions.io,https://www.quantumvitalsolutions.io,715,Phoenix,US,2026-06-05 05:39:41
2026-06-05,ERP,VistaFinBase,973-875-7297,contact@vistafinbase.com,https://www.vistafinbase.com,15,Melbourne,AU,2026-06-05 04:08:48
2026-06-05,ERP,ClearStockPoint,(725) 813-3339,info@clearstockpoint.com,https://www.clearstockpoint.com,24,Amsterdam,NL,2026-06-05 01:53:52
2026-06-05,HR,ApexRoster’s Sync,709-946-4563,info@apexrostersync.com,https://www.apexrostersync.com,16,Munich,DE,2026-06-05 02:16:02
2026-06-05,MSP Platform,HaloUptime Flow,+1 (498) 834-7153,hello@halouptimeflow.net,https://www.halouptimeflow.net,408,Chicago,US,2026-06-05 03:08:42
2026-06-05,Medical,LatticePatient Labs,676-568-9684,contact@latticepatientlabs.com,https://www.latticepatientlabs.com,31,Boston,US,2026-06-05 04:47:13
2026-06-05,Legal,Core CaseApp,03499214342,hello@corecaseapp.net,https://corecaseapp.net,33,Tampa,US,2026-06-05 06:11:47
2026-06-05,MSP Platform,OmniPatchSync,05453120573,hello@omnipatchsync.io,omnipatchsync.io,748,Chicago,US,2026-06-05 06:36:16
2026-06-05,HR,IronRoster Systems,(272) 999-9889,sales@ironrostersystems.com,https://www.ironrostersystems.com,137,Bengaluru,IN,2026-06-05 03:09:14
2026-06-05,ERP,NimbusRemoteCore,(918) 844-9083,info@nimbusremotecore.com,https://www.nimbusremotecore.com,482,Seattle,US,2026-06-05 03:39:45
2026-06-05,Medical,Core RxLabs,516-200-0889,contact@corerxlabs.net,https://www.corerxlabs.net,6,Lahore,PK,2026-06-05 04:22:23
2026-06-05,LMS,VeloMonitorWorks,371-588-9935,hello@velomonitorworks.com,https://www.velomonitorworks.com,20,Sydney,AU,2026-06-05 03:17:11
2026-06-05,MSP Platform,Pioneer UptimeWorks,+18349103142,hello@pioneeruptimeworks.com,https://pioneeruptimeworks.com,84,Islamabad,PK,2026-06-05 03:11:52
2026-06-05,HR,ZephyrPeople Sphere,(730) 450-1709,contact@zephyrpeoplesphere.com,https://www.zephyrpeoplesphere.com,54,Tampa,US,2026-06-05 05:40:33
2026-06-05,Medical,CobaltPulseSuite,+17053684596,info@cobaltpulsesuite.com,cobaltpulsesuite.com,50,Denver,US,2026-06-05 03:33:20
2026-06-05,Legal,UmbraBrief’s Sync,+14145736179,contact@umbrabriefsync.com,https://www.umbrabriefsync.com,29,Phoenix,US,2026-06-05 05:07:42
2026-06-05,MSP Platform,Vista NodeCore,1-334-960-4155,contact@vistanodecore.net,https://vistanodecore.net,-,Munich,DE,2026-06-05 01:34:10
2026-06-05,HR,IndigoPeople Soft,(663) 779-7432 ext. 71,info@indigopeoplesoft.io,https://indigopeoplesoft.io,113,Leeds,UK,2026-06-05 02:38:04
2026-06-05,MSP Platform,RavenUptimeFlow,(358) 742-8209,info@ravenuptimeflow.com,https://www.ravenuptimeflow.com,282,Berlin,DE,2026-06-05 04:23:07
2026-06-05,MSP Platform,OmniTicketHub,(242) 355-6542,sales@omnitickethub.com,https://omnitickethub.com,,Austin,US,2026-06-05 06:52:52
2026-06-05,ERP,Velo OrderDesk,754.595.5610,sales@veloorderdesk.io,https://www.veloorderdesk.io,421,Raleigh,US,2026-06-05 05:15:55
2026-06-05,MSP Platform,RidgeStack Labs,(766) 241-7061,info@ridgestacklabs.com,ridgestacklabs.com,29,Singapore,SG,2026-06-05 03:27:41
2026-06-05,ERP,Mosaic OpsCloud,+16359044703,hello@mosaicopscloud.com,https://www.mosaicopscloud.com,19,Austin,US,2026-06-05 05:41:48
2026-06-05,ERP,Clear PlanPoint,8492032756,hello@clearplanpoint.com,https://www.clearplanpoint.com,18,Austin,US,2026-06-05 04:35:23
2026-06-05,ERP,IndigoOrderSoft,6993302378,sales@indigoordersoft.com,https://www.indigoordersoft.com,58,Austin,US,2026-06-05 01:16:52
2026-06-05,LMS,WillowLessonLogic,+15853105889,info@willowlessonlogic.com,https://www.willowlessonlogic.com,87,Denver,US,2026-06-05 01:38:27
2026-06-05,HR,Atlas CultureFlow,+12076209713,sales@atlascultureflow.co,https://www.atlascultureflow.co,null,Berlin,DE,2026-06-05 01:51:09
2026-06-05,ERP,Tidal MedSolutions,936-542-7154,sales@tidalmedsolutions.io,https://tidalmedsolutions.io,414,Phoenix,US,2026-06-05 05:46:32
2026-06-05,Legal,RidgewayFilingTech,283.389.4576,sales@ridgewayfilingtech.io,https://ridgewayfilingtech.io,63,Manchester,UK,2026-06-05 03:31:26
2026-06-05,HR,Indigo ShiftSphere,+1 (434) 401-2036,sales@indigoshiftsphere.net,indigoshiftsphere.net,283,Berlin,DE,2026-06-05 06:30:02
2026-06-05,ERP,CoreOrder Desk,1-206-608-4943,contact@coreorderdesk.com,https://coreorderdesk.com,41,Denver,US,2026-06-05 06:47:28
2026-06-05,MSP Platform,SolidNode Systems,+16582943679,hello@solidnodesystems.com,https://www.solidnodesystems.com,7,Phoenix,US,2026-06-05 06:42:51
2026-06-05,ERP,CedarStockLogic,8733639765,hello@cedarstocklogic.io,cedarstocklogic.io,135,Phoenix,US,2026-06-05 06:08:09
2026-06-05,Medical,NimbusChart Systems,676-433-0983,info@nimbuschartsystems.com,https://nimbuschartsystems.com,10,Bengaluru,IN,2026-06-05 06:16:14
2026-06-05,HR,NimbusOnboard Point,(540) 367-0050,sales@nimbusonboardpoint.com,https://www.nimbusonboardpoint.com,37,Phoenix,US,2026-06-05 04:43:41
2026-06-05,LMS,Core LessonPoint,210-804-9465,hello@corelessonpoint.com,https://www.corelessonpoint.com,469,Raleigh,US,2026-06-05 05:08:38
2026-06-05,ERP,AnchorBatch Desk,+13323719912,contact@anchorbatchdesk.com,https://anchorbatchdesk.com,224,Lahore,PK,2026-06-05 04:05:20
2026-06-05,ERP,Silver BatchCloud,(908) 834-3695,sales@silverbatchcloud.com,https://www.silverbatchcloud.com,19,Austin,US,2026-06-05 06:48:19
2026-06-05,MSP Platform,Halo StackWorks,+14158137248,info@halostackworks.com,https://halostackworks.com,35,Austin,US,2026-06-05 03:59:12
2026-06-05,LMS,Atlas TrainPoint,(234) 642-0201,info@atlastrainpoint.io,https://www.atlastrainpoint.io,14,Islamabad,PK,2026-06-05 03:05:46
2026-06-05,Medical,ZephyrTriage’s Systems,482-228-2231,info@zephyrtriagesystems.net,zephyrtriagesystems.net,,Tampa,US,2026-06-05 04:48:14
2026-06-05,Legal,FusionVerdict Sync,419-426-2561,contact@fusionverdictsync.com,https://fusionverdictsync.com,237,Berlin,DE,2026-06-05 01:49:38
2026-06-05,Medical,CrestRx Core,(985) 323-3122,info@crestrxcore.com,https://www.crestrxcore.com,55,Columbus,US,2026-06-05 04:58:19
2026-06-05,MSP Platform,OmniPatch Base,9264672955,info@omnipatchbase.net,https://www.omnipatchbase.net,10,Karachi,PK,2026-06-05 03:17:19
2026-06-05,HR,DeltaPayrollSolutions,+19798935940,contact@deltapayrollsolutions.com,https://deltapayrollsolutions.com,360,Toronto,CA,2026-06-05 06:43:20
2026-06-05,HR,SolidShift Soft,302.558.4902,info@solidshiftsoft.com,solidshiftsoft.com,55,Manchester,UK,2026-06-05 05:11:02
2026-06-05,ERP,CoreBatchCore,(486) 851-7760,sales@corebatchcore.io,https://corebatchcore.io,8,Raleigh,US,2026-06-05 02:12:03
2026-06-05,Medical,BlueRx Solutions,+17413331679,hello@bluerxsolutions.com,https://www.bluerxsolutions.com,48,Calgary,CA,2026-06-05 05:49:30
2026-06-05,MSP Platform,OnyxNode Labs,954-424-2861,hello@onyxnodelabs.com,https://www.onyxnodelabs.com,195,Atlanta,US,2026-06-05 04:44:13
2026-06-05,Legal,PolarisDocketPoint’s,(499) 561-1953,contact@polarisdocketpoint.com,https://www.polarisdocketpoint.com,69,Phoenix,US,2026-06-05 04:30:31
2026-06-05,ERP,FalconForge Sphere,510-825-0815,sales@falconforgesphere.com,https://www.falconforgesphere.com,6,Raleigh,US,2026-06-05 04:21:06
2026-06-05,ERP,QuantumBatch Cloud,2542259403,sales@quantumbatchcloud.io,https://quantumbatchcloud.io,11,London,UK,2026-06-05 06:28:38
2026-06-05,ERP,BrightOps Tech,(747) 704-9283,contact@brightopstech.net,https://www.brightopstech.net,9,Raleigh,US,2026-06-05 06:22:29
2026-06-05,HR,Crest PeopleLabs,+19707527857 ext. 49,hello@crestpeoplelabs.com,https://crestpeoplelabs.com,151,Sydney,AU,2026-06-05 04:19:11
2026-06-05,Medical,SummitPatient Cloud,+17892471041,contact@summitpatientcloud.com,https://www.summitpatientcloud.com,359,Manchester,UK,2026-06-05 01:29:06
2026-06-05,MSP Platform,RavenUptime Dynamics,363.255.0435,sales@ravenuptimedynamics.com,https://www.ravenuptimedynamics.com,59,Raleigh,US,2026-06-05 06:00:35
2026-06-05,HR,WillowPayroll Flow,473-538-0477,info@willowpayrollflow.com,https://www.willowpayrollflow.com,15,Tampa,US,2026-06-05 03:39:16
2026-06-05,MSP Platform,Summit TicketPoint,(467) 643-7027,contact@summitticketpoint.com,https://summitticketpoint.com,34,Dublin,IE,2026-06-05 06:24:09
2026-06-05,Medical,PivotPulse Cloud,(362) 302-6891,info@pivotpulsecloud.com,https://pivotpulsecloud.com,15,Raleigh,US,2026-06-05 05:36:33
2026-06-05,Legal,VistaBrief Base,973-774-9004,contact@vistabriefbase.io,https://www.vistabriefbase.io,274,Dublin,IE,2026-06-05 02:57:36
2026-06-05,ERP,RidgeForgePlatform,+18682353564,contact@ridgeforgeplatform.com,https://ridgeforgeplatform.com,83,Leeds,UK,2026-06-05 01:02:13
2026-06-05,Legal,TidalVerdict Hub,+1 (267) 803-5591,hello@tidalverdicthub.io,https://tidalverdicthub.io,287,Phoenix,US,2026-06-05 01:41:16
2026-06-05,HR,Xenon PayrollSphere,+17039198854,contact@xenonpayrollsphere.com,https://www.xenonpayrollsphere.com,135,Seattle,US,2026-06-05 06:43:40
2026-06-05,Medical,Tidal PulseDesk,379-806-2132,sales@tidalpulsedesk.com,https://tidalpulsedesk.com,9,Vancouver,CA,2026-06-05 02:35:32
2026-06-05,MSP Platform,PioneerTicket Point,(261) 514-1393,info@pioneerticketpoint.io,https://pioneerticketpoint.io,32,Sydney,AU,2026-06-05 04:45:54
2026-06-05,MSP Platform,SableEndpointBase,+16942975329,contact@sableendpointbase.com,https://sableendpointbase.com,46,Bengaluru,IN,2026-06-05 02:47:47
2026-06-05,ERP,Mosaic StockSoft,2789373912,contact@mosaicstocksoft.com,https://www.mosaicstocksoft.com,153,Tampa,US,2026-06-05 05:01:24
2026-06-05,HR,Harbor RosterDesk,+17657366980,info@harborrosterdesk.com,https://www.harborrosterdesk.com,284,Phoenix,US,2026-06-05 02:25:37
2026-06-05,HR,BlueRoster Solutions,4812655771,hello@bluerostersolutions.com,https://www.bluerostersolutions.com,105,Seattle,US,2026-06-05 03:43:39
2026-06-05,ERP,PivotOps Flow,584-375-3040,contact@pivotopsflow.com,https://www.pivotopsflow.com,316,Boston,US,2026-06-05 01:47:33
2026-06-05,ERP,OnyxBatchSoft,(851) 573-3526,contact@onyxbatchsoft.net,onyxbatchsoft.net,17,Boston,US,2026-06-05 04:44:43
2026-06-05,Medical,CrownHealth Cloud,+1 (819) 417-5314,hello@crownhealthcloud.co,https://www.crownhealthcloud.co,5,Austin,US,2026-06-05 05:44:40
2026-06-05,ERP,FalconFinSystems,(675) 943-1539,-,https://www.falconfinsystems.co,3691,Denver,US,2026-06-05 03:03:53
2026-06-05,ERP,Bright ChainTech,(358) 581-8775,hello@brightchaintech.com,https://www.brightchaintech.com,12,Austin,US,2026-06-05 04:42:11
2026-06-05,ERP,Vista OpsDesk,230-999-8673,info@vistaopsdesk.com,https://vistaopsdesk.com,7,Seattle,US,2026-06-05 02:46:54
2026-06-05,Legal,PivotVerdict Cloud,440.290.1864,info@pivotverdictcloud.com,https://pivotverdictcloud.com,,Seattle,US,2026-06-05 05:38:29
2026-06-05,LMS,GoldenLearnHub,+16335561998,info@goldenlearnhub.co,https://www.goldenlearnhub.co,189,Berlin,DE,2026-06-05 06:03:31
2026-06-05,ERP,VertexPlanLogic,(379) 391-1004,info@vertexplanlogic.com,https://vertexplanlogic.com,21,Seattle,US,2026-06-05 05:11:49
2026-06-05,ERP,Bright OrderBase,+19472852615,hello@brightorderbase.co,https://www.brightorderbase.co,66,Boston,US,2026-06-05 02:44:32
2026-06-05,HR,JuniperShiftLabs,(376) 870-5610,hello@junipershiftlabs.com,https://www.junipershiftlabs.com,850,Raleigh,US,2026-06-05 01:32:51
2026-06-05,Legal,MosaicMatter Hub,+1 (554) 692-8908,hello@mosaicmatterhub.com,https://www.mosaicmatterhub.com,3828,Seattle,US,2026-06-05 06:13:31
2026-06-05,Medical,PioneerMedSoft,293-785-0547,sales@pioneermedsoft.com,https://www.pioneermedsoft.com,33,Munich,DE,2026-06-05 04:54:13
2026-06-05,Medical,Ember CareBase,(469) 205-1017,sales@embercarebase.com,https://www.embercarebase.com,70,Dublin,IE,2026-06-05 03:19:28
2026-06-05,ERP,PivotBatchLabs,727-413-5000 ext. 27,hello@pivotbatchlabs.com,https://www.pivotbatchlabs.com,35,Denver,US,2026-06-05 04:21:48
2026-06-05,LMS,North OnboardHub,684-755-6532,contact@northonboardhub.net,northonboardhub.net,31,Vancouver,CA,2026-06-05 06:36:17
2026-06-05,ERP,OmniChain Désk,+15014155433,sales@omnichaindesk.io,https://omnichaindesk.io,6,Columbus,US,2026-06-05 02:00:34
2026-06-05,HR,PolarisOnboardBase,1-810-475-7771 ext. 50,hello@polarisonboardbase.com,https://www.polarisonboardbase.com,86,Austin,US,2026-06-05 02:31:32
2026-06-05,Medical,Ember TriageTech,(744) 773-7428,hello@embertriagetech.com,https://www.embertriagetech.com,15,Raleigh,US,2026-06-05 06:19:41
2026-06-05,Medical,HaloPulse Hub,+16868495273,-,https://halopulsehub.net,23,Chicago,US,2026-06-05 06:59:33
2026-06-05,LMS,ZephyrLearnLogic,820.932.8493,hello@zephyrlearnlogic.net,zephyrlearnlogic.net,27,Boston,US,2026-06-05 06:41:56
2026-06-05,ERP,BoldOps Logic,7082788929,info@boldopslogic.net,https://www.boldopslogic.net,13,Toronto,CA,2026-06-05 05:46:53
2026-06-05,Medical,MosaicTriageHub,+18618689122,info@mosaictriagehub.co,https://mosaictriagehub.co,21,Dublin,IE,2026-06-05 02:07:22
2026-06-05,MSP Platform,True PatchDynamics,1-304-669-5706,sales@truepatchdynamics.io,https://www.truepatchdynamics.io,35,Tampa,US,2026-06-05 02:21:14
2026-06-05,ERP,PivotBatch Platform,(818) 796-7852,sales@pivotbatchplatform.com,https://www.pivotbatchplatform.com,88,Denver,US,2026-06-05 01:15:12
2026-06-05,Legal,CedarClauseSolutions,264.885.3830 ext. 99,contact@cedarclausesolutions.co,https://www.cedarclausesolutions.co,11,Atlanta,US,2026-06-05 01:48:28
2026-06-05,Medical,VistaHealth Point,(788) 944-3980,hello@vistahealthpoint.co,vistahealthpoint.co,85,Phoenix,US,2026-06-05 05:10:06
2026-06-05,Medical,NorthChartCore,5098076392,sales@northchartcore.io,https://www.northchartcore.io,254,Denver,US,2026-06-05 01:15:28
2026-06-05,Medical,AltaMedCloud,+1 (229) 330-2948,contact@altamedcloud.io,altamedcloud.io,310,Phoenix,US,2026-06-05 03:41:46
2026-06-05,HR,Mosaic ShiftSuite,2393864014,info@mosaicshiftsuite.com,mosaicshiftsuite.com,86,Seattle,US,2026-06-05 01:26:15
2026-06-05,HR,SolidTalent App,+14233556105 ext. 68,sales@solidtalentapp.com,solidtalentapp.com,13,Atlanta,US,2026-06-05 06:55:09
2026-06-05,Medical,Crown PulsePlatform,1-405-710-6470,hello@crownpulseplatform.io,crownpulseplatform.io,1185,Atlanta,US,2026-06-05 01:51:04
2026-06-05,Medical,Raven RxSolutions,1-989-255-9082,info@ravenrxsolutions.com,https://www.ravenrxsolutions.com,299,Dublin,IE,2026-06-05 01:22:30
2026-06-05,MSP Platform,ArchRemote Sphere,927-444-2318,hello@archremotesphere.com,https://www.archremotesphere.com,45,Phoenix,US,2026-06-05 03:27:55
2026-06-05,LMS,QuartzLessonHub,969-700-8624,contact@quartzlessonhub.com,https://www.quartzlessonhub.com,86,N/A,US,2026-06-05 02:17:29
2026-06-05,Medical,Beacon HealthLogic,+18848631725,contact@beaconhealthlogic.io,beaconhealthlogic.io,43,Columbus,US,2026-06-05 01:49:47
2026-06-05,HR,HaloShift Logic,1-433-846-6296,hello@haloshiftlogic.net,https://haloshiftlogic.net,10,Manchester,UK,2026-06-05 02:44:18
2026-06-05,HR,CedarTeamCloud,295.346.1900,info@cedarteamcloud.com,https://www.cedarteamcloud.com,92,London,UK,2026-06-05 01:29:31
2026-06-05,ERP,GraniteFin Solutions,+14797262342,contact@granitefinsolutions.com,https://www.granitefinsolutions.com,34,Chicago,US,2026-06-05 05:15:11
2026-06-05,MSP Platform,Orbit GridWorks,4663569948,hello@orbitgridworks.com,https://orbitgridworks.com,20,Tampa,US,2026-06-05 03:34:41
2026-06-05,HR,PolarisPerformSphere,924-963-3035,hello@polarisperformsphere.co,https://www.polarisperformsphere.co,221,Seattle,US,2026-06-05 01:00:33
2026-06-05,MSP Platform,CrestEndpointPlatform,8225108190,contact@crestendpointplatform.co,https://www.crestendpointplatform.co,72,Austin,US,2026-06-05 05:55:13
2026-06-05,ERP,North ResourcePlatform,444.559.0288,hello@northresourceplatform.net,https://www.northresourceplatform.net,369,Seattle,US,2026-06-05 01:14:18
2026-06-05,Medical,WillowHealth Logic,(713) 982-6029,sales@willowhealthlogic.com,willowhealthlogic.com,249,Raleigh,US,2026-06-05 05:22:47
2026-06-05,HR,Lattice PayrollPoint,+14428558175,contact@latticepayrollpoint.co,https://www.latticepayrollpoint.co,219,Chicago,US,2026-06-05 02:34:29
2026-06-05,ERP,CobaltResource Sync,246-286-2477,sales@cobaltresourcesync.com,cobaltresourcesync.com,18,Chicago,US,2026-06-05 06:04:31
2026-06-05,Medical,CrestPatientSuite,(708) 601-6311,sales@crestpatientsuite.com,https://www.crestpatientsuite.com,20,Seattle,US,2026-06-05 06:01:17
2026-06-05,ERP,PrimeChainSoft’s,(357) 236-3118,contact@primechainsoft.io,https://www.primechainsoft.io,31,Tampa,US,2026-06-05 01:38:49
2026-06-05,HR,CoreBenefitLabs,(949) 516-8481 ext. 11,info@corebenefitlabs.com,https://www.corebenefitlabs.com,225,Raleigh,US,2026-06-05 05:05:59
2026-06-05,Medical,BoldPulse Logic,(204) 242-9211 ext. 82,sales@boldpulselogic.co,boldpulselogic.co,28,Austin,US,2026-06-05 03:48:04
2026-06-05,Medical,VistaMed Sphere,+14212896498,hello@vistamedsphere.com,https://vistamedsphere.com,46,London,UK,2026-06-05 01:26:53
2026-06-05,HR,RapidPayrollSphere,408.923.5909,sales@rapidpayrollsphere.com,https://www.rapidpayrollsphere.com,235,London,UK,2026-06-05 02:44:20
2026-06-05,ERP,Prime LedgerSphere,745-284-7517,contact@primeledgersphere.com,https://www.primeledgersphere.com,859,Phoenix,US,2026-06-05 03:01:46
2026-06-05,ERP,Raven BatchSolutions,523-884-1255,sales@ravenbatchsolutions.co,https://www.ravenbatchsolutions.co,42,Dublin,IE,2026-06-05 06:11:20
2026-06-05,LMS,VistaLearn Point,+1 (318) 343-4702,sales@vistalearnpoint.com,https://www.vistalearnpoint.com,475,Columbus,US,2026-06-05 05:08:47
2026-06-05,Medical,Ridgeway CarePlatform,+1 (795) 830-2201,sales@ridgewaycareplatform.com,https://www.ridgewaycareplatform.com,641,Austin,US,2026-06-05 04:45:45
2026-06-05,Legal,True DocketApp,580.321.3332,hello@truedocketapp.com,https://www.truedocketapp.com,17,Boston,US,2026-06-05 05:00:03
2026-06-05,ERP,PivotFin Sphere,471-630-3368,hello@pivotfinsphere.com,https://www.pivotfinsphere.com,28,Munich,DE,2026-06-05 02:31:07
2026-06-05,Legal,RidgeFiling Solutions,(567) 619-9659,sales@ridgefilingsolutions.co,https://www.ridgefilingsolutions.co,73,Dublin,IE,2026-06-05 03:47:31
2026-06-05,HR,PioneerBenefitSphere,492-608-6072,sales@pioneerbenefitsphere.io,https://pioneerbenefitsphere.io,166,Tampa,US,2026-06-05 03:48:18
2026-06-05,ERP,Fusion ChainTech,751-805-0800,hello@fusionchaintech.net,https://www.fusionchaintech.net,249,Sydney,AU,2026-06-05 05:16:04
2026-06-05,Legal,Beacon CasePoint,+1 (888) 457-6485,info@beaconcasepoint.com,https://www.beaconcasepoint.com,40,Vancouver,CA,2026-06-05 06:53:22
2026-06-05,MSP Platform,XenonPatch Logic,1-683-748-8733,hello@xenonpatchlogic.com,https://www.xenonpatchlogic.com,15,Phoenix,US,2026-06-05 05:32:40
2026-06-05,HR,CrownBenefit Dynamics,955.446.9611 ext. 67,hello@crownbenefitdynamics.co,https://www.crownbenefitdynamics.co,null,Munich,DE,2026-06-05 01:54:01
2026-06-05,ERP,Clear ResourceLogic,(807) 557-9878,sales@clearresourcelogic.com,https://www.clearresourcelogic.com,257,Karachi,PK,2026-06-05 05:24:37
2026-06-05,HR,TidalPeopleDynamics,2777444558,info@tidalpeopledynamics.com,https://www.tidalpeopledynamics.com,458,Columbus,US,2026-06-05 04:59:20
2026-06-05,Medical,Zephyr TriageSystems,+13309214294,sales@zephyrtriagesystems.com,https://www.zephyrtriagesystems.com,128,Boston,US,2026-06-05 04:40:33
2026-06-05,ERP,VertexFinSuite,+1 (338) 621-3804,hello@vertexfinsuite.co,https://www.vertexfinsuite.co,92,Melbourne,AU,2026-06-05 03:42:24
2026-06-05,HR,PivotCultureSystems,1-566-742-0176,contact@pivotculturesystems.io,pivotculturesystems.io,118,Manchester,UK,2026-06-05 05:16:50
2026-06-05,Legal,Atlas ClauseSuite,+15854332803,sales@atlasclausesuite.com,https://atlasclausesuite.com,13,,NL,2026-06-05 01:29:08
2026-06-05,Medical,Tidal’s ClinicPlatform,412-237-1564,contact@tidalclinicplatform.io,https://www.tidalclinicplatform.io,63,Leeds,UK,2026-06-05 02:27:55
2026-06-05,ERP,Velo StockDesk,(716) 234-0382,hello@velostockdesk.com,velostockdesk.com,115,Chicago,US,2026-06-05 03:12:19
2026-06-05,Medical,Ridge TriageSphere,+12737854817,sales@ridgetriagesphere.com,ridgetriagesphere.com,4678,Sydney,AU,2026-06-05 03:44:28
2026-06-05,HR,RidgewayPeopleSync,+13842217817,sales@ridgewaypeoplesync.com,https://www.ridgewaypeoplesync.com,16,Phoenix,US,2026-06-05 01:38:17
2026-06-05,HR,CoreOnboard Point,3844540480,hello@coreonboardpoint.com,https://coreonboardpoint.com,23,Columbus,US,2026-06-05 01:04:25
2026-06-05,HR,SummitPayroll Flow,+14654854969,info@summitpayrollflow.com,https://www.summitpayrollflow.com,68,Raleigh,US,2026-06-05 03:17:40
2026-06-05,Medical,Zephyr PatientFlow,562.305.4634 ext. 94,contact@zephyrpatientflow.com,https://www.zephyrpatientflow.com,188,Chicago,US,2026-06-05 06:08:13
2026-06-05,Medical,OrbitCare Suite,785-633-5871 ext. 85,info@orbitcaresuite.com,https://www.orbitcaresuite.com,18,Denver,US,2026-06-05 06:32:15
2026-06-05,HR,Ridge Perform Talent Agency,5136725851 ext. 76,sales@ridgeperformtalentagency.com,ridgeperformtalentagency.com,10,Columbus,US,2026-06-05 02:21:47
2026-06-05,Legal,LatticeClauseSoft,(731) 624-6157 ext. 24,sales@latticeclausesoft.com,https://www.latticeclausesoft.com,107,Denver,US,2026-06-05 05:15:34
2026-06-05,MSP Platform,Ridgeway PatchPoint,588-331-2172,hello@ridgewaypatchpoint.co,https://ridgewaypatchpoint.co,106,Calgary,CA,2026-06-05 01:18:46
2026-06-05,HR,ApexShiftPoint,1-324-256-6796,info@apexshiftpoint.com,https://www.apexshiftpoint.com,444,Manchester,UK,2026-06-05 05:24:05
2026-06-05,HR,Velo RosterHub,235.332.2741,hello@velorosterhub.com,https://velorosterhub.com,496,Boston,US,2026-06-05 05:11:05
2026-06-05,HR,ClearCulture Dynamics,(236) 538-4523,sales@clearculturedynamics.com,clearculturedynamics.com,49,Manchester,UK,2026-06-05 05:23:14
2026-06-05,ERP,BoldPlanFlow,(338) 946-5811,contact@boldplanflow.com,boldplanflow.com,295,Raleigh,US,2026-06-05 01:23:04
2026-06-05,HR,PivotTalent Cloud,(258) 814-9941,contact@pivottalentcloud.com,https://www.pivottalentcloud.com,160,Tampa,US,2026-06-05 03:42:10
2026-06-05,MSP Platform,IndigoTicket Labs,+1 (645) 605-5145,hello@indigoticketlabs.com,https://indigoticketlabs.com,13,Phoenix,US,2026-06-05 04:19:55
2026-06-05,HR,Keystone PeopleSoft,260.439.0596,N/A,https://www.keystonepeoplesoft.com,38,Hyderabad,IN,2026-06-05 03:23:35
2026-06-05,Medical,Nimbus MedHub,6392433025,sales@nimbusmedhub.com,https://nimbusmedhub.com,189,Phoenix,US,2026-06-05 02:10:22
2026-06-05,MSP Platform,RapidNode Core,(801) 555-6858,contact@rapidnodecore.com,https://www.rapidnodecore.com,38,Melbourne,AU,2026-06-05 02:12:48
2026-06-05,Medical,Zephyr CareCloud,+19308353550 ext. 84,contact@zephyrcarecloud.co,https://www.zephyrcarecloud.co,68,Manchester,UK,2026-06-05 05:56:36
2026-06-05,LMS,SolidShift Base,+14687802908,hello@solidshiftbase.com,https://solidshiftbase.com,69,Manchester,UK,2026-06-05 02:41:29
2026-06-05,MSP Platform,Keystone EndpointDynamics,+19127916990,info@keystoneendpointdynamics.co,https://keystoneendpointdynamics.co,19,Calgary,CA,2026-06-05 01:00:31
2026-06-05,HR,FusionShift Works,(423) 735-3570,sales@fusionshiftworks.com,fusionshiftworks.com,72,Phoenix,US,2026-06-05 05:05:39
2026-06-05,Medical,HaloMed Cloud,+14762613834,contact@halomedcloud.co,https://halomedcloud.co,4367,Phoenix,US,2026-06-05 01:29:12
2026-06-05,HR,IndigoPerform Systems,9019694159,contact@indigoperformsystems.io,https://indigoperformsystems.io,19,Denver,US,2026-06-05 05:39:21
2026-06-05,ERP,Core LedgerApp,(447) 395-8976,hello@coreledgerapp.com,https://coreledgerapp.com,35,Austin,US,2026-06-05 01:25:26
2026-06-05,Legal,Pivot CaseSystems,(212) 337-9130,null,https://www.pivotcasesystems.com,231,Austin,US,2026-06-05 04:29:59
2026-06-05,LMS,Cobalt TrainTech,(788) 537-2449,info@cobalttraintech.co,https://www.cobalttraintech.co,124,Tampa,US,2026-06-05 06:04:04
2026-06-05,Medical,RidgePatient Systems,+16775522305,hello@ridgepatientsystems.com,ridgepatientsystems.com,29,Chicago,US,2026-06-05 03:56:48
2026-06-05,ERP,Juniper LedgerSolutions,4556356174,sales@juniperledgersolutions.com,https://www.juniperledgersolutions.com,32,Seattle,US,2026-06-05 04:33:48
2026-06-05,ERP,BeaconResourceBase,1-637-963-9394 ext. 18,info@beaconresourcebase.com,https://beaconresourcebase.com,98,Munich,DE,2026-06-05 02:04:01
2026-06-05,HR,IronCultureDynamics,+16298492826 ext. 9,info@ironculturedynamics.com,https://www.ironculturedynamics.com,97,Denver,US,2026-06-05 04:07:25
2026-06-05,Legal,BoldDocket Labs,(630) 926-5982,sales@bolddocketlabs.io,https://www.bolddocketlabs.io,452,Columbus,US,2026-06-05 01:16:31
2026-06-05,HR,LatticePerform Labs,(577) 599-7762,hello@latticeperformlabs.com,https://www.latticeperformlabs.com,7,Melbourne,AU,2026-06-05 04:15:07
2026-06-05,ERP,Rapid Batch Consultants,688-375-7084 ext. 29,hello@rapidbatchconsultants.net,https://rapidbatchconsultants.net,947,Raleigh,US,2026-06-05 06:57:48
2026-06-05,MSP Platform,SableNetLabs,+17628441866,info@sablenetlabs.co,https://www.sablenetlabs.co,95,Chicago,US,2026-06-05 05:12:33
2026-06-05,ERP,RapidForgeSync,4419417849,info@rapidforgesync.com,https://rapidforgesync.com,496,Singapore,SG,2026-06-05 04:26:50
2026-06-05,MSP Platform,UmbraUptimePoint,312-845-0454,hello@umbrauptimepoint.com,https://www.umbrauptimepoint.com,143,Islamabad,PK,2026-06-05 02:51:42
2026-06-05,MSP Platform,FalconRemoteCloud,+13639371878,sales@falconremotecloud.io,https://www.falconremotecloud.io,44,Austin,US,2026-06-05 02:47:20
2026-06-05,ERP,Crown LedgerPoint,+1 (947) 923-2931,sales@crownledgerpoint.com,https://www.crownledgerpoint.com,38,Pune,IN,2026-06-05 04:27:10
2026-06-05,ERP,Xenon ResourceWorks,1-665-340-4794,info@xenonresourceworks.co,xenonresourceworks.co,8,Austin,US,2026-06-05 03:34:33
2026-06-05,Medical,ClearPatient Platform,+13594110909,sales@clearpatientplatform.co,https://www.clearpatientplatform.co,42,Austin,US,2026-06-05 06:55:50
2026-06-05,ERP,SableOrder Core,234-865-2629,info@sableordercore.io,https://www.sableordercore.io,81,Denver,US,2026-06-05 01:33:24
2026-06-05,HR,HaloTalentSolutions,2372245213,sales@halotalentsolutions.com,https://www.halotalentsolutions.com,163,Pune,IN,2026-06-05 02:10:36
2026-06-05,ERP,Crest PlanApp,(878) 424-6339,info@crestplanapp.com,https://crestplanapp.com,27,Austin,US,2026-06-05 02:51:35
2026-06-05,LMS,TrueTrain Platform,711-842-4535,contact@truetrainplatform.net,https://www.truetrainplatform.net,1756,Atlanta,US,2026-06-05 03:55:08
2026-06-05,ERP,Clear PlanFlow,+16302722770,info@clearplanflow.io,clearplanflow.io,296,Austin,US,2026-06-05 02:19:09
2026-06-05,ERP,OnyxOrderBase,(363) 505-2597,contact@onyxorderbase.com,https://onyxorderbase.com,34,-,US,2026-06-05 02:41:38
2026-06-05,Legal,SableCounselSphere,360-454-9173,contact@sablecounselsphere.com,https://sablecounselsphere.com,67,Boston,US,2026-06-05 03:51:38
2026-06-05,ERP,Beacon ResourcePoint,569.507.3352,info@beaconresourcepoint.net,https://www.beaconresourcepoint.net,105,Denver,US,2026-06-05 05:49:06
2026-06-05,ERP,GraniteBatchSuite,+1 (799) 516-3868,info@granitebatchsuite.io,https://www.granitebatchsuite.io,29,Boston,US,2026-06-05 06:08:59
2026-06-05,MSP Platform,ArchPatch Point,+19745252345,contact@archpatchpoint.com,https://www.archpatchpoint.com,465,Raleigh,US,2026-06-05 04:14:23
2026-06-05,Medical,TidalPulse Solutions,506.902.5257,contact@tidalpulsesolutions.com,https://tidalpulsesolutions.com,3006,Chicago,US,2026-06-05 06:43:53
2026-06-05,Legal,ArchCase Cloud,(277) 798-2483,contact@archcasecloud.com,https://www.archcasecloud.com,291,Tampa,US,2026-06-05 02:53:08
2026-06-05,Medical,PioneerPulse Labs,703-913-2372,info@pioneerpulselabs.co,https://www.pioneerpulselabs.co,12,-,US,2026-06-05 06:43:20
2026-06-05,HR,WillowBenefitDynamics,723.435.9810,N/A,https://www.willowbenefitdynamics.com,245,Denver,US,2026-06-05 01:52:05
2026-06-05,ERP,Nimbus OpsApp,06879427820,contact@nimbusopsapp.com,nimbusopsapp.com,735,Manchester,UK,2026-06-05 02:23:31
2026-06-05,Legal,CrestCase Logic,(679) 886-3428,info@crestcaselogic.com,crestcaselogic.com,775,Melbourne,AU,2026-06-05 05:58:43
2026-06-05,HR,IndigoPayrollHub,+1 (468) 213-0447,hello@indigopayrollhub.net,indigopayrollhub.net,27,Leeds,UK,2026-06-05 05:10:22
2026-06-05,HR,Vertex TalentLogic,536-996-2601,,https://www.vertextalentlogic.com,147,Columbus,US,2026-06-05 04:03:10
2026-06-05,Medical,QuartzMed Point,(317) 861-0933,info@quartzmedpoint.net,quartzmedpoint.net,3160,Austin,US,2026-06-05 06:14:37
2026-06-05,HR,HarborBenefit Cloud,(424) 748-5517,sales@harborbenefitcloud.com,https://www.harborbenefitcloud.com,105,Austin,US,2026-06-05 01:09:21
2026-06-05,Medical,EmberRxSoft,1-626-645-1958,sales@emberrxsoft.com,https://www.emberrxsoft.com,877,Phoenix,US,2026-06-05 02:51:15
2026-06-05,LMS,CoreSkillPoint,714.676.2184,contact@coreskillpoint.com,https://coreskillpoint.com,31,Toronto,CA,2026-06-05 06:48:49
2026-06-05,ERP,EmberPlan Core,(567) 734-8914,hello@emberplancore.co,https://www.emberplancore.co,35,Seattle,US,2026-06-05 05:05:12
2026-06-05,Legal,IronCounselWorks,+1 (961) 891-9367,contact@ironcounselworks.com,ironcounselworks.com,50,Seattle,US,2026-06-05 01:04:46
2026-06-05,HR,CrownRosterLabs,+13524847751,contact@crownrosterlabs.com,https://www.crownrosterlabs.com,593,Chicago,US,2026-06-05 02:12:02
2026-06-05,ERP,Juniper OpsCore,+13262399343,info@juniperopscore.com,https://www.juniperopscore.com,656,Munich,DE,2026-06-05 06:29:31
2026-06-05,ERP,SableForge Dynamics,+13732996383,sales@sableforgedynamics.co,https://www.sableforgedynamics.co,241,Boston,US,2026-06-05 04:27:06
2026-06-05,MSP Platform,TidalNetLabs,+15205675611 ext. 90,sales@tidalnetlabs.com,https://tidalnetlabs.com,20,Singapore,SG,2026-06-05 03:27:20
2026-06-05,Legal,EmberBriefSolutions,(914) 937-1491,hello@emberbriefsolutions.co,https://www.emberbriefsolutions.co,66,Austin,US,2026-06-05 03:15:52
2026-06-05,MSP Platform,Xenon GridSphere,235.475.3031,info@xenongridsphere.com,https://www.xenongridsphere.com,14,Seattle,US,2026-06-05 06:16:38
2026-06-05,HR,Halo PerformSuite,(268) 938-2577,info@haloperformsuite.net,haloperformsuite.net,67,Boston,US,2026-06-05 02:28:52
2026-06-05,MSP Platform,LatticePatchWorks,+16524799662,info@latticepatchworks.com,https://www.latticepatchworks.com,28,Tampa,US,2026-06-05 06:34:34
2026-06-05,Legal,Willow VerdictBase,04196658220,contact@willowverdictbase.io,https://willowverdictbase.io,489,Seattle,US,2026-06-05 04:42:34
2026-06-05,Medical,NimbusClinic Cloud,665-233-8277,sales@nimbuscliniccloud.com,https://www.nimbuscliniccloud.com,11,Columbus,US,2026-06-05 03:15:46
2026-06-05,HR,OmniOnboardFlow,8872818267,sales@omnionboardflow.com,https://www.omnionboardflow.com,,Seattle,US,2026-06-05 05:32:23
2026-06-05,ERP,PrimeChainFlow,4349979873,info@primechainflow.com,https://www.primechainflow.com,297,Boston,US,2026-06-05 03:07:08
2026-06-05,MSP Platform,BeaconUptimeApp,1-381-248-2633,info@beaconuptimeapp.io,https://beaconuptimeapp.io,450,London,UK,2026-06-05 05:51:39
2026-06-05,ERP,RapidChain Suite,(319) 736-1159,contact@rapidchainsuite.com,https://www.rapidchainsuite.com,807,Raleigh,US,2026-06-05 04:19:44
2026-06-05,Medical,KeystoneHealth Soft,(233) 698-7504,sales@keystonehealthsoft.com,keystonehealthsoft.com,351,Melbourne,AU,2026-06-05 05:31:59
2026-06-05,HR,VeloPerform Hub,1-831-687-6312,hello@veloperformhub.co,https://www.veloperformhub.co,114,Columbus,US,2026-06-05 04:08:09
2026-06-05,ERP,TidalFin Cloud,1-624-792-3251,info@tidalfincloud.com,https://www.tidalfincloud.com,481,Toronto,CA,2026-06-05 03:03:34
2026-06-05,MSP Platform,PrimeEndpointSolutions,774-857-1814,hello@primeendpointsolutions.co,https://www.primeendpointsolutions.co,95,Boston,US,2026-06-05 03:26:45
2026-06-05,Legal,Harbor ClauseSphere,+19135650677,info@harborclausesphere.com,https://harborclausesphere.com,46,Seattle,US,2026-06-05 02:21:22
2026-06-05,Legal,Juniper FilingLabs,(751) 885-1162,hello@juniperfilinglabs.com,https://www.juniperfilinglabs.com,97,Leeds,UK,2026-06-05 03:37:47
2026-06-05,HR,RidgeTeamSuite,+17004489720,sales@ridgeteamsuite.com,https://www.ridgeteamsuite.com,7,Toronto,CA,2026-06-05 05:55:00
2026-06-05,Legal,GraniteMatter Logic,6695047085,contact@granitematterlogic.co,https://www.granitematterlogic.co,N/A,Vancouver,CA,2026-06-05 02:30:34
2026-06-05,MSP Platform,BeaconNetWorks,643-712-1124,hello@beaconnetworks.net,https://www.beaconnetworks.net,336,Manchester,UK,2026-06-05 06:34:18
2026-06-05,LMS,PivotLearnLabs,8946162861,hello@pivotlearnlabs.com,https://pivotlearnlabs.com,73,Singapore,SG,2026-06-05 01:33:13
2026-06-05,Medical,MetaChart Base,404-841-5397 ext. 14,info@metachartbase.com,https://www.metachartbase.com,2032,Columbus,US,2026-06-05 06:59:49
2026-06-05,LMS,Delta QuizSphere,(414) 268-0056 ext. 25,hello@deltaquizsphere.com,https://www.deltaquizsphere.com,19,Austin,US,2026-06-05 06:10:16
2026-06-05,Legal,Indigo CompliApp,+1 (533) 827-0130 ext. 9,sales@indigocompliapp.com,https://www.indigocompliapp.com,55,Seattle,US,2026-06-05 05:16:22
2026-06-05,MSP Platform,SableMonitorSync,886.494.6394,info@sablemonitorsync.com,sablemonitorsync.com,39,Seattle,US,2026-06-05 04:06:28
2026-06-05,Medical,LumenMed Soft,(870) 972-5751,hello@lumenmedsoft.com,https://www.lumenmedsoft.com,252,Phoenix,US,2026-06-05 01:43:26
2026-06-05,HR,Ridgeway People Talent Agency,7543530106,hello@ridgewaypeopletalentagency.com,https://www.ridgewaypeopletalentagency.com,70,Atlanta,US,2026-06-05 01:28:42
2026-06-05,ERP,TidalLedgerCore,(869) 968-6369,info@tidalledgercore.com,https://www.tidalledgercore.com,12,Singapore,SG,2026-06-05 02:13:36
2026-06-05,MSP Platform,Bright NetDesk,06793959879 ext. 13,hello@brightnetdesk.com,brightnetdesk.com,87,Chicago,US,2026-06-05 05:00:45
2026-06-05,MSP Platform,Velo PatchSoft,330.609.8450,sales@velopatchsoft.io,https://www.velopatchsoft.io,61,Columbus,US,2026-06-05 04:33:08
2026-06-05,ERP,GraniteStockApp,+15068317029,contact@granitestockapp.com,granitestockapp.com,46,Columbus,US,2026-06-05 05:38:13
2026-06-05,Legal,Arch CompliDesk,969.278.4614,hello@archcomplidesk.com,https://www.archcomplidesk.com,42,Toronto,CA,2026-06-05 03:38:20
2026-06-05,Legal,Nimbus VerdictBase,626-823-1969,hello@nimbusverdictbase.com,https://nimbusverdictbase.com,20,Toronto,CA,2026-06-05 04:00:42
2026-06-05,Medical,KeystoneCare Sphere,278.352.3541,contact@keystonecaresphere.com,https://www.keystonecaresphere.com,469,N/A,PK,2026-06-05 01:33:51
2026-06-05,HR,IronPayrollApp,09703826641,contact@ironpayrollapp.com,https://www.ironpayrollapp.com,71,Boston,US,2026-06-05 01:29:40
2026-06-05,ERP,AnchorForge Logic,(467) 568-4578,N/A,https://www.anchorforgelogic.co,312,Boston,US,2026-06-05 02:43:58
2026-06-05,LMS,TrueMentor Dynamics,505.886.3152,sales@truementordynamics.com,https://www.truementordynamics.com,136,Phoenix,US,2026-06-05 06:54:20
2026-06-05,MSP Platform,Willow NodeSystems,457-811-8743,sales@willownodesystems.co,https://www.willownodesystems.co,233,Vancouver,CA,2026-06-05 02:56:16
2026-06-05,ERP,Ridgeway LedgerSuite,7734945778,sales@ridgewayledgersuite.com,https://ridgewayledgersuite.com,9,Austin,US,2026-06-05 05:06:21
2026-06-05,MSP Platform,OrbitEndpoint Hub,604.299.1294,sales@orbitendpointhub.com,https://www.orbitendpointhub.com,11,Columbus,US,2026-06-05 02:57:33
2026-06-05,HR,CrestShift Base,(676) 895-7274,contact@crestshiftbase.io,https://www.crestshiftbase.io,143,Austin,US,2026-06-05 04:12:17
2026-06-05,LMS,Velo LessonSphere,(762) 698-0482,null,https://www.velolessonsphere.co,976,Chicago,US,2026-06-05 04:38:07
2026-06-05,ERP,OnyxBatchSuite,961-815-8657,sales@onyxbatchsuite.com,https://www.onyxbatchsuite.com,91,Boston,US,2026-06-05 01:33:09
2026-06-05,ERP,Clear Stock Consulting Group,1-285-830-2866,hello@clearstockconsultinggroup.com,https://clearstockconsultinggroup.com,null,Columbus,US,2026-06-05 01:43:10
2026-06-05,HR,AltaShift Systems,(493) 732-1885,info@altashiftsystems.io,https://www.altashiftsystems.io,29,Austin,US,2026-06-05 01:05:02
2026-06-05,ERP,BrightBatch Suite,(883) 615-5799,contact@brightbatchsuite.io,brightbatchsuite.io,451,Manchester,UK,2026-06-05 03:26:03
2026-06-05,MSP Platform,ZephyrUptime Labs,766-637-8568,sales@zephyruptimelabs.io,https://www.zephyruptimelabs.io,9,Raleigh,US,2026-06-05 03:12:21
2026-06-05,Medical,Solid FilingFlow,+16314607831,sales@solidfilingflow.net,https://www.solidfilingflow.net,19,Bengaluru,IN,2026-06-05 06:54:43
2026-06-05,HR,BeaconPeopleTech,+15253129362,hello@beaconpeopletech.io,beaconpeopletech.io,83,Raleigh,US,2026-06-05 06:21:23
2026-06-05,ERP,RavenForgeFlow,1-297-614-2188,sales@ravenforgeflow.io,https://ravenforgeflow.io,256,London,UK,2026-06-05 01:47:50
2026-06-05,ERP,Nova ChainLogic,358-879-1312,sales@novachainlogic.com,novachainlogic.com,185,Boston,US,2026-06-05 03:33:51
2026-06-05,Medical,AtlasHealth Point,(304) 696-9627,contact@atlashealthpoint.com,https://atlashealthpoint.com,871,Seattle,US,2026-06-05 03:01:11
2026-06-05,Legal,Anchor ClauseSuite,2135067655,sales@anchorclausesuite.com,https://anchorclausesuite.com,6,Boston,US,2026-06-05 02:39:16
2026-06-05,Legal,LumenBriefTech,1-982-987-2077 ext. 12,hello@lumenbrieftech.com,https://www.lumenbrieftech.com,30,Tampa,US,2026-06-05 04:00:59
2026-06-05,HR,MetaPeople Platform,7156987089,hello@metapeopleplatform.com,https://www.metapeopleplatform.com,6,Munich,DE,2026-06-05 03:43:46
2026-06-05,HR,VeloBenefit Labs,(324) 673-2928,contact@velobenefitlabs.com,https://www.velobenefitlabs.com,53,Tampa,US,2026-06-05 04:23:03
2026-06-05,Medical,CobaltPatientLogic,+1 (885) 912-4980,info@cobaltpatientlogic.com,https://www.cobaltpatientlogic.com,35,Islamabad,PK,2026-06-05 04:39:03
2026-06-05,MSP Platform,TrueEndpointSoft,(245) 227-5381,hello@trueendpointsoft.com,trueendpointsoft.com,402,Boston,US,2026-06-05 03:26:33
2026-06-05,Legal,MetaCounsel Labs,539.214.1044,contact@metacounsellabs.com,https://metacounsellabs.com,5,Singapore,SG,2026-06-05 03:36:19
2026-06-05,Medical,IronMed App,+18217989613,contact@ironmedapp.com,https://www.ironmedapp.com,471,Phoenix,US,2026-06-05 05:52:35
2026-06-05,MSP Platform,AnchorMonitor Flow,(578) 575-4118 ext. 51,info@anchormonitorflow.com,https://www.anchormonitorflow.com,520,Boston,US,2026-06-05 04:42:07
2026-06-05,Medical,Core RxCore,(376) 663-2764,contact@corerxcore.io,corerxcore.io,5,Chicago,US,2026-06-05 03:05:17
2026-06-05,MSP Platform,LumenStackPoint,05049186738,contact@lumenstackpoint.io,https://lumenstackpoint.io,239,Boston,US,2026-06-05 02:43:13
2026-06-05,Legal,IndigoFilingHub,+17137933630,contact@indigofilinghub.co,https://www.indigofilinghub.co,459,Raleigh,US,2026-06-05 01:30:14
2026-06-05,Legal,Raven DocketCore,(217) 343-1365,contact@ravendocketcore.com,https://www.ravendocketcore.com,177,Denver,US,2026-06-05 03:42:17
2026-06-05,Legal,Fusion MatterLogic,+13018913147,hello@fusionmatterlogic.com,https://fusionmatterlogic.com,21,Chicago,US,2026-06-05 05:37:39
2026-06-05,HR,Indigo PeopleSync,2707231543,N/A,https://www.indigopeoplesync.com,68,Melbourne,AU,2026-06-05 03:28:46
2026-06-05,HR,Clear BenefitWorks,6937648030,contact@clearbenefitworks.com,clearbenefitworks.com,287,Seattle,US,2026-06-05 06:25:13
2026-06-05,ERP,VertexOps Systems,9048679310 ext. 3,contact@vertexopssystems.com,https://www.vertexopssystems.com,118,Denver,US,2026-06-05 01:11:54
2026-06-05,ERP,Meta FinCore,1-238-391-1710,info@metafincore.io,https://www.metafincore.io,50,Phoenix,US,2026-06-05 01:28:31
2026-06-05,HR,IndigoShift Point,7965320442,info@indigoshiftpoint.io,https://indigoshiftpoint.io,70,Leeds,UK,2026-06-05 02:58:14
2026-06-05,ERP,KeystoneForgeSolutions,786-549-4583,hello@keystoneforgesolutions.io,https://www.keystoneforgesolutions.io,14,Seattle,US,2026-06-05 02:36:20
2026-06-05,MSP Platform,Pivot TicketSolutions,(363) 725-3479,sales@pivotticketsolutions.com,https://www.pivotticketsolutions.com,26,Chicago,US,2026-06-05 05:40:10
2026-06-05,MSP Platform,CobaltMonitorSoft,(820) 221-6772,contact@cobaltmonitorsoft.io,https://cobaltmonitorsoft.io,2282,Vancouver,CA,2026-06-05 03:05:12
2026-06-05,MSP Platform,CoreUptime Point,691-466-8607,sales@coreuptimepoint.co,coreuptimepoint.co,76,Seattle,US,2026-06-05 01:18:03
2026-06-05,HR,Crest PayrollLogic,584-490-0138,contact@crestpayrolllogic.com,https://www.crestpayrolllogic.com,11,Berlin,DE,2026-06-05 01:37:20
2026-06-05,HR,MetaPerformTech,+12837483932 ext. 42,hello@metaperformtech.net,https://www.metaperformtech.net,,Bengaluru,IN,2026-06-05 03:48:22
2026-06-05,ERP,BrightBatchSync,+15513548812,hello@brightbatchsync.net,https://www.brightbatchsync.net,95,Sydney,AU,2026-06-05 06:51:19
2026-06-05,ERP,JuniperForgeDynamics,+17673706414,sales@juniperforgedynamics.co,https://www.juniperforgedynamics.co,59,Tampa,US,2026-06-05 04:16:14
2026-06-05,Medical,NimbusChartWorks,654-525-8731,N/A,https://www.nimbuschartworks.com,4800,Pune,IN,2026-06-05 03:16:54
2026-06-05,ERP,Fusion LedgerFlow,483-308-0082,info@fusionledgerflow.net,https://fusionledgerflow.net,null,Boston,US,2026-06-05 03:16:32
2026-06-05,LMS,SableChain Hub,574.986.8468,hello@sablechainhub.com,https://sablechainhub.com,8,Atlanta,US,2026-06-05 03:14:49
2026-06-05,ERP,SummitFinDynamics,+18652158245,sales@summitfindynamics.com,summitfindynamics.com,45,Boston,US,2026-06-05 01:12:20
2026-06-05,Medical,Nimbus TriageFlow,+14965080891 ext. 51,sales@nimbustriageflow.io,https://nimbustriageflow.io,47,Raleigh,US,2026-06-05 05:52:02
2026-06-05,Medical,Atlas Med Talent Agency,9442215951,sales@atlasmedtalentagency.io,https://www.atlasmedtalentagency.io,156,Singapore,SG,2026-06-05 01:20:31
2026-06-05,MSP Platform,PivotMonitorDynamics,+19798225026,sales@pivotmonitordynamics.com,https://www.pivotmonitordynamics.com,19,Chicago,US,2026-06-05 04:04:58
2026-06-05,MSP Platform,PolarisUptime Systems,+14148881585,sales@polarisuptimesystems.com,https://www.polarisuptimesystems.com,401,Lahore,PK,2026-06-05 05:28:15
2026-06-05,MSP Platform,Pioneer UptimeDynamics,+1 (338) 808-7311,hello@pioneeruptimedynamics.io,https://www.pioneeruptimedynamics.io,173,Tampa,US,2026-06-05 03:54:08
2026-06-05,LMS,BrightLearn Core,(628) 796-3980,hello@brightlearncore.com,https://brightlearncore.com,65,Calgary,CA,2026-06-05 01:17:04
2026-06-05,HR,QuantumTeamApp,+18478594288,hello@quantumteamapp.io,https://quantumteamapp.io,53,Denver,US,2026-06-05 04:19:13
2026-06-05,Medical,BeaconCareSphere,2627075709 ext. 80,contact@beaconcaresphere.io,https://www.beaconcaresphere.io,20,Austin,US,2026-06-05 02:26:42
2026-06-05,MSP Platform,Arch Remote Staffing,1-246-621-7570,contact@archremotestaffing.io,https://www.archremotestaffing.io,849,Denver,US,2026-06-05 06:06:14
2026-06-05,Medical,BoldRx Works,(603) 371-5548,contact@boldrxworks.com,https://boldrxworks.com,260,Tampa,US,2026-06-05 01:42:38
2026-06-05,MSP Platform,NovaPatch Cloud,(405) 596-0758 ext. 9,info@novapatchcloud.com,https://www.novapatchcloud.com,21,Denver,US,2026-06-05 05:31:27
2026-06-05,LMS,AltaQuizLabs,(323) 829-7316 ext. 61,sales@altaquizlabs.net,altaquizlabs.net,28,Boston,US,2026-06-05 03:28:19
2026-06-05,HR,VeloPayrollSphere,(646) 359-4513,sales@velopayrollsphere.com,velopayrollsphere.com,7,Bengaluru,IN,2026-06-05 06:27:49
2026-06-05,Medical,SummitVital Sync,1-658-421-0733,contact@summitvitalsync.com,https://www.summitvitalsync.com,15,Pune,IN,2026-06-05 01:33:25
2026-06-05,HR,AnchorOnboard Core,3643299518,info@anchoronboardcore.com,anchoronboardcore.com,210,Chicago,US,2026-06-05 04:15:45
2026-06-05,Medical,QuantumVitalPoint,(905) 485-1531,sales@quantumvitalpoint.com,https://www.quantumvitalpoint.com,115,Seattle,US,2026-06-05 05:23:16
2026-06-05,MSP Platform,Alta StackLogic,1-972-317-0946,hello@altastacklogic.com,https://www.altastacklogic.com,61,Tampa,US,2026-06-05 06:22:53
2026-06-05,ERP,ZenForge Soft,1-476-245-6888,contact@zenforgesoft.com,zenforgesoft.com,12,Pune,IN,2026-06-05 03:04:04
2026-06-05,ERP,BoldOrder Logic,3186459154,info@boldorderlogic.com,boldorderlogic.com,46,Pune,IN,2026-06-05 04:55:08
2026-06-05,ERP,Harbor PlanSoft,842-873-7340,contact@harborplansoft.com,https://www.harborplansoft.com,18,Phoenix,US,2026-06-05 01:09:37
2026-06-05,MSP Platform,ClearStackLabs,(297) 232-8962,hello@clearstacklabs.com,https://clearstacklabs.com,24,Sydney,AU,2026-06-05 05:36:35
2026-06-05,Medical,Halo TriageHub,2526671314,sales@halotriagehub.io,https://halotriagehub.io,17,Columbus,US,2026-06-05 02:56:18
2026-06-05,MSP Platform,PivotPatch Platform,(679) 603-1086,hello@pivotpatchplatform.com,https://pivotpatchplatform.com,7,Seattle,US,2026-06-05 02:03:39
2026-06-05,ERP,Granite BatchLogic,512.940.7159,hello@granitebatchlogic.co,https://www.granitebatchlogic.co,18,Boston,US,2026-06-05 01:01:48
2026-06-05,ERP,RapidOps Flow,708-683-3061,sales@rapidopsflow.com,https://www.rapidopsflow.com,38,Tampa,US,2026-06-05 05:27:19
2026-06-05,Medical,RapidVital Cloud,235-695-5103,info@rapidvitalcloud.com,https://www.rapidvitalcloud.com,7,Atlanta,US,2026-06-05 01:34:45
2026-06-05,ERP,Raven LedgerFlow,6959241164,info@ravenledgerflow.com,https://ravenledgerflow.com,646,Chicago,US,2026-06-05 06:06:52
2026-06-05,Legal,Granite CompliSuite,3984145749,info@granitecomplisuite.com,granitecomplisuite.com,393,Boston,US,2026-06-05 03:27:30
2026-06-05,Medical,SolidPulse Sync,(646) 650-3910,info@solidpulsesync.com,https://solidpulsesync.com,13,Vancouver,CA,2026-06-05 05:37:59
2026-06-05,HR,MosaicPayrollLogic,4573460531,sales@mosaicpayrolllogic.com,https://www.mosaicpayrolllogic.com,100,Austin,US,2026-06-05 02:49:07
2026-06-05,HR,TrueOnboardApp,763-506-6795 ext. 37,hello@trueonboardapp.com,https://www.trueonboardapp.com,3529,Atlanta,US,2026-06-05 04:33:49
2026-06-05,HR,Bold TeamSuite,3335874775,info@boldteamsuite.com,https://www.boldteamsuite.com,93,Raleigh,US,2026-06-05 01:23:13
2026-06-05,ERP,Zephyr ResourceDynamics,2977959337,contact@zephyrresourcedynamics.com,https://www.zephyrresourcedynamics.com,337,Denver,US,2026-06-05 05:42:09
2026-06-05,MSP Platform,Rapid Node Talent Agency,+14202883850,hello@rapidnodetalentagency.com,https://www.rapidnodetalentagency.com,4888,Amsterdam,NL,2026-06-05 02:28:21
2026-06-05,ERP,GoldenResource Platform,1-476-758-6305,info@goldenresourceplatform.com,https://www.goldenresourceplatform.com,17,Seattle,US,2026-06-05 01:44:13
2026-06-05,Legal,Juniper CaseApp,+15143758970,sales@junipercaseapp.com,junipercaseapp.com,12,Boston,US,2026-06-05 01:10:12
2026-06-05,ERP,VistaFin Works,878-364-5471,sales@vistafinworks.io,https://www.vistafinworks.io,127,Tampa,US,2026-06-05 01:14:37
2026-06-05,Legal,Quartz’s CounselPlatform,6829229303,info@quartzcounselplatform.co,https://www.quartzcounselplatform.co,2839,Atlanta,US,2026-06-05 02:48:54
2026-06-05,ERP,FalconStock Dynamics,399.972.2948 ext. 57,hello@falconstockdynamics.net,https://www.falconstockdynamics.net,171,Calgary,CA,2026-06-05 02:13:33
2026-06-05,ERP,FusionStock Dynamics,675-420-3937,hello@fusionstockdynamics.com,fusionstockdynamics.com,4096,Chicago,US,2026-06-05 01:44:35
2026-06-05,Medical,Onyx VitalSync,597-796-5368,hello@onyxvitalsync.com,https://www.onyxvitalsync.com,12,Boston,US,2026-06-05 06:38:52
2026-06-05,LMS,HaloLessonPlatform,607-784-0917,info@halolessonplatform.io,https://www.halolessonplatform.io,49,Boston,US,2026-06-05 01:47:45
2026-06-05,Legal,JuniperCompliPoint,+16076349024,contact@junipercomplipoint.com,https://www.junipercomplipoint.com,89,Melbourne,AU,2026-06-05 02:39:34
2026-06-05,LMS,SableTutor Soft,827.385.3003,contact@sabletutorsoft.io,https://sabletutorsoft.io,20,Chicago,US,2026-06-05 06:09:25
2026-06-05,HR,Keystone CultureSphere,06565643785,contact@keystoneculturesphere.com,https://www.keystoneculturesphere.com,400,Austin,US,2026-06-05 03:38:16
2026-06-05,LMS,VertexQuiz Labs,+19896997309,info@vertexquizlabs.com,https://www.vertexquizlabs.com,N/A,Boston,US,2026-06-05 04:53:30
2026-06-05,MSP Platform,Solid EndpointWorks,568-551-3411,hello@solidendpointworks.com,https://solidendpointworks.com,41,Boston,US,2026-06-05 04:33:42
2026-06-05,MSP Platform,BoldPatch Flow,1-929-423-5492,sales@boldpatchflow.com,https://www.boldpatchflow.com,7,Boston,US,2026-06-05 02:02:12
2026-06-05,HR,MetaPayroll Labs,2135686818,N/A,metapayrolllabs.com,417,Sydney,AU,2026-06-05 02:26:55
2026-06-05,Medical,LatticeHealthSolutions,+19883307412,-,https://www.latticehealthsolutions.io,63,London,UK,2026-06-05 01:57:15
2026-06-05,ERP,RapidResource Sphere,+1 (365) 314-3811,info@rapidresourcesphere.com,https://rapidresourcesphere.com,10,Denver,US,2026-06-05 02:37:21
2026-06-05,MSP Platform,BeaconRemote Suite,+17685146634,sales@beaconremotesuite.com,https://www.beaconremotesuite.com,,Dublin,IE,2026-06-05 02:28:24
2026-06-05,MSP Platform,BrightRemote Tech,04833984935 ext. 80,sales@brightremotetech.io,https://brightremotetech.io,8,Pune,IN,2026-06-05 05:28:41
2026-06-05,ERP,HaloOps Sphere,982-988-6301,info@haloopssphere.co,https://www.haloopssphere.co,7,London,UK,2026-06-05 05:39:17
2026-06-05,HR,JuniperOnboardApp,(767) 333-4234,sales@juniperonboardapp.net,juniperonboardapp.net,7,Lahore,PK,2026-06-05 05:17:52
2026-06-05,Medical,LumenChart App,355.307.4781,contact@lumenchartapp.io,https://www.lumenchartapp.io,133,Tampa,US,2026-06-05 04:58:21
2026-06-05,Medical,Nimbus ClinicCloud,+19372938058,info@nimbuscliniccloud.com,https://www.nimbuscliniccloud.com,22,Tampa,US,2026-06-05 05:45:34
2026-06-05,ERP,SummitBatch Dynamics,+1 (502) 890-8829,contact@summitbatchdynamics.io,https://www.summitbatchdynamics.io,19,Chicago,US,2026-06-05 02:46:37
2026-06-05,MSP Platform,Nimbus NetPlatform,489-568-5891,sales@nimbusnetplatform.com,https://www.nimbusnetplatform.com,27,Singapore,SG,2026-06-05 03:37:16
2026-06-05,Medical,MosaicPatiént Base,(596) 723-8874,sales@mosaicpatientbase.co,https://www.mosaicpatientbase.co,175,Amsterdam,NL,2026-06-05 05:02:16
2026-06-05,Legal,CoreVerdictSuite,9593924732,contact@coreverdictsuite.com,https://coreverdictsuite.com,13,Pune,IN,2026-06-05 05:59:09
2026-06-05,HR,SilverTalentCore,796.340.1301,contact@silvertalentcore.com,https://www.silvertalentcore.com,776,Calgary,CA,2026-06-05 01:59:05
2026-06-05,Legal,OnyxLaw Sync,(708) 451-0107,info@onyxlawsync.com,onyxlawsync.com,229,Columbus,US,2026-06-05 03:03:46
2026-06-05,Medical,NovaMed Sphere,(972) 285-0358,sales@novamedsphere.com,novamedsphere.com,532,Phoenix,US,2026-06-05 01:07:17
2026-06-05,Medical,Xenon TriageSync,218-847-9079,info@xenontriagesync.io,https://www.xenontriagesync.io,235,Chicago,US,2026-06-05 02:38:25
2026-06-05,HR,Nimbus Roster Talent Agency,(798) 477-5022,hello@nimbusrostertalentagency.com,https://www.nimbusrostertalentagency.com,289,Raleigh,US,2026-06-05 06:00:53
2026-06-05,HR,Ridgeway PayrollSystems,530.374.1820,info@ridgewaypayrollsystems.com,https://ridgewaypayrollsystems.com,123,Austin,US,2026-06-05 06:22:15
2026-06-05,ERP,PrimeBatch Dynamics,4523715412,sales@primebatchdynamics.com,https://www.primebatchdynamics.com,23,null,US,2026-06-05 03:19:01
2026-06-05,ERP,XenonForge Core,1-793-355-8497 ext. 23,hello@xenonforgecore.com,xenonforgecore.com,206,Karachi,PK,2026-06-05 01:18:07
2026-06-05,ERP,SilverFin Dynamics,1-447-912-8531,sales@silverfindynamics.io,silverfindynamics.io,71,London,UK,2026-06-05 04:22:19
2026-06-05,Medical,RavenClinicSync,+12552086521 ext. 97,contact@ravenclinicsync.com,ravenclinicsync.com,15,Tampa,US,2026-06-05 02:11:37
2026-06-05,LMS,QuantumLearn Labs,+16673916904,info@quantumlearnlabs.net,https://www.quantumlearnlabs.net,62,Chicago,US,2026-06-05 05:43:08
2026-06-05,HR,ArchTalentLabs,866-421-2092,hello@archtalentlabs.io,https://www.archtalentlabs.io,,Denver,US,2026-06-05 01:07:50
2026-06-05,Legal,LatticeMatter Sphere,+15598572129,N/A,latticemattersphere.co,100,Lahore,PK,2026-06-05 04:04:04
2026-06-05,MSP Platform,Delta RemoteDesk,(744) 710-2631,contact@deltaremotedesk.net,https://www.deltaremotedesk.net,421,Phoenix,US,2026-06-05 04:49:52
2026-06-05,LMS,DeltaSkillPlatform,+18036438876,hello@deltaskillplatform.io,https://www.deltaskillplatform.io,25,Atlanta,US,2026-06-05 06:23:14
2026-06-05,HR,ClearRoster Tech,(723) 769-3367,contact@clearrostertech.com,https://clearrostertech.com,100,Chicago,US,2026-06-05 01:14:46
2026-06-05,HR,Cobalt OnboardDynamics,1-462-985-6576,hello@cobaltonboarddynamics.co,https://www.cobaltonboarddynamics.co,77,Chicago,US,2026-06-05 02:41:52
2026-06-05,MSP Platform,AltaNetHub,+13682216057,contact@altanethub.com,https://www.altanethub.com,411,Tampa,US,2026-06-05 03:06:04
2026-06-05,ERP,Quantum FinLogic,750-555-6030 ext. 82,sales@quantumfinlogic.com,https://www.quantumfinlogic.com,19,Columbus,US,2026-06-05 01:55:15
2026-06-05,HR,Xenon BenefitTech,976.349.6660,contact@xenonbenefittech.net,xenonbenefittech.net,11,Phoenix,US,2026-06-05 02:49:05
2026-06-05,MSP Platform,Blue MonitorSolutions,866-876-8024,hello@bluemonitorsolutions.net,https://www.bluemonitorsolutions.net,,Raleigh,US,2026-06-05 06:43:07
2026-06-05,Legal,NovaBrief Cloud,(219) 660-1518,info@novabriefcloud.com,https://www.novabriefcloud.com,14,Phoenix,US,2026-06-05 02:26:48
2026-06-05,MSP Platform,VeloNode Logic,(514) 236-5299,info@velonodelogic.com,https://www.velonodelogic.com,54,Denver,US,2026-06-05 04:30:42
2026-06-05,Legal,GraniteMatter Hub,468-635-7248,hello@granitematterhub.net,https://www.granitematterhub.net,39,Leeds,UK,2026-06-05 01:05:52
2026-06-05,MSP Platform,LatticeRemoteDynamics,+19445271458,contact@latticeremotedynamics.com,https://latticeremotedynamics.com,93,Sydney,AU,2026-06-05 06:29:21
2026-06-05,Legal,AltaLaw Works,+14317455421,sales@altalawworks.com,https://altalawworks.com,65,Austin,US,2026-06-05 04:16:49
2026-06-05,ERP,RavenForgePoint,(474) 505-9642,contact@ravenforgepoint.com,https://www.ravenforgepoint.com,516,Boston,US,2026-06-05 04:56:01
2026-06-05,HR,UmbraRosterApp,05237590433,sales@umbrarosterapp.com,https://www.umbrarosterapp.com,314,Atlanta,US,2026-06-05 02:12:10
2026-06-05,MSP Platform,PioneerEndpoint Sync,+1 (394) 362-7499,hello@pioneerendpointsync.com,https://pioneerendpointsync.com,70,Dublin,IE,2026-06-05 06:46:45
2026-06-05,LMS,KeystoneSkillPoint,+14644807207,hello@keystoneskillpoint.com,https://keystoneskillpoint.com,192,Boston,US,2026-06-05 02:05:48
2026-06-05,Medical,OmniClinicCore,682.412.1424,sales@omnicliniccore.net,https://omnicliniccore.net,14,Vancouver,CA,2026-06-05 06:31:17
2026-06-05,Medical,RidgewayPatient Point,3112061413,info@ridgewaypatientpoint.com,https://ridgewaypatientpoint.com,89,Austin,US,2026-06-05 05:35:20
2026-06-05,HR,NorthRoster Works,05428004667,info@northrosterworks.io,https://www.northrosterworks.io,291,Austin,US,2026-06-05 06:39:15
2026-06-05,LMS,Bright LearnSuite,876-602-5316,hello@brightlearnsuite.com,https://brightlearnsuite.com,3434,Hyderabad,IN,2026-06-05 04:05:33
2026-06-05,MSP Platform,Ridge MonitorSuite,640-846-0327 ext. 14,sales@ridgemonitorsuite.net,https://www.ridgemonitorsuite.net,N/A,Pune,IN,2026-06-05 02:04:07
2026-06-05,Medical,Solid CarePoint,9465851375,sales@solidcarepoint.io,https://www.solidcarepoint.io,498,Sydney,AU,2026-06-05 05:14:17
2026-06-05,ERP,HarborLedger App,1-832-645-4173,info@harborledgerapp.io,https://www.harborledgerapp.io,2088,null,US,2026-06-05 06:01:18
2026-06-05,Medical,Ridgeway Triage Manpower Services,663-887-7639,hello@ridgewaytriagemanpowerservices.co,https://www.ridgewaytriagemanpowerservices.co,43,Pune,IN,2026-06-05 01:09:01
2026-06-05,Medical,Crest MedHub,681-488-4400,hello@crestmedhub.com,crestmedhub.com,88,Calgary,CA,2026-06-05 02:39:10
2026-06-05,Legal,BrightDocketHub,850.289.0287,sales@brightdockethub.io,https://brightdockethub.io,25,Boston,US,2026-06-05 05:02:05
2026-06-05,MSP Platform,Iron RemoteCloud,274-832-8150,sales@ironremotecloud.com,https://www.ironremotecloud.com,18,Columbus,US,2026-06-05 01:22:44
2026-06-05,Legal,Sable VerdictFlow,(717) 641-0643,info@sableverdictflow.com,https://www.sableverdictflow.com,8,Chicago,US,2026-06-05 02:24:05
2026-06-05,ERP,BlueStock Works,02377696577,info@bluestockworks.com,https://bluestockworks.com,10,Seattle,US,2026-06-05 02:37:37
2026-06-05,MSP Platform,HarborUptimePoint,+19456367442,info@harboruptimepoint.io,https://harboruptimepoint.io,373,Melbourne,AU,2026-06-05 03:58:44
2026-06-05,Legal,PioneerCounsel Soft,691-331-2958,sales@pioneercounselsoft.io,https://www.pioneercounselsoft.io,459,Munich,DE,2026-06-05 06:55:08
2026-06-05,Medical,Indigo ClinicHub,813-547-9484,sales@indigoclinichub.co,https://www.indigoclinichub.co,2785,Leeds,UK,2026-06-05 06:08:09
2026-06-05,Medical,BoldPatient Sphere,(331) 463-8755,info@boldpatientsphere.io,https://www.boldpatientsphere.io,445,Denver,US,2026-06-05 05:26:01
2026-06-05,HR,Silver RosterApp,293.610.1896,contact@silverrosterapp.com,https://silverrosterapp.com,85,null,CA,2026-06-05 05:29:02
2026-06-05,Medical,CedarTriagePoint,9746805978,contact@cedartriagepoint.co,cedartriagepoint.co,1660,Denver,US,2026-06-05 02:16:41
2026-06-05,MSP Platform,Iron StackBase,+16228822124,hello@ironstackbase.io,https://www.ironstackbase.io,31,Phoenix,US,2026-06-05 03:00:52
2026-06-05,HR,BrightPeoplePlatform,+12429199777,-,https://brightpeopleplatform.io,329,Denver,US,2026-06-05 01:13:56
2026-06-05,ERP,AltaStock Systems,806-408-6245,contact@altastocksystems.co,https://www.altastocksystems.co,67,Leeds,UK,2026-06-05 04:33:37
2026-06-05,Legal,ZephyrCompli Base,8477134449,sales@zephyrcomplibase.com,https://zephyrcomplibase.com,2082,Tampa,US,2026-06-05 06:53:59
2026-06-05,ERP,SilverChainLabs,482-489-7310,contact@silverchainlabs.net,silverchainlabs.net,163,Raleigh,US,2026-06-05 01:33:10
2026-06-05,Medical,Umbra ClinicTech,777.664.5084,hello@umbraclinictech.com,https://www.umbraclinictech.com,7,Tampa,US,2026-06-05 03:44:08
2026-06-05,ERP,Lumen PlanTech,+12919085771,info@lumenplantech.io,https://www.lumenplantech.io,19,Tampa,US,2026-06-05 01:18:22
2026-06-05,ERP,Quantum ChainPlatform,(837) 425-0742,hello@quantumchainplatform.co,https://www.quantumchainplatform.co,15,Berlin,DE,2026-06-05 06:04:26
2026-06-05,HR,Xenon TeamPoint,283-755-6542 ext. 69,N/A,https://xenonteampoint.com,11,Boston,US,2026-06-05 02:25:13
2026-06-05,HR,Omni RosterSphere,+15864329087,contact@omnirostersphere.net,https://www.omnirostersphere.net,20,Chicago,US,2026-06-05 05:34:53
2026-06-05,HR,Crown TeamPoint,2274781511,sales@crownteampoint.com,https://www.crownteampoint.com,98,Chicago,US,2026-06-05 03:13:52
2026-06-05,MSP Platform,NovaFilingHub,+13358574142,hello@novafilinghub.io,https://www.novafilinghub.io,8,Raleigh,US,2026-06-05 02:01:57
2026-06-05,MSP Platform,Ember StackTech,3985842833,info@emberstacktech.com,https://www.emberstacktech.com,21,Columbus,US,2026-06-05 04:16:02
2026-06-05,HR,BrightShift Solutions,+1 (650) 449-2155,contact@brightshiftsolutions.com,https://www.brightshiftsolutions.com,38,Austin,US,2026-06-05 02:02:44
2026-06-05,ERP,FalconOpsWorks,939.308.8248 ext. 99,hello@falconopsworks.com,https://www.falconopsworks.com,39,Raleigh,US,2026-06-05 01:14:08
2026-06-05,HR,UmbraBenefitSuite,(518) 589-6412,sales@umbrabenefitsuite.com,https://www.umbrabenefitsuite.com,9,London,UK,2026-06-05 02:55:30
2026-06-05,Legal,AnchorFilingSystems,1-205-233-6286 ext. 61,sales@anchorfilingsystems.com,https://www.anchorfilingsystems.com,9,Austin,US,2026-06-05 06:31:15
2026-06-05,HR,HaloOnboardSync,(703) 558-9194,contact@haloonboardsync.io,https://www.haloonboardsync.io,159,Chicago,US,2026-06-05 02:29:31
2026-06-05,HR,Nimbus PayrollCore,(829) 210-9503 ext. 31,-,https://www.nimbuspayrollcore.com,1290,Raleigh,US,2026-06-05 04:09:41
2026-06-05,Legal,AtlasDocketSolutions,705.609.9151,sales@atlasdocketsolutions.com,https://www.atlasdocketsolutions.com,50,Vancouver,CA,2026-06-05 05:14:42
2026-06-05,Medical,ApexHealth Logic,9424052965,info@apexhealthlogic.com,https://apexhealthlogic.com,100,Boston,US,2026-06-05 02:23:48
2026-06-05,ERP,NovaOrderPoint,1-975-515-7831,hello@novaorderpoint.com,novaorderpoint.com,33,Denver,US,2026-06-05 03:55:57
2026-06-05,Medical,CrestClinicApp,414-672-9974,hello@crestclinicapp.io,https://crestclinicapp.io,981,Singapore,SG,2026-06-05 01:50:52
2026-06-05,LMS,QuantumCohortSync,1-905-592-2601 ext. 15,info@quantumcohortsync.com,https://www.quantumcohortsync.com,,Seattle,US,2026-06-05 01:33:08
2026-06-05,Medical,FalconHealthHub,+1 (407) 810-0553,info@falconhealthhub.io,https://www.falconhealthhub.io,3397,Raleigh,US,2026-06-05 02:32:56
2026-06-05,ERP,BrightLedger Cloud,547.453.7376,hello@brightledgercloud.com,https://www.brightledgercloud.com,63,Raleigh,US,2026-06-05 06:29:32
2026-06-05,Medical,GoldenPatient Flow,6416640328,hello@goldenpatientflow.io,https://www.goldenpatientflow.io,20,Melbourne,AU,2026-06-05 05:39:07
2026-06-05,Medical,Atlas PulseBase,2594359268 ext. 59,sales@atlaspulsebase.com,https://www.atlaspulsebase.com,367,Tampa,US,2026-06-05 06:59:29
2026-06-05,ERP,Bright Ledger Recruiting,438.543.9530 ext. 77,contact@brightledgerrecruiting.io,brightledgerrecruiting.io,61,Bengaluru,IN,2026-06-05 05:48:25
2026-06-05,LMS,ClearTrain Cloud,(230) 892-8904,contact@cleartraincloud.com,https://www.cleartraincloud.com,90,Leeds,UK,2026-06-05 04:49:53
2026-06-05,HR,KeystoneRosterApp,+13544455879,sales@keystonerosterapp.com,https://www.keystonerosterapp.com,230,Manchester,UK,2026-06-05 04:44:42
2026-06-05,LMS,XenonOrderCloud,(890) 527-2070,info@xenonordercloud.com,https://xenonordercloud.com,7,Leeds,UK,2026-06-05 06:19:06
2026-06-05,HR,CoreTeamApp,954-340-5059,hello@coreteamapp.co,https://coreteamapp.co,56,Raleigh,US,2026-06-05 04:47:05
2026-06-05,Legal,CoreFiling Dynamics,+18396507084,N/A,https://corefilingdynamics.com,88,Raleigh,US,2026-06-05 03:53:34
2026-06-05,ERP,TidalFinFlow,2153471298,sales@tidalfinflow.com,https://www.tidalfinflow.com,11,Boston,US,2026-06-05 01:25:50
2026-06-05,ERP,RidgeLedgerSync,(724) 414-1946,info@ridgeledgersync.com,https://www.ridgeledgersync.com,48,Boston,US,2026-06-05 02:53:00
2026-06-05,Medical,TrueCare Cloud,314.932.5865,sales@truecarecloud.io,truecarecloud.io,540,Lahore,PK,2026-06-05 06:00:47
2026-06-05,HR,SolidPeople Platform,(528) 406-3756,hello@solidpeopleplatform.net,https://www.solidpeopleplatform.net,11,Vancouver,CA,2026-06-05 06:28:41
2026-06-05,MSP Platform,North NetDynamics,6998249531,contact@northnetdynamics.co,https://northnetdynamics.co,223,null,US,2026-06-05 01:43:08
2026-06-05,ERP,Keystone BatchFlow,+18578518201 ext. 1,contact@keystonebatchflow.io,https://keystonebatchflow.io,23,Melbourne,AU,2026-06-05 06:45:24
2026-06-05,Legal,AltaVerdictLabs,504-478-2372,sales@altaverdictlabs.com,https://www.altaverdictlabs.com,1170,Columbus,US,2026-06-05 02:19:08
2026-06-05,LMS,ArchTrainLabs,6127184281,contact@archtrainlabs.com,https://archtrainlabs.com,2056,Tampa,US,2026-06-05 05:08:14
2026-06-05,MSP Platform,ArchNodePoint,(547) 637-3946,contact@archnodepoint.io,https://www.archnodepoint.io,846,Boston,US,2026-06-05 05:24:09
2026-06-05,HR,NorthPeople Labs,666-803-1394,contact@northpeoplelabs.com,https://www.northpeoplelabs.com,372,Singapore,SG,2026-06-05 05:14:39
2026-06-05,HR,TidalTeam Sphere,06437878141,sales@tidalteamsphere.com,tidalteamsphere.com,661,Boston,US,2026-06-05 05:12:02
2026-06-05,ERP,MosaicForgeSync,+17209671218,sales@mosaicforgesync.com,https://mosaicforgesync.com,4647,Tampa,US,2026-06-05 01:18:57
2026-06-05,LMS,PrimeCourseLogic,5769946102,contact@primecourselogic.com,https://www.primecourselogic.com,13,Melbourne,AU,2026-06-05 06:47:50
2026-06-05,ERP,Velo Ledger BPO Services,254-915-0187,contact@veloledgerbposervices.com,https://www.veloledgerbposervices.com,521,Seattle,US,2026-06-05 04:58:38
2026-06-05,Medical,Cedar PatientSync,305.619.0216,contact@cedarpatientsync.co,cedarpatientsync.co,25,Dublin,IE,2026-06-05 03:01:52
2026-06-05,ERP,HaloPlanCloud,5003601530,info@haloplancloud.net,haloplancloud.net,97,Seattle,US,2026-06-05 06:09:10
2026-06-05,Medical,Rapid MedBase,03236309736,hello@rapidmedbase.com,rapidmedbase.com,27,Melbourne,AU,2026-06-05 02:38:20
2026-06-05,ERP,ClearChain Labs,(644) 485-9914,info@clearchainlabs.com,https://clearchainlabs.com,76,Amsterdam,NL,2026-06-05 05:40:05
2026-06-05,HR,North TalentPoint,729.593.6154 ext. 6,hello@northtalentpoint.io,https://www.northtalentpoint.io,421,Calgary,CA,2026-06-05 05:15:14
2026-06-05,ERP,Crown OrderBase,5682167342,info@crownorderbase.com,https://www.crownorderbase.com,29,Singapore,SG,2026-06-05 02:57:02
2026-06-05,Legal,CrownCaseSphere,872-278-4113,contact@crowncasesphere.com,https://www.crowncasesphere.com,262,Chicago,US,2026-06-05 06:54:31
2026-06-05,MSP Platform,RidgeRemote Hub,(663) 352-8173,info@ridgeremotehub.com,ridgeremotehub.com,792,Atlanta,US,2026-06-05 04:36:46
2026-06-05,ERP,XenonLedgerTech,403-265-0986,contact@xenonledgertech.io,https://www.xenonledgertech.io,23,Austin,US,2026-06-05 02:54:15
2026-06-05,MSP Platform,AtlasNode Soft,+13774731202,sales@atlasnodesoft.com,https://atlasnodesoft.com,56,Hyderabad,IN,2026-06-05 01:41:53
2026-06-05,Legal,BrightFilingLabs,+1 (698) 459-3909,info@brightfilinglabs.io,brightfilinglabs.io,7,Sydney,AU,2026-06-05 03:43:05
2026-06-05,ERP,ArchFin Labs,6952194649 ext. 98,sales@archfinlabs.com,https://www.archfinlabs.com,95,Austin,US,2026-06-05 06:44:26
2026-06-05,Medical,AtlasPulse Sync,470-408-2535,hello@atlaspulsesync.com,https://www.atlaspulsesync.com,44,Vancouver,CA,2026-06-05 06:28:54
2026-06-05,Medical,Mosaic TriageSphere,396.942.4435,contact@mosaictriagesphere.net,https://www.mosaictriagesphere.net,66,Austin,US,2026-06-05 05:28:46
2026-06-05,HR,Blue PerformSphere,1-300-752-7406,sales@blueperformsphere.com,https://www.blueperformsphere.com,2971,Phoenix,US,2026-06-05 04:22:49
2026-06-05,ERP,ArchOpsSuite,1-478-733-9940,info@archopssuite.io,https://www.archopssuite.io,317,Vancouver,CA,2026-06-05 03:51:53
2026-06-05,Medical,IronRxFlow,+18658030969,info@ironrxflow.com,https://ironrxflow.com,52,Manchester,UK,2026-06-05 01:01:01
2026-06-05,ERP,OrbitOrderCloud,+19044836418,hello@orbitordercloud.com,orbitordercloud.com,8,Singapore,SG,2026-06-05 04:29:35
2026-06-05,Medical,CrownCareDesk,(650) 295-5027,hello@crowncaredesk.co,https://www.crowncaredesk.co,220,Munich,DE,2026-06-05 01:28:05
2026-06-05,LMS,Sablé LessonBase,1-920-783-4238,contact@sablelessonbase.com,https://www.sablelessonbase.com,16,Melbourne,AU,2026-06-05 01:51:23
2026-06-05,Legal,True FilingWorks,+19053551670,info@truefilingworks.co,https://www.truefilingworks.co,21,London,UK,2026-06-05 04:43:53
2026-06-05,ERP,Xenon Batch Recruiting,(941) 594-7746,contact@xenonbatchrecruiting.com,https://www.xenonbatchrecruiting.com,null,Austin,US,2026-06-05 05:04:06
2026-06-05,HR,ApexCare Logic,2953220729,sales@apexcarelogic.io,https://www.apexcarelogic.io,342,Munich,DE,2026-06-05 03:40:19
2026-06-05,MSP Platform,NimbusNet Systems,(976) 822-6008,hello@nimbusnetsystems.co,https://nimbusnetsystems.co,56,Atlanta,US,2026-06-05 05:55:54
2026-06-05,MSP Platform,Vertex Remote Staffing,05096870608,sales@vertexremotestaffing.com,https://www.vertexremotestaffing.com,19,Dublin,IE,2026-06-05 04:20:00
2026-06-05,ERP,QuantumOps Base,8478556073,info@quantumopsbase.co,https://www.quantumopsbase.co,19,Seattle,US,2026-06-05 06:25:37
2026-06-05,Legal,CrownLawLogic,+15976855327,hello@crownlawlogic.com,https://crownlawlogic.com,67,Raleigh,US,2026-06-05 06:14:49
2026-06-05,ERP,MetaChainPlatform,939-697-3943,hello@metachainplatform.com,https://metachainplatform.com,1189,Phoenix,US,2026-06-05 03:33:48
2026-06-05,ERP,ZephyrFinSuite,(557) 855-2348,hello@zephyrfinsuite.net,https://www.zephyrfinsuite.net,,Boston,US,2026-06-05 04:26:04
2026-06-05,HR,FalconCulture Platform,+16579987373,hello@falconcultureplatform.com,https://www.falconcultureplatform.com,126,Seattle,US,2026-06-05 02:34:18
2026-06-05,HR,MosaicCulture Desk,(752) 444-5950 ext. 9,info@mosaicculturedesk.io,https://www.mosaicculturedesk.io,26,Denver,US,2026-06-05 06:00:37
2026-06-05,ERP,Halo OrderSync,662-682-4688,contact@haloordersync.com,https://www.haloordersync.com,73,Chicago,US,2026-06-05 05:19:36
2026-06-05,Legal,OrbitDocketDynamics,+14197492797,N/A,https://www.orbitdocketdynamics.com,90,Amsterdam,NL,2026-06-05 03:06:31
2026-06-05,MSP Platform,NovaRemote Solutions,412-915-0636,hello@novaremotesolutions.com,https://www.novaremotesolutions.com,67,Raleigh,US,2026-06-05 03:39:22
2026-06-05,MSP Platform,NimbusMonitorLogic,983-390-9336,hello@nimbusmonitorlogic.com,https://www.nimbusmonitorlogic.com,8,Bengaluru,IN,2026-06-05 05:15:03
2026-06-05,ERP,Polaris ForgeFlow,8887498505,contact@polarisforgeflow.com,polarisforgeflow.com,23,Atlanta,US,2026-06-05 06:42:00
2026-06-05,MSP Platform,LatticeGrid Cloud,872-389-2606,sales@latticegridcloud.com,https://www.latticegridcloud.com,32,Boston,US,2026-06-05 01:51:52
2026-06-05,MSP Platform,Lattice Patch Consultants,664-735-7172,sales@latticepatchconsultants.com,https://www.latticepatchconsultants.com,36,Sydney,AU,2026-06-05 01:45:19
2026-06-05,HR,Silver PayrollCore,8283616113,sales@silverpayrollcore.co,https://silverpayrollcore.co,14,Columbus,US,2026-06-05 04:15:42
2026-06-05,LMS,GoldenSkillCloud,8359433136 ext. 38,N/A,https://goldenskillcloud.com,44,Raleigh,US,2026-06-05 01:10:05
2026-06-05,Legal,VertexLaw Platform,939-235-9154,info@vertexlawplatform.com,https://www.vertexlawplatform.com,19,Raleigh,US,2026-06-05 04:39:51
2026-06-05,MSP Platform,TrueStackDesk,(548) 476-2694,contact@truestackdesk.com,https://www.truestackdesk.com,5,Denver,US,2026-06-05 01:02:44
2026-06-05,HR,IronTeamWorks,+13732650832 ext. 68,info@ironteamworks.io,https://www.ironteamworks.io,13,Toronto,CA,2026-06-05 04:17:29
2026-06-05,HR,NimbusRoster Flow,(548) 295-1796,contact@nimbusrosterflow.net,nimbusrosterflow.net,618,London,UK,2026-06-05 06:07:43
2026-06-05,Legal,Core DocketTech,+16338507711,hello@coredockettech.com,coredockettech.com,60,Singapore,SG,2026-06-05 05:04:45
2026-06-05,Legal,SableMatter Desk,277-530-8111 ext. 27,contact@sablematterdesk.io,https://www.sablematterdesk.io,7,Sydney,AU,2026-06-05 03:22:26
2026-06-05,Medical,Zen PatientSphere,+1 (323) 531-2713,sales@zenpatientsphere.co,https://www.zenpatientsphere.co,987,Denver,US,2026-06-05 01:20:17
2026-06-05,ERP,Ridgeway StockSoft,(686) 265-9397,hello@ridgewaystocksoft.com,https://www.ridgewaystocksoft.com,159,Tampa,US,2026-06-05 02:17:15
2026-06-05,ERP,KeystoneResourceSphere,+18706286597,sales@keystoneresourcesphere.com,https://www.keystoneresourcesphere.com,19,London,UK,2026-06-05 02:10:43
2026-06-05,HR,LumenPeopleTech,07455595039,sales@lumenpeopletech.com,https://lumenpeopletech.com,73,Tampa,US,2026-06-05 02:03:05
2026-06-05,HR,SummitBenefit Suite,5338651707,sales@summitbenefitsuite.com,summitbenefitsuite.com,504,Atlanta,US,2026-06-05 06:57:34
2026-06-05,Legal,IronVerdictPlatform,9817681095,hello@ironverdictplatform.com,https://ironverdictplatform.com,11,Phoenix,US,2026-06-05 05:30:56
2026-06-05,Medical,CedarCare Systems,8806243305,sales@cedarcaresystems.io,https://www.cedarcaresystems.io,12,Tampa,US,2026-06-05 02:06:11
2026-06-05,Medical,CrownPatient Base,1-541-230-9471,contact@crownpatientbase.co,https://www.crownpatientbase.co,24,Munich,DE,2026-06-05 02:34:07
2026-06-05,Legal,RapidDocket Flow,(558) 256-6772,hello@rapiddocketflow.co,https://rapiddocketflow.co,39,Seattle,US,2026-06-05 04:10:15
2026-06-05,HR,Ridgeway RosterCore,9642801822,contact@ridgewayrostercore.com,https://www.ridgewayrostercore.com,490,Vancouver,CA,2026-06-05 01:27:35
2026-06-05,Legal,GoldenFiling Labs,+15403027836,hello@goldenfilinglabs.com,goldenfilinglabs.com,61,Islamabad,PK,2026-06-05 03:20:06
2026-06-05,Medical,IndigoClinicSystems,381-806-2687,sales@indigoclinicsystems.net,https://www.indigoclinicsystems.net,156,Atlanta,US,2026-06-05 01:14:26
2026-06-05,LMS,Pioneer MentorPlatform,6003854580,info@pioneermentorplatform.io,https://www.pioneermentorplatform.io,154,Phoenix,US,2026-06-05 01:11:53
2026-06-05,ERP,Pivot FinDynamics,(579) 702-3536,info@pivotfindynamics.net,https://www.pivotfindynamics.net,373,Phoenix,US,2026-06-05 06:19:00
2026-06-05,HR,BoldShiftLabs,(293) 904-7100,info@boldshiftlabs.com,https://www.boldshiftlabs.com,25,Austin,US,2026-06-05 03:43:52
2026-06-05,MSP Platform,EmberNode Systems,+15773224350,contact@embernodesystems.io,embernodesystems.io,40,Singapore,SG,2026-06-05 03:51:18
2026-06-05,ERP,KeystoneChainSphere,708-343-5331,hello@keystonechainsphere.com,https://www.keystonechainsphere.com,385,Vancouver,CA,2026-06-05 03:23:44
2026-06-05,ERP,Fusion StockFlow,934-485-5218,info@fusionstockflow.com,https://fusionstockflow.com,52,Austin,US,2026-06-05 03:04:25
2026-06-05,Medical,PivotChart Tech,1-544-432-6040 ext. 41,info@pivotcharttech.io,https://www.pivotcharttech.io,681,Melbourne,AU,2026-06-05 02:58:16
2026-06-05,HR,AltaShift Cloud,1-730-905-8384,info@altashiftcloud.io,https://altashiftcloud.io,78,Boston,US,2026-06-05 01:58:43
2026-06-05,MSP Platform,SilverEndpointCloud,(393) 765-0323,contact@silverendpointcloud.net,https://www.silverendpointcloud.net,950,Denver,US,2026-06-05 03:39:47
2026-06-05,ERP,Sable LedgerHub,+15035763813,sales@sableledgerhub.com,https://www.sableledgerhub.com,224,Phoenix,US,2026-06-05 03:22:26
2026-06-05,ERP,WillowOrder Logic,5043383411,hello@willoworderlogic.com,https://www.willoworderlogic.com,20,Raleigh,US,2026-06-05 03:37:56
2026-06-05,ERP,CrownFinApp,(206) 392-3671,contact@crownfinapp.com,crownfinapp.com,8,N/A,DE,2026-06-05 05:26:58
2026-06-05,HR,Omni PerformFlow,4748769227,contact@omniperformflow.com,https://www.omniperformflow.com,46,Seattle,US,2026-06-05 03:06:25
2026-06-05,MSP Platform,Anchor PatchTech,813-692-2120,N/A,https://anchorpatchtech.io,14,Dublin,IE,2026-06-05 02:43:54
2026-06-05,Legal,ApexDocketSolutions,356-789-5400,sales@apexdocketsolutions.co,https://www.apexdocketsolutions.co,43,Chicago,US,2026-06-05 01:48:29
2026-06-05,ERP,Beacon ResourceSoft,+1 (457) 314-1746,sales@beaconresourcesoft.com,https://beaconresourcesoft.com,197,Atlanta,US,2026-06-05 05:36:06
2026-06-05,MSP Platform,Nimbus EndpointCloud,+18106035542,contact@nimbusendpointcloud.co,https://nimbusendpointcloud.co,122,Austin,US,2026-06-05 03:22:02
2026-06-05,ERP,TidalOps Platform,262-801-7483,hello@tidalopsplatform.com,tidalopsplatform.com,8,Atlanta,US,2026-06-05 05:52:41
2026-06-05,Legal,MetaLawSystems,+19814048255,info@metalawsystems.com,https://www.metalawsystems.com,231,N/A,AU,2026-06-05 02:20:06
2026-06-05,LMS,PioneerCohortLabs,(577) 849-5285,info@pioneercohortlabs.io,pioneercohortlabs.io,148,Berlin,DE,2026-06-05 04:23:34
2026-06-05,ERP,XenonFin Flow,+1 (727) 870-2932,sales@xenonfinflow.com,https://xenonfinflow.com,7,Toronto,CA,2026-06-05 01:15:34
2026-06-05,MSP Platform,Crest MonitorDynamics,1-882-611-9167,hello@crestmonitordynamics.io,https://crestmonitordynamics.io,12,Boston,US,2026-06-05 04:13:04
2026-06-05,Medical,Bold VitalSuite,1-390-884-1731,sales@boldvitalsuite.co,https://www.boldvitalsuite.co,20,Chicago,US,2026-06-05 02:20:52
2026-06-05,Legal,OmniCounselSync,1-324-312-9444,sales@omnicounselsync.com,https://omnicounselsync.com,66,Austin,US,2026-06-05 03:45:04
2026-06-05,Medical,BoldCareDynamics,413.925.1707,sales@boldcaredynamics.co,https://www.boldcaredynamics.co,54,Columbus,US,2026-06-05 05:50:13
2026-06-05,MSP Platform,Falcon PatchSuite,+1 (223) 526-2076,,https://www.falconpatchsuite.com,21,null,CA,2026-06-05 06:41:39
2026-06-05,Legal,NimbusClauseLabs,1-287-459-6961,info@nimbusclauselabs.com,https://www.nimbusclauselabs.com,185,Toronto,CA,2026-06-05 06:16:30
2026-06-05,MSP Platform,RavenStack Labs,+16636609102,info@ravenstacklabs.net,https://www.ravenstacklabs.net,4349,Boston,US,2026-06-05 02:55:22
2026-06-05,LMS,IndigoCourseTech,(889) 312-3635,hello@indigocoursetech.com,https://indigocoursetech.com,8,Chicago,US,2026-06-05 04:26:19
2026-06-05,Medical,Onyx PulseSync,611.534.3580,info@onyxpulsesync.com,https://www.onyxpulsesync.com,17,Seattle,US,2026-06-05 05:14:34
2026-06-05,Medical,GoldenTriageHub,(285) 647-0041,contact@goldentriagehub.com,https://www.goldentriagehub.com,128,Leeds,UK,2026-06-05 01:40:25
2026-06-05,Medical,MosaicTriage Sync,+14198410808,sales@mosaictriagesync.com,https://www.mosaictriagesync.com,7,Denver,US,2026-06-05 05:23:50
2026-06-05,ERP,VeloLedger Platform,+15248618022,info@veloledgerplatform.com,https://www.veloledgerplatform.com,256,Phoenix,US,2026-06-05 04:51:42
2026-06-05,Medical,BoldRxDesk,(627) 680-5476,hello@boldrxdesk.com,boldrxdesk.com,64,N/A,AU,2026-06-05 02:30:35
2026-06-05,ERP,Blue OrderSolutions,249.808.5216,info@blueordersolutions.com,https://www.blueordersolutions.com,7,Denver,US,2026-06-05 03:17:16
2026-06-05,Medical,IndigoVitalSphere,+19296052666,info@indigovitalsphere.com,https://indigovitalsphere.com,30,Sydney,AU,2026-06-05 04:48:36
2026-06-05,ERP,Juniper FinApp,1-949-589-4980,sales@juniperfinapp.io,https://www.juniperfinapp.io,18,Columbus,US,2026-06-05 05:18:42
2026-06-05,ERP,BoldBatchCore,+16669728594,hello@boldbatchcore.com,https://www.boldbatchcore.com,112,Phoenix,US,2026-06-05 01:34:22
2026-06-05,Medical,VistaHealth Hub,1-240-655-6466,contact@vistahealthhub.com,https://vistahealthhub.com,N/A,Singapore,SG,2026-06-05 02:18:58
2026-06-05,HR,NimbusShiftDesk,(802) 977-7318,hello@nimbusshiftdesk.co,nimbusshiftdesk.co,135,Dublin,IE,2026-06-05 01:35:47
2026-06-05,Legal,Harbor OnboardSphere,+14416376010,contact@harboronboardsphere.co,harboronboardsphere.co,30,Chicago,US,2026-06-05 06:37:14
2026-06-05,Legal,WillowVerdict Sphere,889.889.0580,contact@willowverdictsphere.com,https://www.willowverdictsphere.com,10,Dublin,IE,2026-06-05 02:44:08
2026-06-05,Legal,UmbraBrief Hub,+12156229873,contact@umbrabriefhub.io,https://www.umbrabriefhub.io,163,Denver,US,2026-06-05 01:49:34
2026-06-05,HR,Fusion RosterDesk,715.840.0338,sales@fusionrosterdesk.co,https://fusionrosterdesk.co,8,Singapore,SG,2026-06-05 04:30:44
2026-06-05,ERP,Atlas PlanSuite,1-376-598-9068 ext. 97,sales@atlasplansuite.io,https://www.atlasplansuite.io,16,Chicago,US,2026-06-05 05:08:01
2026-06-05,Medical,CrownPatient Works,(984) 823-7510,info@crownpatientworks.net,https://www.crownpatientworks.net,43,Toronto,CA,2026-06-05 06:50:27
2026-06-05,Medical,Zephyr PulsePoint,+1 (810) 389-1209,hello@zephyrpulsepoint.io,https://www.zephyrpulsepoint.io,61,Raleigh,US,2026-06-05 03:39:34
2026-06-05,ERP,RidgeChainSolutions,(327) 428-7748,sales@ridgechainsolutions.com,https://ridgechainsolutions.com,701,Tampa,US,2026-06-05 06:58:25
2026-06-05,Medical,Meta Med Talent Agency,+1 (833) 949-1914,info@metamedtalentagency.com,https://metamedtalentagency.com,21,Denver,US,2026-06-05 02:52:06
2026-06-05,ERP,ArchFin Logic,+1 (476) 952-4844,info@archfinlogic.com,https://www.archfinlogic.com,46,Vancouver,CA,2026-06-05 05:47:10
2026-06-05,Medical,Prime ClinicCloud,+1 (370) 946-9734,contact@primecliniccloud.io,primecliniccloud.io,405,Phoenix,US,2026-06-05 01:55:34
2026-06-05,ERP,Beacon ResourceCore,(468) 352-0985,hello@beaconresourcecore.com,https://www.beaconresourcecore.com,884,Atlanta,US,2026-06-05 03:07:17
2026-06-05,HR,MosaicRoster Point,+15808734800,info@mosaicrosterpoint.com,https://mosaicrosterpoint.com,19,Denver,US,2026-06-05 05:13:58
2026-06-05,Legal,WillowMatter Flow,2198920697 ext. 6,hello@willowmatterflow.com,https://www.willowmatterflow.com,189,Phoenix,US,2026-06-05 03:48:03
2026-06-05,ERP,Polaris LedgerSolutions,+18845397599,info@polarisledgersolutions.co,https://www.polarisledgersolutions.co,14,Chicago,US,2026-06-05 02:52:35
2026-06-05,Medical,TrueVital Systems,863-638-4583,contact@truevitalsystems.co,https://truevitalsystems.co,38,Atlanta,US,2026-06-05 01:07:40
2026-06-05,Medical,IronPatientCore,4877544050,hello@ironpatientcore.io,https://www.ironpatientcore.io,83,Pune,IN,2026-06-05 04:26:24
2026-06-05,ERP,LumenForgeBase,691-241-3330,sales@lumenforgebase.com,https://www.lumenforgebase.com,59,Leeds,UK,2026-06-05 04:50:09
2026-06-05,HR,SolidPeople Labs,1-540-231-7813,contact@solidpeoplelabs.com,https://www.solidpeoplelabs.com,13,Raleigh,US,2026-06-05 05:42:42
2026-06-05,ERP,Raven PlanApp,848-579-3872,-,ravenplanapp.com,243,Phoenix,US,2026-06-05 01:06:22
2026-06-05,MSP Platform,Rapid GridCore,511-917-8310,hello@rapidgridcore.com,https://rapidgridcore.com,36,Denver,US,2026-06-05 04:43:50
2026-06-05,HR,SilverTeam Soft,6496238160,contact@silverteamsoft.com,https://www.silverteamsoft.com,14,Karachi,PK,2026-06-05 06:53:22
2026-06-05,ERP,Fusion’s PlanDynamics,+16353994738 ext. 8,sales@fusionplandynamics.com,fusionplandynamics.com,6,Manchester,UK,2026-06-05 03:30:07
2026-06-05,Legal,Omni LawDesk,306-935-6379 ext. 41,contact@omnilawdesk.com,https://www.omnilawdesk.com,4329,Melbourne,AU,2026-06-05 01:10:39
2026-06-05,Medical,VertexPulseDynamics,+19112530280 ext. 24,info@vertexpulsedynamics.co,https://www.vertexpulsedynamics.co,N/A,Boston,US,2026-06-05 01:43:33
2026-06-05,Medical,OnyxPulseSphere,+12594801754,hello@onyxpulsesphere.com,https://www.onyxpulsesphere.com,7,Phoenix,US,2026-06-05 03:20:44
2026-06-05,HR,OrbitCultureDynamics,1-867-589-8194,sales@orbitculturedynamics.net,https://orbitculturedynamics.net,11,Dublin,IE,2026-06-05 01:24:38
2026-06-05,ERP,ZenStockLogic,+1 (376) 276-3679,info@zenstocklogic.com,https://zenstocklogic.com,165,Karachi,PK,2026-06-05 01:31:34
2026-06-05,ERP,OrbitStock Hub,1-408-987-5946,contact@orbitstockhub.com,https://www.orbitstockhub.com,83,Austin,US,2026-06-05 03:39:32
2026-06-05,Legal,GraniteCompliSync,(401) 557-0557 ext. 68,sales@granitecomplisync.io,https://www.granitecomplisync.io,235,Phoenix,US,2026-06-05 03:29:43
2026-06-05,MSP Platform,Omni EndpointSphere,(384) 553-8610,contact@omniendpointsphere.com,https://www.omniendpointsphere.com,96,Tampa,US,2026-06-05 01:19:22
2026-06-05,Legal,VeloCompli Soft,437-691-8823 ext. 26,info@velocomplisoft.com,https://www.velocomplisoft.com,16,Austin,US,2026-06-05 02:42:00
2026-06-05,LMS,Arch MentorSphere,1-691-382-5440 ext. 48,info@archmentorsphere.com,archmentorsphere.com,26,Karachi,PK,2026-06-05 04:20:40
2026-06-05,ERP,QuantumForgeHub,+1 (467) 697-1898,hello@quantumforgehub.com,https://www.quantumforgehub.com,19,Boston,US,2026-06-05 05:43:41
2026-06-05,HR,Halo OnboardBase,650-766-6055,hello@haloonboardbase.io,https://haloonboardbase.io,37,Toronto,CA,2026-06-05 06:47:18
2026-06-05,ERP,PolarisStock’s Sync,+1 (799) 632-1675,info@polarisstocksync.io,https://www.polarisstocksync.io,2687,Tampa,US,2026-06-05 04:43:24
2026-06-05,MSP Platform,VeloMonitorWorks,3715889935,hello@velomonitorworks.com,https://www.velomonitorworks.com,20,Sydney,AU,2026-06-05 03:41:34
2026-06-05,Legal,Iron BriefCore,(269) 394-4610 ext. 23,hello@ironbriefcore.co,https://www.ironbriefcore.co,247,Chicago,US,2026-06-05 03:50:47
2026-06-05,Medical,North RxApp,1-283-437-6745,sales@northrxapp.com,https://northrxapp.com,48,N/A,US,2026-06-05 05:15:36
2026-06-05,ERP,IndigoChain Labs,(260) 959-4262,sales@indigochainlabs.com,https://www.indigochainlabs.com,275,Austin,US,2026-06-05 05:10:33
2026-06-05,Legal,Bold CompliPlatform,1-488-208-0696,sales@boldcompliplatform.com,https://www.boldcompliplatform.com,8,Phoenix,US,2026-06-05 04:22:49
2026-06-05,HR,Umbra PayrollDynamics,+15586642971,info@umbrapayrolldynamics.co,https://umbrapayrolldynamics.co,52,Denver,US,2026-06-05 05:58:12
2026-06-05,Legal,ZephyrVerdict Flow,(460) 873-2479,sales@zephyrverdictflow.com,https://www.zephyrverdictflow.com,323,Atlanta,US,2026-06-05 01:06:07
2026-06-05,ERP,SilverFin App,717-579-0588,contact@silverfinapp.com,https://www.silverfinapp.com,53,Bengaluru,IN,2026-06-05 03:37:55
2026-06-05,Legal,CobaltMatterPlatform,+16869516003,hello@cobaltmatterplatform.com,https://cobaltmatterplatform.com,794,Calgary,CA,2026-06-05 06:52:56
2026-06-05,HR,GoldenOnboard Cloud,8844734762 ext. 78,contact@goldenonboardcloud.com,https://www.goldenonboardcloud.com,166,Pune,IN,2026-06-05 06:56:41
2026-06-05,MSP Platform,Beacon EndpointLogic,9314396861,hello@beaconendpointlogic.com,https://www.beaconendpointlogic.com,49,Raleigh,US,2026-06-05 04:47:08
2026-06-05,Medical,Prime Health Manpower Services,(355) 227-3631,sales@primehealthmanpowerservices.com,https://www.primehealthmanpowerservices.com,20,Tampa,US,2026-06-05 05:44:43
2026-06-05,Medical,Keystone CarePoint,+15559246457,info@keystonecarepoint.com,https://www.keystonecarepoint.com,16,Denver,US,2026-06-05 02:44:39
2026-06-05,ERP,ZephyrOrderBase,1-723-222-3144,sales@zephyrorderbase.co,https://www.zephyrorderbase.co,435,Denver,US,2026-06-05 02:41:54
2026-06-05,Medical,QuantumVitalCloud,477-369-6267,hello@quantumvitalcloud.com,https://www.quantumvitalcloud.com,6,Seattle,US,2026-06-05 06:29:37
2026-06-05,Medical,RapidVitalSync,+13495309947,info@rapidvitalsync.com,https://rapidvitalsync.com,687,Chicago,US,2026-06-05 03:57:46
2026-06-05,HR,NovaShift Works,+1 (476) 412-2832,sales@novashiftworks.io,https://www.novashiftworks.io,26,Calgary,CA,2026-06-05 04:17:11
2026-06-05,ERP,RidgewayPlan Solutions,(845) 480-1322,hello@ridgewayplansolutions.co,https://www.ridgewayplansolutions.co,N/A,London,UK,2026-06-05 06:28:18
2026-06-05,ERP,Orbit ChainWorks,+1 (538) 551-3378,sales@orbitchainworks.com,https://www.orbitchainworks.com,138,London,UK,2026-06-05 05:52:06
2026-06-05,ERP,SableBatchSolutions,(830) 401-5079,hello@sablebatchsolutions.com,https://sablebatchsolutions.com,85,Atlanta,US,2026-06-05 02:01:50
2026-06-05,HR,Lumen PayrollSync,616-752-3352,hello@lumenpayrollsync.com,https://www.lumenpayrollsync.com,1511,Calgary,CA,2026-06-05 03:02:25
2026-06-05,Medical,Halo Patient Manpower Services,+1 (956) 625-1370 ext. 13,info@halopatientmanpowerservices.com,https://halopatientmanpowerservices.com,40,Karachi,PK,2026-06-05 05:34:59
2026-06-05,Medical,PioneerPulseSolutions,681.462.5995,contact@pioneerpulsesolutions.com,https://www.pioneerpulsesolutions.com,129,Denver,US,2026-06-05 04:38:42
2026-06-05,ERP,ZenOps Cloud,4499368014,N/A,https://www.zenopscloud.co,477,Austin,US,2026-06-05 01:02:56
2026-06-05,Legal,VistaFilingBase,(902) 921-9466,info@vistafilingbase.com,https://www.vistafilingbase.com,318,Bengaluru,IN,2026-06-05 05:50:22
2026-06-05,LMS,Delta Skill Consulting Group,(210) 301-9454,contact@deltaskillconsultinggroup.net,https://www.deltaskillconsultinggroup.net,34,Columbus,US,2026-06-05 06:31:32
2026-06-05,ERP,GraniteOrder Works,+12655501447,info@graniteorderworks.io,https://www.graniteorderworks.io,N/A,Karachi,PK,2026-06-05 01:43:43
2026-06-05,Legal,FusionVerdict Point,+1 (253) 863-5159,info@fusionverdictpoint.com,https://fusionverdictpoint.com,39,Boston,US,2026-06-05 06:35:27
2026-06-05,ERP,FusionResource Hub,941.408.2472,hello@fusionresourcehub.com,https://www.fusionresourcehub.com,9,Melbourne,AU,2026-06-05 02:01:39
2026-06-05,MSP Platform,MetaNode Desk,+18569887473,contact@metanodedesk.co,https://www.metanodedesk.co,220,Bengaluru,IN,2026-06-05 02:49:28
2026-06-05,ERP,HarborLedger Hub,869-944-3545,contact@harborledgerhub.com,https://www.harborledgerhub.com,464,Hyderabad,IN,2026-06-05 01:10:06
2026-06-05,LMS,Meta QuizCore,965.498.2358,contact@metaquizcore.com,metaquizcore.com,55,Tampa,US,2026-06-05 04:17:56
2026-06-05,ERP,QuantumPlanSolutions,(252) 597-5270,info@quantumplansolutions.net,https://www.quantumplansolutions.net,78,Toronto,CA,2026-06-05 01:22:34
2026-06-05,ERP,CrestBatch Dynamics,572-901-8606,sales@crestbatchdynamics.com,https://crestbatchdynamics.com,224,Pune,IN,2026-06-05 01:54:35
2026-06-05,MSP Platform,Fusion Remote Manpower Services,(495) 947-3622,contact@fusionremotemanpowerservices.io,https://fusionremotemanpowerservices.io,17,Singapore,SG,2026-06-05 04:04:14
2026-06-05,MSP Platform,XenonUptime Sphere,+1 (475) 595-7224,contact@xenonuptimesphere.com,https://xenonuptimesphere.com,641,Tampa,US,2026-06-05 02:48:17
2026-06-05,Medical,ClearPatientBase,+18123956998,N/A,https://www.clearpatientbase.co,105,Berlin,DE,2026-06-05 02:55:42
2026-06-05,MSP Platform,Pivot NodeLogic,1-204-366-2906,info@pivotnodelogic.com,https://www.pivotnodelogic.com,-,Boston,US,2026-06-05 02:50:12
2026-06-05,HR,ZephyrOnboardDynamics,723-814-1620,sales@zephyronboarddynamics.com,https://www.zephyronboarddynamics.com,256,Boston,US,2026-06-05 04:29:52
2026-06-05,Legal,NimbusCompliFlow,858-839-7489,hello@nimbuscompliflow.com,nimbuscompliflow.com,42,Tampa,US,2026-06-05 05:36:48
2026-06-05,Medical,Onyx PulseHub,+12215303404,info@onyxpulsehub.com,https://www.onyxpulsehub.com,84,Melbourne,AU,2026-06-05 02:31:03
2026-06-05,Medical,Clear PatientSphere,378-683-4163,info@clearpatientsphere.co,https://www.clearpatientsphere.co,93,Melbourne,AU,2026-06-05 01:30:13
2026-06-05,Legal,JuniperBriefBase,514-967-3080,hello@juniperbriefbase.com,https://www.juniperbriefbase.com,20,Denver,US,2026-06-05 03:01:05
2026-06-05,Medical,TrueCare Systems,+17836517684,info@truecaresystems.com,https://www.truecaresystems.com,100,Manchester,UK,2026-06-05 02:22:21
2026-06-05,Medical,Cobalt ClinicApp,+14822695947,info@cobaltclinicapp.net,https://cobaltclinicapp.net,null,London,UK,2026-06-05 04:16:35
2026-06-05,Legal,RidgeClause Solutions,(957) 672-7916,sales@ridgeclausesolutions.com,ridgeclausesolutions.com,792,Austin,US,2026-06-05 05:56:06
2026-06-05,ERP,OrbitPlanHub,1-305-349-6993 ext. 30,contact@orbitplanhub.io,https://www.orbitplanhub.io,398,Raleigh,US,2026-06-05 06:55:02
2026-06-05,MSP Platform,Prime UptimeSuite,06733347694,info@primeuptimesuite.com,https://primeuptimesuite.com,305,Manchester,UK,2026-06-05 04:12:48
2026-06-05,MSP Platform,Atlas GridSuite,08966543593,contact@atlasgridsuite.io,https://www.atlasgridsuite.io,12,Atlanta,US,2026-06-05 03:51:02
2026-06-05,ERP,AltaChain Core,+1 (442) 356-4885,sales@altachaincore.net,altachaincore.net,40,Tampa,US,2026-06-05 06:35:48
2026-06-05,HR,OnyxPerformHub,02869874126,hello@onyxperformhub.com,https://www.onyxperformhub.com,14,Seattle,US,2026-06-05 02:50:58
2026-06-05,ERP,FusionPlanSoft,1-345-549-9566,contact@fusionplansoft.com,https://www.fusionplansoft.com,21,Denver,US,2026-06-05 03:43:37
2026-06-05,Medical,Xenon CareSync,443-212-2212,info@xenoncaresync.com,https://www.xenoncaresync.com,4229,Boston,US,2026-06-05 02:29:20
2026-06-05,HR,Cedar’s PayrollHub,431-490-2651,contact@cedarpayrollhub.net,https://cedarpayrollhub.net,69,Amsterdam,NL,2026-06-05 02:29:30
2026-06-05,ERP,PolarisForge Tech,+1 (353) 777-4939,sales@polarisforgetech.co,https://www.polarisforgetech.co,244,Singapore,SG,2026-06-05 06:33:28
2026-06-05,ERP,Golden ForgeBase,(222) 622-0623,hello@goldenforgebase.net,https://www.goldenforgebase.net,891,Phoenix,US,2026-06-05 05:15:55
2026-06-05,HR,AltaPeople Dynamics,9767568738,info@altapeopledynamics.com,altapeopledynamics.com,9,Raleigh,US,2026-06-05 05:09:10
2026-06-05,HR,Crest PerformSphere,(848) 887-3136,contact@crestperformsphere.com,https://crestperformsphere.com,6,Raleigh,US,2026-06-05 01:54:16
2026-06-05,ERP,IronBatch Logic,252-626-4902,info@ironbatchlogic.co,https://www.ironbatchlogic.co,55,Atlanta,US,2026-06-05 01:35:54
2026-06-05,MSP Platform,BeaconRemoteSolutions,(653) 298-3563,info@beaconremotesolutions.io,https://www.beaconremotesolutions.io,52,Seattle,US,2026-06-05 04:37:04
2026-06-05,LMS,SableMentor App,823-860-5707,info@sablementorapp.com,https://www.sablementorapp.com,111,Bengaluru,IN,2026-06-05 02:46:49
2026-06-05,MSP Platform,ZenEndpoint Dynamics,301-425-5505 ext. 44,hello@zenendpointdynamics.com,https://www.zenendpointdynamics.com,198,Vancouver,CA,2026-06-05 05:49:44
2026-06-05,Medical,Prime RxFlow,5382276151,hello@primerxflow.net,primerxflow.net,449,Austin,US,2026-06-05 06:24:03
2026-06-05,ERP,FusionForgeSuite,+13316958037,sales@fusionforgesuite.io,https://www.fusionforgesuite.io,38,Austin,US,2026-06-05 06:14:43
2026-06-05,ERP,BlueChain Logic,06376059302,sales@bluechainlogic.com,https://www.bluechainlogic.com,297,Tampa,US,2026-06-05 06:38:27
2026-06-05,Medical,Vista TriageDesk,+12264849929,sales@vistatriagedesk.com,https://vistatriagedesk.com,31,Tampa,US,2026-06-05 03:51:27
2026-06-05,MSP Platform,PrimeNode Sync,9563884728,hello@primenodesync.com,https://primenodesync.com,15,London,UK,2026-06-05 03:16:29
2026-06-05,LMS,LumenLearnSphere,(273) 596-1265,sales@lumenlearnsphere.co,https://lumenlearnsphere.co,94,Amsterdam,NL,2026-06-05 03:18:37
2026-06-05,MSP Platform,Indigo EndpointWorks,984-315-2039,info@indigoendpointworks.com,https://www.indigoendpointworks.com,150,Austin,US,2026-06-05 03:20:15
2026-06-05,Legal,RidgewayBriefCore,(825) 443-5642,info@ridgewaybriefcore.com,https://www.ridgewaybriefcore.com,82,Denver,US,2026-06-05 06:31:53
2026-06-05,MSP Platform,TrueEndpoint Suite,+15282995237,contact@trueendpointsuite.net,https://trueendpointsuite.net,161,Phoenix,US,2026-06-05 04:03:19
2026-06-05,Medical,ApexRx Sync,1-694-354-4195,hello@apexrxsync.com,https://www.apexrxsync.com,20,Austin,US,2026-06-05 02:29:41
2026-06-05,Medical,JuniperRx Core,(249) 500-9117 ext. 86,hello@juniperrxcore.com,https://www.juniperrxcore.com,56,Phoenix,US,2026-06-05 04:20:29
2026-06-05,HR,CrownCulture Tech,778-511-3413,sales@crownculturetech.co,https://www.crownculturetech.co,429,null,US,2026-06-05 02:36:38
2026-06-05,MSP Platform,Nova Remote BPO Services,1-888-507-4644,hello@novaremotebposervices.co,https://novaremotebposervices.co,16,Raleigh,US,2026-06-05 03:21:00
2026-06-05,ERP,IronFin Point,+1 (321) 755-4007,contact@ironfinpoint.com,https://ironfinpoint.com,,Munich,DE,2026-06-05 01:54:30
2026-06-05,MSP Platform,LatticeTicket Suite,3316064143,hello@latticeticketsuite.io,https://www.latticeticketsuite.io,49,Amsterdam,NL,2026-06-05 05:37:35
2026-06-05,LMS,OrbitSkillLabs,(449) 262-6011,-,https://www.orbitskilllabs.co,702,Tampa,US,2026-06-05 02:55:26
2026-06-05,MSP Platform,Golden Net BPO Services,726-601-5514,hello@goldennetbposervices.net,https://www.goldennetbposervices.net,56,Berlin,DE,2026-06-05 02:25:00
2026-06-05,HR,QuantumTalentWorks,(711) 971-8984,info@quantumtalentworks.io,https://www.quantumtalentworks.io,N/A,Sydney,AU,2026-06-05 06:12:15
2026-06-05,ERP,BlueBatch Labs,+1 (227) 344-2570,hello@bluebatchlabs.io,https://www.bluebatchlabs.io,456,Tampa,US,2026-06-05 06:40:31
2026-06-05,ERP,Polaris PlanDesk,9822799042 ext. 14,info@polarisplandesk.com,polarisplandesk.com,8,Hyderabad,IN,2026-06-05 03:43:11
2026-06-05,ERP,QuartzLedgerSuite,469-610-6541,hello@quartzledgersuite.com,quartzledgersuite.com,219,Boston,US,2026-06-05 03:12:35
2026-06-05,MSP Platform,Falcon UptimeApp,5424394175,sales@falconuptimeapp.com,https://falconuptimeapp.com,162,Calgary,CA,2026-06-05 03:07:23
2026-06-05,Medical,PrimePatientSolutions,679-840-6632 ext. 69,info@primepatientsolutions.co,https://www.primepatientsolutions.co,41,Tampa,US,2026-06-05 02:56:53
2026-06-05,MSP Platform,CoreMonitor Cloud,09873833783 ext. 17,info@coremonitorcloud.com,coremonitorcloud.com,22,Singapore,SG,2026-06-05 01:06:46
2026-06-05,ERP,Raven OpsHub,(922) 411-9788,hello@ravenopshub.com,https://ravenopshub.com,139,Columbus,US,2026-06-05 06:26:31
2026-06-05,MSP Platform,Fusion NodeLabs,1-432-896-6201,info@fusionnodelabs.com,https://fusionnodelabs.com,21,Phoenix,US,2026-06-05 06:29:49
2026-06-05,Medical,Bright TriagéHub,6397198198,hello@brighttriagehub.net,https://www.brighttriagehub.net,90,Columbus,US,2026-06-05 04:34:21
2026-06-05,Medical,TruePatient Desk,1-578-634-9759,sales@truepatientdesk.com,https://truepatientdesk.com,50,Phoenix,US,2026-06-05 05:40:22
2026-06-05,Medical,PrimeVitalApp,(910) 550-7164,contact@primevitalapp.com,primevitalapp.com,52,Denver,US,2026-06-05 05:18:08
2026-06-05,HR,ClearTeamSoft,+12745810887,info@clearteamsoft.com,https://www.clearteamsoft.com,12,Dublin,IE,2026-06-05 02:09:53
2026-06-05,MSP Platform,FalconRemoteSoft,+1 (374) 680-5497,sales@falconremotesoft.com,https://www.falconremotesoft.com,4314,Tampa,US,2026-06-05 01:00:09
2026-06-05,ERP,Indigo OrderLogic,+15149918929,hello@indigoorderlogic.co,https://www.indigoorderlogic.co,913,Seattle,US,2026-06-05 01:42:17
2026-06-05,MSP Platform,FusionMonitorFlow,+14172190417,hello@fusionmonitorflow.com,https://www.fusionmonitorflow.com,73,London,UK,2026-06-05 05:43:24
2026-06-05,MSP Platform,Solid Monitor Manpower Services,1-730-277-2554,hello@solidmonitormanpowerservices.io,https://www.solidmonitormanpowerservices.io,30,Seattle,US,2026-06-05 03:03:52
2026-06-05,HR,AnchorPayroll Suite,+15444832788 ext. 47,info@anchorpayrollsuite.com,https://www.anchorpayrollsuite.com,6,Seattle,US,2026-06-05 05:28:00
2026-06-05,MSP Platform,SableStackApp,613.913.0575,hello@sablestackapp.com,https://sablestackapp.com,18,Tampa,US,2026-06-05 01:52:49
2026-06-05,ERP,TidalPlan Soft,+18167932549,hello@tidalplansoft.com,https://www.tidalplansoft.com,19,Columbus,US,2026-06-05 04:33:10
2026-06-05,MSP Platform,OnyxMonitor Logic,+12896139330,hello@onyxmonitorlogic.co,https://www.onyxmonitorlogic.co,56,Manchester,UK,2026-06-05 02:27:46
2026-06-05,Medical,Cedar ClinicTech,9077913870,hello@cedarclinictech.com,https://cedarclinictech.com,86,Calgary,CA,2026-06-05 03:30:22
2026-06-05,ERP,Vertex OpsSolutions,(380) 873-2153 ext. 6,info@vertexopssolutions.co,https://www.vertexopssolutions.co,9,Lahore,PK,2026-06-05 05:26:48
2026-06-05,Legal,Clear ClauseCore,+12292729619,contact@clearclausecore.com,clearclausecore.com,11,Boston,US,2026-06-05 03:27:06
2026-06-05,Medical,Nimbus Health Outsourcing,(650) 478-7348 ext. 67,info@nimbushealthoutsourcing.co,https://nimbushealthoutsourcing.co,69,Seattle,US,2026-06-05 02:16:36
2026-06-05,ERP,DeltaResourceSolutions,+12294810500,sales@deltaresourcesolutions.io,https://www.deltaresourcesolutions.io,41,Karachi,PK,2026-06-05 04:55:58
2026-06-05,HR,Tidal PeopleDynamics,(723) 478-0417,sales@tidalpeopledynamics.io,https://www.tidalpeopledynamics.io,555,N/A,AU,2026-06-05 03:04:22
2026-06-05,Legal,CedarFiling Solutions,7819074380,N/A,https://cedarfilingsolutions.com,184,Chicago,US,2026-06-05 06:19:25
2026-06-05,MSP Platform,Iron PatchSystems,+16285946419,contact@ironpatchsystems.com,https://www.ironpatchsystems.com,226,Columbus,US,2026-06-05 01:35:58
2026-06-05,Legal,Vertex CounselHub,+19453278365,sales@vertexcounselhub.com,https://www.vertexcounselhub.com,50,Phoenix,US,2026-06-05 04:58:29
2026-06-05,LMS,NorthPath Flow,864-490-8196,sales@northpathflow.io,https://northpathflow.io,142,,UK,2026-06-05 01:13:25
2026-06-05,HR,NovaTeamSoft,598-555-4240,sales@novateamsoft.com,https://www.novateamsoft.com,42,Chicago,US,2026-06-05 02:23:37
2026-06-05,ERP,SableResource Point,780.856.5221,info@sableresourcepoint.com,https://sableresourcepoint.com,93,Melbourne,AU,2026-06-05 04:31:35
2026-06-05,HR,Willow BenefitDesk,904.927.2034,info@willowbenefitdesk.net,willowbenefitdesk.net,66,Singapore,SG,2026-06-05 04:49:06
2026-06-05,Medical,QuantumChart Solutions,+15502151564,hello@quantumchartsolutions.com,https://quantumchartsolutions.com,17,Seattle,US,2026-06-05 01:40:28
2026-06-05,ERP,AnchorStockFlow,1-430-716-6201 ext. 15,contact@anchorstockflow.io,https://www.anchorstockflow.io,12,Leeds,UK,2026-06-05 01:41:20
2026-06-05,ERP,Summit OpsSphere,1-642-664-9535 ext. 34,info@summitopssphere.io,https://www.summitopssphere.io,408,Pune,IN,2026-06-05 06:52:41
2026-06-05,MSP Platform,Velo Stack Staffing,511.877.3887,contact@velostackstaffing.com,https://www.velostackstaffing.com,100,Tampa,US,2026-06-05 06:17:26
2026-06-05,MSP Platform,Tidal EndpointPoint,963-518-5242,info@tidalendpointpoint.co,https://www.tidalendpointpoint.co,195,Boston,US,2026-06-05 01:57:08
2026-06-05,ERP,AnchorStockSphere,363-951-4558,contact@anchorstocksphere.com,https://www.anchorstocksphere.com,36,Denver,US,2026-06-05 04:26:52
2026-06-05,MSP Platform,BoldNodeDynamics,(954) 505-3700,sales@boldnodedynamics.com,https://boldnodedynamics.com,23,London,UK,2026-06-05 04:33:07
2026-06-05,ERP,Pivot Ops BPO Services,882-210-2252,info@pivotopsbposervices.co,https://www.pivotopsbposervices.co,113,Denver,US,2026-06-05 02:48:08
2026-06-05,HR,NorthTalent’s Logic,487-600-6256,info@northtalentlogic.net,https://www.northtalentlogic.net,12,Pune,IN,2026-06-05 02:11:46
2026-06-05,MSP Platform,ZephyrMonitor Dynamics,579-320-2555,contact@zephyrmonitordynamics.io,https://zephyrmonitordynamics.io,42,Atlanta,US,2026-06-05 06:00:00
2026-06-05,HR,CobaltCulture Hub,942-997-3432,hello@cobaltculturehub.io,https://www.cobaltculturehub.io,46,Chicago,US,2026-06-05 06:20:02
2026-06-05,ERP,Crest StockSolutions,+1 (255) 592-1631 ext. 77,info@creststocksolutions.com,creststocksolutions.com,471,Sydney,AU,2026-06-05 02:01:53
2026-06-05,Medical,Raven PatientBase,549-510-8464,hello@ravenpatientbase.io,https://ravenpatientbase.io,15,Austin,US,2026-06-05 06:13:24
2026-06-05,HR,HarborPayrollPoint,(902) 839-5421,sales@harborpayrollpoint.com,https://www.harborpayrollpoint.com,173,Melbourne,AU,2026-06-05 01:52:13
2026-06-05,HR,ZephyrPayrollHub,+1 (822) 374-7245,sales@zephyrpayrollhub.co,https://zephyrpayrollhub.co,175,Vancouver,CA,2026-06-05 02:30:23
2026-06-05,ERP,Orbit ForgeBase,1-950-812-9603,contact@orbitforgebase.com,https://www.orbitforgebase.com,11,Columbus,US,2026-06-05 05:55:08
2026-06-05,Legal,NimbusClauseFlow,+16557468734,contact@nimbusclauseflow.io,https://www.nimbusclauseflow.io,1254,Boston,US,2026-06-05 02:22:10
2026-06-05,ERP,Arch ForgeWorks,1-578-370-0896,hello@archforgeworks.com,https://www.archforgeworks.com,4653,Singapore,SG,2026-06-05 01:09:44
2026-06-05,Medical,CrownChartSoft,(394) 545-4959,contact@crownchartsoft.co,https://www.crownchartsoft.co,470,Austin,US,2026-06-05 05:25:16
2026-06-05,Legal,Golden MatterCloud,6344911320,info@goldenmattercloud.io,https://www.goldenmattercloud.io,7,Austin,US,2026-06-05 05:51:15
2026-06-05,HR,Tidal ShiftHub,614-277-1295,hello@tidalshifthub.com,https://tidalshifthub.com,840,Boston,US,2026-06-05 01:52:14
2026-06-05,Medical,ZenClinicSoft,(550) 778-1837,contact@zenclinicsoft.com,zenclinicsoft.com,-,Bengaluru,IN,2026-06-05 01:00:45
2026-06-05,ERP,SableOrder Sync,+1 (800) 787-8245,contact@sableordersync.io,https://www.sableordersync.io,5,Austin,US,2026-06-05 05:05:41
2026-06-05,Medical,Atlas ChartSync,(802) 423-7855,contact@atlaschartsync.io,https://www.atlaschartsync.io,170,Chicago,US,2026-06-05 02:39:29
2026-06-05,HR,Cedar PerformSphere,4844679864,sales@cedarperformsphere.co,https://cedarperformsphere.co,,Boston,US,2026-06-05 03:49:41
2026-06-05,MSP Platform,SolidNetSphere,+18548661097,contact@solidnetsphere.net,https://www.solidnetsphere.net,26,Hyderabad,IN,2026-06-05 06:43:03
2026-06-05,MSP Platform,ZephyrMonitorSphere,1-965-517-1044,contact@zephyrmonitorsphere.com,zephyrmonitorsphere.com,659,Islamabad,PK,2026-06-05 05:28:07
2026-06-05,Legal,WillowCounselSuite,5549902569 ext. 7,hello@willowcounselsuite.com,https://www.willowcounselsuite.com,44,Boston,US,2026-06-05 06:48:46
2026-06-05,Medical,WillowChart Soft,477-385-2804,info@willowchartsoft.io,willowchartsoft.io,4057,Pune,IN,2026-06-05 02:13:01
2026-06-05,ERP,FalconLedgerPoint,1-560-806-0199,info@falconledgerpoint.com,https://www.falconledgerpoint.com,206,Tampa,US,2026-06-05 04:46:27
2026-06-05,ERP,SableOrderFlow,790-785-0952,info@sableorderflow.io,https://www.sableorderflow.io,5,null,US,2026-06-05 03:55:06
2026-06-05,MSP Platform,Zen NodePoint,(439) 346-2873 ext. 33,contact@zennodepoint.com,https://zennodepoint.com,30,Leeds,UK,2026-06-05 05:59:00
2026-06-05,MSP Platform,BoldNodeBase,940-619-9821,hello@boldnodebase.com,https://www.boldnodebase.com,491,Raleigh,US,2026-06-05 02:26:57
2026-06-05,HR,Lumen TalentDesk,(649) 676-8518,contact@lumentalentdesk.com,https://www.lumentalentdesk.com,115,Austin,US,2026-06-05 02:27:32
2026-06-05,ERP,PioneerLedgerSoft,643-717-9991,contact@pioneerledgersoft.com,https://www.pioneerledgersoft.com,11,Chicago,US,2026-06-05 05:45:11
2026-06-05,Medical,RidgePulseSoft,657-973-2121,contact@ridgepulsesoft.com,https://ridgepulsesoft.com,128,Austin,US,2026-06-05 01:22:39
2026-06-05,MSP Platform,PolarisPatch’s Hub,(270) 387-6771 ext. 69,sales@polarispatchhub.net,https://www.polarispatchhub.net,12,London,UK,2026-06-05 02:47:21
2026-06-05,MSP Platform,Nova NetTech,824-595-5459,contact@novanettech.com,novanettech.com,6,Raleigh,US,2026-06-05 02:30:09
2026-06-05,LMS,RidgewayTutor Suite,(472) 561-8657,contact@ridgewaytutorsuite.net,https://www.ridgewaytutorsuite.net,36,Seattle,US,2026-06-05 01:59:07
2026-06-05,MSP Platform,PolarisStack Point,07493794868,hello@polarisstackpoint.net,https://www.polarisstackpoint.net,5,Pune,IN,2026-06-05 04:17:00
2026-06-05,ERP,XenonStock App,4724136266,sales@xenonstockapp.net,https://www.xenonstockapp.net,236,Calgary,CA,2026-06-05 02:43:23
2026-06-05,ERP,OmniChainLabs,914.535.7513,sales@omnichainlabs.com,https://www.omnichainlabs.com,767,Amsterdam,NL,2026-06-05 05:19:00
2026-06-05,Legal,SableMatterSuite,(456) 889-7914 ext. 11,contact@sablemattersuite.net,https://sablemattersuite.net,2415,Austin,US,2026-06-05 04:03:02
2026-06-05,HR,Quantum PeopleCore,986-347-8281 ext. 38,sales@quantumpeoplecore.com,https://www.quantumpeoplecore.com,728,Raleigh,US,2026-06-05 04:12:01
2026-06-05,ERP,Willow OnboardHub,(930) 886-2866,info@willowonboardhub.com,willowonboardhub.com,221,Boston,US,2026-06-05 03:28:43
2026-06-05,MSP Platform,True PatchWorks,1-574-341-9988,info@truepatchworks.io,https://truepatchworks.io,45,Chicago,US,2026-06-05 06:58:14
2026-06-05,ERP,MetaStockLabs,294-980-5753,sales@metastocklabs.co,https://www.metastocklabs.co,899,Columbus,US,2026-06-05 04:40:20
2026-06-05,ERP,BrightPlanFlow,+1 (804) 800-7640,sales@brightplanflow.com,https://brightplanflow.com,135,Amsterdam,NL,2026-06-05 06:50:18
2026-06-05,MSP Platform,RavenStackLogic,2425778028,sales@ravenstacklogic.com,https://ravenstacklogic.com,26,Phoenix,US,2026-06-05 03:29:54
2026-06-05,HR,RidgewayRoster Sync,721-824-9522,hello@ridgewayrostersync.com,https://ridgewayrostersync.com,72,Munich,DE,2026-06-05 05:23:06
2026-06-05,ERP,ApexLedgerWorks,(497) 976-2381,info@apexledgerworks.com,https://www.apexledgerworks.com,738,Boston,US,2026-06-05 01:33:42
2026-06-05,HR,Indigo PayrollSolutions,02523388293,contact@indigopayrollsolutions.com,indigopayrollsolutions.com,131,Austin,US,2026-06-05 06:15:59
2026-06-05,ERP,Blue LedgerTech,1-213-727-6486,hello@blueledgertech.com,https://www.blueledgertech.com,12,Boston,US,2026-06-05 06:11:07
2026-06-05,Medical,QuartzRx Hub,402-720-2884,contact@quartzrxhub.com,quartzrxhub.com,28,Seattle,US,2026-06-05 03:11:12
2026-06-05,HR,OnyxRosterSphere,859.309.9224,sales@onyxrostersphere.com,https://www.onyxrostersphere.com,34,Dublin,IE,2026-06-05 03:55:39
2026-06-05,HR,Crown TeamDynamics,+17983393363,hello@crownteamdynamics.io,crownteamdynamics.io,147,Tampa,US,2026-06-05 02:18:24
2026-06-05,ERP,GoldenForge Logic,877.355.9580,hello@goldenforgelogic.com,https://goldenforgelogic.com,17,London,UK,2026-06-05 01:07:22
2026-06-05,MSP Platform,Bright RemoteFlow,+1 (830) 402-3687,null,https://www.brightremoteflow.io,80,Melbourne,AU,2026-06-05 06:46:59
2026-06-05,Medical,Mosaic CareSphere,+12708651868,hello@mosaiccaresphere.com,https://www.mosaiccaresphere.com,63,Calgary,CA,2026-06-05 04:06:40
2026-06-05,MSP Platform,Solid UptimeCore,4816920798,sales@soliduptimecore.com,https://soliduptimecore.com,56,Austin,US,2026-06-05 03:13:34
2026-06-05,Legal,ArchCompliPlatform,865-903-3268,sales@archcompliplatform.io,archcompliplatform.io,52,Munich,DE,2026-06-05 04:26:10
2026-06-05,ERP,MosaicStock Flow,420-912-2296,hello@mosaicstockflow.com,https://www.mosaicstockflow.com,91,Austin,US,2026-06-05 06:30:31
2026-06-05,Medical,Orbit CareLogic,677.615.5138,null,orbitcarelogic.com,53,Seattle,US,2026-06-05 05:30:36
2026-06-05,LMS,Summit CoursePlatform,6896054822,hello@summitcourseplatform.com,https://www.summitcourseplatform.com,26,Denver,US,2026-06-05 01:14:53
2026-06-05,HR,HaloTalentCloud,09866020303,-,https://www.halotalentcloud.com,816,London,UK,2026-06-05 05:14:25
2026-06-05,Legal,Tidal CompliLogic,1-746-720-0894,hello@tidalcomplilogic.com,https://tidalcomplilogic.com,18,Pune,IN,2026-06-05 06:25:33
2026-06-05,ERP,WillowPlanDynamics,740-899-4624,contact@willowplandynamics.com,https://willowplandynamics.com,6,Dublin,IE,2026-06-05 02:47:51
2026-06-05,MSP Platform,CoreNodeDesk,964-967-9056 ext. 16,sales@corenodedesk.io,https://www.corenodedesk.io,306,Melbourne,AU,2026-06-05 06:45:21
2026-06-05,Medical,Quartz CareDesk,847.654.9402,sales@quartzcaredesk.net,https://www.quartzcaredesk.net,447,Manchester,UK,2026-06-05 05:12:50
2026-06-05,ERP,Cobalt PlanLogic,1-715-854-7081,hello@cobaltplanlogic.com,https://www.cobaltplanlogic.com,18,Atlanta,US,2026-06-05 06:22:26
2026-06-05,Legal,SableVerdictSolutions,(281) 936-9068,info@sableverdictsolutions.io,https://www.sableverdictsolutions.io,21,Columbus,US,2026-06-05 03:06:44
2026-06-05,Medical,SableHealthWorks,(860) 657-9539,info@sablehealthworks.com,https://sablehealthworks.com,536,Toronto,CA,2026-06-05 02:27:44
2026-06-05,HR,NorthOnboard Core,823-628-5408,sales@northonboardcore.com,https://www.northonboardcore.com,131,Boston,US,2026-06-05 01:46:58
2026-06-05,MSP Platform,MetaEndpoint Soft,1-284-296-6199 ext. 95,-,https://www.metaendpointsoft.com,46,Columbus,US,2026-06-05 02:42:48
2026-06-05,MSP Platform,KeystoneNetTech,+19525543562,info@keystonenettech.io,https://keystonenettech.io,35,Austin,US,2026-06-05 06:34:44
2026-06-05,LMS,HaloTutorCloud,527-974-9349,info@halotutorcloud.com,halotutorcloud.com,49,Leeds,UK,2026-06-05 06:04:42
2026-06-05,Medical,GoldenVitalSystems,372-313-6258,contact@goldenvitalsystems.com,goldenvitalsystems.com,39,Atlanta,US,2026-06-05 03:34:48
2026-06-05,MSP Platform,Harbor GridCloud,(206) 870-0431,info@harborgridcloud.com,https://www.harborgridcloud.com,74,Chicago,US,2026-06-05 03:08:24
2026-06-05,MSP Platform,BoldGrid Sphere,(657) 489-0679,sales@boldgridsphere.com,https://www.boldgridsphere.com,405,Melbourne,AU,2026-06-05 03:37:51
2026-06-05,MSP Platform,MetaStack’s Soft,+1 (518) 480-2417,hello@metastacksoft.com,https://www.metastacksoft.com,96,Seattle,US,2026-06-05 02:04:46
2026-06-05,ERP,Sable ForgeWorks,(326) 982-7621,sales@sableforgeworks.co,https://www.sableforgeworks.co,13,Raleigh,US,2026-06-05 01:25:47
2026-06-05,ERP,Tidal PlanSphere,(309) 519-1434,contact@tidalplansphere.com,https://tidalplansphere.com,167,London,UK,2026-06-05 05:06:25
2026-06-05,ERP,NorthFinHub,794-612-2863,info@northfinhub.com,https://www.northfinhub.com,2532,Phoenix,US,2026-06-05 05:47:23
2026-06-05,ERP,Beacon ForgePlatform Solutions LLC,675-255-1243,contact@beaconforgeplatform.co,https://www.beaconforgeplatform.co,344,Calgary,CA,2026-06-05 04:35:49
2026-06-05,Medical,HaloRx Works,1-943-618-6839,hello@halorxworks.com,halorxworks.com,249,Hyderabad,IN,2026-06-05 05:04:35
2026-06-05,ERP,ZephyrStock Sync,588-492-4206,sales@zephyrstocksync.com,zephyrstocksync.com,15,Lahore,PK,2026-06-05 03:27:24
2026-06-05,HR,BeaconTalentApp,+14283289275 ext. 17,hello@beacontalentapp.io,https://beacontalentapp.io,436,Melbourne,AU,2026-06-05 04:51:05
2026-06-05,HR,HaloTeamSystems,+1 (790) 546-3339,contact@haloteamsystems.com,https://haloteamsystems.com,86,Melbourne,AU,2026-06-05 04:13:25
2026-06-05,MSP Platform,TrueEndpointCloud,6278727331,info@trueendpointcloud.com,trueendpointcloud.com,16,Tampa,US,2026-06-05 03:25:50
2026-06-05,MSP Platform,Raven RemoteSuite,(687) 366-1152,hello@ravenremotesuite.net,https://www.ravenremotesuite.net,850,Phoenix,US,2026-06-05 06:56:51
2026-06-05,HR,TruePeopleLabs,(436) 301-2723,contact@truepeoplelabs.com,https://www.truepeoplelabs.com,260,Atlanta,US,2026-06-05 06:39:45
2026-06-05,Legal,KeystoneLaw Dynamics,+17502527490,hello@keystonelawdynamics.com,https://www.keystonelawdynamics.com,667,Sydney,AU,2026-06-05 01:05:17
2026-06-05,HR,Core PayrollApp,2178127221,hello@corepayrollapp.com,https://corepayrollapp.com,166,Atlanta,US,2026-06-05 06:05:53
2026-06-05,Legal,MetaCaseSync,+17982037151,info@metacasesync.com,https://www.metacasesync.com,326,Amsterdam,NL,2026-06-05 03:40:48
2026-06-05,MSP Platform,TidalRemoteTech,+16425284276,contact@tidalremotetech.net,https://www.tidalremotetech.net,149,Atlanta,US,2026-06-05 04:51:06
2026-06-05,ERP,Nova BatchBase,05049023082,info@novabatchbase.com,https://www.novabatchbase.com,138,Tampa,US,2026-06-05 04:54:48
2026-06-05,HR,Solid PayrollSolutions,9395720055,sales@solidpayrollsolutions.net,https://www.solidpayrollsolutions.net,18,Columbus,US,2026-06-05 02:30:12
2026-06-05,HR,CobaltOnboard Flow,8928184089,info@cobaltonboardflow.com,https://cobaltonboardflow.com,16,London,UK,2026-06-05 02:50:08
2026-06-05,LMS,GraniteLearnSoft,449-602-2443,contact@granitelearnsoft.io,https://www.granitelearnsoft.io,334,Boston,US,2026-06-05 02:32:05
2026-06-05,HR,NimbusPerform Systems,728-761-4535,info@nimbusperformsystems.net,https://www.nimbusperformsystems.net,4414,Boston,US,2026-06-05 05:10:53
2026-06-05,ERP,Falcon StockHub,7619971131,info@falconstockhub.io,https://www.falconstockhub.io,39,Dublin,IE,2026-06-05 02:05:27
2026-06-05,Medical,PivotCare Solutions,+1 (842) 611-7245,hello@pivotcaresolutions.com,pivotcaresolutions.com,781,London,UK,2026-06-05 04:09:56
2026-06-05,Medical,Crest MedDesk,3058319410,contact@crestmeddesk.net,https://crestmeddesk.net,44,Austin,US,2026-06-05 03:48:42
2026-06-05,Medical,SilverPatientHub,+14542687940,-,https://www.silverpatienthub.com,8,Amsterdam,NL,2026-06-05 01:47:13
2026-06-05,MSP Platform,Delta TicketSphere,3192409036,sales@deltaticketsphere.com,https://www.deltaticketsphere.com,23,Tampa,US,2026-06-05 01:51:15
2026-06-05,Medical,ClearVital Desk,373-361-8606,hello@clearvitaldesk.com,https://clearvitaldesk.com,12,Berlin,DE,2026-06-05 01:34:23
2026-06-05,Medical,CrownPulse Base,750-273-4127 ext. 63,hello@crownpulsebase.com,https://crownpulsebase.com,55,Raleigh,US,2026-06-05 05:40:57
2026-06-05,MSP Platform,ArchStackSuite,1-438-808-5066,N/A,https://archstacksuite.com,95,Austin,US,2026-06-05 02:37:12
2026-06-05,HR,QuartzRosterBase,1-367-697-0165,sales@quartzrosterbase.co,https://www.quartzrosterbase.co,55,Seattle,US,2026-06-05 05:10:03
2026-06-05,Medical,PioneerCareDynamics,+1 (743) 325-7943,sales@pioneercaredynamics.com,https://www.pioneercaredynamics.com,66,Phoenix,US,2026-06-05 06:56:47
2026-06-05,ERP,CedarFin Point,+1 (875) 922-5130,hello@cedarfinpoint.io,https://www.cedarfinpoint.io,8,Seattle,US,2026-06-05 03:40:38
2026-06-05,Legal,LumenVerdictPoint,+13888417546,info@lumenverdictpoint.com,lumenverdictpoint.com,14,Columbus,US,2026-06-05 01:19:48
2026-06-05,HR,JuniperPerformLogic,610-727-6261,hello@juniperperformlogic.com,https://www.juniperperformlogic.com,20,Phoenix,US,2026-06-05 04:23:43
2026-06-05,ERP,IronResourceLogic,529-751-4749,info@ironresourcelogic.net,ironresourcelogic.net,92,Atlanta,US,2026-06-05 04:19:49
2026-06-05,ERP,HarborOpsSync,5279740307,contact@harboropssync.com,harboropssync.com,166,Atlanta,US,2026-06-05 03:21:45
2026-06-05,MSP Platform,Crown UptimeTech,+12322510240,hello@crownuptimetech.net,crownuptimetech.net,360,Leeds,UK,2026-06-05 04:21:24
2026-06-05,ERP,LumenChainFlow,(765) 778-9240,contact@lumenchainflow.net,lumenchainflow.net,164,Atlanta,US,2026-06-05 03:37:52
2026-06-05,HR,MetaBenefit Cloud,506.879.3852 ext. 82,contact@metabenefitcloud.net,https://www.metabenefitcloud.net,11,Munich,DE,2026-06-05 03:03:15
2026-06-05,ERP,NorthResource Hub,+12907172658 ext. 68,hello@northresourcehub.com,https://northresourcehub.com,940,Raleigh,US,2026-06-05 05:46:44
2026-06-05,Medical,Indigo Patient Staffing,+1 (986) 907-4579,contact@indigopatientstaffing.io,https://www.indigopatientstaffing.io,277,Chicago,US,2026-06-05 01:45:48
2026-06-05,Legal,Pioneer CounselSolutions,1-663-836-2689,sales@pioneercounselsolutions.com,https://www.pioneercounselsolutions.com,13,Austin,US,2026-06-05 03:42:18
2026-06-05,ERP,IndigoBatch Suite,8276006515,info@indigobatchsuite.io,https://www.indigobatchsuite.io,18,Raleigh,US,2026-06-05 04:15:38
2026-06-05,Medical,VertexTriage Suite,670.505.5398,info@vertextriagesuite.com,vertextriagesuite.com,13,Singapore,SG,2026-06-05 04:02:22
2026-06-05,MSP Platform,Umbra Patch Talent Agency,522-912-9915,contact@umbrapatchtalentagency.com,https://www.umbrapatchtalentagency.com,19,Manchester,UK,2026-06-05 05:36:47
2026-06-05,ERP,CrestFinTech,+13892022392,hello@crestfintech.com,crestfintech.com,19,Austin,US,2026-06-05 06:47:42
2026-06-05,ERP,Bold StockCloud,5306300269,hello@boldstockcloud.co,https://www.boldstockcloud.co,16,Chicago,US,2026-06-05 04:42:02
2026-06-05,ERP,OrbitFin Point,+19459480648 ext. 89,contact@orbitfinpoint.com,https://orbitfinpoint.com,558,Pune,IN,2026-06-05 06:08:49
2026-06-05,HR,GraniteOnboard Cloud,8167474246,hello@graniteonboardcloud.co,https://www.graniteonboardcloud.co,7,Tampa,US,2026-06-05 04:07:03
2026-06-05,LMS,AltaTrainSync,(213) 685-2353 ext. 95,info@altatrainsync.net,https://www.altatrainsync.net,63,Columbus,US,2026-06-05 04:49:22
2026-06-05,HR,Fusion TalentTech,(889) 333-3220,contact@fusiontalenttech.com,https://www.fusiontalenttech.com,40,Melbourne,AU,2026-06-05 04:42:56
2026-06-05,LMS,KeystoneLesson Labs,684-783-9075,info@keystonelessonlabs.co,https://www.keystonelessonlabs.co,371,Columbus,US,2026-06-05 03:32:37
2026-06-05,HR,CoreRoster Systems,847-747-0466 ext. 7,N/A,corerostersystems.com,46,Raleigh,US,2026-06-05 04:35:33
2026-06-05,Legal,Pioneer LawPlatform,+1 (504) 538-4298,,https://www.pioneerlawplatform.com,354,Atlanta,US,2026-06-05 04:30:24
2026-06-05,Medical,BoldRx Systems,845-575-3370 ext. 81,sales@boldrxsystems.com,https://www.boldrxsystems.com,31,Raleigh,US,2026-06-05 04:57:46
2026-06-05,Legal,CrestCase Hub,1-552-670-7949,null,https://crestcasehub.com,48,Boston,US,2026-06-05 04:32:27
2026-06-05,ERP,Tidal OrderCore,408-697-7367,hello@tidalordercore.com,https://www.tidalordercore.com,4599,Raleigh,US,2026-06-05 02:07:55
2026-06-05,ERP,Crest PlanBase,(429) 764-8021,contact@crestplanbase.com,https://www.crestplanbase.com,4630,London,UK,2026-06-05 03:32:17
2026-06-05,Medical,GraniteCare Hub,862.565.6744,sales@granitecarehub.net,https://granitecarehub.net,84,Hyderabad,IN,2026-06-05 06:33:20
2026-06-05,Medical,LumenRx Desk,(834) 960-7756 ext. 94,info@lumenrxdesk.io,lumenrxdesk.io,25,Calgary,CA,2026-06-05 03:54:10
2026-06-05,Medical,SummitClinicLogic,872.696.9418,info@summitcliniclogic.com,https://summitcliniclogic.com,27,Manchester,UK,2026-06-05 02:35:49
2026-06-05,HR,KeystoneCulture Works,+18054270120,contact@keystonecultureworks.com,keystonecultureworks.com,244,Toronto,CA,2026-06-05 04:32:12
2026-06-05,HR,Juniper RosterWorks,+14024155256,contact@juniperrosterworks.com,https://juniperrosterworks.com,689,,US,2026-06-05 01:42:03
2026-06-05,MSP Platform,TidalEndpoint Sphere,(282) 203-4179,info@tidalendpointsphere.com,https://tidalendpointsphere.com,5,Columbus,US,2026-06-05 06:36:04
2026-06-05,ERP,TrueLedger Systems,1-499-387-4028,contact@trueledgersystems.com,https://www.trueledgersystems.com,158,Austin,US,2026-06-05 06:54:27
2026-06-05,ERP,IronOrder Platform,3266466290,info@ironorderplatform.com,https://ironorderplatform.com,189,Karachi,PK,2026-06-05 05:23:51
2026-06-05,Medical,MosaicPulseDesk,658-584-5753,N/A,https://www.mosaicpulsedesk.com,7,Austin,US,2026-06-05 03:27:48
2026-06-05,Medical,JuniperPatientHub,686-912-7252,hello@juniperpatienthub.io,https://www.juniperpatienthub.io,33,Chicago,US,2026-06-05 03:11:35
2026-06-05,HR,Tidal PerformPoint,261-518-9196 ext. 97,hello@tidalperformpoint.com,https://tidalperformpoint.com,24,Amsterdam,NL,2026-06-05 03:18:42
2026-06-05,HR,WillowRosterSolutions,+14116167646,sales@willowrostersolutions.com,https://willowrostersolutions.com,66,Calgary,CA,2026-06-05 04:43:26
2026-06-05,LMS,QuantumMentorApp,(540) 988-5965,info@quantummentorapp.io,quantummentorapp.io,26,Denver,US,2026-06-05 04:28:17
2026-06-05,MSP Platform,DeltaEndpointSync,9646616993,sales@deltaendpointsync.com,https://deltaendpointsync.com,170,Seattle,US,2026-06-05 04:36:35
2026-06-05,Medical,GoldenClinicCloud,+13828283733,info@goldencliniccloud.co,goldencliniccloud.co,45,Chicago,US,2026-06-05 05:31:52
2026-06-05,ERP,IronForgeSuite,6544239997,info@ironforgesuite.com,https://ironforgesuite.com,78,Seattle,US,2026-06-05 06:47:18
2026-06-05,MSP Platform,Beacon PatchPoint,+17933569566,hello@beaconpatchpoint.com,https://www.beaconpatchpoint.com,1491,Toronto,CA,2026-06-05 05:11:41
2026-06-05,ERP,CoreOrder Flow,(534) 560-1175 ext. 92,contact@coreorderflow.com,https://coreorderflow.com,53,Seattle,US,2026-06-05 05:30:17
2026-06-05,HR,MosaicPerform Point,1-524-938-9263,sales@mosaicperformpoint.io,https://www.mosaicperformpoint.io,140,Columbus,US,2026-06-05 03:51:02
2026-06-05,HR,CrestBenefitLabs,8277634974,info@crestbenefitlabs.io,https://www.crestbenefitlabs.io,51,Raleigh,US,2026-06-05 05:02:12
2026-06-05,HR,OmniTalentSuite,+1 (484) 236-9826,hello@omnitalentsuite.com,https://www.omnitalentsuite.com,414,Seattle,US,2026-06-05 02:41:35
2026-06-05,Medical,AltaMed Sync,+14222360989 ext. 36,hello@altamedsync.io,altamedsync.io,41,Boston,US,2026-06-05 01:09:42
2026-06-05,MSP Platform,OmniStackCloud,6837368618,info@omnistackcloud.co,omnistackcloud.co,628,null,AU,2026-06-05 01:49:54
2026-06-05,ERP,ApexResource Cloud,+19276719889,sales@apexresourcecloud.com,https://www.apexresourcecloud.com,961,Pune,IN,2026-06-05 03:11:20
2026-06-05,ERP,SilverResource Dynamics,835.686.5269,info@silverresourcedynamics.com,https://www.silverresourcedynamics.com,24,Columbus,US,2026-06-05 04:55:54
2026-06-05,ERP,ZephyrBatchSphere,886-932-4459,sales@zephyrbatchsphere.com,https://zephyrbatchsphere.com,95,Tampa,US,2026-06-05 04:21:03
2026-06-05,Legal,Mosaic CounselApp,+17107045896,contact@mosaiccounselapp.com,https://www.mosaiccounselapp.com,1967,Phoenix,US,2026-06-05 06:47:26
2026-06-05,ERP,Atlas Stock BPO Services,05618465719,contact@atlasstockbposervices.io,https://atlasstockbposervices.io,217,Raleigh,US,2026-06-05 05:46:23
2026-06-05,HR,Indigo OnboardSuite,+17583986774,sales@indigoonboardsuite.io,https://www.indigoonboardsuite.io,31,Austin,US,2026-06-05 02:54:03
2026-06-05,Legal,CrownMatter Labs,+14827597709,contact@crownmatterlabs.co,https://www.crownmatterlabs.co,456,Boston,US,2026-06-05 01:31:01
2026-06-05,ERP,Golden StockLogic,(428) 487-0212,info@goldenstocklogic.io,https://goldenstocklogic.io,4131,Leeds,UK,2026-06-05 03:44:06
2026-06-05,MSP Platform,MosaicUptime Tech,8915617861,hello@mosaicuptimetech.com,https://www.mosaicuptimetech.com,98,Calgary,CA,2026-06-05 04:40:36
2026-06-05,Legal,BlueLawSuite,4885000088 ext. 69,hello@bluelawsuite.com,https://bluelawsuite.com,765,Austin,US,2026-06-05 02:18:46
2026-06-05,Legal,QuantumDocketBase,(503) 811-2578,sales@quantumdocketbase.com,https://www.quantumdocketbase.com,111,Columbus,US,2026-06-05 04:21:11
2026-06-05,ERP,ArchFin Suite,1-891-777-9357,sales@archfinsuite.com,https://www.archfinsuite.com,356,Melbourne,AU,2026-06-05 06:33:04
2026-06-05,HR,XenonTeam Labs,778-824-1978,contact@xenonteamlabs.com,https://www.xenonteamlabs.com,69,Raleigh,US,2026-06-05 05:48:32
2026-06-05,MSP Platform,GoldenEndpoint Soft,754.954.7299,sales@goldenendpointsoft.com,https://goldenendpointsoft.com,29,Atlanta,US,2026-06-05 04:50:14
2026-06-05,ERP,Onyx Order Recruiting,(526) 560-5073,sales@onyxorderrecruiting.com,https://onyxorderrecruiting.com,42,Amsterdam,NL,2026-06-05 06:57:16
2026-06-05,HR,Delta PerformCloud,5024325391,hello@deltaperformcloud.com,https://www.deltaperformcloud.com,8,Sydney,AU,2026-06-05 04:27:31
2026-06-05,ERP,KeystoneOps Sphere,287-685-8702,sales@keystoneopssphere.io,https://www.keystoneopssphere.io,7,Dublin,IE,2026-06-05 02:28:13
2026-06-05,HR,VeloPayroll Dynamics,4733378504,hello@velopayrolldynamics.com,https://www.velopayrolldynamics.com,428,Vancouver,CA,2026-06-05 04:13:19
2026-06-05,ERP,GraniteStockCore,9549972298,hello@granitestockcore.com,https://www.granitestockcore.com,60,Tampa,US,2026-06-05 04:31:57
2026-06-05,Legal,ZenFiling Sphere,+14888849252,sales@zenfilingsphere.io,https://www.zenfilingsphere.io,50,Tampa,US,2026-06-05 01:31:26
2026-06-05,Medical,Nova CarePlatform,+16175239638,hello@novacareplatform.com,https://novacareplatform.com,95,Columbus,US,2026-06-05 02:27:30
2026-06-05,MSP Platform,AnchorNetLabs,577-657-3774,info@anchornetlabs.com,https://www.anchornetlabs.com,70,Atlanta,US,2026-06-05 05:21:09
2026-06-05,MSP Platform,Indigo Remote Outsourcing,1-641-268-6912,info@indigoremoteoutsourcing.com,https://www.indigoremoteoutsourcing.com,49,Columbus,US,2026-06-05 05:14:57
2026-06-05,HR,Willow Talent Outsourcing,1-939-417-4645,hello@willowtalentoutsourcing.com,willowtalentoutsourcing.com,41,Seattle,US,2026-06-05 06:28:49
2026-06-05,MSP Platform,NimbusRemoteCore,(918) 844-9083,info@nimbusremotecore.com,https://nimbusremotecore.com,482,Seattle,US,2026-06-05 02:20:20
2026-06-05,HR,Polaris Roster Talent Agency,1-566-524-9045,info@polarisrostertalentagency.com,https://www.polarisrostertalentagency.com,4731,Berlin,DE,2026-06-05 03:58:47
2026-06-05,HR,Umbra TalentSync,826-694-5237,sales@umbratalentsync.io,https://www.umbratalentsync.io,13,Berlin,DE,2026-06-05 05:18:12
2026-06-05,Medical,Delta RxFlow,533-990-6255,contact@deltarxflow.com,deltarxflow.com,29,Hyderabad,IN,2026-06-05 01:49:31
2026-06-05,Legal,Raven CounselSync,1-690-368-0272 ext. 98,sales@ravencounselsync.com,ravencounselsync.com,284,Sydney,AU,2026-06-05 03:51:59
2026-06-05,Medical,CobaltTriage Hub,270-912-7344,contact@cobalttriagehub.co,cobalttriagehub.co,15,Austin,US,2026-06-05 02:36:18
2026-06-05,ERP,PivotOps Sync,571-482-1857,hello@pivotopssync.com,https://www.pivotopssync.com,30,Boston,US,2026-06-05 04:40:18
2026-06-05,Legal,RavenMatter Systems,+19042972717,info@ravenmattersystems.com,ravenmattersystems.com,54,Boston,US,2026-06-05 05:16:26
2026-06-05,Medical,LumenPatient Cloud,370-990-5311,contact@lumenpatientcloud.io,https://www.lumenpatientcloud.io,61,Boston,US,2026-06-05 02:36:34
2026-06-05,ERP,LumenLedger Core,+1 (366) 602-0747,info@lumenledgercore.com,https://lumenledgercore.com,-,Chicago,US,2026-06-05 03:10:38
2026-06-05,Legal,ZephyrVerdictWorks,(256) 392-7180,sales@zephyrverdictworks.io,https://zephyrverdictworks.io,58,Raleigh,US,2026-06-05 02:51:29
2026-06-05,ERP,GraniteFin Core,(389) 906-0576,contact@granitefincore.com,https://www.granitefincore.com,172,Columbus,US,2026-06-05 04:34:06
2026-06-05,HR,VertexBenefit Dynamics,(274) 374-8356,contact@vertexbenefitdynamics.co,https://www.vertexbenefitdynamics.co,72,Manchester,UK,2026-06-05 03:55:18
2026-06-05,Medical,Anchor RxWorks,985-903-0017,contact@anchorrxworks.com,https://www.anchorrxworks.com,433,Amsterdam,NL,2026-06-05 06:28:34
2026-06-05,LMS,OrbitLessonLogic,+16917526860,sales@orbitlessonlogic.co,https://orbitlessonlogic.co,93,Denver,US,2026-06-05 03:12:05
2026-06-05,Medical,RidgewayClinicCore,5076930369,sales@ridgewaycliniccore.co,https://www.ridgewaycliniccore.co,16,Atlanta,US,2026-06-05 05:49:04
2026-06-05,HR,SolidShift Base,468.780.2908,hello@solidshiftbase.com,https://www.solidshiftbase.com,69,Manchester,UK,2026-06-05 01:55:22
2026-06-05,Legal,Sable Docket Outsourcing,(576) 581-3969,hello@sabledocketoutsourcing.com,https://www.sabledocketoutsourcing.com,25,London,UK,2026-06-05 03:56:09
2026-06-05,ERP,Nova PlanCore,(955) 685-4162 ext. 2,hello@novaplancore.com,https://www.novaplancore.com,69,Bengaluru,IN,2026-06-05 06:14:53
2026-06-05,Legal,TidalLawLabs,1-864-852-7874,contact@tidallawlabs.com,https://tidallawlabs.com,91,Hyderabad,IN,2026-06-05 04:38:21
2026-06-05,MSP Platform,QuantumGridSystems,371-772-6314,sales@quantumgridsystems.io,https://www.quantumgridsystems.io,204,Manchester,UK,2026-06-05 06:00:35
2026-06-05,Medical,Falcon VitalSync,1-627-960-2440,sales@falconvitalsync.com,https://www.falconvitalsync.com,98,Seattle,US,2026-06-05 05:48:23
2026-06-05,Medical,Core TriageFlow,(423) 639-5514,info@coretriageflow.com,https://coretriageflow.com,177,Austin,US,2026-06-05 02:48:26
2026-06-05,Medical,ClearHealth Base,703.845.4906,hello@clearhealthbase.com,https://www.clearhealthbase.com,47,Austin,US,2026-06-05 03:52:02
2026-06-05,Legal,VistaVerdictCore,+1 (657) 813-8861,info@vistaverdictcore.com,vistaverdictcore.com,546,London,UK,2026-06-05 05:19:42
2026-06-05,Legal,North MatterDynamics,463.499.6410,hello@northmatterdynamics.com,northmatterdynamics.com,34,Chicago,US,2026-06-05 02:22:03
2026-06-05,Legal,TrueVerdictDesk,3788320281 ext. 22,contact@trueverdictdesk.com,https://www.trueverdictdesk.com,3351,Seattle,US,2026-06-05 01:21:53
2026-06-05,ERP,Orbit StockSystems,+13484483895,sales@orbitstocksystems.com,https://orbitstocksystems.com,208,Denver,US,2026-06-05 06:17:42
2026-06-05,MSP Platform,CobaltStack Dynamics,740-850-8051,info@cobaltstackdynamics.com,https://www.cobaltstackdynamics.com,131,Singapore,SG,2026-06-05 02:02:03
2026-06-05,Medical,ZephyrHealth Hub,2105462233,sales@zephyrhealthhub.com,https://zephyrhealthhub.com,30,Raleigh,US,2026-06-05 04:09:59
2026-06-05,Legal,NorthLaw Suite,722.402.8596,hello@northlawsuite.io,https://www.northlawsuite.io,7,Singapore,SG,2026-06-05 01:34:43
2026-06-05,LMS,BeaconLearnLogic,684-734-2146,hello@beaconlearnlogic.io,beaconlearnlogic.io,30,Tampa,US,2026-06-05 04:57:44
2026-06-05,ERP,SableLedgerSphere,5334158753,sales@sableledgersphere.com,https://sableledgersphere.com,,Austin,US,2026-06-05 02:42:41
2026-06-05,ERP,Pioneer FinTech,7609231485,contact@pioneerfintech.com,https://www.pioneerfintech.com,13,Austin,US,2026-06-05 04:15:21
2026-06-05,ERP,PrimeOrder Hub,481.649.8856,contact@primeorderhub.io,https://primeorderhub.io,496,Amsterdam,NL,2026-06-05 01:52:27
2026-06-05,ERP,CobaltOpsFlow,+15305998399,sales@cobaltopsflow.com,https://cobaltopsflow.com,N/A,Columbus,US,2026-06-05 06:24:08
2026-06-05,HR,BoldPayrollApp,526.420.6217 ext. 62,info@boldpayrollapp.com,https://www.boldpayrollapp.com,88,Denver,US,2026-06-05 06:03:52
2026-06-05,MSP Platform,BlueNode Flow,(445) 533-1481,info@bluenodeflow.co,https://www.bluenodeflow.co,191,Calgary,CA,2026-06-05 02:48:16
2026-06-05,HR,OnyxPerform Sync,665-574-9507,info@onyxperformsync.com,onyxperformsync.com,228,Atlanta,US,2026-06-05 01:38:49
2026-06-05,Medical,AnchorRxSolutions,+1 (985) 355-8019,null,https://www.anchorrxsolutions.com,2438,Leeds,UK,2026-06-05 05:01:58
2026-06-05,HR,IndigoPayroll Desk,4316083442,contact@indigopayrolldesk.com,https://www.indigopayrolldesk.com,156,Seattle,US,2026-06-05 02:56:39
2026-06-05,Medical,Fusion MedSolutions,(355) 831-2045,sales@fusionmedsolutions.net,https://fusionmedsolutions.net,44,Sydney,AU,2026-06-05 02:57:24
2026-06-05,ERP,Fusion OrderPoint,664-378-6821,contact@fusionorderpoint.com,https://www.fusionorderpoint.com,48,Denver,US,2026-06-05 01:11:24
2026-06-05,MSP Platform,Halo NetFlow,517.729.2478,info@halonetflow.io,https://www.halonetflow.io,27,London,UK,2026-06-05 02:51:05
2026-06-05,ERP,Bold ChainPlatform,969-217-1632,info@boldchainplatform.com,https://boldchainplatform.com,298,Chicago,US,2026-06-05 06:35:51
2026-06-05,HR,ArchRoster Sync,(441) 729-4562,info@archrostersync.io,https://www.archrostersync.io,28,Denver,US,2026-06-05 03:21:56
2026-06-05,HR,ZenPeopleFlow,+1 (291) 433-8958,sales@zenpeopleflow.com,https://zenpeopleflow.com,687,Seattle,US,2026-06-05 01:29:49
2026-06-05,Medical,Ember ClinicCloud,08746057186,contact@embercliniccloud.io,https://www.embercliniccloud.io,357,Melbourne,AU,2026-06-05 01:08:46
2026-06-05,HR,BrightRoster Logic,+1 (410) 342-0756 ext. 26,sales@brightrosterlogic.com,https://www.brightrosterlogic.com,77,Tampa,US,2026-06-05 06:55:40
2026-06-05,ERP,EmberPlanHub,(683) 243-7536,sales@emberplanhub.com,https://emberplanhub.com,3366,Atlanta,US,2026-06-05 02:48:45
2026-06-05,MSP Platform,Keystone PatchCore,+14187683029,sales@keystonepatchcore.com,https://www.keystonepatchcore.com,35,Melbourne,AU,2026-06-05 01:59:10
2026-06-05,ERP,HaloChainApp,(864) 674-8529,info@halochainapp.co,https://www.halochainapp.co,8,Calgary,CA,2026-06-05 05:50:26
2026-06-05,LMS,Vertex QuizLabs,(766) 969-6205,contact@vertexquizlabs.com,https://www.vertexquizlabs.com,null,Berlin,DE,2026-06-05 03:23:24
2026-06-05,Legal,SableLaw Soft,(684) 893-3671,sales@sablelawsoft.co,sablelawsoft.co,78,Austin,US,2026-06-05 03:40:19
2026-06-05,MSP Platform,Crest MonitorSoft,(836) 364-3224,sales@crestmonitorsoft.com,https://www.crestmonitorsoft.com,114,Manchester,UK,2026-06-05 01:38:56
2026-06-05,Medical,FalconCare Sync,(777) 864-0888,info@falconcaresync.co,falconcaresync.co,16,Bengaluru,IN,2026-06-05 04:08:36
2026-06-05,ERP,NovaOps Cloud,830.322.8861,sales@novaopscloud.com,https://www.novaopscloud.com,51,Karachi,PK,2026-06-05 05:47:04
2026-06-05,LMS,Beacon CourseSync,860-649-7818,sales@beaconcoursesync.io,https://www.beaconcoursesync.io,850,Atlanta,US,2026-06-05 05:39:49
2026-06-05,Legal,AtlasFiling Core,(584) 744-5302,hello@atlasfilingcore.co,https://www.atlasfilingcore.co,34,Chicago,US,2026-06-05 01:23:34
2026-06-05,Medical,IronChartSystems,1-768-929-9005,info@ironchartsystems.com,https://www.ironchartsystems.com,null,Amsterdam,NL,2026-06-05 03:15:34
2026-06-05,Medical,Raven ChartDesk,+18394259383,hello@ravenchartdesk.com,https://www.ravenchartdesk.com,300,Leeds,UK,2026-06-05 06:30:19
2026-06-05,MSP Platform,BrightMonitorPoint,921-855-7712,hello@brightmonitorpoint.co,https://www.brightmonitorpoint.co,14,Chicago,US,2026-06-05 06:23:02
2026-06-05,ERP,UmbraStockApp,5979592266,contact@umbrastockapp.com,umbrastockapp.com,10,Denver,US,2026-06-05 06:01:07
2026-06-05,HR,Cobalt TalentDesk,+19038508754,info@cobalttalentdesk.com,cobalttalentdesk.com,3861,Raleigh,US,2026-06-05 03:01:28
2026-06-05,ERP,ClearFin Soft,(371) 959-4837,hello@clearfinsoft.com,clearfinsoft.com,489,Boston,US,2026-06-05 03:35:38
2026-06-05,HR,PrimeTalentSync,1-225-745-6047,contact@primetalentsync.com,https://www.primetalentsync.com,30,Toronto,CA,2026-06-05 02:48:18
2026-06-05,ERP,GraniteChainSolutions,+16584345881,sales@granitechainsolutions.net,https://granitechainsolutions.net,1724,Manchester,UK,2026-06-05 06:32:39
2026-06-05,MSP Platform,VeloRemoteLogic,929-401-0601,info@veloremotelogic.com,https://veloremotelogic.com,15,London,UK,2026-06-05 05:42:44
2026-06-05,MSP Platform,PivotStackSphere,(760) 585-7371,contact@pivotstacksphere.co,https://www.pivotstacksphere.co,150,Dublin,IE,2026-06-05 01:50:47
2026-06-05,HR,SilverPerform Suite,+12796240294,hello@silverperformsuite.io,https://www.silverperformsuite.io,16,Islamabad,PK,2026-06-05 04:52:01
2026-06-05,ERP,Ridge LedgerLabs,787-765-3679,sales@ridgeledgerlabs.com,https://ridgeledgerlabs.com,58,Singapore,SG,2026-06-05 06:21:25
2026-06-05,Legal,Ember Clause Recruiting,(930) 471-2465,info@emberclauserecruiting.com,emberclauserecruiting.com,25,Austin,US,2026-06-05 05:03:13
2026-06-05,Medical,SilverHealthSolutions,767.587.1911,info@silverhealthsolutions.com,https://silverhealthsolutions.com,69,Raleigh,US,2026-06-05 06:52:55
2026-06-05,Legal,ClearMatter Sync,+14167623178,hello@clearmattersync.io,clearmattersync.io,18,London,UK,2026-06-05 03:48:25
2026-06-05,HR,QuantumCultureCloud,(833) 969-5760,hello@quantumculturecloud.com,https://www.quantumculturecloud.com,95,Chicago,US,2026-06-05 03:44:04
2026-06-05,HR,Lumen TalentLogic,6029276665,info@lumentalentlogic.io,https://www.lumentalentlogic.io,32,Columbus,US,2026-06-05 05:41:34
2026-06-05,ERP,PolarisForge Flow,+1 (841) 348-0623,contact@polarisforgeflow.com,polarisforgeflow.com,28,Leeds,UK,2026-06-05 04:38:12
2026-06-05,HR,RapidTeamSolutions,+15625209256,hello@rapidteamsolutions.co,https://www.rapidteamsolutions.co,73,Boston,US,2026-06-05 05:07:25
2026-06-05,HR,GraniteTeamWorks,505.460.2273,contact@graniteteamworks.io,https://graniteteamworks.io,88,Denver,US,2026-06-05 05:52:16
2026-06-05,Medical,BoldChart Soft,(823) 817-7215,hello@boldchartsoft.io,https://www.boldchartsoft.io,19,Leeds,UK,2026-06-05 05:24:17
2026-06-05,Medical,MetaRxSync,8834999221,sales@metarxsync.com,https://www.metarxsync.com,202,Islamabad,PK,2026-06-05 06:39:11
2026-06-05,HR,Apex RosterBase,(933) 680-7408,sales@apexrosterbase.com,https://www.apexrosterbase.com,56,Denver,US,2026-06-05 04:23:04
2026-06-05,Legal,RavenCounselPlatform,(624) 272-8112,info@ravencounselplatform.com,https://ravencounselplatform.com,19,Seattle,US,2026-06-05 01:41:24
2026-06-05,Medical,KeystonePulseCloud,+19806151561,info@keystonepulsecloud.com,keystonepulsecloud.com,28,Vancouver,CA,2026-06-05 05:49:15
2026-06-05,Legal,MosaicBrief Platform,(856) 419-9065,hello@mosaicbriefplatform.co,https://www.mosaicbriefplatform.co,43,Phoenix,US,2026-06-05 01:15:38
2026-06-05,Medical,Raven VitalLogic,+17005143273,contact@ravenvitallogic.com,https://www.ravenvitallogic.com,494,Vancouver,CA,2026-06-05 04:26:39
2026-06-05,Legal,Mosaic DocketSphere,(895) 738-9821,hello@mosaicdocketsphere.com,https://www.mosaicdocketsphere.com,9,Tampa,US,2026-06-05 05:29:45
2026-06-05,MSP Platform,TruePatch Labs,(687) 712-7737,hello@truepatchlabs.co,truepatchlabs.co,18,Tampa,US,2026-06-05 05:32:21
2026-06-05,Medical,SolidRx Platform,+13453069601,info@solidrxplatform.co,solidrxplatform.co,482,N/A,US,2026-06-05 05:22:31
2026-06-05,HR,SilverBenefitBase,9406403526,info@silverbenefitbase.com,https://www.silverbenefitbase.com,74,Raleigh,US,2026-06-05 04:50:14
2026-06-05,MSP Platform,Falcon NodeLogic,569-316-1039,contact@falconnodelogic.com,https://www.falconnodelogic.com,22,Manchester,UK,2026-06-05 05:19:38
2026-06-05,HR,XenonPeople Base,(655) 563-4207,hello@xenonpeoplebase.net,https://www.xenonpeoplebase.net,503,-,US,2026-06-05 06:33:20
2026-06-05,Medical,GoldenCareDesk,+12045643330,contact@goldencaredesk.com,https://www.goldencaredesk.com,64,Calgary,CA,2026-06-05 01:42:09
2026-06-05,ERP,LumenPlan Flow,862.272.8573,contact@lumenplanflow.io,https://lumenplanflow.io,12,Atlanta,US,2026-06-05 02:47:22
2026-06-05,MSP Platform,Indigo TicketSync,+19507968037,sales@indigoticketsync.com,https://www.indigoticketsync.com,96,Boston,US,2026-06-05 06:05:56
2026-06-05,HR,NorthBenefit Works,1-542-983-3224,info@northbenefitworks.net,northbenefitworks.net,349,Pune,IN,2026-06-05 03:42:26
2026-06-05,ERP,Lattice OpsPlatform,621-206-1884,contact@latticeopsplatform.com,https://www.latticeopsplatform.com,7,Karachi,PK,2026-06-05 01:03:29
2026-06-05,Medical,WillowHealth Works,02378768860,info@willowhealthworks.net,https://willowhealthworks.net,381,Tampa,US,2026-06-05 01:31:57
2026-06-05,ERP,ZephyrPlan App,1-809-338-5984,info@zephyrplanapp.com,https://www.zephyrplanapp.com,91,Phoenix,US,2026-06-05 04:42:30
2026-06-05,HR,NovaCulturePlatform,553.967.5295,contact@novacultureplatform.com,https://www.novacultureplatform.com,39,Seattle,US,2026-06-05 06:01:22
2026-06-05,ERP,Core Resource Staffing,07856335313,info@coreresourcestaffing.com,https://www.coreresourcestaffing.com,212,Denver,US,2026-06-05 06:40:53
2026-06-05,ERP,Harbor BatchPlatform,(856) 941-7935,contact@harborbatchplatform.co,https://www.harborbatchplatform.co,888,Singapore,SG,2026-06-05 04:45:41
2026-06-05,MSP Platform,QuartzEndpoint Flow,597-257-3069,info@quartzendpointflow.com,https://www.quartzendpointflow.com,516,Denver,US,2026-06-05 04:06:06
2026-06-05,ERP,BoldOpsLogic,7473001432,hello@boldopslogic.com,https://boldopslogic.com,573,Phoenix,US,2026-06-05 03:23:05
2026-06-05,HR,Bold TalentHub,(599) 351-5590,null,https://www.boldtalenthub.com,237,Amsterdam,NL,2026-06-05 01:06:00
2026-06-05,HR,PioneerPeople Sync,+19073126870,contact@pioneerpeoplesync.com,https://pioneerpeoplesync.com,486,Atlanta,US,2026-06-05 02:10:48
2026-06-05,LMS,ArchTrainTech,695.817.9973,sales@archtraintech.co,https://archtraintech.co,119,Toronto,CA,2026-06-05 05:14:15
2026-06-05,MSP Platform,Crest NodeCloud,+1 (914) 829-7954,sales@crestnodecloud.com,https://www.crestnodecloud.com,19,Denver,US,2026-06-05 05:45:31
2026-06-05,Legal,Clear DocketCore,1-245-563-6082,sales@cleardocketcore.io,https://www.cleardocketcore.io,13,Denver,US,2026-06-05 04:56:03
2026-06-05,Medical,Sable PatientCore,4828760498,info@sablepatientcore.com,sablepatientcore.com,294,Hyderabad,IN,2026-06-05 06:54:30
2026-06-05,MSP Platform,Crest NodeFlow,8505865598,hello@crestnodeflow.com,https://www.crestnodeflow.com,,Phoenix,US,2026-06-05 02:31:57
2026-06-05,MSP Platform,IndigoUptimePoint,6794141270,hello@indigouptimepoint.co,https://www.indigouptimepoint.co,123,Seattle,US,2026-06-05 06:34:45
2026-06-05,ERP,PolarisShiftDesk,(688) 629-2747,sales@polarisshiftdesk.com,https://www.polarisshiftdesk.com,null,Chicago,US,2026-06-05 02:35:00
2026-06-05,Legal,Zephyr CompliSoft,9149072702,hello@zephyrcomplisoft.com,https://www.zephyrcomplisoft.com,86,Raleigh,US,2026-06-05 03:39:03
2026-06-05,Medical,BrightChart Sync,+17988428826,info@brightchartsync.co,https://www.brightchartsync.co,17,Raleigh,US,2026-06-05 05:00:36
2026-06-05,HR,Raven CultureSphere,6525910421,contact@ravenculturesphere.com,https://ravenculturesphere.com,95,Seattle,US,2026-06-05 06:01:07
2026-06-05,Legal,ArchCompli Suite,+14172997028,sales@archcomplisuite.co,https://www.archcomplisuite.co,19,Denver,US,2026-06-05 03:18:41
2026-06-05,LMS,PolarisTutor Platform,08293120009,contact@polaristutorplatform.net,https://polaristutorplatform.net,195,Seattle,US,2026-06-05 02:52:53
2026-06-05,HR,Cedar CultureHub,762-634-1611,contact@cedarculturehub.com,https://www.cedarculturehub.com,440,Islamabad,PK,2026-06-05 05:32:20
2026-06-05,LMS,Meta Mentor BPO Services,736-413-7638,hello@metamentorbposervices.com,metamentorbposervices.com,50,Tampa,US,2026-06-05 06:51:58
2026-06-05,MSP Platform,Ridge NetLogic,834-495-0628,info@ridgenetlogic.co,https://www.ridgenetlogic.co,182,Lahore,PK,2026-06-05 01:17:16
2026-06-05,Legal,XenonCounsel Soft,873-814-6970,info@xenoncounselsoft.io,https://www.xenoncounselsoft.io,11,Manchester,UK,2026-06-05 06:22:42
2026-06-05,Legal,MosaicFilingHub,+15689429405,info@mosaicfilinghub.com,https://www.mosaicfilinghub.com,58,Seattle,US,2026-06-05 04:53:59
2026-06-05,MSP Platform,PolarisTicket’s App,8114985429,sales@polaristicketapp.io,https://www.polaristicketapp.io,16,Phoenix,US,2026-06-05 01:03:02
2026-06-05,LMS,VeloTutorHub,1-654-568-1151,contact@velotutorhub.com,https://www.velotutorhub.com,321,Boston,US,2026-06-05 06:37:06
2026-06-05,HR,AltaTalent App,1-488-591-2314,hello@altatalentapp.co,https://www.altatalentapp.co,52,Austin,US,2026-06-05 01:11:10
2026-06-05,HR,FalconRosterSystems,6515993742,contact@falconrostersystems.com,falconrostersystems.com,10,Amsterdam,NL,2026-06-05 06:57:34
2026-06-05,Medical,MetaClinicSoft,791-821-4866,sales@metaclinicsoft.net,https://www.metaclinicsoft.net,2655,Raleigh,US,2026-06-05 05:23:35
2026-06-05,Medical,LumenCareSphere,(968) 780-9459,contact@lumencaresphere.com,https://www.lumencaresphere.com,21,Austin,US,2026-06-05 03:11:56
2026-06-05,MSP Platform,Pivot TicketLabs,(521) 266-6965,hello@pivotticketlabs.net,https://www.pivotticketlabs.net,6,Melbourne,AU,2026-06-05 06:20:55
2026-06-05,MSP Platform,MosaicTicketTech,8567701004,contact@mosaictickettech.io,https://mosaictickettech.io,738,Hyderabad,IN,2026-06-05 04:46:24
2026-06-05,MSP Platform,Sable StackSystems,+18369941575 ext. 79,sales@sablestacksystems.com,https://www.sablestacksystems.com,491,Columbus,US,2026-06-05 06:07:04
2026-06-05,ERP,ClearStock Cloud,1-885-838-0910,sales@clearstockcloud.com,https://www.clearstockcloud.com,127,Columbus,US,2026-06-05 05:53:26
2026-06-05,HR,Anchor CultureSoft,08095816143,info@anchorculturesoft.io,https://www.anchorculturesoft.io,5,Atlanta,US,2026-06-05 01:24:29
2026-06-05,HR,AnchorRosterSolutions,9163496663 ext. 15,hello@anchorrostersolutions.com,https://www.anchorrostersolutions.com,137,Toronto,CA,2026-06-05 01:13:10
2026-06-05,Medical,Tidal TriageSync,485.967.2778,info@tidaltriagesync.io,https://www.tidaltriagesync.io,98,Tampa,US,2026-06-05 03:01:58
2026-06-05,MSP Platform,UmbraUptimePlatform,969-300-8192,contact@umbrauptimeplatform.com,https://www.umbrauptimeplatform.com,13,Phoenix,US,2026-06-05 05:32:30
2026-06-05,MSP Platform,Nova StackBase,(984) 922-7814,info@novastackbase.com,https://novastackbase.com,87,Amsterdam,NL,2026-06-05 02:38:45
2026-06-05,HR,Lattice PayrollTech,502-213-0798,contact@latticepayrolltech.com,https://latticepayrolltech.com,8,null,US,2026-06-05 06:38:37
2026-06-05,HR,Willow OnboardHub,930.886.2866,info@willowonboardhub.com,https://www.willowonboardhub.com,221,Boston,US,2026-06-05 05:16:07
2026-06-05,LMS,MosaicLearnSync,(794) 484-6279,sales@mosaiclearnsync.com,https://www.mosaiclearnsync.com,34,Berlin,DE,2026-06-05 03:00:31
2026-06-05,Medical,Alta PatientDesk,+18944505370,info@altapatientdesk.io,https://www.altapatientdesk.io,105,Denver,US,2026-06-05 05:36:26
2026-06-05,Medical,VeloClinicDynamics,1-307-414-8094,contact@veloclinicdynamics.com,https://veloclinicdynamics.com,572,Boston,US,2026-06-05 02:22:59
2026-06-05,Legal,Harbor ClauseBase,655-876-5727,hello@harborclausebase.io,https://www.harborclausebase.io,497,Vancouver,CA,2026-06-05 01:48:23
2026-06-05,MSP Platform,QuartzStack Base,7872784820,contact@quartzstackbase.com,https://www.quartzstackbase.com,764,Atlanta,US,2026-06-05 02:17:21
2026-06-05,Medical,PrimeClinicSuite,781-888-5043,contact@primeclinicsuite.co,primeclinicsuite.co,5,London,UK,2026-06-05 05:41:39
2026-06-05,ERP,GraniteOpsFlow,1-543-382-7706,contact@graniteopsflow.com,graniteopsflow.com,2861,Atlanta,US,2026-06-05 05:53:59
2026-06-05,Medical,Xenon VitalApp,5083223511,info@xenonvitalapp.com,https://xenonvitalapp.com,203,Phoenix,US,2026-06-05 05:04:54
2026-06-05,ERP,RavenTrain Point,395-239-5341,sales@raventrainpoint.io,https://www.raventrainpoint.io,659,Chicago,US,2026-06-05 05:33:08
2026-06-05,ERP,SummitForge App,2143156519,hello@summitforgeapp.io,https://summitforgeapp.io,14,Austin,US,2026-06-05 02:55:17
2026-06-05,Legal,LumenCompliFlow,770.653.2988,hello@lumencompliflow.com,https://lumencompliflow.com,24,Columbus,US,2026-06-05 04:46:35
2026-06-05,Medical,Vista MedPlatform,+12158880263,info@vistamedplatform.io,vistamedplatform.io,34,N/A,US,2026-06-05 05:18:26
2026-06-05,MSP Platform,Solid EndpointSync,1-801-277-2408,contact@solidendpointsync.co,https://www.solidendpointsync.co,958,Berlin,DE,2026-06-05 05:37:22
2026-06-05,ERP,NimbusOpsFlow,+14307384317,info@nimbusopsflow.io,https://nimbusopsflow.io,162,Denver,US,2026-06-05 06:03:54
2026-06-05,LMS,Lattice SkillSync,(595) 502-4882,sales@latticeskillsync.com,https://latticeskillsync.com,89,Seattle,US,2026-06-05 05:03:13
2026-06-05,ERP,RidgeChainSync,4336262436,hello@ridgechainsync.io,https://www.ridgechainsync.io,235,Toronto,CA,2026-06-05 06:09:37
2026-06-05,Medical,Cobalt ClinicHub,769-522-6217,sales@cobaltclinichub.co,https://www.cobaltclinichub.co,34,Chicago,US,2026-06-05 01:52:03
2026-06-05,HR,FalconCultureLabs,288-523-0468,contact@falconculturelabs.com,https://www.falconculturelabs.com,10,Phoenix,US,2026-06-05 03:49:28
2026-06-05,ERP,RidgeResource Cloud,1-594-754-2639,hello@ridgeresourcecloud.com,https://www.ridgeresourcecloud.com,128,Boston,US,2026-06-05 01:22:55
2026-06-05,HR,NovaRoster’s Solutions,373.683.4177,hello@novarostersolutions.io,https://www.novarostersolutions.io,99,Toronto,CA,2026-06-05 03:15:43
2026-06-05,MSP Platform,IndigoStackSphere,+1 (345) 242-2438,contact@indigostacksphere.com,indigostacksphere.com,56,Toronto,CA,2026-06-05 03:09:19
2026-06-05,HR,FusionPayroll Platform,204-317-9402,contact@fusionpayrollplatform.com,https://www.fusionpayrollplatform.com,44,Austin,US,2026-06-05 03:53:13
2026-06-05,Medical,GoldenPatientDynamics,(636) 981-6100 ext. 14,sales@goldenpatientdynamics.net,https://www.goldenpatientdynamics.net,72,Vancouver,CA,2026-06-05 01:33:01
2026-06-05,HR,ZephyrRosterFlow,+13759406502,contact@zephyrrosterflow.net,https://zephyrrosterflow.net,9,Raleigh,US,2026-06-05 02:07:41
2026-06-05,LMS,BoldMentorSoft,(615) 367-6842,info@boldmentorsoft.io,https://www.boldmentorsoft.io,23,Boston,US,2026-06-05 05:42:21
2026-06-05,ERP,Quantum OrderSoft,7677048510,info@quantumordersoft.net,quantumordersoft.net,10,Seattle,US,2026-06-05 02:42:09
2026-06-05,HR,Solid’s TalentDynamics,1-514-644-1673,info@solidtalentdynamics.com,solidtalentdynamics.com,33,Chicago,US,2026-06-05 03:25:46
2026-06-05,Legal,FusionCounsel Systems,1-801-419-9130,hello@fusioncounselsystems.io,fusioncounselsystems.io,9,Chicago,US,2026-06-05 06:33:35
2026-06-05,ERP,Zephyr ResourceSystems,709-906-0537,info@zephyrresourcesystems.com,zephyrresourcesystems.com,11,Austin,US,2026-06-05 06:30:09
2026-06-05,ERP,Polaris PlanApp,8363622303,info@polarisplanapp.io,https://polarisplanapp.io,1326,Bengaluru,IN,2026-06-05 06:51:02
2026-06-05,Medical,Mosaic PulseHub,3613530526,hello@mosaicpulsehub.com,https://www.mosaicpulsehub.com,40,Amsterdam,NL,2026-06-05 02:36:33
2026-06-05,LMS,Bright EndpointBase,468.489.2389,sales@brightendpointbase.net,brightendpointbase.net,231,Singapore,SG,2026-06-05 02:48:54
2026-06-05,MSP Platform,BoldMonitorApp,4364783576,hello@boldmonitorapp.io,https://www.boldmonitorapp.io,22,Tampa,US,2026-06-05 01:41:14
2026-06-05,Legal,Juniper BriefSync,928-440-2984,info@juniperbriefsync.com,https://juniperbriefsync.com,38,Seattle,US,2026-06-05 05:57:45
2026-06-05,ERP,Bold FinTech,7772136033,info@boldfintech.com,https://www.boldfintech.com,368,N/A,US,2026-06-05 03:57:51
2026-06-05,ERP,Anchor PlanWorks,(779) 416-7399,hello@anchorplanworks.net,https://anchorplanworks.net,null,Phoenix,US,2026-06-05 03:22:33
2026-06-05,HR,Mosaic BenefitCloud,675-792-4237,hello@mosaicbenefitcloud.com,https://www.mosaicbenefitcloud.com,699,London,UK,2026-06-05 06:15:24
2026-06-05,MSP Platform,RidgewayNodeWorks,290-304-4348,sales@ridgewaynodeworks.com,https://www.ridgewaynodeworks.com,81,Tampa,US,2026-06-05 03:23:18
2026-06-05,ERP,IronFin Solutions,+18046319504,contact@ironfinsolutions.com,https://ironfinsolutions.com,232,Denver,US,2026-06-05 04:48:04
2026-06-05,Medical,GraniteVitalPoint’s,445-233-5226,contact@granitevitalpoint.io,https://www.granitevitalpoint.io,20,Tampa,US,2026-06-05 04:02:21
2026-06-05,Medical,MosaicRx Works,1-844-984-4236,sales@mosaicrxworks.com,https://mosaicrxworks.com,1202,Berlin,DE,2026-06-05 03:02:29
2026-06-05,ERP,CobaltBatch Flow,+16734930437 ext. 12,contact@cobaltbatchflow.com,https://www.cobaltbatchflow.com,5,Phoenix,US,2026-06-05 02:44:38
2026-06-05,HR,BoldPayrollCloud,(503) 678-9484 ext. 52,contact@boldpayrollcloud.com,https://boldpayrollcloud.com,124,Columbus,US,2026-06-05 06:11:44
2026-06-05,Medical,Ridgeway HealthDynamics,261.239.2095,hello@ridgewayhealthdynamics.com,ridgewayhealthdynamics.com,8,Singapore,SG,2026-06-05 03:46:15
2026-06-05,HR,Vertex PerformSphere,(213) 417-6182,contact@vertexperformsphere.com,https://vertexperformsphere.com,-,Phoenix,US,2026-06-05 04:33:53
2026-06-05,ERP,PolarisBatch Solutions,(244) 685-8841,info@polarisbatchsolutions.net,https://www.polarisbatchsolutions.net,88,London,UK,2026-06-05 05:18:44
2026-06-05,ERP,LatticeLedger Tech,(835) 673-2053,info@latticeledgertech.com,https://www.latticeledgertech.com,12,Columbus,US,2026-06-05 05:02:10
2026-06-05,Medical,Silver MedFlow,(285) 415-5239,info@silvermedflow.io,https://www.silvermedflow.io,21,Calgary,CA,2026-06-05 03:14:57
2026-06-05,Medical,Umbra CareWorks,843.302.0306,sales@umbracareworks.com,https://www.umbracareworks.com,19,Calgary,CA,2026-06-05 05:18:58
2026-06-05,Legal,TidalCounselSphere,(463) 827-7948,contact@tidalcounselsphere.com,https://www.tidalcounselsphere.com,19,Sydney,AU,2026-06-05 01:28:51
2026-06-05,ERP,SableChain Labs,1-318-940-6683,contact@sablechainlabs.com,https://www.sablechainlabs.com,49,Denver,US,2026-06-05 04:17:20
2026-06-05,HR,True TalentSphere,1-660-835-5573 ext. 46,hello@truetalentsphere.co,https://www.truetalentsphere.co,17,Austin,US,2026-06-05 01:29:18
2026-06-05,MSP Platform,Harbor TicketTech,8795780948,hello@harbortickettech.com,https://www.harbortickettech.com,141,Seattle,US,2026-06-05 03:35:51
2026-06-05,ERP,Cedar OpsSuite,04416943437,sales@cedaropssuite.com,https://www.cedaropssuite.com,86,Seattle,US,2026-06-05 06:53:34
2026-06-05,Medical,Mosaic ChartApp,(892) 644-9341,hello@mosaicchartapp.com,https://www.mosaicchartapp.com,9,Phoenix,US,2026-06-05 03:53:51
2026-06-05,HR,MetaBenefit Base,667.411.5156,hello@metabenefitbase.co,https://metabenefitbase.co,392,Raleigh,US,2026-06-05 05:12:08
2026-06-05,Legal,SilverFilingDynamics,+13939933226,hello@silverfilingdynamics.co,https://www.silverfilingdynamics.co,205,Seattle,US,2026-06-05 02:25:01
2026-06-05,ERP,PrimeOps Hub,407.288.1093,info@primeopshub.com,https://primeopshub.com,88,Dublin,IE,2026-06-05 03:17:44
2026-06-05,ERP,XenonOpsCore,4127564111,hello@xenonopscore.com,https://www.xenonopscore.com,766,Seattle,US,2026-06-05 01:11:24
2026-06-05,Legal,NimbusCase Labs,617-726-5297,info@nimbuscaselabs.io,https://www.nimbuscaselabs.io,183,Austin,US,2026-06-05 01:53:52
2026-06-05,ERP,RapidOrderSolutions,(712) 667-0186,hello@rapidordersolutions.co,https://www.rapidordersolutions.co,28,Columbus,US,2026-06-05 06:22:05
2026-06-05,Legal,AnchorCompli Desk,5596844854,hello@anchorcomplidesk.com,https://anchorcomplidesk.com,84,Toronto,CA,2026-06-05 04:09:09
2026-06-05,LMS,Orbit CourseLogic,783-522-7911,contact@orbitcourselogic.com,https://orbitcourselogic.com,18,Toronto,CA,2026-06-05 01:50:43
2026-06-05,MSP Platform,LumenUptimeCore,+1 (401) 225-5721,info@lumenuptimecore.io,https://www.lumenuptimecore.io,24,Chicago,US,2026-06-05 02:30:51
2026-06-05,Legal,ZenCompli Sphere,(932) 927-1504,sales@zencomplisphere.com,https://www.zencomplisphere.com,38,Chicago,US,2026-06-05 05:52:40
2026-06-05,Medical,Clear PulseHub,(412) 557-8298,contact@clearpulsehub.com,https://clearpulsehub.com,4496,Boston,US,2026-06-05 05:33:15
2026-06-05,Legal,Delta LawCore,713-600-0974,info@deltalawcore.com,https://www.deltalawcore.com,180,Raleigh,US,2026-06-05 02:08:14
2026-06-05,ERP,IronBatchSphere,+1 (367) 834-6874,hello@ironbatchsphere.com,https://ironbatchsphere.com,880,Tampa,US,2026-06-05 04:30:57
2026-06-05,MSP Platform,JuniperNode Point,+1 (431) 270-5021,contact@junipernodepoint.io,https://www.junipernodepoint.io,17,Raleigh,US,2026-06-05 03:05:27
2026-06-05,HR,ClearOnboardDynamics,+17298513963 ext. 85,info@clearonboarddynamics.com,https://clearonboarddynamics.com,18,Atlanta,US,2026-06-05 02:26:17
2026-06-05,Medical,BoldChainLogic,989-416-6904,sales@boldchainlogic.co,https://www.boldchainlogic.co,5,Atlanta,US,2026-06-05 02:41:12
2026-06-05,MSP Platform,BrightStackCloud,+19733416436,hello@brightstackcloud.com,https://www.brightstackcloud.com,992,Hyderabad,IN,2026-06-05 01:21:53
2026-06-05,HR,IndigoBenefit Sync,411-278-1602,sales@indigobenefitsync.net,indigobenefitsync.net,121,Chicago,US,2026-06-05 02:45:41
2026-06-05,HR,Vista RosterWorks,06234319193,info@vistarosterworks.net,https://www.vistarosterworks.net,65,Pune,IN,2026-06-05 05:55:00
2026-06-05,ERP,XenonStockDesk,+19023293250,sales@xenonstockdesk.com,xenonstockdesk.com,123,Munich,DE,2026-06-05 06:38:16
2026-06-05,ERP,FusionResourceSync,+1 (685) 636-8158,sales@fusionresourcesync.io,https://www.fusionresourcesync.io,230,Hyderabad,IN,2026-06-05 05:10:25
2026-06-05,Medical,MetaRxWorks,318.739.4618,hello@metarxworks.co,https://www.metarxworks.co,44,Atlanta,US,2026-06-05 04:44:23
2026-06-05,MSP Platform,OrbitStackSoft,(855) 203-7971,hello@orbitstacksoft.com,orbitstacksoft.com,9,Leeds,UK,2026-06-05 02:14:34
2026-06-05,MSP Platform,WillowUptimeSolutions,+1 (464) 702-2612,sales@willowuptimesolutions.net,https://www.willowuptimesolutions.net,null,Melbourne,AU,2026-06-05 05:27:23
2026-06-05,HR,VeloPeople Cloud,2074428236 ext. 52,hello@velopeoplecloud.io,https://velopeoplecloud.io,633,Manchester,UK,2026-06-05 05:23:50
2026-06-05,ERP,AtlasBatchDynamics,(822) 588-5953,sales@atlasbatchdynamics.co,https://www.atlasbatchdynamics.co,66,Raleigh,US,2026-06-05 03:17:44
2026-06-05,MSP Platform,BlueNodeCloud,(887) 737-0178,info@bluenodecloud.com,https://www.bluenodecloud.com,7,Boston,US,2026-06-05 06:42:52
2026-06-05,ERP,RidgePlan Suite,707-215-0567,sales@ridgeplansuite.com,https://www.ridgeplansuite.com,105,Boston,US,2026-06-05 02:46:04
2026-06-05,HR,BrightPayrollLabs,+12198453041,info@brightpayrolllabs.com,brightpayrolllabs.com,435,Dublin,IE,2026-06-05 02:09:40
2026-06-05,Medical,QuantumVital Hub,711-884-2362,info@quantumvitalhub.com,https://quantumvitalhub.com,963,Manchester,UK,2026-06-05 02:36:43
2026-06-05,Medical,ClearHealthSystems,608-671-0557,info@clearhealthsystems.com,https://www.clearhealthsystems.com,57,Tampa,US,2026-06-05 06:28:30
2026-06-05,HR,Falcon CultureCloud,+1 (830) 326-6016,sales@falconculturecloud.com,https://falconculturecloud.com,94,Raleigh,US,2026-06-05 02:31:00
2026-06-05,HR,Zen’s CultureApp,(254) 847-7137,sales@zencultureapp.com,https://www.zencultureapp.com,5,Boston,US,2026-06-05 04:06:09
2026-06-05,HR,Bright Shift Consulting Group,(382) 496-2677,contact@brightshiftconsultinggroup.com,https://www.brightshiftconsultinggroup.com,,Atlanta,US,2026-06-05 01:13:42
2026-06-05,ERP,LumenPlan Core,(434) 260-6350,info@lumenplancore.com,https://www.lumenplancore.com,45,Phoenix,US,2026-06-05 03:31:14
2026-06-05,MSP Platform,NimbusRemoteDynamics,846-668-3808,hello@nimbusremotedynamics.io,https://www.nimbusremotedynamics.io,27,London,UK,2026-06-05 04:19:43
2026-06-05,ERP,PrimeForge Solutions,503.431.6470,contact@primeforgesolutions.net,https://www.primeforgesolutions.net,141,Austin,US,2026-06-05 02:10:24
2026-06-05,Medical,Pivot VitalLogic,(324) 629-9939,sales@pivotvitallogic.io,pivotvitallogic.io,35,Seattle,US,2026-06-05 02:17:45
2026-06-05,Medical,GraniteClinicPoint,+14088738686,hello@graniteclinicpoint.io,https://graniteclinicpoint.io,6,Pune,IN,2026-06-05 04:42:18
2026-06-05,MSP Platform,BeaconMonitorSoft,1-413-262-3513,info@beaconmonitorsoft.com,https://www.beaconmonitorsoft.com,19,Singapore,SG,2026-06-05 02:04:37
2026-06-05,ERP,PivotFinSystems,347.604.9834,sales@pivotfinsystems.net,https://www.pivotfinsystems.net,8,Denver,US,2026-06-05 05:49:11
2026-06-05,ERP,JuniperOps Dynamics,1-248-433-6812,contact@juniperopsdynamics.co,https://www.juniperopsdynamics.co,47,Denver,US,2026-06-05 06:55:48
2026-06-05,MSP Platform,XenonTicket Cloud,+17655196729,hello@xenonticketcloud.com,https://xenonticketcloud.com,494,Sydney,AU,2026-06-05 03:21:34
2026-06-05,ERP,CoreFin Hub,869.862.8516,hello@corefinhub.io,https://www.corefinhub.io,11,Raleigh,US,2026-06-05 01:43:29
2026-06-05,Medical,LatticeHealthWorks,+16958414822,contact@latticehealthworks.com,https://www.latticehealthworks.com,9,Sydney,AU,2026-06-05 06:16:37
2026-06-05,Legal,True CompliPoint,7122618881 ext. 89,sales@truecomplipoint.io,https://www.truecomplipoint.io,495,Phoenix,US,2026-06-05 04:21:37
2026-06-05,MSP Platform,OmniNetCloud,(474) 365-6864,sales@omninetcloud.com,https://www.omninetcloud.com,601,Denver,US,2026-06-05 01:56:47
2026-06-05,Medical,ZephyrCareSoft,(258) 962-9803,hello@zephyrcaresoft.net,https://www.zephyrcaresoft.net,30,Columbus,US,2026-06-05 06:50:03
2026-06-05,HR,BoldOnboard Tech,603-305-6426,-,https://www.boldonboardtech.com,19,Toronto,CA,2026-06-05 05:08:46
2026-06-05,LMS,NimbusTrain Flow,+19184706286,info@nimbustrainflow.com,https://www.nimbustrainflow.com,95,Lahore,PK,2026-06-05 03:09:18
2026-06-05,HR,ZephyrBenefitSoft,(252) 676-1576,sales@zephyrbenefitsoft.com,https://www.zephyrbenefitsoft.com,208,Boston,US,2026-06-05 02:20:25
2026-06-05,Medical,FusionTriage Systems,470-619-0657,hello@fusiontriagesystems.com,https://fusiontriagesystems.com,-,Sydney,AU,2026-06-05 05:04:18
2026-06-05,HR,Lattice Perform Talent Agency,(257) 709-5570,info@latticeperformtalentagency.com,https://www.latticeperformtalentagency.com,64,Seattle,US,2026-06-05 02:21:23
2026-06-05,Legal,Rapid FilingSoft,3974894788,hello@rapidfilingsoft.com,https://www.rapidfilingsoft.com,13,Phoenix,US,2026-06-05 03:13:53
2026-06-05,ERP,CedarStock Desk,475.528.2702,contact@cedarstockdesk.com,https://www.cedarstockdesk.com,4202,London,UK,2026-06-05 05:31:33
2026-06-05,LMS,Silver CourseTech,736-998-6602,sales@silvercoursetech.io,https://www.silvercoursetech.io,6,Columbus,US,2026-06-05 02:18:22
2026-06-05,ERP,FusionLedgerHub,1-984-972-0961,info@fusionledgerhub.co,https://www.fusionledgerhub.co,318,Dublin,IE,2026-06-05 03:51:56
2026-06-05,Medical,Lattice TriageApp,351-844-2447,N/A,https://www.latticetriageapp.com,20,Columbus,US,2026-06-05 05:06:17
2026-06-05,HR,WillowBenefitCore,(263) 368-9678,info@willowbenefitcore.com,https://www.willowbenefitcore.com,16,Phoenix,US,2026-06-05 03:10:51
2026-06-05,HR,Indigo RosterLabs,(809) 714-1933,info@indigorosterlabs.com,https://www.indigorosterlabs.com,125,Chicago,US,2026-06-05 05:50:19
2026-06-05,ERP,Solid ResourceSystems,809-622-3311,sales@solidresourcesystems.com,solidresourcesystems.com,76,Phoenix,US,2026-06-05 01:55:55
2026-06-05,ERP,ArchOpsHub,(766) 728-0069,sales@archopshub.com,https://www.archopshub.com,12,Tampa,US,2026-06-05 04:05:57
2026-06-05,HR,NovaBenefitBase,566-269-7674,sales@novabenefitbase.com,novabenefitbase.com,713,Calgary,CA,2026-06-05 05:24:46
2026-06-05,ERP,XenonResource Sphere,(776) 743-9837,info@xenonresourcesphere.io,https://www.xenonresourcesphere.io,987,Phoenix,US,2026-06-05 01:10:20
2026-06-05,ERP,Velo FinLabs,+12046357904,sales@velofinlabs.com,https://www.velofinlabs.com,334,Seattle,US,2026-06-05 03:55:21
2026-06-05,ERP,OrbitBatch Labs,544-558-0278,hello@orbitbatchlabs.io,https://www.orbitbatchlabs.io,404,Phoenix,US,2026-06-05 04:21:46
2026-06-05,MSP Platform,ClearNetSync,1-239-349-7229,contact@clearnetsync.com,https://www.clearnetsync.com,9,Seattle,US,2026-06-05 03:19:01
2026-06-05,Legal,Fusion CaseTech,8187464411,info@fusioncasetech.io,https://fusioncasetech.io,303,Chicago,US,2026-06-05 02:03:15
2026-06-05,HR,DeltaCultureCloud’s,+15747774508,hello@deltaculturecloud.com,https://deltaculturecloud.com,10,Denver,US,2026-06-05 01:22:54
2026-06-05,Medical,PioneerRx Soft,+18032084302,sales@pioneerrxsoft.com,pioneerrxsoft.com,238,Tampa,US,2026-06-05 02:35:43
2026-06-05,Legal,NovaMatterDesk,(953) 723-6962,sales@novamatterdesk.com,https://www.novamatterdesk.com,50,Seattle,US,2026-06-05 04:15:34
2026-06-05,ERP,SableOrder Base,+1 (439) 662-1321,info@sableorderbase.com,https://sableorderbase.com,198,Denver,US,2026-06-05 06:24:36
2026-06-05,HR,Raven OnboardDesk,(625) 826-0353,contact@ravenonboarddesk.net,https://www.ravenonboarddesk.net,946,Tampa,US,2026-06-05 02:44:52
2026-06-05,HR,HaloRoster Platform,2016888703,hello@halorosterplatform.com,https://halorosterplatform.com,191,London,UK,2026-06-05 06:03:34
2026-06-05,ERP,Solid Ledger Consultants,(469) 690-4512,sales@solidledgerconsultants.net,https://solidledgerconsultants.net,15,Vancouver,CA,2026-06-05 01:01:17
2026-06-05,HR,Halo PayrollSuite,328-272-8198,sales@halopayrollsuite.com,https://halopayrollsuite.com,83,Atlanta,US,2026-06-05 03:19:17
2026-06-05,MSP Platform,Quantum StackPlatform,+16578268581,contact@quantumstackplatform.co,https://www.quantumstackplatform.co,19,null,PK,2026-06-05 06:23:50
2026-06-05,ERP,ArchResourceSoft,+14952279532,sales@archresourcesoft.net,https://www.archresourcesoft.net,14,Pune,IN,2026-06-05 01:37:59
2026-06-05,MSP Platform,BeaconStack Base,+1 (451) 466-6746,info@beaconstackbase.com,https://beaconstackbase.com,47,Phoenix,US,2026-06-05 06:37:14
2026-06-05,Legal,True MatterTech,+12634576310 ext. 1,info@truemattertech.com,https://www.truemattertech.com,293,Manchester,UK,2026-06-05 06:00:39
2026-06-05,HR,Lumen PayrollWorks,+19244464021,sales@lumenpayrollworks.net,https://lumenpayrollworks.net,147,Manchester,UK,2026-06-05 01:36:05
2026-06-05,MSP Platform,MosaicNet Soft,+16776665623 ext. 81,sales@mosaicnetsoft.net,https://www.mosaicnetsoft.net,14,Boston,US,2026-06-05 04:36:08
2026-06-05,Medical,JuniperChartFlow,8148368386,info@juniperchartflow.com,https://www.juniperchartflow.com,9,Dublin,IE,2026-06-05 01:41:50
2026-06-05,ERP,SableChain Soft,9017977441,hello@sablechainsoft.com,https://sablechainsoft.com,824,Tampa,US,2026-06-05 01:38:11
2026-06-05,HR,SolidRosterPoint,+13859493307,sales@solidrosterpoint.com,https://www.solidrosterpoint.com,471,Calgary,CA,2026-06-05 02:07:15
2026-06-05,Medical,Ember PatientDynamics,607-200-1641,contact@emberpatientdynamics.io,emberpatientdynamics.io,3441,Austin,US,2026-06-05 04:31:47
2026-06-05,ERP,SolidOpsSoft,507.608.4736,,solidopssoft.com,34,Pune,IN,2026-06-05 05:34:41
2026-06-05,Medical,QuartzMedLabs,276.857.1839,contact@quartzmedlabs.com,https://www.quartzmedlabs.com,3265,null,NL,2026-06-05 05:45:07
2026-06-05,MSP Platform,NimbusNodeLabs,+16799735845,sales@nimbusnodelabs.com,nimbusnodelabs.com,172,Boston,US,2026-06-05 02:59:53
2026-06-05,HR,IronCultureCore,3602024760,hello@ironculturecore.com,https://ironculturecore.com,6,Dublin,IE,2026-06-05 03:42:34
2026-06-05,ERP,PolarisFinDesk,805.664.2169,sales@polarisfindesk.com,https://www.polarisfindesk.com,2098,Karachi,PK,2026-06-05 03:42:50
2026-06-05,ERP,Omni ResourceSuite,04497532125,sales@omniresourcesuite.io,omniresourcesuite.io,428,Denver,US,2026-06-05 03:19:42
2026-06-05,Legal,Lumen LawLabs,+16973448579 ext. 42,hello@lumenlawlabs.com,https://www.lumenlawlabs.com,469,Columbus,US,2026-06-05 05:03:18
2026-06-05,HR,Onyx CulturePoint,308.605.0006,contact@onyxculturepoint.io,https://www.onyxculturepoint.io,1827,Atlanta,US,2026-06-05 02:44:11
2026-06-05,Medical,AnchorChart Flow,816-843-5212,sales@anchorchartflow.io,anchorchartflow.io,26,Columbus,US,2026-06-05 02:57:43
2026-06-05,Medical,LatticePulse Suite,201-868-7969,hello@latticepulsesuite.com,latticepulsesuite.com,65,Chicago,US,2026-06-05 02:22:15
2026-06-05,MSP Platform,Crest GridPoint,+1 (438) 284-1936 ext. 16,hello@crestgridpoint.co,crestgridpoint.co,35,Columbus,US,2026-06-05 04:03:55
2026-06-05,HR,Pioneer RosterPoint,+1 (593) 519-3460,info@pioneerrosterpoint.co,https://pioneerrosterpoint.co,6,null,US,2026-06-05 03:28:02
2026-06-05,LMS,Solid LessonCloud,+16549781655,hello@solidlessoncloud.com,https://www.solidlessoncloud.com,386,Singapore,SG,2026-06-05 03:21:17
2026-06-05,MSP Platform,North PatchSystems,1-706-491-9730,sales@northpatchsystems.com,https://www.northpatchsystems.com,144,Denver,US,2026-06-05 03:29:58
2026-06-05,HR,LatticeOnboardPlatform,(863) 591-6864,info@latticeonboardplatform.io,latticeonboardplatform.io,N/A,Raleigh,US,2026-06-05 06:24:51
2026-06-05,Medical,ClearMed Platform,811-593-0155,contact@clearmedplatform.io,https://clearmedplatform.io,869,N/A,UK,2026-06-05 06:23:28
2026-06-05,HR,VeloPayrollSolutions,(930) 772-5763 ext. 12,contact@velopayrollsolutions.net,velopayrollsolutions.net,467,Phoenix,US,2026-06-05 05:20:22
2026-06-05,Medical,BrightTriageCore,+19795240859,sales@brighttriagecore.com,https://www.brighttriagecore.com,27,Tampa,US,2026-06-05 05:07:13
2026-06-05,HR,Bright Talent Consultants,(375) 661-1609,info@brighttalentconsultants.io,https://brighttalentconsultants.io,37,Denver,US,2026-06-05 06:40:22
2026-06-05,HR,HarborTeam Point,(289) 245-8029,contact@harborteampoint.com,https://www.harborteampoint.com,362,Singapore,SG,2026-06-05 05:25:30
2026-06-05,ERP,CedarStock Solutions,+16943323004,hello@cedarstocksolutions.io,https://www.cedarstocksolutions.io,419,Manchester,UK,2026-06-05 05:41:13
2026-06-05,ERP,OmniBatchCloud,726-315-2173,contact@omnibatchcloud.net,https://www.omnibatchcloud.net,466,Dublin,IE,2026-06-05 04:17:25
2026-06-05,Legal,FalconLawDesk,624-983-9005,contact@falconlawdesk.com,https://www.falconlawdesk.com,50,Austin,US,2026-06-05 03:10:26
2026-06-05,Medical,TidalPatientSoft,1-393-994-2165,info@tidalpatientsoft.com,https://www.tidalpatientsoft.com,883,Hyderabad,IN,2026-06-05 04:29:29
2026-06-05,Medical,Xenon PulseSolutions,+17943297441,hello@xenonpulsesolutions.io,https://www.xenonpulsesolutions.io,,Raleigh,US,2026-06-05 06:51:48
2026-06-05,Medical,Omni PulseSystems,305-517-7330,hello@omnipulsesystems.com,https://www.omnipulsesystems.com,216,Singapore,SG,2026-06-05 01:02:48
2026-06-05,LMS,Iron CourseCore,902-577-5244,hello@ironcoursecore.com,https://www.ironcoursecore.com,992,Berlin,DE,2026-06-05 04:39:43
2026-06-05,ERP,SilverOpsLogic,878-873-9272,null,https://silveropslogic.co,38,Seattle,US,2026-06-05 05:45:34
2026-06-05,ERP,Juniper OpsSoft,9133252148,info@juniperopssoft.com,https://www.juniperopssoft.com,19,Amsterdam,NL,2026-06-05 01:58:06
2026-06-05,HR,AtlasTeamHub,+19633804432,hello@atlasteamhub.com,https://www.atlasteamhub.com,42,Singapore,SG,2026-06-05 03:32:28
2026-06-05,ERP,Delta OrderSoft,+17219182973,hello@deltaordersoft.com,https://www.deltaordersoft.com,9,Bengaluru,IN,2026-06-05 06:12:54
2026-06-05,ERP,EmberOrder Works,(893) 896-8614 ext. 75,sales@emberorderworks.com,https://www.emberorderworks.com,634,Phoenix,US,2026-06-05 03:59:37
2026-06-05,MSP Platform,VertexStackBase,408-651-1761,info@vertexstackbase.io,https://vertexstackbase.io,9,Denver,US,2026-06-05 02:29:06
2026-06-05,Medical,SolidPulse Base,399.744.8102,info@solidpulsebase.io,https://solidpulsebase.io,154,N/A,US,2026-06-05 01:49:31
2026-06-05,HR,CedarOnboardSoft’s,8674910329,,https://www.cedaronboardsoft.com,15,Manchester,UK,2026-06-05 02:57:20
2026-06-05,Legal,Beacon LawSystems,229-871-1206,sales@beaconlawsystems.net,https://beaconlawsystems.net,55,Chicago,US,2026-06-05 05:59:27
2026-06-05,LMS,ZephyrQuiz Hub,+1 (635) 971-6827,hello@zephyrquizhub.com,zephyrquizhub.com,218,Raleigh,US,2026-06-05 02:14:39
2026-06-05,HR,Zen TeamHub,(691) 540-7207,info@zenteamhub.com,zenteamhub.com,24,Austin,US,2026-06-05 06:18:07
2026-06-05,LMS,BlueTutorCore,947.643.7755,contact@bluetutorcore.net,https://bluetutorcore.net,707,Raleigh,US,2026-06-05 04:21:08
2026-06-05,HR,Lumen Talent Manpower Services,(332) 506-0079,info@lumentalentmanpowerservices.com,https://www.lumentalentmanpowerservices.com,38,Denver,US,2026-06-05 03:39:13
2026-06-05,ERP,NorthBatchTech,844.702.0133,N/A,https://www.northbatchtech.com,177,Denver,US,2026-06-05 06:31:56
2026-06-05,HR,Zephyr PerformCore,638-493-5546 ext. 29,contact@zephyrperformcore.io,https://www.zephyrperformcore.io,14,Boston,US,2026-06-05 04:58:30
2026-06-05,LMS,ZenTalentLabs,676-552-9774,info@zentalentlabs.com,https://zentalentlabs.com,18,Boston,US,2026-06-05 05:54:24
2026-06-05,LMS,Core LearnDesk,(724) 935-3284,sales@corelearndesk.com,corelearndesk.com,14,Pune,IN,2026-06-05 01:50:10
2026-06-05,MSP Platform,ClearGrid Tech,1-896-653-8689,sales@cleargridtech.com,https://cleargridtech.com,32,Boston,US,2026-06-05 04:27:04
2026-06-05,LMS,XenonMentorLogic,218-640-2458,contact@xenonmentorlogic.com,https://www.xenonmentorlogic.com,19,London,UK,2026-06-05 02:38:57
2026-06-05,Legal,RidgewayBrief Base,(682) 951-3690,hello@ridgewaybriefbase.co,https://www.ridgewaybriefbase.co,124,Islamabad,PK,2026-06-05 03:15:57
2026-06-05,Legal,KeystoneBriefSolutions,266-877-3129,info@keystonebriefsolutions.com,https://keystonebriefsolutions.com,29,Denver,US,2026-06-05 05:06:00
2026-06-05,HR,RavenPayroll Systems,7536970280,contact@ravenpayrollsystems.com,https://www.ravenpayrollsystems.com,328,Munich,DE,2026-06-05 03:02:31
2026-06-05,ERP,NimbusBatch Logic,3112754898,hello@nimbusbatchlogic.io,nimbusbatchlogic.io,11,Seattle,US,2026-06-05 01:27:32
2026-06-05,Medical,LatticeRxWorks,891.440.5002,hello@latticerxworks.net,https://www.latticerxworks.net,16,Denver,US,2026-06-05 04:58:17
2026-06-05,HR,Quantum TeamSolutions,1-496-237-7988,info@quantumteamsolutions.com,quantumteamsolutions.com,819,Tampa,US,2026-06-05 03:20:28
2026-06-05,HR,Nimbus ShiftDesk,2045675931,sales@nimbusshiftdesk.com,https://nimbusshiftdesk.com,635,Raleigh,US,2026-06-05 04:07:02
2026-06-05,MSP Platform,QuantumEndpoint Solutions,+16455969848 ext. 6,info@quantumendpointsolutions.io,https://www.quantumendpointsolutions.io,26,Manchester,UK,2026-06-05 02:39:23
2026-06-05,ERP,Core ChainSystems,+1 (809) 594-1911,contact@corechainsystems.com,corechainsystems.com,14,Columbus,US,2026-06-05 04:16:33
2026-06-05,HR,RavenCultureSolutions,09163577388,sales@ravenculturesolutions.net,https://www.ravenculturesolutions.net,440,Toronto,CA,2026-06-05 02:01:02
2026-06-05,LMS,ZephyrMentor Flow,(500) 972-5467,sales@zephyrmentorflow.com,zephyrmentorflow.com,19,Tampa,US,2026-06-05 01:17:52
2026-06-05,MSP Platform,MetaUptimeDesk,03709311372 ext. 44,N/A,metauptimedesk.net,44,Toronto,CA,2026-06-05 04:36:44
2026-06-05,MSP Platform,PolarisNet Systems,(329) 481-2766,hello@polarisnetsystems.com,https://polarisnetsystems.com,48,Austin,US,2026-06-05 06:39:20
2026-06-05,ERP,Pioneer ForgePoint,607-785-5485 ext. 64,hello@pioneerforgepoint.com,https://www.pioneerforgepoint.com,135,Boston,US,2026-06-05 02:03:55
2026-06-05,Medical,AtlasCareTech,349-509-7890,sales@atlascaretech.io,https://www.atlascaretech.io,14,Boston,US,2026-06-05 05:51:16
2026-06-05,Medical,CobaltChart Core,+15665695363,hello@cobaltchartcore.com,https://www.cobaltchartcore.com,80,Singapore,SG,2026-06-05 05:50:27
2026-06-05,ERP,Orbit LedgerSuite,3167834700 ext. 6,hello@orbitledgersuite.com,https://orbitledgersuite.com,38,Seattle,US,2026-06-05 01:47:10
2026-06-05,HR,Harbor OnboardSphere,441-637-6010 ext. 47,contact@harboronboardsphere.co,https://www.harboronboardsphere.co,30,Chicago,US,2026-06-05 01:27:23
2026-06-05,Medical,GranitePulseCloud,6242550904,sales@granitepulsecloud.com,https://granitepulsecloud.com,15,Austin,US,2026-06-05 04:49:16
2026-06-05,LMS,HarborQuizLabs,(226) 793-1379,info@harborquizlabs.com,https://www.harborquizlabs.com,170,Leeds,UK,2026-06-05 03:10:19
2026-06-05,Medical,NimbusTriageCloud,+14308991446,hello@nimbustriagecloud.co,https://nimbustriagecloud.co,9,Manchester,UK,2026-06-05 01:20:20
2026-06-05,Legal,KeystoneVerdictHub,679-937-7054 ext. 95,sales@keystoneverdicthub.net,https://www.keystoneverdicthub.net,47,Columbus,US,2026-06-05 05:42:46
2026-06-05,MSP Platform,Lattice NetSuite,+19814006332 ext. 29,contact@latticenetsuite.com,https://www.latticenetsuite.com,35,Boston,US,2026-06-05 02:37:22
2026-06-05,MSP Platform,FusionStackFlow,(632) 207-2333,sales@fusionstackflow.co,https://fusionstackflow.co,963,Seattle,US,2026-06-05 06:52:31
2026-06-05,HR,VistaRosterDynamics,638.676.9135,sales@vistarosterdynamics.io,vistarosterdynamics.io,,London,UK,2026-06-05 05:38:17
2026-06-05,ERP,LumenForge Suite,(464) 996-7359,contact@lumenforgesuite.com,https://lumenforgesuite.com,33,Atlanta,US,2026-06-05 01:59:29
2026-06-05,Legal,ApexBrief Sync,(326) 502-6966,hello@apexbriefsync.com,https://www.apexbriefsync.com,32,Chicago,US,2026-06-05 01:27:43
2026-06-05,ERP,SummitFinCloud,350-274-5024,sales@summitfincloud.com,https://www.summitfincloud.com,121,Seattle,US,2026-06-05 01:06:45
2026-06-05,Legal,TidalVerdict Sync,856-416-4196,hello@tidalverdictsync.co,https://www.tidalverdictsync.co,84,Columbus,US,2026-06-05 05:00:15
2026-06-05,ERP,GoldenLedgerSphere,1-561-927-8423,info@goldenledgersphere.com,https://goldenledgersphere.com,6,Phoenix,US,2026-06-05 06:52:31
2026-06-05,Medical,ApexCare Systems,(336) 698-0144,hello@apexcaresystems.com,apexcaresystems.com,103,Austin,US,2026-06-05 05:20:24
2026-06-05,Legal,Iron VerdictCore,+16878697828 ext. 51,hello@ironverdictcore.com,https://www.ironverdictcore.com,458,Boston,US,2026-06-05 04:35:56
2026-06-05,ERP,Quartz ChainPoint,855-324-3426,sales@quartzchainpoint.io,https://www.quartzchainpoint.io,32,Tampa,US,2026-06-05 02:47:31
2026-06-05,HR,AltaCulture Hub,7388212294,info@altaculturehub.com,https://www.altaculturehub.com,18,Bengaluru,IN,2026-06-05 03:08:40
2026-06-05,ERP,TrueStock Tech,(357) 445-8870,hello@truestocktech.io,https://truestocktech.io,512,Hyderabad,IN,2026-06-05 06:49:25
2026-06-05,HR,Omni OnboardPoint,+17813614626,info@omnionboardpoint.io,omnionboardpoint.io,69,Lahore,PK,2026-06-05 02:47:51
2026-06-05,Medical,FusionTriageTech,(413) 714-5129,hello@fusiontriagetech.io,https://fusiontriagetech.io,742,N/A,IN,2026-06-05 04:45:32
2026-06-05,HR,ZenPayroll Works,1-370-719-4610,N/A,https://www.zenpayrollworks.com,153,Raleigh,US,2026-06-05 05:39:30
2026-06-05,Medical,PivotCare Works,+13395260197,hello@pivotcareworks.com,https://www.pivotcareworks.com,239,Munich,DE,2026-06-05 04:07:02
2026-06-05,ERP,NimbusLedger Core,810.812.3524,hello@nimbusledgercore.io,https://www.nimbusledgercore.io,263,Denver,US,2026-06-05 06:13:27
2026-06-05,ERP,Alta OpsPlatform,(398) 859-0111,sales@altaopsplatform.com,https://www.altaopsplatform.com,N/A,,US,2026-06-05 02:18:24
2026-06-05,Legal,DeltaBrief Desk,568.440.2129,contact@deltabriefdesk.com,https://www.deltabriefdesk.com,46,Boston,US,2026-06-05 01:19:29
2026-06-05,Medical,Prime VitalDesk,930-910-3942,contact@primevitaldesk.io,https://www.primevitaldesk.io,930,Berlin,DE,2026-06-05 03:21:59
2026-06-05,HR,SummitPerformSuite,421-801-2809,sales@summitperformsuite.net,summitperformsuite.net,89,Bengaluru,IN,2026-06-05 05:44:31
2026-06-05,HR,WillowPerformLabs,1-771-274-6035,sales@willowperformlabs.com,https://www.willowperformlabs.com,82,Columbus,US,2026-06-05 01:10:33
2026-06-05,MSP Platform,GoldenPatchSoft,(499) 436-0314 ext. 42,info@goldenpatchsoft.com,https://www.goldenpatchsoft.com,164,Melbourne,AU,2026-06-05 05:17:54
2026-06-05,MSP Platform,Crest PatchSuite,+19072785918,info@crestpatchsuite.com,https://crestpatchsuite.com,9,Chicago,US,2026-06-05 02:34:45
2026-06-05,Medical,Lumen RxPlatform,561.700.0636,sales@lumenrxplatform.net,https://lumenrxplatform.net,57,Seattle,US,2026-06-05 05:32:01
2026-06-05,ERP,UmbraOrder Sphere,8738955781,sales@umbraordersphere.com,https://www.umbraordersphere.com,672,Columbus,US,2026-06-05 05:04:26
2026-06-05,HR,CrestTalentTech,706-531-9451,sales@cresttalenttech.com,cresttalenttech.com,178,Denver,US,2026-06-05 03:25:01
2026-06-05,MSP Platform,Golden NodeSuite,(882) 340-5277,info@goldennodesuite.com,https://goldennodesuite.com,449,Atlanta,US,2026-06-05 06:55:26
2026-06-05,ERP,DeltaForgeBase,771-491-9156,hello@deltaforgebase.com,https://deltaforgebase.com,17,Bengaluru,IN,2026-06-05 03:11:33
2026-06-05,Legal,VertexMatterCloud,7878707790,contact@vertexmattercloud.net,https://www.vertexmattercloud.net,5,Austin,US,2026-06-05 02:39:41
2026-06-05,Legal,Beacon Law Outsourcing,+13264299857 ext. 13,info@beaconlawoutsourcing.com,https://beaconlawoutsourcing.com,30,Munich,DE,2026-06-05 05:33:32
2026-06-05,Legal,EmberCompli Tech,+19429048125,contact@embercomplitech.com,https://embercomplitech.com,244,Denver,US,2026-06-05 06:34:07
2026-06-05,ERP,MosaicPlanTech,545-826-3873,hello@mosaicplantech.io,https://mosaicplantech.io,60,Phoenix,US,2026-06-05 06:02:46
2026-06-05,LMS,OnyxMentorBase,+13415706789,info@onyxmentorbase.io,https://onyxmentorbase.io,25,Atlanta,US,2026-06-05 03:47:31
2026-06-05,MSP Platform,ArchPatch Coré,276.534.0638,hello@archpatchcore.com,https://www.archpatchcore.com,222,Melbourne,AU,2026-06-05 05:00:36
2026-06-05,Legal,Atlas VerdictFlow,(726) 783-8692,info@atlasverdictflow.com,atlasverdictflow.com,12,Tampa,US,2026-06-05 02:03:11
2026-06-05,MSP Platform,VistaStackApp,9189738632,info@vistastackapp.com,https://www.vistastackapp.com,80,Vancouver,CA,2026-06-05 02:47:59
2026-06-05,Legal,LumenBriefSolutions,718-746-8236 ext. 60,hello@lumenbriefsolutions.com,https://www.lumenbriefsolutions.com,185,null,US,2026-06-05 05:57:45
2026-06-05,MSP Platform,VeloRemote Platform,(951) 779-4902,contact@veloremoteplatform.io,https://veloremoteplatform.io,46,Calgary,CA,2026-06-05 04:04:15
2026-06-05,Medical,Anchor CareLogic,224-222-0899,contact@anchorcarelogic.com,https://www.anchorcarelogic.com,22,Melbourne,AU,2026-06-05 04:57:48
2026-06-05,LMS,Ridgeway SkillDesk,752.887.7915,info@ridgewayskilldesk.com,https://www.ridgewayskilldesk.com,49,Raleigh,US,2026-06-05 06:46:25
2026-06-05,MSP Platform,RidgewayUptime’s Core,(455) 940-8044,hello@ridgewayuptimecore.net,https://www.ridgewayuptimecore.net,86,Dublin,IE,2026-06-05 05:30:12
2026-06-05,HR,RidgeOnboard Platform,941-950-3689,contact@ridgeonboardplatform.com,https://www.ridgeonboardplatform.com,193,Pune,IN,2026-06-05 04:42:58
2026-06-05,ERP,Golden BatchPoint,+19037309172,sales@goldenbatchpoint.com,https://www.goldenbatchpoint.com,96,Raleigh,US,2026-06-05 01:37:52
2026-06-05,ERP,Cedar BatchTech,887.282.5679,sales@cedarbatchtech.com,cedarbatchtech.com,36,Amsterdam,NL,2026-06-05 06:27:02
2026-06-05,ERP,VeloStockSphere,+1 (761) 471-0609,contact@velostocksphere.com,https://www.velostocksphere.com,19,Chicago,US,2026-06-05 01:27:58
2026-06-05,HR,TruePeople Labs,(385) 585-5888,hello@truepeoplelabs.com,https://www.truepeoplelabs.com,77,Vancouver,CA,2026-06-05 05:24:05
2026-06-05,ERP,PolarisStockSphere,408-707-6891,sales@polarisstocksphere.com,https://www.polarisstocksphere.com,22,Melbourne,AU,2026-06-05 05:54:39
2026-06-05,HR,AtlasTeamSphere,(856) 583-8365 ext. 12,info@atlasteamsphere.net,https://atlasteamsphere.net,48,Toronto,CA,2026-06-05 06:13:18
2026-06-05,Legal,CoreVerdictDynamics,(647) 928-4213,contact@coreverdictdynamics.com,https://coreverdictdynamics.com,131,Boston,US,2026-06-05 05:59:02
2026-06-05,ERP,Nimbus BatchWorks,1-983-858-1476,sales@nimbusbatchworks.io,https://www.nimbusbatchworks.io,21,Lahore,PK,2026-06-05 01:55:49
2026-06-05,ERP,FalconOpsSuite,+1 (621) 799-3904,hello@falconopssuite.co,https://www.falconopssuite.co,-,Atlanta,US,2026-06-05 06:09:04
2026-06-05,MSP Platform,Apex NodeCore,555-522-2052,hello@apexnodecore.co,https://apexnodecore.co,126,Phoenix,US,2026-06-05 05:48:40
2026-06-05,Medical,Golden VitalLogic,384-941-5288,sales@goldenvitallogic.co,https://goldenvitallogic.co,45,Tampa,US,2026-06-05 03:04:02
2026-06-05,HR,GraniteBenefitLogic,1-219-739-9466,hello@granitebenefitlogic.io,granitebenefitlogic.io,51,Columbus,US,2026-06-05 02:47:20
2026-06-05,HR,HarborShift Works,+19628335437,hello@harborshiftworks.co,https://harborshiftworks.co,43,Amsterdam,NL,2026-06-05 02:35:08
2026-06-05,MSP Platform,Meta NodeSoft,1-490-486-5143,hello@metanodesoft.io,https://metanodesoft.io,19,Singapore,SG,2026-06-05 06:38:53
2026-06-05,MSP Platform,MetaUptime Point,(239) 630-3186 ext. 73,hello@metauptimepoint.com,metauptimepoint.com,62,Raleigh,US,2026-06-05 02:15:14
2026-06-05,ERP,PrimeOps Labs,+15827756978,info@primeopslabs.io,https://primeopslabs.io,250,Hyderabad,IN,2026-06-05 03:32:23
2026-06-05,MSP Platform,RidgeNodeFlow,358.628.7614,info@ridgenodeflow.com,https://www.ridgenodeflow.com,755,Amsterdam,NL,2026-06-05 06:08:55
2026-06-05,HR,BrightOrder Works,+1 (810) 221-0887,info@brightorderworks.com,https://www.brightorderworks.com,34,Toronto,CA,2026-06-05 05:17:36
2026-06-05,Legal,Zephyr BriefPlatform,+16258658987,sales@zephyrbriefplatform.net,https://www.zephyrbriefplatform.net,40,Denver,US,2026-06-05 05:33:32
2026-06-05,MSP Platform,ZenNode Sync,(857) 627-7681,hello@zennodesync.io,https://www.zennodesync.io,615,Austin,US,2026-06-05 03:38:47
2026-06-05,HR,Crown PeopleWorks,+1 (544) 786-1128,contact@crownpeopleworks.com,https://www.crownpeopleworks.com,353,Pune,IN,2026-06-05 01:53:06
2026-06-05,Medical,Anchor TriagePlatform,+1 (624) 624-4152,sales@anchortriageplatform.com,https://anchortriageplatform.com,850,Austin,US,2026-06-05 05:49:19
2026-06-05,Medical,Atlas TriagePoint,+13414645988,sales@atlastriagepoint.net,https://www.atlastriagepoint.net,298,Berlin,DE,2026-06-05 05:44:54
2026-06-05,Legal,MosaicCompli Systems,+1 (845) 595-3913,sales@mosaiccomplisystems.io,https://www.mosaiccomplisystems.io,199,Atlanta,US,2026-06-05 05:24:02
2026-06-05,HR,PivotPayroll Suite,+15844334474,info@pivotpayrollsuite.com,https://pivotpayrollsuite.com,14,Columbus,US,2026-06-05 04:54:21
2026-06-05,HR,Fusion BenefitApp,(356) 910-3892,contact@fusionbenefitapp.com,fusionbenefitapp.com,21,Atlanta,US,2026-06-05 01:37:06
2026-06-05,Legal,Ridge MatterSphere,631.367.0926,hello@ridgemattersphere.com,ridgemattersphere.com,3573,Columbus,US,2026-06-05 06:02:12
2026-06-05,Medical,SilverHealthFlow,(819) 416-2988,sales@silverhealthflow.com,https://www.silverhealthflow.com,4038,Seattle,US,2026-06-05 03:07:47
2026-06-05,MSP Platform,GoldenNetSystems,240-407-7168,hello@goldennetsystems.com,https://www.goldennetsystems.com,92,-,UK,2026-06-05 01:56:14
2026-06-05,Medical,NovaMed Cloud,(217) 682-0508,info@novamedcloud.com,novamedcloud.com,1228,Phoenix,US,2026-06-05 02:45:43
2026-06-05,Legal,SableMatter Base,+1 (747) 700-1295,sales@sablematterbase.com,https://www.sablematterbase.com,78,Melbourne,AU,2026-06-05 03:42:59
2026-06-05,ERP,Anchor BatchCore,07297877628,contact@anchorbatchcore.io,https://www.anchorbatchcore.io,42,Leeds,UK,2026-06-05 04:41:06
2026-06-05,MSP Platform,VistaNetCore,1-856-674-0187,contact@vistanetcore.co,https://www.vistanetcore.co,139,Calgary,CA,2026-06-05 06:46:22
2026-06-05,HR,VeloOnboard Soft,1-203-855-1551,hello@veloonboardsoft.io,veloonboardsoft.io,500,N/A,US,2026-06-05 04:18:21
2026-06-05,HR,RavenTeam Flow,843-665-3590,contact@raventeamflow.com,https://www.raventeamflow.com,1675,Dublin,IE,2026-06-05 02:27:56
2026-06-05,MSP Platform,GraniteEndpointBase,1-255-932-9213,contact@graniteendpointbase.co,graniteendpointbase.co,14,Seattle,US,2026-06-05 05:07:01
2026-06-05,Legal,PrimeClause Point,841.598.3029,contact@primeclausepoint.com,https://www.primeclausepoint.com,232,Sydney,AU,2026-06-05 01:53:17
2026-06-05,MSP Platform,SableStackWorks,207.649.3584 ext. 10,contact@sablestackworks.net,https://www.sablestackworks.net,883,Chicago,US,2026-06-05 04:08:24
2026-06-05,ERP,OnyxStock Hub,+16124343192,sales@onyxstockhub.com,https://www.onyxstockhub.com,100,Chicago,US,2026-06-05 02:24:17
2026-06-05,HR,CrownTalent Soft,+14829273285,info@crowntalentsoft.net,https://www.crowntalentsoft.net,18,Atlanta,US,2026-06-05 02:43:55
2026-06-05,ERP,Apex ForgeSystems,646-582-6971,sales@apexforgesystems.com,https://www.apexforgesystems.com,42,Hyderabad,IN,2026-06-05 05:59:48
2026-06-05,Legal,Atlas BriefSystems,+18168693335,info@atlasbriefsystems.net,https://www.atlasbriefsystems.net,175,Raleigh,US,2026-06-05 03:54:37
2026-06-05,ERP,MetaOps Dynamics,275-535-3439 ext. 14,info@metaopsdynamics.com,https://www.metaopsdynamics.com,9,Boston,US,2026-06-05 05:54:30
2026-06-05,ERP,OnyxResource Platform,+12957278704,hello@onyxresourceplatform.com,onyxresourceplatform.com,136,Raleigh,US,2026-06-05 06:37:49
2026-06-05,ERP,IndigoChain Sync,444-428-3193,sales@indigochainsync.com,https://www.indigochainsync.com,40,Manchester,UK,2026-06-05 06:17:46
2026-06-05,MSP Platform,Silver PatchPlatform,+19847598452,info@silverpatchplatform.com,https://www.silverpatchplatform.com,194,Phoenix,US,2026-06-05 05:24:13
2026-06-05,ERP,ArchChainFlow,676-555-2313,info@archchainflow.co,https://archchainflow.co,304,Austin,US,2026-06-05 04:25:27
2026-06-05,HR,Anchor ShiftDesk,870.782.3420,sales@anchorshiftdesk.io,https://anchorshiftdesk.io,84,Raleigh,US,2026-06-05 05:40:19
2026-06-05,MSP Platform,True FilingWorks,905-355-1670,info@truefilingworks.co,https://www.truefilingworks.co,21,London,UK,2026-06-05 04:10:22
2026-06-05,MSP Platform,VeloNodeFlow,430.577.3158 ext. 31,sales@velonodeflow.com,https://www.velonodeflow.com,448,Amsterdam,NL,2026-06-05 06:53:45
2026-06-05,MSP Platform,SummitGridSolutions,6859805748,sales@summitgridsolutions.com,https://www.summitgridsolutions.com,22,Hyderabad,IN,2026-06-05 02:47:42
2026-06-05,Medical,TidalHealthSystems,(958) 861-9811,sales@tidalhealthsystems.io,https://www.tidalhealthsystems.io,28,Seattle,US,2026-06-05 02:19:07
2026-06-05,ERP,Granite FinWorks,908-746-5236,info@granitefinworks.com,https://www.granitefinworks.com,63,Raleigh,US,2026-06-05 06:44:27
2026-06-05,Medical,BrightTriage Desk,(897) 701-3300,hello@brighttriagedesk.com,https://www.brighttriagedesk.com,71,Islamabad,PK,2026-06-05 06:48:53
2026-06-05,LMS,TidalTutorApp,(525) 612-4645,info@tidaltutorapp.com,https://www.tidaltutorapp.com,187,Toronto,CA,2026-06-05 03:45:04
2026-06-05,HR,NorthTalent Solutions,1-534-982-8137,info@northtalentsolutions.com,https://www.northtalentsolutions.com,86,Columbus,US,2026-06-05 01:56:23
2026-06-05,HR,ZenPerformSolutions,6706028695,hello@zenperformsolutions.co,https://www.zenperformsolutions.co,4537,Pune,IN,2026-06-05 04:08:46
2026-06-05,Medical,RidgeClinicLabs,+1 (692) 452-3801,null,https://ridgecliniclabs.com,5,Manchester,UK,2026-06-05 03:15:09
2026-06-05,Legal,ArchBriefDesk,512.603.7721,sales@archbriefdesk.com,https://archbriefdesk.com,40,Munich,DE,2026-06-05 06:36:53
2026-06-05,Medical,CedarCare Tech,+14782159955,contact@cedarcaretech.com,https://www.cedarcaretech.com,42,Raleigh,US,2026-06-05 03:48:07
2026-06-05,ERP,AnchorPlan Tech,429.568.2080,contact@anchorplantech.com,https://anchorplantech.com,863,Boston,US,2026-06-05 01:25:27
2026-06-05,Legal,ArchLaw Suite,+15639181911,info@archlawsuite.com,https://www.archlawsuite.com,1380,Pune,IN,2026-06-05 06:19:11
2026-06-05,HR,RidgewayRoster Logic,+15292508516,contact@ridgewayrosterlogic.io,https://www.ridgewayrosterlogic.io,928,Chicago,US,2026-06-05 02:39:35
2026-06-05,Medical,HarborClinic Platform,630.792.5466,contact@harborclinicplatform.com,https://harborclinicplatform.com,756,Austin,US,2026-06-05 04:55:49
2026-06-05,HR,CrownTalent Platform,951.614.6609,hello@crowntalentplatform.com,https://www.crowntalentplatform.com,239,Phoenix,US,2026-06-05 04:36:41
2026-06-05,MSP Platform,RapidTicketDesk,707-337-9744,sales@rapidticketdesk.net,https://www.rapidticketdesk.net,11,Manchester,UK,2026-06-05 02:37:51
2026-06-05,HR,Harbor RosterApp,+15347581556,sales@harborrosterapp.com,https://harborrosterapp.com,153,Atlanta,US,2026-06-05 05:31:49
2026-06-05,HR,OrbitPeople Hub,912-943-0762,contact@orbitpeoplehub.com,https://www.orbitpeoplehub.com,2801,Austin,US,2026-06-05 06:57:18
2026-06-05,LMS,OnyxCohort Works,+19802276805,sales@onyxcohortworks.com,https://www.onyxcohortworks.com,96,Boston,US,2026-06-05 04:42:04
2026-06-05,HR,Onyx PerformLogic,275-217-7872,sales@onyxperformlogic.com,onyxperformlogic.com,85,Tampa,US,2026-06-05 01:44:17
2026-06-05,LMS,SilverMentorSystems,313-819-7003,info@silvermentorsystems.com,silvermentorsystems.com,83,Columbus,US,2026-06-05 02:59:32
2026-06-05,HR,IronRoster Tech,723.338.0848,info@ironrostertech.com,ironrostertech.com,364,Chicago,US,2026-06-05 01:36:19
2026-06-05,MSP Platform,PrimeStack Platform,(906) 608-1126,hello@primestackplatform.io,https://www.primestackplatform.io,69,Phoenix,US,2026-06-05 03:37:33
2026-06-05,ERP,SilverFinLabs,(570) 681-1330,contact@silverfinlabs.co,https://silverfinlabs.co,19,Calgary,CA,2026-06-05 05:29:31
2026-06-05,ERP,Vista ForgeApp,652-616-3275,hello@vistaforgeapp.com,https://www.vistaforgeapp.com,895,Pune,IN,2026-06-05 05:42:43
2026-06-05,Legal,MosaicLawCloud,7204162760,hello@mosaiclawcloud.net,https://www.mosaiclawcloud.net,48,-,US,2026-06-05 01:29:04
2026-06-05,MSP Platform,OnyxMonitorTech,218-532-5407,contact@onyxmonitortech.com,https://onyxmonitortech.com,48,Seattle,US,2026-06-05 05:36:01
2026-06-05,MSP Platform,LatticeEndpointCloud,+12253132553,sales@latticeendpointcloud.io,https://www.latticeendpointcloud.io,4233,Vancouver,CA,2026-06-05 06:01:02
2026-06-05,ERP,SolidChainLogic,870.695.2025,sales@solidchainlogic.com,https://solidchainlogic.com,38,Manchester,UK,2026-06-05 03:18:44
2026-06-05,LMS,NimbusCohortBase,774.446.7560,contact@nimbuscohortbase.com,https://nimbuscohortbase.com,19,Atlanta,US,2026-06-05 02:40:59
2026-06-05,Legal,AtlasCaseSphere,(867) 576-2060,hello@atlascasesphere.net,https://www.atlascasesphere.net,29,Phoenix,US,2026-06-05 01:15:21
2026-06-05,ERP,Vertex OrderDynamics,+16045265847,contact@vertexorderdynamics.com,https://www.vertexorderdynamics.com,5,Phoenix,US,2026-06-05 01:10:25
2026-06-05,Medical,PivotCare Sphere,+18006825093,hello@pivotcaresphere.com,pivotcaresphere.com,42,Austin,US,2026-06-05 04:48:35
2026-06-05,HR,Vista OnboardLabs,(534) 643-7819 ext. 15,sales@vistaonboardlabs.net,https://www.vistaonboardlabs.net,15,Chicago,US,2026-06-05 06:04:00
2026-06-05,MSP Platform,NovaUptimeSync,882-874-8617 ext. 55,hello@novauptimesync.com,https://www.novauptimesync.com,93,Raleigh,US,2026-06-05 06:22:18
2026-06-05,ERP,Juniper ResourceDynamics,+13162447832,contact@juniperresourcedynamics.com,https://www.juniperresourcedynamics.com,2454,Denver,US,2026-06-05 03:53:12
2026-06-05,ERP,Sable ForgeHub,444-552-1772,contact@sableforgehub.com,https://www.sableforgehub.com,53,,CA,2026-06-05 02:36:25
2026-06-05,ERP,NimbusPlanSync,(641) 578-7917,contact@nimbusplansync.co,https://www.nimbusplansync.co,47,Pune,IN,2026-06-05 05:56:32
2026-06-05,LMS,CrestPath Sphere,1-518-476-1341,sales@crestpathsphere.com,https://crestpathsphere.com,86,Tampa,US,2026-06-05 05:07:59
2026-06-05,MSP Platform,Prime PatchSolutions,+13998258180,sales@primepatchsolutions.com,https://www.primepatchsolutions.com,431,Tampa,US,2026-06-05 04:45:40
2026-06-05,ERP,Pioneer Ops Recruiting,4315208437,sales@pioneeropsrecruiting.co,https://pioneeropsrecruiting.co,436,Denver,US,2026-06-05 05:19:50
2026-06-05,Medical,HarborVitalDesk,682-795-4446 ext. 59,info@harborvitaldesk.com,https://www.harborvitaldesk.com,481,Pune,IN,2026-06-05 06:13:51
2026-06-05,Legal,ClearClause Soft,+13754513640,hello@clearclausesoft.com,https://www.clearclausesoft.com,19,Columbus,US,2026-06-05 04:39:17
2026-06-05,Medical,AltaChartCore,(611) 886-6077,info@altachartcore.net,https://www.altachartcore.net,6,Karachi,PK,2026-06-05 04:28:02
2026-06-05,ERP,ZephyrStock Logic,(838) 900-4996,contact@zephyrstocklogic.com,zephyrstocklogic.com,20,Columbus,US,2026-06-05 03:26:28
2026-06-05,HR,BeaconPerform Labs,2144937294,contact@beaconperformlabs.com,https://beaconperformlabs.com,778,Seattle,US,2026-06-05 03:35:42
2026-06-05,Medical,Bold HealthPoint,650-354-5929,sales@boldhealthpoint.com,https://boldhealthpoint.com,15,Dublin,IE,2026-06-05 04:51:58
2026-06-05,MSP Platform,Lumén EndpointDesk,1-336-506-7797,hello@lumenendpointdesk.com,https://www.lumenendpointdesk.com,123,,NL,2026-06-05 02:26:09
2026-06-05,ERP,Blue OpsWorks,(676) 587-4454 ext. 24,sales@blueopsworks.co,https://www.blueopsworks.co,24,Phoenix,US,2026-06-05 06:32:56
2026-06-05,ERP,NimbusOrderSuite,980-786-5256,contact@nimbusordersuite.io,https://www.nimbusordersuite.io,12,Dublin,IE,2026-06-05 02:27:11
2026-06-05,Legal,OnyxCounsel Works,+17868103091,info@onyxcounselworks.com,onyxcounselworks.com,49,Columbus,US,2026-06-05 05:01:39
2026-06-05,HR,BlueCultureSync,+17649176226,contact@blueculturesync.com,https://www.blueculturesync.com,763,Phoenix,US,2026-06-05 05:50:45
2026-06-05,ERP,SableChainWorks,09528734202,info@sablechainworks.co,https://www.sablechainworks.co,885,Phoenix,US,2026-06-05 03:25:12
2026-06-05,HR,Solid CarePoint,946.585.1375,sales@solidcarepoint.io,https://solidcarepoint.io,498,Sydney,AU,2026-06-05 05:27:56
2026-06-05,Medical,NovaChartLogic,+14853315100,sales@novachartlogic.io,https://www.novachartlogic.io,206,Leeds,UK,2026-06-05 03:08:47
2026-06-05,Legal,Keystone VerdictApp,916-607-1584,contact@keystoneverdictapp.com,https://keystoneverdictapp.com,70,Austin,US,2026-06-05 02:12:18
2026-06-05,Legal,HaloDocketLogic,298-923-6813,contact@halodocketlogic.com,halodocketlogic.com,11,Columbus,US,2026-06-05 05:58:51
2026-06-05,ERP,RavenStockCore,(863) 386-2091,null,ravenstockcore.com,16,Austin,US,2026-06-05 03:38:55
2026-06-05,HR,Bright PeopleCore,1-759-301-2138,,https://www.brightpeoplecore.co,14,Phoenix,US,2026-06-05 03:52:20
2026-06-05,ERP,Vertex OpsTech,2744986069,info@vertexopstech.com,https://www.vertexopstech.com,13,Chicago,US,2026-06-05 02:11:46
2026-06-05,ERP,QuantumOrder Cloud,(205) 210-7661,hello@quantumordercloud.co,https://www.quantumordercloud.co,196,Karachi,PK,2026-06-05 03:55:33
2026-06-05,Legal,SolidMatterDynamics,+1 (968) 539-9052 ext. 58,info@solidmatterdynamics.io,https://solidmatterdynamics.io,77,Chicago,US,2026-06-05 06:20:46
2026-06-05,MSP Platform,Iron Stack Outsourcing,917-756-9865,info@ironstackoutsourcing.com,https://www.ironstackoutsourcing.com,58,Denver,US,2026-06-05 06:52:02
2026-06-05,Legal,MetaBriefTech,437-688-3586,info@metabrieftech.com,https://metabrieftech.com,49,Austin,US,2026-06-05 06:06:35
2026-06-05,Legal,ZephyrClauseSolutions,+17709677547,sales@zephyrclausesolutions.com,https://www.zephyrclausesolutions.com,13,Chicago,US,2026-06-05 03:05:09
2026-06-05,LMS,OmniTutor Desk,(777) 567-4666 ext. 35,hello@omnitutordesk.io,https://www.omnitutordesk.io,16,Tampa,US,2026-06-05 04:13:19
2026-06-05,ERP,MosaicLedgerBase,+13594347667,sales@mosaicledgerbase.com,https://www.mosaicledgerbase.com,909,Leeds,UK,2026-06-05 04:02:12
2026-06-05,Medical,Willow TriageSphere,488.430.5126,sales@willowtriagesphere.com,https://www.willowtriagesphere.com,3995,Leeds,UK,2026-06-05 04:01:08
2026-06-05,Legal,Nimbus VerdictFlow,277-774-1404,info@nimbusverdictflow.net,https://nimbusverdictflow.net,789,Austin,US,2026-06-05 06:14:07
2026-06-05,ERP,AtlasOpsSolutions,864-259-8967,sales@atlasopssolutions.io,atlasopssolutions.io,12,Amsterdam,NL,2026-06-05 01:08:12
2026-06-05,HR,XenonTalent Solutions,1-591-811-3183,hello@xenontalentsolutions.com,https://www.xenontalentsolutions.com,6,Boston,US,2026-06-05 02:15:26
2026-06-05,ERP,Prime ForgeSync,(812) 982-0135,contact@primeforgesync.com,https://primeforgesync.com,53,Chicago,US,2026-06-05 06:47:28
2026-06-05,ERP,North LedgerCore,602.429.4814,sales@northledgercore.co,https://northledgercore.co,171,Toronto,CA,2026-06-05 01:41:10
2026-06-05,ERP,Rapid PlanDynamics,(612) 748-6088,contact@rapidplandynamics.com,https://www.rapidplandynamics.com,35,Atlanta,US,2026-06-05 03:00:48
2026-06-05,ERP,Ridgeway PlanLogic,9896764413 ext. 9,sales@ridgewayplanlogic.co,https://www.ridgewayplanlogic.co,972,Columbus,US,2026-06-05 06:02:54
2026-06-05,LMS,OrbitCourseLabs,1-496-596-3457 ext. 2,info@orbitcourselabs.com,https://www.orbitcourselabs.com,7,Austin,US,2026-06-05 04:43:29
2026-06-05,Medical,NimbusPatient Systems,258.446.0947,sales@nimbuspatientsystems.com,https://www.nimbuspatientsystems.com,28,Raleigh,US,2026-06-05 01:31:36
2026-06-05,ERP,AnchorOpsSoft,(278) 841-5055 ext. 67,info@anchoropssoft.com,https://www.anchoropssoft.com,516,Seattle,US,2026-06-05 05:46:59
2026-06-05,ERP,MetaLedgerApp,(630) 492-3077,contact@metaledgerapp.com,https://www.metaledgerapp.com,63,Columbus,US,2026-06-05 02:54:25
2026-06-05,Medical,UmbraRxSync,445-715-3707,contact@umbrarxsync.com,https://www.umbrarxsync.com,338,London,UK,2026-06-05 01:09:46
2026-06-05,HR,VistaCulture Flow,848-335-6055,contact@vistacultureflow.co,https://vistacultureflow.co,165,Seattle,US,2026-06-05 03:01:27
2026-06-05,Medical,BoldTriage Suite,+13675520057,contact@boldtriagesuite.com,https://boldtriagesuite.com,7,Chicago,US,2026-06-05 05:41:37
2026-06-05,HR,MetaRoster Soft,(472) 412-9099,contact@metarostersoft.com,https://www.metarostersoft.com,337,Melbourne,AU,2026-06-05 05:17:57
2026-06-05,Medical,HaloHealth Tech,911-390-5344,hello@halohealthtech.com,https://www.halohealthtech.com,22,Tampa,US,2026-06-05 05:25:18
2026-06-05,ERP,PivotOps Hub,3624797439,contact@pivotopshub.com,https://pivotopshub.com,3067,Phoenix,US,2026-06-05 02:11:25
2026-06-05,ERP,SilverResource Systems Inc.,394-391-2209,hello@silverresourcesystems.io,https://www.silverresourcesystems.io,0,Seattle,US,2026-06-05 01:26:44
2026-06-05,HR,FusionCulture Base,(630) 952-1128,info@fusionculturebase.com,https://fusionculturebase.com,226,London,UK,2026-06-05 02:48:45
2026-06-05,MSP Platform,TidalTicket Base,849.222.7504,contact@tidalticketbase.com,https://www.tidalticketbase.com,106,Seattle,US,2026-06-05 01:42:38
2026-06-05,MSP Platform,ZephyrOnboard Core,+18846524507,sales@zephyronboardcore.com,https://www.zephyronboardcore.com,75,Munich,DE,2026-06-05 04:00:27
2026-06-05,ERP,PrimePlanSolutions,1-867-576-7628,info@primeplansolutions.com,primeplansolutions.com,247,Columbus,US,2026-06-05 03:00:33
2026-06-05,ERP,CrestOps Sync,7283486600 ext. 59,hello@crestopssync.com,https://crestopssync.com,2673,Berlin,DE,2026-06-05 03:09:34
2026-06-05,Legal,Quartz ClauseWorks,+13407083808,hello@quartzclauseworks.io,https://www.quartzclauseworks.io,5,Denver,US,2026-06-05 01:22:49
2026-06-05,ERP,RavenOrder Core,261-725-5533,info@ravenordercore.com,https://www.ravenordercore.com,843,Seattle,US,2026-06-05 01:05:16
2026-06-05,Legal,Summit CaseSoft,517.812.8883,info@summitcasesoft.com,https://www.summitcasesoft.com,1417,London,UK,2026-06-05 02:44:41
2026-06-05,MSP Platform,Ridge RemoteBase,+1 (326) 749-9049,sales@ridgeremotebase.com,ridgeremotebase.com,29,Toronto,CA,2026-06-05 06:22:14
2026-06-05,Legal,AtlasCaseSync,1-244-749-3996,info@atlascasesync.com,https://www.atlascasesync.com,374,Dublin,IE,2026-06-05 01:21:47
2026-06-05,ERP,SablePlanTech,(613) 539-2794,hello@sableplantech.co,https://www.sableplantech.co,9,Chicago,US,2026-06-05 06:41:21
2026-06-05,Medical,Omni TriageLabs,(377) 976-4903,sales@omnitriagelabs.com,omnitriagelabs.com,424,Atlanta,US,2026-06-05 06:31:12
2026-06-05,HR,WillowTeam Labs,224-466-5510 ext. 60,sales@willowteamlabs.com,https://www.willowteamlabs.com,46,Toronto,CA,2026-06-05 01:25:37
2026-06-05,MSP Platform,RidgeMonitorLogic,921-809-6585,hello@ridgemonitorlogic.com,https://www.ridgemonitorlogic.com,893,Phoenix,US,2026-06-05 02:52:14
2026-06-05,Medical,UmbraVitalSync,(504) 499-3878,info@umbravitalsync.com,https://www.umbravitalsync.com,34,Denver,US,2026-06-05 02:10:33
2026-06-05,ERP,GraniteOrderLabs,1-273-893-4573,hello@graniteorderlabs.com,https://www.graniteorderlabs.com,209,Raleigh,US,2026-06-05 03:59:17
2026-06-05,ERP,UmbraOpsSystems,(842) 397-7188,,https://umbraopssystems.com,143,Sydney,AU,2026-06-05 04:04:04
2026-06-05,MSP Platform,ApexEndpointSolutions,+1 (452) 807-5689 ext. 91,hello@apexendpointsolutions.co,https://apexendpointsolutions.co,125,Columbus,US,2026-06-05 05:39:41
2026-06-05,ERP,Omni OpsBase,449-846-1865,sales@omniopsbase.com,omniopsbase.com,5,Raleigh,US,2026-06-05 06:46:33
2026-06-05,Legal,Raven ClauseHub,794-410-3073,sales@ravenclausehub.co,https://www.ravenclausehub.co,16,Seattle,US,2026-06-05 06:17:12
2026-06-05,HR,Meta TalentBase,+15162385976,contact@metatalentbase.com,https://www.metatalentbase.com,27,Vancouver,CA,2026-06-05 06:42:00
2026-06-05,ERP,Polaris BatchLabs,(394) 889-9917,contact@polarisbatchlabs.io,https://polarisbatchlabs.io,162,Singapore,SG,2026-06-05 05:06:18
2026-06-05,HR,AnchorPayrollBase,+17939912723,contact@anchorpayrollbase.net,https://www.anchorpayrollbase.net,745,Calgary,CA,2026-06-05 05:51:51
2026-06-05,MSP Platform,NorthStackPlatform,1-666-920-4205,contact@northstackplatform.com,https://www.northstackplatform.com,29,Atlanta,US,2026-06-05 05:48:26
2026-06-05,LMS,Alta Lesson Manpower Services,312.634.8862,hello@altalessonmanpowerservices.io,https://altalessonmanpowerservices.io,5,Amsterdam,NL,2026-06-05 05:42:36
2026-06-05,Legal,Solid FilingFlow,631-460-7831,sales@solidfilingflow.net,https://www.solidfilingflow.net,19,Bengaluru,IN,2026-06-05 02:31:19
2026-06-05,ERP,Cobalt StockSystems,(744) 712-8315,hello@cobaltstocksystems.com,https://www.cobaltstocksystems.com,19,Austin,US,2026-06-05 04:44:51
2026-06-05,MSP Platform,AltaPatchWorks,(656) 281-4273,info@altapatchworks.io,https://www.altapatchworks.io,17,Amsterdam,NL,2026-06-05 02:14:20
2026-06-05,Medical,XenonHealth Suite,(592) 574-1971,sales@xenonhealthsuite.io,xenonhealthsuite.io,55,Pune,IN,2026-06-05 02:47:35
2026-06-05,ERP,Umbra Chain BPO Services,+1 (858) 985-2192,info@umbrachainbposervices.com,https://www.umbrachainbposervices.com,12,Tampa,US,2026-06-05 04:39:11
2026-06-05,Legal,QuantumCaseSphere,640.463.8247,contact@quantumcasesphere.io,https://www.quantumcasesphere.io,7,Atlanta,US,2026-06-05 05:42:55
2026-06-05,Legal,OmniCompli Dynamics,740-356-6051,hello@omnicomplidynamics.com,https://omnicomplidynamics.com,51,Seattle,US,2026-06-05 01:07:01
2026-06-05,Legal,BoldCompliSoft,(399) 355-2828,info@boldcomplisoft.com,boldcomplisoft.com,416,Austin,US,2026-06-05 06:38:01
2026-06-05,LMS,Lumen Skill Outsourcing,682.396.0418,info@lumenskilloutsourcing.com,https://lumenskilloutsourcing.com,516,Columbus,US,2026-06-05 02:09:19
2026-06-05,HR,Cobalt PeopleDynamics,+12899216343,sales@cobaltpeopledynamics.com,https://www.cobaltpeopledynamics.com,256,Phoenix,US,2026-06-05 02:53:23
2026-06-05,ERP,LumenForge Base,(908) 439-1975,info@lumenforgebase.com,https://www.lumenforgebase.com,934,London,UK,2026-06-05 06:31:26
2026-06-05,HR,MosaicTalentSoft,+16889911241,info@mosaictalentsoft.net,https://www.mosaictalentsoft.net,6,Atlanta,US,2026-06-05 06:04:44
2026-06-05,ERP,VistaStock Cloud,(418) 214-7788,contact@vistastockcloud.com,https://www.vistastockcloud.com,258,Atlanta,US,2026-06-05 01:11:15
2026-06-05,MSP Platform,WillowStackCloud,(326) 924-0112,sales@willowstackcloud.io,https://www.willowstackcloud.io,47,Austin,US,2026-06-05 03:57:54
2026-06-05,ERP,Falcon BatchCloud,(244) 901-8255,contact@falconbatchcloud.com,https://falconbatchcloud.com,276,Amsterdam,NL,2026-06-05 04:46:23
2026-06-05,Legal,RapidCase Solutions,(622) 676-4162,hello@rapidcasesolutions.com,https://rapidcasesolutions.com,39,Amsterdam,NL,2026-06-05 01:03:43
2026-06-05,HR,PrimePerformSolutions,(539) 876-0569,hello@primeperformsolutions.co,https://primeperformsolutions.co,32,-,US,2026-06-05 04:18:02
2026-06-05,ERP,Orbit LedgerWorks,+1 (702) 970-4109,sales@orbitledgerworks.com,https://www.orbitledgerworks.com,10,Columbus,US,2026-06-05 05:50:17
2026-06-05,Medical,AnchorRx App,5997464857,hello@anchorrxapp.net,anchorrxapp.net,,Columbus,US,2026-06-05 05:19:38
2026-06-05,Legal,Keystone DocketCloud,+16129358649,hello@keystonedocketcloud.io,https://keystonedocketcloud.io,6,Seattle,US,2026-06-05 02:47:08
2026-06-05,Medical,IndigoClinic Core,+1 (504) 632-6172 ext. 47,sales@indigocliniccore.com,https://indigocliniccore.com,11,Boston,US,2026-06-05 06:00:19
2026-06-05,HR,JuniperOnboard Cloud,970-992-7337,sales@juniperonboardcloud.com,https://www.juniperonboardcloud.com,179,Toronto,CA,2026-06-05 06:15:38
2026-06-05,HR,OmniTeamHub,+13085143596,contact@omniteamhub.com,https://omniteamhub.com,22,Amsterdam,NL,2026-06-05 06:11:42
2026-06-05,Legal,CoreFilingCore,(716) 863-4425,info@corefilingcore.com,corefilingcore.com,95,Amsterdam,NL,2026-06-05 01:58:04
2026-06-05,Legal,PrimeDocketFlow,(837) 308-5476,hello@primedocketflow.com,https://www.primedocketflow.com,38,Bengaluru,IN,2026-06-05 05:46:43
2026-06-05,HR,Omni PerformBase,1-758-326-7773 ext. 6,sales@omniperformbase.io,https://www.omniperformbase.io,45,Chicago,US,2026-06-05 05:59:35
2026-06-05,Medical,Beacon PulsePoint,(835) 801-2429,hello@beaconpulsepoint.com,https://www.beaconpulsepoint.com,95,Atlanta,US,2026-06-05 05:57:59
2026-06-05,ERP,Raven Batch Outsourcing,232.362.1044,hello@ravenbatchoutsourcing.io,ravenbatchoutsourcing.io,18,Chicago,US,2026-06-05 01:23:40
2026-06-05,HR,Atlas PayrollTech,(950) 823-5670,N/A,atlaspayrolltech.co,47,Munich,DE,2026-06-05 04:06:28
2026-06-05,HR,Polaris TalentTech,285.694.1111,-,https://polaristalenttech.com,27,Columbus,US,2026-06-05 04:52:15
2026-06-05,Medical,Alta RxFlow,(569) 593-1116,hello@altarxflow.com,https://www.altarxflow.com,8,Hyderabad,IN,2026-06-05 03:12:19
2026-06-05,HR,NimbusRoster Base,(702) 960-8345,info@nimbusrosterbase.com,nimbusrosterbase.com,2290,Karachi,PK,2026-06-05 06:39:06
2026-06-05,HR,Vista PeopleBase,1-304-341-5363,contact@vistapeoplebase.co,https://vistapeoplebase.co,802,Atlanta,US,2026-06-05 02:38:50
2026-06-05,HR,CedarGrid Suite,978-801-9156,hello@cedargridsuite.com,https://cedargridsuite.com,20,Denver,US,2026-06-05 03:29:56
2026-06-05,Legal,Golden CompliSync,8733229329,info@goldencomplisync.com,goldencomplisync.com,48,Sydney,AU,2026-06-05 06:20:37
2026-06-05,HR,Beacon’s TalentApp,801-582-3846,hello@beacontalentapp.com,https://www.beacontalentapp.com,124,Singapore,SG,2026-06-05 06:50:25
2026-06-05,Medical,JuniperClinicDesk,214-395-1239 ext. 72,sales@juniperclinicdesk.com,https://www.juniperclinicdesk.com,282,Vancouver,CA,2026-06-05 05:52:20
2026-06-05,ERP,OrbitForge Labs,(795) 886-9429,contact@orbitforgelabs.com,https://www.orbitforgelabs.com,333,Dublin,IE,2026-06-05 01:20:05
2026-06-05,ERP,Pivot ResourceCloud,+16454874179,sales@pivotresourcecloud.io,https://www.pivotresourcecloud.io,94,Hyderabad,IN,2026-06-05 05:36:53
2026-06-05,Legal,BlueMatterApp,251-359-2580,info@bluematterapp.com,https://www.bluematterapp.com,30,Vancouver,CA,2026-06-05 01:12:51
2026-06-05,ERP,TrueOrder Platform,+19569038491,contact@trueorderplatform.io,trueorderplatform.io,10,Phoenix,US,2026-06-05 05:50:15
2026-06-05,Medical,NorthRxSystems,+17098432567,contact@northrxsystems.com,https://northrxsystems.com,328,Tampa,US,2026-06-05 04:21:54
2026-06-05,Medical,CedarClinicCore,4323839614,null,https://www.cedarcliniccore.io,85,Amsterdam,NL,2026-06-05 02:29:02
2026-06-05,LMS,Ember QuizHub,694-755-8644,info@emberquizhub.com,https://www.emberquizhub.com,10,Singapore,SG,2026-06-05 01:41:13
2026-06-05,MSP Platform,Polaris UptimePoint,+1 (536) 418-1285,sales@polarisuptimepoint.com,https://www.polarisuptimepoint.com,440,Berlin,DE,2026-06-05 03:39:15
2026-06-05,ERP,RapidBatch Dynamics,507-235-7537,contact@rapidbatchdynamics.net,https://rapidbatchdynamics.net,20,Islamabad,PK,2026-06-05 04:04:34
2026-06-05,HR,FusionOnboard Point,1-608-448-1022,info@fusiononboardpoint.com,https://www.fusiononboardpoint.com,82,London,UK,2026-06-05 03:20:33
2026-06-05,ERP,Core ResourceLogic,+16233433027,info@coreresourcelogic.io,https://www.coreresourcelogic.io,508,Columbus,US,2026-06-05 02:38:27
2026-06-05,HR,OmniCultureSoft,729.370.9147,hello@omniculturesoft.com,https://omniculturesoft.com,47,Toronto,CA,2026-06-05 05:54:11
2026-06-05,ERP,MosaicBatchCore,(314) 273-3462,sales@mosaicbatchcore.co,https://www.mosaicbatchcore.co,13,Austin,US,2026-06-05 02:10:37
2026-06-05,ERP,Raven Forge Consultants,(587) 662-4240,hello@ravenforgeconsultants.io,https://ravenforgeconsultants.io,74,Melbourne,AU,2026-06-05 04:03:10
2026-06-05,Legal,Core CompliDynamics,227-498-7152,info@corecomplidynamics.com,corecomplidynamics.com,86,Atlanta,US,2026-06-05 02:36:33
2026-06-05,Medical,PivotHealthHub’s,(573) 905-1902,sales@pivothealthhub.com,https://www.pivothealthhub.com,471,Atlanta,US,2026-06-05 03:49:20
2026-06-05,ERP,RavenResource Solutions,+15887093687,info@ravenresourcesolutions.io,https://www.ravenresourcesolutions.io,32,Chicago,US,2026-06-05 04:47:04
2026-06-05,MSP Platform,Alta Stack Manpower Services,6486090408,sales@altastackmanpowerservices.com,https://altastackmanpowerservices.com,27,Singapore,SG,2026-06-05 02:06:01
2026-06-05,ERP,GraniteStockDesk,519.689.6144,contact@granitestockdesk.co,https://www.granitestockdesk.co,288,Vancouver,CA,2026-06-05 05:32:20
2026-06-05,MSP Platform,Pioneer StackTech,+1 (204) 805-7347,contact@pioneerstacktech.co,https://pioneerstacktech.co,37,Chicago,US,2026-06-05 01:48:06
2026-06-05,HR,CoreTalentFlow,1-490-775-1313,contact@coretalentflow.io,https://www.coretalentflow.io,44,London,UK,2026-06-05 06:40:32
2026-06-05,MSP Platform,CrownEndpointApp,(626) 593-4674,sales@crownendpointapp.com,https://www.crownendpointapp.com,63,Raleigh,US,2026-06-05 03:19:30
2026-06-05,MSP Platform,ZephyrNet Systems,+1 (725) 654-7978,contact@zephyrnetsystems.io,https://zephyrnetsystems.io,221,Phoenix,US,2026-06-05 01:57:59
2026-06-05,ERP,ZenStockSystems,807-548-8134,contact@zenstocksystems.co,zenstocksystems.co,2807,Boston,US,2026-06-05 05:01:49
2026-06-05,ERP,Clear LedgerDynamics,+16734720994,hello@clearledgerdynamics.net,https://clearledgerdynamics.net,499,Phoenix,US,2026-06-05 03:19:46
2026-06-05,HR,JuniperOnboard Point,06497361094 ext. 84,info@juniperonboardpoint.co,juniperonboardpoint.co,8,Melbourne,AU,2026-06-05 01:45:23
2026-06-05,ERP,NovaOrder Cloud,(213) 552-5873,contact@novaordercloud.io,novaordercloud.io,334,Boston,US,2026-06-05 05:48:21
2026-06-05,ERP,CrestOrderSuite,253-201-7509,contact@crestordersuite.com,https://crestordersuite.com,14,Manchester,UK,2026-06-05 06:20:22
2026-06-05,ERP,Pioneer ChainDynamics,520-919-5223 ext. 8,info@pioneerchaindynamics.com,https://www.pioneerchaindynamics.com,761,Boston,US,2026-06-05 05:09:52
2026-06-05,HR,BlueRoster Labs,721-845-1658,info@bluerosterlabs.com,bluerosterlabs.com,150,Denver,US,2026-06-05 02:20:25
2026-06-05,ERP,FusionForge Cloud,(570) 930-7679,hello@fusionforgecloud.com,https://www.fusionforgecloud.com,14,Melbourne,AU,2026-06-05 05:40:50
2026-06-05,MSP Platform,RidgeNet Soft,747-238-4818,contact@ridgenetsoft.com,https://www.ridgenetsoft.com,461,Melbourne,AU,2026-06-05 05:28:47
2026-06-05,ERP,ZenResource Hub,05719656442,info@zenresourcehub.co,https://www.zenresourcehub.co,36,,US,2026-06-05 03:16:41
2026-06-05,MSP Platform,JuniperPatchTech,(635) 255-5848,hello@juniperpatchtech.com,https://juniperpatchtech.com,40,Boston,US,2026-06-05 02:29:03
2026-06-05,Legal,ApexClause Solutions,931-885-4032,hello@apexclausesolutions.com,https://apexclausesolutions.com,205,Leeds,UK,2026-06-05 06:34:28
2026-06-05,MSP Platform,ZenNodeCore,+12476548834,info@zennodecore.com,https://www.zennodecore.com,15,London,UK,2026-06-05 01:18:36
2026-06-05,Medical,Clear MedLogic,3345089159,contact@clearmedlogic.io,https://clearmedlogic.io,361,Toronto,CA,2026-06-05 02:48:56
2026-06-05,MSP Platform,Harbor TicketBase,+1 (946) 953-0651,contact@harborticketbase.com,harborticketbase.com,572,Tampa,US,2026-06-05 02:02:17
2026-06-05,HR,Lumen BenefitSphere,+17103305505,contact@lumenbenefitsphere.com,https://www.lumenbenefitsphere.com,693,Manchester,UK,2026-06-05 04:43:48
2026-06-05,HR,AtlasTeam Platform,(247) 307-5403,contact@atlasteamplatform.co,https://www.atlasteamplatform.co,44,null,US,2026-06-05 06:05:08
2026-06-05,HR,PolarisTeamSystems,1-825-500-0205,contact@polaristeamsystems.io,https://www.polaristeamsystems.io,996,Pune,IN,2026-06-05 04:00:17
2026-06-05,Medical,CrestClinicCore,+1 (508) 761-2460,sales@crestcliniccore.com,https://www.crestcliniccore.com,39,Hyderabad,IN,2026-06-05 02:21:07
2026-06-05,Legal,Lattice CaseDesk,214.567.6828 ext. 77,info@latticecasedesk.com,latticecasedesk.com,392,null,DE,2026-06-05 06:03:46
2026-06-05,Legal,GraniteCaseLogic,7604718286,N/A,https://www.granitecaselogic.com,4344,Austin,US,2026-06-05 06:11:50
2026-06-05,ERP,XenonResourceCloud,+1 (349) 964-0143 ext. 93,sales@xenonresourcecloud.com,https://www.xenonresourcecloud.com,2401,London,UK,2026-06-05 06:11:35
2026-06-05,ERP,BrightForgeHub,+1 (968) 492-1312,sales@brightforgehub.io,https://www.brightforgehub.io,11,Amsterdam,NL,2026-06-05 01:59:41
2026-06-05,Legal,VistaLawSystems,672-791-5178,contact@vistalawsystems.com,https://vistalawsystems.com,221,Phoenix,US,2026-06-05 05:44:58
2026-06-05,ERP,ClearLedger Point,(314) 713-9539,contact@clearledgerpoint.com,clearledgerpoint.com,14,Columbus,US,2026-06-05 03:26:17
2026-06-05,ERP,Mosaic OpsApp,+19286426719,contact@mosaicopsapp.com,https://www.mosaicopsapp.com,2610,Columbus,US,2026-06-05 02:47:01
2026-06-05,LMS,Lattice CohortPoint,8095575091 ext. 12,sales@latticecohortpoint.com,https://latticecohortpoint.com,6,Seattle,US,2026-06-05 06:06:56
2026-06-05,ERP,Xenon ForgeTech,(637) 587-7530,hello@xenonforgetech.io,https://xenonforgetech.io,18,Seattle,US,2026-06-05 01:13:27
2026-06-05,HR,SablePayrollSoft,462.346.0106,contact@sablepayrollsoft.com,https://www.sablepayrollsoft.com,59,Seattle,US,2026-06-05 02:47:24
2026-06-05,Medical,NovaMedSolutions,3939200178,contact@novamedsolutions.com,novamedsolutions.com,97,Tampa,US,2026-06-05 04:33:55
2026-06-05,ERP,CrestStock Base,1-893-849-3056,contact@creststockbase.com,https://creststockbase.com,94,Columbus,US,2026-06-05 03:53:16
2026-06-05,ERP,Orbit StockSuite,357-663-7659,hello@orbitstocksuite.io,https://www.orbitstocksuite.io,35,Seattle,US,2026-06-05 05:19:31
2026-06-05,ERP,MetaChainSystems,+1 (446) 415-6567,hello@metachainsystems.net,https://www.metachainsystems.net,354,Austin,US,2026-06-05 06:11:55
2026-06-05,ERP,Ember’s PlanSync,(370) 970-2280,info@emberplansync.com,https://www.emberplansync.com,34,Manchester,UK,2026-06-05 06:09:22
2026-06-05,Medical,TruePulseSuite,260-741-2723,hello@truepulsesuite.com,https://www.truepulsesuite.com,18,Denver,US,2026-06-05 02:18:47
2026-06-05,HR,Delta RosterCloud,(855) 899-8038,hello@deltarostercloud.com,https://www.deltarostercloud.com,184,Lahore,PK,2026-06-05 05:03:23
2026-06-05,HR,Silver RosterLogic,6763144629,contact@silverrosterlogic.com,https://www.silverrosterlogic.com,156,Denver,US,2026-06-05 05:19:04
2026-06-05,Legal,NorthFilingLogic,2695409766,info@northfilinglogic.com,https://northfilinglogic.com,4445,Raleigh,US,2026-06-05 03:11:43
2026-06-05,ERP,RidgewayStockSolutions,391-432-2418,hello@ridgewaystocksolutions.com,https://ridgewaystocksolutions.com,17,London,UK,2026-06-05 01:03:10
2026-06-05,MSP Platform,QuantumNet Cloud,808-400-0558,hello@quantumnetcloud.com,quantumnetcloud.com,14,Vancouver,CA,2026-06-05 02:39:12
2026-06-05,ERP,AltaBatch Tech,+1 (974) 694-6344,hello@altabatchtech.co,https://www.altabatchtech.co,49,Austin,US,2026-06-05 05:06:44
2026-06-05,HR,OmniCultureCore,971-832-7886,hello@omniculturecore.io,https://www.omniculturecore.io,33,Hyderabad,IN,2026-06-05 04:08:44
2026-06-05,Medical,ZephyrClinicFlow,+17138611167,contact@zephyrclinicflow.com,https://www.zephyrclinicflow.com,92,Chicago,US,2026-06-05 02:54:21
2026-06-05,Medical,Silver CareSuite,(921) 836-6027,info@silvercaresuite.com,https://www.silvercaresuite.com,6,Seattle,US,2026-06-05 02:36:32
2026-06-05,ERP,Blue BatchWorks,1-311-492-8077,contact@bluebatchworks.io,https://www.bluebatchworks.io,61,Amsterdam,NL,2026-06-05 03:26:57
2026-06-05,Medical,Beacon TriageApp,355-798-3892,info@beacontriageapp.com,beacontriageapp.com,33,Atlanta,US,2026-06-05 04:49:23
2026-06-05,Medical,XenonHealth Solutions,+19884177121,hello@xenonhealthsolutions.co,https://www.xenonhealthsolutions.co,51,Seattle,US,2026-06-05 01:15:17
2026-06-05,Legal,Core BriefCloud,04934693569,info@corebriefcloud.co,https://www.corebriefcloud.co,866,Austin,US,2026-06-05 03:03:55
2026-06-05,ERP,North OrderDynamics,+1 (494) 888-5613,sales@northorderdynamics.net,northorderdynamics.net,32,Seattle,US,2026-06-05 01:40:31
2026-06-05,MSP Platform,MosaicGridSolutions,(258) 435-9553,contact@mosaicgridsolutions.com,https://www.mosaicgridsolutions.com,32,Leeds,UK,2026-06-05 05:42:25
2026-06-05,ERP,BeaconResourceLogic,+16914870164,info@beaconresourcelogic.com,https://www.beaconresourcelogic.com,39,Calgary,CA,2026-06-05 06:10:08
2026-06-05,HR,AtlasTeam Desk,649-599-9491,hello@atlasteamdesk.net,https://www.atlasteamdesk.net,10,Boston,US,2026-06-05 02:47:17
2026-06-05,ERP,IronFinPoint,(406) 226-7116,hello@ironfinpoint.com,https://www.ironfinpoint.com,48,Pune,IN,2026-06-05 05:08:48
2026-06-05,MSP Platform,Alta PatchTech,(290) 612-3371,sales@altapatchtech.com,https://altapatchtech.com,396,Melbourne,AU,2026-06-05 01:14:54
2026-06-05,ERP,NimbusFinSoft,586-874-9170,info@nimbusfinsoft.io,https://nimbusfinsoft.io,49,Phoenix,US,2026-06-05 01:10:38
2026-06-05,ERP,QuantumLedger Solutions,8816157189,contact@quantumledgersolutions.com,https://www.quantumledgersolutions.com,179,Manchester,UK,2026-06-05 06:37:06
2026-06-05,MSP Platform,Blue GridSystems,400.837.6485,hello@bluegridsystems.com,https://www.bluegridsystems.com,142,Karachi,PK,2026-06-05 06:32:49
2026-06-05,ERP,Quantum StockSoft,+1 (350) 557-6088,sales@quantumstocksoft.com,quantumstocksoft.com,6,Dublin,IE,2026-06-05 03:47:37
2026-06-05,HR,PrimePeople Point,633-394-9059,sales@primepeoplepoint.com,https://www.primepeoplepoint.com,229,Karachi,PK,2026-06-05 06:06:27
2026-06-05,MSP Platform,Ember Endpoint Outsourcing,(664) 637-1868,sales@emberendpointoutsourcing.com,https://www.emberendpointoutsourcing.com,8,Chicago,US,2026-06-05 04:34:31
2026-06-05,Legal,Zen CounselPoint,(647) 948-8273,hello@zencounselpoint.com,https://www.zencounselpoint.com,226,Chicago,US,2026-06-05 02:34:30
2026-06-05,Medical,Umbra ClinicHub,694-850-5911,sales@umbraclinichub.io,umbraclinichub.io,189,Austin,US,2026-06-05 04:29:20
2026-06-05,ERP,PioneerOrder Sync,+18252934818,contact@pioneerordersync.io,https://www.pioneerordersync.io,945,Atlanta,US,2026-06-05 05:16:17
2026-06-05,HR,ApexOnboard Desk,416.234.3489,info@apexonboarddesk.com,https://www.apexonboarddesk.com,87,Seattle,US,2026-06-05 04:26:51
2026-06-05,HR,OrbitPeopleDesk,1-365-800-0006,contact@orbitpeopledesk.net,https://www.orbitpeopledesk.net,91,Manchester,UK,2026-06-05 03:49:08
2026-06-05,HR,ZephyrBenefitSystems,597-842-3002,contact@zephyrbenefitsystems.com,https://www.zephyrbenefitsystems.com,18,Raleigh,US,2026-06-05 02:22:23
2026-06-05,ERP,Granite Fin Consultants,6967557627,hello@granitefinconsultants.com,https://www.granitefinconsultants.com,6,Phoenix,US,2026-06-05 06:23:23
2026-06-05,HR,ZenPayrollTech,+1 (954) 711-4785,hello@zenpayrolltech.com,https://zenpayrolltech.com,122,Seattle,US,2026-06-05 02:02:51
2026-06-05,HR,PivotCulture’s App,243-959-5432,contact@pivotcultureapp.io,https://www.pivotcultureapp.io,42,Denver,US,2026-06-05 05:31:26
2026-06-05,LMS,Omni PathPlatform,6844935488,info@omnipathplatform.com,https://www.omnipathplatform.com,26,Seattle,US,2026-06-05 06:46:19
2026-06-05,HR,WillowRoster Labs,6382735079,contact@willowrosterlabs.com,https://www.willowrosterlabs.com,223,Atlanta,US,2026-06-05 01:51:47
2026-06-05,ERP,CobaltFin App,1-216-551-7528,sales@cobaltfinapp.com,cobaltfinapp.com,18,Singapore,SG,2026-06-05 04:39:13
2026-06-05,ERP,Xenon ChainSolutions,+17603584365,sales@xenonchainsolutions.io,https://www.xenonchainsolutions.io,805,Denver,US,2026-06-05 03:22:12
2026-06-05,MSP Platform,Meta Uptime Staffing,827-259-4278,sales@metauptimestaffing.com,https://www.metauptimestaffing.com,578,London,UK,2026-06-05 05:48:39
2026-06-05,Legal,Zen VerdictTech,+18069705690,info@zenverdicttech.com,https://www.zenverdicttech.com,7,Denver,US,2026-06-05 02:02:10
2026-06-05,HR,AltaTeam Desk,(871) 868-6165,info@altateamdesk.com,https://www.altateamdesk.com,33,Raleigh,US,2026-06-05 01:19:37
2026-06-05,HR,Raven PerformCloud,(793) 847-5118,info@ravenperformcloud.com,https://www.ravenperformcloud.com,46,Raleigh,US,2026-06-05 05:24:22
2026-06-05,Legal,Vertex FilingPlatform,465-456-8368 ext. 84,info@vertexfilingplatform.com,https://www.vertexfilingplatform.com,247,Dublin,IE,2026-06-05 06:50:13
2026-06-05,MSP Platform,CoreStackPoint,+15584449313,hello@corestackpoint.net,https://www.corestackpoint.net,62,Leeds,UK,2026-06-05 03:39:47
2026-06-05,HR,MosaicRoster Solutions,347.573.9067,hello@mosaicrostersolutions.com,mosaicrostersolutions.com,46,Atlanta,US,2026-06-05 01:13:26
2026-06-05,Legal,ApexCompliSync,+12666093624,info@apexcomplisync.com,https://apexcomplisync.com,59,Tampa,US,2026-06-05 06:29:54
2026-06-05,Medical,Willow VitalSphere,+14853380280,contact@willowvitalsphere.com,https://willowvitalsphere.com,11,Atlanta,US,2026-06-05 06:44:33
2026-06-05,ERP,SilverPlan Flow,(497) 796-7261,info@silverplanflow.co,https://www.silverplanflow.co,93,Columbus,US,2026-06-05 04:56:53
2026-06-05,HR,Crest RosterSystems,(341) 775-4507,contact@crestrostersystems.com,https://www.crestrostersystems.com,66,Munich,DE,2026-06-05 01:22:25
2026-06-05,HR,Prime PayrollDynamics,1-356-515-2002,info@primepayrolldynamics.com,https://primepayrolldynamics.com,19,Boston,US,2026-06-05 01:13:46
2026-06-05,Medical,PivotPulse Sync,309.399.3883,contact@pivotpulsesync.net,https://www.pivotpulsesync.net,6,Dublin,IE,2026-06-05 05:17:55
2026-06-05,Medical,SilverPulse Cloud,(690) 769-8201,sales@silverpulsecloud.com,https://www.silverpulsecloud.com,4955,Melbourne,AU,2026-06-05 05:18:20
2026-06-05,ERP,HarborOps Platform,837-718-6853,sales@harboropsplatform.com,https://harboropsplatform.com,99,Leeds,UK,2026-06-05 03:53:41
2026-06-05,Medical,AtlasMedWorks,(582) 431-5634,sales@atlasmedworks.com,atlasmedworks.com,9,Columbus,US,2026-06-05 06:00:00
2026-06-05,ERP,OnyxBatchLabs,1-507-424-2819,info@onyxbatchlabs.io,https://www.onyxbatchlabs.io,132,Atlanta,US,2026-06-05 05:05:18
2026-06-05,Medical,HarborMed Tech,1-761-229-7101,info@harbormedtech.com,https://harbormedtech.com,44,Atlanta,US,2026-06-05 03:44:40
2026-06-05,HR,OmniPeoplePoint,1-313-479-4929,hello@omnipeoplepoint.io,omnipeoplepoint.io,331,Munich,DE,2026-06-05 01:04:29
2026-06-05,Medical,Crown ClinicSphere,+18072227674,sales@crownclinicsphere.com,crownclinicsphere.com,55,Boston,US,2026-06-05 02:49:04
2026-06-05,HR,UmbraPerform Solutions,321.928.3630,contact@umbraperformsolutions.net,https://umbraperformsolutions.net,1464,Seattle,US,2026-06-05 01:59:26
2026-06-05,HR,CoreOnboard Suite,646.655.3731 ext. 68,contact@coreonboardsuite.io,coreonboardsuite.io,12,Pune,IN,2026-06-05 04:30:47
2026-06-05,Medical,SilverChartBase,8794189303,sales@silverchartbase.io,https://silverchartbase.io,62,Atlanta,US,2026-06-05 05:08:25
2026-06-05,Legal,Apex CaseHub,5104554735,hello@apexcasehub.io,https://www.apexcasehub.io,17,Boston,US,2026-06-05 05:49:22
2026-06-05,ERP,WillowLedgerPlatform,(827) 403-0663,hello@willowledgerplatform.co,https://www.willowledgerplatform.co,69,Denver,US,2026-06-05 04:26:48
2026-06-05,MSP Platform,MetaMonitor Systems,+12185040018,sales@metamonitorsystems.com,https://metamonitorsystems.com,4773,Dublin,IE,2026-06-05 04:46:35
2026-06-05,HR,CedarShiftLabs,218-798-2307 ext. 26,sales@cedarshiftlabs.io,https://www.cedarshiftlabs.io,22,Melbourne,AU,2026-06-05 01:53:00
2026-06-05,ERP,SilverForge Sync,(346) 657-9618,contact@silverforgesync.io,https://www.silverforgesync.io,5,Austin,US,2026-06-05 02:53:27
2026-06-05,MSP Platform,Granite NetLogic,+16622632352 ext. 13,info@granitenetlogic.com,https://granitenetlogic.com,82,Toronto,CA,2026-06-05 03:02:59
2026-06-05,HR,HarborCulture Dynamics,+1 (791) 707-1494,hello@harborculturedynamics.io,https://harborculturedynamics.io,181,Denver,US,2026-06-05 01:37:26
2026-06-05,LMS,Ridge LearnLabs,9682153274,contact@ridgelearnlabs.io,ridgelearnlabs.io,30,Dublin,IE,2026-06-05 05:52:43
2026-06-05,HR,SablePayrollWorks,757-470-6222,contact@sablepayrollworks.co,https://sablepayrollworks.co,426,Vancouver,CA,2026-06-05 03:21:38
2026-06-05,HR,Lattice ResourceDesk,(478) 458-3026,hello@latticeresourcedesk.net,https://latticeresourcedesk.net,5,Manchester,UK,2026-06-05 06:37:05
2026-06-05,ERP,AnchorLedgerPoint,847-644-9401,sales@anchorledgerpoint.io,https://www.anchorledgerpoint.io,16,Tampa,US,2026-06-05 01:36:44
2026-06-05,MSP Platform,IronGrid Sync,464-924-3788,sales@irongridsync.net,https://www.irongridsync.net,302,Columbus,US,2026-06-05 06:29:30
2026-06-05,ERP,Zen LedgerWorks,+18573906466,hello@zenledgerworks.com,https://www.zenledgerworks.com,56,Dublin,IE,2026-06-05 05:05:01
2026-06-05,HR,NovaTalentTech,+1 (755) 877-7637,contact@novatalenttech.com,https://www.novatalenttech.com,34,Chicago,US,2026-06-05 03:51:48
2026-06-05,LMS,Zephyr Course Consultants,+1 (306) 784-3234,hello@zephyrcourseconsultants.io,https://www.zephyrcourseconsultants.io,35,Singapore,SG,2026-06-05 05:16:59
2026-06-05,Medical,Nova RxSuite,5596876367,sales@novarxsuite.com,https://www.novarxsuite.com,10,Boston,US,2026-06-05 01:12:32
2026-06-05,ERP,VertexStockPoint,(968) 574-0261,info@vertexstockpoint.net,vertexstockpoint.net,138,Denver,US,2026-06-05 01:08:28
2026-06-05,HR,FusionCulture Desk,+1 (677) 686-0798,hello@fusionculturedesk.com,https://www.fusionculturedesk.com,90,Melbourne,AU,2026-06-05 02:13:51
2026-06-05,ERP,Tidal PlanSync,(380) 377-3958,contact@tidalplansync.com,https://www.tidalplansync.com,194,Vancouver,CA,2026-06-05 02:48:06
2026-06-05,HR,IndigoRoster’s Point,7344511490,contact@indigorosterpoint.com,https://www.indigorosterpoint.com,597,Dublin,IE,2026-06-05 04:48:09
2026-06-05,HR,Atlas RosterSphere,2706733901,info@atlasrostersphere.net,https://www.atlasrostersphere.net,316,Calgary,CA,2026-06-05 06:51:17
2026-06-05,ERP,Beacon FinWorks,+16693604231,sales@beaconfinworks.com,https://www.beaconfinworks.com,89,Singapore,SG,2026-06-05 01:36:38
2026-06-05,ERP,CobaltBatch Dynamics,273.582.5248,sales@cobaltbatchdynamics.com,https://cobaltbatchdynamics.com,13,Columbus,US,2026-06-05 06:21:33
2026-06-05,ERP,QuartzForge Works,675-551-1673,-,https://quartzforgeworks.com,24,Calgary,CA,2026-06-05 03:51:22
2026-06-05,ERP,CrestForge Flow,5645527076,hello@crestforgeflow.io,crestforgeflow.io,39,Denver,US,2026-06-05 03:00:42
2026-06-05,ERP,Mosaic StockSolutions,(493) 747-1109,sales@mosaicstocksolutions.com,https://mosaicstocksolutions.com,151,London,UK,2026-06-05 04:19:52
2026-06-05,HR,AnchorTeam Soft,270-875-5685,contact@anchorteamsoft.com,https://www.anchorteamsoft.com,3807,Tampa,US,2026-06-05 05:50:33
2026-06-05,HR,CrestCulture Platform,(351) 325-1874,info@crestcultureplatform.com,https://www.crestcultureplatform.com,9,Raleigh,US,2026-06-05 05:44:01
2026-06-05,HR,OrbitBenefit Systems,+19828966882,info@orbitbenefitsystems.io,https://orbitbenefitsystems.io,12,Bengaluru,IN,2026-06-05 04:51:38
2026-06-05,ERP,PrimeForgeSphere,+1 (377) 710-8331,hello@primeforgesphere.com,primeforgesphere.com,421,Phoenix,US,2026-06-05 06:01:14
2026-06-05,ERP,BlueOpsLogic,2747738379,info@blueopslogic.com,blueopslogic.com,2133,Denver,US,2026-06-05 04:02:54
2026-06-05,ERP,KeystoneStock Tech,+1 (967) 426-2083,sales@keystonestocktech.com,https://www.keystonestocktech.com,37,Calgary,CA,2026-06-05 03:13:52
2026-06-05,Medical,Harbor Chart Consultants,1-696-291-4073,hello@harborchartconsultants.com,https://www.harborchartconsultants.com,10,Tampa,US,2026-06-05 06:52:59
2026-06-05,Legal,KeystoneDocket App,+16614270086,contact@keystonedocketapp.net,https://www.keystonedocketapp.net,4651,Seattle,US,2026-06-05 05:34:42
2026-06-05,ERP,OmniBatchFlow,+12358994912,hello@omnibatchflow.com,https://www.omnibatchflow.com,119,Chicago,US,2026-06-05 01:04:32
2026-06-05,MSP Platform,WillowStack Core,314-604-3922,contact@willowstackcore.com,https://www.willowstackcore.com,10,Atlanta,US,2026-06-05 05:03:40
2026-06-05,LMS,Golden TutorWorks,(602) 499-5440,contact@goldentutorworks.io,https://www.goldentutorworks.io,42,Berlin,DE,2026-06-05 02:56:23
2026-06-05,ERP,Halo BatchLabs,(786) 862-4189,contact@halobatchlabs.com,https://www.halobatchlabs.com,84,Bengaluru,IN,2026-06-05 04:34:54
2026-06-05,Medical,GraniteTriage Systems,+1 (609) 914-0921,contact@granitetriagesystems.com,https://granitetriagesystems.com,24,Islamabad,PK,2026-06-05 05:02:03
2026-06-05,HR,Vista TeamPlatform,334-586-3843,info@vistateamplatform.com,https://www.vistateamplatform.com,97,Boston,US,2026-06-05 05:25:38
2026-06-05,Medical,OrbitRx Desk,(453) 488-2131,info@orbitrxdesk.io,orbitrxdesk.io,3002,Leeds,UK,2026-06-05 06:12:48
2026-06-05,ERP,MosaicLedger Point,05162151923,sales@mosaicledgerpoint.com,https://mosaicledgerpoint.com,18,Singapore,SG,2026-06-05 05:49:32
2026-06-05,ERP,MetaCaseSync,(798) 203-7151,info@metacasesync.com,https://metacasesync.com,326,Amsterdam,NL,2026-06-05 02:52:20
2026-06-05,Medical,CobaltRx Soft,720-497-6686,info@cobaltrxsoft.com,https://www.cobaltrxsoft.com,32,Austin,US,2026-06-05 04:59:49
2026-06-05,ERP,Iron OpsPlatform,(893) 689-2902 ext. 53,contact@ironopsplatform.com,ironopsplatform.com,N/A,null,US,2026-06-05 02:06:45
2026-06-05,ERP,Mosaic OrderHub,+17976403926,contact@mosaicorderhub.co,https://www.mosaicorderhub.co,195,N/A,US,2026-06-05 04:21:48
2026-06-05,ERP,Bold FinSolutions,(324) 243-5185,hello@boldfinsolutions.com,https://www.boldfinsolutions.com,401,Amsterdam,NL,2026-06-05 02:10:46
2026-06-05,MSP Platform,SolidRxBase,(243) 627-3494,hello@solidrxbase.io,https://solidrxbase.io,969,Tampa,US,2026-06-05 01:44:46
2026-06-05,MSP Platform,AnchorPatchCore,634.571.6534,hello@anchorpatchcore.com,https://www.anchorpatchcore.com,78,Karachi,PK,2026-06-05 06:07:29
2026-06-05,MSP Platform,RidgePatch Platform,3844146149,hello@ridgepatchplatform.com,ridgepatchplatform.com,25,Tampa,US,2026-06-05 04:43:57
2026-06-05,Medical,Prime PulseFlow,9769726838,,https://www.primepulseflow.com,69,Seattle,US,2026-06-05 04:46:54
2026-06-05,MSP Platform,ZephyrUptime Systems,+13207451132,contact@zephyruptimesystems.com,https://www.zephyruptimesystems.com,50,Chicago,US,2026-06-05 04:42:34
2026-06-05,MSP Platform,RidgeMonitorSuite,(640) 891-9323,hello@ridgemonitorsuite.com,https://www.ridgemonitorsuite.com,47,Seattle,US,2026-06-05 03:50:57
2026-06-05,HR,IronTeam Systems,(774) 877-5856,info@ironteamsystems.io,https://ironteamsystems.io,8,Amsterdam,NL,2026-06-05 04:47:02
2026-06-05,HR,Pioneer RosterHub,1-790-344-1642,contact@pioneerrosterhub.com,https://www.pioneerrosterhub.com,95,Atlanta,US,2026-06-05 04:23:07
2026-06-05,Medical,CoreClinicLabs,(309) 337-8877,hello@corecliniclabs.com,corecliniclabs.com,24,Raleigh,US,2026-06-05 06:35:21
2026-06-05,ERP,IndigoBatch Works,(490) 793-2603,contact@indigobatchworks.net,https://www.indigobatchworks.net,233,Singapore,SG,2026-06-05 03:46:35
2026-06-05,LMS,Tidal LessonLogic,7235666209,hello@tidallessonlogic.com,tidallessonlogic.com,521,Raleigh,US,2026-06-05 02:20:05
2026-06-05,ERP,HaloForge App,(855) 487-4708,info@haloforgeapp.com,https://www.haloforgeapp.com,50,Seattle,US,2026-06-05 04:18:36
2026-06-05,HR,GoldenShiftSoft,1-346-745-8403,info@goldenshiftsoft.io,https://www.goldenshiftsoft.io,99,Melbourne,AU,2026-06-05 06:34:42
2026-06-05,ERP,FusionForgeLogic,2346651250,hello@fusionforgelogic.io,https://www.fusionforgelogic.io,8,Leeds,UK,2026-06-05 03:28:56
2026-06-05,MSP Platform,Delta NodeFlow,(697) 854-0652,hello@deltanodeflow.com,https://www.deltanodeflow.com,16,Manchester,UK,2026-06-05 03:21:18
2026-06-05,Medical,OnyxTriage Flow,+13298509133,hello@onyxtriageflow.com,https://onyxtriageflow.com,133,Chicago,US,2026-06-05 05:17:12
2026-06-05,MSP Platform,CoreEndpoint Core,577-485-0460,contact@coreendpointcore.com,https://www.coreendpointcore.com,634,Vancouver,CA,2026-06-05 06:24:47
2026-06-05,Legal,AtlasLawBase,6362806338,contact@atlaslawbase.io,https://www.atlaslawbase.io,6,Amsterdam,NL,2026-06-05 03:43:43
2026-06-05,ERP,RapidOps App,1-721-680-2101,sales@rapidopsapp.net,https://www.rapidopsapp.net,256,Amsterdam,NL,2026-06-05 02:03:11
2026-06-05,HR,LatticeRoster Soft,+1 (702) 641-9147,contact@latticerostersoft.co,https://www.latticerostersoft.co,6,Tampa,US,2026-06-05 02:24:24
2026-06-05,ERP,FusionPlanTech,(630) 640-2156,contact@fusionplantech.com,https://www.fusionplantech.com,595,Austin,US,2026-06-05 02:28:43
2026-06-05,Medical,Mosaic HealthDynamics,1-568-651-2778,info@mosaichealthdynamics.com,https://www.mosaichealthdynamics.com,-,Chicago,US,2026-06-05 06:45:13
2026-06-05,HR,ZenTalentPlatform,(516) 786-8493,sales@zentalentplatform.com,https://zentalentplatform.com,35,Atlanta,US,2026-06-05 05:17:41
2026-06-05,ERP,ZephyrResourceTech,(334) 561-8078,sales@zephyrresourcetech.co,https://zephyrresourcetech.co,173,Atlanta,US,2026-06-05 02:18:32
2026-06-05,Medical,PioneerRxWorks,+12793670365,sales@pioneerrxworks.com,https://www.pioneerrxworks.com,N/A,Chicago,US,2026-06-05 05:04:16
2026-06-05,Legal,Arch Docket Staffing,653-248-4322,contact@archdocketstaffing.com,https://archdocketstaffing.com,2962,Columbus,US,2026-06-05 04:15:10
2026-06-05,Medical,Meta HealthSuite,7522763247,-,https://metahealthsuite.com,607,Chicago,US,2026-06-05 03:15:55
2026-06-05,HR,Halo TalentSphere,738-913-8017,contact@halotalentsphere.co,https://www.halotalentsphere.co,930,Chicago,US,2026-06-05 02:35:58
2026-06-05,MSP Platform,CrownPatch Tech,6082379654,hello@crownpatchtech.com,https://www.crownpatchtech.com,20,Columbus,US,2026-06-05 06:44:11
2026-06-05,MSP Platform,BlueUptime Hub,(528) 710-9479,info@blueuptimehub.com,blueuptimehub.com,395,Chicago,US,2026-06-05 05:14:09
2026-06-05,Legal,ZenVerdict Sync,524-208-2848,info@zenverdictsync.io,https://zenverdictsync.io,17,Austin,US,2026-06-05 02:28:08
2026-06-05,ERP,BrightLedger Flow,520-859-1141,sales@brightledgerflow.io,https://www.brightledgerflow.io,2900,Austin,US,2026-06-05 05:38:54
2026-06-05,ERP,Ridgeway PlanSolutions,(810) 890-2795,sales@ridgewayplansolutions.com,ridgewayplansolutions.com,13,Raleigh,US,2026-06-05 04:37:18
2026-06-05,Medical,Anchor PatientSphere,+13798457628,sales@anchorpatientsphere.io,https://www.anchorpatientsphere.io,188,Vancouver,CA,2026-06-05 02:06:02
2026-06-05,Medical,Clear RxLogic,(279) 453-3689,contact@clearrxlogic.net,https://www.clearrxlogic.net,8,Sydney,AU,2026-06-05 01:47:38
2026-06-05,MSP Platform,CrestGrid Systems,(639) 535-7409,hello@crestgridsystems.com,https://www.crestgridsystems.com,322,Boston,US,2026-06-05 06:18:30
2026-06-05,Legal,Ember MatterBase,589-911-4357,sales@embermatterbase.com,https://www.embermatterbase.com,44,Phoenix,US,2026-06-05 05:06:01
2026-06-05,Legal,IronFilingLogic,944-745-2739,hello@ironfilinglogic.net,https://www.ironfilinglogic.net,37,Raleigh,US,2026-06-05 01:09:43
2026-06-05,MSP Platform,FusionStackPoint,845-716-3777,info@fusionstackpoint.com,https://www.fusionstackpoint.com,88,Phoenix,US,2026-06-05 05:10:16
2026-06-05,ERP,ZephyrStockTech,297-561-6830,null,https://zephyrstocktech.com,1969,Columbus,US,2026-06-05 05:48:41
2026-06-05,ERP,PrimeChainPoint,02559467450,sales@primechainpoint.com,https://www.primechainpoint.com,50,Dublin,IE,2026-06-05 03:09:31
2026-06-05,ERP,True LedgerTech,+1 (614) 904-1533,contact@trueledgertech.co,https://www.trueledgertech.co,834,Chicago,US,2026-06-05 06:46:46
2026-06-05,Legal,MetaMatter App,(696) 594-7092,hello@metamatterapp.com,https://metamatterapp.com,30,London,UK,2026-06-05 06:18:56
2026-06-05,ERP,BoldForgéDesk,+1 (357) 657-8132,sales@boldforgedesk.com,https://boldforgedesk.com,22,Tampa,US,2026-06-05 03:42:52
2026-06-05,HR,Crown PeopleLabs,+1 (432) 513-3331 ext. 20,contact@crownpeoplelabs.com,https://www.crownpeoplelabs.com,30,Denver,US,2026-06-05 06:08:25
2026-06-05,Legal,BoldCompliDésk,6834344577,info@boldcomplidesk.co,https://www.boldcomplidesk.co,680,Amsterdam,NL,2026-06-05 04:33:41
2026-06-05,Legal,Lattice LawSystems,(846) 394-1404,hello@latticelawsystems.com,latticelawsystems.com,11,Raleigh,US,2026-06-05 02:56:23
2026-06-05,MSP Platform,Bright MonitorSystems,5293577784,sales@brightmonitorsystems.com,https://www.brightmonitorsystems.com,162,Melbourne,AU,2026-06-05 01:30:48
2026-06-05,ERP,RavenFin Works,+1 (568) 910-9298 ext. 45,hello@ravenfinworks.com,ravenfinworks.com,22,Columbus,US,2026-06-05 06:24:52
2026-06-05,ERP,Bold ForgeDesk,+15308845189,contact@boldforgedesk.com,https://www.boldforgedesk.com,12,Austin,US,2026-06-05 03:13:03
2026-06-05,HR,ArchOnboard Cloud,1-485-796-7216,info@archonboardcloud.com,https://www.archonboardcloud.com,35,Amsterdam,NL,2026-06-05 03:21:07
2026-06-05,Legal,CrownDocket Tech,+1 (481) 278-2992,sales@crowndockettech.io,https://www.crowndockettech.io,32,Berlin,DE,2026-06-05 01:42:08
2026-06-05,HR,Vertex PeopleSphere,1-239-271-0114,contact@vertexpeoplesphere.com,https://vertexpeoplesphere.com,4477,Chicago,US,2026-06-05 05:52:17
2026-06-05,Medical,OmniChart Cloud,1-644-830-8761,contact@omnichartcloud.co,https://www.omnichartcloud.co,71,Austin,US,2026-06-05 01:29:33
2026-06-05,Legal,Core DocketLabs,7794962444,contact@coredocketlabs.com,https://www.coredocketlabs.com,527,Munich,DE,2026-06-05 06:14:19
2026-06-05,Legal,HaloVerdictCore,(642) 678-2916 ext. 55,info@haloverdictcore.net,https://www.haloverdictcore.net,N/A,Amsterdam,NL,2026-06-05 01:44:59
2026-06-05,Legal,PolarisLaw Sphere,+13663976816,sales@polarislawsphere.com,polarislawsphere.com,475,Pune,IN,2026-06-05 01:57:12
2026-06-05,MSP Platform,TrueNodePlatform,(802) 760-7922,contact@truenodeplatform.com,https://truenodeplatform.com,22,Raleigh,US,2026-06-05 04:41:04
2026-06-05,HR,Ridge RosterLabs,861.576.0521,contact@ridgerosterlabs.io,ridgerosterlabs.io,2321,Phoenix,US,2026-06-05 06:31:10
2026-06-05,MSP Platform,ZephyrNodeTech,(668) 786-7949,sales@zephyrnodetech.com,https://www.zephyrnodetech.com,46,Atlanta,US,2026-06-05 03:59:18
2026-06-05,Medical,Quantum VitalCloud,+16375390994,hello@quantumvitalcloud.com,https://www.quantumvitalcloud.com,5,Amsterdam,NL,2026-06-05 04:47:14
2026-06-05,ERP,CrownOps’s Flow,8552509190,contact@crownopsflow.com,https://www.crownopsflow.com,207,Boston,US,2026-06-05 05:06:41
2026-06-05,ERP,SummitChainDynamics,1-559-270-1875,hello@summitchaindynamics.co,https://summitchaindynamics.co,20,Raleigh,US,2026-06-05 05:16:53
2026-06-05,HR,PivotBenefit Base,+1 (690) 313-3339,contact@pivotbenefitbase.com,pivotbenefitbase.com,11,Austin,US,2026-06-05 06:09:07
2026-06-05,Medical,OrbitHealth Point,(912) 875-6620,contact@orbithealthpoint.com,https://orbithealthpoint.com,15,Singapore,SG,2026-06-05 06:15:17
2026-06-05,ERP,Solid LedgerFlow,+19608035977,sales@solidledgerflow.com,https://www.solidledgerflow.com,18,Toronto,CA,2026-06-05 03:22:23
2026-06-05,HR,Raven PayrollPoint,297-316-0696,hello@ravenpayrollpoint.com,https://www.ravenpayrollpoint.com,10,Boston,US,2026-06-05 02:00:09
2026-06-05,ERP,NimbusForge Solutions,9142637111,contact@nimbusforgesolutions.io,https://nimbusforgesolutions.io,14,Denver,US,2026-06-05 02:52:04
2026-06-05,Medical,GraniteMedBase,8108441928,sales@granitemedbase.co,granitemedbase.co,9,Sydney,AU,2026-06-05 04:27:29
2026-06-05,HR,PioneerShift Logic,2808202260,info@pioneershiftlogic.net,https://pioneershiftlogic.net,82,London,UK,2026-06-05 06:46:01
2026-06-05,ERP,Golden OpsPlatform,(930) 314-7396,sales@goldenopsplatform.net,https://www.goldenopsplatform.net,930,Vancouver,CA,2026-06-05 04:14:02
2026-06-05,HR,Fusion CultureWorks,+1 (336) 253-4189,hello@fusioncultureworks.com,https://fusioncultureworks.com,12,Raleigh,US,2026-06-05 06:14:10
2026-06-05,MSP Platform,ApexUptimeSuite,1-446-631-6273,info@apexuptimesuite.com,https://www.apexuptimesuite.com,12,Raleigh,US,2026-06-05 05:07:53
2026-06-05,LMS,NorthMentorLogic,5852922037,contact@northmentorlogic.com,northmentorlogic.com,48,Denver,US,2026-06-05 01:04:47
2026-06-05,Legal,Indigo ClauseSoft,+15268935436,contact@indigoclausesoft.com,https://indigoclausesoft.com,198,Phoenix,US,2026-06-05 03:27:21
2026-06-05,HR,JuniperPerform Sphere,(585) 573-9383,contact@juniperperformsphere.com,https://www.juniperperformsphere.com,1648,Boston,US,2026-06-05 03:46:47
2026-06-05,ERP,Pivot ResourceHub,4903251326 ext. 87,contact@pivotresourcehub.io,pivotresourcehub.io,57,Melbourne,AU,2026-06-05 05:59:36
2026-06-05,Medical,RapidTriageApp,305.284.2291,sales@rapidtriageapp.com,https://www.rapidtriageapp.com,175,Islamabad,PK,2026-06-05 05:28:20
2026-06-05,HR,ZephyrShift Works,828.950.1639,info@zephyrshiftworks.io,https://zephyrshiftworks.io,146,Chicago,US,2026-06-05 01:20:11
2026-06-05,ERP,BoldResourceTech,442-689-4997,contact@boldresourcetech.com,https://www.boldresourcetech.com,15,Seattle,US,2026-06-05 03:29:39
2026-06-05,Medical,FalconTriage Sync,+18017700649,sales@falcontriagesync.net,https://www.falcontriagesync.net,19,Pune,IN,2026-06-05 03:12:56
2026-06-05,HR,RavenPerformHub,616-893-7293,hello@ravenperformhub.com,https://www.ravenperformhub.com,33,Hyderabad,IN,2026-06-05 04:59:42
2026-06-05,HR,Quantum Team Talent Agency,508.325.6704,sales@quantumteamtalentagency.io,https://www.quantumteamtalentagency.io,48,Bengaluru,IN,2026-06-05 02:30:40
2026-06-05,MSP Platform,Cobalt EndpointSphere,290.579.0829,info@cobaltendpointsphere.com,https://www.cobaltendpointsphere.com,567,Austin,US,2026-06-05 05:14:55
2026-06-05,HR,Ember BenefitSuite,3348692115,contact@emberbenefitsuite.com,https://emberbenefitsuite.com,1104,Islamabad,PK,2026-06-05 03:15:21
2026-06-05,MSP Platform,WillowNet Logic,+1 (611) 424-5973,hello@willownetlogic.com,https://www.willownetlogic.com,791,Melbourne,AU,2026-06-05 04:55:15
2026-06-05,ERP,Apex BatchDynamics,1-315-992-6369,contact@apexbatchdynamics.com,https://www.apexbatchdynamics.com,18,Phoenix,US,2026-06-05 06:22:13
2026-06-05,Medical,AnchorHealth Point,598-464-1101,info@anchorhealthpoint.co,https://www.anchorhealthpoint.co,648,Chicago,US,2026-06-05 01:10:43
2026-06-05,Medical,VeloClinic’s Desk,1-428-425-7661,sales@veloclinicdesk.com,https://www.veloclinicdesk.com,11,Chicago,US,2026-06-05 05:08:56
2026-06-05,MSP Platform,ClearMonitorSphere,350-898-9304,hello@clearmonitorsphere.io,clearmonitorsphere.io,891,Seattle,US,2026-06-05 01:15:54
2026-06-05,Legal,PioneerCase Labs,+1 (984) 672-1001 ext. 62,,https://www.pioneercaselabs.com,16,Seattle,US,2026-06-05 06:06:13
2026-06-05,Medical,Quantum ClinicLogic,1-360-758-7398,contact@quantumcliniclogic.com,https://www.quantumcliniclogic.com,-,Sydney,AU,2026-06-05 01:36:04
2026-06-05,HR,Ridgeway CultureSphere,1-375-777-0018 ext. 65,info@ridgewayculturesphere.io,ridgewayculturesphere.io,13,Manchester,UK,2026-06-05 04:46:57
2026-06-05,Medical,PrimeMed Hub,+13905061390,N/A,https://www.primemedhub.net,83,Columbus,US,2026-06-05 06:47:26
2026-06-05,ERP,MetaFin Works,8004757149,hello@metafinworks.io,https://metafinworks.io,13,Tampa,US,2026-06-05 05:38:58
2026-06-05,HR,Falcon ShiftPoint,8493648977,contact@falconshiftpoint.net,https://falconshiftpoint.net,2895,Pune,IN,2026-06-05 02:14:09
2026-06-05,MSP Platform,Vertex OpsPlatform,661-722-4602,sales@vertexopsplatform.com,https://www.vertexopsplatform.com,6,Munich,DE,2026-06-05 01:19:43
2026-06-05,HR,RidgewayOnboardSolutions,+17367160466,contact@ridgewayonboardsolutions.com,ridgewayonboardsolutions.com,445,Atlanta,US,2026-06-05 04:20:29
2026-06-05,HR,Delta CultureSolutions,(271) 621-1974,contact@deltaculturesolutions.com,https://www.deltaculturesolutions.com,404,Munich,DE,2026-06-05 01:17:17
2026-06-05,Legal,ZephyrMonitorSphere,(965) 517-1044,contact@zephyrmonitorsphere.com,https://www.zephyrmonitorsphere.com,659,Islamabad,PK,2026-06-05 02:06:34
2026-06-05,ERP,AnchorBatchSolutions,+13084120393,sales@anchorbatchsolutions.com,https://anchorbatchsolutions.com,7,Chicago,US,2026-06-05 02:25:41
2026-06-05,ERP,VeloForgeHub,(972) 559-4547,contact@veloforgehub.com,veloforgehub.com,40,Dublin,IE,2026-06-05 04:53:16
2026-06-05,Medical,CedarRxHub,+16942282219,sales@cedarrxhub.io,cedarrxhub.io,270,Seattle,US,2026-06-05 03:34:47
2026-06-05,LMS,Atlas LearnPoint,3354677909 ext. 6,info@atlaslearnpoint.co,https://atlaslearnpoint.co,531,Leeds,UK,2026-06-05 06:11:51
2026-06-05,MSP Platform,NovaGridCloud,(292) 636-8648,info@novagridcloud.com,https://www.novagridcloud.com,N/A,Tampa,US,2026-06-05 04:41:27
2026-06-05,Legal,QuantumBriefDynamics,943.620.6145,sales@quantumbriefdynamics.com,quantumbriefdynamics.com,151,Denver,US,2026-06-05 05:32:18
2026-06-05,HR,EmberTeam Dynamics,1-234-865-9174,hello@emberteamdynamics.com,https://www.emberteamdynamics.com,18,Atlanta,US,2026-06-05 05:15:00
2026-06-05,Legal,RidgewayCompli App,(376) 701-5786,contact@ridgewaycompliapp.net,https://www.ridgewaycompliapp.net,40,N/A,US,2026-06-05 01:27:21
2026-06-05,Medical,Omni CareSystems,(429) 574-7377,contact@omnicaresystems.io,https://www.omnicaresystems.io,9,Berlin,DE,2026-06-05 02:51:08
2026-06-05,Medical,Omni VitalPlatform,728-324-0024,info@omnivitalplatform.co,https://www.omnivitalplatform.co,84,Raleigh,US,2026-06-05 02:34:25
2026-06-05,LMS,KeystoneClause Base,1-925-226-2326,sales@keystoneclausebase.io,https://www.keystoneclausebase.io,37,Boston,US,2026-06-05 01:32:40
2026-06-05,ERP,MetaPlan Point,1-588-640-7973,sales@metaplanpoint.net,https://metaplanpoint.net,474,Austin,US,2026-06-05 01:17:39
2026-06-05,MSP Platform,NovaRemote Sync,889-828-3164,-,https://www.novaremotesync.io,91,Boston,US,2026-06-05 01:49:17
2026-06-05,Medical,DeltaHealth Cloud,(311) 767-1541,contact@deltahealthcloud.com,https://www.deltahealthcloud.com,83,Bengaluru,IN,2026-06-05 05:44:06
2026-06-05,ERP,Xenon PlanFlow,460-516-5707,info@xenonplanflow.com,https://xenonplanflow.com,431,Boston,US,2026-06-05 02:36:46
2026-06-05,HR,LumenRoster Sync,611-665-2801,info@lumenrostersync.com,https://www.lumenrostersync.com,912,Denver,US,2026-06-05 05:19:16
2026-06-05,Medical,NorthChartLogic,07323694730,hello@northchartlogic.com,https://www.northchartlogic.com,10,Bengaluru,IN,2026-06-05 03:23:04
2026-06-05,Legal,BrightBrief Desk,(881) 872-0702,info@brightbriefdesk.co,brightbriefdesk.co,48,Austin,US,2026-06-05 04:46:53
2026-06-05,MSP Platform,Arch RemoteSolutions,(721) 244-8830,info@archremotesolutions.com,https://www.archremotesolutions.com,317,London,UK,2026-06-05 02:01:45
2026-06-05,ERP,KeystonePlanTech,3506035256,sales@keystoneplantech.com,https://www.keystoneplantech.com,41,Phoenix,US,2026-06-05 02:52:12
2026-06-05,Legal,XenonMatter Solutions,+17656276472,contact@xenonmattersolutions.co,https://xenonmattersolutions.co,437,Sydney,AU,2026-06-05 02:23:12
2026-06-05,HR,GranitePerformDesk,+14819053017,hello@graniteperformdesk.co,https://www.graniteperformdesk.co,471,Phoenix,US,2026-06-05 03:23:19
2026-06-05,LMS,RavenMentor Tech,3482778823,info@ravenmentortech.io,https://www.ravenmentortech.io,15,Chicago,US,2026-06-05 03:24:08
2026-06-05,ERP,Polaris StockTech,1-896-630-0423,sales@polarisstocktech.com,https://polarisstocktech.com,14,Chicago,US,2026-06-05 01:10:38
2026-06-05,Medical,Nova RxLabs,6322794858,info@novarxlabs.co,novarxlabs.co,100,Seattle,US,2026-06-05 03:34:45
2026-06-05,Medical,Tidal MedSolutions,936.542.7154,sales@tidalmedsolutions.io,https://tidalmedsolutions.io,414,,US,2026-06-05 03:00:00
2026-06-05,ERP,OnyxChainPlatform,+17856248383,sales@onyxchainplatform.net,https://onyxchainplatform.net,63,London,UK,2026-06-05 01:51:39
2026-06-05,ERP,IndigoFin Suite,(505) 474-4754,sales@indigofinsuite.com,https://indigofinsuite.com,518,Austin,US,2026-06-05 02:00:00
2026-06-05,Medical,RidgePatientFlow,+16072332675 ext. 90,sales@ridgepatientflow.com,https://www.ridgepatientflow.com,188,Boston,US,2026-06-05 04:42:10
2026-06-05,Medical,GoldenVital Soft,2712374881,sales@goldenvitalsoft.com,https://www.goldenvitalsoft.com,66,Boston,US,2026-06-05 05:12:56
2026-06-05,ERP,Halo ResourcePoint,496-206-0588,contact@haloresourcepoint.com,https://haloresourcepoint.com,71,Islamabad,PK,2026-06-05 01:13:48
2026-06-05,HR,Zen ShiftLogic,02732973508,hello@zenshiftlogic.io,https://www.zenshiftlogic.io,909,Toronto,CA,2026-06-05 01:42:49
2026-06-05,ERP,Zén OpsLogic,+1 (552) 903-0200,sales@zenopslogic.com,https://www.zenopslogic.com,18,Atlanta,US,2026-06-05 04:24:35
2026-06-05,HR,PolarisCultureCloud,1-212-845-3390,contact@polarisculturecloud.co,https://www.polarisculturecloud.co,184,Phoenix,US,2026-06-05 01:25:12
2026-06-05,HR,NorthPerform Core,9608174535,N/A,https://www.northperformcore.io,2237,Columbus,US,2026-06-05 01:10:21
2026-06-05,Medical,SablePatient Labs,+1 (823) 396-5164,sales@sablepatientlabs.net,https://sablepatientlabs.net,42,Columbus,US,2026-06-05 03:37:26
2026-06-05,MSP Platform,PioneerEndpointCore,+14508442043,info@pioneerendpointcore.com,https://www.pioneerendpointcore.com,14,Melbourne,AU,2026-06-05 03:36:48
2026-06-05,Medical,VistaCaréTech,561-543-9725,sales@vistacaretech.com,https://www.vistacaretech.com,144,Tampa,US,2026-06-05 05:35:29
2026-06-05,ERP,BrightChainSolutions,7886621849,info@brightchainsolutions.co,https://www.brightchainsolutions.co,35,Islamabad,PK,2026-06-05 01:53:25
2026-06-05,Medical,NimbusTriage Flow,3393297960,contact@nimbustriageflow.io,https://www.nimbustriageflow.io,211,Phoenix,US,2026-06-05 06:27:55
2026-06-05,MSP Platform,BoldGridDesk,(287) 513-0007,contact@boldgriddesk.com,https://boldgriddesk.com,14,Hyderabad,IN,2026-06-05 06:47:57
2026-06-05,MSP Platform,Falcon StackLabs,(456) 371-3770,contact@falconstacklabs.com,https://www.falconstacklabs.com,60,Austin,US,2026-06-05 04:42:30
2026-06-05,Legal,Indigo FilingFlow,939-738-3961,hello@indigofilingflow.net,https://www.indigofilingflow.net,29,Tampa,US,2026-06-05 01:51:06
2026-06-05,HR,North BenefitApp,943.737.9839,contact@northbenefitapp.com,https://www.northbenefitapp.com,76,Chicago,US,2026-06-05 05:19:03
2026-06-05,HR,KeystoneCulture Sphere,+12169748410,hello@keystoneculturesphere.com,https://www.keystoneculturesphere.com,273,Chicago,US,2026-06-05 05:14:47
2026-06-05,Legal,Bright ClauseLabs,+1 (710) 249-7395,info@brightclauselabs.io,brightclauselabs.io,77,Columbus,US,2026-06-05 06:19:38
2026-06-05,Medical,Velo VitalTech,(553) 670-2975,info@velovitaltech.net,https://www.velovitaltech.net,92,Boston,US,2026-06-05 06:58:31
2026-06-05,Legal,FusionCounselFlow,3027290829,info@fusioncounselflow.com,fusioncounselflow.com,322,Phoenix,US,2026-06-05 05:04:55
2026-06-05,Medical,True PatientHub,(452) 349-7714,hello@truepatienthub.com,https://truepatienthub.com,13,Bengaluru,IN,2026-06-05 03:54:32
2026-06-05,Medical,Mosaic ClinicFlow,05416535629,contact@mosaicclinicflow.com,mosaicclinicflow.com,163,Phoenix,US,2026-06-05 03:23:36
2026-06-05,MSP Platform,XenonRemoteSystems,663.217.0288,sales@xenonremotesystems.com,https://www.xenonremotesystems.com,2904,Austin,US,2026-06-05 04:48:26
2026-06-05,HR,Blue ShiftTech,655-492-2972,hello@blueshifttech.com,https://www.blueshifttech.com,15,Amsterdam,NL,2026-06-05 06:37:07
2026-06-05,ERP,SilverBatch Base,+17526795346,hello@silverbatchbase.com,https://www.silverbatchbase.com,46,Columbus,US,2026-06-05 06:07:25
2026-06-05,HR,Raven TalentCore,5498991858 ext. 43,contact@raventalentcore.com,https://www.raventalentcore.com,123,Raleigh,US,2026-06-05 06:31:40
2026-06-05,ERP,SilverStockSphere,263-457-1403,info@silverstocksphere.com,https://www.silverstocksphere.com,915,Hyderabad,IN,2026-06-05 01:51:12
2026-06-05,Legal,Orbit MatterCloud,408-409-3490,sales@orbitmattercloud.net,orbitmattercloud.net,94,Atlanta,US,2026-06-05 05:12:42
2026-06-05,HR,UmbraPayrollLogic,+1 (298) 801-6880,contact@umbrapayrolllogic.com,https://www.umbrapayrolllogic.com,554,Atlanta,US,2026-06-05 02:23:18
2026-06-05,HR,CrestOnboard Works,(839) 766-1140,hello@crestonboardworks.com,https://crestonboardworks.com,,Columbus,US,2026-06-05 05:20:35
2026-06-05,HR,ArchShift Flow,593.315.1219,info@archshiftflow.com,https://www.archshiftflow.com,235,Atlanta,US,2026-06-05 03:03:54
2026-06-05,Medical,BoldPatient Dynamics,+1 (646) 291-8147,contact@boldpatientdynamics.com,https://www.boldpatientdynamics.com,96,Austin,US,2026-06-05 04:54:59
2026-06-05,Medical,ZephyrPulse Desk,692.924.6240,contact@zephyrpulsedesk.com,https://zephyrpulsedesk.com,28,Tampa,US,2026-06-05 04:59:16
2026-06-05,ERP,Zen Ops Consulting Group,06815501026,contact@zenopsconsultinggroup.com,https://www.zenopsconsultinggroup.com,31,Columbus,US,2026-06-05 02:52:21
2026-06-05,Legal,RavenLaw Base,+1 (384) 397-3679,sales@ravenlawbase.co,https://www.ravenlawbase.co,33,Columbus,US,2026-06-05 06:37:30
2026-06-05,HR,HaloPeopleHub,07403524526,info@halopeoplehub.net,https://www.halopeoplehub.net,384,N/A,IN,2026-06-05 05:41:03
2026-06-05,Medical,Willow VitalWorks,1-643-744-6638,info@willowvitalworks.com,https://www.willowvitalworks.com,528,Denver,US,2026-06-05 05:04:59
2026-06-05,ERP,VeloPlan Logic,346-777-1757 ext. 50,info@veloplanlogic.com,https://veloplanlogic.com,9,Bengaluru,IN,2026-06-05 01:39:01
2026-06-05,HR,PrimePayroll Platform,+15915587667,sales@primepayrollplatform.com,https://www.primepayrollplatform.com,795,Boston,US,2026-06-05 05:53:22
2026-06-05,HR,Velo Perform Staffing,+12272984788,hello@veloperformstaffing.io,https://veloperformstaffing.io,109,Toronto,CA,2026-06-05 06:16:41
2026-06-05,ERP,KeystoneOps Flow,521.242.7085,hello@keystoneopsflow.com,https://www.keystoneopsflow.com,481,Tampa,US,2026-06-05 01:46:29
2026-06-05,MSP Platform,HarborStackApp,08473215075,info@harborstackapp.co,https://www.harborstackapp.co,187,Phoenix,US,2026-06-05 02:57:50
2026-06-05,Medical,RavenPatient Suite,1-442-258-6771 ext. 60,contact@ravenpatientsuite.net,ravenpatientsuite.net,40,Karachi,PK,2026-06-05 01:18:57
2026-06-05,HR,BeaconRosterSystems,202-780-6084,info@beaconrostersystems.com,https://www.beaconrostersystems.com,203,Columbus,US,2026-06-05 01:04:01
2026-06-05,Legal,Vertex Case Manpower Services,+1 (635) 646-7873,hello@vertexcasemanpowerservices.com,https://www.vertexcasemanpowerservices.com,388,Phoenix,US,2026-06-05 02:45:38
2026-06-05,HR,Mosaic RosterApp,+1 (265) 990-1345,info@mosaicrosterapp.com,https://www.mosaicrosterapp.com,24,Atlanta,US,2026-06-05 06:27:49
2026-06-05,Medical,BeaconHealth Platform,250-735-1377,sales@beaconhealthplatform.com,https://beaconhealthplatform.com,974,Boston,US,2026-06-05 05:20:03
2026-06-05,HR,GraniteTalent Base,(330) 704-2250,sales@granitetalentbase.com,https://www.granitetalentbase.com,232,Austin,US,2026-06-05 05:28:55
2026-06-05,HR,VeloCulture Desk,(886) 818-0807,info@veloculturedesk.net,https://veloculturedesk.net,41,London,UK,2026-06-05 04:15:31
2026-06-05,ERP,Nimbus ChainSync,(858) 581-0760,hello@nimbuschainsync.com,https://nimbuschainsync.com,184,Austin,US,2026-06-05 04:08:32
2026-06-05,Medical,CedarCare Sync,+17865091569,info@cedarcaresync.net,https://cedarcaresync.net,902,Vancouver,CA,2026-06-05 02:43:05
2026-06-05,Legal,Crown CompliPoint,3288037736,sales@crowncomplipoint.net,https://www.crowncomplipoint.net,93,Manchester,UK,2026-06-05 06:55:54
2026-06-05,HR,DeltaTalentTech,254-443-7452,null,https://deltatalenttech.io,99,Boston,US,2026-06-05 02:31:22
2026-06-05,ERP,OmniPlanPoint,(793) 585-8739,info@omniplanpoint.io,https://omniplanpoint.io,10,Columbus,US,2026-06-05 05:42:39
2026-06-05,Legal,BlueClauseSoft,286-970-1835,hello@blueclausesoft.io,blueclausesoft.io,378,Boston,US,2026-06-05 01:06:24
2026-06-05,HR,BoldOnboard Systems,(876) 790-2794,contact@boldonboardsystems.com,https://www.boldonboardsystems.com,106,Dublin,IE,2026-06-05 02:11:21
2026-06-05,HR,Vertex OnboardLogic,870-729-2591,sales@vertexonboardlogic.co,https://www.vertexonboardlogic.co,33,Phoenix,US,2026-06-05 01:53:52
2026-06-05,ERP,NovaFinFlow,(279) 231-5906,contact@novafinflow.com,https://www.novafinflow.com,26,-,UK,2026-06-05 01:44:08
2026-06-05,MSP Platform,BrightMonitorPlatform,(312) 397-2953,sales@brightmonitorplatform.com,https://www.brightmonitorplatform.com,11,Sydney,AU,2026-06-05 02:37:22
2026-06-05,Medical,Ember RxWorks,515-747-6567 ext. 82,sales@emberrxworks.com,https://www.emberrxworks.com,178,N/A,UK,2026-06-05 05:16:29
2026-06-05,HR,BeaconRoster Cloud,+13954502069,N/A,https://www.beaconrostercloud.io,469,Seattle,US,2026-06-05 01:53:29
2026-06-05,MSP Platform,Halo TicketHub,(522) 496-3405,,https://www.halotickethub.com,14,Atlanta,US,2026-06-05 04:19:13
2026-06-05,Legal,KeystoneDocketLabs,205-205-3878,N/A,https://keystonedocketlabs.com,28,Seattle,US,2026-06-05 03:38:11
2026-06-05,HR,NorthPayrollSoft,+1 (282) 421-6886,hello@northpayrollsoft.io,https://www.northpayrollsoft.io,176,Chicago,US,2026-06-05 04:37:09
2026-06-05,Legal,Delta MatterDesk,3366424916,info@deltamatterdesk.com,https://www.deltamatterdesk.com,6,Seattle,US,2026-06-05 05:42:57
2026-06-05,Legal,Clear BriefCloud,(322) 731-8276,sales@clearbriefcloud.com,https://www.clearbriefcloud.com,49,Austin,US,2026-06-05 01:43:31
2026-06-05,MSP Platform,Silver EndpointWorks,+1 (589) 654-7411,contact@silverendpointworks.com,https://silverendpointworks.com,21,Raleigh,US,2026-06-05 06:14:55
2026-06-05,Medical,PivotClinicWorks,+1 (514) 424-9148,info@pivotclinicworks.io,https://www.pivotclinicworks.io,5,Dublin,IE,2026-06-05 05:32:26
2026-06-05,HR,QuartzPerformSync,+19883535612,hello@quartzperformsync.com,https://www.quartzperformsync.com,21,Raleigh,US,2026-06-05 03:25:42
2026-06-05,Legal,AltaFiling Works,614.748.6404,info@altafilingworks.com,https://altafilingworks.com,41,Lahore,PK,2026-06-05 03:06:40
2026-06-05,HR,FusionRoster Works,973.847.0033,hello@fusionrosterworks.com,https://www.fusionrosterworks.com,181,Calgary,CA,2026-06-05 01:15:33
2026-06-05,MSP Platform,Lattice EndpointSuite,+17457588421,info@latticeendpointsuite.io,https://www.latticeendpointsuite.io,9,Seattle,US,2026-06-05 04:08:47
2026-06-05,Medical,Rapid ChartPoint,4007079260,contact@rapidchartpoint.com,https://www.rapidchartpoint.com,22,Phoenix,US,2026-06-05 03:36:16
2026-06-05,Legal,CrownMatter Suite,800.298.9712,info@crownmattersuite.com,https://www.crownmattersuite.com,21,Columbus,US,2026-06-05 03:51:41
2026-06-05,Medical,GoldenClinicSuite,+19183447008,contact@goldenclinicsuite.co,goldenclinicsuite.co,58,Austin,US,2026-06-05 01:07:48
2026-06-05,Medical,QuartzPatient Labs,3902219766 ext. 78,sales@quartzpatientlabs.io,https://www.quartzpatientlabs.io,169,Tampa,US,2026-06-05 02:41:08
2026-06-05,ERP,Delta Resource BPO Services,369.967.9316,contact@deltaresourcebposervices.com,https://deltaresourcebposervices.com,376,London,UK,2026-06-05 05:44:36
2026-06-05,Medical,VertexMatter Cloud,(645) 978-5641,sales@vertexmattercloud.co,https://www.vertexmattercloud.co,44,Austin,US,2026-06-05 06:05:01
2026-06-05,Legal,IronMatter Logic,2069315202,,https://www.ironmatterlogic.com,325,Columbus,US,2026-06-05 06:25:40
2026-06-05,HR,Pioneer PerformHub,361-272-6001,sales@pioneerperformhub.io,https://www.pioneerperformhub.io,243,Amsterdam,NL,2026-06-05 05:38:47
2026-06-05,ERP,BrightPlanSoft,(899) 234-1350,hello@brightplansoft.com,https://www.brightplansoft.com,63,Raleigh,US,2026-06-05 03:50:10
2026-06-05,ERP,Cedar LedgerSuite,956-728-2173,contact@cedarledgersuite.io,cedarledgersuite.io,3341,Toronto,CA,2026-06-05 03:18:27
2026-06-05,LMS,FalconLearn Desk,798.454.0416,hello@falconlearndesk.io,https://www.falconlearndesk.io,63,Seattle,US,2026-06-05 05:09:13
2026-06-05,MSP Platform,RidgeMonitor Dynamics,1-666-478-4788,sales@ridgemonitordynamics.com,ridgemonitordynamics.com,222,Melbourne,AU,2026-06-05 06:25:36
2026-06-05,MSP Platform,WillowGridDesk,(809) 852-8820,contact@willowgriddesk.co,https://www.willowgriddesk.co,5,Phoenix,US,2026-06-05 05:36:47
2026-06-05,Medical,SummitTriageSuite,511-976-4145,sales@summittriagesuite.com,https://summittriagesuite.com,48,Columbus,US,2026-06-05 06:23:13
2026-06-05,MSP Platform,North TicketSoft,+1 (471) 309-1077 ext. 51,info@northticketsoft.com,https://www.northticketsoft.com,252,Boston,US,2026-06-05 04:25:04
2026-06-05,Medical,ApexCare Logic,2953220729,sales@apexcarelogic.io,apexcarelogic.io,342,Munich,DE,2026-06-05 06:09:08
2026-06-05,HR,Golden CulturePoint,887-669-3981,sales@goldenculturepoint.com,goldenculturepoint.com,51,Boston,US,2026-06-05 02:30:50
2026-06-05,ERP,Zephyr OpsLabs,+12956556516,hello@zephyropslabs.com,zephyropslabs.com,208,Atlanta,US,2026-06-05 05:58:01
2026-06-05,HR,Zen PeopleHub,7135391836,contact@zenpeoplehub.co,https://zenpeoplehub.co,35,Atlanta,US,2026-06-05 06:39:29
2026-06-05,ERP,Falcon StockBase,+18609635135,hello@falconstockbase.com,https://www.falconstockbase.com,447,Atlanta,US,2026-06-05 04:43:31
2026-06-05,ERP,BoldResourceSystems,+1 (716) 536-2857,sales@boldresourcesystems.io,https://www.boldresourcesystems.io,14,Phoenix,US,2026-06-05 06:56:17
2026-06-05,ERP,WillowChainLabs,305-437-9018 ext. 26,hello@willowchainlabs.com,https://willowchainlabs.com,N/A,Atlanta,US,2026-06-05 03:12:54
2026-06-05,Legal,IndigoCompliSoft,1-773-530-2280,hello@indigocomplisoft.com,https://indigocomplisoft.com,6,Atlanta,US,2026-06-05 04:10:34
2026-06-05,ERP,SilverForgePlatform,(212) 223-2066,info@silverforgeplatform.io,https://www.silverforgeplatform.io,33,Chicago,US,2026-06-05 04:04:28
2026-06-05,Medical,ApexPatient Core,8412677981,contact@apexpatientcore.com,https://www.apexpatientcore.com,23,Melbourne,AU,2026-06-05 01:07:47
2026-06-05,Medical,ApexPatient Works,1-743-732-3085,hello@apexpatientworks.io,https://www.apexpatientworks.io,74,Seattle,US,2026-06-05 03:38:21
2026-06-05,Legal,BeaconBriefBase,(564) 351-8203,contact@beaconbriefbase.net,https://www.beaconbriefbase.net,11,Melbourne,AU,2026-06-05 04:19:16
2026-06-05,MSP Platform,Fusion Patch Consultants,1-718-620-9688,contact@fusionpatchconsultants.io,https://www.fusionpatchconsultants.io,608,Tampa,US,2026-06-05 01:31:09
2026-06-05,ERP,BrightOps Soft,7233301600,info@brightopssoft.net,https://www.brightopssoft.net,83,Sydney,AU,2026-06-05 04:57:03
2026-06-05,HR,HaloPayrollDynamics,+13254292822,N/A,https://www.halopayrolldynamics.com,951,Sydney,AU,2026-06-05 02:35:16
2026-06-05,Legal,ZenCompli Platform,05514481244,sales@zencompliplatform.com,https://www.zencompliplatform.com,6,Leeds,UK,2026-06-05 01:55:59
2026-06-05,HR,KeystonePerform Suite,(251) 742-3970,contact@keystoneperformsuite.com,https://www.keystoneperformsuite.com,576,Calgary,CA,2026-06-05 06:35:25
2026-06-05,HR,Vertex RosterCloud,(619) 395-0176,hello@vertexrostercloud.io,https://www.vertexrostercloud.io,39,London,UK,2026-06-05 02:38:43
2026-06-05,MSP Platform,Halo StackSphere,527.578.1475,sales@halostacksphere.com,https://halostacksphere.com,345,Vancouver,CA,2026-06-05 06:56:57
2026-06-05,LMS,BrightQuiz Tech,252.895.6924,info@brightquiztech.io,https://brightquiztech.io,8,Manchester,UK,2026-06-05 01:35:34
2026-06-05,MSP Platform,GraniteUptime Sphere,5707202402,contact@graniteuptimesphere.com,https://www.graniteuptimesphere.com,14,Chicago,US,2026-06-05 04:59:51
2026-06-05,ERP,UmbraPlan Works,1-562-683-2714,contact@umbraplanworks.com,https://www.umbraplanworks.com,1684,Phoenix,US,2026-06-05 01:56:30
2026-06-05,Medical,Beacon ChartLabs,(374) 374-5094,contact@beaconchartlabs.net,https://www.beaconchartlabs.net,15,Columbus,US,2026-06-05 04:36:39
2026-06-05,Medical,Onyx ChartPlatform,549-692-4088,info@onyxchartplatform.io,onyxchartplatform.io,9,Boston,US,2026-06-05 06:23:32
2026-06-05,HR,TidalPayroll Works,(884) 437-3106 ext. 41,sales@tidalpayrollworks.io,tidalpayrollworks.io,81,Boston,US,2026-06-05 05:35:10
2026-06-05,MSP Platform,WillowMonitor Works,(556) 878-9345 ext. 87,info@willowmonitorworks.io,willowmonitorworks.io,25,Manchester,UK,2026-06-05 01:27:01
2026-06-05,MSP Platform,HarborPatchTech,305-650-8133,,https://www.harborpatchtech.net,11,Dublin,IE,2026-06-05 03:11:28
2026-06-05,ERP,AnchorBatch Solutions,(838) 591-9080,info@anchorbatchsolutions.io,https://anchorbatchsolutions.io,841,Bengaluru,IN,2026-06-05 02:30:39
2026-06-05,ERP,FusionOpsFlow,(906) 875-3133,contact@fusionopsflow.net,https://www.fusionopsflow.net,84,Amsterdam,NL,2026-06-05 06:27:59
2026-06-05,Legal,Vertex FilingSoft,594.452.0045,hello@vertexfilingsoft.co,https://vertexfilingsoft.co,13,Tampa,US,2026-06-05 01:07:00
2026-06-05,ERP,Solid PlanSync,7367321413,hello@solidplansync.com,solidplansync.com,211,Austin,US,2026-06-05 03:47:09
2026-06-05,Legal,AnchorMatter Tech,291-563-6810,hello@anchormattertech.com,https://www.anchormattertech.com,64,Bengaluru,IN,2026-06-05 05:44:56
2026-06-05,Medical,Arch Med Recruiting,(319) 542-7511,-,https://www.archmedrecruiting.net,21,Chicago,US,2026-06-05 06:19:48
2026-06-05,ERP,Blue Batch Consulting Group,+13747042127,info@bluebatchconsultinggroup.co,bluebatchconsultinggroup.co,94,Atlanta,US,2026-06-05 05:31:32
2026-06-05,ERP,CrestOrderSoft,+1 (253) 455-2569,sales@crestordersoft.com,https://www.crestordersoft.com,32,Phoenix,US,2026-06-05 04:43:51
2026-06-05,ERP,SilverForgeWorks,(983) 400-1641,hello@silverforgeworks.com,silverforgeworks.com,208,Phoenix,US,2026-06-05 05:00:37
2026-06-05,MSP Platform,QuantumNode Cloud,(304) 865-6213,info@quantumnodecloud.com,https://www.quantumnodecloud.com,2244,Atlanta,US,2026-06-05 01:52:50
2026-06-05,MSP Platform,JuniperUptime Labs,1-722-484-4500,sales@juniperuptimelabs.net,juniperuptimelabs.net,529,Denver,US,2026-06-05 01:01:46
2026-06-05,HR,RavénPerformSync,(696) 865-5170,contact@ravenperformsync.com,https://www.ravenperformsync.com,98,Bengaluru,IN,2026-06-05 03:59:17
2026-06-05,Medical,Lumen ClinicSync,+1 (267) 968-1031,contact@lumenclinicsync.com,https://www.lumenclinicsync.com,2467,Chicago,US,2026-06-05 06:56:13
2026-06-05,LMS,IronQuizFlow,1-339-252-9325,info@ironquizflow.io,https://www.ironquizflow.io,519,Seattle,US,2026-06-05 03:47:14
2026-06-05,Medical,Velo PatientCloud,+15877141693,sales@velopatientcloud.com,velopatientcloud.com,5,Pune,IN,2026-06-05 03:04:30
2026-06-05,LMS,Indigo CareApp,824-887-3129 ext. 36,contact@indigocareapp.com,https://indigocareapp.com,35,Seattle,US,2026-06-05 02:57:15
2026-06-05,ERP,Cobalt OrderLabs,8093414842,contact@cobaltorderlabs.com,https://www.cobaltorderlabs.com,217,Chicago,US,2026-06-05 06:46:06
2026-06-05,Medical,Indigo ChartPoint,284-455-5138,info@indigochartpoint.co,indigochartpoint.co,740,Dublin,IE,2026-06-05 04:19:13
2026-06-05,Medical,BlueChartCloud,+18537304030,-,https://bluechartcloud.co,22,Atlanta,US,2026-06-05 02:08:57
2026-06-05,Legal,Meta MatterSolutions,716-287-5587,sales@metamattersolutions.com,https://metamattersolutions.com,862,Leeds,UK,2026-06-05 03:30:02
2026-06-05,ERP,TidalResource Point,(622) 368-7467,info@tidalresourcepoint.com,tidalresourcepoint.com,140,Atlanta,US,2026-06-05 03:07:48
2026-06-05,Medical,BoldPatientSystems,+18585900166,sales@boldpatientsystems.com,https://www.boldpatientsystems.com,12,Atlanta,US,2026-06-05 05:37:14
2026-06-05,Legal,TruéCompli Hub,(709) 200-1034,info@truecomplihub.net,https://truecomplihub.net,null,Manchester,UK,2026-06-05 03:24:41
2026-06-05,LMS,RapidTutorPoint,2958797906,contact@rapidtutorpoint.com,https://rapidtutorpoint.com,354,Seattle,US,2026-06-05 01:54:30
2026-06-05,ERP,GraniteStock Flow,1-619-479-5993,hello@granitestockflow.com,https://www.granitestockflow.com,10,Boston,US,2026-06-05 01:49:06
2026-06-05,Medical,XenonTriageWorks,352-515-8778,hello@xenontriageworks.net,https://www.xenontriageworks.net,47,Sydney,AU,2026-06-05 01:29:54
2026-06-05,HR,ZenShift’s Platform,7239503587,info@zenshiftplatform.com,https://zenshiftplatform.com,221,Toronto,CA,2026-06-05 04:20:37
2026-06-05,MSP Platform,LatticeUptimeSphere,383-607-1797,sales@latticeuptimesphere.net,https://latticeuptimesphere.net,null,Atlanta,US,2026-06-05 06:54:15
2026-06-05,MSP Platform,PrimeRemote Hub,+1 (776) 896-9202,info@primeremotehub.co,https://www.primeremotehub.co,488,Denver,US,2026-06-05 03:40:34
2026-06-05,ERP,Xenon BatchPlatform,(514) 495-6646,hello@xenonbatchplatform.io,https://www.xenonbatchplatform.io,7,Dublin,IE,2026-06-05 03:42:37
2026-06-05,Medical,Onyx HealthPoint,1-591-462-9795,info@onyxhealthpoint.com,https://www.onyxhealthpoint.com,126,Hyderabad,IN,2026-06-05 01:59:19
2026-06-05,ERP,AtlasForge Systems,353-423-2902 ext. 68,contact@atlasforgesystems.com,https://www.atlasforgesystems.com,58,Boston,US,2026-06-05 05:13:34
2026-06-05,Medical,WillowCareCloud,1-870-761-9754,contact@willowcarecloud.com,https://www.willowcarecloud.com,28,Dublin,IE,2026-06-05 06:57:53
2026-06-05,HR,PivotTeamSoft,(864) 294-8529,sales@pivotteamsoft.com,https://pivotteamsoft.com,257,Melbourne,AU,2026-06-05 03:12:13
2026-06-05,ERP,Arch OpsCore,(712) 285-4074,contact@archopscore.io,https://www.archopscore.io,487,Calgary,CA,2026-06-05 06:36:50
2026-06-05,HR,TrueRosterLabs,944-982-0302,info@truerosterlabs.net,https://www.truerosterlabs.net,430,Chicago,US,2026-06-05 02:21:18
2026-06-05,ERP,CedarLedger Labs,399-550-2990,sales@cedarledgerlabs.io,https://www.cedarledgerlabs.io,719,Raleigh,US,2026-06-05 01:42:41
2026-06-05,HR,UmbraPeople App,+16493268569,contact@umbrapeopleapp.net,umbrapeopleapp.net,36,Denver,US,2026-06-05 02:32:26
2026-06-05,Legal,Apex CaseLabs,312-663-7182,contact@apexcaselabs.com,https://www.apexcaselabs.com,48,Singapore,SG,2026-06-05 03:52:11
2026-06-05,ERP,VistaStockPlatform,(365) 350-8325,info@vistastockplatform.com,https://www.vistastockplatform.com,838,Islamabad,PK,2026-06-05 05:43:31
2026-06-05,ERP,Pioneer LedgerApp,+13377654310,info@pioneerledgerapp.com,https://www.pioneerledgerapp.com,196,Raleigh,US,2026-06-05 03:20:03
2026-06-05,ERP,WillowChainLogic,(572) 735-5557,sales@willowchainlogic.com,https://www.willowchainlogic.com,48,London,UK,2026-06-05 05:39:48
2026-06-05,HR,RidgewayRosterLogic,(662) 735-9405,sales@ridgewayrosterlogic.co,ridgewayrosterlogic.co,13,Boston,US,2026-06-05 06:00:07
2026-06-05,HR,LatticeTeam Systems,981-459-1951,sales@latticeteamsystems.net,https://www.latticeteamsystems.net,26,Chicago,US,2026-06-05 05:32:47
2026-06-05,ERP,PivotOps Works,1-598-751-9043 ext. 40,info@pivotopsworks.com,https://pivotopsworks.com,166,Austin,US,2026-06-05 01:28:22
2026-06-05,ERP,Solid StockSystems,+19583749732,info@solidstocksystems.com,https://www.solidstocksystems.com,33,Bengaluru,IN,2026-06-05 06:45:01
2026-06-05,Medical,VeloRx Base,(382) 946-7330,hello@velorxbase.com,https://www.velorxbase.com,398,Raleigh,US,2026-06-05 01:33:02
2026-06-05,Legal,Core ClauseSync,8578648312 ext. 12,info@coreclausesync.io,coreclausesync.io,7,Seattle,US,2026-06-05 01:19:56
2026-06-05,ERP,FusionBatch Desk,1-469-651-5464,contact@fusionbatchdesk.com,https://www.fusionbatchdesk.com,481,Phoenix,US,2026-06-05 05:50:19
2026-06-05,Legal,VeloClause Point,1-274-557-6860 ext. 93,info@veloclausepoint.com,https://www.veloclausepoint.com,997,Phoenix,US,2026-06-05 01:35:02
2026-06-05,HR,PolarisShiftDesk,688-629-2747,sales@polarisshiftdesk.com,https://polarisshiftdesk.com,977,Chicago,US,2026-06-05 01:21:29
2026-06-05,HR,ZephyrPeopleFlow,(624) 544-2574,hello@zephyrpeopleflow.com,https://www.zephyrpeopleflow.com,360,Dublin,IE,2026-06-05 03:19:11
2026-06-05,Legal,AnchorFilingSoft,783-561-2402,contact@anchorfilingsoft.com,anchorfilingsoft.com,17,Melbourne,AU,2026-06-05 01:32:48
2026-06-05,ERP,RidgewayForgeSystems,1-510-519-3300,hello@ridgewayforgesystems.com,https://www.ridgewayforgesystems.com,75,Austin,US,2026-06-05 01:14:06
2026-06-05,Medical,Velo ClinicSync,569-829-9123,hello@veloclinicsync.io,https://www.veloclinicsync.io,259,Boston,US,2026-06-05 04:33:31
2026-06-05,ERP,ZenLedgerApp,534-678-1612,hello@zenledgerapp.com,zenledgerapp.com,46,Bengaluru,IN,2026-06-05 01:44:46
2026-06-05,ERP,Harbor ForgeSync,790.349.4337,hello@harborforgesync.io,https://www.harborforgesync.io,554,Raleigh,US,2026-06-05 02:00:18
2026-06-05,MSP Platform,CrownStackPlatform,1-548-391-2421,sales@crownstackplatform.com,https://crownstackplatform.com,7,Chicago,US,2026-06-05 02:33:18
2026-06-05,MSP Platform,Polaris RemoteSolutions,326-797-4049,info@polarisremotesolutions.co,https://www.polarisremotesolutions.co,19,Columbus,US,2026-06-05 05:24:02
2026-06-05,Medical,Sable Rx BPO Services,+12172110177,hello@sablerxbposervices.io,https://www.sablerxbposervices.io,740,Austin,US,2026-06-05 04:55:20
2026-06-05,HR,Beacon RosterSystems,953.935.1748 ext. 33,sales@beaconrostersystems.com,https://beaconrostersystems.com,8,Hyderabad,IN,2026-06-05 05:05:23
2026-06-05,HR,Prime Shift Recruiting,+15195689074,contact@primeshiftrecruiting.com,https://www.primeshiftrecruiting.com,50,Vancouver,CA,2026-06-05 03:32:25
2026-06-05,HR,BrightCulture Labs,(548) 332-6067,contact@brightculturelabs.io,brightculturelabs.io,368,Boston,US,2026-06-05 01:45:04
2026-06-05,Medical,HaloPatientApp,+1 (607) 533-2065,info@halopatientapp.io,https://halopatientapp.io,9,Bengaluru,IN,2026-06-05 06:09:08
2026-06-05,ERP,ClearLaw Works,776-426-1640,,clearlawworks.com,91,Calgary,CA,2026-06-05 03:21:52
2026-06-05,Medical,WillowChartPoint,+12969995668,sales@willowchartpoint.com,https://www.willowchartpoint.com,91,Denver,US,2026-06-05 02:57:45
2026-06-05,LMS,ArchCourse Soft,+1 (213) 731-7499,hello@archcoursesoft.com,https://www.archcoursesoft.com,172,Toronto,CA,2026-06-05 06:57:45
2026-06-05,MSP Platform,CrestPatch Tech,08094314632,info@crestpatchtech.com,https://www.crestpatchtech.com,78,Denver,US,2026-06-05 05:42:46
2026-06-05,ERP,AtlasResource Suite,(955) 909-2904,contact@atlasresourcesuite.com,https://www.atlasresourcesuite.com,90,Denver,US,2026-06-05 05:39:28
2026-06-05,HR,SilverShift Systems,1-889-684-2058,-,https://www.silvershiftsystems.io,814,London,UK,2026-06-05 04:30:08
2026-06-05,ERP,Polaris LedgerSphere,(657) 869-2735,hello@polarisledgersphere.co,https://www.polarisledgersphere.co,693,Tampa,US,2026-06-05 05:51:02
2026-06-05,Legal,BlueVerdict Hub,(933) 298-5531,sales@blueverdicthub.com,https://www.blueverdicthub.com,239,Dublin,IE,2026-06-05 06:11:02
2026-06-05,LMS,Nova MentorHub,5296668095,contact@novamentorhub.com,https://www.novamentorhub.com,39,Sydney,AU,2026-06-05 04:43:44
2026-06-05,HR,OmniPeopleHub,1-891-831-2918,contact@omnipeoplehub.co,omnipeoplehub.co,18,Raleigh,US,2026-06-05 02:54:42
2026-06-05,Legal,CrestCompliFlow,03147824836,sales@crestcompliflow.co,https://www.crestcompliflow.co,176,Sydney,AU,2026-06-05 05:35:16
2026-06-05,HR,HaloOnboardLogic,04618541413,info@haloonboardlogic.com,haloonboardlogic.com,12,Austin,US,2026-06-05 03:37:22
2026-06-05,Medical,RapidMedApp,+15895393141,sales@rapidmedapp.io,https://www.rapidmedapp.io,228,Melbourne,AU,2026-06-05 01:17:57
2026-06-05,MSP Platform,Prime MonitorPlatform,5602654981 ext. 15,contact@primemonitorplatform.com,https://www.primemonitorplatform.com,21,Phoenix,US,2026-06-05 03:17:42
2026-06-05,LMS,SolidTutorBase,613.624.8796,sales@solidtutorbase.net,https://solidtutorbase.net,37,Calgary,CA,2026-06-05 05:18:29
2026-06-05,ERP,HaloResource Core,09522875976,contact@haloresourcecore.com,https://www.haloresourcecore.com,0,Phoenix,US,2026-06-05 04:53:17
2026-06-05,HR,Iron TeamDynamics,533-449-7148,sales@ironteamdynamics.io,https://ironteamdynamics.io,73,Austin,US,2026-06-05 03:59:44
2026-06-05,HR,Polaris BenefitHub,+17117299854,info@polarisbenefithub.io,https://polarisbenefithub.io,48,Chicago,US,2026-06-05 03:36:43
2026-06-05,HR,Raven ShiftWorks,+19178428961,sales@ravenshiftworks.io,https://www.ravenshiftworks.io,7,Raleigh,US,2026-06-05 05:43:51
2026-06-05,ERP,TrueFin’s Soft,655.522.2952,contact@truefinsoft.com,https://www.truefinsoft.com,15,Singapore,SG,2026-06-05 02:02:43
2026-06-05,Medical,Nova CareDesk,237.613.9003,sales@novacaredesk.com,https://www.novacaredesk.com,52,Pune,IN,2026-06-05 03:53:28
2026-06-05,Legal,CobaltBriefPlatform,277-529-5036,sales@cobaltbriefplatform.com,https://cobaltbriefplatform.com,35,Austin,US,2026-06-05 02:08:14
2026-06-05,ERP,Umbra OpsSolutions,+19442350268,sales@umbraopssolutions.com,umbraopssolutions.com,117,Columbus,US,2026-06-05 04:03:04
2026-06-05,ERP,RidgePlan Point,+19228245909,contact@ridgeplanpoint.net,https://ridgeplanpoint.net,null,Toronto,CA,2026-06-05 04:28:13
2026-06-05,HR,IndigoShift Tech,799.304.6831,contact@indigoshifttech.io,https://www.indigoshifttech.io,18,Tampa,US,2026-06-05 06:43:39
2026-06-05,MSP Platform,Omni RemoteDesk,+14558722922,info@omniremotedesk.net,https://www.omniremotedesk.net,239,Vancouver,CA,2026-06-05 03:31:26
2026-06-05,ERP,Pivot Batch Outsourcing,+12908545235,sales@pivotbatchoutsourcing.com,https://www.pivotbatchoutsourcing.com,17,Phoenix,US,2026-06-05 06:09:49
2026-06-05,MSP Platform,Zephyr GridHub,+1 (446) 629-0290,contact@zephyrgridhub.com,zephyrgridhub.com,576,Raleigh,US,2026-06-05 06:45:19
2026-06-05,ERP,NovaBatch Flow,09014531719,info@novabatchflow.net,https://www.novabatchflow.net,26,Atlanta,US,2026-06-05 05:28:28
2026-06-05,Medical,North CareBase,+17996623344,contact@northcarebase.co,https://northcarebase.co,4874,Columbus,US,2026-06-05 02:22:43
2026-06-05,Legal,True ClauseSystems,+18356453383,hello@trueclausesystems.com,https://www.trueclausesystems.com,9,Raleigh,US,2026-06-05 06:50:16
2026-06-05,Medical,Granite ChartSolutions,+17846927738,sales@granitechartsolutions.com,https://www.granitechartsolutions.com,183,Tampa,US,2026-06-05 03:59:50
2026-06-05,Medical,Silver Rx Talent Agency,(920) 414-0547 ext. 10,contact@silverrxtalentagency.net,https://www.silverrxtalentagency.net,66,Calgary,CA,2026-06-05 05:12:43
2026-06-05,MSP Platform,AnchorRemoteWorks,6765188002 ext. 80,-,https://anchorremoteworks.com,311,Raleigh,US,2026-06-05 04:41:10
2026-06-05,Medical,North FinDesk,736-723-8237,sales@northfindesk.io,https://www.northfindesk.io,385,Amsterdam,NL,2026-06-05 01:04:47
2026-06-05,Legal,Clear CasePlatform,1-415-409-3300,hello@clearcaseplatform.io,https://www.clearcaseplatform.io,46,Denver,US,2026-06-05 06:52:20
2026-06-05,HR,Fusion PerformSphere,1-653-532-9107,contact@fusionperformsphere.com,https://www.fusionperformsphere.com,137,Sydney,AU,2026-06-05 05:57:11
2026-06-05,Medical,Velo VitalPlatform,456.736.6641,,https://velovitalplatform.io,18,Columbus,US,2026-06-05 06:29:05
2026-06-05,ERP,LatticeResourceHub,+13447979422,info@latticeresourcehub.co,https://www.latticeresourcehub.co,8,Hyderabad,IN,2026-06-05 03:57:42
2026-06-05,Legal,ClearDocketFlow,287-292-4487,contact@cleardocketflow.com,https://cleardocketflow.com,78,Singapore,SG,2026-06-05 02:14:42
2026-06-05,MSP Platform,Onyx GridSolutions,876-594-7158,contact@onyxgridsolutions.io,onyxgridsolutions.io,20,Dublin,IE,2026-06-05 01:55:44
2026-06-05,Legal,TidalMatterWorks,500.839.4772,sales@tidalmatterworks.com,https://www.tidalmatterworks.com,3623,Leeds,UK,2026-06-05 06:57:10
2026-06-05,ERP,Sable BatchPoint,+17359724411,hello@sablebatchpoint.com,https://www.sablebatchpoint.com,10,Leeds,UK,2026-06-05 02:31:44
2026-06-05,ERP,BlueChainPoint,1-347-279-3910,info@bluechainpoint.com,https://www.bluechainpoint.com,17,Columbus,US,2026-06-05 04:23:00
2026-06-05,HR,CrestOnboard Point,(892) 856-7685,info@crestonboardpoint.com,https://www.crestonboardpoint.com,88,Atlanta,US,2026-06-05 05:47:39
2026-06-05,HR,XenonPeople Desk,864-301-1884,sales@xenonpeopledesk.com,https://www.xenonpeopledesk.com,194,Tampa,US,2026-06-05 01:32:07
2026-06-05,HR,RidgewayPerformCore,863.573.0401,info@ridgewayperformcore.com,https://ridgewayperformcore.com,239,Chicago,US,2026-06-05 05:37:13
2026-06-05,HR,Xenon Onboard Consulting Group,+1 (642) 564-9285,info@xenononboardconsultinggroup.net,https://xenononboardconsultinggroup.net,850,Calgary,CA,2026-06-05 01:31:28
2026-06-05,ERP,Fusion ResourceSphere,1-807-928-5808,contact@fusionresourcesphere.com,https://www.fusionresourcesphere.com,93,Columbus,US,2026-06-05 03:58:19
2026-06-05,ERP,IronForgeCloud,1-959-921-3246,sales@ironforgecloud.co,https://www.ironforgecloud.co,45,Raleigh,US,2026-06-05 02:02:38
2026-06-05,ERP,MosaicOrderSync,1-350-630-6409,info@mosaicordersync.com,https://www.mosaicordersync.com,244,Leeds,UK,2026-06-05 05:37:19
2026-06-05,Medical,Velo PatientFlow,1-279-562-8046,contact@velopatientflow.io,https://www.velopatientflow.io,32,Tampa,US,2026-06-05 05:37:22
2026-06-05,Legal,CedarVerdict Point,853.234.8658,contact@cedarverdictpoint.com,https://www.cedarverdictpoint.com,132,Karachi,PK,2026-06-05 04:12:02
2026-06-05,Legal,Halo FilingSync,1-317-311-9982,sales@halofilingsync.com,https://www.halofilingsync.com,22,London,UK,2026-06-05 04:55:58
2026-06-05,HR,AtlasRosterDynamics,512.296.1688,hello@atlasrosterdynamics.io,atlasrosterdynamics.io,165,Melbourne,AU,2026-06-05 05:15:41
2026-06-05,ERP,WillowPlanSuite,+1 (706) 996-1800,contact@willowplansuite.com,https://www.willowplansuite.com,779,Boston,US,2026-06-05 06:28:13
2026-06-05,MSP Platform,SummitNode Labs,751-746-3817,sales@summitnodelabs.co,https://www.summitnodelabs.co,46,Boston,US,2026-06-05 04:35:37
2026-06-05,Legal,ClearFiling Sphere,+13685099467,info@clearfilingsphere.com,https://clearfilingsphere.com,197,Boston,US,2026-06-05 04:24:28
2026-06-05,MSP Platform,CobaltPatchSync,542-928-6972,contact@cobaltpatchsync.com,https://cobaltpatchsync.com,32,Manchester,UK,2026-06-05 06:42:02
2026-06-05,MSP Platform,Beacon MonitorSphere,245.526.2526,info@beaconmonitorsphere.com,beaconmonitorsphere.com,334,Boston,US,2026-06-05 05:54:46
2026-06-05,HR,Polaris BenefitFlow,666-401-4676,contact@polarisbenefitflow.co,https://www.polarisbenefitflow.co,35,Melbourne,AU,2026-06-05 01:24:22
2026-06-05,ERP,SolidForge Sync,579.537.4722,info@solidforgesync.com,https://www.solidforgesync.com,544,Manchester,UK,2026-06-05 02:20:01
2026-06-05,HR,Granite Culture Consulting Group,777.917.4873,info@granitecultureconsultinggroup.com,granitecultureconsultinggroup.com,17,Phoenix,US,2026-06-05 03:16:53
2026-06-05,Medical,VeloRx Systems,655-505-8940,info@velorxsystems.com,https://www.velorxsystems.com,23,Seattle,US,2026-06-05 05:44:40
2026-06-05,ERP,VeloPlanCore,462.659.2231,contact@veloplancore.io,https://www.veloplancore.io,320,Hyderabad,IN,2026-06-05 02:56:58
2026-06-05,MSP Platform,BoldNet Platform,245-970-3683,info@boldnetplatform.com,boldnetplatform.com,57,Dublin,IE,2026-06-05 06:47:33
2026-06-05,ERP,BeaconForgeCloud,565-904-8057 ext. 46,sales@beaconforgecloud.co,https://www.beaconforgecloud.co,424,Leeds,UK,2026-06-05 06:43:58
2026-06-05,Legal,Ember CounselLogic,809.598.1123,sales@embercounsellogic.io,https://www.embercounsellogic.io,6,Vancouver,CA,2026-06-05 02:15:05
2026-06-05,MSP Platform,LatticeTicket Labs,(770) 217-0151,sales@latticeticketlabs.com,https://latticeticketlabs.com,12,Raleigh,US,2026-06-05 04:36:51
2026-06-05,ERP,Lumen LedgerHub,1-230-730-3424,info@lumenledgerhub.com,https://www.lumenledgerhub.com,252,Dublin,IE,2026-06-05 04:16:08
2026-06-05,Medical,Zephyr PulseHub,(617) 839-6172,sales@zephyrpulsehub.net,zephyrpulsehub.net,485,Tampa,US,2026-06-05 06:24:59
2026-06-05,Legal,ApexLawCloud,+17772773779,info@apexlawcloud.io,https://www.apexlawcloud.io,907,Columbus,US,2026-06-05 02:35:28
2026-06-05,ERP,Core ChainSoft,1-268-383-7897,hello@corechainsoft.com,corechainsoft.com,4789,Calgary,CA,2026-06-05 02:52:56
2026-06-05,ERP,IronForge Desk,816.545.3855,hello@ironforgedesk.com,https://www.ironforgedesk.com,22,Dublin,IE,2026-06-05 05:37:43
2026-06-05,MSP Platform,CrestRemoteSync,+16168107933,hello@crestremotesync.com,https://crestremotesync.com,48,Boston,US,2026-06-05 03:22:17
2026-06-05,LMS,Crest RosterWorks,+1 (281) 941-6872,contact@crestrosterworks.com,crestrosterworks.com,43,Amsterdam,NL,2026-06-05 04:11:30
2026-06-05,ERP,AtlasNode Soft,+1 (377) 473-1202,sales@atlasnodesoft.com,https://www.atlasnodesoft.com,56,Hyderabad,IN,2026-06-05 03:57:24
2026-06-05,LMS,Ember TrainSystems,+14844476753,sales@embertrainsystems.com,https://www.embertrainsystems.com,127,Austin,US,2026-06-05 03:41:49
2026-06-05,Legal,QuartzCompliApp,(331) 242-4776,hello@quartzcompliapp.net,https://www.quartzcompliapp.net,91,Bengaluru,IN,2026-06-05 06:55:22
2026-06-05,Legal,PioneerClause Base,(551) 239-7924,hello@pioneerclausebase.co,https://pioneerclausebase.co,438,Atlanta,US,2026-06-05 05:44:25
2026-06-05,HR,ZenTeam Flow,985-386-5401,info@zenteamflow.co,https://www.zenteamflow.co,20,Austin,US,2026-06-05 02:22:21
2026-06-05,MSP Platform,ZenPatch Desk,566-872-9441,hello@zenpatchdesk.com,https://www.zenpatchdesk.com,18,Manchester,UK,2026-06-05 03:10:12
2026-06-05,ERP,Orbit OpsSoft,(666) 580-4154,info@orbitopssoft.co,https://orbitopssoft.co,404,Chicago,US,2026-06-05 04:15:39
2026-06-05,ERP,LatticeResourceSystems,(833) 306-9569,N/A,https://www.latticeresourcesystems.co,199,Seattle,US,2026-06-05 03:38:59
2026-06-05,ERP,FusionBatch Labs,203-515-5096,sales@fusionbatchlabs.com,https://www.fusionbatchlabs.com,10,Chicago,US,2026-06-05 03:48:23
2026-06-05,Legal,OnyxFilingSystems,939-732-4323,sales@onyxfilingsystems.com,https://www.onyxfilingsystems.com,494,Calgary,CA,2026-06-05 06:19:55
2026-06-05,ERP,North OrderCore,7613245886,contact@northordercore.com,https://northordercore.com,23,Atlanta,US,2026-06-05 01:19:29
2026-06-05,ERP,SableOpsPlatform,+19166581545,hello@sableopsplatform.com,sableopsplatform.com,182,Raleigh,US,2026-06-05 02:07:47
2026-06-05,Legal,Bright LawBase,(270) 481-5031,hello@brightlawbase.com,https://www.brightlawbase.com,54,Boston,US,2026-06-05 05:17:16
2026-06-05,Medical,CedarVitalSuite,+19039319578,hello@cedarvitalsuite.io,https://cedarvitalsuite.io,2316,Denver,US,2026-06-05 01:36:14
2026-06-05,ERP,FusionForgeDynamics,304.867.0055,hello@fusionforgedynamics.com,https://www.fusionforgedynamics.com,50,-,PK,2026-06-05 04:57:37
2026-06-05,HR,FalconTalent App,689.672.4072,hello@falcontalentapp.com,https://www.falcontalentapp.com,25,Denver,US,2026-06-05 05:00:22
2026-06-05,Medical,CobaltMed Systems,+14778798458,info@cobaltmedsystems.com,cobaltmedsystems.com,77,Austin,US,2026-06-05 06:30:39
2026-06-05,HR,FalconRoster Point,1-419-346-2069,info@falconrosterpoint.com,https://www.falconrosterpoint.com,82,Seattle,US,2026-06-05 03:01:47
2026-06-05,Legal,Golden VerdictSoft,(260) 817-5849,info@goldenverdictsoft.com,https://www.goldenverdictsoft.com,97,Raleigh,US,2026-06-05 05:36:49
2026-06-05,LMS,Raven LearnLabs,+15446622045 ext. 40,hello@ravenlearnlabs.io,https://www.ravenlearnlabs.io,6,Chicago,US,2026-06-05 05:23:01
2026-06-05,HR,CrestTalentLogic,7443931837,contact@cresttalentlogic.com,https://www.cresttalentlogic.com,45,Raleigh,US,2026-06-05 02:19:15
2026-06-05,ERP,Quartz ChainFlow,+18473246194,hello@quartzchainflow.com,quartzchainflow.com,166,Toronto,CA,2026-06-05 02:50:38
2026-06-05,Medical,Lumen TriageDesk,810-710-9428,sales@lumentriagedesk.com,https://lumentriagedesk.com,38,Tampa,US,2026-06-05 04:48:24
2026-06-05,HR,OrbitTalentSync’s,+1 (944) 881-8711,info@orbittalentsync.io,https://www.orbittalentsync.io,99,Melbourne,AU,2026-06-05 06:58:46
2026-06-05,LMS,VistaCourseHub,+19608789886,hello@vistacoursehub.co,https://vistacoursehub.co,8,Singapore,SG,2026-06-05 04:44:54
2026-06-05,MSP Platform,Golden TicketPlatform,1-739-360-4278,hello@goldenticketplatform.io,https://goldenticketplatform.io,23,Calgary,CA,2026-06-05 02:13:08
2026-06-05,ERP,Quartz PlanHub,+18526255144,contact@quartzplanhub.com,https://quartzplanhub.com,106,Columbus,US,2026-06-05 04:08:20
2026-06-05,Medical,Anchor TriageWorks,+17014218247,hello@anchortriageworks.com,anchortriageworks.com,230,Hyderabad,IN,2026-06-05 03:22:23
2026-06-05,MSP Platform,LumenRemoteDesk,+16154230635,info@lumenremotedesk.com,https://www.lumenremotedesk.com,-,Atlanta,US,2026-06-05 01:09:46
2026-06-05,Medical,JuniperHealth Dynamics,1-535-650-8593,sales@juniperhealthdynamics.com,https://www.juniperhealthdynamics.com,214,Calgary,CA,2026-06-05 04:27:02
2026-06-05,ERP,WillowBatch Tech,5968383950,sales@willowbatchtech.com,https://willowbatchtech.com,227,Munich,DE,2026-06-05 06:46:02
2026-06-05,Legal,Pivot ClauseCore,444.995.4708,sales@pivotclausecore.com,https://www.pivotclausecore.com,31,Amsterdam,NL,2026-06-05 02:38:18
2026-06-05,ERP,Keystone BatchSoft,477.700.5303,sales@keystonebatchsoft.com,https://keystonebatchsoft.com,297,Islamabad,PK,2026-06-05 05:57:01
2026-06-05,Legal,LumenCaseSoft,2623728921,hello@lumencasesoft.com,https://www.lumencasesoft.com,24,London,UK,2026-06-05 05:04:04
2026-06-05,LMS,Vista PathApp,+12256547416,info@vistapathapp.net,vistapathapp.net,74,Manchester,UK,2026-06-05 04:52:13
2026-06-05,Medical,PrimeChartSoft’s,2495047353,contact@primechartsoft.com,https://primechartsoft.com,19,Pune,IN,2026-06-05 03:06:46
2026-06-05,Legal,NovaBrief Labs,(320) 384-9232,hello@novabrieflabs.co,https://www.novabrieflabs.co,78,Tampa,US,2026-06-05 03:35:22
2026-06-05,HR,MosaicPerform Sphere,08947790474,info@mosaicperformsphere.net,mosaicperformsphere.net,21,Austin,US,2026-06-05 02:27:05
2026-06-05,MSP Platform,GraniteStackSoft,1-844-471-3426,contact@granitestacksoft.co,https://granitestacksoft.co,52,Melbourne,AU,2026-06-05 04:51:36
2026-06-05,HR,OnyxOnboard Sync,(913) 296-6172,contact@onyxonboardsync.com,onyxonboardsync.com,78,Raleigh,US,2026-06-05 04:17:18
2026-06-05,ERP,Golden ChainCloud,495-853-1900,contact@goldenchaincloud.com,https://www.goldenchaincloud.com,15,Seattle,US,2026-06-05 03:07:59
2026-06-05,MSP Platform,QuartzUptimeCore,+16767480498 ext. 57,info@quartzuptimecore.com,https://www.quartzuptimecore.com,17,Austin,US,2026-06-05 05:18:12
2026-06-05,Legal,Clear CompliSync,527-471-4698,contact@clearcomplisync.io,https://www.clearcomplisync.io,188,Bengaluru,IN,2026-06-05 04:50:29
2026-06-05,HR,PolarisCulture Hub,(701) 354-3904,info@polarisculturehub.net,https://www.polarisculturehub.net,92,Toronto,CA,2026-06-05 06:51:30
2026-06-05,Medical,Vista HealthPlatform,556-253-8966,sales@vistahealthplatform.com,https://vistahealthplatform.com,34,Dublin,IE,2026-06-05 01:49:32
2026-06-05,MSP Platform,Delta GridSync,+16504111903,sales@deltagridsync.com,https://deltagridsync.com,18,Phoenix,US,2026-06-05 03:54:37
2026-06-05,MSP Platform,Golden NetSuite,6847407313,sales@goldennetsuite.com,https://goldennetsuite.com,159,Seattle,US,2026-06-05 05:02:32
2026-06-05,ERP,RidgewayForge Suite,+1 (228) 207-7978,hello@ridgewayforgesuite.com,https://www.ridgewayforgesuite.com,20,Austin,US,2026-06-05 05:00:36
2026-06-05,Medical,CoreMedTech,1-659-290-1606,hello@coremedtech.co,https://www.coremedtech.co,357,Denver,US,2026-06-05 03:29:00
2026-06-05,Legal,IronFilingSuite,865-335-8544,info@ironfilingsuite.com,https://www.ironfilingsuite.com,73,Phoenix,US,2026-06-05 03:17:58
2026-06-05,Medical,Polaris MedPoint,+19839538336,contact@polarismedpoint.io,https://www.polarismedpoint.io,7,Boston,US,2026-06-05 05:08:08
2026-06-05,Legal,BlueFiling’s Labs,410.403.4430,contact@bluefilinglabs.com,https://www.bluefilinglabs.com,65,Atlanta,US,2026-06-05 01:13:45
2026-06-05,ERP,IndigoLedger Tech,566-221-4961,info@indigoledgertech.com,https://www.indigoledgertech.com,-,London,UK,2026-06-05 05:23:45
2026-06-05,ERP,RidgePlan App,+19324497181,info@ridgeplanapp.com,https://www.ridgeplanapp.com,5,Seattle,US,2026-06-05 03:14:07
2026-06-05,ERP,SummitStock Desk,468-724-9406,hello@summitstockdesk.com,https://www.summitstockdesk.com,194,Calgary,CA,2026-06-05 06:12:08
2026-06-05,ERP,EmberResourceBase,(949) 624-5735,contact@emberresourcebase.com,emberresourcebase.com,318,Columbus,US,2026-06-05 01:02:47
2026-06-05,Legal,PivotClause Point,318-228-1347,sales@pivotclausepoint.com,https://www.pivotclausepoint.com,508,Austin,US,2026-06-05 05:56:33
2026-06-05,ERP,SummitBatchSuite,442-673-1885,sales@summitbatchsuite.com,https://www.summitbatchsuite.com,325,Chicago,US,2026-06-05 06:25:31
2026-06-05,Legal,PivotCounselSync,07932793670,contact@pivotcounselsync.com,https://www.pivotcounselsync.com,619,Columbus,US,2026-06-05 01:32:16
2026-06-05,Medical,ClearChart Platform,896-322-5532,hello@clearchartplatform.com,clearchartplatform.com,97,Seattle,US,2026-06-05 04:46:07
2026-06-05,ERP,Alta StockBase,+12342765551,info@altastockbase.net,https://www.altastockbase.net,265,Boston,US,2026-06-05 01:10:47
2026-06-05,HR,ClearPerform Works,(379) 972-9655,hello@clearperformworks.co,https://www.clearperformworks.co,25,Sydney,AU,2026-06-05 06:27:38
2026-06-05,MSP Platform,JuniperGridDesk,459.633.4934,hello@junipergriddesk.com,https://junipergriddesk.com,12,Phoenix,US,2026-06-05 06:13:14
2026-06-05,Medical,NovaPatientWorks,5812295499,contact@novapatientworks.com,https://novapatientworks.com,-,London,UK,2026-06-05 06:10:16
2026-06-05,Legal,Quantum VerdictLabs,626-912-3467,-,https://quantumverdictlabs.co,66,Chicago,US,2026-06-05 04:16:54
2026-06-05,Legal,SilverCounsel App,2445822241,info@silvercounselapp.io,https://www.silvercounselapp.io,7,Boston,US,2026-06-05 05:25:52
2026-06-05,MSP Platform,UmbraPatchSuite,+17296983636,hello@umbrapatchsuite.com,https://www.umbrapatchsuite.com,12,Denver,US,2026-06-05 01:39:42
2026-06-05,ERP,IronBatchSystems,1-271-612-5403,info@ironbatchsystems.com,https://www.ironbatchsystems.com,125,Phoenix,US,2026-06-05 05:06:22
2026-06-05,Legal,HarborVerdictDesk,7437167758,sales@harborverdictdesk.com,https://harborverdictdesk.com,19,Atlanta,US,2026-06-05 01:48:23
2026-06-05,MSP Platform,BoldPatchFlow,887-729-3197,sales@boldpatchflow.com,https://www.boldpatchflow.com,50,London,UK,2026-06-05 04:51:11
2026-06-05,ERP,Harbor FinHub,8817522121,info@harborfinhub.com,https://www.harborfinhub.com,270,Austin,US,2026-06-05 03:37:33
2026-06-05,HR,NovaRoster Dynamics,+17907486552,hello@novarosterdynamics.io,https://novarosterdynamics.io,10,Boston,US,2026-06-05 04:41:14
2026-06-05,HR,XenonCulture Systems,(755) 289-3089,info@xenonculturesystems.com,https://www.xenonculturesystems.com,99,Seattle,US,2026-06-05 02:02:45
2026-06-05,Medical,Alta CareDesk,475.382.9313,contact@altacaredesk.net,https://www.altacaredesk.net,167,Raleigh,US,2026-06-05 01:26:11
2026-06-05,ERP,SolidFin Sphere,415-503-1443,hello@solidfinsphere.com,https://solidfinsphere.com,627,Boston,US,2026-06-05 02:53:45
2026-06-05,Legal,GraniteCounsel Cloud,+19246429294,contact@granitecounselcloud.com,https://www.granitecounselcloud.com,10,Pune,IN,2026-06-05 06:48:29
2026-06-05,HR,Prime BenefitLabs,(783) 275-1783,info@primebenefitlabs.com,https://www.primebenefitlabs.com,154,Munich,DE,2026-06-05 04:29:41
2026-06-05,HR,Raven ShiftCore,387-221-4869,hello@ravenshiftcore.com,https://ravenshiftcore.com,9,Raleigh,US,2026-06-05 06:16:21
2026-06-05,Medical,JuniperTriage Base,403-213-7116,hello@junipertriagebase.com,https://junipertriagebase.com,38,Raleigh,US,2026-06-05 03:29:24
2026-06-05,HR,QuartzPeopleSuite,884-948-6424,info@quartzpeoplesuite.com,https://quartzpeoplesuite.com,341,Chicago,US,2026-06-05 05:06:18
2026-06-05,Legal,LatticeCaseSystems,758.631.1686,hello@latticecasesystems.com,https://www.latticecasesystems.com,27,Columbus,US,2026-06-05 02:10:51
2026-06-05,ERP,SolidChain Cloud,+1 (684) 325-7450,contact@solidchaincloud.com,https://www.solidchaincloud.com,20,Phoenix,US,2026-06-05 01:38:51
2026-06-05,Medical,SolidChart Base,1-827-963-7999,sales@solidchartbase.io,https://solidchartbase.io,19,Seattle,US,2026-06-05 02:38:49
2026-06-05,HR,Granite ShiftHub,(610) 753-1935,contact@graniteshifthub.com,graniteshifthub.com,100,Columbus,US,2026-06-05 05:27:18
2026-06-05,Medical,KeystoneVitalLogic,+15525188624,hello@keystonevitallogic.io,https://www.keystonevitallogic.io,29,Raleigh,US,2026-06-05 02:51:55
2026-06-05,ERP,RidgewayForge Flow,+17184280518 ext. 28,sales@ridgewayforgeflow.io,https://www.ridgewayforgeflow.io,13,Denver,US,2026-06-05 01:21:11
2026-06-05,Medical,ZenPulse Platform,8765613831,contact@zenpulseplatform.com,https://www.zenpulseplatform.com,65,Leeds,UK,2026-06-05 06:51:29
2026-06-05,Legal,Lattice BriefCloud,(478) 395-4368,hello@latticebriefcloud.net,latticebriefcloud.net,16,Austin,US,2026-06-05 01:55:12
2026-06-05,MSP Platform,IronNodeBase,1-285-848-0470,info@ironnodebase.com,https://www.ironnodebase.com,73,Columbus,US,2026-06-05 03:41:26
2026-06-05,ERP,Silver ChainPoint,+1 (576) 898-6058,hello@silverchainpoint.com,https://www.silverchainpoint.com,441,null,IE,2026-06-05 03:28:15
2026-06-05,LMS,Silver CourseLogic,664.928.0127,contact@silvercourselogic.io,https://silvercourselogic.io,17,Atlanta,US,2026-06-05 02:00:47
2026-06-05,ERP,Lumen ForgeSuite,1-363-992-3552,sales@lumenforgesuite.com,https://www.lumenforgesuite.com,114,Manchester,UK,2026-06-05 04:16:44
2026-06-05,ERP,OmniForgeSync,+1 (980) 402-3416,info@omniforgesync.com,https://www.omniforgesync.com,239,London,UK,2026-06-05 05:34:47
2026-06-05,ERP,SilverBatch Flow,1-880-974-4528,info@silverbatchflow.com,silverbatchflow.com,55,Dublin,IE,2026-06-05 04:41:06
2026-06-05,MSP Platform,FusionMonitor Labs,+1 (299) 392-2165,contact@fusionmonitorlabs.com,https://www.fusionmonitorlabs.com,2166,Chicago,US,2026-06-05 02:52:13
2026-06-05,ERP,BoldLedgerCore,781-734-8851,hello@boldledgercore.com,https://www.boldledgercore.com,49,Singapore,SG,2026-06-05 05:19:49
2026-06-05,ERP,QuantumOps Cloud,7464357912,info@quantumopscloud.com,quantumopscloud.com,14,Seattle,US,2026-06-05 03:40:47
2026-06-05,HR,BoldTeamCloud,02203469616,info@boldteamcloud.com,https://www.boldteamcloud.com,100,Phoenix,US,2026-06-05 03:25:48
2026-06-05,ERP,BrightOpsDesk,7318895507,sales@brightopsdesk.com,https://www.brightopsdesk.com,821,Atlanta,US,2026-06-05 04:09:50
2026-06-05,ERP,Summit ChainSphere,885-302-6541,hello@summitchainsphere.com,https://summitchainsphere.com,20,Leeds,UK,2026-06-05 02:16:43
2026-06-05,MSP Platform,Meta PatchDynamics,(970) 411-3722,hello@metapatchdynamics.com,https://metapatchdynamics.com,40,Boston,US,2026-06-05 04:02:41
2026-06-05,HR,JuniperPayrollSoft,(853) 434-7134,info@juniperpayrollsoft.com,https://www.juniperpayrollsoft.com,726,Columbus,US,2026-06-05 03:49:19
2026-06-05,Legal,Cobalt BriefWorks,795-239-3284,contact@cobaltbriefworks.com,https://cobaltbriefworks.com,,Seattle,US,2026-06-05 04:46:50
2026-06-05,Medical,RidgewayMedApp,220.457.4516,,ridgewaymedapp.com,196,Raleigh,US,2026-06-05 06:45:07
2026-06-05,MSP Platform,BeaconStack Suite,1-490-699-8262,hello@beaconstacksuite.io,https://www.beaconstacksuite.io,605,Phoenix,US,2026-06-05 05:42:19
2026-06-05,LMS,RidgewayTutor Platform,711-631-7824 ext. 23,hello@ridgewaytutorplatform.com,ridgewaytutorplatform.com,755,Toronto,CA,2026-06-05 03:56:59
2026-06-05,HR,BeaconBenefit Suite,+13734240341,contact@beaconbenefitsuite.io,beaconbenefitsuite.io,242,Tampa,US,2026-06-05 05:27:55
2026-06-05,HR,ClearShiftApp,366-963-9117,info@clearshiftapp.com,https://www.clearshiftapp.com,38,Atlanta,US,2026-06-05 05:20:01
2026-06-05,ERP,CoreForgePoint,237-490-1162,hello@coreforgepoint.net,https://www.coreforgepoint.net,807,Hyderabad,IN,2026-06-05 01:58:07
2026-06-05,MSP Platform,VeloNodeLabs,767-334-4328,,https://velonodelabs.co,40,Columbus,US,2026-06-05 06:13:17
2026-06-05,Legal,OnyxCase Platform,05448733911,info@onyxcaseplatform.com,onyxcaseplatform.com,1797,Denver,US,2026-06-05 03:31:12
2026-06-05,MSP Platform,SummitMonitor Systems,642-865-2695 ext. 43,contact@summitmonitorsystems.com,https://www.summitmonitorsystems.com,12,London,UK,2026-06-05 05:25:00
2026-06-05,HR,RapidPerform Base,+16437736554,hello@rapidperformbase.com,https://rapidperformbase.com,54,Austin,US,2026-06-05 05:25:14
2026-06-05,MSP Platform,Pioneer GridSystems,329.964.4583,,https://www.pioneergridsystems.com,57,Austin,US,2026-06-05 06:45:37
2026-06-05,ERP,CrestFin Point,+16372779699,hello@crestfinpoint.com,crestfinpoint.com,35,Atlanta,US,2026-06-05 01:35:37
2026-06-05,HR,Summit BenefitSoft,+18253992297,hello@summitbenefitsoft.io,https://www.summitbenefitsoft.io,11,Manchester,UK,2026-06-05 05:02:44
2026-06-05,MSP Platform,ZenEndpointSystems,344.553.0470,hello@zenendpointsystems.net,https://www.zenendpointsystems.net,70,Seattle,US,2026-06-05 04:24:56
2026-06-05,MSP Platform,KeystoneNetPlatform,5518091551,sales@keystonenetplatform.co,https://www.keystonenetplatform.co,120,Austin,US,2026-06-05 02:41:06
2026-06-05,ERP,OrbitOrder Core,1-872-415-7752,contact@orbitordercore.com,https://www.orbitordercore.com,337,Atlanta,US,2026-06-05 04:05:55
2026-06-05,HR,Ridge CultureTech,+18852666468,sales@ridgeculturetech.com,https://www.ridgeculturetech.com,48,Boston,US,2026-06-05 04:48:48
2026-06-05,MSP Platform,SilverNet Works,+13725883400,contact@silvernetworks.com,https://www.silvernetworks.com,15,Melbourne,AU,2026-06-05 04:45:30
2026-06-05,Medical,FalconClinicSync,1-737-406-5659,info@falconclinicsync.com,https://falconclinicsync.com,34,Dublin,IE,2026-06-05 03:33:01
2026-06-05,ERP,VistaBatchPoint,1-220-438-2608,info@vistabatchpoint.com,https://www.vistabatchpoint.com,65,Boston,US,2026-06-05 06:10:28
2026-06-05,Legal,XenonBriefDesk,397-911-0747,info@xenonbriefdesk.io,https://www.xenonbriefdesk.io,3839,Melbourne,AU,2026-06-05 04:34:05
2026-06-05,Medical,AtlasClinic Desk,728-750-1070,hello@atlasclinicdesk.com,https://atlasclinicdesk.com,52,Atlanta,US,2026-06-05 05:37:15
2026-06-05,HR,Apex CultureLogic,(452) 659-6849,sales@apexculturelogic.com,https://apexculturelogic.com,1108,Pune,IN,2026-06-05 06:41:16
2026-06-05,LMS,OrbitCourse Systems,(355) 694-6178,hello@orbitcoursesystems.co,https://www.orbitcoursesystems.co,24,Chicago,US,2026-06-05 06:11:06
2026-06-05,HR,AtlasBenefit Works,2779477609,contact@atlasbenefitworks.io,https://www.atlasbenefitworks.io,29,Tampa,US,2026-06-05 05:06:20
2026-06-05,MSP Platform,Meta TicketDesk,1-348-878-9611,info@metaticketdesk.com,https://www.metaticketdesk.com,15,Seattle,US,2026-06-05 03:23:14
2026-06-05,MSP Platform,RapidTicketLabs,975-783-9422,hello@rapidticketlabs.com,https://rapidticketlabs.com,112,Denver,US,2026-06-05 03:34:08
2026-06-05,HR,Granite RosterDesk,(566) 679-2100 ext. 99,sales@graniterosterdesk.co,https://www.graniterosterdesk.co,48,Chicago,US,2026-06-05 05:50:22
2026-06-05,HR,BrightTéam Core,1-536-256-5171,info@brightteamcore.com,https://www.brightteamcore.com,793,London,UK,2026-06-05 01:10:09
2026-06-05,HR,LatticeShift Core,652.640.3951,sales@latticeshiftcore.com,latticeshiftcore.com,6,Phoenix,US,2026-06-05 01:42:23
2026-06-05,Medical,ZephyrCareLogic,+18179790107,sales@zephyrcarelogic.com,https://www.zephyrcarelogic.com,348,London,UK,2026-06-05 01:50:41
2026-06-05,Medical,QuantumHealthDesk,325-457-3870,contact@quantumhealthdesk.co,https://quantumhealthdesk.co,494,Chicago,US,2026-06-05 03:26:35
2026-06-05,MSP Platform,Rapid NodeLabs,(975) 501-7488,sales@rapidnodelabs.com,https://www.rapidnodelabs.com,23,Seattle,US,2026-06-05 06:13:51
2026-06-05,Medical,Solid ClinicSphere,(288) 669-5744 ext. 61,contact@solidclinicsphere.com,https://www.solidclinicsphere.com,90,Atlanta,US,2026-06-05 04:58:31
2026-06-05,ERP,Umbra BatchWorks,591-559-9055,hello@umbrabatchworks.net,https://www.umbrabatchworks.net,70,Tampa,US,2026-06-05 04:45:44
2026-06-05,Medical,KeystonePulseLogic,(434) 241-9834,info@keystonepulselogic.com,https://www.keystonepulselogic.com,49,N/A,DE,2026-06-05 02:40:49
2026-06-05,HR,Nova ShiftPlatform,+17688850437,hello@novashiftplatform.com,https://www.novashiftplatform.com,16,Sydney,AU,2026-06-05 04:38:43
2026-06-05,LMS,Onyx QuizFlow,7738554342,info@onyxquizflow.net,onyxquizflow.net,269,Tampa,US,2026-06-05 05:55:22
2026-06-05,ERP,EmberOps’s Point,+13823511641,sales@emberopspoint.com,https://www.emberopspoint.com,5,Lahore,PK,2026-06-05 02:41:12
2026-06-05,MSP Platform,VertexPatchHub,501-793-4388,sales@vertexpatchhub.net,https://www.vertexpatchhub.net,217,Berlin,DE,2026-06-05 02:55:28
2026-06-05,Medical,VistaCare Logic,3398565225,hello@vistacarelogic.com,https://www.vistacarelogic.com,58,Calgary,CA,2026-06-05 05:50:04
2026-06-05,Medical,Ridge ClinicSync,9614520557,contact@ridgeclinicsync.net,ridgeclinicsync.net,3241,Bengaluru,IN,2026-06-05 01:24:31
2026-06-05,HR,Willow Shift Consultants,08616502714,sales@willowshiftconsultants.net,willowshiftconsultants.net,15,Vancouver,CA,2026-06-05 04:12:50
2026-06-05,ERP,SableStockSuite,+13979513667,sales@sablestocksuite.co,https://www.sablestocksuite.co,463,Austin,US,2026-06-05 01:07:53
2026-06-05,HR,Vertex CultureApp,321-392-4856,hello@vertexcultureapp.com,https://vertexcultureapp.com,17,Dublin,IE,2026-06-05 02:50:13
2026-06-05,Legal,FusionVerdict Core,+12842756617,sales@fusionverdictcore.com,https://fusionverdictcore.com,15,Amsterdam,NL,2026-06-05 05:00:06
2026-06-05,HR,AltaPeopleTech,+1 (956) 469-6038 ext. 97,hello@altapeopletech.com,https://www.altapeopletech.com,26,Raleigh,US,2026-06-05 05:37:25
2026-06-05,MSP Platform,IndigoRemote Tech,383-904-9336,sales@indigoremotetech.com,https://indigoremotetech.com,957,Toronto,CA,2026-06-05 04:20:00
2026-06-05,Medical,ClearVital Logic,620-305-1715,contact@clearvitallogic.com,https://clearvitallogic.com,720,Columbus,US,2026-06-05 05:43:05
2026-06-05,ERP,BeaconChain Dynamics,395-726-7007,contact@beaconchaindynamics.io,https://beaconchaindynamics.io,61,Boston,US,2026-06-05 03:50:55
2026-06-05,HR,ArchTalentSphere,(487) 588-2510,hello@archtalentsphere.io,https://www.archtalentsphere.io,157,Hyderabad,IN,2026-06-05 01:23:02
2026-06-05,HR,Omni TalentSystems,7609691572 ext. 4,sales@omnitalentsystems.com,https://www.omnitalentsystems.com,37,Seattle,US,2026-06-05 06:23:39
2026-06-05,Legal,Omni VerdictDesk,7076613295,hello@omniverdictdesk.com,https://omniverdictdesk.com,21,Denver,US,2026-06-05 06:37:56
2026-06-05,Legal,Quartz BriefPoint,7995188395,sales@quartzbriefpoint.com,https://www.quartzbriefpoint.com,71,Boston,US,2026-06-05 03:37:33
2026-06-05,HR,PrimePeople Works,204.626.6813,sales@primepeopleworks.io,https://www.primepeopleworks.io,43,Seattle,US,2026-06-05 06:34:48
2026-06-05,Medical,Nova MedDesk,731-817-1478,hello@novameddesk.co,https://www.novameddesk.co,13,Toronto,CA,2026-06-05 02:24:20
2026-06-05,Legal,NorthCase Dynamics,+19706619864,sales@northcasedynamics.com,https://www.northcasedynamics.com,10,Denver,US,2026-06-05 03:25:28
2026-06-05,ERP,VistaBatch Hub,1-976-285-1920,hello@vistabatchhub.io,https://www.vistabatchhub.io,19,Amsterdam,NL,2026-06-05 05:31:26
2026-06-05,Medical,Mosaic VitalWorks,2957350800,contact@mosaicvitalworks.com,https://www.mosaicvitalworks.com,192,Pune,IN,2026-06-05 03:50:35
2026-06-05,ERP,BrightOrder Dynamics,+1 (909) 543-2329,sales@brightorderdynamics.io,brightorderdynamics.io,20,Austin,US,2026-06-05 02:15:12
2026-06-05,HR,MetaShift Tech,(420) 919-2071,contact@metashifttech.com,https://metashifttech.com,3956,Raleigh,US,2026-06-05 06:02:22
2026-06-05,Legal,AtlasBriefPoint,+12837621038,sales@atlasbriefpoint.com,https://www.atlasbriefpoint.com,77,Islamabad,PK,2026-06-05 03:18:50
2026-06-05,ERP,Willow ChainPlatform,+1 (730) 969-6106,hello@willowchainplatform.io,https://www.willowchainplatform.io,29,Toronto,CA,2026-06-05 06:25:26
2026-06-05,HR,Core PayrollDesk,+18884747213,sales@corepayrolldesk.io,https://www.corepayrolldesk.io,15,Phoenix,US,2026-06-05 04:14:00
2026-06-05,ERP,BeaconPlan Cloud,864-327-3055,info@beaconplancloud.com,beaconplancloud.com,218,Munich,DE,2026-06-05 05:17:58
2026-06-05,MSP Platform,XenonNodeTech,1-673-781-2733,sales@xenonnodetech.com,xenonnodetech.com,4159,Karachi,PK,2026-06-05 03:34:01
2026-06-05,ERP,FalconForgePlatform,920-329-0065,info@falconforgeplatform.io,falconforgeplatform.io,112,Atlanta,US,2026-06-05 01:02:59
2026-06-05,Medical,Silver PatientSphere,(263) 301-8735,hello@silverpatientsphere.io,silverpatientsphere.io,114,Leeds,UK,2026-06-05 02:52:49
2026-06-05,HR,AnchorPeopleTech,(532) 992-5258,sales@anchorpeopletech.io,https://www.anchorpeopletech.io,null,Phoenix,US,2026-06-05 05:38:22
2026-06-05,Legal,EmberVerdictWorks,9562776126 ext. 67,contact@emberverdictworks.co,https://www.emberverdictworks.co,14,Austin,US,2026-06-05 01:00:25
2026-06-05,HR,PivotRoster Platform,+15686758343,sales@pivotrosterplatform.com,https://www.pivotrosterplatform.com,49,Phoenix,US,2026-06-05 03:50:47
2026-06-05,Legal,Falcon LawApp,544-372-9484,hello@falconlawapp.com,https://www.falconlawapp.com,44,N/A,US,2026-06-05 03:03:02
2026-06-05,ERP,Orbit LedgerBase,+19077111613,hello@orbitledgerbase.io,orbitledgerbase.io,12,Denver,US,2026-06-05 06:41:21
2026-06-05,Medical,RapidHealthSoft,(615) 550-5522,info@rapidhealthsoft.com,https://rapidhealthsoft.com,4633,Chicago,US,2026-06-05 02:27:10
2026-06-05,Medical,Meta VitalCloud,+18536617870,sales@metavitalcloud.com,https://www.metavitalcloud.com,136,Hyderabad,IN,2026-06-05 02:15:39
2026-06-05,HR,TidalShiftSolutions,+14413229694,info@tidalshiftsolutions.io,https://www.tidalshiftsolutions.io,2897,Berlin,DE,2026-06-05 02:44:03
2026-06-05,Medical,OmniMedSoft,+16313542237,info@omnimedsoft.com,https://www.omnimedsoft.com,499,Pune,IN,2026-06-05 03:57:02
2026-06-05,ERP,LatticePlan Suite,9039608231,hello@latticeplansuite.io,https://www.latticeplansuite.io,10,Hyderabad,IN,2026-06-05 02:59:10
2026-06-05,ERP,Ember BatchBase,466-946-3427 ext. 35,hello@emberbatchbase.io,https://www.emberbatchbase.io,8,Denver,US,2026-06-05 04:38:26
2026-06-05,Medical,TrueHealthSystems,(920) 999-5072,info@truehealthsystems.com,truehealthsystems.com,48,Sydney,AU,2026-06-05 02:58:41
2026-06-05,ERP,GraniteResourcePoint,828-438-6096,info@graniteresourcepoint.com,graniteresourcepoint.com,67,Chicago,US,2026-06-05 01:54:12
2026-06-05,Medical,MosaicVital Point,701-591-6683,hello@mosaicvitalpoint.com,https://www.mosaicvitalpoint.com,,Seattle,US,2026-06-05 03:29:24
2026-06-05,MSP Platform,GraniteStack Core,1-319-859-2458,contact@granitestackcore.com,granitestackcore.com,79,Karachi,PK,2026-06-05 01:37:31
2026-06-05,Medical,Meta TriageSphere,680-499-5423,info@metatriagesphere.com,https://www.metatriagesphere.com,95,Boston,US,2026-06-05 06:06:45
2026-06-05,MSP Platform,IndigoStack’s Solutions,635-967-6452,contact@indigostacksolutions.net,https://www.indigostacksolutions.net,46,Atlanta,US,2026-06-05 05:00:56
2026-06-05,HR,BeaconOnboardBase,491-373-6711,info@beacononboardbase.com,https://www.beacononboardbase.com,181,Seattle,US,2026-06-05 01:49:33
2026-06-05,Legal,FalconCounsel Desk,8532506234 ext. 47,hello@falconcounseldesk.com,https://www.falconcounseldesk.com,11,Lahore,PK,2026-06-05 03:33:09
2026-06-05,MSP Platform,ClearEndpointLogic,9368945002,contact@clearendpointlogic.co,https://www.clearendpointlogic.co,920,Amsterdam,NL,2026-06-05 02:29:32
2026-06-05,Medical,QuartzPulse Hub,696-431-9446,sales@quartzpulsehub.io,https://quartzpulsehub.io,3149,Tampa,US,2026-06-05 03:56:02
2026-06-05,HR,Quantum CultureTech,944.659.9771,sales@quantumculturetech.com,https://quantumculturetech.com,43,Bengaluru,IN,2026-06-05 02:56:01
2026-06-05,Legal,Halo CounselFlow,(835) 625-1561,info@halocounselflow.net,https://halocounselflow.net,13,Atlanta,US,2026-06-05 06:53:55
2026-06-05,MSP Platform,TidalNode Tech,468.678.2417 ext. 54,info@tidalnodetech.io,tidalnodetech.io,67,Manchester,UK,2026-06-05 01:48:30
2026-06-05,MSP Platform,FalconMonitorPlatform,+1 (898) 211-2066,hello@falconmonitorplatform.com,https://www.falconmonitorplatform.com,25,Boston,US,2026-06-05 06:49:39
2026-06-05,MSP Platform,Pioneer TicketWorks,1-563-642-6419,info@pioneerticketworks.com,https://www.pioneerticketworks.com,119,Manchester,UK,2026-06-05 02:51:41
2026-06-05,MSP Platform,Quantum MonitorCore,1-974-683-7160,contact@quantummonitorcore.com,https://www.quantummonitorcore.com,315,Austin,US,2026-06-05 01:05:24
2026-06-05,MSP Platform,Ridgeway GridHub,968.990.2452,contact@ridgewaygridhub.io,https://www.ridgewaygridhub.io,132,Bengaluru,IN,2026-06-05 01:33:37
2026-06-05,ERP,Quartz ForgeSync,+17489147147,hello@quartzforgesync.com,https://quartzforgesync.com,413,Sydney,AU,2026-06-05 06:59:29
2026-06-05,Legal,Ember CompliSphere,510-858-3426,info@embercomplisphere.com,embercomplisphere.com,18,Boston,US,2026-06-05 05:51:41
2026-06-05,HR,Quartz RosterSolutions,+15208125078,hello@quartzrostersolutions.com,quartzrostersolutions.com,50,Denver,US,2026-06-05 05:51:51
2026-06-05,Legal,OnyxLawCore,(432) 286-2621,info@onyxlawcore.io,https://www.onyxlawcore.io,136,Dublin,IE,2026-06-05 06:21:11
2026-06-05,HR,Ridge PerformHub,9056827584,hello@ridgeperformhub.co,https://ridgeperformhub.co,9,Pune,IN,2026-06-05 05:38:02
2026-06-05,MSP Platform,UmbraPatchFlow,(240) 214-2831,contact@umbrapatchflow.com,https://www.umbrapatchflow.com,185,N/A,US,2026-06-05 06:37:40
2026-06-05,Medical,True PulseSystems,530.999.7852 ext. 44,sales@truepulsesystems.com,https://www.truepulsesystems.com,42,Chicago,US,2026-06-05 02:05:35
2026-06-05,ERP,ClearLedger Tech,1-757-512-0133,contact@clearledgertech.com,https://www.clearledgertech.com,38,Phoenix,US,2026-06-05 01:24:58
2026-06-05,ERP,LatticeChain Soft,669-445-5807,hello@latticechainsoft.com,latticechainsoft.com,41,Denver,US,2026-06-05 02:17:12
2026-06-05,LMS,Clear LearnSync,567.270.6852,hello@clearlearnsync.io,https://clearlearnsync.io,18,Phoenix,US,2026-06-05 01:34:17
2026-06-05,Legal,Arch CompliCore,+16986798478,hello@archcomplicore.io,https://www.archcomplicore.io,13,Phoenix,US,2026-06-05 04:03:33
2026-06-05,Medical,CorePulse Suite,(719) 335-0802,contact@corepulsesuite.io,https://www.corepulsesuite.io,49,Atlanta,US,2026-06-05 04:04:02
2026-06-05,MSP Platform,Xenon NodeCore,256.290.9314,hello@xenonnodecore.com,https://xenonnodecore.com,40,Vancouver,CA,2026-06-05 03:43:25
2026-06-05,Legal,BeaconFilingLabs,+1 (736) 970-6016,sales@beaconfilinglabs.co,https://www.beaconfilinglabs.co,8,Raleigh,US,2026-06-05 05:17:25
2026-06-05,HR,ZephyrCulture Point,+14845274708,contact@zephyrculturepoint.com,zephyrculturepoint.com,26,Vancouver,CA,2026-06-05 01:25:41
2026-06-05,MSP Platform,SableTicketSync,1-657-642-2646,contact@sableticketsync.com,https://sableticketsync.com,9,Singapore,SG,2026-06-05 03:16:10
2026-06-05,Medical,NorthClinic Solutions,+16582741853,info@northclinicsolutions.io,https://northclinicsolutions.io,15,Columbus,US,2026-06-05 03:26:23
2026-06-05,HR,Meta ShiftPoint,209-240-1435,hello@metashiftpoint.com,https://www.metashiftpoint.com,17,Vancouver,CA,2026-06-05 03:02:51
2026-06-05,Medical,Crown PulseFlow,+19157337212,contact@crownpulseflow.com,https://crownpulseflow.com,29,Tampa,US,2026-06-05 03:51:27
2026-06-05,HR,IndigoOnboardPoint,1-505-855-8497,contact@indigoonboardpoint.com,https://www.indigoonboardpoint.com,92,Leeds,UK,2026-06-05 05:45:41
2026-06-05,MSP Platform,Quantum RemoteSoft,940.546.9420,info@quantumremotesoft.net,https://quantumremotesoft.net,49,Raleigh,US,2026-06-05 03:38:45
2026-06-05,Legal,Raven FilingDesk,6366546613 ext. 12,sales@ravenfilingdesk.net,https://www.ravenfilingdesk.net,3341,Raleigh,US,2026-06-05 05:54:46
2026-06-05,HR,UmbraPayrollBase,(514) 493-9392,sales@umbrapayrollbase.io,umbrapayrollbase.io,251,Tampa,US,2026-06-05 04:54:45
2026-06-05,LMS,IronRoster Tech,723-338-0848,info@ironrostertech.com,https://ironrostertech.com,364,Chicago,US,2026-06-05 06:04:20
2026-06-05,HR,BoldPeopleDesk,+1 (754) 625-4220,sales@boldpeopledesk.co,boldpeopledesk.co,948,Tampa,US,2026-06-05 02:58:05
2026-06-05,MSP Platform,Crest NodeTech,(693) 229-2147,info@crestnodetech.com,https://crestnodetech.com,1736,Chicago,US,2026-06-05 03:32:57
2026-06-05,ERP,Bold PlanTech,(875) 785-8563,contact@boldplantech.com,https://boldplantech.com,47,Tampa,US,2026-06-05 02:45:16
2026-06-05,Legal,LatticeFiling Flow,(456) 612-7829,sales@latticefilingflow.com,https://latticefilingflow.com,402,Amsterdam,NL,2026-06-05 02:54:15
2026-06-05,ERP,BoldForge Works,351-881-6488 ext. 95,hello@boldforgeworks.net,https://www.boldforgeworks.net,533,Raleigh,US,2026-06-05 06:11:32
2026-06-05,ERP,Clear StockDesk,6995196783,sales@clearstockdesk.com,https://www.clearstockdesk.com,33,Austin,US,2026-06-05 01:05:49
2026-06-05,Medical,Summit CareWorks,+1 (503) 918-9184,hello@summitcareworks.io,https://www.summitcareworks.io,647,Chicago,US,2026-06-05 01:25:18
2026-06-05,LMS,SableCoursePlatform,515.678.5867,info@sablecourseplatform.io,https://www.sablecourseplatform.io,192,Chicago,US,2026-06-05 05:21:38
2026-06-05,MSP Platform,VeloEndpoint Labs,921-418-5071,hello@veloendpointlabs.com,https://veloendpointlabs.com,91,Tampa,US,2026-06-05 05:25:35
2026-06-05,Legal,ZephyrVerdict Works,+12628741188,hello@zephyrverdictworks.com,https://zephyrverdictworks.com,5,Sydney,AU,2026-06-05 03:02:13
2026-06-05,Medical,Willow CarePoint,541-366-7738,info@willowcarepoint.com,https://www.willowcarepoint.com,89,Manchester,UK,2026-06-05 04:34:00
2026-06-05,LMS,CrestMentorLogic,860.879.6193,sales@crestmentorlogic.com,https://www.crestmentorlogic.com,68,Boston,US,2026-06-05 02:16:00
2026-06-05,ERP,Harbor StockSync,(771) 580-4615,sales@harborstocksync.io,https://harborstocksync.io,35,Phoenix,US,2026-06-05 05:32:07
2026-06-05,MSP Platform,RapidStackHub,206-665-3343,info@rapidstackhub.com,https://www.rapidstackhub.com,22,London,UK,2026-06-05 06:43:18
2026-06-05,HR,SolidShiftPlatform,+12657330154,info@solidshiftplatform.co,solidshiftplatform.co,655,Phoenix,US,2026-06-05 06:57:28
2026-06-05,ERP,QuartzStockApp,416-996-4152,sales@quartzstockapp.com,quartzstockapp.com,46,Manchester,UK,2026-06-05 03:13:02
2026-06-05,MSP Platform,OrbitStackDynamics,773-567-9969,-,https://www.orbitstackdynamics.io,60,null,US,2026-06-05 05:30:20
2026-06-05,Medical,Xenon CareApp,1-271-996-0096,info@xenoncareapp.com,https://www.xenoncareapp.com,3445,Bengaluru,IN,2026-06-05 06:37:17
2026-06-05,Legal,OmniFilingApp,+15502349453,contact@omnifilingapp.io,https://www.omnifilingapp.io,7,Dublin,IE,2026-06-05 05:37:55
2026-06-05,Legal,Zen VerdictDesk,+13417075281,sales@zenverdictdesk.io,https://zenverdictdesk.io,308,Dublin,IE,2026-06-05 01:27:22
2026-06-05,ERP,CrownForge Cloud,(382) 970-7291 ext. 30,sales@crownforgecloud.co,https://crownforgecloud.co,266,Austin,US,2026-06-05 05:00:36
2026-06-05,HR,TidalOnboard Point,(670) 892-1353,sales@tidalonboardpoint.io,https://www.tidalonboardpoint.io,339,Denver,US,2026-06-05 05:30:39
2026-06-05,Legal,CedarLawBase,+13473903412,null,https://cedarlawbase.com,339,Dublin,IE,2026-06-05 04:51:31
2026-06-05,Legal,HaloMatterApp,4753108983,sales@halomatterapp.net,https://halomatterapp.net,417,Atlanta,US,2026-06-05 01:22:42
2026-06-05,HR,Zen Team Manpower Services,9128981441,contact@zenteammanpowerservices.com,https://zenteammanpowerservices.com,481,Denver,US,2026-06-05 03:01:33
2026-06-05,HR,NorthPerform Hub,(461) 481-4672,hello@northperformhub.co,https://www.northperformhub.co,30,Vancouver,CA,2026-06-05 04:10:54
2026-06-05,ERP,Sable ChainFlow,(349) 858-1650,sales@sablechainflow.io,https://www.sablechainflow.io,88,Vancouver,CA,2026-06-05 02:34:46
2026-06-05,MSP Platform,CobaltEndpoint Desk,+15492076333,contact@cobaltendpointdesk.com,https://www.cobaltendpointdesk.com,121,Calgary,CA,2026-06-05 06:04:37
2026-06-05,HR,VeloBenefitSync,1-937-868-1251 ext. 53,hello@velobenefitsync.com,https://www.velobenefitsync.com,84,Chicago,US,2026-06-05 02:27:52
2026-06-05,ERP,VistaOrderSuite’s,+12976185811,contact@vistaordersuite.com,https://www.vistaordersuite.com,37,Raleigh,US,2026-06-05 06:00:38
2026-06-05,HR,TidalShift Sphere,+1 (834) 925-7377,contact@tidalshiftsphere.com,tidalshiftsphere.com,4108,Pune,IN,2026-06-05 02:00:37
2026-06-05,LMS,Lattice CoursePlatform,+12524779437,contact@latticecourseplatform.io,latticecourseplatform.io,817,Manchester,UK,2026-06-05 06:24:38
2026-06-05,Legal,QuantumCaseSoft,(280) 471-0176 ext. 31,hello@quantumcasesoft.co,https://www.quantumcasesoft.co,478,Tampa,US,2026-06-05 04:16:06
2026-06-05,Medical,Polaris HealthDynamics,+16814483179,info@polarishealthdynamics.com,https://www.polarishealthdynamics.com,498,Melbourne,AU,2026-06-05 04:39:44
2026-06-05,HR,Raven ShiftHub,+16007288201,contact@ravenshifthub.net,https://ravenshifthub.net,4444,Seattle,US,2026-06-05 01:49:02
2026-06-05,ERP,SableOrderPoint,957.611.9550,hello@sableorderpoint.com,sableorderpoint.com,98,Atlanta,US,2026-06-05 05:08:37
2026-06-05,Medical,IronTriage Desk,(454) 255-3882,N/A,https://www.irontriagedesk.com,24,Chicago,US,2026-06-05 05:36:27
2026-06-05,Medical,RidgeMedWorks,645.783.4160,hello@ridgemedworks.com,https://www.ridgemedworks.com,799,Manchester,UK,2026-06-05 05:44:46
2026-06-05,MSP Platform,TruePatchCore,319.244.6456,info@truepatchcore.net,truepatchcore.net,,Amsterdam,NL,2026-06-05 06:36:20
2026-06-05,ERP,Granite ForgeBase,566-841-5282,sales@graniteforgebase.io,graniteforgebase.io,10,Raleigh,US,2026-06-05 02:53:41
2026-06-05,ERP,ApexOrder Logic,404-931-6352,contact@apexorderlogic.com,https://apexorderlogic.com,38,Calgary,CA,2026-06-05 05:21:26
2026-06-05,Medical,PivotMed Sync,+1 (956) 660-0329,info@pivotmedsync.com,https://pivotmedsync.com,4636,Austin,US,2026-06-05 04:10:16
2026-06-05,HR,ZephyrTalentLogic,(386) 600-0165,info@zephyrtalentlogic.com,https://zephyrtalentlogic.com,47,Chicago,US,2026-06-05 03:28:57
2026-06-05,Legal,ApexFiling Tech,758-657-0519,,https://www.apexfilingtech.co,22,Phoenix,US,2026-06-05 04:04:35
2026-06-05,ERP,Halo PlanDynamics,743.251.9912 ext. 38,info@haloplandynamics.com,https://www.haloplandynamics.com,64,Austin,US,2026-06-05 04:39:32
2026-06-05,Legal,Mosaic LawCore,721-258-9185,hello@mosaiclawcore.com,https://www.mosaiclawcore.com,129,Boston,US,2026-06-05 05:46:51
2026-06-05,Legal,CrestStockSoft,791-904-6505,sales@creststocksoft.com,creststocksoft.com,51,Sydney,AU,2026-06-05 04:19:57
2026-06-05,ERP,Anchor FinDesk,934.235.9388,sales@anchorfindesk.com,https://www.anchorfindesk.com,3483,Seattle,US,2026-06-05 04:48:51
2026-06-05,ERP,Pivot ChainLabs,+19746105672,hello@pivotchainlabs.net,https://pivotchainlabs.net,4046,Denver,US,2026-06-05 04:23:26
2026-06-05,Medical,Mosaic TriageHub,3352143441 ext. 27,hello@mosaictriagehub.com,https://mosaictriagehub.com,240,Seattle,US,2026-06-05 01:26:24
2026-06-05,MSP Platform,RavenGrid Suite,674-357-8453,hello@ravengridsuite.io,https://www.ravengridsuite.io,89,Boston,US,2026-06-05 02:09:07
2026-06-05,HR,Silver CultureSoft,1-209-725-0743,info@silverculturesoft.com,https://silverculturesoft.com,159,Melbourne,AU,2026-06-05 04:31:33
2026-06-05,MSP Platform,PrimePatchDesk,832-803-5180,hello@primepatchdesk.co,primepatchdesk.co,616,Phoenix,US,2026-06-05 04:21:13
2026-06-05,MSP Platform,Bold’s UptimeTech,+1 (736) 289-3139,contact@bolduptimetech.com,https://www.bolduptimetech.com,6,Sydney,AU,2026-06-05 01:49:34
2026-06-05,Medical,Polaris PulsePoint,979-411-1459,hello@polarispulsepoint.net,https://www.polarispulsepoint.net,-,Columbus,US,2026-06-05 01:52:16
2026-06-05,Medical,RavenPulseTech,720-807-9283,info@ravenpulsetech.io,https://ravenpulsetech.io,749,Atlanta,US,2026-06-05 05:44:48
2026-06-05,Medical,ArchTriageSync,+17809220106,sales@archtriagesync.com,https://www.archtriagesync.com,18,Seattle,US,2026-06-05 02:27:46
2026-06-05,MSP Platform,CrownNode Labs,+12868317405,contact@crownnodelabs.net,https://www.crownnodelabs.net,6,Hyderabad,IN,2026-06-05 04:16:37
2026-06-05,MSP Platform,Quantum StackSphere,726-277-7156,hello@quantumstacksphere.io,https://www.quantumstacksphere.io,850,Tampa,US,2026-06-05 04:42:14
2026-06-05,Medical,QuartzRxPlatform,346-566-8998,info@quartzrxplatform.com,quartzrxplatform.com,985,Manchester,UK,2026-06-05 04:04:42
2026-06-05,LMS,OnyxLearnWorks,9602924691,hello@onyxlearnworks.io,https://onyxlearnworks.io,17,Atlanta,US,2026-06-05 06:14:39
2026-06-05,ERP,SolidOps Core,288-894-6052,hello@solidopscore.io,https://solidopscore.io,111,Amsterdam,NL,2026-06-05 01:09:05
2026-06-05,HR,RavenCultureSoft,334-781-9560,sales@ravenculturesoft.co,ravenculturesoft.co,321,Columbus,US,2026-06-05 04:20:54
2026-06-05,Legal,TidalLawHub,+14674236612,contact@tidallawhub.io,https://www.tidallawhub.io,8,Amsterdam,NL,2026-06-05 01:17:01
2026-06-05,Medical,AtlasHealth Sphere,748-690-9346,hello@atlashealthsphere.net,https://www.atlashealthsphere.net,22,Vancouver,CA,2026-06-05 06:56:21
2026-06-05,MSP Platform,OmniNet Soft,448.329.8471,info@omninetsoft.com,https://omninetsoft.com,519,Seattle,US,2026-06-05 04:49:30
2026-06-05,HR,RavenRoster Suite,(426) 481-6707,sales@ravenrostersuite.io,ravenrostersuite.io,201,Tampa,US,2026-06-05 04:54:55
2026-06-05,ERP,OmniFin Logic,7319614558,N/A,https://www.omnifinlogic.io,50,Manchester,UK,2026-06-05 03:11:23
2026-06-05,HR,Crest RosterTech,1-391-524-1364,sales@crestrostertech.com,https://crestrostertech.com,,Austin,US,2026-06-05 02:13:42
2026-06-05,Legal,CrownDocketDesk,1-808-441-6971,hello@crowndocketdesk.com,https://www.crowndocketdesk.com,7,Sydney,AU,2026-06-05 05:01:38
2026-06-05,Medical,Sable Care Recruiting,(599) 933-6207,info@sablecarerecruiting.io,sablecarerecruiting.io,69,Berlin,DE,2026-06-05 05:33:37
2026-06-05,HR,GraniteOnboard Logic,543-623-6771,contact@graniteonboardlogic.com,graniteonboardlogic.com,489,Columbus,US,2026-06-05 03:29:24
2026-06-05,ERP,Nimbus’s OpsWorks,09386132453,sales@nimbusopsworks.com,https://www.nimbusopsworks.com,26,Calgary,CA,2026-06-05 04:28:21
2026-06-05,ERP,PrimeForge Soft,+15555805340,info@primeforgesoft.io,https://www.primeforgesoft.io,500,Boston,US,2026-06-05 06:24:37
2026-06-05,Legal,OmniDocketLabs,1-525-412-0551 ext. 48,info@omnidocketlabs.com,https://omnidocketlabs.com,48,Bengaluru,IN,2026-06-05 01:16:38
2026-06-05,HR,OmniBenefit Dynamics,410-321-4518,sales@omnibenefitdynamics.net,https://www.omnibenefitdynamics.net,6,Melbourne,AU,2026-06-05 04:32:19
2026-06-05,ERP,MosaicForgeFlow,373-894-9821,info@mosaicforgeflow.co,https://www.mosaicforgeflow.co,75,Atlanta,US,2026-06-05 06:48:00
2026-06-05,ERP,Golden PlanSoft,(396) 741-2457,info@goldenplansoft.com,https://www.goldenplansoft.com,18,Seattle,US,2026-06-05 01:18:24
2026-06-05,Legal,EmberClause Logic,797-974-1281 ext. 81,hello@emberclauselogic.com,https://www.emberclauselogic.com,90,Raleigh,US,2026-06-05 02:09:01
2026-06-05,Legal,AnchorLawWorks,1-773-614-4681,info@anchorlawworks.com,https://www.anchorlawworks.com,26,Calgary,CA,2026-06-05 02:40:23
2026-06-05,HR,TrueTalent Desk,(875) 748-7409 ext. 82,contact@truetalentdesk.com,https://truetalentdesk.com,61,Munich,DE,2026-06-05 02:00:41
2026-06-05,LMS,IndigoTutor Works,(604) 513-0614,info@indigotutorworks.io,https://indigotutorworks.io,32,Dublin,IE,2026-06-05 03:43:55
2026-06-05,ERP,XenonForgeApp,653.765.9899,contact@xenonforgeapp.net,https://www.xenonforgeapp.net,67,Raleigh,US,2026-06-05 05:11:46
2026-06-05,MSP Platform,RapidRemote Point,(714) 201-2871,info@rapidremotepoint.com,rapidremotepoint.com,35,Dublin,IE,2026-06-05 05:20:38
2026-06-05,MSP Platform,Juniper GridCloud,(431) 743-2753,contact@junipergridcloud.com,https://junipergridcloud.com,25,Denver,US,2026-06-05 03:51:31
2026-06-05,HR,True PayrollTech,1-979-762-1649,sales@truepayrolltech.com,https://truepayrolltech.com,323,Denver,US,2026-06-05 06:15:35
2026-06-05,MSP Platform,BluePatch Soft,(936) 628-0025,contact@bluepatchsoft.com,https://www.bluepatchsoft.com,2003,Tampa,US,2026-06-05 01:04:32
2026-06-05,MSP Platform,True MonitorHub,576.313.3956,sales@truemonitorhub.net,https://www.truemonitorhub.net,240,Atlanta,US,2026-06-05 03:17:34
2026-06-05,Medical,Blue HealthTech,7163714397,sales@bluehealthtech.com,https://www.bluehealthtech.com,956,Dublin,IE,2026-06-05 06:09:32
2026-06-05,Legal,UmbraDocket Point,(769) 304-3972,hello@umbradocketpoint.io,https://www.umbradocketpoint.io,29,Raleigh,US,2026-06-05 06:17:19
2026-06-05,ERP,JuniperResourceSystems,(362) 263-3478,contact@juniperresourcesystems.com,https://www.juniperresourcesystems.com,209,Calgary,CA,2026-06-05 04:58:43
2026-06-05,ERP,Bold OpsFlow,+1 (489) 619-9002,sales@boldopsflow.com,https://www.boldopsflow.com,109,Phoenix,US,2026-06-05 03:09:12
2026-06-05,HR,GoldenPeoplePoint,+1 (276) 307-4145,contact@goldenpeoplepoint.com,https://www.goldenpeoplepoint.com,37,Denver,US,2026-06-05 05:28:50
2026-06-05,Medical,VistaVitalSoft,+18622825588,sales@vistavitalsoft.com,https://www.vistavitalsoft.com,128,London,UK,2026-06-05 01:14:31
2026-06-05,LMS,Anchor LessonPoint,+13939157429,hello@anchorlessonpoint.com,anchorlessonpoint.com,11,Singapore,SG,2026-06-05 04:05:49
2026-06-05,ERP,VeloLedger Cloud,(865) 321-7641,hello@veloledgercloud.io,https://www.veloledgercloud.io,41,Raleigh,US,2026-06-05 02:48:31
2026-06-05,HR,RavenRosterPoint,8115178673,hello@ravenrosterpoint.co,https://www.ravenrosterpoint.co,3546,Singapore,SG,2026-06-05 03:19:36
2026-06-05,HR,ApexRoster App,395.465.9656,sales@apexrosterapp.io,https://www.apexrosterapp.io,21,Denver,US,2026-06-05 02:12:47
2026-06-05,HR,NorthTalent Hub,(982) 402-3397,info@northtalenthub.com,https://www.northtalenthub.com,230,Austin,US,2026-06-05 03:34:06
2026-06-05,MSP Platform,RidgePatch Base,1-202-394-6448,contact@ridgepatchbase.com,https://www.ridgepatchbase.com,75,Seattle,US,2026-06-05 05:25:35
2026-06-05,Medical,BoldVitalApp,865-746-3219,contact@boldvitalapp.com,boldvitalapp.com,19,Denver,US,2026-06-05 03:25:49
2026-06-05,ERP,PivotOrder Sync,(706) 399-5468,info@pivotordersync.com,https://www.pivotordersync.com,217,Phoenix,US,2026-06-05 02:43:01
2026-06-05,HR,BlueShift Core,(663) 988-3248,contact@blueshiftcore.com,blueshiftcore.com,58,Sydney,AU,2026-06-05 01:37:00
2026-06-05,Legal,IndigoMatterPlatform,370-264-0672,hello@indigomatterplatform.com,https://www.indigomatterplatform.com,356,Denver,US,2026-06-05 01:57:16
2026-06-05,MSP Platform,SableRemoteTech,+1 (474) 220-4790,info@sableremotetech.io,sableremotetech.io,1771,Atlanta,US,2026-06-05 02:50:36
2026-06-05,Medical,OmniRx’s App,+14382937030,N/A,omnirxapp.com,34,Denver,US,2026-06-05 05:07:23
2026-06-05,ERP,UmbraResourceCloud,4096452732,sales@umbraresourcecloud.com,https://www.umbraresourcecloud.com,731,Berlin,DE,2026-06-05 06:17:05
2026-06-05,Medical,TrueRx Systems,+13407793770,hello@truerxsystems.co,https://www.truerxsystems.co,18,Denver,US,2026-06-05 05:22:38
2026-06-05,MSP Platform,LumenEndpoint App,03047249955,hello@lumenendpointapp.com,https://www.lumenendpointapp.com,1937,Sydney,AU,2026-06-05 06:32:16
2026-06-05,Legal,Apex FilingWorks,+16964440042,contact@apexfilingworks.io,https://apexfilingworks.io,908,Melbourne,AU,2026-06-05 03:28:23
2026-06-05,Legal,DeltaCompliPoint,783-825-1116,sales@deltacomplipoint.io,https://deltacomplipoint.io,12,Seattle,US,2026-06-05 06:44:49
2026-06-05,MSP Platform,ApexRemote’s Desk,827-340-8606,hello@apexremotedesk.com,https://www.apexremotedesk.com,62,Dublin,IE,2026-06-05 02:58:58
2026-06-05,HR,Polaris Payroll Talent Agency,+12717584359,contact@polarispayrolltalentagency.io,https://www.polarispayrolltalentagency.io,11,null,US,2026-06-05 05:31:45
2026-06-05,HR,Quartz TeamBase,(790) 651-8976,hello@quartzteambase.io,https://www.quartzteambase.io,497,Boston,US,2026-06-05 06:13:52
2026-06-05,Legal,AltaBriefSystems,3387059131,sales@altabriefsystems.net,https://www.altabriefsystems.net,68,Seattle,US,2026-06-05 04:33:27
2026-06-05,Medical,CobaltHealth Systems,(843) 202-9053,contact@cobalthealthsystems.com,https://www.cobalthealthsystems.com,185,Phoenix,US,2026-06-05 02:06:45
2026-06-05,ERP,MetaFin Desk,3873052261,hello@metafindesk.com,metafindesk.com,45,Chicago,US,2026-06-05 04:59:56
2026-06-05,LMS,RavenTrain Point,395.239.5341,sales@raventrainpoint.io,https://www.raventrainpoint.io,659,Chicago,US,2026-06-05 05:53:48
2026-06-05,Legal,BrightMatter Cloud,07576406921,sales@brightmattercloud.io,https://www.brightmattercloud.io,18,Phoenix,US,2026-06-05 02:24:59
2026-06-05,Legal,CrownFilingCore,+12106844591,info@crownfilingcore.com,https://crownfilingcore.com,33,London,UK,2026-06-05 04:55:57
2026-06-05,Legal,AltaLawWorks,+17047321806,info@altalawworks.com,altalawworks.com,192,Phoenix,US,2026-06-05 06:36:53
2026-06-05,ERP,Ridgeway Plan Talent Agency,744-241-6488,hello@ridgewayplantalentagency.io,https://www.ridgewayplantalentagency.io,156,Atlanta,US,2026-06-05 04:13:20
2026-06-05,HR,Velo ShiftLogic,+15046972692,info@veloshiftlogic.com,https://www.veloshiftlogic.com,15,Columbus,US,2026-06-05 04:41:41
2026-06-05,MSP Platform,PolarisGridPlatform,08108365661,hello@polarisgridplatform.co,https://www.polarisgridplatform.co,271,Leeds,UK,2026-06-05 02:02:34
2026-06-05,ERP,BrightOps’s Works,(520) 850-5380,sales@brightopsworks.com,https://brightopsworks.com,-,Vancouver,CA,2026-06-05 04:38:37
2026-06-05,Legal,CoreMatter Suite,1-263-354-7666,contact@coremattersuite.co,https://www.coremattersuite.co,8,Phoenix,US,2026-06-05 05:32:40
2026-06-05,ERP,NimbusResource Dynamics,(896) 437-9802,info@nimbusresourcedynamics.io,https://www.nimbusresourcedynamics.io,41,Toronto,CA,2026-06-05 01:02:27
2026-06-05,Medical,CoreTriage Logic,505-432-1409,sales@coretriagelogic.io,https://www.coretriagelogic.io,24,Austin,US,2026-06-05 02:00:33
2026-06-05,MSP Platform,BeaconPatch Sync,+1 (529) 786-7585,contact@beaconpatchsync.com,https://beaconpatchsync.com,null,Dublin,IE,2026-06-05 06:55:45
2026-06-05,ERP,FusionFinCore,+19396600578,info@fusionfincore.io,https://www.fusionfincore.io,36,Calgary,CA,2026-06-05 02:11:41
2026-06-05,Medical,Quantum HealthWorks,256-234-4223,hello@quantumhealthworks.co,https://www.quantumhealthworks.co,38,Calgary,CA,2026-06-05 06:21:47
2026-06-05,ERP,GraniteBatchFlow,+18314716271,contact@granitebatchflow.com,granitebatchflow.com,9,Leeds,UK,2026-06-05 02:05:53
2026-06-05,LMS,BoldQuiz Systems,957-592-8056,sales@boldquizsystems.net,boldquizsystems.net,16,Dublin,IE,2026-06-05 03:25:44
2026-06-05,MSP Platform,FalconUptime Point,358-465-3822,info@falconuptimepoint.net,https://www.falconuptimepoint.net,21,Tampa,US,2026-06-05 04:48:46
2026-06-05,ERP,RidgewayResource Desk,(319) 318-6339,sales@ridgewayresourcedesk.com,https://ridgewayresourcedesk.com,23,null,US,2026-06-05 02:21:07
2026-06-05,MSP Platform,Golden EndpointFlow,(377) 525-3584,sales@goldenendpointflow.com,https://www.goldenendpointflow.com,119,Chicago,US,2026-06-05 05:54:48
2026-06-05,Medical,BlueClinic Solutions,403-833-8587,info@blueclinicsolutions.com,https://blueclinicsolutions.com,8,Seattle,US,2026-06-05 06:27:32
2026-06-05,HR,Granite BenefitPlatform,503-986-9361 ext. 77,info@granitebenefitplatform.com,https://www.granitebenefitplatform.com,17,Denver,US,2026-06-05 01:45:30
2026-06-05,ERP,Onyx OpsWorks,(216) 486-5073,sales@onyxopsworks.com,https://onyxopsworks.com,11,Raleigh,US,2026-06-05 06:40:13
2026-06-05,ERP,AltaFinTech,844.725.7777,contact@altafintech.co,https://www.altafintech.co,324,Phoenix,US,2026-06-05 06:07:58
2026-06-05,MSP Platform,PrimeRemoteSoft,300.242.6727,info@primeremotesoft.com,https://www.primeremotesoft.com,14,Chicago,US,2026-06-05 02:50:47
2026-06-05,LMS,AnchorSkillSuite,525-205-9045,info@anchorskillsuite.com,https://www.anchorskillsuite.com,5,Columbus,US,2026-06-05 04:52:30
2026-06-05,ERP,PrimeChainDesk,+1 (521) 697-9338,hello@primechaindesk.com,https://www.primechaindesk.com,19,Columbus,US,2026-06-05 03:48:04
2026-06-05,Medical,Juniper PulsePoint,945-725-7631 ext. 8,contact@juniperpulsepoint.com,https://www.juniperpulsepoint.com,19,Amsterdam,NL,2026-06-05 04:56:06
2026-06-05,HR,LumenPeople App,411-459-8431,sales@lumenpeopleapp.com,https://www.lumenpeopleapp.com,222,Chicago,US,2026-06-05 05:39:52
2026-06-05,MSP Platform,QuartzNodeDesk,620.883.2923,contact@quartznodedesk.io,https://quartznodedesk.io,78,Atlanta,US,2026-06-05 04:25:48
2026-06-05,Legal,TidalCounselSuite,(352) 230-5291,contact@tidalcounselsuite.co,https://tidalcounselsuite.co,20,Phoenix,US,2026-06-05 01:27:43
2026-06-05,ERP,OrbitStockPoint,858-307-7363,contact@orbitstockpoint.net,https://www.orbitstockpoint.net,98,Phoenix,US,2026-06-05 02:28:09
2026-06-05,Medical,AltaTriage Labs,966-667-1086 ext. 72,info@altatriagelabs.net,https://www.altatriagelabs.net,-,Boston,US,2026-06-05 01:29:57
2026-06-05,Medical,NovaChartFlow,841-371-9310,hello@novachartflow.net,https://novachartflow.net,48,null,CA,2026-06-05 03:02:20
2026-06-05,ERP,RapidResourceLogic,(506) 944-6271,info@rapidresourcelogic.com,https://www.rapidresourcelogic.com,30,Seattle,US,2026-06-05 05:34:04
2026-06-05,LMS,IndigoPath Systems,(851) 591-5182,info@indigopathsystems.io,https://www.indigopathsystems.io,7,Boston,US,2026-06-05 06:52:00
2026-06-05,LMS,CedarPath Core,+15045765727,info@cedarpathcore.co,https://www.cedarpathcore.co,18,Phoenix,US,2026-06-05 02:58:35
2026-06-05,ERP,NovaLedger Desk,681.648.8734,contact@novaledgerdesk.com,https://www.novaledgerdesk.com,985,Columbus,US,2026-06-05 05:54:51
2026-06-05,MSP Platform,RapidPatch Works,5918202328,hello@rapidpatchworks.com,https://www.rapidpatchworks.com,429,Columbus,US,2026-06-05 04:06:20
2026-06-05,Legal,ArchDocket Core,331.653.0002,contact@archdocketcore.io,https://www.archdocketcore.io,62,Chicago,US,2026-06-05 03:15:30
2026-06-05,ERP,Summit OpsLogic,+1 (318) 200-9627,sales@summitopslogic.com,https://summitopslogic.com,12,Tampa,US,2026-06-05 04:26:56
2026-06-05,MSP Platform,FusionNode Sync,749-647-2279,hello@fusionnodesync.io,fusionnodesync.io,952,Atlanta,US,2026-06-05 05:49:09
2026-06-05,Medical,NimbusChart Logic,2525946137,hello@nimbuschartlogic.com,https://www.nimbuschartlogic.com,54,Manchester,UK,2026-06-05 04:32:50
2026-06-05,MSP Platform,ZephyrUptimeSoft,(942) 597-5626,info@zephyruptimesoft.io,zephyruptimesoft.io,403,Raleigh,US,2026-06-05 02:04:17
2026-06-05,HR,RapidCulture Labs,1-686-208-2386,sales@rapidculturelabs.com,https://www.rapidculturelabs.com,20,Denver,US,2026-06-05 06:13:15
2026-06-05,LMS,GraniteQuiz Soft,1-678-499-3542 ext. 9,contact@granitequizsoft.io,https://www.granitequizsoft.io,64,Melbourne,AU,2026-06-05 06:19:22
2026-06-05,ERP,LatticeStockCloud,340-539-3364,-,https://www.latticestockcloud.net,39,Seattle,US,2026-06-05 02:05:25
2026-06-05,ERP,EmberLedger Systems,586-931-5829,hello@emberledgersystems.net,https://www.emberledgersystems.net,168,Columbus,US,2026-06-05 02:21:18
2026-06-05,Legal,Bold FilingDynamics,390-603-9475,sales@boldfilingdynamics.net,https://www.boldfilingdynamics.net,24,Denver,US,2026-06-05 01:26:29
2026-06-05,HR,Golden RosterDynamics,(659) 735-1175,sales@goldenrosterdynamics.io,goldenrosterdynamics.io,307,Dublin,IE,2026-06-05 04:16:32
2026-06-05,MSP Platform,LatticeStackApp,(916) 521-7920,N/A,https://www.latticestackapp.co,2689,Dublin,IE,2026-06-05 04:22:36
2026-06-05,MSP Platform,MetaGrid Sync,09785295872,hello@metagridsync.io,https://www.metagridsync.io,N/A,Atlanta,US,2026-06-05 02:58:44
2026-06-05,LMS,Bright CourseDynamics,(928) 681-9445,contact@brightcoursedynamics.com,https://www.brightcoursedynamics.com,117,Hyderabad,IN,2026-06-05 02:38:27
2026-06-05,HR,LumenTeamPlatform,+13236237274,contact@lumenteamplatform.com,https://www.lumenteamplatform.com,179,Hyderabad,IN,2026-06-05 03:44:07
2026-06-05,HR,RidgeTalent Logic,1-675-851-4241,sales@ridgetalentlogic.com,ridgetalentlogic.com,30,Atlanta,US,2026-06-05 05:55:35
2026-06-05,MSP Platform,BoldStack Base,697-444-4004,contact@boldstackbase.io,boldstackbase.io,489,Bengaluru,IN,2026-06-05 04:51:44
2026-06-05,Medical,Delta ClinicHub,525.435.0186 ext. 7,contact@deltaclinichub.com,https://www.deltaclinichub.com,8,Leeds,UK,2026-06-05 06:30:24
2026-06-05,MSP Platform,FusionMonitorSolutions,552-638-7830,info@fusionmonitorsolutions.com,https://www.fusionmonitorsolutions.com,43,-,US,2026-06-05 04:41:41
2026-06-05,ERP,Juniper OrderDynamics,(540) 651-1672,contact@juniperorderdynamics.com,https://juniperorderdynamics.com,39,Denver,US,2026-06-05 06:49:25
2026-06-05,Medical,Sable HealthLogic,972-430-0409,contact@sablehealthlogic.com,https://www.sablehealthlogic.com,31,Melbourne,AU,2026-06-05 02:35:26
2026-06-05,HR,NorthShiftSoft,1-738-636-4894,sales@northshiftsoft.com,https://northshiftsoft.com,47,Tampa,US,2026-06-05 03:31:17
2026-06-05,HR,North BenefitDesk,+19524955426,info@northbenefitdesk.com,https://www.northbenefitdesk.com,341,Vancouver,CA,2026-06-05 06:19:35
2026-06-05,Medical,Iron ChartPlatform,955.285.9643,sales@ironchartplatform.net,https://www.ironchartplatform.net,235,Columbus,US,2026-06-05 06:12:29
2026-06-05,HR,DeltaBenefit Suite,699-947-3008,contact@deltabenefitsuite.com,https://deltabenefitsuite.com,638,Columbus,US,2026-06-05 03:37:34
2026-06-05,HR,TidalPayrollApp,+1 (506) 412-6022,contact@tidalpayrollapp.com,https://www.tidalpayrollapp.com,-,Phoenix,US,2026-06-05 05:38:00
2026-06-05,ERP,Blue Fin Outsourcing,+15799303907,info@bluefinoutsourcing.co,https://www.bluefinoutsourcing.co,234,Seattle,US,2026-06-05 01:02:34
2026-06-05,HR,IndigoOnboard Labs,245-242-2382,sales@indigoonboardlabs.com,https://www.indigoonboardlabs.com,236,Atlanta,US,2026-06-05 06:31:42
2026-06-05,Medical,RidgeRx Systems,+12109623448,contact@ridgerxsystems.net,https://ridgerxsystems.net,50,Raleigh,US,2026-06-05 05:31:14
2026-06-05,Legal,VeloCompliCloud,523-941-1169,hello@velocomplicloud.io,https://velocomplicloud.io,28,Chicago,US,2026-06-05 01:11:37
2026-06-05,LMS,Raven TutorApp,5614504944 ext. 11,null,https://www.raventutorapp.io,495,Phoenix,US,2026-06-05 01:04:36
2026-06-05,ERP,GoldenStockLogic,(733) 557-6386,info@goldenstocklogic.com,https://www.goldenstocklogic.com,9,Chicago,US,2026-06-05 02:07:11
2026-06-05,Medical,RapidTriage Desk,762-471-1788,hello@rapidtriagedesk.com,https://www.rapidtriagedesk.com,34,London,UK,2026-06-05 01:29:43
2026-06-05,ERP,QuantumResource Hub,+16308272664,info@quantumresourcehub.com,https://www.quantumresourcehub.com,2283,Amsterdam,NL,2026-06-05 01:46:26
2026-06-05,ERP,Mosaic StockHub,(392) 430-6714,contact@mosaicstockhub.com,mosaicstockhub.com,518,Tampa,US,2026-06-05 01:55:47
2026-06-05,ERP,Xenon ResourceSystems,+1 (570) 412-4676,hello@xenonresourcesystems.co,https://www.xenonresourcesystems.co,27,Tampa,US,2026-06-05 05:25:32
2026-06-05,MSP Platform,ZenUptimeSphere,+19097025136,info@zenuptimesphere.com,https://www.zenuptimesphere.com,17,Pune,IN,2026-06-05 06:49:58
2026-06-05,Legal,LatticeDocket Logic,5475146964,-,https://latticedocketlogic.com,158,Singapore,SG,2026-06-05 04:14:05
2026-06-05,ERP,QuantumResourceHub,1-464-548-6101,contact@quantumresourcehub.com,quantumresourcehub.com,44,Chicago,US,2026-06-05 01:53:04
2026-06-05,Legal,Rapid DocketPoint,9532082233,sales@rapiddocketpoint.co,https://www.rapiddocketpoint.co,58,Austin,US,2026-06-05 04:57:11
2026-06-05,Legal,OrbitCounselTech,678-787-9802,contact@orbitcounseltech.com,orbitcounseltech.com,14,Chicago,US,2026-06-05 03:40:43
2026-06-05,ERP,ZenFinSystems,+1 (209) 680-4042,sales@zenfinsystems.com,zenfinsystems.com,409,Manchester,UK,2026-06-05 03:03:01
2026-06-05,Medical,ApexCare Dynamics,(978) 865-3914,sales@apexcaredynamics.com,https://apexcaredynamics.com,93,London,UK,2026-06-05 05:04:40
2026-06-05,Medical,Rapid PatientCore,1-877-565-6911,hello@rapidpatientcore.com,https://www.rapidpatientcore.com,10,London,UK,2026-06-05 05:34:05
2026-06-05,HR,Alta PerformCloud,372-772-9728,hello@altaperformcloud.com,https://www.altaperformcloud.com,387,Seattle,US,2026-06-05 01:01:16
2026-06-05,HR,Zen PerformPoint,401.749.6402,hello@zenperformpoint.com,https://www.zenperformpoint.com,154,Chicago,US,2026-06-05 06:39:13
2026-06-05,Medical,BlueVitalLogic,+19879961981,info@bluevitallogic.com,https://www.bluevitallogic.com,12,Bengaluru,IN,2026-06-05 01:04:53
2026-06-05,MSP Platform,ClearTicketCloud,+15907107402,hello@clearticketcloud.com,https://clearticketcloud.com,9,Denver,US,2026-06-05 01:43:23
2026-06-05,ERP,PioneerChain Labs,384.533.1971,null,https://pioneerchainlabs.io,1239,Atlanta,US,2026-06-05 01:25:31
2026-06-05,HR,Quartz Culture Manpower Services,653-640-3734,contact@quartzculturemanpowerservices.io,https://quartzculturemanpowerservices.io,90,Phoenix,US,2026-06-05 01:55:48
2026-06-05,MSP Platform,Blue NodeFlow,810-881-2148,sales@bluenodeflow.com,https://www.bluenodeflow.com,44,Toronto,CA,2026-06-05 06:18:52
2026-06-05,Legal,CedarMatter Base,1-363-523-3630,contact@cedarmatterbase.com,cedarmatterbase.com,233,Raleigh,US,2026-06-05 03:57:18
2026-06-05,HR,SableBenefit Soft,269.663.1967,info@sablebenefitsoft.io,https://www.sablebenefitsoft.io,20,Denver,US,2026-06-05 01:36:46
2026-06-05,ERP,HaloBatch Flow,+1 (488) 502-0362,sales@halobatchflow.co,https://www.halobatchflow.co,42,Seattle,US,2026-06-05 02:43:44
2026-06-05,Medical,Arch Pulse Staffing,880-905-1480,sales@archpulsestaffing.io,https://www.archpulsestaffing.io,289,Atlanta,US,2026-06-05 03:08:30
2026-06-05,HR,Crest RosterWorks,(281) 941-6872 ext. 47,contact@crestrosterworks.com,https://www.crestrosterworks.com,43,Amsterdam,NL,2026-06-05 04:06:03
2026-06-05,HR,Blue TalentPoint,+15733113418,info@bluetalentpoint.com,https://bluetalentpoint.com,11,Denver,US,2026-06-05 04:50:14
2026-06-05,ERP,BrightPlanApp,647-350-8977 ext. 32,info@brightplanapp.io,brightplanapp.io,199,Dublin,IE,2026-06-05 06:29:44
2026-06-05,ERP,PrimeFin Soft,+15932181793,hello@primefinsoft.com,https://www.primefinsoft.com,14,Leeds,UK,2026-06-05 01:28:52
2026-06-05,ERP,Silver LedgerSuite,+1 (818) 570-2881,info@silverledgersuite.io,https://www.silverledgersuite.io,218,Leeds,UK,2026-06-05 05:11:30
2026-06-05,HR,IronRoster Soft,(555) 249-3830 ext. 95,hello@ironrostersoft.net,https://ironrostersoft.net,13,Singapore,SG,2026-06-05 01:02:52
2026-06-05,Medical,Ridgeway CareTech,385-962-6397,sales@ridgewaycaretech.com,https://www.ridgewaycaretech.com,31,Amsterdam,NL,2026-06-05 01:35:12
2026-06-05,HR,Cobalt RosterSphere,+17886919391,hello@cobaltrostersphere.com,https://www.cobaltrostersphere.com,17,Chicago,US,2026-06-05 01:28:52
2026-06-05,Medical,EmberTriageCloud,343.695.1218,hello@embertriagecloud.net,https://www.embertriagecloud.net,473,Phoenix,US,2026-06-05 03:51:13
2026-06-05,HR,CedarRosterSphere,3603542689,info@cedarrostersphere.com,https://www.cedarrostersphere.com,31,London,UK,2026-06-05 05:12:57
2026-06-05,HR,Willow TeamSolutions,732.415.9084,hello@willowteamsolutions.com,willowteamsolutions.com,6,Seattle,US,2026-06-05 01:30:27
2026-06-05,ERP,Crest Chain BPO Services,(881) 656-6590,hello@crestchainbposervices.co,crestchainbposervices.co,35,Raleigh,US,2026-06-05 06:54:39
2026-06-05,ERP,XenonChain Solutions,528-394-7056,info@xenonchainsolutions.co,https://xenonchainsolutions.co,62,Chicago,US,2026-06-05 02:08:47
2026-06-05,HR,WillowTalent Logic,(387) 390-1647,sales@willowtalentlogic.com,https://www.willowtalentlogic.com,4899,Columbus,US,2026-06-05 01:18:04
2026-06-05,ERP,ZenOrder Works,523.634.4410,contact@zenorderworks.net,zenorderworks.net,493,Denver,US,2026-06-05 06:34:43
2026-06-05,MSP Platform,ApexRemoteApp,(347) 437-0749,info@apexremoteapp.io,https://apexremoteapp.io,420,Chicago,US,2026-06-05 01:43:09
2026-06-05,MSP Platform,AnchorEndpoint Sphere,3264182182,hello@anchorendpointsphere.com,https://www.anchorendpointsphere.com,550,Columbus,US,2026-06-05 06:04:45
2026-06-05,Medical,SummitChart Sphere,6266327266,sales@summitchartsphere.com,https://www.summitchartsphere.com,12,Manchester,UK,2026-06-05 04:21:51
2026-06-05,HR,Crest BenefitSystems,(812) 371-8899,-,https://www.crestbenefitsystems.io,69,Boston,US,2026-06-05 06:24:15
2026-06-05,ERP,Lumen ChainSoft,07387579527,contact@lumenchainsoft.net,https://www.lumenchainsoft.net,1365,Chicago,US,2026-06-05 01:19:09
2026-06-05,ERP,OnyxResourceBase,+18967797278,hello@onyxresourcebase.co,https://www.onyxresourcebase.co,192,Pune,IN,2026-06-05 02:53:42
2026-06-05,MSP Platform,DeltaMonitorSync,(397) 926-0072,contact@deltamonitorsync.net,deltamonitorsync.net,7,Columbus,US,2026-06-05 06:09:37
2026-06-05,Legal,SableMatterDynamics,05206175093,,https://sablematterdynamics.com,93,Boston,US,2026-06-05 03:53:16
2026-06-05,Medical,Zen OpsDynamics,+18404938922,sales@zenopsdynamics.com,https://zenopsdynamics.com,14,Phoenix,US,2026-06-05 03:09:58
2026-06-05,Medical,Raven ChartLogic,8549992331,sales@ravenchartlogic.io,https://www.ravenchartlogic.io,12,Denver,US,2026-06-05 04:49:25
2026-06-05,ERP,GoldenOrder Hub,+14507325289,info@goldenorderhub.com,https://goldenorderhub.com,177,Austin,US,2026-06-05 02:00:08
2026-06-05,ERP,Golden StockBase,754-918-1947,sales@goldenstockbase.io,goldenstockbase.io,38,Chicago,US,2026-06-05 06:01:16
2026-06-05,HR,BoldTalent Systems,(409) 839-9144,contact@boldtalentsystems.co,https://boldtalentsystems.co,30,Berlin,DE,2026-06-05 05:38:32
2026-06-05,MSP Platform,Solid StackLabs,+1 (986) 569-0841,info@solidstacklabs.com,https://www.solidstacklabs.com,976,Austin,US,2026-06-05 05:47:33
2026-06-05,LMS,Arch LessonSuite,423.577.7695,sales@archlessonsuite.io,https://archlessonsuite.io,51,Boston,US,2026-06-05 05:55:49
2026-06-05,HR,RidgeRosterSphere,1-731-364-6786,contact@ridgerostersphere.net,https://www.ridgerostersphere.net,256,Phoenix,US,2026-06-05 02:43:53
2026-06-05,Legal,Onyx DocketBase,423-685-9879,info@onyxdocketbase.com,https://onyxdocketbase.com,40,Islamabad,PK,2026-06-05 02:32:59
2026-06-05,Legal,NorthLaw Systems,+17835951129,info@northlawsystems.com,https://northlawsystems.com,42,Lahore,PK,2026-06-05 03:17:39
2026-06-05,Medical,Cobalt HealthSystems,+13405342364,sales@cobalthealthsystems.com,https://cobalthealthsystems.com,321,Chicago,US,2026-06-05 05:36:56
2026-06-05,ERP,TidalChainHub,+1 (643) 908-4871,info@tidalchainhub.com,https://tidalchainhub.com,239,Austin,US,2026-06-05 03:11:14
2026-06-05,Medical,SummitChart Desk,(840) 736-1677,hello@summitchartdesk.com,summitchartdesk.com,765,Boston,US,2026-06-05 06:21:24
2026-06-05,MSP Platform,KeystoneRemoteDesk,+19174218173 ext. 9,hello@keystoneremotedesk.io,https://www.keystoneremotedesk.io,38,Boston,US,2026-06-05 03:00:35
2026-06-05,LMS,KeystoneCourse Flow,+15493005368,info@keystonecourseflow.com,https://keystonecourseflow.com,19,Sydney,AU,2026-06-05 03:57:32
2026-06-05,ERP,CedarFinFlow,451-289-4976,info@cedarfinflow.com,https://www.cedarfinflow.com,4537,Vancouver,CA,2026-06-05 05:07:22
2026-06-05,Medical,ZenRxSync,8882036666,hello@zenrxsync.net,https://www.zenrxsync.net,31,Boston,US,2026-06-05 04:28:28
2026-06-05,ERP,JuniperChain Labs,+15399624622,contact@juniperchainlabs.io,https://www.juniperchainlabs.io,89,Tampa,US,2026-06-05 05:47:28
2026-06-05,ERP,Keystone OrderLabs,+18195125201 ext. 89,hello@keystoneorderlabs.co,https://www.keystoneorderlabs.co,9,Lahore,PK,2026-06-05 03:55:58
2026-06-05,HR,Crown BenefitTech,845-272-3983,contact@crownbenefittech.com,https://www.crownbenefittech.com,8,Denver,US,2026-06-05 04:21:25
2026-06-05,ERP,FusionOrderCore,522.304.7834,hello@fusionordercore.io,https://www.fusionordercore.io,180,Phoenix,US,2026-06-05 02:20:27
2026-06-05,ERP,LumenForgePlatform,8369686844,sales@lumenforgeplatform.com,https://lumenforgeplatform.com,383,Pune,IN,2026-06-05 04:43:35
2026-06-05,HR,RidgeBenefit Solutions,932.819.2759,sales@ridgebenefitsolutions.com,https://www.ridgebenefitsolutions.com,712,Columbus,US,2026-06-05 05:31:57
2026-06-05,Medical,NovaTriage Labs,(664) 998-6413,hello@novatriagelabs.com,https://novatriagelabs.com,36,Raleigh,US,2026-06-05 01:48:20
2026-06-05,HR,Raven TalentFlow,+19708429317,contact@raventalentflow.co,https://www.raventalentflow.co,150,Boston,US,2026-06-05 02:21:29
2026-06-05,LMS,Cobalt LearnHub,514-421-6294,hello@cobaltlearnhub.com,https://www.cobaltlearnhub.com,174,Atlanta,US,2026-06-05 01:13:07
2026-06-05,ERP,Crown PlanSync,1-479-209-4627,sales@crownplansync.com,https://crownplansync.com,67,Singapore,SG,2026-06-05 04:03:20
2026-06-05,ERP,Nimbus FinApp,275.386.9168,hello@nimbusfinapp.net,https://www.nimbusfinapp.net,54,Atlanta,US,2026-06-05 05:35:27
2026-06-05,Medical,QuantumRx Flow,966-430-8415,sales@quantumrxflow.io,https://www.quantumrxflow.io,46,Seattle,US,2026-06-05 02:15:20
2026-06-05,Legal,BoldMatter Labs,+18695886450 ext. 54,contact@boldmatterlabs.com,boldmatterlabs.com,35,Austin,US,2026-06-05 02:58:09
2026-06-05,HR,Silver Team Staffing,9659862115,hello@silverteamstaffing.com,https://silverteamstaffing.com,7,Tampa,US,2026-06-05 05:11:34
2026-06-05,Medical,TidalMedSync,904-869-0862,hello@tidalmedsync.net,https://www.tidalmedsync.net,482,Atlanta,US,2026-06-05 06:24:08
2026-06-05,Medical,BrightRx Desk,(286) 730-8476,hello@brightrxdesk.co,https://www.brightrxdesk.co,N/A,Phoenix,US,2026-06-05 04:34:26
2026-06-05,HR,LumenTalent Solutions,+14384955153,contact@lumentalentsolutions.net,https://www.lumentalentsolutions.net,92,London,UK,2026-06-05 04:14:36
2026-06-05,ERP,Umbra ResourceBase,(246) 665-5185,hello@umbraresourcebase.com,https://www.umbraresourcebase.com,,Austin,US,2026-06-05 02:51:06
2026-06-05,MSP Platform,MosaicUptime Systems,(627) 420-6456,sales@mosaicuptimesystems.co,https://www.mosaicuptimesystems.co,563,Calgary,CA,2026-06-05 04:39:01
2026-06-05,Medical,OrbitMedDesk,1-221-683-7037,contact@orbitmeddesk.com,https://www.orbitmeddesk.com,35,Chicago,US,2026-06-05 03:27:39
2026-06-05,ERP,VistaFin Soft,691-758-0461,sales@vistafinsoft.net,https://www.vistafinsoft.net,20,Leeds,UK,2026-06-05 06:44:59
2026-06-05,Medical,SolidHealth Hub,+1 (297) 539-3103,contact@solidhealthhub.com,https://solidhealthhub.com,14,Denver,US,2026-06-05 05:27:35
2026-06-05,HR,SummitBenefitLogic,957-385-2227,sales@summitbenefitlogic.io,https://www.summitbenefitlogic.io,231,Toronto,CA,2026-06-05 01:28:51
2026-06-05,Medical,MosaicCare App,947-392-6667,,https://www.mosaiccareapp.io,23,Seattle,US,2026-06-05 05:32:28
2026-06-05,Medical,PivotRx Tech,07518321802,sales@pivotrxtech.net,https://www.pivotrxtech.net,473,Munich,DE,2026-06-05 04:37:59
2026-06-05,ERP,RidgeBatchHub,(322) 535-7652,hello@ridgebatchhub.co,ridgebatchhub.co,8,Sydney,AU,2026-06-05 04:07:11
2026-06-05,MSP Platform,LatticeMonitorLogic,771-462-2994,hello@latticemonitorlogic.com,latticemonitorlogic.com,17,Phoenix,US,2026-06-05 06:02:00
2026-06-05,Medical,NovaHealth Desk,(640) 735-6991,sales@novahealthdesk.com,https://www.novahealthdesk.com,-,Denver,US,2026-06-05 02:05:37
2026-06-05,HR,IronCulture Platform,519.300.1857,hello@ironcultureplatform.com,https://www.ironcultureplatform.com,811,Toronto,CA,2026-06-05 06:30:25
2026-06-05,LMS,Halo SkillHub,815-232-7462,info@haloskillhub.co,https://www.haloskillhub.co,99,Lahore,PK,2026-06-05 01:29:52
2026-06-05,ERP,Juniper LedgerHub,+16798467560,contact@juniperledgerhub.co,https://juniperledgerhub.co,120,Dublin,IE,2026-06-05 05:26:47
2026-06-05,HR,NovaRosterLogic,297-635-4365,hello@novarosterlogic.com,https://www.novarosterlogic.com,341,Denver,US,2026-06-05 05:49:33
2026-06-05,HR,UmbraPayroll Desk,+1 (323) 698-6282,hello@umbrapayrolldesk.com,https://www.umbrapayrolldesk.com,20,Calgary,CA,2026-06-05 01:57:38
2026-06-05,MSP Platform,EmberStackHub,208-710-5017,info@emberstackhub.net,https://emberstackhub.net,395,Berlin,DE,2026-06-05 04:53:33
2026-06-05,ERP,Core OpsDynamics,781-227-1667,sales@coreopsdynamics.io,https://coreopsdynamics.io,195,Boston,US,2026-06-05 02:54:02
2026-06-05,Medical,BoldClinic Platform,1-213-230-0009 ext. 52,hello@boldclinicplatform.co,https://www.boldclinicplatform.co,452,Berlin,DE,2026-06-05 03:47:30
2026-06-05,Medical,Mosaic ClinicDesk,+1 (954) 342-3474,sales@mosaicclinicdesk.io,https://mosaicclinicdesk.io,42,Melbourne,AU,2026-06-05 06:09:28
2026-06-05,ERP,SilverOrderDynamics,+1 (311) 436-2017,info@silverorderdynamics.net,https://www.silverorderdynamics.net,6,Tampa,US,2026-06-05 06:40:20
2026-06-05,ERP,IndigoOpsSync,+17524123878,info@indigoopssync.com,https://www.indigoopssync.com,5,Seattle,US,2026-06-05 02:26:30
2026-06-05,MSP Platform,VertexEndpointLogic,(396) 351-3666,sales@vertexendpointlogic.com,https://www.vertexendpointlogic.com,492,Sydney,AU,2026-06-05 04:56:38
2026-06-05,Legal,Apex LawLogic,+18684848973,sales@apexlawlogic.io,https://www.apexlawlogic.io,56,Chicago,US,2026-06-05 03:13:50
2026-06-05,Legal,RavenBriefPoint,383.268.3125,info@ravenbriefpoint.co,ravenbriefpoint.co,11,Tampa,US,2026-06-05 05:05:35
2026-06-05,ERP,Silver Plan BPO Services,7838330379,sales@silverplanbposervices.com,https://www.silverplanbposervices.com,58,Denver,US,2026-06-05 01:52:51
2026-06-05,Legal,Lattice DocketSoft,+1 (800) 964-3789,contact@latticedocketsoft.com,https://www.latticedocketsoft.com,69,null,US,2026-06-05 04:19:52
2026-06-05,MSP Platform,BeaconRemoteFlow,+18568317649,sales@beaconremoteflow.io,https://www.beaconremoteflow.io,208,Denver,US,2026-06-05 02:17:57
2026-06-05,MSP Platform,KeystoneEndpoint App,(765) 627-5654,contact@keystoneendpointapp.io,https://www.keystoneendpointapp.io,13,Dublin,IE,2026-06-05 06:41:33
2026-06-05,HR,ZenBenefitCloud’s,768.861.5407,hello@zenbenefitcloud.net,https://www.zenbenefitcloud.net,20,Seattle,US,2026-06-05 04:37:49
2026-06-05,ERP,Bright ChainLabs,5116654192 ext. 9,sales@brightchainlabs.net,https://brightchainlabs.net,5,Boston,US,2026-06-05 02:15:13
2026-06-05,Legal,QuartzFilingFlow,472-404-9845,contact@quartzfilingflow.co,https://www.quartzfilingflow.co,276,Tampa,US,2026-06-05 03:10:36
2026-06-05,MSP Platform,Indigo RemoteLabs,+18548514813 ext. 52,hello@indigoremotelabs.net,https://indigoremotelabs.net,34,Seattle,US,2026-06-05 06:23:37
2026-06-05,MSP Platform,ZenGridCloud,+1 (733) 935-0383,contact@zengridcloud.com,https://zengridcloud.com,380,Austin,US,2026-06-05 04:57:01
2026-06-05,MSP Platform,GoldenEndpoint Cloud,6057526268,info@goldenendpointcloud.com,goldenendpointcloud.com,8,Melbourne,AU,2026-06-05 04:29:06
2026-06-05,ERP,CobaltFinCore,+12648654767,N/A,https://www.cobaltfincore.com,89,Tampa,US,2026-06-05 04:38:06
2026-06-05,ERP,IndigoChain Hub,453.533.0866 ext. 9,hello@indigochainhub.com,https://www.indigochainhub.com,15,Columbus,US,2026-06-05 01:36:23
2026-06-05,Medical,WillowPatient Soft,932-428-0274,sales@willowpatientsoft.com,https://www.willowpatientsoft.com,29,Chicago,US,2026-06-05 03:49:13
2026-06-05,ERP,Mosaic FinLogic,477-269-7981 ext. 45,contact@mosaicfinlogic.co,https://www.mosaicfinlogic.co,272,Leeds,UK,2026-06-05 05:12:22
2026-06-05,HR,Lumen ShiftSystems,+18323158409,hello@lumenshiftsystems.io,https://www.lumenshiftsystems.io,-,Columbus,US,2026-06-05 04:41:14
2026-06-05,ERP,BrightForgeLogic,633.770.7572,contact@brightforgelogic.com,brightforgelogic.com,411,Manchester,UK,2026-06-05 06:55:25
2026-06-05,Legal,ZenClauseDynamics,691-338-9979,hello@zenclausedynamics.com,https://www.zenclausedynamics.com,35,Austin,US,2026-06-05 05:35:41
2026-06-05,Legal,CobaltDocket Cloud,682.452.4327,info@cobaltdocketcloud.io,https://www.cobaltdocketcloud.io,144,Manchester,UK,2026-06-05 02:40:07
2026-06-05,Medical,Ridge PatientLogic,(355) 831-0205,sales@ridgepatientlogic.io,https://ridgepatientlogic.io,16,Raleigh,US,2026-06-05 02:47:45
2026-06-05,MSP Platform,BrightMonitor App,1-804-815-0752 ext. 71,sales@brightmonitorapp.co,https://brightmonitorapp.co,7,Munich,DE,2026-06-05 02:27:04
2026-06-05,HR,AltaTeamSystems,1-757-991-6859,hello@altateamsystems.net,altateamsystems.net,30,Munich,DE,2026-06-05 01:02:42
2026-06-05,MSP Platform,CobaltGrid Sync,(824) 851-6766,hello@cobaltgridsync.co,https://www.cobaltgridsync.co,155,Seattle,US,2026-06-05 02:29:48
2026-06-05,ERP,CoreOrderDesk,972.734.5930,contact@coreorderdesk.com,https://www.coreorderdesk.com,13,Melbourne,AU,2026-06-05 06:23:24
2026-06-05,HR,HarborCulturePlatform,761-727-0084,contact@harborcultureplatform.io,https://www.harborcultureplatform.io,932,Dublin,IE,2026-06-05 05:57:32
2026-06-05,ERP,LatticeForge Soft,413.414.7701,sales@latticeforgesoft.com,https://www.latticeforgesoft.com,8,Atlanta,US,2026-06-05 05:11:55
2026-06-05,MSP Platform,TidalUptime Tech,366-425-4451,hello@tidaluptimetech.co,https://www.tidaluptimetech.co,487,Dublin,IE,2026-06-05 04:15:05
2026-06-05,Legal,WillowMatter Hub,1-317-540-8565,sales@willowmatterhub.com,willowmatterhub.com,10,Boston,US,2026-06-05 03:48:13
2026-06-05,Legal,MosaicLawSystems,+19493023258,contact@mosaiclawsystems.com,https://www.mosaiclawsystems.com,73,London,UK,2026-06-05 06:08:10
2026-06-05,HR,VertexPerformSolutions,1-305-926-1663,hello@vertexperformsolutions.com,https://www.vertexperformsolutions.com,33,Tampa,US,2026-06-05 03:39:29
2026-06-05,HR,Summit PeopleDynamics,740.372.9749,hello@summitpeopledynamics.net,https://www.summitpeopledynamics.net,69,Columbus,US,2026-06-05 05:36:32
2026-06-05,HR,Rapid TalentWorks,297-280-1000,info@rapidtalentworks.net,https://rapidtalentworks.net,497,Manchester,UK,2026-06-05 04:56:44
2026-06-05,LMS,Lumen QuizPlatform,838-859-8980,sales@lumenquizplatform.co,https://www.lumenquizplatform.co,594,Seattle,US,2026-06-05 02:20:07
2026-06-05,ERP,Atlas BatchSuite,+19793868469,info@atlasbatchsuite.io,atlasbatchsuite.io,754,Raleigh,US,2026-06-05 05:47:36
2026-06-05,Medical,RidgePatient Soft,(672) 507-9492,info@ridgepatientsoft.com,https://www.ridgepatientsoft.com,74,Pune,IN,2026-06-05 04:56:16
2026-06-05,Medical,BrightChart Tech,(901) 522-7464,info@brightcharttech.io,https://www.brightcharttech.io,129,Karachi,PK,2026-06-05 03:25:01
2026-06-05,HR,CedarPayrollSolutions,(490) 842-8635 ext. 55,hello@cedarpayrollsolutions.com,https://cedarpayrollsolutions.com,44,Munich,DE,2026-06-05 06:50:49
2026-06-05,Medical,Falcon CareLogic,619-919-0030,sales@falconcarelogic.com,https://www.falconcarelogic.com,32,Toronto,CA,2026-06-05 02:20:37
2026-06-05,Medical,OrbitHealth Base,881-967-1840,info@orbithealthbase.com,https://www.orbithealthbase.com,47,Singapore,SG,2026-06-05 02:22:43
2026-06-05,Medical,Summit ClinicLogic,+19569670711,contact@summitcliniclogic.net,https://www.summitcliniclogic.net,70,Tampa,US,2026-06-05 04:58:58
2026-06-05,Medical,Delta Patient Staffing,+1 (980) 964-8886 ext. 7,hello@deltapatientstaffing.com,deltapatientstaffing.com,10,Boston,US,2026-06-05 06:53:23
2026-06-05,ERP,CedarChainSystems,(502) 882-5340,hello@cedarchainsystems.com,https://www.cedarchainsystems.com,85,Phoenix,US,2026-06-05 06:28:52
2026-06-05,Legal,QuantumCompliHub,642.210.7666 ext. 81,hello@quantumcomplihub.com,https://quantumcomplihub.com,42,-,NL,2026-06-05 06:21:49
2026-06-05,ERP,Atlas PlanPoint,+12207089662,sales@atlasplanpoint.co,https://www.atlasplanpoint.co,368,Berlin,DE,2026-06-05 03:34:31
2026-06-05,Legal,Clear CounselApp,727-851-3577,contact@clearcounselapp.com,https://www.clearcounselapp.com,218,Calgary,CA,2026-06-05 06:29:03
2026-06-05,Legal,EmberBriefApp,207.846.2205,sales@emberbriefapp.io,emberbriefapp.io,422,Manchester,UK,2026-06-05 02:56:32
2026-06-05,ERP,North StockSoft,(741) 555-5796,hello@northstocksoft.com,northstocksoft.com,755,Chicago,US,2026-06-05 05:29:51
2026-06-05,HR,Vertex PerformFlow,+19568648273,hello@vertexperformflow.com,vertexperformflow.com,48,Seattle,US,2026-06-05 02:18:14
2026-06-05,Medical,BrightHealth Solutions,1-525-839-6761,info@brighthealthsolutions.net,https://www.brighthealthsolutions.net,11,Raleigh,US,2026-06-05 02:33:42
2026-06-05,HR,Bright PerformLogic,(319) 487-1519,hello@brightperformlogic.com,brightperformlogic.com,76,Boston,US,2026-06-05 06:40:09
2026-06-05,ERP,Omni FinApp,+1 (253) 678-3869,contact@omnifinapp.com,https://www.omnifinapp.com,30,Denver,US,2026-06-05 01:22:41
2026-06-05,Medical,OmniMed Logic,+17563306020,contact@omnimedlogic.com,https://www.omnimedlogic.com,4710,Dublin,IE,2026-06-05 02:05:45
2026-06-05,MSP Platform,Crest StackHub,762.773.2778,hello@creststackhub.com,https://www.creststackhub.com,327,Seattle,US,2026-06-05 06:11:18
2026-06-05,MSP Platform,Meta RemoteSoft,3488331944,hello@metaremotesoft.io,https://metaremotesoft.io,813,Amsterdam,NL,2026-06-05 05:35:23
2026-06-05,MSP Platform,IronMonitorLogic,(720) 960-9299 ext. 75,sales@ironmonitorlogic.com,https://www.ironmonitorlogic.com,13,Columbus,US,2026-06-05 04:23:46
2026-06-05,Medical,CedarPulse Sphere,835-943-8081,contact@cedarpulsesphere.net,https://www.cedarpulsesphere.net,9,Seattle,US,2026-06-05 04:05:20
2026-06-05,Legal,HarborBrief Core,+1 (443) 977-3318,contact@harborbriefcore.com,https://www.harborbriefcore.com,3305,Chicago,US,2026-06-05 02:12:00
2026-06-05,Medical,OrbitRxDesk,+16957513568,N/A,https://orbitrxdesk.co,116,Dublin,IE,2026-06-05 01:12:24
2026-06-05,ERP,Cobalt StockSuite,(335) 349-3934,contact@cobaltstocksuite.io,https://www.cobaltstocksuite.io,689,Hyderabad,IN,2026-06-05 02:44:18
2026-06-05,ERP,Iron PlanSphere,688.780.7922,sales@ironplansphere.com,https://www.ironplansphere.com,13,Raleigh,US,2026-06-05 03:42:44
2026-06-05,ERP,MosaicChain Hub,(421) 280-3630,info@mosaicchainhub.com,https://www.mosaicchainhub.com,21,Austin,US,2026-06-05 02:49:44
2026-06-05,Legal,IronBriefFlow,5006693995,info@ironbriefflow.io,https://ironbriefflow.io,3030,Manchester,UK,2026-06-05 02:08:47
2026-06-05,ERP,OnyxStockDesk,1-588-661-6635,sales@onyxstockdesk.com,https://onyxstockdesk.com,484,Amsterdam,NL,2026-06-05 04:05:13
2026-06-05,Medical,Alta RxSoft,(383) 542-4285,info@altarxsoft.com,altarxsoft.com,65,Atlanta,US,2026-06-05 03:31:34
2026-06-05,MSP Platform,RidgeEndpoint Sync,+15864429553,contact@ridgeendpointsync.com,https://www.ridgeendpointsync.com,28,Columbus,US,2026-06-05 02:54:36
2026-06-05,HR,ArchPayroll Hub,+15208667639,info@archpayrollhub.co,https://archpayrollhub.co,20,Seattle,US,2026-06-05 04:11:16
2026-06-05,MSP Platform,AnchorNet Flow,+16736340260,contact@anchornetflow.io,anchornetflow.io,29,-,US,2026-06-05 02:38:33
2026-06-05,ERP,LumenPlanSuite,3229275231,info@lumenplansuite.com,https://www.lumenplansuite.com,2867,Denver,US,2026-06-05 05:33:41
2026-06-05,Medical,Xenon PulseSphere,597-826-4551,sales@xenonpulsesphere.com,https://xenonpulsesphere.com,344,Manchester,UK,2026-06-05 06:16:15
2026-06-05,HR,Quartz PayrollSync,(900) 678-0355,contact@quartzpayrollsync.com,https://www.quartzpayrollsync.com,17,London,UK,2026-06-05 01:40:27
2026-06-05,ERP,SolidPlanFlow,903-647-1112,info@solidplanflow.io,https://www.solidplanflow.io,190,London,UK,2026-06-05 02:23:43
2026-06-05,ERP,PrimePlanDesk,(645) 324-6281,sales@primeplandesk.io,https://primeplandesk.io,22,Denver,US,2026-06-05 04:17:31
2026-06-05,LMS,Delta Quiz Recruiting,+12078696810,hello@deltaquizrecruiting.com,deltaquizrecruiting.com,null,Sydney,AU,2026-06-05 01:29:27
2026-06-05,ERP,Golden FinApp,+13868285994 ext. 71,hello@goldenfinapp.com,goldenfinapp.com,1145,Chicago,US,2026-06-05 05:51:39
2026-06-05,LMS,Anchor LessonSuite,+17046169247,sales@anchorlessonsuite.com,https://www.anchorlessonsuite.com,80,Tampa,US,2026-06-05 06:49:35
2026-06-05,Medical,IronPulseCloud,(378) 428-2447 ext. 16,contact@ironpulsecloud.com,https://www.ironpulsecloud.com,659,Chicago,US,2026-06-05 02:57:31
2026-06-05,MSP Platform,Harbor NodeSolutions,+13313557583,hello@harbornodesolutions.com,https://www.harbornodesolutions.com,135,Phoenix,US,2026-06-05 01:06:37
2026-06-05,ERP,SableChain Hub,(574) 986-8468,hello@sablechainhub.com,https://sablechainhub.com,8,Atlanta,US,2026-06-05 04:35:38
2026-06-05,HR,RavenShift Desk,1-984-784-2116,hello@ravenshiftdesk.com,https://www.ravenshiftdesk.com,40,Atlanta,US,2026-06-05 01:04:23
2026-06-05,MSP Platform,Nimbus MonitorCore,637-746-5815,hello@nimbusmonitorcore.com,https://nimbusmonitorcore.com,38,Phoenix,US,2026-06-05 02:49:31
2026-06-05,ERP,QuantumOrder Tech,384-547-0935,info@quantumordertech.com,https://www.quantumordertech.com,48,Sydney,AU,2026-06-05 03:33:09
2026-06-05,Medical,BrightRxSuite’s,538-463-8918,sales@brightrxsuite.com,brightrxsuite.com,475,Boston,US,2026-06-05 05:04:30
2026-06-05,Legal,XenonLawSphere,+13782531118,hello@xenonlawsphere.com,https://www.xenonlawsphere.com,11,Karachi,PK,2026-06-05 01:40:37
2026-06-05,Medical,Juniper TriageDynamics,(886) 745-8543,info@junipertriagedynamics.com,https://www.junipertriagedynamics.com,29,Tampa,US,2026-06-05 05:05:45
2026-06-05,HR,Summit PayrollDynamics,+1 (422) 611-5547,hello@summitpayrolldynamics.com,https://www.summitpayrolldynamics.com,979,Dublin,IE,2026-06-05 01:08:25
2026-06-05,Medical,CrownVital Suite,+1 (356) 708-5795,sales@crownvitalsuite.com,https://www.crownvitalsuite.com,5,Atlanta,US,2026-06-05 05:56:28
2026-06-05,HR,MosaicPayrollCore,+12227231395,info@mosaicpayrollcore.com,https://www.mosaicpayrollcore.com,4921,Austin,US,2026-06-05 02:02:54
2026-06-05,Medical,Granite MedDynamics,+1 (714) 213-5665,sales@granitemeddynamics.com,https://www.granitemeddynamics.com,16,Melbourne,AU,2026-06-05 01:08:40
2026-06-05,Legal,GraniteDocketApp,02953895940,contact@granitedocketapp.io,granitedocketapp.io,133,Tampa,US,2026-06-05 05:47:35
2026-06-05,HR,BlueRoster Flow,1-239-898-8505,sales@bluerosterflow.com,https://bluerosterflow.com,7,Atlanta,US,2026-06-05 01:50:03
2026-06-05,ERP,NorthResourceSync,1-300-521-0173,contact@northresourcesync.com,https://www.northresourcesync.com,1087,Bengaluru,IN,2026-06-05 04:52:38
2026-06-05,ERP,AtlasResourceSync,309-238-4014,sales@atlasresourcesync.co,https://www.atlasresourcesync.co,96,Phoenix,US,2026-06-05 03:39:07
2026-06-05,HR,IronCultureSync,6585572778,contact@ironculturesync.io,https://www.ironculturesync.io,82,London,UK,2026-06-05 05:27:37
2026-06-05,ERP,IndigoResource Flow,1-276-579-2008,contact@indigoresourceflow.com,https://www.indigoresourceflow.com,123,Boston,US,2026-06-05 01:29:16
2026-06-05,LMS,KeystoneCohort Labs,797-262-3950,info@keystonecohortlabs.com,https://www.keystonecohortlabs.com,4968,Vancouver,CA,2026-06-05 01:15:31
2026-06-05,Medical,RavenTriage Soft,+1 (801) 310-6920,sales@raventriagesoft.com,https://www.raventriagesoft.com,401,Raleigh,US,2026-06-05 04:02:55
2026-06-05,Legal,CrownDocket Systems,(246) 326-7090,contact@crowndocketsystems.io,https://crowndocketsystems.io,283,Amsterdam,NL,2026-06-05 01:56:13
2026-06-05,Legal,CedarDocket Dynamics,9045271921,contact@cedardocketdynamics.com,cedardocketdynamics.com,17,Chicago,US,2026-06-05 05:24:59
2026-06-05,Medical,Apex TriageSoft,+16779271855,sales@apextriagesoft.com,https://www.apextriagesoft.com,207,Columbus,US,2026-06-05 06:10:31
2026-06-05,HR,DeltaTalent Core,938-391-9277,info@deltatalentcore.com,https://deltatalentcore.com,17,Manchester,UK,2026-06-05 03:25:43
2026-06-05,ERP,SolidFin Sync,1-379-801-3735,contact@solidfinsync.co,https://www.solidfinsync.co,20,Sydney,AU,2026-06-05 02:26:17
2026-06-05,Medical,Lattice HealthFlow,+16199701765,contact@latticehealthflow.co,https://latticehealthflow.co,171,Austin,US,2026-06-05 01:48:04
2026-06-05,ERP,ZenBatch Soft,(370) 757-4830 ext. 13,hello@zenbatchsoft.net,https://www.zenbatchsoft.net,420,Munich,DE,2026-06-05 01:00:19
2026-06-05,ERP,Keystone BatchSphere,651-267-1704,sales@keystonebatchsphere.io,keystonebatchsphere.io,178,Atlanta,US,2026-06-05 04:20:05
2026-06-05,ERP,HarborPlanFlow,757.329.0689,info@harborplanflow.co,https://www.harborplanflow.co,2621,Boston,US,2026-06-05 05:01:45
2026-06-05,Medical,JuniperVitalSystems,+19778392523,hello@junipervitalsystems.com,https://www.junipervitalsystems.com,82,Tampa,US,2026-06-05 05:27:50
2026-06-05,HR,PolarisPeople Sync,(404) 402-2462,contact@polarispeoplesync.com,https://www.polarispeoplesync.com,151,Columbus,US,2026-06-05 02:50:29
2026-06-05,Medical,GoldenCare Tech,+1 (297) 683-6359,hello@goldencaretech.com,https://www.goldencaretech.com,3999,Dublin,IE,2026-06-05 05:35:52
2026-06-05,MSP Platform,MetaTicket Core,1-596-894-7745,contact@metaticketcore.com,https://metaticketcore.com,10,Austin,US,2026-06-05 02:22:15
2026-06-05,Medical,PioneerMedDesk,444-318-5794,contact@pioneermeddesk.io,https://www.pioneermeddesk.io,206,Calgary,CA,2026-06-05 06:48:10
2026-06-05,Medical,BrightPulse Labs,1-858-593-5429,contact@brightpulselabs.com,https://www.brightpulselabs.com,2980,Melbourne,AU,2026-06-05 02:47:02
2026-06-05,Legal,Indigo CounselPlatform,+1 (481) 568-3239,hello@indigocounselplatform.com,https://www.indigocounselplatform.com,156,Denver,US,2026-06-05 03:47:18
2026-06-05,HR,OmniTalent Base,5304516294 ext. 45,contact@omnitalentbase.com,https://www.omnitalentbase.com,9,Vancouver,CA,2026-06-05 02:07:09
2026-06-05,Medical,Crest PulsePlatform,951.643.2818,hello@crestpulseplatform.com,https://www.crestpulseplatform.com,36,Melbourne,AU,2026-06-05 06:05:31
2026-06-05,Medical,ZenChartLabs,+18125204039,info@zenchartlabs.net,zenchartlabs.net,35,Melbourne,AU,2026-06-05 05:16:47
2026-06-05,HR,HaloPerformLabs,225-966-8650,sales@haloperformlabs.co,https://www.haloperformlabs.co,995,Seattle,US,2026-06-05 01:13:18
2026-06-05,ERP,SilverLedger Desk,799-312-4221,hello@silverledgerdesk.io,https://silverledgerdesk.io,-,Austin,US,2026-06-05 04:56:54
2026-06-05,ERP,AtlasOps Systems,+18599202254,hello@atlasopssystems.com,https://www.atlasopssystems.com,141,Amsterdam,NL,2026-06-05 06:24:37
2026-06-05,MSP Platform,Iron Remote Manpower Services,939-530-6658,info@ironremotemanpowerservices.co,https://www.ironremotemanpowerservices.co,32,Sydney,AU,2026-06-05 03:50:06
2026-06-05,Medical,SableTriageApp,+14513951434,hello@sabletriageapp.com,https://www.sabletriageapp.com,-,Toronto,CA,2026-06-05 04:42:31
2026-06-05,ERP,AltaBatchCloud,+1 (395) 929-8170,hello@altabatchcloud.io,altabatchcloud.io,17,Boston,US,2026-06-05 01:31:42
2026-06-05,HR,PioneerPayroll Sphere,628-922-4536,contact@pioneerpayrollsphere.io,https://pioneerpayrollsphere.io,40,Seattle,US,2026-06-05 06:27:04
2026-06-05,Medical,North TriagePoint,(748) 424-5707,hello@northtriagepoint.com,https://www.northtriagepoint.com,19,Boston,US,2026-06-05 03:44:33
2026-06-05,LMS,Core Cohort Talent Agency,1-239-383-9346 ext. 97,info@corecohorttalentagency.co,https://www.corecohorttalentagency.co,82,Raleigh,US,2026-06-05 03:04:06
2026-06-05,MSP Platform,Quartz NetHub,1-504-551-3476,info@quartznethub.com,quartznethub.com,214,Munich,DE,2026-06-05 05:59:56
2026-06-05,Legal,Clear VerdictTech,+18904473629,contact@clearverdicttech.com,https://www.clearverdicttech.com,283,Toronto,CA,2026-06-05 03:24:36
2026-06-05,HR,MosaicShift Solutions,+18953775211,info@mosaicshiftsolutions.io,https://mosaicshiftsolutions.io,275,Columbus,US,2026-06-05 04:33:49
2026-06-05,Medical,NovaMedPoint,743.333.5336,hello@novamedpoint.io,https://www.novamedpoint.io,442,Denver,US,2026-06-05 04:27:34
2026-06-05,Medical,CrestPulse Platform,479-590-0571,hello@crestpulseplatform.com,crestpulseplatform.com,58,London,UK,2026-06-05 05:47:23
2026-06-05,MSP Platform,RidgewayNode Hub,1-537-625-5317,info@ridgewaynodehub.com,https://ridgewaynodehub.com,11,Chicago,US,2026-06-05 03:45:37
2026-06-05,Medical,Delta ClinicTech,1-690-732-8608,contact@deltaclinictech.io,https://www.deltaclinictech.io,-,Austin,US,2026-06-05 01:09:58
2026-06-05,ERP,UmbraFin Solutions,747-914-3940,N/A,https://umbrafinsolutions.io,358,Seattle,US,2026-06-05 03:03:24
2026-06-05,HR,Ember ShiftPlatform,+18725491258,contact@embershiftplatform.com,https://www.embershiftplatform.com,11,Phoenix,US,2026-06-05 05:45:24
2026-06-05,HR,VertexTeam Platform,531-273-4647,contact@vertexteamplatform.net,https://www.vertexteamplatform.net,34,Calgary,CA,2026-06-05 02:40:50
2026-06-05,Legal,PivotDocketSolutions,581-674-0355,hello@pivotdocketsolutions.net,pivotdocketsolutions.net,67,Austin,US,2026-06-05 04:03:13
2026-06-05,Medical,LatticeMed Tech,(911) 580-8109,sales@latticemedtech.com,https://www.latticemedtech.com,78,Dublin,IE,2026-06-05 05:48:18
2026-06-05,HR,Falcon OnboardLabs,+1 (400) 577-0625,info@falcononboardlabs.com,https://www.falcononboardlabs.com,109,Melbourne,AU,2026-06-05 05:05:39
2026-06-05,ERP,RidgewayOpsSoft,(353) 855-3024 ext. 18,contact@ridgewayopssoft.com,https://ridgewayopssoft.com,13,Leeds,UK,2026-06-05 01:12:54
2026-06-05,ERP,Ember PlanDynamics,(341) 580-9018,hello@emberplandynamics.net,https://www.emberplandynamics.net,874,Columbus,US,2026-06-05 06:24:06
2026-06-05,HR,RidgewayTeam Flow,3248240193,info@ridgewayteamflow.com,https://www.ridgewayteamflow.com,78,Vancouver,CA,2026-06-05 03:12:19
2026-06-05,MSP Platform,Mosaic StackFlow,+15956532815,contact@mosaicstackflow.com,https://www.mosaicstackflow.com,3572,Phoenix,US,2026-06-05 01:06:09
2026-06-05,HR,SummitCultureBase,+14347593885,sales@summitculturebase.com,https://www.summitculturebase.com,231,Atlanta,US,2026-06-05 01:12:27
2026-06-05,Legal,ClearLaw Works,7764261640,contact@clearlawworks.com,https://www.clearlawworks.com,91,Calgary,CA,2026-06-05 04:23:50
2026-06-05,HR,Beacon TalentWorks,710-293-5762,info@beacontalentworks.io,https://www.beacontalentworks.io,3465,Seattle,US,2026-06-05 02:14:00
2026-06-05,Medical,Silver RxSolutions,+15953209368,sales@silverrxsolutions.co,https://silverrxsolutions.co,245,Boston,US,2026-06-05 01:28:17
2026-06-05,ERP,PrimeBatch Systems,(473) 691-2141,hello@primebatchsystems.com,https://www.primebatchsystems.com,46,Chicago,US,2026-06-05 06:53:59
2026-06-05,Medical,Solid PulseSolutions,500.516.8452,sales@solidpulsesolutions.com,https://solidpulsesolutions.com,363,Munich,DE,2026-06-05 01:08:18
2026-06-05,ERP,OnyxPlan Logic,5264785649,hello@onyxplanlogic.com,https://onyxplanlogic.com,113,Lahore,PK,2026-06-05 05:41:04
2026-06-05,Medical,Ember Care Talent Agency,(418) 690-1827,contact@embercaretalentagency.io,https://www.embercaretalentagency.io,246,Columbus,US,2026-06-05 03:43:51
2026-06-05,MSP Platform,AltaNetDesk,(539) 924-8705,info@altanetdesk.com,https://altanetdesk.com,834,Phoenix,US,2026-06-05 04:43:34
2026-06-05,MSP Platform,Nimbus PatchHub,1-551-655-2041,info@nimbuspatchhub.io,https://www.nimbuspatchhub.io,64,Denver,US,2026-06-05 05:32:46
2026-06-05,ERP,Anchor ForgeApp,+1 (888) 511-1344,contact@anchorforgeapp.com,https://www.anchorforgeapp.com,522,Dublin,IE,2026-06-05 05:17:28
2026-06-05,Legal,Bright VerdictTech,+18063624486,info@brightverdicttech.io,https://brightverdicttech.io,32,Phoenix,US,2026-06-05 03:31:36
2026-06-05,Medical,HaloChart Logic,+1 (917) 210-3910,hello@halochartlogic.com,https://www.halochartlogic.com,null,N/A,NL,2026-06-05 05:45:08
2026-06-05,ERP,Crown LedgerCloud,+12525443661,hello@crownledgercloud.com,https://crownledgercloud.com,31,Singapore,SG,2026-06-05 03:15:14
2026-06-05,Medical,CedarMed Tech,(496) 322-8638,info@cedarmedtech.io,https://www.cedarmedtech.io,33,Chicago,US,2026-06-05 06:07:06
2026-06-05,Medical,ClearMedLogic,1-660-563-1845,info@clearmedlogic.com,https://clearmedlogic.com,45,Columbus,US,2026-06-05 06:01:16
2026-06-05,ERP,Meta OpsDesk,(944) 597-2516 ext. 1,-,https://www.metaopsdesk.io,51,Chicago,US,2026-06-05 04:18:17
2026-06-05,LMS,CedarMentorTech,(820) 220-9450,info@cedarmentortech.co,https://www.cedarmentortech.co,81,Calgary,CA,2026-06-05 05:11:08
2026-06-05,ERP,ZenOrder Solutions,696.482.7197,hello@zenordersolutions.io,https://www.zenordersolutions.io,16,Leeds,UK,2026-06-05 01:36:05
2026-06-05,HR,OrbitRoster Soft,+13505519707,sales@orbitrostersoft.net,https://www.orbitrostersoft.net,4686,Pune,IN,2026-06-05 01:46:28
2026-06-05,MSP Platform,Willow StackSystems,(342) 464-1584,contact@willowstacksystems.com,https://www.willowstacksystems.com,25,Tampa,US,2026-06-05 01:14:09
2026-06-05,Medical,BoldCare Works,594.523.4304,null,https://boldcareworks.com,363,Tampa,US,2026-06-05 01:52:49
2026-06-05,HR,Crown PayrollSolutions,(951) 291-0825,sales@crownpayrollsolutions.io,https://www.crownpayrollsolutions.io,7,Seattle,US,2026-06-05 05:57:54
2026-06-05,ERP,QuartzLedger’s Suite,(375) 467-1425,sales@quartzledgersuite.com,https://quartzledgersuite.com,24,Toronto,CA,2026-06-05 05:12:51
2026-06-05,ERP,CedarChain’s Desk,+18547008852,info@cedarchaindesk.io,https://www.cedarchaindesk.io,23,Austin,US,2026-06-05 02:30:27
2026-06-05,HR,OnyxRoster Cloud,867-612-6337,contact@onyxrostercloud.com,https://www.onyxrostercloud.com,67,Chicago,US,2026-06-05 05:52:29
2026-06-05,LMS,KeystoneMentor Hub,+16779555700,info@keystonementorhub.co,https://www.keystonementorhub.co,37,Munich,DE,2026-06-05 04:47:44
2026-06-05,Medical,DeltaRxLogic,202-989-6363,contact@deltarxlogic.com,https://www.deltarxlogic.com,24,Seattle,US,2026-06-05 05:05:31
2026-06-05,ERP,SableBatchBase,+1 (885) 715-3675,,sablebatchbase.com,7,Boston,US,2026-06-05 01:44:51
2026-06-05,Legal,PioneerLaw Core,+14165820682 ext. 91,hello@pioneerlawcore.com,pioneerlawcore.com,136,Atlanta,US,2026-06-05 03:06:05
2026-06-05,HR,Onyx PayrollWorks,(469) 820-0511,info@onyxpayrollworks.io,onyxpayrollworks.io,147,Columbus,US,2026-06-05 02:59:53
2026-06-05,Legal,NimbusBrief Dynamics,+18636446256,sales@nimbusbriefdynamics.com,https://www.nimbusbriefdynamics.com,77,Lahore,PK,2026-06-05 02:25:56
2026-06-05,MSP Platform,EmberNodePlatform,1-564-387-3410,hello@embernodeplatform.io,embernodeplatform.io,46,Boston,US,2026-06-05 05:03:14
2026-06-05,ERP,AltaStockSuite,(377) 410-0466,contact@altastocksuite.co,https://www.altastocksuite.co,1375,Hyderabad,IN,2026-06-05 03:18:26
2026-06-05,Medical,Lattice VitalPlatform,(684) 381-7734,-,https://www.latticevitalplatform.io,46,Singapore,SG,2026-06-05 04:46:56
2026-06-05,ERP,VistaOps Dynamics,(921) 974-9731,sales@vistaopsdynamics.net,https://www.vistaopsdynamics.net,18,Karachi,PK,2026-06-05 04:25:13
2026-06-05,HR,AnchorTeamHub,(665) 700-4084,hello@anchorteamhub.com,https://anchorteamhub.com,17,London,UK,2026-06-05 01:43:56
2026-06-05,HR,TidalTalent Solutions,(685) 412-4379,hello@tidaltalentsolutions.net,https://www.tidaltalentsolutions.net,168,Toronto,CA,2026-06-05 04:28:52
2026-06-05,HR,EmberPerformSuite,+1 (318) 470-8117,hello@emberperformsuite.net,https://www.emberperformsuite.net,7,Raleigh,US,2026-06-05 04:54:28
2026-06-05,MSP Platform,ZephyrNode Sync,1-555-290-0104 ext. 30,hello@zephyrnodesync.io,https://zephyrnodesync.io,18,Boston,US,2026-06-05 03:40:43
2026-06-05,ERP,Indigo BatchBase,965-535-7211,hello@indigobatchbase.com,https://www.indigobatchbase.com,103,Seattle,US,2026-06-05 01:56:39
2026-06-05,MSP Platform,EmberNode Base,242-311-8796,info@embernodebase.com,https://www.embernodebase.com,407,Karachi,PK,2026-06-05 02:57:01
2026-06-05,Legal,RavenClause Sync,355-272-8807,sales@ravenclausesync.com,https://www.ravenclausesync.com,165,Amsterdam,NL,2026-06-05 01:16:18
2026-06-05,ERP,JuniperFinWorks,(751) 596-5050,sales@juniperfinworks.com,https://www.juniperfinworks.com,58,Atlanta,US,2026-06-05 03:49:17
2026-06-05,Medical,Falcon PulseApp,714.990.1832,info@falconpulseapp.io,https://www.falconpulseapp.io,500,Atlanta,US,2026-06-05 03:46:52
2026-06-05,MSP Platform,IndigoNet Labs,+18922955271,hello@indigonetlabs.com,indigonetlabs.com,214,Austin,US,2026-06-05 01:27:22
2026-06-05,Medical,True PatientSuite,9737909773,hello@truepatientsuite.com,truepatientsuite.com,88,Chicago,US,2026-06-05 01:44:59
2026-06-05,MSP Platform,BoldGrid Dynamics,(628) 837-1538,sales@boldgriddynamics.co,boldgriddynamics.co,541,Boston,US,2026-06-05 05:36:53
2026-06-05,Medical,Nimbus HealthPoint,+18873836027 ext. 25,sales@nimbushealthpoint.com,nimbushealthpoint.com,11,Seattle,US,2026-06-05 04:56:21
2026-06-05,HR,BoldRoster Works,(311) 969-6215,contact@boldrosterworks.net,https://www.boldrosterworks.net,34,Atlanta,US,2026-06-05 06:29:48
2026-06-05,ERP,FalconPlanSphere,(874) 218-2050,contact@falconplansphere.co,https://falconplansphere.co,41,Denver,US,2026-06-05 04:08:02
2026-06-05,Legal,NovaCompli Works,816-856-5993,contact@novacompliworks.io,https://www.novacompliworks.io,10,Singapore,SG,2026-06-05 03:02:24
2026-06-05,Legal,BeaconClause Soft,(724) 581-6752,contact@beaconclausesoft.co,https://www.beaconclausesoft.co,186,Raleigh,US,2026-06-05 02:47:35
2026-06-05,HR,FalconCulture Core,(385) 448-8845,info@falconculturecore.com,https://www.falconculturecore.com,278,Austin,US,2026-06-05 01:03:01
2026-06-05,HR,Arch ShiftSystems,1-773-824-7888,info@archshiftsystems.com,https://www.archshiftsystems.com,92,Berlin,DE,2026-06-05 04:19:54
2026-06-05,Medical,Rapid ClinicBase,+14034735335,info@rapidclinicbase.com,https://www.rapidclinicbase.com,19,Pune,IN,2026-06-05 05:28:19
2026-06-05,MSP Platform,GoldenGrid Base,+1 (439) 511-4864,contact@goldengridbase.com,https://www.goldengridbase.com,112,Vancouver,CA,2026-06-05 05:26:39
2026-06-05,MSP Platform,Halo PatchApp,534.993.2524,hello@halopatchapp.com,https://www.halopatchapp.com,37,Atlanta,US,2026-06-05 02:10:19
2026-06-05,Medical,RidgeChart Flow,+1 (975) 257-0299,contact@ridgechartflow.co,https://ridgechartflow.co,57,Columbus,US,2026-06-05 01:24:36
2026-06-05,MSP Platform,Fusion NetHub,909-838-0766,contact@fusionnethub.io,https://www.fusionnethub.io,9,Raleigh,US,2026-06-05 05:22:13
2026-06-05,Medical,CobaltMedCore,(551) 726-6583,hello@cobaltmedcore.com,cobaltmedcore.com,199,Chicago,US,2026-06-05 02:50:08
2026-06-05,HR,FusionShift Desk,803-713-6130,info@fusionshiftdesk.com,https://www.fusionshiftdesk.com,15,Raleigh,US,2026-06-05 04:28:55
2026-06-05,ERP,Summit Ops Recruiting,3347679114,info@summitopsrecruiting.com,https://www.summitopsrecruiting.com,363,Lahore,PK,2026-06-05 02:28:54
2026-06-05,MSP Platform,Mosaic EndpointDesk,+15934776984,sales@mosaicendpointdesk.com,https://mosaicendpointdesk.com,19,,US,2026-06-05 05:35:50
2026-06-05,Medical,Keystone RxSuite,976-662-9289 ext. 51,sales@keystonerxsuite.io,https://keystonerxsuite.io,169,Leeds,UK,2026-06-05 01:23:57
2026-06-05,Medical,VistaRxLogic,+15349435202 ext. 50,hello@vistarxlogic.com,https://vistarxlogic.com,440,Sydney,AU,2026-06-05 01:54:38
2026-06-05,ERP,PolarisStockSystems,+15787798732,info@polarisstocksystems.com,https://polarisstocksystems.com,564,Denver,US,2026-06-05 01:42:04
2026-06-05,Legal,Quartz DocketLogic,8712766783,sales@quartzdocketlogic.net,quartzdocketlogic.net,27,Raleigh,US,2026-06-05 04:23:41
2026-06-05,ERP,RapidForgeFlow,(491) 600-7578,sales@rapidforgeflow.com,https://rapidforgeflow.com,405,Atlanta,US,2026-06-05 01:44:24
2026-06-05,ERP,UmbraForge Cloud,(859) 972-3061,hello@umbraforgecloud.com,https://www.umbraforgecloud.com,50,Calgary,CA,2026-06-05 03:06:18
2026-06-05,LMS,Raven PerformCloud,793.847.5118,info@ravenperformcloud.com,https://www.ravenperformcloud.com,46,Raleigh,US,2026-06-05 06:36:06
2026-06-05,LMS,JuniperLearnLogic,(585) 569-6021,contact@juniperlearnlogic.co,juniperlearnlogic.co,67,Seattle,US,2026-06-05 06:56:07
2026-06-05,MSP Platform,MosaicRemoteSync,+18934939644,hello@mosaicremotesync.com,https://www.mosaicremotesync.com,3359,Amsterdam,NL,2026-06-05 03:06:54
2026-06-05,HR,Bright PerformSphere,(854) 271-4239,info@brightperformsphere.io,https://www.brightperformsphere.io,52,Denver,US,2026-06-05 01:06:32
2026-06-05,Medical,SilverTriageLogic,+1 (363) 873-9913 ext. 16,sales@silvertriagelogic.com,silvertriagelogic.com,92,Islamabad,PK,2026-06-05 03:28:18
2026-06-05,MSP Platform,VertexNetSync,+12186441077,hello@vertexnetsync.io,https://www.vertexnetsync.io,69,Austin,US,2026-06-05 04:56:08
2026-06-05,ERP,AnchorChainDesk,300-779-4405,sales@anchorchaindesk.net,https://www.anchorchaindesk.net,61,Manchester,UK,2026-06-05 04:43:10
2026-06-05,Legal,Quartz CompliSystems,(316) 893-2809,hello@quartzcomplisystems.com,quartzcomplisystems.com,34,London,UK,2026-06-05 03:48:56
2026-06-05,HR,ApexPayrollApp,+17368065235,contact@apexpayrollapp.co,https://www.apexpayrollapp.co,266,Pune,IN,2026-06-05 02:09:59
2026-06-05,Medical,CrestPulsePlatform,793-746-7498,sales@crestpulseplatform.com,crestpulseplatform.com,384,Dublin,IE,2026-06-05 01:35:12
2026-06-05,Medical,Summit MedSuite,(706) 627-4610,sales@summitmedsuite.io,https://summitmedsuite.io,200,Tampa,US,2026-06-05 01:06:53
2026-06-05,Legal,Crown VerdictBase,+15274663531,hello@crownverdictbase.io,https://www.crownverdictbase.io,104,Singapore,SG,2026-06-05 04:19:27
2026-06-05,Legal,Velo DocketFlow,+18739807767,sales@velodocketflow.co,https://velodocketflow.co,22,Tampa,US,2026-06-05 05:17:13
2026-06-05,Medical,PioneerPulseCloud,324-431-6282,contact@pioneerpulsecloud.com,pioneerpulsecloud.com,14,Denver,US,2026-06-05 06:19:34
2026-06-05,ERP,PrimeBatch Desk,1-245-673-3190,hello@primebatchdesk.com,https://www.primebatchdesk.com,10,Seattle,US,2026-06-05 06:51:02
2026-06-05,HR,TidalBenefitSystems,(911) 508-9426,hello@tidalbenefitsystems.io,https://tidalbenefitsystems.io,-,Austin,US,2026-06-05 03:49:54
2026-06-05,HR,SolidPerformLabs,573.528.8979,hello@solidperformlabs.com,https://solidperformlabs.com,670,Boston,US,2026-06-05 02:32:40
2026-06-05,Medical,QuartzVital Desk,293.724.1902,contact@quartzvitaldesk.co,https://quartzvitaldesk.co,24,Sydney,AU,2026-06-05 02:54:46
2026-06-05,MSP Platform,NorthRemoteHub,+14477282244,info@northremotehub.com,https://www.northremotehub.com,75,Raleigh,US,2026-06-05 01:15:18
2026-06-05,ERP,Solid StockLogic,03093286896,info@solidstocklogic.co,https://www.solidstocklogic.co,91,Columbus,US,2026-06-05 02:25:57
2026-06-05,ERP,Nova ForgePoint,288-455-5934 ext. 62,sales@novaforgepoint.com,https://novaforgepoint.com,189,Atlanta,US,2026-06-05 04:11:55
2026-06-05,Legal,Blue CaseSolutions,(202) 666-9024,sales@bluecasesolutions.com,bluecasesolutions.com,17,Sydney,AU,2026-06-05 01:37:39
2026-06-05,Medical,NovaClinicSystems,+1 (957) 392-8179,sales@novaclinicsystems.com,https://novaclinicsystems.com,7,Phoenix,US,2026-06-05 04:15:00
2026-06-05,ERP,ArchFin Systems,+1 (749) 251-5377,sales@archfinsystems.com,https://www.archfinsystems.com,90,Seattle,US,2026-06-05 04:54:54
2026-06-05,Legal,ZenCompliSuite,1-570-974-5366,contact@zencomplisuite.net,https://www.zencomplisuite.net,6,Tampa,US,2026-06-05 01:29:20
2026-06-05,HR,VeloCultureSystems,821.939.9180 ext. 65,sales@veloculturesystems.net,https://www.veloculturesystems.net,7,Vancouver,CA,2026-06-05 01:05:28
2026-06-05,Legal,KeystoneVerdict Platform,933.597.1846,info@keystoneverdictplatform.io,https://www.keystoneverdictplatform.io,25,Austin,US,2026-06-05 05:37:42
2026-06-05,Medical,RavenTriage Base,1-705-268-3217,info@raventriagebase.co,https://www.raventriagebase.co,150,Austin,US,2026-06-05 01:54:49
2026-06-05,HR,VeloPayroll Sphere,(259) 980-9089,hello@velopayrollsphere.com,https://velopayrollsphere.com,11,Seattle,US,2026-06-05 02:12:22
2026-06-05,HR,VertexCultureTech,02703842267 ext. 22,contact@vertexculturetech.com,https://vertexculturetech.com,32,Sydney,AU,2026-06-05 02:39:26
2026-06-05,ERP,Silver OrderLabs,07558433664,hello@silverorderlabs.com,https://silverorderlabs.com,123,Munich,DE,2026-06-05 06:06:56
2026-06-05,MSP Platform,Halo NodePlatform,1-607-453-4089,sales@halonodeplatform.co,https://www.halonodeplatform.co,12,Austin,US,2026-06-05 01:43:54
2026-06-05,HR,KeystonePeople Sync,540.266.4473,sales@keystonepeoplesync.net,keystonepeoplesync.net,345,Lahore,PK,2026-06-05 01:49:19
2026-06-05,ERP,Clear OpsSuite,5472680808 ext. 25,hello@clearopssuite.com,https://www.clearopssuite.com,377,Dublin,IE,2026-06-05 04:18:20
2026-06-05,Medical,EmberTriageSphere,403-533-5245,info@embertriagesphere.io,https://www.embertriagesphere.io,437,Seattle,US,2026-06-05 06:46:25
2026-06-05,ERP,Zen OpsSystems,723.454.8428,info@zenopssystems.com,https://www.zenopssystems.com,5,Atlanta,US,2026-06-05 06:59:08
2026-06-05,LMS,CobaltMentorPoint,874-717-7100,sales@cobaltmentorpoint.com,https://www.cobaltmentorpoint.com,5,Chicago,US,2026-06-05 04:40:37
2026-06-05,Medical,Atlas PatientPoint,(417) 448-0434,contact@atlaspatientpoint.io,https://www.atlaspatientpoint.io,79,Boston,US,2026-06-05 01:23:54
2026-06-05,MSP Platform,Blue GridLogic,9282029639 ext. 63,sales@bluegridlogic.com,https://www.bluegridlogic.com,7,Berlin,DE,2026-06-05 02:23:40
2026-06-05,MSP Platform,Quartz’s MonitorSolutions,8033023615,sales@quartzmonitorsolutions.com,https://quartzmonitorsolutions.com,20,Leeds,UK,2026-06-05 02:51:32
2026-06-05,HR,CrestCulture Hub,1-678-846-5475,sales@crestculturehub.io,crestculturehub.io,155,Hyderabad,IN,2026-06-05 03:57:04
2026-06-05,MSP Platform,Ember UptimeWorks,+15063667014,info@emberuptimeworks.com,https://www.emberuptimeworks.com,11,Denver,US,2026-06-05 06:29:09
2026-06-05,Legal,ZenVerdict Solutions,(653) 292-2579,hello@zenverdictsolutions.com,https://www.zenverdictsolutions.com,54,Atlanta,US,2026-06-05 03:58:37
2026-06-05,Legal,CoreCase Point,717.872.6828,contact@corecasepoint.com,corecasepoint.com,36,London,UK,2026-06-05 01:50:33
2026-06-05,Legal,Prime FilingTech,+18479707255,contact@primefilingtech.io,https://www.primefilingtech.io,31,Columbus,US,2026-06-05 04:58:50
2026-06-05,HR,Polaris PeopleWorks,1-513-723-6667,info@polarispeopleworks.net,https://www.polarispeopleworks.net,3449,Melbourne,AU,2026-06-05 05:10:27
2026-06-05,Medical,Ember CareHub,(293) 806-7954,sales@embercarehub.com,https://embercarehub.com,787,Phoenix,US,2026-06-05 01:07:10
2026-06-05,ERP,Ridgeway OpsTech,(812) 578-0232,contact@ridgewayopstech.com,https://www.ridgewayopstech.com,176,Raleigh,US,2026-06-05 05:24:17
2026-06-05,MSP Platform,Nova NetApp,+16396231180,sales@novanetapp.io,https://novanetapp.io,1905,Denver,US,2026-06-05 05:14:20
2026-06-05,MSP Platform,PioneerTicketFlow,(987) 615-1412,hello@pioneerticketflow.com,https://www.pioneerticketflow.com,21,Bengaluru,IN,2026-06-05 05:59:42
2026-06-05,HR,Umbra OnboardSolutions,07458784778 ext. 52,hello@umbraonboardsolutions.com,https://www.umbraonboardsolutions.com,7,London,UK,2026-06-05 04:05:07
2026-06-05,ERP,CedarOrder Soft,610-353-8867,hello@cedarordersoft.com,https://www.cedarordersoft.com,485,Bengaluru,IN,2026-06-05 01:58:12
2026-06-05,HR,ApexCultureWorks,(213) 334-9590,hello@apexcultureworks.com,https://www.apexcultureworks.com,75,Hyderabad,IN,2026-06-05 04:58:18
2026-06-05,Medical,BrightChartDesk,09052369258,sales@brightchartdesk.com,https://brightchartdesk.com,101,Lahore,PK,2026-06-05 01:49:54
2026-06-05,ERP,RidgeChainPlatform,930.511.7819,sales@ridgechainplatform.com,https://www.ridgechainplatform.com,20,Raleigh,US,2026-06-05 01:14:20
2026-06-05,Medical,Bold TriageFlow,+14309873439,sales@boldtriageflow.net,https://boldtriageflow.net,29,null,US,2026-06-05 01:23:23
2026-06-05,MSP Platform,GoldenRemote Sync,1-241-942-1818,hello@goldenremotesync.com,https://www.goldenremotesync.com,208,Munich,DE,2026-06-05 06:05:37
2026-06-05,ERP,AtlasResource App,1-531-487-5587,info@atlasresourceapp.com,https://atlasresourceapp.com,4659,Boston,US,2026-06-05 01:53:32
2026-06-05,Medical,RidgewayRx Logic,1-238-268-1274,info@ridgewayrxlogic.com,https://www.ridgewayrxlogic.com,76,Leeds,UK,2026-06-05 03:19:04
2026-06-05,ERP,Falcon LedgerSuite,+12142901059,info@falconledgersuite.io,https://falconledgersuite.io,47,Hyderabad,IN,2026-06-05 06:50:42
2026-06-05,LMS,BeaconLessonDesk,+14247450490,contact@beaconlessondesk.com,https://www.beaconlessondesk.com,54,Leeds,UK,2026-06-05 02:50:31
2026-06-05,Medical,IronVitalPoint,+17426000281,hello@ironvitalpoint.com,https://ironvitalpoint.com,877,Hyderabad,IN,2026-06-05 01:20:38
2026-06-05,ERP,Cobalt LedgerSystems,(922) 479-5823,contact@cobaltledgersystems.net,https://www.cobaltledgersystems.net,392,Denver,US,2026-06-05 03:23:07
2026-06-05,HR,AtlasHealth Sphere,748-690-9346 ext. 54,hello@atlashealthsphere.net,https://www.atlashealthsphere.net,22,Vancouver,CA,2026-06-05 03:39:57
2026-06-05,Legal,SableVerdict Flow,732-810-8714 ext. 55,hello@sableverdictflow.io,https://www.sableverdictflow.io,18,Atlanta,US,2026-06-05 04:59:56
2026-06-05,MSP Platform,SableEndpoint Systems,831-394-9330,hello@sableendpointsystems.com,https://www.sableendpointsystems.com,140,Melbourne,AU,2026-06-05 03:48:50
2026-06-05,HR,AtlasPeoplePoint,04097792557,sales@atlaspeoplepoint.com,https://www.atlaspeoplepoint.com,137,Raleigh,US,2026-06-05 03:21:10
2026-06-05,Legal,KeystoneClause Base,925-226-2326,sales@keystoneclausebase.io,https://www.keystoneclausebase.io,37,Boston,US,2026-06-05 04:00:53
2026-06-05,Medical,Nova RxCore,(395) 885-1182,sales@novarxcore.io,https://www.novarxcore.io,21,Phoenix,US,2026-06-05 03:46:55
2026-06-05,MSP Platform,PivotEndpoint Core,595-393-1889,hello@pivotendpointcore.co,https://www.pivotendpointcore.co,12,Manchester,UK,2026-06-05 06:00:23
2026-06-05,Legal,Silver DocketWorks,+17884992936,contact@silverdocketworks.com,silverdocketworks.com,440,Boston,US,2026-06-05 04:58:29
2026-06-05,ERP,Tidal ChainPlatform,810.527.5542,info@tidalchainplatform.com,https://www.tidalchainplatform.com,10,Hyderabad,IN,2026-06-05 03:22:48
2026-06-05,MSP Platform,RidgewayStack Dynamics,+19384245363,info@ridgewaystackdynamics.com,https://www.ridgewaystackdynamics.com,94,Boston,US,2026-06-05 04:16:19
2026-06-05,Legal,FusionMatterApp,770-783-6102,hello@fusionmatterapp.io,https://www.fusionmatterapp.io,28,Dublin,IE,2026-06-05 02:58:36
2026-06-05,MSP Platform,VertexStack Desk,+16654859642,sales@vertexstackdesk.com,vertexstackdesk.com,31,Tampa,US,2026-06-05 02:05:40
2026-06-05,HR,CrownBenefit Soft,+1 (418) 359-9198,sales@crownbenefitsoft.com,https://crownbenefitsoft.com,15,Phoenix,US,2026-06-05 01:35:14
2026-06-05,Medical,Beacon PatientCloud,(701) 905-4888,hello@beaconpatientcloud.net,https://www.beaconpatientcloud.net,19,Leeds,UK,2026-06-05 04:50:58
2026-06-05,HR,HarborPeopleSuite,620.731.4242 ext. 7,hello@harborpeoplesuite.net,https://harborpeoplesuite.net,258,Dublin,IE,2026-06-05 01:58:49
2026-06-05,ERP,RapidStock Suite,(782) 857-8968,contact@rapidstocksuite.com,rapidstocksuite.com,11,Tampa,US,2026-06-05 03:43:58
2026-06-05,ERP,Keystone ResourceTech,+19639468530,contact@keystoneresourcetech.com,keystoneresourcetech.com,18,Singapore,SG,2026-06-05 06:00:08
2026-06-05,Legal,Ember TriageTech,+17447737428,hello@embertriagetech.com,embertriagetech.com,15,Raleigh,US,2026-06-05 03:12:58
2026-06-05,Medical,Sable HealthFlow,+14122150188,info@sablehealthflow.io,https://sablehealthflow.io,18,Toronto,CA,2026-06-05 01:43:08
2026-06-05,ERP,ClearLedgerBase,+17909801813,contact@clearledgerbase.co,https://clearledgerbase.co,289,Austin,US,2026-06-05 01:11:47
2026-06-05,HR,Falcon PeopleCloud,6482587989,info@falconpeoplecloud.io,falconpeoplecloud.io,69,Tampa,US,2026-06-05 02:39:51
2026-06-05,HR,SolidTalentHub,+17188868714 ext. 65,sales@solidtalenthub.io,https://solidtalenthub.io,6,Melbourne,AU,2026-06-05 01:16:40
2026-06-05,ERP,QuartzForge Solutions,+14334956187,sales@quartzforgesolutions.net,https://quartzforgesolutions.net,59,Karachi,PK,2026-06-05 05:15:51
2026-06-05,ERP,VistaOrder Sync,(862) 797-1366 ext. 38,contact@vistaordersync.com,https://vistaordersync.com,274,Manchester,UK,2026-06-05 01:27:08
2026-06-05,ERP,GraniteOpsSphere,+1 (985) 241-3539 ext. 86,info@graniteopssphere.com,https://graniteopssphere.com,69,Phoenix,US,2026-06-05 05:39:19
2026-06-05,MSP Platform,NorthUptime Cloud,4152350093,hello@northuptimecloud.com,https://www.northuptimecloud.com,72,Phoenix,US,2026-06-05 05:42:16
2026-06-05,Medical,Fusion VitalPoint,912-685-1534,info@fusionvitalpoint.co,https://www.fusionvitalpoint.co,2881,Atlanta,US,2026-06-05 05:55:40
2026-06-05,HR,LatticePerform Systems,628-846-2764,contact@latticeperformsystems.com,https://www.latticeperformsystems.com,254,Boston,US,2026-06-05 02:49:02
2026-06-05,Medical,Velo MedLabs,601-579-5052,null,https://velomedlabs.io,247,Bengaluru,IN,2026-06-05 01:07:28
2026-06-05,Legal,NovaFilingHub,1-335-857-4142,hello@novafilinghub.io,novafilinghub.io,8,Raleigh,US,2026-06-05 06:50:00
2026-06-05,HR,Prime CultureBase,664.613.8041,hello@primeculturebase.com,https://www.primeculturebase.com,9,Austin,US,2026-06-05 04:25:42
2026-06-05,ERP,PolarisLedgerFlow,+1 (319) 549-4038,info@polarisledgerflow.com,https://polarisledgerflow.com,33,Seattle,US,2026-06-05 04:46:03
2026-06-05,ERP,NorthOps Flow,+19149284767,info@northopsflow.co,https://northopsflow.co,95,Amsterdam,NL,2026-06-05 05:57:18
2026-06-05,Medical,CobaltClinic Cloud,(582) 625-8800 ext. 15,info@cobaltcliniccloud.net,https://www.cobaltcliniccloud.net,12,Raleigh,US,2026-06-05 01:22:13
2026-06-05,Legal,Halo Compli Manpower Services,(574) 709-1897,sales@halocomplimanpowerservices.co,https://www.halocomplimanpowerservices.co,63,Seattle,US,2026-06-05 05:23:06
2026-06-05,HR,CrownPerform Desk,(496) 689-3674 ext. 2,sales@crownperformdesk.co,https://www.crownperformdesk.co,1863,Atlanta,US,2026-06-05 05:55:45
2026-06-05,Medical,GoldenCare Sync,298-324-6761,info@goldencaresync.com,https://goldencaresync.com,502,Tampa,US,2026-06-05 06:55:55
2026-06-05,Medical,KeystoneVitalFlow,9204703635,contact@keystonevitalflow.io,keystonevitalflow.io,5,London,UK,2026-06-05 02:53:05
2026-06-05,Medical,RavenClinic App,+1 (886) 209-1297,sales@ravenclinicapp.net,https://www.ravenclinicapp.net,7,Toronto,CA,2026-06-05 02:00:00
2026-06-05,MSP Platform,VistaUptime Cloud,472-349-1245,info@vistauptimecloud.com,vistauptimecloud.com,179,Columbus,US,2026-06-05 05:46:51
2026-06-05,HR,ClearTalentSoft,4155646290,sales@cleartalentsoft.com,https://www.cleartalentsoft.com,217,Austin,US,2026-06-05 04:31:14
2026-06-05,Medical,ApexClinicDynamics,690.470.4296,hello@apexclinicdynamics.co,https://apexclinicdynamics.co,185,Tampa,US,2026-06-05 05:08:43
2026-06-05,HR,Halo OnboardCore,1-522-577-8560,info@haloonboardcore.com,https://www.haloonboardcore.com,20,Boston,US,2026-06-05 03:44:29
2026-06-05,Legal,BlueCounsel Base,+1 (785) 818-1250,contact@bluecounselbase.com,https://www.bluecounselbase.com,12,Pune,IN,2026-06-05 06:50:39
2026-06-05,Legal,ArchVital Soft,1-354-611-0436,contact@archvitalsoft.com,archvitalsoft.com,78,Boston,US,2026-06-05 04:58:01
2026-06-05,MSP Platform,NimbusEndpoint Base,400-799-5466,info@nimbusendpointbase.com,https://www.nimbusendpointbase.com,278,Columbus,US,2026-06-05 03:44:26
2026-06-05,HR,OnyxOnboard Core,5248284931,hello@onyxonboardcore.com,https://www.onyxonboardcore.com,71,Austin,US,2026-06-05 04:36:46
2026-06-05,HR,Raven TeamSolutions,(825) 872-4986,hello@raventeamsolutions.net,https://www.raventeamsolutions.net,36,Pune,IN,2026-06-05 01:33:04
2026-06-05,Medical,OmniCareLogic,(702) 743-0734,info@omnicarelogic.com,https://www.omnicarelogic.com,915,Dublin,IE,2026-06-05 04:31:25
2026-06-05,Medical,OnyxVitalDesk,951-268-3120,info@onyxvitaldesk.net,https://www.onyxvitaldesk.net,23,Pune,IN,2026-06-05 01:58:16
2026-06-05,Legal,QuartzCompliHub,(279) 882-5007,info@quartzcomplihub.com,https://quartzcomplihub.com,5,Islamabad,PK,2026-06-05 05:17:30
2026-06-05,ERP,AltaForgeDesk,1-563-386-3497,contact@altaforgedesk.com,https://altaforgedesk.com,98,Seattle,US,2026-06-05 01:31:44
2026-06-05,Medical,Juniper ChartDynamics,6363455291,info@juniperchartdynamics.com,https://www.juniperchartdynamics.com,216,Columbus,US,2026-06-05 05:22:30
2026-06-05,Medical,Apex MedPlatform,(983) 767-9123,hello@apexmedplatform.com,https://www.apexmedplatform.com,19,Seattle,US,2026-06-05 04:53:19
2026-06-05,ERP,TruePlanSuite,(604) 494-5051,hello@trueplansuite.co,https://www.trueplansuite.co,62,Chicago,US,2026-06-05 04:55:47
2026-06-05,HR,Iron RosterCore,524.433.4041,contact@ironrostercore.co,https://ironrostercore.co,237,Pune,IN,2026-06-05 01:29:17
2026-06-05,HR,XenonBenefit Soft,803-912-2452,sales@xenonbenefitsoft.io,xenonbenefitsoft.io,1031,Seattle,US,2026-06-05 05:42:30
2026-06-05,Legal,XenonCounselFlow,947.652.8442,hello@xenoncounselflow.com,https://www.xenoncounselflow.com,21,Seattle,US,2026-06-05 04:07:15
2026-06-05,MSP Platform,IndigoStackHub,8618300987 ext. 24,hello@indigostackhub.com,https://indigostackhub.com,80,Chicago,US,2026-06-05 04:13:22
2026-06-05,ERP,FalconPlanFlow,(619) 541-8107,sales@falconplanflow.io,https://falconplanflow.io,38,London,UK,2026-06-05 05:12:03
2026-06-05,Legal,AltaClause Core,874-698-2121,contact@altaclausecore.com,altaclausecore.com,7,Berlin,DE,2026-06-05 01:47:24
2026-06-05,Medical,Pivot CareDynamics,808-851-7649,hello@pivotcaredynamics.io,https://pivotcaredynamics.io,168,Columbus,US,2026-06-05 05:06:16
2026-06-05,HR,OmniOnboardPoint,710-717-1013,info@omnionboardpoint.com,https://omnionboardpoint.com,8,Calgary,CA,2026-06-05 05:39:30
2026-06-05,Medical,Granite Patient Manpower Services,876-588-6406,sales@granitepatientmanpowerservices.co,https://www.granitepatientmanpowerservices.co,20,Phoenix,US,2026-06-05 04:35:25
2026-06-05,LMS,UmbraTrainSuite,+18852807035,info@umbratrainsuite.com,https://www.umbratrainsuite.com,479,Austin,US,2026-06-05 06:35:39
2026-06-05,ERP,FalconStockLogic,6976619129,sales@falconstocklogic.com,https://www.falconstocklogic.com,38,Denver,US,2026-06-05 04:12:00
2026-06-05,MSP Platform,Lumen TicketFlow,7865942824,contact@lumenticketflow.net,https://www.lumenticketflow.net,53,Melbourne,AU,2026-06-05 01:02:21
2026-06-05,HR,Crest PayrollSolutions,+16546242722,hello@crestpayrollsolutions.net,https://www.crestpayrollsolutions.net,27,Austin,US,2026-06-05 01:43:47
2026-06-05,HR,Beacon BenefitSolutions,+15152845989,sales@beaconbenefitsolutions.com,https://www.beaconbenefitsolutions.com,680,Dublin,IE,2026-06-05 02:05:24
2026-06-05,HR,PolarisTalentSync,1-487-338-1259,info@polaristalentsync.io,https://www.polaristalentsync.io,193,Tampa,US,2026-06-05 01:56:52
2026-06-05,Medical,GraniteChart Desk,882-960-4788 ext. 61,hello@granitechartdesk.com,https://www.granitechartdesk.com,16,Dublin,IE,2026-06-05 04:23:16
2026-06-05,ERP,DeltaLedgerDynamics,541.277.6448,info@deltaledgerdynamics.io,https://deltaledgerdynamics.io,303,Raleigh,US,2026-06-05 06:49:12
2026-06-05,Medical,OnyxMedTech,788.374.3117,info@onyxmedtech.com,https://www.onyxmedtech.com,10,Raleigh,US,2026-06-05 02:32:55
2026-06-05,ERP,NorthOrder Tech,7159743574,contact@northordertech.co,https://northordertech.co,180,Denver,US,2026-06-05 04:28:52
2026-06-05,ERP,Atlas PlanSphere,+1 (221) 862-4161,contact@atlasplansphere.com,https://atlasplansphere.com,54,Singapore,SG,2026-06-05 01:35:40
2026-06-05,HR,CrownCulture Sync,335-432-7454,contact@crownculturesync.com,https://www.crownculturesync.com,20,Columbus,US,2026-06-05 01:55:20
2026-06-05,Medical,QuartzPatientHub,(583) 509-6970,info@quartzpatienthub.com,https://quartzpatienthub.com,808,Denver,US,2026-06-05 06:56:07
2026-06-05,LMS,HarborPathLogic,771-597-5092,hello@harborpathlogic.com,https://www.harborpathlogic.com,29,Sydney,AU,2026-06-05 05:48:57
2026-06-05,Legal,PivotLawDynamics,702-407-6756,hello@pivotlawdynamics.com,https://pivotlawdynamics.com,11,Munich,DE,2026-06-05 04:43:51
2026-06-05,ERP,Iron FinSuite,348-355-6272,hello@ironfinsuite.com,https://ironfinsuite.com,49,Hyderabad,IN,2026-06-05 01:31:45
2026-06-05,Medical,MosaicMed Cloud,954.671.9684 ext. 71,sales@mosaicmedcloud.io,https://www.mosaicmedcloud.io,15,Vancouver,CA,2026-06-05 03:35:42
2026-06-05,Medical,PrimePatient Solutions,(615) 916-8915,sales@primepatientsolutions.com,https://www.primepatientsolutions.com,164,Denver,US,2026-06-05 06:02:22
2026-06-05,HR,Fusion PeopleSoft,(788) 707-6791,hello@fusionpeoplesoft.io,https://www.fusionpeoplesoft.io,null,Chicago,US,2026-06-05 06:09:13
2026-06-05,Medical,GoldenChartTech,+16586861801,hello@goldencharttech.co,https://goldencharttech.co,75,Boston,US,2026-06-05 03:58:05
2026-06-05,ERP,Nova BatchSystems,807.710.0486,info@novabatchsystems.co,https://www.novabatchsystems.co,41,Raleigh,US,2026-06-05 02:43:03
2026-06-05,Legal,Cedar CasePoint,+13566268138 ext. 51,contact@cedarcasepoint.com,https://www.cedarcasepoint.com,151,Atlanta,US,2026-06-05 04:24:11
2026-06-05,MSP Platform,Orbit RemoteSolutions,+12237561624,info@orbitremotesolutions.com,https://orbitremotesolutions.com,167,Boston,US,2026-06-05 05:06:01
2026-06-05,Medical,BluePulseCore,+1 (884) 651-9037,info@bluepulsecore.net,https://www.bluepulsecore.net,74,Denver,US,2026-06-05 02:03:40
2026-06-05,MSP Platform,OmniStackSoft,335.623.6666,hello@omnistacksoft.com,https://omnistacksoft.com,41,Tampa,US,2026-06-05 06:20:13
2026-06-05,HR,GranitePayrollCore,553-989-8599,null,https://www.granitepayrollcore.io,null,Boston,US,2026-06-05 03:35:33
2026-06-05,MSP Platform,Vertex TicketDesk,1-511-513-6177,contact@vertexticketdesk.com,https://www.vertexticketdesk.com,73,Columbus,US,2026-06-05 03:35:15
2026-06-05,HR,TidalTeam Platform,1-719-875-5049,hello@tidalteamplatform.io,https://www.tidalteamplatform.io,28,Boston,US,2026-06-05 01:07:07
2026-06-05,LMS,XenonPathLogic,+1 (881) 227-5486,info@xenonpathlogic.com,https://www.xenonpathlogic.com,-,Raleigh,US,2026-06-05 04:11:05
2026-06-05,ERP,TidalStockLabs,+15982711373,contact@tidalstocklabs.com,https://www.tidalstocklabs.com,25,Melbourne,AU,2026-06-05 02:15:55
2026-06-05,Medical,VistaClinic Hub,1-665-446-0167,info@vistaclinichub.co,https://vistaclinichub.co,45,Austin,US,2026-06-05 02:10:48
2026-06-05,Medical,SableCareDesk,(773) 989-3207,hello@sablecaredesk.com,https://www.sablecaredesk.com,86,Munich,DE,2026-06-05 02:15:34
2026-06-05,Legal,CobaltLawPoint,861-626-0149,hello@cobaltlawpoint.co,https://cobaltlawpoint.co,675,Tampa,US,2026-06-05 05:25:39
2026-06-05,MSP Platform,NorthRemote Logic,+1 (318) 794-2089 ext. 83,info@northremotelogic.com,https://www.northremotelogic.com,33,Sydney,AU,2026-06-05 04:42:24
2026-06-05,Legal,RavenVerdict Tech,+1 (817) 603-9312,hello@ravenverdicttech.com,https://ravenverdicttech.com,20,Denver,US,2026-06-05 04:42:21
2026-06-05,MSP Platform,LumenRemoteWorks,06318894004,sales@lumenremoteworks.co,https://lumenremoteworks.co,339,Berlin,DE,2026-06-05 04:50:35
2026-06-05,MSP Platform,QuantumUptime Soft,2366761694,contact@quantumuptimesoft.com,https://www.quantumuptimesoft.com,251,Chicago,US,2026-06-05 03:02:28
2026-06-05,LMS,Falcon PathSoft,844.824.4365,contact@falconpathsoft.io,https://www.falconpathsoft.io,107,Sydney,AU,2026-06-05 01:42:16
2026-06-05,LMS,Cedar MentorCore,(675) 278-8700,sales@cedarmentorcore.com,https://www.cedarmentorcore.com,95,Atlanta,US,2026-06-05 03:47:50
2026-06-05,HR,OrbitOnboardLogic,+13894354686,sales@orbitonboardlogic.co,https://orbitonboardlogic.co,140,Berlin,DE,2026-06-05 05:07:45
2026-06-05,LMS,HaloQuizHub,+19654066835,contact@haloquizhub.io,https://www.haloquizhub.io,40,Boston,US,2026-06-05 06:34:42
2026-06-05,ERP,AltaLedgerFlow,(422) 351-0381,sales@altaledgerflow.com,https://www.altaledgerflow.com,33,Leeds,UK,2026-06-05 02:46:08
2026-06-05,LMS,PioneerCounsel Soft,691.331.2958,sales@pioneercounselsoft.io,https://www.pioneercounselsoft.io,459,Munich,DE,2026-06-05 04:55:13
2026-06-05,MSP Platform,SableNet Base,905-259-8832 ext. 75,sales@sablenetbase.io,https://sablenetbase.io,485,Leeds,UK,2026-06-05 04:56:38
2026-06-05,Legal,IronVerdictLogic,5715258917,sales@ironverdictlogic.com,https://www.ironverdictlogic.com,29,Boston,US,2026-06-05 02:16:12
2026-06-05,MSP Platform,Zen Node BPO Services,(824) 471-0445,info@zennodebposervices.io,https://www.zennodebposervices.io,34,Berlin,DE,2026-06-05 06:13:37
2026-06-05,MSP Platform,PrimeEndpoint Desk,+16913885111,null,https://www.primeendpointdesk.com,356,Chicago,US,2026-06-05 03:16:44
2026-06-05,ERP,Cedar Resource Consultants,213-361-1536,hello@cedarresourceconsultants.com,https://www.cedarresourceconsultants.com,7,Columbus,US,2026-06-05 05:22:18
2026-06-05,ERP,Pioneer StockSystems,(987) 652-0902,N/A,https://www.pioneerstocksystems.io,156,Atlanta,US,2026-06-05 06:43:31
2026-06-05,ERP,RavenPlan Sphere,+19823684367 ext. 2,sales@ravenplansphere.com,https://www.ravenplansphere.com,10,Seattle,US,2026-06-05 04:40:01
2026-06-05,HR,SilverPeopleFlow,+1 (284) 955-0098 ext. 88,info@silverpeopleflow.com,https://www.silverpeopleflow.com,81,Atlanta,US,2026-06-05 02:12:38
2026-06-05,HR,NorthCulture Platform,352.976.3159,hello@northcultureplatform.com,https://www.northcultureplatform.com,475,Singapore,SG,2026-06-05 02:04:54
2026-06-05,Medical,BoldRxCloud,+1 (737) 974-1236,sales@boldrxcloud.com,https://www.boldrxcloud.com,48,Austin,US,2026-06-05 03:20:54
2026-06-05,HR,ZenPayroll Labs,237-338-9221,sales@zenpayrolllabs.com,https://www.zenpayrolllabs.com,12,Berlin,DE,2026-06-05 05:23:10
2026-06-05,ERP,Sable FinLogic,1-744-613-3256,sales@sablefinlogic.com,https://www.sablefinlogic.com,2796,Chicago,US,2026-06-05 04:54:53
2026-06-05,ERP,HaloBatchApp,+18847470471,hello@halobatchapp.com,https://www.halobatchapp.com,49,Sydney,AU,2026-06-05 02:48:05
2026-06-05,ERP,Ridge FinSystems,602-491-0930,hello@ridgefinsystems.io,https://www.ridgefinsystems.io,99,Tampa,US,2026-06-05 01:50:21
2026-06-05,LMS,Alta TutorSoft,(911) 402-1578,info@altatutorsoft.com,https://www.altatutorsoft.com,11,Boston,US,2026-06-05 05:00:54
2026-06-05,ERP,Ember ChainFlow,1-926-571-3131,contact@emberchainflow.io,emberchainflow.io,46,Islamabad,PK,2026-06-05 04:27:20
2026-06-05,HR,ArchCulture Base,426.707.9812,sales@archculturebase.com,https://www.archculturebase.com,17,Austin,US,2026-06-05 03:12:43
2026-06-05,ERP,VertexChainDynamics,815.466.3139,hello@vertexchaindynamics.com,https://www.vertexchaindynamics.com,2762,Bengaluru,IN,2026-06-05 05:01:41
2026-06-05,LMS,Vertex SkillBase,+13562433197,hello@vertexskillbase.io,https://www.vertexskillbase.io,70,Munich,DE,2026-06-05 03:38:54
2026-06-05,ERP,NovaStock Cloud,+19244160635,hello@novastockcloud.co,https://www.novastockcloud.co,22,Sydney,AU,2026-06-05 01:49:11
2026-06-05,ERP,Umbra OrderPlatform,(288) 423-1500,null,https://www.umbraorderplatform.com,343,Atlanta,US,2026-06-05 03:33:50
2026-06-05,ERP,True BatchCore,594.616.5080,hello@truebatchcore.net,https://www.truebatchcore.net,838,Atlanta,US,2026-06-05 04:05:06
2026-06-05,HR,ZephyrShift Desk,(842) 753-0837,hello@zephyrshiftdesk.com,https://www.zephyrshiftdesk.com,8,Chicago,US,2026-06-05 02:19:09
2026-06-05,Legal,Xenon VerdictSolutions,06274573507,hello@xenonverdictsolutions.io,https://www.xenonverdictsolutions.io,970,Denver,US,2026-06-05 04:04:42
2026-06-05,LMS,PrimeLearnFlow,286-829-2023,info@primelearnflow.co,https://www.primelearnflow.co,3529,Calgary,CA,2026-06-05 04:15:51
2026-06-05,ERP,PivotBatch Base,+12629663029 ext. 57,contact@pivotbatchbase.com,https://www.pivotbatchbase.com,16,Raleigh,US,2026-06-05 03:18:43
2026-06-05,Medical,Delta PulsePoint,1-356-657-5289,contact@deltapulsepoint.com,deltapulsepoint.com,909,Atlanta,US,2026-06-05 01:52:19
2026-06-05,HR,Ridge TalentCloud,673.561.5538,hello@ridgetalentcloud.com,https://www.ridgetalentcloud.com,459,Atlanta,US,2026-06-05 02:27:39
2026-06-05,HR,QuantumPeopleLogic,+1 (716) 648-7552,info@quantumpeoplelogic.net,https://www.quantumpeoplelogic.net,1113,Seattle,US,2026-06-05 03:56:17
2026-06-05,Legal,Atlas Case Staffing,+16598879287,sales@atlascasestaffing.co,https://www.atlascasestaffing.co,168,Berlin,DE,2026-06-05 01:09:24
2026-06-05,ERP,QuantumFin Suite,3458880294,sales@quantumfinsuite.net,https://www.quantumfinsuite.net,11,Boston,US,2026-06-05 04:00:51
2026-06-05,ERP,ApexOpsWorks,608-227-1417,info@apexopsworks.com,apexopsworks.com,14,Phoenix,US,2026-06-05 01:45:40
2026-06-05,ERP,PolarisOps Hub,+14554285315,contact@polarisopshub.net,https://polarisopshub.net,32,Vancouver,CA,2026-06-05 06:54:05
2026-06-05,HR,TidalTeamSuite,1-921-608-2276,contact@tidalteamsuite.com,https://tidalteamsuite.com,12,Bengaluru,IN,2026-06-05 01:28:33
2026-06-05,ERP,North BatchLabs,(922) 441-8194,contact@northbatchlabs.com,https://www.northbatchlabs.com,15,Vancouver,CA,2026-06-05 01:54:59
2026-06-05,ERP,Silver ChainCore,1-345-747-7884,hello@silverchaincore.com,https://silverchaincore.com,6,Amsterdam,NL,2026-06-05 03:54:38
2026-06-05,MSP Platform,IronNode Flow,+12779012176,hello@ironnodeflow.com,https://www.ironnodeflow.com,49,Columbus,US,2026-06-05 03:21:25
2026-06-05,Medical,Vertex CareSoft,05783189109,hello@vertexcaresoft.com,https://www.vertexcaresoft.com,241,Austin,US,2026-06-05 01:22:42
2026-06-05,MSP Platform,Prime RemoteCore,494-921-2600,sales@primeremotecore.com,primeremotecore.com,878,Atlanta,US,2026-06-05 01:27:51
2026-06-05,MSP Platform,Zephyr StackBase,+16508840338,info@zephyrstackbase.com,https://www.zephyrstackbase.com,274,Seattle,US,2026-06-05 04:50:57
2026-06-05,LMS,BrightQuizFlow,(769) 435-3320,N/A,https://brightquizflow.com,45,Leeds,UK,2026-06-05 01:22:53
2026-06-05,ERP,Tidal LedgerTech,+1 (905) 725-0046,contact@tidalledgertech.io,https://www.tidalledgertech.io,86,Atlanta,US,2026-06-05 01:54:03
2026-06-05,HR,Omni TalentDesk,(385) 639-5726,info@omnitalentdesk.com,omnitalentdesk.com,3163,Chicago,US,2026-06-05 04:12:27
2026-06-05,LMS,BeaconQuiz Base,1-967-234-2604,info@beaconquizbase.com,https://www.beaconquizbase.com,380,Columbus,US,2026-06-05 03:22:06
2026-06-05,Legal,LumenCase Works,+1 (716) 357-5896,hello@lumencaseworks.com,https://www.lumencaseworks.com,730,Columbus,US,2026-06-05 03:51:56
2026-06-05,Medical,RapidHealth Flow,9808468370,sales@rapidhealthflow.com,https://rapidhealthflow.com,38,Atlanta,US,2026-06-05 05:56:31
2026-06-05,ERP,SummitPlan Sphere,(538) 854-6961,sales@summitplansphere.io,https://summitplansphere.io,5,Phoenix,US,2026-06-05 05:09:24
2026-06-05,Medical,SilverClinic Sync,701-896-6207,info@silverclinicsync.com,https://www.silverclinicsync.com,15,Boston,US,2026-06-05 03:04:26
2026-06-05,HR,Cedar BenefitTech,(879) 491-4342,sales@cedarbenefittech.com,https://www.cedarbenefittech.com,35,Phoenix,US,2026-06-05 03:42:49
2026-06-05,Legal,RavenCompliBase,+18928402534,info@ravencomplibase.co,https://www.ravencomplibase.co,500,Denver,US,2026-06-05 06:05:57
2026-06-05,Medical,BeaconTriageApp Solutions LLC,(724) 755-6240,info@beacontriageapp.net,https://www.beacontriageapp.net,394,Tampa,US,2026-06-05 03:45:42
2026-06-05,HR,Pivot RosterSystems,(447) 961-6729 ext. 33,hello@pivotrostersystems.com,https://pivotrostersystems.com,34,Atlanta,US,2026-06-05 04:52:57
2026-06-05,Legal,ZephyrCompliDynamics,1-870-454-4109,info@zephyrcomplidynamics.net,https://zephyrcomplidynamics.net,18,Columbus,US,2026-06-05 02:46:12
2026-06-05,Medical,OrbitPulseHub,(522) 290-3829,sales@orbitpulsehub.net,https://orbitpulsehub.net,63,Tampa,US,2026-06-05 02:03:16
2026-06-05,HR,SableTeamCore,+16052031378,sales@sableteamcore.com,https://www.sableteamcore.com,501,Phoenix,US,2026-06-05 04:55:43
2026-06-05,HR,RidgeTalent Flow,729-508-9696,contact@ridgetalentflow.com,https://ridgetalentflow.com,266,Columbus,US,2026-06-05 05:05:38
2026-06-05,HR,AltaOnboard Flow,(356) 241-6343,info@altaonboardflow.net,https://www.altaonboardflow.net,8,Seattle,US,2026-06-05 04:59:46
2026-06-05,HR,HarborPeopleCore,1-559-255-8290,info@harborpeoplecore.co,https://www.harborpeoplecore.co,10,Columbus,US,2026-06-05 01:24:23
2026-06-05,HR,BeaconShiftFlow,+17088563706,sales@beaconshiftflow.com,beaconshiftflow.com,47,Columbus,US,2026-06-05 06:49:41
2026-06-05,HR,ZenPayrollDesk,(407) 929-1411,info@zenpayrolldesk.com,https://zenpayrolldesk.com,76,Karachi,PK,2026-06-05 02:23:14
2026-06-05,HR,RapidRoster Labs,(891) 395-1961,hello@rapidrosterlabs.net,rapidrosterlabs.net,9,Boston,US,2026-06-05 04:32:47
2026-06-05,HR,KeystoneCulture Core,327.788.1694,info@keystoneculturecore.com,https://keystoneculturecore.com,36,Seattle,US,2026-06-05 03:38:04
2026-06-05,HR,MosaicBénefit Platform,(868) 498-8753,sales@mosaicbenefitplatform.net,https://mosaicbenefitplatform.net,66,Boston,US,2026-06-05 04:28:37
2026-06-05,HR,Vertex CultureLabs,(385) 494-7313,sales@vertexculturelabs.io,https://www.vertexculturelabs.io,24,Seattle,US,2026-06-05 01:29:34
2026-06-05,Medical,TidalChartLabs,1-860-809-3469,hello@tidalchartlabs.io,https://tidalchartlabs.io,12,Phoenix,US,2026-06-05 06:33:49
2026-06-05,Legal,TrueMatterDesk,+18307406044,sales@truematterdesk.co,https://www.truematterdesk.co,1295,Toronto,CA,2026-06-05 06:16:19
2026-06-05,LMS,ClearPathSolutions,816-462-7041,hello@clearpathsolutions.net,https://www.clearpathsolutions.net,401,Boston,US,2026-06-05 04:28:43
2026-06-05,ERP,ZenLedger Hub,5575559726,contact@zenledgerhub.co,https://www.zenledgerhub.co,5,Tampa,US,2026-06-05 02:06:43
2026-06-05,HR,Sable OnboardApp,+14704961658,contact@sableonboardapp.com,https://www.sableonboardapp.com,1536,Phoenix,US,2026-06-05 01:38:48
2026-06-05,HR,QuantumCultureHub,(863) 790-0555,hello@quantumculturehub.co,https://www.quantumculturehub.co,25,Atlanta,US,2026-06-05 05:06:41
2026-06-05,Medical,Delta RxSuite,+13607563011,info@deltarxsuite.net,https://www.deltarxsuite.net,450,Tampa,US,2026-06-05 01:18:24
2026-06-05,Medical,Nova MedLabs,342-829-1581,hello@novamedlabs.com,https://novamedlabs.com,33,Tampa,US,2026-06-05 04:55:56
2026-06-05,Legal,Solid BriefCloud,+16033296648,hello@solidbriefcloud.com,https://www.solidbriefcloud.com,77,Austin,US,2026-06-05 03:55:20
2026-06-05,ERP,Summit FinApp,304.992.3525,info@summitfinapp.com,https://www.summitfinapp.com,767,Raleigh,US,2026-06-05 01:33:42
2026-06-05,Legal,MosaicClause Desk,8535448344,info@mosaicclausedesk.com,https://www.mosaicclausedesk.com,311,Calgary,CA,2026-06-05 03:19:30
2026-06-05,ERP,Crown OpsHub,(573) 746-0707,info@crownopshub.io,https://www.crownopshub.io,5,Boston,US,2026-06-05 02:09:59
2026-06-05,Legal,Ridge Matter Recruiting,371-656-7716,info@ridgematterrecruiting.com,https://ridgematterrecruiting.com,3897,Boston,US,2026-06-05 06:38:33
2026-06-05,Medical,CoreHealthDesk,644-689-8944,contact@corehealthdesk.com,https://www.corehealthdesk.com,928,-,US,2026-06-05 02:53:30
2026-06-05,ERP,Quartz ForgeSuite,1-936-246-5196,hello@quartzforgesuite.com,https://www.quartzforgesuite.com,7,Seattle,US,2026-06-05 04:52:30
2026-06-05,ERP,CedarLedger Works,706.302.4979,hello@cedarledgerworks.co,https://www.cedarledgerworks.co,380,Melbourne,AU,2026-06-05 05:45:18
2026-06-05,ERP,Fusion OrderApp,+12137669073 ext. 58,hello@fusionorderapp.com,https://www.fusionorderapp.com,91,Atlanta,US,2026-06-05 02:52:17
2026-06-05,MSP Platform,AnchorRemoteLogic,515.946.3789,contact@anchorremotelogic.io,https://anchorremotelogic.io,70,Atlanta,US,2026-06-05 03:14:41
2026-06-05,Legal,PrimeClauseApp,586-563-0298,info@primeclauseapp.co,https://www.primeclauseapp.co,463,Boston,US,2026-06-05 06:49:39
2026-06-05,Medical,Onyx PulseSoft,6659351959,hello@onyxpulsesoft.com,onyxpulsesoft.com,16,Vancouver,CA,2026-06-05 05:48:48
2026-06-05,Medical,ApexPulseBase,+12527989299,contact@apexpulsebase.com,https://www.apexpulsebase.com,39,Calgary,CA,2026-06-05 01:33:37
2026-06-05,MSP Platform,PivotStack Sphere,+1 (271) 597-5872,sales@pivotstacksphere.co,https://www.pivotstacksphere.co,,Atlanta,US,2026-06-05 03:33:58
2026-06-05,HR,Bright RosterFlow,428-533-0421,contact@brightrosterflow.io,https://www.brightrosterflow.io,263,Tampa,US,2026-06-05 03:41:00
2026-06-05,Legal,Xenon DocketHub,(325) 368-5945,hello@xenondockethub.io,xenondockethub.io,20,Austin,US,2026-06-05 05:06:11
2026-06-05,Legal,LumenClause Cloud,(642) 821-2115,sales@lumenclausecloud.com,lumenclausecloud.com,19,Chicago,US,2026-06-05 02:54:16
2026-06-05,Legal,BrightCounsel Suite,1-733-546-4971,hello@brightcounselsuite.io,https://www.brightcounselsuite.io,44,Lahore,PK,2026-06-05 03:15:38
2026-06-05,HR,RapidPayrollSync,1-575-214-4892,sales@rapidpayrollsync.com,https://rapidpayrollsync.com,552,Singapore,SG,2026-06-05 01:59:24
2026-06-05,ERP,Alta BatchTech,8993557531,contact@altabatchtech.com,https://altabatchtech.com,797,Islamabad,PK,2026-06-05 05:33:51
2026-06-05,ERP,EmberBatchPlatform,1-358-580-3832,sales@emberbatchplatform.net,https://emberbatchplatform.net,167,Melbourne,AU,2026-06-05 02:44:30
2026-06-05,MSP Platform,OnyxRemoteDynamics,+12238471163,contact@onyxremotedynamics.com,onyxremotedynamics.com,967,Hyderabad,IN,2026-06-05 04:29:24
2026-06-05,HR,Ridge TalentCore,+15686135832,sales@ridgetalentcore.io,ridgetalentcore.io,566,Columbus,US,2026-06-05 02:38:53
2026-06-05,LMS,VeloMentor Soft,1-414-695-4711,hello@velomentorsoft.com,https://velomentorsoft.com,55,Raleigh,US,2026-06-05 05:26:17
2026-06-05,Legal,VertexBriefDesk,+14328563025,contact@vertexbriefdesk.com,https://vertexbriefdesk.com,21,Austin,US,2026-06-05 01:25:25
2026-06-05,Medical,ArchRx Works,688.898.4953,sales@archrxworks.com,https://www.archrxworks.com,27,Bengaluru,IN,2026-06-05 01:11:10
2026-06-05,ERP,Prime FinCloud,8222845250,info@primefincloud.com,https://www.primefincloud.com,36,Boston,US,2026-06-05 06:21:53
2026-06-05,HR,BluePeople Sync,+19394959766,N/A,https://www.bluepeoplesync.com,9,Tampa,US,2026-06-05 05:25:33
2026-06-05,LMS,Raven TrainWorks,(401) 755-4407,info@raventrainworks.com,https://raventrainworks.com,120,Denver,US,2026-06-05 01:38:17
2026-06-05,ERP,Raven ResourceSoft,+18342739958,sales@ravenresourcesoft.com,https://ravenresourcesoft.com,105,Manchester,UK,2026-06-05 05:52:28
2026-06-05,Medical,ClearClinicApp,(569) 795-7483,sales@clearclinicapp.io,https://www.clearclinicapp.io,420,Tampa,US,2026-06-05 01:44:32
2026-06-05,MSP Platform,CrestStack Logic,9655217546,contact@creststacklogic.com,https://www.creststacklogic.com,55,Austin,US,2026-06-05 05:20:37
2026-06-05,LMS,Pioneer TrainSystems,216-815-6837,info@pioneertrainsystems.io,https://pioneertrainsystems.io,6,Atlanta,US,2026-06-05 06:46:43
2026-06-05,HR,Iron PayrollDesk,753.470.6208,contact@ironpayrolldesk.com,ironpayrolldesk.com,14,Raleigh,US,2026-06-05 06:36:39
2026-06-05,HR,LumenPeopleSuite,+19255446443,info@lumenpeoplesuite.com,https://lumenpeoplesuite.com,299,Denver,US,2026-06-05 04:19:40
2026-06-05,HR,Rapid CultureCore,686-769-8457,contact@rapidculturecore.co,https://www.rapidculturecore.co,5,Denver,US,2026-06-05 04:37:52
2026-06-05,Medical,WillowHealthSync,1-634-293-2702,hello@willowhealthsync.io,willowhealthsync.io,8,Austin,US,2026-06-05 05:37:10
2026-06-05,ERP,VistaOps Tech,471.651.3311,,https://www.vistaopstech.co,38,Phoenix,US,2026-06-05 02:15:29
2026-06-05,HR,LumenCulture Works,535-636-3244,contact@lumencultureworks.io,https://lumencultureworks.io,5,Columbus,US,2026-06-05 02:57:02
2026-06-05,LMS,ZephyrTutorPlatform,1-240-892-1630,contact@zephyrtutorplatform.net,zephyrtutorplatform.net,17,Singapore,SG,2026-06-05 05:49:43
2026-06-05,HR,Délta ShiftCore,730-982-6664,contact@deltashiftcore.com,https://www.deltashiftcore.com,931,Raleigh,US,2026-06-05 06:45:38
2026-06-05,ERP,JuniperLedger Flow,289.808.0138,hello@juniperledgerflow.com,https://www.juniperledgerflow.com,399,Raleigh,US,2026-06-05 03:34:01
2026-06-05,MSP Platform,HaloGrid Sync,1-891-730-3540,sales@halogridsync.io,halogridsync.io,34,Vancouver,CA,2026-06-05 04:24:23
2026-06-05,ERP,CoreOpsTech,6033325173,info@coreopstech.co,https://www.coreopstech.co,48,Phoenix,US,2026-06-05 03:21:25
2026-06-05,MSP Platform,Onyx Stack BPO Services,(492) 273-9228,contact@onyxstackbposervices.net,https://www.onyxstackbposervices.net,43,Pune,IN,2026-06-05 02:23:57
2026-06-05,HR,NorthPeopleLabs,05796886444 ext. 62,info@northpeoplelabs.com,northpeoplelabs.com,22,Seattle,US,2026-06-05 03:31:09
2026-06-05,LMS,North CohortSphere,(736) 709-1170,sales@northcohortsphere.io,https://www.northcohortsphere.io,211,Hyderabad,IN,2026-06-05 06:03:10
2026-06-05,MSP Platform,Apex GridBase,+1 (603) 407-2713,hello@apexgridbase.net,apexgridbase.net,466,Hyderabad,IN,2026-06-05 05:08:51
2026-06-05,Medical,AnchorMed Base,376-532-1863,info@anchormedbase.com,https://www.anchormedbase.com,2445,Lahore,PK,2026-06-05 04:20:35
2026-06-05,MSP Platform,NovaEndpoint Sync,(336) 371-9131,sales@novaendpointsync.com,https://www.novaendpointsync.com,N/A,Atlanta,US,2026-06-05 04:22:51
2026-06-05,Legal,KeystoneFiling Hub,4213663638,info@keystonefilinghub.com,https://www.keystonefilinghub.com,156,Tampa,US,2026-06-05 02:09:40
2026-06-05,Medical,Granite MedSphere,3334984534,info@granitemedsphere.net,https://granitemedsphere.net,408,Boston,US,2026-06-05 05:17:04
2026-06-05,Medical,ZenHealth Systems,+17848170891,sales@zenhealthsystems.com,https://www.zenhealthsystems.com,28,Columbus,US,2026-06-05 03:51:26
2026-06-05,MSP Platform,GraniteNodeDesk,(369) 799-1580,hello@granitenodedesk.io,https://www.granitenodedesk.io,null,Munich,DE,2026-06-05 04:39:04
2026-06-05,ERP,CoreResource Hub,572.931.8524,info@coreresourcehub.net,https://www.coreresourcehub.net,88,Columbus,US,2026-06-05 04:06:09
2026-06-05,HR,Anchor TeamCloud,(554) 816-9344,hello@anchorteamcloud.com,https://anchorteamcloud.com,13,Seattle,US,2026-06-05 06:26:43
2026-06-05,HR,Ridgeway PayrollCore,+1 (303) 444-1970 ext. 17,contact@ridgewaypayrollcore.io,https://www.ridgewaypayrollcore.io,16,Boston,US,2026-06-05 03:00:10
2026-06-05,Medical,DeltaMed Point,683.812.1338,info@deltamedpoint.io,https://www.deltamedpoint.io,17,Berlin,DE,2026-06-05 02:39:24
2026-06-05,HR,CrestShift Flow,5787792668,contact@crestshiftflow.net,https://www.crestshiftflow.net,7,Munich,DE,2026-06-05 01:57:17
2026-06-05,Medical,GoldenPulse Base,559.274.1320 ext. 1,info@goldenpulsebase.com,goldenpulsebase.com,6,Boston,US,2026-06-05 05:30:57
2026-06-05,Medical,RidgePatientCore,442-439-4684,sales@ridgepatientcore.net,https://www.ridgepatientcore.net,9,London,UK,2026-06-05 01:36:47
2026-06-05,Medical,Anchor MedSphere,08574189725,sales@anchormedsphere.com,https://anchormedsphere.com,229,Denver,US,2026-06-05 03:33:42
2026-06-05,ERP,Orbit ForgeTech,5747594748,sales@orbitforgetech.com,https://orbitforgetech.com,14,Atlanta,US,2026-06-05 04:47:02
2026-06-05,ERP,IndigoBatchPoint,(717) 351-7797 ext. 61,info@indigobatchpoint.co,https://indigobatchpoint.co,372,Berlin,DE,2026-06-05 04:23:09
2026-06-05,ERP,Prime LedgerCloud,663.312.9445 ext. 33,sales@primeledgercloud.com,primeledgercloud.com,25,Raleigh,US,2026-06-05 05:11:13
2026-06-05,ERP,IronForge Cloud,07548737781,hello@ironforgecloud.com,https://www.ironforgecloud.com,7,Denver,US,2026-06-05 04:18:53
2026-06-05,ERP,Core BatchDesk,(838) 488-0748,sales@corebatchdesk.co,https://www.corebatchdesk.co,21,Manchester,UK,2026-06-05 01:56:20
2026-06-05,Legal,VeloDocket Works,+16106804842,contact@velodocketworks.io,velodocketworks.io,9,Manchester,UK,2026-06-05 03:36:41
2026-06-05,ERP,NorthBatch Soft,(965) 596-3819,hello@northbatchsoft.com,https://northbatchsoft.com,7,Sydney,AU,2026-06-05 01:51:22
2026-06-05,Medical,Ember HealthSystems,+15692732463,null,emberhealthsystems.com,18,Calgary,CA,2026-06-05 04:30:42
2026-06-05,ERP,AtlasOrder Hub,1-411-356-9907,hello@atlasorderhub.com,https://www.atlasorderhub.com,83,Chicago,US,2026-06-05 06:20:06
2026-06-05,HR,Golden PeoplePoint,367.808.7059,contact@goldenpeoplepoint.com,https://goldenpeoplepoint.com,245,Leeds,UK,2026-06-05 06:15:41
2026-06-05,HR,Ember PerformSync,+1 (481) 601-5481,sales@emberperformsync.co,https://emberperformsync.co,274,Denver,US,2026-06-05 03:57:36
2026-06-05,Legal,RidgeMatterFlow,+12697583686,info@ridgematterflow.com,ridgematterflow.com,3048,Atlanta,US,2026-06-05 03:01:26
2026-06-05,Legal,Prime CompliSystems,(970) 470-3036,contact@primecomplisystems.io,https://www.primecomplisystems.io,48,London,UK,2026-06-05 02:19:03
2026-06-05,MSP Platform,Omni NetPoint,628-619-8456,sales@omninetpoint.com,https://www.omninetpoint.com,218,Melbourne,AU,2026-06-05 05:36:29
2026-06-05,MSP Platform,NovaUptime Flow,(931) 357-3567,hello@novauptimeflow.com,https://www.novauptimeflow.com,17,Tampa,US,2026-06-05 05:44:38
2026-06-05,MSP Platform,TidalPatchTech,1-692-520-0844,info@tidalpatchtech.com,https://tidalpatchtech.com,13,Phoenix,US,2026-06-05 04:06:56
2026-06-05,Medical,BrightRx Soft,606-725-7597,info@brightrxsoft.io,https://www.brightrxsoft.io,38,Denver,US,2026-06-05 06:38:30
2026-06-05,MSP Platform,UmbraTicket’s Base,716-584-8452,hello@umbraticketbase.com,https://www.umbraticketbase.com,11,Denver,US,2026-06-05 02:05:50
2026-06-05,MSP Platform,FalconPatch Sphere,+1 (745) 732-0618,info@falconpatchsphere.net,https://www.falconpatchsphere.net,205,Melbourne,AU,2026-06-05 02:36:59
2026-06-05,ERP,BrightOrderSolutions,+13754316780 ext. 93,contact@brightordersolutions.com,https://www.brightordersolutions.com,11,Phoenix,US,2026-06-05 02:11:56
2026-06-05,HR,Mosaic TalentPoint,650-580-7019,contact@mosaictalentpoint.com,https://mosaictalentpoint.com,226,Denver,US,2026-06-05 06:50:56
2026-06-05,LMS,LumenTutor Core,428-511-0790,info@lumentutorcore.com,https://www.lumentutorcore.com,17,Phoenix,US,2026-06-05 04:34:49
2026-06-05,ERP,RavenFin Dynamics,+1 (252) 656-1123,info@ravenfindynamics.io,https://www.ravenfindynamics.io,198,Phoenix,US,2026-06-05 03:11:37
2026-06-05,Medical,ZenRx Cloud,(898) 243-4664,sales@zenrxcloud.com,https://www.zenrxcloud.com,639,Manchester,UK,2026-06-05 05:39:38
2026-06-05,LMS,Meta QuizSphere,5216286247,,https://metaquizsphere.co,25,Munich,DE,2026-06-05 03:18:30
2026-06-05,Legal,Sable ClauseDesk,+12457852252,info@sableclausedesk.com,https://www.sableclausedesk.com,20,Phoenix,US,2026-06-05 05:29:22
2026-06-05,MSP Platform,BrightUptime Hub,534-917-5676,hello@brightuptimehub.com,https://www.brightuptimehub.com,47,Sydney,AU,2026-06-05 02:22:35
2026-06-05,ERP,MetaChainDesk,(911) 500-8807,contact@metachaindesk.net,https://www.metachaindesk.net,19,Boston,US,2026-06-05 03:45:52
2026-06-05,HR,Atlas TeamLabs,+1 (945) 795-0131,info@atlasteamlabs.com,https://www.atlasteamlabs.com,303,London,UK,2026-06-05 05:34:50
2026-06-05,Medical,PioneerVital Systems,+1 (649) 622-0080,hello@pioneervitalsystems.co,https://pioneervitalsystems.co,13,Atlanta,US,2026-06-05 02:37:36
2026-06-05,Legal,Quantum DocketSuite,(905) 468-3938,contact@quantumdocketsuite.com,https://quantumdocketsuite.com,212,Melbourne,AU,2026-06-05 04:45:41
2026-06-05,ERP,HaloFin Solutions,1-345-546-6857,info@halofinsolutions.com,https://www.halofinsolutions.com,7,Austin,US,2026-06-05 06:16:45
2026-06-05,LMS,AnchorCohort Sync,(468) 839-6796,info@anchorcohortsync.com,https://anchorcohortsync.com,43,Atlanta,US,2026-06-05 01:02:15
2026-06-05,HR,Iron OnboardTech,592-937-2319,contact@irononboardtech.co,https://www.irononboardtech.co,694,London,UK,2026-06-05 06:14:58
2026-06-05,ERP,Summit ChainHub,7075555361,sales@summitchainhub.com,https://www.summitchainhub.com,3465,Boston,US,2026-06-05 06:27:49
2026-06-05,ERP,FalconFin Solutions,1-218-569-0226,hello@falconfinsolutions.com,https://www.falconfinsolutions.com,16,Columbus,US,2026-06-05 03:14:43
2026-06-05,HR,IronBenefitBase,(980) 750-7808,contact@ironbenefitbase.com,https://www.ironbenefitbase.com,5,Singapore,SG,2026-06-05 06:13:49
2026-06-05,HR,RidgeTalentSuite,968-587-4731 ext. 81,sales@ridgetalentsuite.com,https://www.ridgetalentsuite.com,150,Manchester,UK,2026-06-05 01:34:44
2026-06-05,Medical,Blue PulseCloud,483-202-3787,contact@bluepulsecloud.com,https://www.bluepulsecloud.com,392,Islamabad,PK,2026-06-05 03:16:25
2026-06-05,ERP,Xenon ChainCore,+1 (974) 575-2006,contact@xenonchaincore.io,https://xenonchaincore.io,87,Atlanta,US,2026-06-05 05:57:46
2026-06-05,LMS,JuniperPath Tech,937.424.0747,contact@juniperpathtech.com,https://juniperpathtech.com,118,Tampa,US,2026-06-05 03:16:37
2026-06-05,LMS,LatticePathSphere,331-216-2412,sales@latticepathsphere.net,https://www.latticepathsphere.net,77,Columbus,US,2026-06-05 04:12:14
2026-06-05,Legal,GoldenMatterHub,925-542-8935,hello@goldenmatterhub.com,goldenmatterhub.com,5,Austin,US,2026-06-05 01:16:46
2026-06-05,ERP,TidalLedger Tech,+16985820438,sales@tidalledgertech.com,https://www.tidalledgertech.com,36,Tampa,US,2026-06-05 06:22:50
2026-06-05,MSP Platform,SolidPatchSystems,07514041508,info@solidpatchsystems.com,https://www.solidpatchsystems.com,26,N/A,PK,2026-06-05 01:29:04
2026-06-05,LMS,PionéerLessonSystems,4115670431,hello@pioneerlessonsystems.com,https://pioneerlessonsystems.com,26,Denver,US,2026-06-05 03:16:53
2026-06-05,ERP,Iron FinSphere,(957) 888-2308,null,ironfinsphere.com,159,London,UK,2026-06-05 03:06:16
2026-06-05,ERP,Cedar FinBase,+14286969697,hello@cedarfinbase.com,https://www.cedarfinbase.com,19,Melbourne,AU,2026-06-05 06:32:18
2026-06-05,ERP,NimbusStock Logic,+13025644693,sales@nimbusstocklogic.com,https://www.nimbusstocklogic.com,17,Raleigh,US,2026-06-05 06:03:36
2026-06-05,HR,Crest ShiftBase,912.830.0265,sales@crestshiftbase.com,crestshiftbase.com,33,Chicago,US,2026-06-05 01:02:20
2026-06-05,ERP,PioneerPlanSphere,4379862053,sales@pioneerplansphere.com,https://www.pioneerplansphere.com,19,Seattle,US,2026-06-05 03:23:20
2026-06-05,Legal,Cobalt Filing Talent Agency,03449009082,sales@cobaltfilingtalentagency.io,https://www.cobaltfilingtalentagency.io,N/A,Austin,US,2026-06-05 01:23:07
2026-06-05,MSP Platform,MosaicMonitorSolutions,350.627.7038,hello@mosaicmonitorsolutions.com,https://mosaicmonitorsolutions.com,44,Vancouver,CA,2026-06-05 04:56:56
2026-06-05,MSP Platform,Mosaic EndpointHub,682-309-6735,hello@mosaicendpointhub.com,https://www.mosaicendpointhub.com,137,Karachi,PK,2026-06-05 01:17:31
2026-06-05,MSP Platform,CrestTicketDesk,903-250-9480,contact@crestticketdesk.com,https://crestticketdesk.com,442,Chicago,US,2026-06-05 04:50:56
2026-06-05,Medical,AtlasVitalCore,4937984348 ext. 57,contact@atlasvitalcore.net,https://www.atlasvitalcore.net,91,Boston,US,2026-06-05 03:51:12
2026-06-05,Medical,Indigo RxPlatform,867.698.6129,hello@indigorxplatform.com,https://www.indigorxplatform.com,43,Atlanta,US,2026-06-05 06:24:59
2026-06-05,MSP Platform,PioneerEndpoint Tech,1-234-743-0246,hello@pioneerendpointtech.com,https://www.pioneerendpointtech.com,5,Austin,US,2026-06-05 02:42:38
2026-06-05,MSP Platform,Zephyr NodeLabs,658-805-1067,contact@zephyrnodelabs.io,https://zephyrnodelabs.io,4337,Denver,US,2026-06-05 06:24:54
2026-06-05,ERP,QuartzOpsApp,03994573698,contact@quartzopsapp.io,https://www.quartzopsapp.io,59,Raleigh,US,2026-06-05 03:35:58
2026-06-05,MSP Platform,VistaStackPlatform,(542) 852-6932,sales@vistastackplatform.com,https://vistastackplatform.com,308,Seattle,US,2026-06-05 01:26:16
2026-06-05,ERP,DeltaPlan Cloud,(426) 269-9968,contact@deltaplancloud.io,https://www.deltaplancloud.io,638,N/A,US,2026-06-05 06:07:53
2026-06-05,Legal,EmberClauseHub,7505995747,hello@emberclausehub.io,https://emberclausehub.io,19,Manchester,UK,2026-06-05 04:49:57
2026-06-05,ERP,Raven LedgerPoint,+19763136861,hello@ravenledgerpoint.net,https://ravenledgerpoint.net,23,Toronto,CA,2026-06-05 04:05:38
2026-06-05,MSP Platform,UmbraTicketWorks,08734255642,contact@umbraticketworks.io,umbraticketworks.io,52,London,UK,2026-06-05 02:07:11
2026-06-05,Medical,Omni OpsLogic,(553) 398-0564,sales@omniopslogic.net,https://www.omniopslogic.net,3455,London,UK,2026-06-05 01:10:29
2026-06-05,MSP Platform,North NodeHub,(523) 984-9232,info@northnodehub.com,https://www.northnodehub.com,162,Karachi,PK,2026-06-05 03:03:41
2026-06-05,ERP,NovaStock Flow,+12314871304,info@novastockflow.io,https://novastockflow.io,189,Raleigh,US,2026-06-05 01:48:58
2026-06-05,Medical,NimbusHealth Soft,688-903-7804,contact@nimbushealthsoft.io,https://www.nimbushealthsoft.io,31,Melbourne,AU,2026-06-05 01:27:05
2026-06-05,ERP,Apex StockWorks,1-257-459-4513,info@apexstockworks.io,https://www.apexstockworks.io,145,Denver,US,2026-06-05 01:14:53
2026-06-05,HR,Raven PeopleApp,(907) 927-1026,sales@ravenpeopleapp.com,https://ravenpeopleapp.com,76,Chicago,US,2026-06-05 02:32:29
2026-06-05,MSP Platform,Sable NodePlatform,571-823-2165,hello@sablenodeplatform.io,https://www.sablenodeplatform.io,74,Toronto,CA,2026-06-05 04:34:56
2026-06-05,ERP,Quantum ResourceHub,1-634-316-5117 ext. 17,contact@quantumresourcehub.com,https://www.quantumresourcehub.com,366,Manchester,UK,2026-06-05 03:31:40
2026-06-05,ERP,CedarLedgerWorks,635.521.9791,sales@cedarledgerworks.co,https://www.cedarledgerworks.co,2233,Tampa,US,2026-06-05 05:25:59
2026-06-05,HR,Halo PayrollSoft,+1 (499) 769-7298,hello@halopayrollsoft.io,halopayrollsoft.io,61,Sydney,AU,2026-06-05 05:58:54
2026-06-05,Medical,TidalChartSoft,1-785-328-4808,hello@tidalchartsoft.com,https://www.tidalchartsoft.com,79,Chicago,US,2026-06-05 01:37:29
2026-06-05,HR,JuniperPerform Suite,+19338484089,contact@juniperperformsuite.com,https://www.juniperperformsuite.com,null,Seattle,US,2026-06-05 06:07:32
2026-06-05,MSP Platform,VeloCare Suite,+19177264008 ext. 11,hello@velocaresuite.com,https://www.velocaresuite.com,179,Austin,US,2026-06-05 05:21:36
2026-06-05,MSP Platform,WillowRemoteWorks,(478) 511-4114,contact@willowremoteworks.net,https://www.willowremoteworks.net,7,Austin,US,2026-06-05 03:19:40
2026-06-05,MSP Platform,ClearRemoteWorks,520-683-0133,sales@clearremoteworks.io,https://www.clearremoteworks.io,2625,Atlanta,US,2026-06-05 02:54:06
2026-06-05,HR,UmbraPeople Flow,(374) 983-5429,hello@umbrapeopleflow.com,https://www.umbrapeopleflow.com,16,Boston,US,2026-06-05 02:21:00
2026-06-05,Legal,NovaCounsel Suite,+16307922134,info@novacounselsuite.com,https://novacounselsuite.com,27,Tampa,US,2026-06-05 05:02:49
2026-06-05,Medical,CedarClinic Logic,(947) 862-0912,info@cedarcliniclogic.com,https://www.cedarcliniclogic.com,-,Columbus,US,2026-06-05 03:52:47
2026-06-05,Medical,GoldenClinicSphere,+15274847110,info@goldenclinicsphere.com,https://goldenclinicsphere.com,27,Manchester,UK,2026-06-05 04:45:01
2026-06-05,HR,RapidPerform Desk,953.305.5065,contact@rapidperformdesk.com,rapidperformdesk.com,39,Seattle,US,2026-06-05 03:48:55
2026-06-05,Medical,RidgeTriageDesk,+14748374449,info@ridgetriagedesk.co,https://www.ridgetriagedesk.co,32,Chicago,US,2026-06-05 06:47:17
2026-06-05,Legal,AnchorFiling Systems,578-290-3745,info@anchorfilingsystems.net,https://www.anchorfilingsystems.net,61,Hyderabad,IN,2026-06-05 02:46:44
2026-06-05,HR,SolidPerform Systems,229-727-6619,hello@solidperformsystems.com,https://solidperformsystems.com,23,Manchester,UK,2026-06-05 05:06:09
2026-06-05,ERP,LumenPlan Desk,(414) 875-8357,info@lumenplandesk.com,https://www.lumenplandesk.com,215,Tampa,US,2026-06-05 05:36:12
2026-06-05,HR,DeltaCultureWorks,2743837805,info@deltacultureworks.com,https://www.deltacultureworks.com,27,null,US,2026-06-05 05:11:42
2026-06-05,HR,UmbraPerform Tech,+1 (463) 664-7821,hello@umbraperformtech.com,https://www.umbraperformtech.com,628,Islamabad,PK,2026-06-05 04:30:42
2026-06-05,HR,QuartzShiftSync,1-436-255-9470,contact@quartzshiftsync.com,https://www.quartzshiftsync.com,63,Melbourne,AU,2026-06-05 04:35:42
2026-06-05,HR,AltaShift Solutions,727-214-2273,info@altashiftsolutions.com,https://altashiftsolutions.com,19,Chicago,US,2026-06-05 05:42:10
2026-06-05,MSP Platform,AtlasNet Tech,4776524757,hello@atlasnettech.com,https://www.atlasnettech.com,49,Dublin,IE,2026-06-05 02:53:22
2026-06-05,HR,AnchorTalentSphere,(372) 322-2267,info@anchortalentsphere.com,https://www.anchortalentsphere.com,254,Lahore,PK,2026-06-05 02:11:45
2026-06-05,Medical,Quartz TriageCore,1-626-492-2214,hello@quartztriagecore.com,https://quartztriagecore.com,28,Austin,US,2026-06-05 06:00:19
2026-06-05,Legal,TrueVerdict Dynamics,628.297.2910,hello@trueverdictdynamics.io,https://www.trueverdictdynamics.io,68,London,UK,2026-06-05 06:21:30
2026-06-05,MSP Platform,PolarisNetPlatform,+12964123640,contact@polarisnetplatform.com,https://polarisnetplatform.com,96,London,UK,2026-06-05 02:59:40
2026-06-05,Medical,Vertex VitalHub,1-961-682-5643,info@vertexvitalhub.com,https://www.vertexvitalhub.com,13,Hyderabad,IN,2026-06-05 01:21:38
2026-06-05,Medical,Ember VitalSoft,842.760.3459,info@embervitalsoft.com,https://www.embervitalsoft.com,37,Phoenix,US,2026-06-05 02:43:19
2026-06-05,ERP,SolidStockFlow,+19719139568,info@solidstockflow.io,https://www.solidstockflow.io,39,Dublin,IE,2026-06-05 01:08:31
2026-06-05,MSP Platform,RapidRemoteDynamics,430-522-6430,contact@rapidremotedynamics.io,rapidremotedynamics.io,-,Raleigh,US,2026-06-05 06:12:58
2026-06-05,Legal,RidgewayVerdictBase,285.722.1461,contact@ridgewayverdictbase.io,https://www.ridgewayverdictbase.io,3794,Manchester,UK,2026-06-05 06:37:03
2026-06-05,ERP,Delta ChainSuite,626-347-3375,sales@deltachainsuite.com,https://deltachainsuite.com,475,Boston,US,2026-06-05 01:50:24
2026-06-05,MSP Platform,OnyxTicketSuite,+12368628284,contact@onyxticketsuite.io,https://onyxticketsuite.io,88,Seattle,US,2026-06-05 01:02:24
2026-06-05,ERP,TidalChainWorks,4338424704,info@tidalchainworks.com,https://tidalchainworks.com,83,Berlin,DE,2026-06-05 04:42:14
2026-06-05,Legal,QuartzFiling Soft,+12676892587,hello@quartzfilingsoft.com,https://www.quartzfilingsoft.com,28,Chicago,US,2026-06-05 01:36:33
2026-06-05,Legal,AnchorVerdictDesk,(224) 847-6314,contact@anchorverdictdesk.com,https://anchorverdictdesk.com,12,Islamabad,PK,2026-06-05 01:09:04
2026-06-05,Medical,VistaRxWorks,(542) 602-8980 ext. 30,-,vistarxworks.com,485,Seattle,US,2026-06-05 01:08:09
2026-06-05,ERP,Prime BatchSystems,1-767-253-2765,contact@primebatchsystems.com,https://primebatchsystems.com,222,Denver,US,2026-06-05 04:29:25
2026-06-05,Legal,CrestBriefLabs,+1 (945) 966-8646,hello@crestbrieflabs.co,https://www.crestbrieflabs.co,17,Raleigh,US,2026-06-05 04:07:03
2026-06-05,HR,PioneerPeopleSync,09498616906,sales@pioneerpeoplesync.com,https://www.pioneerpeoplesync.com,777,Atlanta,US,2026-06-05 02:14:49
2026-06-05,ERP,LumenOrder Systems,(951) 502-6049,sales@lumenordersystems.com,https://www.lumenordersystems.com,3134,Pune,IN,2026-06-05 04:40:25
2026-06-05,Legal,Cobalt BriefCloud,5266523021,info@cobaltbriefcloud.com,https://cobaltbriefcloud.com,135,Phoenix,US,2026-06-05 01:59:08
2026-06-05,HR,VertexBenefit Tech,+18299212468,sales@vertexbenefittech.com,https://vertexbenefittech.com,12,Phoenix,US,2026-06-05 02:36:23
2026-06-05,ERP,Solid ChainHub,2853797786,info@solidchainhub.io,https://solidchainhub.io,54,Toronto,CA,2026-06-05 06:02:02
2026-06-05,MSP Platform,QuartzStock Core,(525) 519-9896,sales@quartzstockcore.net,quartzstockcore.net,203,Munich,DE,2026-06-05 03:38:53
2026-06-05,Legal,LumenVerdict Solutions,725-579-2673 ext. 58,info@lumenverdictsolutions.com,https://www.lumenverdictsolutions.com,72,Atlanta,US,2026-06-05 04:02:19
2026-06-05,ERP,Harbor BatchTech,(758) 669-0170 ext. 89,hello@harborbatchtech.io,https://harborbatchtech.io,389,Toronto,CA,2026-06-05 01:02:25
2026-06-05,ERP,LumenLedger Point,+18914922985,info@lumenledgerpoint.io,https://www.lumenledgerpoint.io,19,Austin,US,2026-06-05 05:35:41
2026-06-05,ERP,NovaPlanDynamics,516-661-8502,info@novaplandynamics.co,https://www.novaplandynamics.co,60,Austin,US,2026-06-05 05:30:43
2026-06-05,Medical,Umbra PatientPoint,(206) 345-3432,contact@umbrapatientpoint.com,https://www.umbrapatientpoint.com,78,Atlanta,US,2026-06-05 03:43:43
2026-06-05,Medical,LumenPatientSync,6988844785,sales@lumenpatientsync.com,https://www.lumenpatientsync.com,22,Pune,IN,2026-06-05 01:59:16
2026-06-05,Legal,Juniper CaseHub,(659) 819-3108,info@junipercasehub.io,https://www.junipercasehub.io,14,Hyderabad,IN,2026-06-05 03:15:09
2026-06-05,LMS,Meta TrainSync,8238525645,info@metatrainsync.io,https://metatrainsync.io,248,Atlanta,US,2026-06-05 04:02:22
2026-06-05,HR,Crown Culture Outsourcing,6037172459,sales@crowncultureoutsourcing.com,https://www.crowncultureoutsourcing.com,36,Austin,US,2026-06-05 01:28:19
2026-06-05,MSP Platform,Silver RemotePlatform,1-560-657-7789,contact@silverremoteplatform.com,https://silverremoteplatform.com,74,Columbus,US,2026-06-05 03:46:53
2026-06-05,Medical,SummitTriage Tech,+1 (346) 815-3503,hello@summittriagetech.com,https://summittriagetech.com,119,Singapore,SG,2026-06-05 03:32:21
2026-06-05,HR,CoreOnboard Sphere,398-844-5490,null,https://coreonboardsphere.com,772,Raleigh,US,2026-06-05 04:49:09
2026-06-05,ERP,CrestResource Soft,1-596-676-7246,hello@crestresourcesoft.com,https://www.crestresourcesoft.com,59,Phoenix,US,2026-06-05 04:48:55
2026-06-05,Medical,BoldVitalHub,926-491-4498,info@boldvitalhub.net,https://www.boldvitalhub.net,28,Columbus,US,2026-06-05 03:28:44
2026-06-05,Medical,BeaconPatient Solutions,799-221-1270 ext. 33,hello@beaconpatientsolutions.co,https://www.beaconpatientsolutions.co,20,Tampa,US,2026-06-05 04:21:15
2026-06-05,MSP Platform,VertexRemoteSync,431-862-0999,contact@vertexremotesync.com,vertexremotesync.com,236,N/A,CA,2026-06-05 03:30:11
2026-06-05,ERP,Keystone ChainSync,(348) 262-6777,info@keystonechainsync.com,https://www.keystonechainsync.com,17,Austin,US,2026-06-05 04:51:40
2026-06-05,MSP Platform,ZenEndpoint Flow,289.338.6981,contact@zenendpointflow.com,https://www.zenendpointflow.com,12,Seattle,US,2026-06-05 04:02:41
2026-06-05,Medical,FalconCareSphere,6244155354,info@falconcaresphere.com,https://www.falconcaresphere.com,135,Raleigh,US,2026-06-05 03:08:34
2026-06-05,Legal,BrightClausePlatform,(950) 806-1134,sales@brightclauseplatform.io,https://www.brightclauseplatform.io,11,Toronto,CA,2026-06-05 01:05:25
2026-06-05,Medical,Pioneer RxDynamics,+1 (224) 242-0908,sales@pioneerrxdynamics.io,https://pioneerrxdynamics.io,49,Columbus,US,2026-06-05 05:38:53
2026-06-05,ERP,Nimbus ResourceCore,8796161859,info@nimbusresourcecore.co,nimbusresourcecore.co,30,Munich,DE,2026-06-05 02:53:18
2026-06-05,Medical,CrestMedPlatform,(423) 516-7630,info@crestmedplatform.io,https://www.crestmedplatform.io,2253,Raleigh,US,2026-06-05 04:32:28
2026-06-05,Legal,Alta VerdictHub,(910) 437-9120,contact@altaverdicthub.com,altaverdicthub.com,14,Islamabad,PK,2026-06-05 01:21:47
2026-06-05,Medical,OrbitRxSuite,+12955967590,hello@orbitrxsuite.io,https://www.orbitrxsuite.io,34,Phoenix,US,2026-06-05 03:40:09
2026-06-05,MSP Platform,Harbor NodeCloud,772-823-1375,sales@harbornodecloud.com,https://www.harbornodecloud.com,48,Singapore,SG,2026-06-05 02:13:55
2026-06-05,MSP Platform,RavenStack Solutions,+12812057169,contact@ravenstacksolutions.com,https://ravenstacksolutions.com,219,Berlin,DE,2026-06-05 02:04:04
2026-06-05,Legal,BoldCounselLabs,467-842-3604,contact@boldcounsellabs.com,https://boldcounsellabs.com,46,Dublin,IE,2026-06-05 02:14:12
2026-06-05,Medical,GoldenClinicTech,8203929985,hello@goldenclinictech.net,https://www.goldenclinictech.net,36,Boston,US,2026-06-05 04:58:07
2026-06-05,ERP,CoreOpsSuite,(234) 458-6434,contact@coreopssuite.com,https://www.coreopssuite.com,66,Atlanta,US,2026-06-05 06:22:10
2026-06-05,ERP,Clear’s ChainPlatform,468-645-1329,info@clearchainplatform.com,https://www.clearchainplatform.com,8,Columbus,US,2026-06-05 03:01:49
2026-06-05,MSP Platform,SabléTicketSolutions,(335) 693-3225,hello@sableticketsolutions.com,https://www.sableticketsolutions.com,132,Atlanta,US,2026-06-05 05:22:07
2026-06-05,ERP,UmbraResource Solutions,(856) 805-1201,hello@umbraresourcesolutions.net,https://www.umbraresourcesolutions.net,42,Seattle,US,2026-06-05 06:41:59
2026-06-05,Medical,CoreVitalFlow,07293063484,info@corevitalflow.io,https://www.corevitalflow.io,87,Raleigh,US,2026-06-05 02:55:53
2026-06-05,MSP Platform,Bold RemoteHub,+16977143285,sales@boldremotehub.co,https://www.boldremotehub.co,19,Austin,US,2026-06-05 06:12:27
2026-06-05,HR,Delta RosterWorks,382.862.7141 ext. 17,hello@deltarosterworks.com,https://deltarosterworks.com,119,Denver,US,2026-06-05 02:03:05
2026-06-05,Legal,CrestClause Point,1-567-373-9613,hello@crestclausepoint.com,crestclausepoint.com,4733,Boston,US,2026-06-05 04:51:44
2026-06-05,Medical,Bright Triage Consulting Group,(985) 953-2687,contact@brighttriageconsultinggroup.com,https://www.brighttriageconsultinggroup.com,1383,Austin,US,2026-06-05 05:56:51
2026-06-05,Legal,WillowCompli Suite,+1 (862) 982-0131,contact@willowcomplisuite.net,https://www.willowcomplisuite.net,89,Austin,US,2026-06-05 04:48:00
2026-06-05,ERP,Nimbus ChainLogic,728-997-9528,hello@nimbuschainlogic.io,https://www.nimbuschainlogic.io,2332,Chicago,US,2026-06-05 01:47:47
2026-06-05,Medical,SilverHealthLogic,+14638867888,contact@silverhealthlogic.co,https://silverhealthlogic.co,166,Calgary,CA,2026-06-05 01:59:42
2026-06-05,HR,RapidPeople Core,619.314.5323,sales@rapidpeoplecore.net,https://rapidpeoplecore.net,42,Atlanta,US,2026-06-05 03:12:05
2026-06-05,Legal,Polaris VerdictPoint,+13983918689,info@polarisverdictpoint.com,https://polarisverdictpoint.com,671,Berlin,DE,2026-06-05 06:53:01
2026-06-05,Medical,Golden RxDesk,4635068252,info@goldenrxdesk.co,https://www.goldenrxdesk.co,20,Melbourne,AU,2026-06-05 03:08:36
2026-06-05,ERP,Rapid ChainTech,+18763362431,hello@rapidchaintech.com,https://www.rapidchaintech.com,944,Tampa,US,2026-06-05 06:16:05
2026-06-05,ERP,CrestBatch Suite,1-239-617-7183,info@crestbatchsuite.com,https://www.crestbatchsuite.com,5,Vancouver,CA,2026-06-05 04:58:12
2026-06-05,Medical,WillowCarePlatform,1-593-539-1381,hello@willowcareplatform.com,https://www.willowcareplatform.com,48,Denver,US,2026-06-05 02:49:27
2026-06-05,HR,WillowTeam Platform,1-852-559-1331,sales@willowteamplatform.io,willowteamplatform.io,33,Chicago,US,2026-06-05 06:12:46
2026-06-05,HR,True Roster Talent Agency,811-565-5721,contact@truerostertalentagency.com,https://www.truerostertalentagency.com,12,Boston,US,2026-06-05 05:26:36
2026-06-05,ERP,SolidOrderCloud,(411) 595-2289,contact@solidordercloud.io,https://www.solidordercloud.io,5,Chicago,US,2026-06-05 02:18:17
2026-06-05,ERP,BeaconOrder Sphere,3844144632,hello@beaconordersphere.com,beaconordersphere.com,15,-,US,2026-06-05 04:53:30
2026-06-05,MSP Platform,QuartzStack Sphere,(668) 202-9983,info@quartzstacksphere.com,https://quartzstacksphere.com,21,Denver,US,2026-06-05 05:22:25
2026-06-05,ERP,Raven FinPlatform,(444) 308-2587 ext. 88,hello@ravenfinplatform.io,https://www.ravenfinplatform.io,89,Karachi,PK,2026-06-05 05:20:39
2026-06-05,Legal,DeltaClause Logic,784-680-6995,contact@deltaclauselogic.com,https://www.deltaclauselogic.com,84,London,UK,2026-06-05 06:12:57
2026-06-05,LMS,Harbor CourseSystems,652-735-6527,sales@harborcoursesystems.co,https://www.harborcoursesystems.co,19,Sydney,AU,2026-06-05 06:26:12
2026-06-05,Legal,OmniLaw Dynamics,+19517512191,contact@omnilawdynamics.io,https://www.omnilawdynamics.io,439,Boston,US,2026-06-05 03:24:42
2026-06-05,ERP,RapidForgeSuite,7086538103,contact@rapidforgesuite.io,https://rapidforgesuite.io,1431,Austin,US,2026-06-05 03:33:58
2026-06-05,Medical,UmbraCare Platform,6525174806,hello@umbracareplatform.com,umbracareplatform.com,293,Dublin,IE,2026-06-05 03:33:55
2026-06-05,Legal,RidgeBrief Flow,6558291058,info@ridgebriefflow.io,https://www.ridgebriefflow.io,320,Leeds,UK,2026-06-05 06:11:32
2026-06-05,MSP Platform,Omni RemoteBase,+12308062345,sales@omniremotebase.com,https://www.omniremotebase.com,66,Chicago,US,2026-06-05 03:20:59
2026-06-05,LMS,IronCohort Logic,1-267-773-0374,info@ironcohortlogic.com,ironcohortlogic.com,46,Raleigh,US,2026-06-05 03:48:57
2026-06-05,HR,FusionRoster App,(989) 957-8266,sales@fusionrosterapp.io,https://www.fusionrosterapp.io,48,Amsterdam,NL,2026-06-05 04:11:14
2026-06-05,ERP,Nova OpsDesk,(640) 303-4201,sales@novaopsdesk.com,https://www.novaopsdesk.com,130,Amsterdam,NL,2026-06-05 01:00:35
2026-06-05,ERP,PioneerFinSoft,526-569-0805,sales@pioneerfinsoft.io,https://www.pioneerfinsoft.io,9,Hyderabad,IN,2026-06-05 06:23:53
2026-06-05,Legal,QuartzBriefDynamics,+13158466933,hello@quartzbriefdynamics.io,https://www.quartzbriefdynamics.io,92,Berlin,DE,2026-06-05 04:12:40
2026-06-05,ERP,BoldForge Dynamics,+13077317159,hello@boldforgedynamics.com,https://www.boldforgedynamics.com,34,Toronto,CA,2026-06-05 05:22:51
2026-06-05,MSP Platform,RidgewayGrid Cloud,734-930-8828,hello@ridgewaygridcloud.io,https://ridgewaygridcloud.io,15,Vancouver,CA,2026-06-05 01:29:54
2026-06-05,HR,OrbitBenefit Soft,1-607-670-5844,hello@orbitbenefitsoft.com,orbitbenefitsoft.com,91,Raleigh,US,2026-06-05 01:37:42
2026-06-05,ERP,UmbraLedger Platform,+1 (636) 446-1648,sales@umbraledgerplatform.com,https://www.umbraledgerplatform.com,14,Chicago,US,2026-06-05 01:57:41
2026-06-05,ERP,ApexOrder Labs,+1 (532) 393-2878,hello@apexorderlabs.com,https://apexorderlabs.com,11,London,UK,2026-06-05 05:37:41
2026-06-05,HR,NovaBenefit Flow,+15684797095,contact@novabenefitflow.io,https://www.novabenefitflow.io,41,Denver,US,2026-06-05 02:33:05
2026-06-05,ERP,UmbraForgeCore,+1 (306) 677-1608 ext. 31,sales@umbraforgecore.com,https://www.umbraforgecore.com,8,Phoenix,US,2026-06-05 03:35:08
2026-06-05,Medical,IndigoPatient Sync,(351) 588-6870,contact@indigopatientsync.com,https://www.indigopatientsync.com,N/A,London,UK,2026-06-05 05:17:02
2026-06-05,Medical,BeaconCareWorks,+12966292094,contact@beaconcareworks.com,https://www.beaconcareworks.com,2004,Chicago,US,2026-06-05 04:16:15
2026-06-05,MSP Platform,Beacon Ticket BPO Services,770-565-4679,info@beaconticketbposervices.co,https://www.beaconticketbposervices.co,8,Hyderabad,IN,2026-06-05 02:42:19
2026-06-05,Medical,MetaCareDesk,7214052883,contact@metacaredesk.co,https://metacaredesk.co,19,Phoenix,US,2026-06-05 04:22:49
2026-06-05,Legal,RidgewayLaw Base,528.416.1183,contact@ridgewaylawbase.com,https://ridgewaylawbase.com,864,Atlanta,US,2026-06-05 06:33:53
2026-06-05,MSP Platform,ClearMonitorPlatform,(274) 819-2466,sales@clearmonitorplatform.com,https://clearmonitorplatform.com,123,Raleigh,US,2026-06-05 02:21:11
2026-06-05,HR,BrightBenefit Sync,762-211-6489,hello@brightbenefitsync.io,https://www.brightbenefitsync.io,156,Atlanta,US,2026-06-05 03:31:37
2026-06-05,HR,ZenVerdict Sync,(524) 208-2848,info@zenverdictsync.io,https://zenverdictsync.io,17,Austin,US,2026-06-05 03:24:24
2026-06-05,LMS,BeaconTrainTech,326-512-3833,hello@beacontraintech.io,beacontraintech.io,260,Atlanta,US,2026-06-05 01:24:19
2026-06-05,MSP Platform,Keystone EndpointLabs,(578) 282-9095,contact@keystoneendpointlabs.net,https://www.keystoneendpointlabs.net,58,Atlanta,US,2026-06-05 03:16:50
2026-06-05,HR,Tidal BenefitSuite,1-504-219-3926,info@tidalbenefitsuite.com,https://www.tidalbenefitsuite.com,87,Singapore,SG,2026-06-05 05:24:49
2026-06-05,Medical,VeloCare Suite,(917) 726-4008,hello@velocaresuite.com,https://www.velocaresuite.com,179,Austin,US,2026-06-05 03:24:08
2026-06-05,MSP Platform,Prime TicketApp,902-462-2731,hello@primeticketapp.net,https://primeticketapp.net,13,Singapore,SG,2026-06-05 02:50:45
2026-06-05,HR,Summit BenefitPoint,1-226-534-9320,contact@summitbenefitpoint.com,https://www.summitbenefitpoint.com,29,Amsterdam,NL,2026-06-05 06:00:44
2026-06-05,MSP Platform,Bold StackSuite,+13222855449,sales@boldstacksuite.com,https://www.boldstacksuite.com,941,Atlanta,US,2026-06-05 03:41:08
2026-06-05,HR,HaloShift Systems,505-607-4993,hello@haloshiftsystems.com,https://www.haloshiftsystems.com,491,Tampa,US,2026-06-05 06:44:29
2026-06-05,Legal,TrueLaw Systems,(375) 655-3360,sales@truelawsystems.io,https://www.truelawsystems.io,9,Melbourne,AU,2026-06-05 04:28:10
2026-06-05,LMS,PrimeQuiz Core,424-794-5103,sales@primequizcore.com,primequizcore.com,506,Austin,US,2026-06-05 06:22:05
2026-06-05,Legal,Lumen VerdictSync,4227519940,null,https://www.lumenverdictsync.co,57,Austin,US,2026-06-05 04:43:51
2026-06-05,MSP Platform,Silver GridFlow,(400) 707-3854,hello@silvergridflow.net,https://silvergridflow.net,478,Atlanta,US,2026-06-05 05:08:27
2026-06-05,Medical,CrownPulse Desk,9027198051 ext. 15,info@crownpulsedesk.co,https://www.crownpulsedesk.co,228,Raleigh,US,2026-06-05 02:09:58
2026-06-05,ERP,FusionResource Point,939-210-2381,info@fusionresourcepoint.com,https://www.fusionresourcepoint.com,561,Singapore,SG,2026-06-05 01:06:35
2026-06-05,Legal,DeltaFilingFlow,6968555885,hello@deltafilingflow.io,deltafilingflow.io,199,Denver,US,2026-06-05 06:01:17
2026-06-05,Legal,BeaconLaw Suite,(784) 288-2783,contact@beaconlawsuite.co,https://www.beaconlawsuite.co,699,Phoenix,US,2026-06-05 06:00:15
2026-06-05,ERP,Quantum ForgeSystems,+19538408420 ext. 90,sales@quantumforgesystems.com,https://quantumforgesystems.com,43,Phoenix,US,2026-06-05 03:48:24
2026-06-05,Legal,VertexClause Labs,714-699-6308,hello@vertexclauselabs.io,https://www.vertexclauselabs.io,39,Seattle,US,2026-06-05 01:19:28
2026-06-05,Medical,VertexPulseTech,1-889-784-6096,contact@vertexpulsetech.com,https://www.vertexpulsetech.com,13,Chicago,US,2026-06-05 02:11:20
2026-06-05,Legal,BoldFilingPoint,+16378967319,contact@boldfilingpoint.net,https://www.boldfilingpoint.net,26,Munich,DE,2026-06-05 04:45:32
2026-06-05,Medical,FusionRxSphere,286.965.4238,hello@fusionrxsphere.net,https://www.fusionrxsphere.net,73,Austin,US,2026-06-05 04:13:02
2026-06-05,HR,SilverPeopleSphere,+19744964305 ext. 9,contact@silverpeoplesphere.io,https://www.silverpeoplesphere.io,254,Tampa,US,2026-06-05 05:46:25
2026-06-05,Medical,NimbusClinic Labs,6035738099,sales@nimbuscliniclabs.io,https://nimbuscliniclabs.io,56,London,UK,2026-06-05 04:22:01
2026-06-05,Medical,EmberRxCloud,(385) 742-0039 ext. 14,contact@emberrxcloud.com,emberrxcloud.com,294,Toronto,CA,2026-06-05 01:38:57
2026-06-05,HR,RavenPayrollSync,(921) 368-8096,sales@ravenpayrollsync.com,https://www.ravenpayrollsync.com,19,Seattle,US,2026-06-05 03:54:02
2026-06-05,MSP Platform,RidgewayTicketLabs,5199612157,sales@ridgewayticketlabs.co,https://www.ridgewayticketlabs.co,17,Seattle,US,2026-06-05 06:36:01
2026-06-05,ERP,CrestStockSoft,(791) 904-6505,sales@creststocksoft.com,https://www.creststocksoft.com,51,Sydney,AU,2026-06-05 06:31:19
2026-06-05,ERP,Harbor ForgePoint,+17762032272,contact@harborforgepoint.com,https://harborforgepoint.com,70,Columbus,US,2026-06-05 05:43:56
2026-06-05,LMS,KeystoneTrain Base,529-858-9657,sales@keystonetrainbase.com,https://www.keystonetrainbase.com,14,London,UK,2026-06-05 03:56:48
2026-06-05,Legal,RidgeVerdictPlatform,5158532015,sales@ridgeverdictplatform.com,ridgeverdictplatform.com,17,Phoenix,US,2026-06-05 02:05:56
2026-06-05,LMS,QuantumQuizApp,(396) 783-6460,contact@quantumquizapp.io,https://www.quantumquizapp.io,N/A,Toronto,CA,2026-06-05 02:08:40
2026-06-05,Medical,HarborRxCloud,9392648847,sales@harborrxcloud.net,harborrxcloud.net,N/A,Denver,US,2026-06-05 05:21:41
2026-06-05,ERP,NovaFinSolutions,(481) 857-0733,hello@novafinsolutions.com,https://novafinsolutions.com,785,Austin,US,2026-06-05 02:08:33
2026-06-05,Legal,Clear Counsel Manpower Services,+1 (552) 472-6468,sales@clearcounselmanpowerservices.com,https://www.clearcounselmanpowerservices.com,5,Atlanta,US,2026-06-05 04:12:36
2026-06-05,Legal,SilverCaseLabs,513-576-1708,contact@silvercaselabs.com,https://www.silvercaselabs.com,224,Seattle,US,2026-06-05 01:48:33
2026-06-05,Medical,Clear CareSuite,9386623809,sales@clearcaresuite.co,clearcaresuite.co,8,Lahore,PK,2026-06-05 04:54:11
2026-06-05,ERP,Vertex ForgeLogic,9792845648,info@vertexforgelogic.com,https://vertexforgelogic.com,21,Tampa,US,2026-06-05 03:53:11
2026-06-05,Legal,PolarisBrief Hub,+13493945466,sales@polarisbriefhub.io,https://www.polarisbriefhub.io,493,Phoenix,US,2026-06-05 05:50:16
2026-06-05,Medical,Golden RxCore,+18867109020 ext. 38,info@goldenrxcore.io,https://www.goldenrxcore.io,58,Toronto,CA,2026-06-05 01:40:51
2026-06-05,LMS,TidalPathPoint,7399097347,info@tidalpathpoint.com,https://www.tidalpathpoint.com,99,Bengaluru,IN,2026-06-05 06:35:39
2026-06-05,Medical,NimbusTriage Sphere,6144919098,N/A,https://www.nimbustriagesphere.com,24,Tampa,US,2026-06-05 02:13:05
2026-06-05,Medical,Vista VitalSystems,455.743.0551,hello@vistavitalsystems.net,https://vistavitalsystems.net,N/A,Boston,US,2026-06-05 05:20:53
2026-06-05,ERP,GoldenFin Platform,923.548.3802 ext. 66,contact@goldenfinplatform.io,https://www.goldenfinplatform.io,,Lahore,PK,2026-06-05 03:15:24
2026-06-05,Medical,Nimbus ChartDynamics,955.525.6639,info@nimbuschartdynamics.net,nimbuschartdynamics.net,347,Berlin,DE,2026-06-05 02:12:37
2026-06-05,Medical,QuartzMed Labs,6385324472,contact@quartzmedlabs.co,https://www.quartzmedlabs.co,463,Leeds,UK,2026-06-05 05:54:08
2026-06-05,MSP Platform,NovaStack Logic,758.674.1559,hello@novastacklogic.co,https://www.novastacklogic.co,,Karachi,PK,2026-06-05 05:46:03
2026-06-05,HR,RidgeBenefitBase,+14525284147,hello@ridgebenefitbase.com,https://ridgebenefitbase.com,69,Bengaluru,IN,2026-06-05 06:35:08
2026-06-05,Legal,ZephyrCaseSync,1-253-972-5115,N/A,zephyrcasesync.com,16,Chicago,US,2026-06-05 02:01:21
2026-06-05,LMS,RidgewayQuiz App,+15968638215,info@ridgewayquizapp.com,https://www.ridgewayquizapp.com,28,Phoenix,US,2026-06-05 05:22:32
2026-06-05,Medical,Beacon ChartDesk,(231) 511-2112,hello@beaconchartdesk.com,https://beaconchartdesk.com,4235,Boston,US,2026-06-05 05:02:37
2026-06-05,Legal,WillowClauseSync,(438) 800-2630,hello@willowclausesync.co,https://www.willowclausesync.co,16,Denver,US,2026-06-05 06:30:41
2026-06-05,ERP,Sable OpsCloud,+18108516708,info@sableopscloud.com,https://www.sableopscloud.com,11,Vancouver,CA,2026-06-05 04:01:25
2026-06-05,Medical,PivotRxPlatform,2199623300,hello@pivotrxplatform.co,https://www.pivotrxplatform.co,39,Seattle,US,2026-06-05 03:53:29
2026-06-05,Legal,IronBriefLabs,496-312-1895,contact@ironbrieflabs.io,https://www.ironbrieflabs.io,8,Columbus,US,2026-06-05 06:38:59
2026-06-05,HR,RidgeCulture Sphere,8608144605,sales@ridgeculturesphere.com,ridgeculturesphere.com,22,Seattle,US,2026-06-05 01:47:45
2026-06-05,Medical,LumenRx Systems,(949) 512-9801,sales@lumenrxsystems.net,lumenrxsystems.net,888,Raleigh,US,2026-06-05 03:35:29
2026-06-05,ERP,VeloChainDesk,+1 (274) 499-0856,hello@velochaindesk.io,https://velochaindesk.io,16,Lahore,PK,2026-06-05 05:34:55
2026-06-05,Legal,OrbitVerdict Suite,+19729450663 ext. 5,info@orbitverdictsuite.co,https://orbitverdictsuite.co,235,Chicago,US,2026-06-05 01:34:31
2026-06-05,Medical,NorthVital Soft,03204584380,sales@northvitalsoft.com,https://www.northvitalsoft.com,157,Manchester,UK,2026-06-05 06:05:12
2026-06-05,MSP Platform,ZenTicketLabs,576.909.6454,info@zenticketlabs.com,https://www.zenticketlabs.com,143,Boston,US,2026-06-05 04:05:41
2026-06-05,ERP,Solid OpsWorks,05572446294,sales@solidopsworks.com,https://www.solidopsworks.com,48,Boston,US,2026-06-05 05:31:51
2026-06-05,Legal,OmniMatterLogic,9649623532,contact@omnimatterlogic.net,https://www.omnimatterlogic.net,273,Chicago,US,2026-06-05 03:56:37
2026-06-05,HR,VistaTeamSolutions,(875) 358-0017,contact@vistateamsolutions.io,https://www.vistateamsolutions.io,572,Seattle,US,2026-06-05 01:16:21
2026-06-05,Legal,CoreDocketSuite,02806857122,info@coredocketsuite.io,https://www.coredocketsuite.io,166,Atlanta,US,2026-06-05 04:56:17
2026-06-05,Medical,VistaVitalCloud,+1 (723) 712-6465,hello@vistavitalcloud.net,https://www.vistavitalcloud.net,197,Leeds,UK,2026-06-05 02:55:50
2026-06-05,Medical,SableVital App,677-218-1950,,https://www.sablevitalapp.io,34,Boston,US,2026-06-05 04:07:01
2026-06-05,Medical,Juniper ClinicTech,1-667-326-8274,sales@juniperclinictech.net,https://www.juniperclinictech.net,246,Boston,US,2026-06-05 03:48:09
2026-06-05,HR,CrownOnboard Logic,798-484-9353,sales@crownonboardlogic.io,https://crownonboardlogic.io,19,Raleigh,US,2026-06-05 04:03:54
2026-06-05,Medical,RidgeRxLabs,941-969-9719,hello@ridgerxlabs.com,https://www.ridgerxlabs.com,32,Singapore,SG,2026-06-05 06:14:21
2026-06-05,ERP,Vista ResourceSoft,276.249.4896,contact@vistaresourcesoft.com,https://www.vistaresourcesoft.com,171,Atlanta,US,2026-06-05 02:09:32
2026-06-05,HR,MosaicPerformDesk,+19495079936,info@mosaicperformdesk.com,https://mosaicperformdesk.com,619,Dublin,IE,2026-06-05 05:13:42
2026-06-05,MSP Platform,RapidStackDynamics,+1 (667) 661-0666,info@rapidstackdynamics.com,https://www.rapidstackdynamics.com,21,Phoenix,US,2026-06-05 06:19:31
2026-06-05,Legal,ZephyrClause Works,1-276-859-9850 ext. 90,sales@zephyrclauseworks.com,https://www.zephyrclauseworks.com,5,Columbus,US,2026-06-05 04:37:20
2026-06-05,ERP,Golden LedgerWorks,+15732239122,N/A,https://www.goldenledgerworks.io,15,Denver,US,2026-06-05 03:58:01
2026-06-05,MSP Platform,Cedar MonitorSolutions,(684) 318-9236,hello@cedarmonitorsolutions.io,https://www.cedarmonitorsolutions.io,33,Denver,US,2026-06-05 04:22:21
2026-06-05,Medical,CedarCare Desk,3606499566,sales@cedarcaredesk.com,https://www.cedarcaredesk.com,99,Dublin,IE,2026-06-05 02:21:52
2026-06-05,MSP Platform,Tidal NetSuite,1-345-872-3382,sales@tidalnetsuite.com,tidalnetsuite.com,35,Sydney,AU,2026-06-05 02:06:16
2026-06-05,ERP,Ridge TalentCore,+15686135832,sales@ridgetalentcore.io,ridgetalentcore.io,566,Columbus,US,2026-06-05 04:33:37
2026-06-05,Medical,DeltaMedApp,297.774.3569,hello@deltamedapp.com,https://www.deltamedapp.com,35,Raleigh,US,2026-06-05 06:43:13
2026-06-05,ERP,Meta PlanSuite,(642) 903-1169,info@metaplansuite.com,https://www.metaplansuite.com,9,Phoenix,US,2026-06-05 01:52:18
2026-06-05,ERP,JuniperStock Soft,(885) 745-9418,contact@juniperstocksoft.com,https://www.juniperstocksoft.com,52,Toronto,CA,2026-06-05 05:37:25
2026-06-05,ERP,Lumen PlanBase,6405193561,info@lumenplanbase.com,https://www.lumenplanbase.com,18,Sydney,AU,2026-06-05 05:12:50
2026-06-05,Legal,SableMatterPoint,5748462290,sales@sablematterpoint.com,https://www.sablematterpoint.com,40,Calgary,CA,2026-06-05 04:44:08
2026-06-05,HR,Delta PayrollSoft,+15088109623,contact@deltapayrollsoft.net,https://www.deltapayrollsoft.net,10,Seattle,US,2026-06-05 01:11:07
2026-06-05,MSP Platform,MetaNode Systems,9198408900 ext. 38,sales@metanodesystems.net,https://www.metanodesystems.net,91,Raleigh,US,2026-06-05 04:25:49
2026-06-05,Medical,IndigoCareDesk,(592) 954-6823,hello@indigocaredesk.io,https://www.indigocaredesk.io,8,N/A,CA,2026-06-05 06:08:13
2026-06-05,ERP,Zen Resource Consultants,855-870-3600,hello@zenresourceconsultants.io,https://www.zenresourceconsultants.io,122,Denver,US,2026-06-05 01:02:07
2026-06-05,ERP,Juniper BatchSphere,+19462765340,info@juniperbatchsphere.com,https://www.juniperbatchsphere.com,9,Tampa,US,2026-06-05 05:10:46
2026-06-05,MSP Platform,Alta RemoteLabs,499-316-3178,hello@altaremotelabs.com,altaremotelabs.com,274,Columbus,US,2026-06-05 04:54:37
2026-06-05,Legal,Lumen VerdictApp,+1 (414) 613-3825,hello@lumenverdictapp.io,https://www.lumenverdictapp.io,99,Chicago,US,2026-06-05 06:26:54
2026-06-05,MSP Platform,EmberPatchHub,765-831-8191,hello@emberpatchhub.com,https://www.emberpatchhub.com,13,Phoenix,US,2026-06-05 03:35:47
2026-06-05,Legal,Delta’s CounselTech,3287169728,hello@deltacounseltech.com,https://deltacounseltech.com,22,Atlanta,US,2026-06-05 05:03:33
2026-06-05,HR,VistaPayrollPoint,+19539600158,contact@vistapayrollpoint.io,https://www.vistapayrollpoint.io,19,Boston,US,2026-06-05 06:28:48
2026-06-05,HR,Summit RosterHub,777-344-9201,hello@summitrosterhub.com,https://www.summitrosterhub.com,351,Raleigh,US,2026-06-05 05:48:20
2026-06-05,ERP,IndigoChain Tech,5074102532,hello@indigochaintech.com,https://www.indigochaintech.com,2012,Chicago,US,2026-06-05 04:27:18
2026-06-05,HR,CobaltBenefitSphere,+1 (664) 827-2094 ext. 35,contact@cobaltbenefitsphere.com,https://www.cobaltbenefitsphere.com,12,Toronto,CA,2026-06-05 03:27:30
2026-06-05,Medical,NimbusClinicSoft,+17373374215,hello@nimbusclinicsoft.com,https://www.nimbusclinicsoft.com,15,Dublin,IE,2026-06-05 05:26:36
2026-06-05,HR,VeloOnboardFlow,(790) 936-2176,contact@veloonboardflow.com,veloonboardflow.com,337,Chicago,US,2026-06-05 03:30:22
2026-06-05,HR,QuartzBenefit Core,400-298-3432,contact@quartzbenefitcore.com,https://www.quartzbenefitcore.com,146,Phoenix,US,2026-06-05 04:25:55
2026-06-05,HR,Silver CultureWorks,3476866288,info@silvercultureworks.net,silvercultureworks.net,294,Raleigh,US,2026-06-05 01:39:53
2026-06-05,ERP,QuartzPlanCore,+19318204452,contact@quartzplancore.net,https://quartzplancore.net,5,Calgary,CA,2026-06-05 04:00:50
2026-06-05,LMS,VeloLearnTech,1-434-937-2129,hello@velolearntech.io,velolearntech.io,40,Bengaluru,IN,2026-06-05 05:25:49
2026-06-05,HR,FusionPayrollPoint,362-283-2223 ext. 14,hello@fusionpayrollpoint.com,https://www.fusionpayrollpoint.com,3459,Chicago,US,2026-06-05 03:16:53
2026-06-05,LMS,Mosaic CohortPlatform,953.311.9961,sales@mosaiccohortplatform.com,https://www.mosaiccohortplatform.com,184,Seattle,US,2026-06-05 05:37:36
2026-06-05,Medical,SilverClinic Core,(426) 261-6811,sales@silvercliniccore.com,https://www.silvercliniccore.com,78,Chicago,US,2026-06-05 03:29:57
2026-06-05,ERP,Silver BatchBase,8405931691,contact@silverbatchbase.com,https://www.silverbatchbase.com,12,Boston,US,2026-06-05 05:36:52
2026-06-05,LMS,WillowPathCore,(525) 921-2056,sales@willowpathcore.com,https://willowpathcore.com,11,Austin,US,2026-06-05 05:56:48
2026-06-05,MSP Platform,Polaris GridCore,+1 (630) 212-6707,contact@polarisgridcore.com,https://www.polarisgridcore.com,39,Phoenix,US,2026-06-05 06:18:12
2026-06-05,MSP Platform,NimbusTicketSphere,1-340-548-8468,contact@nimbusticketsphere.com,nimbusticketsphere.com,196,Pune,IN,2026-06-05 01:45:28
2026-06-05,MSP Platform,XenonNet Hub,+18827996750,info@xenonnethub.net,https://www.xenonnethub.net,61,Tampa,US,2026-06-05 06:24:25
2026-06-05,ERP,QuantumOrderApp,842-405-8425,info@quantumorderapp.co,https://www.quantumorderapp.co,37,Phoenix,US,2026-06-05 04:41:26
2026-06-05,Medical,XenonHealth Labs,+1 (430) 827-1033,contact@xenonhealthlabs.io,https://www.xenonhealthlabs.io,9,Raleigh,US,2026-06-05 02:10:24
2026-06-05,ERP,Cedar FinDynamics,+19775584652,contact@cedarfindynamics.co,https://www.cedarfindynamics.co,20,Bengaluru,IN,2026-06-05 01:01:12
2026-06-05,ERP,Atlas OpsCore,+18122211508,sales@atlasopscore.com,https://www.atlasopscore.com,744,Islamabad,PK,2026-06-05 04:01:44
2026-06-05,MSP Platform,Crown TicketBase,653-666-3334,contact@crownticketbase.co,https://www.crownticketbase.co,95,Singapore,SG,2026-06-05 01:18:11
2026-06-05,LMS,JuniperLearnPlatform,4259825939,hello@juniperlearnplatform.io,https://www.juniperlearnplatform.io,39,Seattle,US,2026-06-05 06:30:02
2026-06-05,HR,UmbraPeopleWorks,757.396.5171,info@umbrapeopleworks.com,https://umbrapeopleworks.com,228,Amsterdam,NL,2026-06-05 02:13:28
2026-06-05,Medical,Ridgé PulseDynamics,249-665-6353,contact@ridgepulsedynamics.com,https://ridgepulsedynamics.com,44,Denver,US,2026-06-05 02:13:07
2026-06-05,ERP,ArchPlanSoft,+1 (358) 676-8977,,https://www.archplansoft.net,31,Raleigh,US,2026-06-05 02:49:29
2026-06-05,LMS,Meta LearnWorks,(497) 296-3545,hello@metalearnworks.co,https://www.metalearnworks.co,38,Phoenix,US,2026-06-05 01:48:49
2026-06-05,Legal,NimbusCounsel Labs,+18014007243,hello@nimbuscounsellabs.com,https://www.nimbuscounsellabs.com,236,Atlanta,US,2026-06-05 01:23:24
2026-06-05,Legal,NovaBriefSphere,+18097583358,contact@novabriefsphere.com,https://novabriefsphere.com,343,Amsterdam,NL,2026-06-05 01:08:24
2026-06-05,HR,SilverTeamSphere,630-615-4100,hello@silverteamsphere.com,https://www.silverteamsphere.com,9,Melbourne,AU,2026-06-05 02:31:46
2026-06-05,MSP Platform,OmniNode Sync,+17256524329,info@omninodesync.net,omninodesync.net,145,Denver,US,2026-06-05 06:46:31
2026-06-05,HR,RapidPeopleSuite,+14353525385,info@rapidpeoplesuite.com,rapidpeoplesuite.com,7,Dublin,IE,2026-06-05 04:32:13
2026-06-05,ERP,Fusion ForgeSuite,+14616831916,contact@fusionforgesuite.com,https://www.fusionforgesuite.com,49,Seattle,US,2026-06-05 02:53:28
2026-06-05,LMS,Juniper CohortFlow,+17012967299,hello@junipercohortflow.com,https://www.junipercohortflow.com,86,Tampa,US,2026-06-05 03:03:40
2026-06-05,MSP Platform,HarborMonitorLogic,+17809795080,hello@harbormonitorlogic.com,https://www.harbormonitorlogic.com,848,Denver,US,2026-06-05 06:38:31
2026-06-05,MSP Platform,UmbraRemote Logic,596-598-3864,hello@umbraremotelogic.co,https://umbraremotelogic.co,N/A,Singapore,SG,2026-06-05 02:22:15
2026-06-05,ERP,BrightOrderSuite,08576369958,contact@brightordersuite.com,https://www.brightordersuite.com,91,Tampa,US,2026-06-05 06:43:49
2026-06-05,MSP Platform,North NetSolutions,+14116502579,contact@northnetsolutions.co,https://northnetsolutions.co,21,Phoenix,US,2026-06-05 02:09:30
2026-06-05,Medical,EmberRx Suite,517-274-9092,info@emberrxsuite.com,https://www.emberrxsuite.com,1299,Hyderabad,IN,2026-06-05 02:46:25
2026-06-05,LMS,Lumen’s LessonDynamics,589-783-3191,contact@lumenlessondynamics.com,https://www.lumenlessondynamics.com,43,Lahore,PK,2026-06-05 01:40:11
2026-06-05,ERP,CedarBatchDynamics,+17382837590,hello@cedarbatchdynamics.com,https://www.cedarbatchdynamics.com,400,Raleigh,US,2026-06-05 02:32:14
2026-06-05,Medical,Rapid HealthHub,+14303211726,info@rapidhealthhub.io,https://www.rapidhealthhub.io,33,Vancouver,CA,2026-06-05 06:40:48
2026-06-05,HR,Core PeopleSystems,5507865561,hello@corepeoplesystems.com,https://www.corepeoplesystems.com,801,Austin,US,2026-06-05 06:48:36
2026-06-05,Medical,LatticeTriageLabs,1-829-943-5743,info@latticetriagelabs.com,latticetriagelabs.com,448,Austin,US,2026-06-05 04:27:15
2026-06-05,Medical,Anchor TriageTech,(871) 470-9800,sales@anchortriagetech.com,https://www.anchortriagetech.com,-,Sydney,AU,2026-06-05 04:52:01
2026-06-05,ERP,NimbusStockFlow,465-801-3662,info@nimbusstockflow.net,https://www.nimbusstockflow.net,99,Phoenix,US,2026-06-05 05:29:10
2026-06-05,MSP Platform,WillowRemoteSystems,(827) 886-2772,sales@willowremotesystems.net,https://willowremotesystems.net,85,Columbus,US,2026-06-05 02:09:42
2026-06-05,HR,DeltaCultureSync,9537362956,contact@deltaculturesync.com,https://www.deltaculturesync.com,17,Boston,US,2026-06-05 03:44:09
2026-06-05,Medical,SableRx’s Labs,(788) 367-7673,contact@sablerxlabs.com,https://www.sablerxlabs.com,31,Tampa,US,2026-06-05 05:10:41
2026-06-05,ERP,AnchorForge Tech,+1 (647) 924-3098,hello@anchorforgetech.com,anchorforgetech.com,227,Leeds,UK,2026-06-05 04:32:18
2026-06-05,MSP Platform,OrbitStackLabs,428.324.9860,contact@orbitstacklabs.com,https://www.orbitstacklabs.com,64,Phoenix,US,2026-06-05 05:46:25
2026-06-05,HR,IronPayrollLogic,5483024730,contact@ironpayrolllogic.io,https://www.ironpayrolllogic.io,156,Boston,US,2026-06-05 02:17:08
2026-06-05,MSP Platform,Anchor PatchCloud,+13114552816,hello@anchorpatchcloud.io,https://www.anchorpatchcloud.io,432,Seattle,US,2026-06-05 06:47:38
2026-06-05,HR,Alta BenefitWorks,(832) 337-7447,contact@altabenefitworks.com,https://www.altabenefitworks.com,340,Denver,US,2026-06-05 02:07:20
2026-06-05,Legal,NorthCounselSuite,1-956-424-2315,null,https://northcounselsuite.net,141,Berlin,DE,2026-06-05 04:46:32
2026-06-05,Medical,Lumen HealthLabs,1-684-703-0174,hello@lumenhealthlabs.com,lumenhealthlabs.com,13,Austin,US,2026-06-05 01:45:14
2026-06-05,HR,IronPayroll Dynamics,(747) 353-8059,contact@ironpayrolldynamics.com,ironpayrolldynamics.com,490,Calgary,CA,2026-06-05 04:11:54
2026-06-05,HR,Iron TalentSoft,1-701-708-8361,hello@irontalentsoft.co,https://irontalentsoft.co,220,Calgary,CA,2026-06-05 03:51:29
2026-06-05,Medical,RapidOps Flow,708.683.3061,sales@rapidopsflow.com,https://www.rapidopsflow.com,38,Tampa,US,2026-06-05 04:39:28
2026-06-05,ERP,Falcon ForgePlatform,+16408994052,contact@falconforgeplatform.com,https://www.falconforgeplatform.com,8,Austin,US,2026-06-05 05:52:15
2026-06-05,MSP Platform,Orbit NetSphere,4097821650,sales@orbitnetsphere.com,https://www.orbitnetsphere.com,21,Sydney,AU,2026-06-05 02:45:25
2026-06-05,MSP Platform,VistaUptimeSystems,447-483-8726,hello@vistauptimesystems.com,https://vistauptimesystems.com,191,Sydney,AU,2026-06-05 04:20:50
2026-06-05,ERP,Meta ResourceDynamics,7793813332,sales@metaresourcedynamics.com,https://www.metaresourcedynamics.com,184,Phoenix,US,2026-06-05 03:28:39
2026-06-05,LMS,VeloQuiz Desk,881-734-8415,contact@veloquizdesk.io,https://www.veloquizdesk.io,3784,Atlanta,US,2026-06-05 03:50:24
2026-06-05,ERP,Clear ForgeBase,1-831-722-6881,info@clearforgebase.com,clearforgebase.com,252,London,UK,2026-06-05 02:24:14
2026-06-05,Legal,Crest BriefApp,(716) 382-6150,hello@crestbriefapp.io,https://www.crestbriefapp.io,70,Columbus,US,2026-06-05 06:48:31
2026-06-05,ERP,ApexChainTech,(657) 562-8802,sales@apexchaintech.io,https://www.apexchaintech.io,31,Boston,US,2026-06-05 01:08:14
2026-06-05,MSP Platform,ArchStack Cloud,+17687617544,contact@archstackcloud.co,archstackcloud.co,354,Toronto,CA,2026-06-05 04:31:56
2026-06-05,Medical,CoreVitalCloud,+18394165603,info@corevitalcloud.net,https://corevitalcloud.net,44,Amsterdam,NL,2026-06-05 01:14:34
2026-06-05,Medical,PolarisClinicPlatform’s,516-575-5045,contact@polarisclinicplatform.com,https://polarisclinicplatform.com,61,Sydney,AU,2026-06-05 01:15:53
2026-06-05,Medical,Vertex TriageSuite,1-747-286-6975,hello@vertextriagesuite.com,https://www.vertextriagesuite.com,768,Atlanta,US,2026-06-05 04:11:39
2026-06-05,Legal,Lumen LawHub,274-201-4805,contact@lumenlawhub.com,https://www.lumenlawhub.com,39,Tampa,US,2026-06-05 01:47:49
2026-06-05,Legal,FalconFiling Sphere,+13236223572,contact@falconfilingsphere.com,https://falconfilingsphere.com,N/A,Vancouver,CA,2026-06-05 03:44:27
2026-06-05,Medical,QuantumMedHub,2955953100 ext. 65,sales@quantummedhub.com,https://www.quantummedhub.com,151,Columbus,US,2026-06-05 01:08:32
2026-06-05,MSP Platform,Pioneer Grid Recruiting,1-834-388-1034,hello@pioneergridrecruiting.io,pioneergridrecruiting.io,11,Chicago,US,2026-06-05 06:20:37
2026-06-05,LMS,Apex LearnPoint,1-712-664-6900,hello@apexlearnpoint.net,apexlearnpoint.net,877,London,UK,2026-06-05 01:08:03
2026-06-05,MSP Platform,MetaEndpointDynamics,401.814.4347,sales@metaendpointdynamics.net,https://metaendpointdynamics.net,313,Dublin,IE,2026-06-05 01:59:33
2026-06-05,LMS,UmbraPeopleWorks,757-396-5171,info@umbrapeopleworks.com,https://www.umbrapeopleworks.com,228,null,NL,2026-06-05 05:32:30
2026-06-05,Medical,Quantum ChartBase,7588840476,hello@quantumchartbase.com,https://www.quantumchartbase.com,593,Pune,IN,2026-06-05 01:54:36
2026-06-05,ERP,Core ForgeSoft,(649) 422-1048,sales@coreforgesoft.net,https://coreforgesoft.net,87,Leeds,UK,2026-06-05 06:30:45
2026-06-05,ERP,HarborChainCloud,+15542455717,contact@harborchaincloud.io,https://www.harborchaincloud.io,280,Toronto,CA,2026-06-05 06:47:05
2026-06-05,HR,Nova RosterLabs,+1 (258) 799-8348,info@novarosterlabs.com,novarosterlabs.com,18,Denver,US,2026-06-05 03:57:16
2026-06-05,Medical,AnchorMedPoint,+1 (280) 741-5494,hello@anchormedpoint.com,https://anchormedpoint.com,53,Toronto,CA,2026-06-05 05:09:52
2026-06-05,ERP,WillowForgeSystems,662.436.3776,info@willowforgesystems.com,https://www.willowforgesystems.com,67,Austin,US,2026-06-05 04:35:21
2026-06-05,HR,Clear RosterFlow,+18082113979,-,https://clearrosterflow.io,504,Bengaluru,IN,2026-06-05 04:18:09
2026-06-05,Medical,HarborTriage Works,(382) 873-6499,hello@harbortriageworks.com,https://www.harbortriageworks.com,324,Phoenix,US,2026-06-05 02:07:10
2026-06-05,HR,SabléCulturePlatform,+1 (967) 824-0780,hello@sablecultureplatform.com,https://www.sablecultureplatform.com,25,Toronto,CA,2026-06-05 03:25:53
2026-06-05,Legal,PolarisBriéfFlow,1-725-673-5579,hello@polarisbriefflow.co,https://www.polarisbriefflow.co,42,Columbus,US,2026-06-05 04:58:54
2026-06-05,MSP Platform,DeltaRemote Cloud,1-483-548-3758,sales@deltaremotecloud.com,https://www.deltaremotecloud.com,24,Phoenix,US,2026-06-05 03:13:31
2026-06-05,MSP Platform,BoldNet Soft,(671) 213-6577,sales@boldnetsoft.com,https://boldnetsoft.com,363,Manchester,UK,2026-06-05 02:43:34
2026-06-05,Medical,Bold HealthBase,+17914333103,sales@boldhealthbase.com,https://www.boldhealthbase.com,8,Chicago,US,2026-06-05 01:22:30
2026-06-05,ERP,BrightPlanHub,+19736728955,contact@brightplanhub.io,https://www.brightplanhub.io,50,Tampa,US,2026-06-05 02:17:24
2026-06-05,HR,NovaShiftCore,575.975.7009,hello@novashiftcore.com,novashiftcore.com,12,Melbourne,AU,2026-06-05 01:51:20
2026-06-05,Medical,AtlasCare Sync,+1 (511) 820-8828,contact@atlascaresync.com,atlascaresync.com,12,Columbus,US,2026-06-05 06:14:08
2026-06-05,Legal,TrueCounselDesk,264-788-8468 ext. 25,sales@truecounseldesk.com,https://www.truecounseldesk.com,128,Raleigh,US,2026-06-05 06:11:50
2026-06-05,ERP,VistaFinSystems,713.890.5736,info@vistafinsystems.com,https://www.vistafinsystems.com,8,Toronto,CA,2026-06-05 01:01:14
2026-06-05,MSP Platform,Prime PatchApp,02539930208,N/A,https://primepatchapp.com,29,Seattle,US,2026-06-05 02:07:57
2026-06-05,HR,SableTalent Solutions,(295) 550-3144,info@sabletalentsolutions.io,https://sabletalentsolutions.io,6,London,UK,2026-06-05 06:22:54
2026-06-05,Legal,AltaCaseTech,+19863341414,,altacasetech.io,74,Tampa,US,2026-06-05 05:39:44
2026-06-05,Medical,Rapid ChartDesk,8536487817,sales@rapidchartdesk.com,https://www.rapidchartdesk.com,6,Atlanta,US,2026-06-05 04:28:27
2026-06-05,ERP,TrueResource Platform,(955) 860-5650,hello@trueresourceplatform.com,trueresourceplatform.com,18,Austin,US,2026-06-05 06:37:09
2026-06-05,MSP Platform,DeltaGrid Flow,421.981.7164,sales@deltagridflow.com,https://www.deltagridflow.com,1455,Chicago,US,2026-06-05 02:10:58
2026-06-05,MSP Platform,LatticeUptime Cloud,(410) 435-0985,info@latticeuptimecloud.net,https://www.latticeuptimecloud.net,20,Melbourne,AU,2026-06-05 04:22:48
2026-06-05,HR,ZephyrCultureSolutions,(944) 437-8949,sales@zephyrculturesolutions.io,https://www.zephyrculturesolutions.io,985,London,UK,2026-06-05 01:25:00
2026-06-05,Medical,Mosaic CareDesk,+1 (443) 399-4413,null,https://mosaiccaredesk.com,58,Boston,US,2026-06-05 03:05:32
2026-06-05,ERP,VeloFin Core,8519663870,sales@velofincore.io,https://www.velofincore.io,60,Melbourne,AU,2026-06-05 01:18:56
2026-06-05,HR,IronRoster Labs,844-456-3118,sales@ironrosterlabs.com,https://www.ironrosterlabs.com,10,Atlanta,US,2026-06-05 03:51:43
2026-06-05,HR,RavenPeople Sphere,+18699465852,info@ravenpeoplesphere.co,https://www.ravenpeoplesphere.co,15,Seattle,US,2026-06-05 05:01:17
2026-06-05,ERP,TrueBatchDesk,+13077548348,sales@truebatchdesk.com,https://www.truebatchdesk.com,9,Vancouver,CA,2026-06-05 04:42:52
2026-06-05,LMS,LatticeTrainLogic,470-350-3287,sales@latticetrainlogic.io,https://latticetrainlogic.io,17,Austin,US,2026-06-05 04:34:46
2026-06-05,HR,DeltaPerform Soft,765-915-2055,info@deltaperformsoft.com,https://www.deltaperformsoft.com,153,Austin,US,2026-06-05 06:56:06
2026-06-05,MSP Platform,RapidNet Base,+1 (488) 533-2411,info@rapidnetbase.com,https://www.rapidnetbase.com,16,Berlin,DE,2026-06-05 06:54:40
2026-06-05,ERP,GoldenFinCore,(669) 320-1451,contact@goldenfincore.com,goldenfincore.com,121,Munich,DE,2026-06-05 05:08:49
2026-06-05,HR,DeltaTeamFlow,(252) 839-4325,contact@deltateamflow.com,https://www.deltateamflow.com,91,Tampa,US,2026-06-05 02:46:57
2026-06-05,MSP Platform,Falcon NetWorks,+12186439092,contact@falconnetworks.com,https://www.falconnetworks.com,302,Singapore,SG,2026-06-05 01:43:07
2026-06-05,Legal,TrueDocketTech,5294260058,hello@truedockettech.io,https://truedockettech.io,123,Atlanta,US,2026-06-05 05:28:37
2026-06-05,MSP Platform,Bright UptimeWorks,3014232781,contact@brightuptimeworks.com,brightuptimeworks.com,109,Singapore,SG,2026-06-05 06:26:53
2026-06-05,Medical,PivotPatientCore,+16777254255,sales@pivotpatientcore.com,https://www.pivotpatientcore.com,242,Columbus,US,2026-06-05 05:17:02
2026-06-05,Medical,VistaCareDynamics,(404) 683-9000,hello@vistacaredynamics.com,https://www.vistacaredynamics.com,145,Singapore,SG,2026-06-05 04:11:42
2026-06-05,ERP,AltaResourcePoint,+15876331414,info@altaresourcepoint.net,https://www.altaresourcepoint.net,39,Raleigh,US,2026-06-05 04:04:41
2026-06-05,HR,Vista PayrollSoft,543.226.1906,contact@vistapayrollsoft.com,https://www.vistapayrollsoft.com,9,Bengaluru,IN,2026-06-05 04:29:19
2026-06-05,HR,SummitPerform Suite,02094428613 ext. 20,info@summitperformsuite.com,https://www.summitperformsuite.com,28,Munich,DE,2026-06-05 01:45:13
2026-06-05,Medical,AnchorVitalPoint,677-787-6811,contact@anchorvitalpoint.com,https://www.anchorvitalpoint.com,14,Berlin,DE,2026-06-05 02:04:25
2026-06-05,HR,NovaRoster Tech,823.218.8532,contact@novarostertech.com,novarostertech.com,137,Tampa,US,2026-06-05 03:25:08
2026-06-05,HR,PivotPayroll Sync,+1 (780) 763-8617 ext. 58,contact@pivotpayrollsync.io,https://pivotpayrollsync.io,55,Leeds,UK,2026-06-05 01:26:52
2026-06-05,Legal,PivotLawDesk,+1 (906) 283-2589 ext. 81,info@pivotlawdesk.com,https://www.pivotlawdesk.com,565,Chicago,US,2026-06-05 04:08:27
2026-06-05,Medical,Orbit MedPoint,4665961808,info@orbitmedpoint.io,https://www.orbitmedpoint.io,-,Pune,IN,2026-06-05 04:43:35
2026-06-05,Medical,North ClinicSuite,(740) 476-3399,sales@northclinicsuite.com,https://www.northclinicsuite.com,6,Seattle,US,2026-06-05 06:43:24
2026-06-05,MSP Platform,FusionStack Sync,723-324-8171 ext. 4,sales@fusionstacksync.io,https://www.fusionstacksync.io,85,Seattle,US,2026-06-05 05:13:23
2026-06-05,MSP Platform,QuartzGridHub,526.423.6467,sales@quartzgridhub.com,https://www.quartzgridhub.com,49,Berlin,DE,2026-06-05 03:43:27
2026-06-05,ERP,CobaltForgeSystems,+18912476359,info@cobaltforgesystems.com,cobaltforgesystems.com,207,Atlanta,US,2026-06-05 06:53:52
2026-06-05,Legal,Crown MatterWorks,1-987-699-7760,info@crownmatterworks.com,crownmatterworks.com,-,Boston,US,2026-06-05 01:09:49
2026-06-05,HR,FalconTalent Sync,1-901-794-6434,contact@falcontalentsync.com,https://www.falcontalentsync.com,7,Hyderabad,IN,2026-06-05 01:55:17
2026-06-05,Medical,QuartzRxTech,894-280-6053,contact@quartzrxtech.co,https://www.quartzrxtech.co,8,Sydney,AU,2026-06-05 06:54:10
2026-06-05,HR,Crown BenefitLogic,9384683810,sales@crownbenefitlogic.com,https://crownbenefitlogic.com,16,Denver,US,2026-06-05 05:15:17
2026-06-05,MSP Platform,BrightNodeLogic,(986) 442-4189,info@brightnodelogic.net,https://www.brightnodelogic.net,17,Chicago,US,2026-06-05 01:22:21
2026-06-05,Legal,True MatterLogic,7385610816,info@truematterlogic.com,https://www.truematterlogic.com,46,N/A,US,2026-06-05 06:19:55
2026-06-05,Legal,ZenVerdict Systems,4989803993,contact@zenverdictsystems.com,zenverdictsystems.com,57,Tampa,US,2026-06-05 02:04:30
2026-06-05,ERP,SolidBatch Desk,+12298814240,info@solidbatchdesk.io,https://solidbatchdesk.io,1552,Boston,US,2026-06-05 01:06:59
2026-06-05,HR,Bold TalentSoft,+1 (734) 705-1433,hello@boldtalentsoft.com,https://www.boldtalentsoft.com,9,Raleigh,US,2026-06-05 02:31:57
2026-06-05,HR,Willow CultureApp,217-251-7277,info@willowcultureapp.io,https://willowcultureapp.io,9,Denver,US,2026-06-05 05:09:05
2026-06-05,MSP Platform,NimbusStack Labs,+15319137294,info@nimbusstacklabs.com,https://www.nimbusstacklabs.com,35,Dublin,IE,2026-06-05 04:48:49
2026-06-05,Legal,Apex CaseBase,706.212.5492,contact@apexcasebase.co,https://apexcasebase.co,407,Seattle,US,2026-06-05 06:17:35
2026-06-05,ERP,Clear PlanSuite,5404974816,info@clearplansuite.com,https://www.clearplansuite.com,11,Leeds,UK,2026-06-05 05:00:22
2026-06-05,ERP,True Forge Talent Agency,3345031995,hello@trueforgetalentagency.net,https://www.trueforgetalentagency.net,207,Chicago,US,2026-06-05 04:08:46
2026-06-05,Legal,GraniteClause Base,+19062386523,info@graniteclausebase.com,https://www.graniteclausebase.com,3738,Phoenix,US,2026-06-05 01:02:18
2026-06-05,Legal,TidalCompliFlow,553-965-6089,info@tidalcompliflow.com,https://www.tidalcompliflow.com,29,Sydney,AU,2026-06-05 03:38:10
2026-06-05,Legal,Cedar LawSphere,+16343538266 ext. 17,info@cedarlawsphere.com,https://cedarlawsphere.com,34,Bengaluru,IN,2026-06-05 06:01:43
2026-06-05,MSP Platform,CrestGrid Flow,+1 (471) 319-5598,hello@crestgridflow.com,https://www.crestgridflow.com,90,Seattle,US,2026-06-05 06:19:34
2026-06-05,MSP Platform,ApexMonitor Core,+17569993850,contact@apexmonitorcore.com,apexmonitorcore.com,2581,Boston,US,2026-06-05 01:34:39
2026-06-05,Medical,Nimbus TriagéSphere,926-762-1236,contact@nimbustriagesphere.co,https://www.nimbustriagesphere.co,446,Phoenix,US,2026-06-05 01:04:28
2026-06-05,MSP Platform,MetaUptimeDynamics,308.426.8088,contact@metauptimedynamics.com,https://www.metauptimedynamics.com,15,Tampa,US,2026-06-05 02:58:05
2026-06-05,LMS,UmbraPath Base,461-643-4847,hello@umbrapathbase.com,https://umbrapathbase.com,27,Melbourne,AU,2026-06-05 02:55:09
2026-06-05,ERP,North ResourceDesk,1-868-502-8799,sales@northresourcedesk.io,https://www.northresourcedesk.io,-,Seattle,US,2026-06-05 06:46:40
2026-06-05,HR,Bold TalentApp,1-499-624-1234,hello@boldtalentapp.com,https://boldtalentapp.com,11,Boston,US,2026-06-05 05:17:21
2026-06-05,ERP,PolarisChain Logic,7129836922,sales@polarischainlogic.io,polarischainlogic.io,28,Leeds,UK,2026-06-05 03:05:12
2026-06-05,HR,HarborPeopleFlow,(408) 402-0340,info@harborpeopleflow.io,harborpeopleflow.io,134,Boston,US,2026-06-05 06:54:52
2026-06-05,Medical,Quartz TriageCloud,(599) 203-7329,sales@quartztriagecloud.io,quartztriagecloud.io,7,Tampa,US,2026-06-05 06:58:18
2026-06-05,ERP,BeaconPlan Flow,+12376602264,sales@beaconplanflow.com,https://www.beaconplanflow.com,928,Hyderabad,IN,2026-06-05 01:03:14
2026-06-05,MSP Platform,Willow GridPlatform,8654672882,contact@willowgridplatform.com,willowgridplatform.com,121,Leeds,UK,2026-06-05 06:57:21
2026-06-05,Medical,Willow RxTech,(248) 387-7381,contact@willowrxtech.io,https://www.willowrxtech.io,111,Columbus,US,2026-06-05 02:59:16
2026-06-05,LMS,Ember Learn Outsourcing,1-568-493-8379,hello@emberlearnoutsourcing.com,https://www.emberlearnoutsourcing.com,637,Austin,US,2026-06-05 02:35:31
2026-06-05,Legal,NovaMatter Base,444.600.0417,sales@novamatterbase.co,novamatterbase.co,878,Raleigh,US,2026-06-05 06:22:09
2026-06-05,MSP Platform,Vertex Ticket Talent Agency,(964) 518-7111,info@vertextickettalentagency.com,https://www.vertextickettalentagency.com,96,Leeds,UK,2026-06-05 06:07:49
2026-06-05,HR,AtlasCulture Works,916-537-0612,contact@atlascultureworks.io,https://www.atlascultureworks.io,572,Austin,US,2026-06-05 06:08:00
2026-06-05,MSP Platform,XenonMonitor Tech,(941) 248-0254,contact@xenonmonitortech.io,xenonmonitortech.io,784,Sydney,AU,2026-06-05 04:21:21
2026-06-05,HR,BrightPeople Works,+13873730033,hello@brightpeopleworks.com,https://www.brightpeopleworks.com,311,Berlin,DE,2026-06-05 06:47:30
2026-06-05,HR,Summit Payroll Recruiting,(559) 263-0485,hello@summitpayrollrecruiting.com,https://www.summitpayrollrecruiting.com,9,Tampa,US,2026-06-05 05:05:01
2026-06-05,Legal,KeystoneFiling Point,629-392-7394,sales@keystonefilingpoint.com,https://www.keystonefilingpoint.com,283,Raleigh,US,2026-06-05 04:16:52
2026-06-05,MSP Platform,RidgeMonitor Sphere,(473) 967-9338,contact@ridgemonitorsphere.co,https://www.ridgemonitorsphere.co,4726,-,CA,2026-06-05 06:50:55
2026-06-05,ERP,Lumen ForgeHub,4952144355,info@lumenforgehub.io,https://lumenforgehub.io,311,Sydney,AU,2026-06-05 02:42:21
2026-06-05,Legal,JuniperLaw Sync,+17089120174,contact@juniperlawsync.com,juniperlawsync.com,25,Boston,US,2026-06-05 04:56:02
2026-06-05,MSP Platform,Alta UptimeSphere,470.298.3153,sales@altauptimesphere.com,https://altauptimesphere.com,194,Pune,IN,2026-06-05 02:46:53
2026-06-05,ERP,Lattice Chain Talent Agency,573.839.6601,sales@latticechaintalentagency.com,https://latticechaintalentagency.com,123,Tampa,US,2026-06-05 05:01:58
2026-06-05,Legal,Core LawSync,08487701827,sales@corelawsync.com,https://www.corelawsync.com,402,Melbourne,AU,2026-06-05 04:28:24
2026-06-05,Legal,HaloVerdict Dynamics,881.614.8433,contact@haloverdictdynamics.co,https://www.haloverdictdynamics.co,2728,Bengaluru,IN,2026-06-05 03:11:09
2026-06-05,ERP,ZephyrResourceHub,784-804-5670,hello@zephyrresourcehub.io,https://zephyrresourcehub.io,14,Atlanta,US,2026-06-05 03:41:10
2026-06-05,Legal,PolarisLawLogic,+12562804768,sales@polarislawlogic.net,polarislawlogic.net,88,Tampa,US,2026-06-05 06:19:23
2026-06-05,HR,Willow PerformDynamics,5757369623,hello@willowperformdynamics.com,willowperformdynamics.com,165,Austin,US,2026-06-05 02:51:40
2026-06-05,ERP,Falcon FinWorks,+13372625443,contact@falconfinworks.com,https://www.falconfinworks.com,272,Chicago,US,2026-06-05 01:27:13
2026-06-05,MSP Platform,DeltaPatch Systems,+14838540370,info@deltapatchsystems.com,https://www.deltapatchsystems.com,204,Tampa,US,2026-06-05 02:02:36
2026-06-05,ERP,Indigo OrderSolutions,(829) 253-2517,sales@indigoordersolutions.io,https://www.indigoordersolutions.io,219,Melbourne,AU,2026-06-05 06:44:49
2026-06-05,MSP Platform,Core NodeCore,+15432461301,hello@corenodecore.com,https://www.corenodecore.com,12,Denver,US,2026-06-05 06:09:46
2026-06-05,ERP,ArchOps Desk,(413) 885-0179,contact@archopsdesk.com,https://www.archopsdesk.com,476,Atlanta,US,2026-06-05 03:59:06
2026-06-05,ERP,TidalOps Hub,08877695877,sales@tidalopshub.com,https://www.tidalopshub.com,316,Austin,US,2026-06-05 01:48:12
2026-06-05,Medical,Willow PulseSphere,(866) 813-0482,hello@willowpulsesphere.co,https://willowpulsesphere.co,15,London,UK,2026-06-05 03:02:02
2026-06-05,LMS,XenonTrainLabs,2545356765 ext. 18,hello@xenontrainlabs.io,https://www.xenontrainlabs.io,451,Raleigh,US,2026-06-05 06:29:05
2026-06-05,MSP Platform,RidgeTicket Dynamics,696-823-6814,sales@ridgeticketdynamics.com,https://www.ridgeticketdynamics.com,157,Chicago,US,2026-06-05 01:15:35
2026-06-05,LMS,LatticeCourse Systems,+17285864982,sales@latticecoursesystems.co,latticecoursesystems.co,61,Denver,US,2026-06-05 02:54:47
2026-06-05,HR,SilverCulture Soft,+1 (888) 407-0668,contact@silverculturesoft.com,https://silverculturesoft.com,9,Tampa,US,2026-06-05 02:59:16
2026-06-05,ERP,BrightOpsDynamics,+16645176669,hello@brightopsdynamics.com,https://www.brightopsdynamics.com,22,Leeds,UK,2026-06-05 01:40:51
2026-06-05,ERP,QuantumStock Base,806-586-4726,sales@quantumstockbase.com,https://quantumstockbase.com,119,Munich,DE,2026-06-05 05:23:47
2026-06-05,LMS,SummitLearnBase,+13583416499,contact@summitlearnbase.co,https://summitlearnbase.co,778,Atlanta,US,2026-06-05 02:49:48
2026-06-05,MSP Platform,PolarisUptime Sphere,+12546201023,hello@polarisuptimesphere.co,https://polarisuptimesphere.co,79,London,UK,2026-06-05 02:48:59
2026-06-05,HR,BluePerform Sphere,453.667.8459,info@blueperformsphere.com,https://www.blueperformsphere.com,125,Seattle,US,2026-06-05 05:32:16
2026-06-05,HR,Umbra BenefitSystems,+15084446428,contact@umbrabenefitsystems.io,https://www.umbrabenefitsystems.io,432,Karachi,PK,2026-06-05 05:21:07
2026-06-05,HR,Beacon PeopleLabs,+12493555285,info@beaconpeoplelabs.com,https://beaconpeoplelabs.com,23,Tampa,US,2026-06-05 03:46:17
2026-06-05,MSP Platform,Harbor UptimeCore,6676124303,sales@harboruptimecore.com,https://www.harboruptimecore.com,68,Columbus,US,2026-06-05 01:09:05
2026-06-05,Legal,Lumen MatterApp,+16719651452,sales@lumenmatterapp.com,https://www.lumenmatterapp.com,94,Singapore,SG,2026-06-05 01:36:34
2026-06-05,LMS,Ridgeway LessonFlow,(607) 299-4637,info@ridgewaylessonflow.com,https://ridgewaylessonflow.com,15,Raleigh,US,2026-06-05 05:56:29
2026-06-05,Medical,ApexMedHub,6233726117,info@apexmedhub.com,https://apexmedhub.com,13,Phoenix,US,2026-06-05 05:57:36
2026-06-05,Legal,MetaLawCloud,+12698483020,contact@metalawcloud.com,metalawcloud.com,296,Calgary,CA,2026-06-05 05:03:13
2026-06-05,Legal,CoreVerdictSync,4587425922,,https://www.coreverdictsync.com,314,Columbus,US,2026-06-05 04:06:28
2026-06-05,HR,True TeamSoft,(881) 336-5720,N/A,https://www.trueteamsoft.io,342,Hyderabad,IN,2026-06-05 05:59:36
2026-06-05,Medical,OrbitVitalCore,(371) 294-8387,hello@orbitvitalcore.com,https://www.orbitvitalcore.com,141,Berlin,DE,2026-06-05 01:53:30
2026-06-05,LMS,Zephyr LearnWorks,+1 (905) 896-0536,sales@zephyrlearnworks.io,https://zephyrlearnworks.io,47,Manchester,UK,2026-06-05 03:11:06
2026-06-05,HR,EmberCulture Labs,1-241-790-0963,contact@emberculturelabs.com,https://www.emberculturelabs.com,22,London,UK,2026-06-05 03:14:57
2026-06-05,ERP,IndigoPlan Base,8043114367,sales@indigoplanbase.net,indigoplanbase.net,412,Boston,US,2026-06-05 01:17:20
2026-06-05,MSP Platform,EmberUptimeLabs,744-916-1307,hello@emberuptimelabs.com,https://www.emberuptimelabs.com,4409,Calgary,CA,2026-06-05 05:20:26
2026-06-05,Legal,SummitCompliDynamics,498.728.7843,info@summitcomplidynamics.com,summitcomplidynamics.com,559,Boston,US,2026-06-05 01:00:18
2026-06-05,Legal,FalconVerdict Core,554-516-2130,sales@falconverdictcore.io,https://falconverdictcore.io,89,Chicago,US,2026-06-05 03:15:19
2026-06-05,HR,LatticeTalentApp,(694) 645-1386,N/A,https://www.latticetalentapp.com,144,Munich,DE,2026-06-05 01:28:03
2026-06-05,ERP,AnchorForge Works,516.478.8847,info@anchorforgeworks.co,https://anchorforgeworks.co,15,Denver,US,2026-06-05 03:31:06
2026-06-05,Legal,RavenClauseTech,+1 (322) 737-4686,sales@ravenclausetech.com,https://www.ravenclausetech.com,15,London,UK,2026-06-05 01:21:29
2026-06-05,Legal,OnyxCompliSoft,968.247.7404,contact@onyxcomplisoft.com,https://www.onyxcomplisoft.com,228,Dublin,IE,2026-06-05 05:53:43
2026-06-05,MSP Platform,ApexPatchLabs,(262) 639-9900,sales@apexpatchlabs.com,https://www.apexpatchlabs.com,355,Melbourne,AU,2026-06-05 01:16:01
2026-06-05,ERP,CedarPlanLabs,848-287-2058,contact@cedarplanlabs.io,https://www.cedarplanlabs.io,12,Atlanta,US,2026-06-05 05:12:21
2026-06-05,Medical,GraniteRxSolutions,+1 (290) 894-8507 ext. 52,hello@graniterxsolutions.com,https://graniterxsolutions.com,8,Seattle,US,2026-06-05 02:10:22
2026-06-05,HR,PioneerCulture Labs,562.766.7481 ext. 96,hello@pioneerculturelabs.io,https://www.pioneerculturelabs.io,429,Seattle,US,2026-06-05 01:36:42
2026-06-05,LMS,BoldSkill Systems,(273) 545-4203,hello@boldskillsystems.com,https://www.boldskillsystems.com,13,London,UK,2026-06-05 03:11:14
2026-06-05,MSP Platform,ZephyrStackSystems,+15509299427 ext. 4,info@zephyrstacksystems.net,https://www.zephyrstacksystems.net,19,Boston,US,2026-06-05 03:52:01
2026-06-05,MSP Platform,AnchorMonitor Tech,3945429264,sales@anchormonitortech.com,https://anchormonitortech.com,134,Raleigh,US,2026-06-05 02:54:34
2026-06-05,HR,CobaltTalentCloud,+1 (860) 872-9502,hello@cobalttalentcloud.com,https://www.cobalttalentcloud.com,409,Austin,US,2026-06-05 06:02:32
2026-06-05,Medical,MosaicCareDesk,+17792311365,info@mosaiccaredesk.co,https://mosaiccaredesk.co,30,Raleigh,US,2026-06-05 01:37:23
2026-06-05,Medical,HarborMedSoft,2924873003 ext. 18,contact@harbormedsoft.com,https://www.harbormedsoft.com,N/A,Seattle,US,2026-06-05 01:15:57
2026-06-05,ERP,Blue ForgeDesk,+17273354885,hello@blueforgedesk.io,https://www.blueforgedesk.io,484,Tampa,US,2026-06-05 05:08:08
2026-06-05,Legal,FalconBriefPlatform,3552519034,sales@falconbriefplatform.com,falconbriefplatform.com,465,Boston,US,2026-06-05 05:32:53
2026-06-05,Legal,RapidCounsel Flow,(969) 778-6955,info@rapidcounselflow.com,rapidcounselflow.com,19,Raleigh,US,2026-06-05 06:10:50
2026-06-05,MSP Platform,CrestNetHub,+1 (962) 970-0408 ext. 46,contact@crestnethub.com,https://www.crestnethub.com,8,Chicago,US,2026-06-05 02:45:24
2026-06-05,MSP Platform,PrimeMonitorCore,1-896-897-5609,info@primemonitorcore.com,https://primemonitorcore.com,494,Calgary,CA,2026-06-05 01:04:31
2026-06-05,Medical,CrownCare Base,(412) 745-4703,info@crowncarebase.co,crowncarebase.co,9,Columbus,US,2026-06-05 06:19:44
2026-06-05,HR,CrestPeopleCloud,(387) 213-4325,sales@crestpeoplecloud.io,https://www.crestpeoplecloud.io,20,Atlanta,US,2026-06-05 04:24:57
2026-06-05,Medical,RidgeHealth Soft,912-396-5718,hello@ridgehealthsoft.com,https://www.ridgehealthsoft.com,84,Calgary,CA,2026-06-05 03:07:42
2026-06-05,Legal,SilverFiling Flow,551-490-8824,contact@silverfilingflow.io,https://www.silverfilingflow.io,11,Melbourne,AU,2026-06-05 06:43:40
2026-06-05,Medical,CobaltTriageApp,1-695-977-6010,sales@cobalttriageapp.com,https://www.cobalttriageapp.com,38,Atlanta,US,2026-06-05 06:34:54
2026-06-05,ERP,BoldForge Soft,8408036207,contact@boldforgesoft.com,https://www.boldforgesoft.com,28,Atlanta,US,2026-06-05 02:38:24
2026-06-05,ERP,Bright PlanPoint,702-464-1684,info@brightplanpoint.io,https://www.brightplanpoint.io,62,Dublin,IE,2026-06-05 03:35:53
2026-06-05,MSP Platform,UmbraRemoteSoft,963-725-8248 ext. 29,,https://www.umbraremotesoft.io,110,Singapore,SG,2026-06-05 06:32:12
2026-06-05,ERP,Tidal LedgerApp,1-763-244-5197,hello@tidalledgerapp.net,https://www.tidalledgerapp.net,40,Seattle,US,2026-06-05 01:12:33
2026-06-05,MSP Platform,Nimbus MonitorSuite,(726) 887-0212,contact@nimbusmonitorsuite.com,nimbusmonitorsuite.com,19,Denver,US,2026-06-05 05:28:07
2026-06-05,HR,RidgewayPayrollSphere,7739465686,sales@ridgewaypayrollsphere.net,https://ridgewaypayrollsphere.net,9,Islamabad,PK,2026-06-05 02:38:45
2026-06-05,LMS,Atlas TrainApp,524-696-4938,contact@atlastrainapp.com,https://atlastrainapp.com,202,Amsterdam,NL,2026-06-05 04:55:16
2026-06-05,ERP,Crown OpsBase,625-244-6751,info@crownopsbase.com,crownopsbase.com,33,Amsterdam,NL,2026-06-05 02:15:24
2026-06-05,HR,OrbitTalent Hub,(466) 833-5329,hello@orbittalenthub.io,https://orbittalenthub.io,28,Hyderabad,IN,2026-06-05 01:20:28
2026-06-05,ERP,CrownChainSuite,252-410-0432 ext. 70,contact@crownchainsuite.com,https://www.crownchainsuite.com,732,London,UK,2026-06-05 01:57:30
2026-06-05,MSP Platform,Nova PatchTech,872-658-3004,info@novapatchtech.io,https://www.novapatchtech.io,651,Phoenix,US,2026-06-05 02:54:04
2026-06-05,MSP Platform,MosaicNet Point,683-963-8616,hello@mosaicnetpoint.com,https://www.mosaicnetpoint.com,10,Denver,US,2026-06-05 01:59:07
2026-06-05,HR,QuartzTalent Tech,(709) 941-2649,sales@quartztalenttech.com,quartztalenttech.com,172,Toronto,CA,2026-06-05 06:45:37
2026-06-05,LMS,OmniMentor Desk,06442665137,,https://www.omnimentordesk.co,15,Chicago,US,2026-06-05 01:44:47
2026-06-05,Medical,NorthChart Systems,949-700-2664,info@northchartsystems.com,https://www.northchartsystems.com,196,Raleigh,US,2026-06-05 06:21:27
2026-06-05,Medical,ApexChart Dynamics,1-419-458-0015,hello@apexchartdynamics.co,https://www.apexchartdynamics.co,50,Vancouver,CA,2026-06-05 05:09:27
2026-06-05,MSP Platform,SableRemote Point,905.587.3677,sales@sableremotepoint.com,https://www.sableremotepoint.com,10,Melbourne,AU,2026-06-05 01:20:35
2026-06-05,Medical,ZenTriage Solutions,556-293-5914 ext. 91,contact@zentriagesolutions.io,https://zentriagesolutions.io,20,Denver,US,2026-06-05 01:25:35
2026-06-05,MSP Platform,Lumen NetWorks,(692) 456-7189,contact@lumennetworks.com,https://www.lumennetworks.com,209,Chicago,US,2026-06-05 04:26:57
2026-06-05,LMS,Apex SkillSoft,688-380-1742,hello@apexskillsoft.com,https://www.apexskillsoft.com,37,Munich,DE,2026-06-05 06:17:46
2026-06-05,ERP,KeystoneForge Desk,503-552-5425,hello@keystoneforgedesk.com,keystoneforgedesk.com,19,-,CA,2026-06-05 01:51:05
2026-06-05,HR,CedarTalent Works,+1 (771) 775-5369,info@cedartalentworks.com,https://www.cedartalentworks.com,44,Seattle,US,2026-06-05 04:21:57
2026-06-05,MSP Platform,Xenon TicketCloud,+1 (881) 489-5703,contact@xenonticketcloud.io,https://www.xenonticketcloud.io,138,Denver,US,2026-06-05 01:15:47
2026-06-05,MSP Platform,NimbusGridSuite,+13959500488 ext. 74,sales@nimbusgridsuite.com,https://www.nimbusgridsuite.com,29,Chicago,US,2026-06-05 01:51:54
2026-06-05,LMS,VertexTutor Flow,+1 (674) 874-7183,hello@vertextutorflow.net,https://www.vertextutorflow.net,26,Phoenix,US,2026-06-05 01:42:00
2026-06-05,HR,Fusion PerformLabs,08274467625,contact@fusionperformlabs.com,https://www.fusionperformlabs.com,9,Hyderabad,IN,2026-06-05 01:25:08
2026-06-05,ERP,Tidal StockWorks,(470) 631-7170,sales@tidalstockworks.com,https://tidalstockworks.com,93,Phoenix,US,2026-06-05 04:12:24
2026-06-05,Medical,VertexHealthDynamics,986.648.6197,info@vertexhealthdynamics.com,https://vertexhealthdynamics.com,21,London,UK,2026-06-05 06:19:56
2026-06-05,Medical,Nova PatientSoft,+14065262986,sales@novapatientsoft.com,novapatientsoft.com,465,Manchester,UK,2026-06-05 01:29:47
2026-06-05,MSP Platform,Ember StackCloud,982-964-5581,sales@emberstackcloud.co,https://www.emberstackcloud.co,6,Raleigh,US,2026-06-05 06:46:19
2026-06-05,ERP,SableOps Solutions,233-973-3620,contact@sableopssolutions.com,https://sableopssolutions.com,148,Columbus,US,2026-06-05 02:49:33
2026-06-05,ERP,Nova ResourcePoint,832-350-3135,sales@novaresourcepoint.com,https://www.novaresourcepoint.com,35,Leeds,UK,2026-06-05 06:17:50
2026-06-05,MSP Platform,Arch NodeLabs,(594) 933-8899,info@archnodelabs.com,https://archnodelabs.com,255,Atlanta,US,2026-06-05 04:25:28
2026-06-05,Medical,TrueClinic Base,08607418649,hello@trueclinicbase.com,https://www.trueclinicbase.com,1254,Raleigh,US,2026-06-05 04:29:03
2026-06-05,LMS,UmbraTutor Base,(369) 216-2716,contact@umbratutorbase.net,https://www.umbratutorbase.net,,Seattle,US,2026-06-05 05:29:25
2026-06-05,Legal,OrbitMatter Desk,665-559-9740,hello@orbitmatterdesk.com,https://www.orbitmatterdesk.com,4582,Melbourne,AU,2026-06-05 02:18:52
2026-06-05,MSP Platform,ArchGridSync,7537974158,hello@archgridsync.com,https://www.archgridsync.com,13,Leeds,UK,2026-06-05 04:09:19
2026-06-05,ERP,QuartzResource’s Suite,940-790-1295,hello@quartzresourcesuite.io,https://www.quartzresourcesuite.io,21,N/A,US,2026-06-05 03:31:26
2026-06-05,MSP Platform,OmniUptimeWorks,(745) 456-4294,sales@omniuptimeworks.io,https://www.omniuptimeworks.io,60,Atlanta,US,2026-06-05 03:48:02
2026-06-05,ERP,Bright ResourceTech,+17136471472,info@brightresourcetech.net,https://www.brightresourcetech.net,314,Atlanta,US,2026-06-05 06:10:18
2026-06-05,ERP,Halo LedgerSuite,+14955865241,hello@haloledgersuite.com,https://www.haloledgersuite.com,N/A,Phoenix,US,2026-06-05 02:22:06
2026-06-05,HR,CrestBenefitHub,+12409347820,hello@crestbenefithub.com,crestbenefithub.com,33,Toronto,CA,2026-06-05 01:36:22
2026-06-05,Legal,Onyx MatterFlow,+18993499227 ext. 65,contact@onyxmatterflow.com,https://www.onyxmatterflow.com,50,Denver,US,2026-06-05 06:29:58
2026-06-05,Medical,PrimeChart Systems,834-634-4829,sales@primechartsystems.com,https://www.primechartsystems.com,758,Karachi,PK,2026-06-05 03:54:09
2026-06-05,ERP,TrueOrderLogic,+18458677840,hello@trueorderlogic.com,https://www.trueorderlogic.com,12,Manchester,UK,2026-06-05 02:04:43
2026-06-05,MSP Platform,Bright EndpointBase,4684892389,sales@brightendpointbase.net,https://www.brightendpointbase.net,231,Singapore,SG,2026-06-05 05:53:00
2026-06-05,HR,Juniper CultureSystems,+19804216296,hello@juniperculturesystems.com,juniperculturesystems.com,19,Boston,US,2026-06-05 06:46:23
2026-06-05,HR,BoldPayrollDynamics,+1 (824) 345-2480,info@boldpayrolldynamics.com,https://www.boldpayrolldynamics.com,125,Tampa,US,2026-06-05 02:49:42
2026-06-05,ERP,Orbit PlanApp,08922819539,hello@orbitplanapp.com,https://www.orbitplanapp.com,11,Manchester,UK,2026-06-05 02:03:13
2026-06-05,LMS,GoldenCourse Systems,(293) 778-9861,hello@goldencoursesystems.com,https://www.goldencoursesystems.com,284,Austin,US,2026-06-05 01:05:34
2026-06-05,ERP,Core LedgerCore,606.931.0275,info@coreledgercore.com,https://coreledgercore.com,51,Chicago,US,2026-06-05 04:27:49
2026-06-05,Legal,Prime CaseHub,1-902-366-5455,hello@primecasehub.com,https://primecasehub.com,34,Tampa,US,2026-06-05 01:22:53
2026-06-05,Legal,AtlasBrief Labs,(525) 839-5065 ext. 31,sales@atlasbrieflabs.com,https://www.atlasbrieflabs.com,462,Phoenix,US,2026-06-05 01:44:56
2026-06-05,ERP,Meta Ledger Talent Agency,482.578.9958,info@metaledgertalentagency.com,https://www.metaledgertalentagency.com,16,Toronto,CA,2026-06-05 02:04:30
2026-06-05,Medical,Blue ChartPoint,+17168678580 ext. 12,contact@bluechartpoint.com,https://www.bluechartpoint.com,122,Austin,US,2026-06-05 02:06:45
2026-06-05,ERP,Zen BatchPoint,962-679-5572 ext. 87,info@zenbatchpoint.com,https://zenbatchpoint.com,636,Manchester,UK,2026-06-05 03:12:21
2026-06-05,Medical,Ridgeway HealthLogic,+19006962758,contact@ridgewayhealthlogic.com,https://www.ridgewayhealthlogic.com,106,Seattle,US,2026-06-05 06:32:03
2026-06-05,MSP Platform,Crown TicketLabs,+18184571266,contact@crownticketlabs.io,https://www.crownticketlabs.io,26,Hyderabad,IN,2026-06-05 05:55:19
2026-06-05,Medical,ClearPatientSuite,(329) 823-3866 ext. 67,info@clearpatientsuite.com,https://clearpatientsuite.com,157,Phoenix,US,2026-06-05 01:05:56
2026-06-05,HR,RapidCultureSync,(620) 894-7742,info@rapidculturesync.com,rapidculturesync.com,-,Lahore,PK,2026-06-05 05:33:14
2026-06-05,MSP Platform,ClearTicket Desk,2684824775,hello@clearticketdesk.net,https://clearticketdesk.net,157,Phoenix,US,2026-06-05 06:14:38
2026-06-05,MSP Platform,CrownMonitorDesk,769-494-2838,hello@crownmonitordesk.io,https://www.crownmonitordesk.io,7,Munich,DE,2026-06-05 02:50:43
2026-06-05,MSP Platform,Lattice UptimeSuite,296-881-8688,hello@latticeuptimesuite.co,https://www.latticeuptimesuite.co,125,Columbus,US,2026-06-05 03:33:21
2026-06-05,ERP,QuantumFinPoint,2228332051,sales@quantumfinpoint.com,https://www.quantumfinpoint.com,39,Melbourne,AU,2026-06-05 04:29:27
2026-06-05,Medical,ZephyrHealthBase,9867405866,contact@zephyrhealthbase.com,https://zephyrhealthbase.com,7,Columbus,US,2026-06-05 03:43:56
2026-06-05,MSP Platform,OmniMonitorDesk,1-918-204-2270,info@omnimonitordesk.com,https://omnimonitordesk.com,98,Columbus,US,2026-06-05 05:35:57
2026-06-05,Legal,SolidCounsel Flow,+12385699308,sales@solidcounselflow.com,https://www.solidcounselflow.com,-,Raleigh,US,2026-06-05 03:37:15
2026-06-05,LMS,VertexCourseHub,385.606.6753,sales@vertexcoursehub.io,vertexcoursehub.io,291,Toronto,CA,2026-06-05 02:04:05
2026-06-05,HR,WillowTeamWorks,1-648-770-3585,sales@willowteamworks.com,willowteamworks.com,11,Melbourne,AU,2026-06-05 02:12:25
2026-06-05,LMS,Solid LessonSoft,+17714198466,hello@solidlessonsoft.io,https://www.solidlessonsoft.io,403,Toronto,CA,2026-06-05 05:32:57
2026-06-05,Medical,Raven LedgerPoint,976.313.6861,hello@ravenledgerpoint.net,https://ravenledgerpoint.net,23,Toronto,CA,2026-06-05 02:59:20
2026-06-05,Medical,AnchorClinic Core,531.419.4503,info@anchorcliniccore.io,https://anchorcliniccore.io,46,Columbus,US,2026-06-05 04:12:24
2026-06-05,ERP,IndigoChain Suite,+13804234358,hello@indigochainsuite.com,https://www.indigochainsuite.com,3631,Boston,US,2026-06-05 06:49:02
2026-06-05,Medical,NorthTriage Dynamics,590-386-8479,contact@northtriagedynamics.com,northtriagedynamics.com,16,Tampa,US,2026-06-05 05:11:30
2026-06-05,MSP Platform,OrbitNet Platform,+18122016970,info@orbitnetplatform.net,https://www.orbitnetplatform.net,4728,Toronto,CA,2026-06-05 01:10:50
2026-06-05,HR,PrimePerformDesk,+18558352962,sales@primeperformdesk.io,https://www.primeperformdesk.io,13,Denver,US,2026-06-05 01:32:01
2026-06-05,Legal,PrimeFilingSphere,463-868-7984,info@primefilingsphere.io,https://primefilingsphere.io,163,Atlanta,US,2026-06-05 02:52:51
2026-06-05,Medical,Pioneer PulseSoft,(520) 648-5233,hello@pioneerpulsesoft.com,https://www.pioneerpulsesoft.com,28,Raleigh,US,2026-06-05 01:24:32
2026-06-05,Medical,QuartzMedFlow,5483891552,info@quartzmedflow.com,https://www.quartzmedflow.com,204,Hyderabad,IN,2026-06-05 05:47:27
2026-06-05,ERP,CoreResource Dynamics,2769026282,info@coreresourcedynamics.co,https://www.coreresourcedynamics.co,6,Chicago,US,2026-06-05 01:06:15
2026-06-05,Legal,LatticeMatterPlatform’s,(518) 275-5574,sales@latticematterplatform.com,https://www.latticematterplatform.com,31,Lahore,PK,2026-06-05 05:44:26
2026-06-05,Medical,ZenCare Works,+18079861892,hello@zencareworks.com,https://zencareworks.com,794,Boston,US,2026-06-05 01:30:04
2026-06-05,ERP,QuantumFin App,6448271061,contact@quantumfinapp.com,https://quantumfinapp.com,944,Denver,US,2026-06-05 01:52:44
2026-06-05,HR,Keystone BenefitLogic,+13772520305,hello@keystonebenefitlogic.com,https://www.keystonebenefitlogic.com,105,N/A,PK,2026-06-05 02:26:37
2026-06-05,Legal,Indigo CounselSuite,(717) 265-1741,hello@indigocounselsuite.net,indigocounselsuite.net,10,Chicago,US,2026-06-05 03:50:10
2026-06-05,LMS,MosaicPulseDesk,+1 (658) 584-5753,info@mosaicpulsedesk.com,https://mosaicpulsedesk.com,7,Austin,US,2026-06-05 06:12:29
2026-06-05,ERP,UmbraLedger Hub,469-722-6158,info@umbraledgerhub.com,https://www.umbraledgerhub.com,20,Boston,US,2026-06-05 06:37:14
2026-06-05,HR,True TeamLabs,318.791.5374,contact@trueteamlabs.net,https://www.trueteamlabs.net,54,Sydney,AU,2026-06-05 03:23:42
2026-06-05,HR,True CultureSoft,361-782-2849,sales@trueculturesoft.net,trueculturesoft.net,151,Columbus,US,2026-06-05 01:01:51
2026-06-05,ERP,CoreOrder Systems,+16848455704,contact@coreordersystems.com,https://www.coreordersystems.com,529,Chicago,US,2026-06-05 01:05:25
2026-06-05,ERP,Zen OpsDynamics,+1 (840) 493-8922,sales@zenopsdynamics.com,https://www.zenopsdynamics.com,14,Phoenix,US,2026-06-05 05:59:09
2026-06-05,HR,SilverShift Soft,5728275050,contact@silvershiftsoft.net,silvershiftsoft.net,555,Munich,DE,2026-06-05 03:15:44
2026-06-05,Legal,Clear CounselBase,(270) 740-7138,hello@clearcounselbase.co,https://www.clearcounselbase.co,126,Boston,US,2026-06-05 03:03:57
2026-06-05,ERP,VertexForge Hub,(610) 495-8026,info@vertexforgehub.com,https://www.vertexforgehub.com,12,Austin,US,2026-06-05 04:29:28
2026-06-05,HR,QuantumOnboardSystems,8032252116,info@quantumonboardsystems.com,quantumonboardsystems.com,388,Denver,US,2026-06-05 02:09:36
2026-06-05,Legal,Alta CounsélDesk,886-371-2208,info@altacounseldesk.net,https://www.altacounseldesk.net,60,Manchester,UK,2026-06-05 02:28:57
2026-06-05,HR,HaloFin Core,(777) 753-9294,info@halofincore.io,https://www.halofincore.io,814,Denver,US,2026-06-05 06:20:07
2026-06-05,ERP,VertexOps Desk,(261) 245-5594,info@vertexopsdesk.com,vertexopsdesk.com,5,Dublin,IE,2026-06-05 06:54:41
2026-06-05,MSP Platform,SilverNet Point,+1 (601) 849-8565,contact@silvernetpoint.com,https://www.silvernetpoint.com,18,Atlanta,US,2026-06-05 04:38:56
2026-06-05,ERP,Nimbus ForgeCloud,6644469982 ext. 3,info@nimbusforgecloud.io,https://www.nimbusforgecloud.io,37,Seattle,US,2026-06-05 02:05:04
2026-06-05,ERP,CrestLedger Works,957-789-3820,hello@crestledgerworks.com,crestledgerworks.com,52,Karachi,PK,2026-06-05 04:53:07
2026-06-05,MSP Platform,Zen UptimePlatform,09877507944,contact@zenuptimeplatform.com,https://www.zenuptimeplatform.com,120,Melbourne,AU,2026-06-05 01:33:39
2026-06-05,ERP,Core FinCore,623.773.4877,info@corefincore.com,https://www.corefincore.com,N/A,Pune,IN,2026-06-05 02:52:22
2026-06-05,Medical,TrueHealthSphere,7549726701,sales@truehealthsphere.io,https://truehealthsphere.io,120,Manchester,UK,2026-06-05 05:00:57
2026-06-05,ERP,ApexLedgerHub,246-605-1183,contact@apexledgerhub.co,apexledgerhub.co,15,Denver,US,2026-06-05 05:36:28
2026-06-05,LMS,Arch Course Outsourcing,(214) 343-4961,contact@archcourseoutsourcing.com,https://archcourseoutsourcing.com,208,Raleigh,US,2026-06-05 01:46:13
2026-06-05,ERP,AnchorBatch Dynamics,02226255642,info@anchorbatchdynamics.com,https://www.anchorbatchdynamics.com,32,-,US,2026-06-05 03:03:04
2026-06-05,Medical,AnchorPulseSync,484-977-2933 ext. 29,contact@anchorpulsesync.com,anchorpulsesync.com,16,Austin,US,2026-06-05 06:12:55
2026-06-05,MSP Platform,Falcon MonitorDesk,342.724.8511,info@falconmonitordesk.com,https://www.falconmonitordesk.com,57,Singapore,SG,2026-06-05 02:02:02
2026-06-05,LMS,LumenPathSystems’s,782.873.3237,sales@lumenpathsystems.com,https://www.lumenpathsystems.com,38,Atlanta,US,2026-06-05 02:41:34
2026-06-05,HR,OmniTalentFlow,3517404367,contact@omnitalentflow.com,omnitalentflow.com,59,London,UK,2026-06-05 01:46:59
2026-06-05,ERP,Rapid StockSystems,+1 (917) 696-9906,sales@rapidstocksystems.com,https://rapidstocksystems.com,364,Dublin,IE,2026-06-05 02:00:22
2026-06-05,HR,Lumén PeoplePlatform,399-546-7918,info@lumenpeopleplatform.com,https://www.lumenpeopleplatform.com,11,Seattle,US,2026-06-05 04:51:19
2026-06-05,ERP,Lattice ResourceDesk,+1 (478) 458-3026,hello@latticeresourcedesk.net,https://www.latticeresourcedesk.net,5,Manchester,UK,2026-06-05 02:42:08
2026-06-05,ERP,Rapid Plan Consultants,+14288218801,hello@rapidplanconsultants.com,https://rapidplanconsultants.com,89,Tampa,US,2026-06-05 04:47:42
2026-06-05,ERP,CrownPlan Core,+18236363858,sales@crownplancore.com,https://www.crownplancore.com,316,Seattle,US,2026-06-05 04:00:14
2026-06-05,ERP,Apex ResourceSuite,(432) 628-9415,hello@apexresourcesuite.com,https://apexresourcesuite.com,61,Phoenix,US,2026-06-05 01:51:37
2026-06-05,ERP,NorthLedger App,869-775-9566,sales@northledgerapp.com,https://northledgerapp.com,2655,Lahore,PK,2026-06-05 06:33:19
2026-06-05,Medical,Umbra PulseLogic,05344211338,contact@umbrapulselogic.com,https://umbrapulselogic.com,N/A,Phoenix,US,2026-06-05 04:00:41
2026-06-05,Legal,Umbra FilingLabs,666.680.1101,sales@umbrafilinglabs.com,umbrafilinglabs.com,914,Sydney,AU,2026-06-05 01:47:41
2026-06-05,Legal,Juniper CompliLabs,1-653-729-6442,hello@junipercomplilabs.com,https://www.junipercomplilabs.com,22,Boston,US,2026-06-05 01:53:12
2026-06-05,HR,Blue PerformSystems,+1 (738) 301-2237,info@blueperformsystems.com,https://www.blueperformsystems.com,28,Leeds,UK,2026-06-05 03:20:44
2026-06-05,MSP Platform,EmberNet Labs,(363) 678-2628,hello@embernetlabs.com,https://www.embernetlabs.com,17,Columbus,US,2026-06-05 05:59:50
2026-06-05,Medical,Cedar VitalLogic,410-715-0585,null,https://www.cedarvitallogic.com,73,Raleigh,US,2026-06-05 01:46:58
2026-06-05,ERP,NovaPlan App,(738) 385-5613,contact@novaplanapp.com,https://www.novaplanapp.com,39,London,UK,2026-06-05 03:44:04
2026-06-05,ERP,NovaFin Logic,(268) 294-2968,info@novafinlogic.net,https://www.novafinlogic.net,77,Raleigh,US,2026-06-05 04:58:33
2026-06-05,Medical,EmberPatient Sync,(657) 357-6456,sales@emberpatientsync.io,https://emberpatientsync.io,17,Tampa,US,2026-06-05 01:32:31
2026-06-05,MSP Platform,Core NetSolutions,(906) 656-4450,info@corenetsolutions.net,https://corenetsolutions.net,96,Raleigh,US,2026-06-05 01:37:43
2026-06-05,LMS,SableTutorHub,621-505-5964,hello@sabletutorhub.io,https://www.sabletutorhub.io,N/A,Tampa,US,2026-06-05 01:57:36
2026-06-05,ERP,LatticeResourceSoft,4005958620,sales@latticeresourcesoft.com,https://www.latticeresourcesoft.com,41,Denver,US,2026-06-05 05:40:25
2026-06-05,ERP,Clear StockHub,822.511.0332,info@clearstockhub.com,clearstockhub.com,169,Seattle,US,2026-06-05 01:43:35
2026-06-05,Legal,VertexMatter Cloud,645.978.5641,null,https://vertexmattercloud.co,44,Austin,US,2026-06-05 02:29:28
2026-06-05,Medical,ClearTriage Cloud,+18943734185,sales@cleartriagecloud.com,https://www.cleartriagecloud.com,21,Leeds,UK,2026-06-05 06:55:40
2026-06-05,ERP,AltaOrderCore,806-223-8135,sales@altaordercore.com,https://www.altaordercore.com,165,Columbus,US,2026-06-05 06:05:21
2026-06-05,Legal,OrbitLaw Flow,+13885085834,info@orbitlawflow.com,https://www.orbitlawflow.com,119,Seattle,US,2026-06-05 06:49:56
2026-06-05,ERP,VistaForge Sphere,(227) 826-4136,sales@vistaforgesphere.io,https://www.vistaforgesphere.io,85,Chicago,US,2026-06-05 01:56:55
2026-06-05,ERP,EmberOpsSolutions,1-208-686-9377,sales@emberopssolutions.net,emberopssolutions.net,18,Denver,US,2026-06-05 05:52:14
2026-06-05,MSP Platform,QuantumUptime App,807-330-9780,hello@quantumuptimeapp.co,https://www.quantumuptimeapp.co,70,Seattle,US,2026-06-05 05:43:11
2026-06-05,ERP,VeloOpsLogic,+1 (545) 612-9978,sales@veloopslogic.com,https://www.veloopslogic.com,155,Austin,US,2026-06-05 06:23:03
2026-06-05,ERP,BoldOrderWorks,601-236-5798,sales@boldorderworks.net,https://www.boldorderworks.net,9,Denver,US,2026-06-05 03:58:01
2026-06-05,MSP Platform,HaloEndpointCloud,+16693825452,contact@haloendpointcloud.io,https://haloendpointcloud.io,57,Atlanta,US,2026-06-05 06:51:10
2026-06-05,HR,MosaicBenefitLabs,840.885.8211,info@mosaicbenefitlabs.com,https://mosaicbenefitlabs.com,639,Manchester,UK,2026-06-05 03:09:45
2026-06-05,Legal,Anchor CaseApp,(775) 286-1067,info@anchorcaseapp.com,anchorcaseapp.com,14,Singapore,SG,2026-06-05 05:38:54
2026-06-05,HR,Indigo OnboardSoft,7737692208,sales@indigoonboardsoft.net,https://www.indigoonboardsoft.net,487,Manchester,UK,2026-06-05 04:04:40
2026-06-05,Medical,CobaltTriage Systems,(688) 707-4396,info@cobalttriagesystems.com,https://cobalttriagesystems.com,20,Atlanta,US,2026-06-05 04:07:04
2026-06-05,Legal,LumenCompli Suite,8996488220,hello@lumencomplisuite.net,https://www.lumencomplisuite.net,24,N/A,US,2026-06-05 01:19:15
2026-06-05,ERP,AltaLedger Works,(374) 654-4131,hello@altaledgerworks.com,https://altaledgerworks.com,27,Austin,US,2026-06-05 01:12:59
2026-06-05,Medical,RavenRosterPoint,+1 (811) 517-8673,hello@ravenrosterpoint.co,https://www.ravenrosterpoint.co,3546,Singapore,SG,2026-06-05 04:27:35
2026-06-05,HR,Nimbus TalentDynamics,534-611-3635,info@nimbustalentdynamics.co,https://www.nimbustalentdynamics.co,467,London,UK,2026-06-05 06:42:54
2026-06-05,HR,RapidPayroll Flow,+15599091506,info@rapidpayrollflow.com,https://www.rapidpayrollflow.com,13,Hyderabad,IN,2026-06-05 05:31:49
2026-06-05,LMS,ClearCohort Desk,875-823-7240,info@clearcohortdesk.com,https://clearcohortdesk.com,27,Seattle,US,2026-06-05 01:45:48
2026-06-05,HR,PivotPerform Dynamics,+18196385308,sales@pivotperformdynamics.com,https://pivotperformdynamics.com,631,Tampa,US,2026-06-05 03:44:52
2026-06-05,Legal,ArchCounsel Systems,+17337468950,null,https://archcounselsystems.net,,Chicago,US,2026-06-05 01:56:39
2026-06-05,ERP,Silver ForgeSuite,3622253216,hello@silverforgesuite.com,https://www.silverforgesuite.com,12,Bengaluru,IN,2026-06-05 05:08:26
2026-06-05,Medical,HarborVitalLogic,3643877658,sales@harborvitallogic.io,harborvitallogic.io,417,Amsterdam,NL,2026-06-05 04:43:50
2026-06-05,Medical,CrestPulse Sphere,1-952-890-2541,sales@crestpulsesphere.co,https://www.crestpulsesphere.co,487,Columbus,US,2026-06-05 06:38:32
2026-06-05,ERP,ZenFin Desk,(806) 537-3068 ext. 70,hello@zenfindesk.io,https://zenfindesk.io,514,Columbus,US,2026-06-05 05:14:45
2026-06-05,ERP,North Chain Outsourcing,491-968-9385,info@northchainoutsourcing.com,https://www.northchainoutsourcing.com,226,Seattle,US,2026-06-05 02:00:10
2026-06-05,Legal,BeaconCounselSolutions,1-376-365-4598,contact@beaconcounselsolutions.com,https://www.beaconcounselsolutions.com,31,Leeds,UK,2026-06-05 05:06:27
2026-06-05,Legal,AnchorCompli Sphere,(812) 220-7436,contact@anchorcomplisphere.io,https://anchorcomplisphere.io,294,Amsterdam,NL,2026-06-05 03:27:06
2026-06-05,HR,TrueTeam Labs,(863) 612-5066,info@trueteamlabs.com,https://www.trueteamlabs.com,473,Chicago,US,2026-06-05 05:07:26
2026-06-05,HR,KeystoneTeamPoint,(449) 967-3098,sales@keystoneteampoint.co,https://www.keystoneteampoint.co,124,Tampa,US,2026-06-05 02:13:53
2026-06-05,ERP,BeaconOps Soft,552.831.2146,contact@beaconopssoft.net,https://www.beaconopssoft.net,215,Raleigh,US,2026-06-05 01:07:37
2026-06-05,ERP,PioneerFinHub,391.359.2402,contact@pioneerfinhub.com,pioneerfinhub.com,18,Vancouver,CA,2026-06-05 02:16:00
2026-06-05,Medical,Alta PulseSystems,(244) 589-2638 ext. 12,info@altapulsesystems.com,altapulsesystems.com,347,Columbus,US,2026-06-05 03:34:17
2026-06-05,Medical,OnyxPatient Soft,228-572-1351,sales@onyxpatientsoft.net,https://onyxpatientsoft.net,50,Karachi,PK,2026-06-05 03:02:38
2026-06-05,HR,NimbusPeople Cloud,808.629.9444,sales@nimbuspeoplecloud.co,https://www.nimbuspeoplecloud.co,3999,Amsterdam,NL,2026-06-05 03:22:50
2026-06-05,Medical,Lumen VitalLogic,+15933598955,hello@lumenvitallogic.net,https://www.lumenvitallogic.net,59,Denver,US,2026-06-05 01:51:07
2026-06-05,ERP,Ridge PlanSphere,+17499185226,contact@ridgeplansphere.io,https://ridgeplansphere.io,60,Manchester,UK,2026-06-05 04:07:49
2026-06-05,MSP Platform,KeystoneRemote Flow,+12268462507,sales@keystoneremoteflow.com,https://keystoneremoteflow.com,31,N/A,UK,2026-06-05 05:46:49
2026-06-05,Medical,VertexHealth Flow,710-881-5296,info@vertexhealthflow.com,https://www.vertexhealthflow.com,7,Sydney,AU,2026-06-05 01:05:10
2026-06-05,MSP Platform,BrightNet Dynamics,+13517562464 ext. 11,contact@brightnetdynamics.com,https://www.brightnetdynamics.com,7,Atlanta,US,2026-06-05 02:04:21
2026-06-05,Legal,Cedar ClauseWorks,527-543-8530,info@cedarclauseworks.com,cedarclauseworks.com,99,Austin,US,2026-06-05 01:36:53
2026-06-05,HR,HaloPerformSolutions,5677900855,sales@haloperformsolutions.com,https://www.haloperformsolutions.com,20,Dublin,IE,2026-06-05 01:10:46
2026-06-05,Medical,PrimePulseApp,985.693.2847,info@primepulseapp.com,https://primepulseapp.com,7,Austin,US,2026-06-05 02:06:38
2026-06-05,MSP Platform,ArchTicket Desk,(565) 836-1317,info@archticketdesk.com,https://www.archticketdesk.com,167,London,UK,2026-06-05 06:39:22
2026-06-05,MSP Platform,Solid GridCore,+14633198506,hello@solidgridcore.net,solidgridcore.net,329,Columbus,US,2026-06-05 02:37:31
2026-06-05,Legal,QuartzVerdictPoint,+14952645627,hello@quartzverdictpoint.com,https://www.quartzverdictpoint.com,124,Munich,DE,2026-06-05 06:05:02
2026-06-05,HR,Tidal TalentPlatform,(720) 564-6443,hello@tidaltalentplatform.com,https://www.tidaltalentplatform.com,6,Austin,US,2026-06-05 04:06:56
2026-06-05,Medical,TrueCareLabs,912-224-1913,info@truecarelabs.io,https://www.truecarelabs.io,49,Raleigh,US,2026-06-05 05:35:01
2026-06-05,ERP,VertexStockPlatform,+1 (501) 439-3388,sales@vertexstockplatform.co,https://www.vertexstockplatform.co,N/A,Sydney,AU,2026-06-05 03:31:28
2026-06-05,Legal,DeltaMatterDynamics’s,800-949-6895,hello@deltamatterdynamics.io,https://deltamatterdynamics.io,472,Seattle,US,2026-06-05 01:48:20
2026-06-05,ERP,CedarFin Works,5649305403,info@cedarfinworks.com,https://www.cedarfinworks.com,114,Dublin,IE,2026-06-05 01:40:50
2026-06-05,ERP,Mosaic FinApp,(867) 323-6371,hello@mosaicfinapp.net,https://www.mosaicfinapp.net,11,Singapore,SG,2026-06-05 03:21:54
2026-06-05,HR,QuantumOnboardHub,3597554970,hello@quantumonboardhub.com,https://quantumonboardhub.com,12,Seattle,US,2026-06-05 03:52:02
2026-06-05,ERP,LatticeBatchApp,839.605.0549,info@latticebatchapp.com,https://latticebatchapp.com,177,Chicago,US,2026-06-05 04:25:12
2026-06-05,MSP Platform,Ridge UptimeSuite,1-529-614-4916,hello@ridgeuptimesuite.io,https://www.ridgeuptimesuite.io,70,Boston,US,2026-06-05 02:18:27
2026-06-05,Medical,Raven TriageLabs,+1 (791) 393-6315,info@raventriagelabs.com,https://raventriagelabs.com,83,Melbourne,AU,2026-06-05 02:21:19
2026-06-05,ERP,QuartzResource Hub,+1 (462) 566-5726,hello@quartzresourcehub.com,https://www.quartzresourcehub.com,441,Chicago,US,2026-06-05 01:15:16
2026-06-05,ERP,RapidOrder Platform,5212504628,info@rapidorderplatform.com,https://www.rapidorderplatform.com,4807,Boston,US,2026-06-05 06:48:44
2026-06-05,ERP,DeltaOrder Flow,1-371-703-2260,contact@deltaorderflow.net,deltaorderflow.net,438,Columbus,US,2026-06-05 04:41:59
2026-06-05,ERP,WillowFin Sphere,2392721505,contact@willowfinsphere.co,https://willowfinsphere.co,14,Denver,US,2026-06-05 02:23:50
2026-06-05,ERP,OmniStockDesk,+1 (423) 494-7401,hello@omnistockdesk.com,https://www.omnistockdesk.com,50,Raleigh,US,2026-06-05 06:19:47
2026-06-05,ERP,IronChainDynamics,860.336.7408,hello@ironchaindynamics.com,https://www.ironchaindynamics.com,30,Pune,IN,2026-06-05 03:51:38
2026-06-05,MSP Platform,MosaicRemoteLabs,1-928-367-2851,contact@mosaicremotelabs.com,https://www.mosaicremotelabs.com,58,Tampa,US,2026-06-05 01:41:19
2026-06-05,LMS,QuantumMentor Platform,+18392468105 ext. 12,info@quantummentorplatform.com,https://www.quantummentorplatform.com,349,London,UK,2026-06-05 02:47:29
2026-06-05,MSP Platform,Ember EndpointBase,781-341-5701 ext. 45,hello@emberendpointbase.com,https://www.emberendpointbase.com,93,Denver,US,2026-06-05 05:29:13
2026-06-05,Medical,GoldenClinic’s Solutions,09089361233,contact@goldenclinicsolutions.com,goldenclinicsolutions.com,43,Atlanta,US,2026-06-05 02:46:07
2026-06-05,MSP Platform,WillowNetHub,(240) 578-5124,sales@willownethub.io,https://willownethub.io,16,Phoenix,US,2026-06-05 06:13:22
2026-06-05,MSP Platform,Ridge MonitorPoint,(253) 872-1153,info@ridgemonitorpoint.com,https://ridgemonitorpoint.com,19,Columbus,US,2026-06-05 06:36:49
2026-06-05,Medical,Sable VitalDesk,1-241-855-1845,info@sablevitaldesk.com,sablevitaldesk.com,6,Atlanta,US,2026-06-05 06:04:37
2026-06-05,ERP,Delta BatchSync,4867270914,contact@deltabatchsync.net,https://deltabatchsync.net,214,Leeds,UK,2026-06-05 06:24:51
2026-06-05,ERP,OnyxResourceDesk,+19582965769,contact@onyxresourcedesk.co,onyxresourcedesk.co,439,Austin,US,2026-06-05 02:53:17
2026-06-05,Legal,Cobalt DocketFlow,+19604897853,hello@cobaltdocketflow.com,https://www.cobaltdocketflow.com,N/A,Seattle,US,2026-06-05 04:56:54
2026-06-05,LMS,CrownLessonSphere,+14028510790,sales@crownlessonsphere.io,https://crownlessonsphere.io,19,Toronto,CA,2026-06-05 02:08:42
2026-06-05,LMS,Xenon LearnFlow,(941) 668-5790 ext. 86,hello@xenonlearnflow.com,https://www.xenonlearnflow.com,327,Tampa,US,2026-06-05 04:46:11
2026-06-05,Medical,Juniper ClinicPlatform,+17275844897,info@juniperclinicplatform.io,https://www.juniperclinicplatform.io,120,Toronto,CA,2026-06-05 06:03:15
2026-06-05,HR,AtlasPeopleLabs,3829477913,hello@atlaspeoplelabs.com,https://www.atlaspeoplelabs.com,448,Chicago,US,2026-06-05 06:04:04
2026-06-05,Medical,SummitPatient Works,(585) 334-9764,hello@summitpatientworks.io,https://www.summitpatientworks.io,56,Boston,US,2026-06-05 02:23:38
2026-06-05,Medical,QuantumMedSuite,2033769021,hello@quantummedsuite.net,https://www.quantummedsuite.net,501,Leeds,UK,2026-06-05 06:19:37
2026-06-05,ERP,MosaicResource Cloud,(242) 266-1354,contact@mosaicresourcecloud.com,https://www.mosaicresourcecloud.com,254,Columbus,US,2026-06-05 05:41:01
2026-06-05,HR,DeltaTalent Sphere,+15349285126,info@deltatalentsphere.io,https://www.deltatalentsphere.io,9,Vancouver,CA,2026-06-05 06:41:16
2026-06-05,MSP Platform,PivotNet Solutions,(689) 922-1519,info@pivotnetsolutions.com,https://www.pivotnetsolutions.com,21,Phoenix,US,2026-06-05 01:41:23
2026-06-05,ERP,IronLedgerSync,722-241-7897,sales@ironledgersync.io,https://www.ironledgersync.io,9,Boston,US,2026-06-05 03:21:57
2026-06-05,ERP,SolidFin Works,+14119485123,sales@solidfinworks.com,https://solidfinworks.com,81,Leeds,UK,2026-06-05 05:03:53
2026-06-05,HR,Delta BenefitPoint,+13322683874,contact@deltabenefitpoint.net,https://www.deltabenefitpoint.net,210,Tampa,US,2026-06-05 03:31:24
2026-06-05,Medical,Indigo CareApp,+18248873129,contact@indigocareapp.com,https://indigocareapp.com,35,Seattle,US,2026-06-05 05:01:47
2026-06-05,LMS,PioneerCourseSoft,(760) 657-1087,sales@pioneercoursesoft.com,https://www.pioneercoursesoft.com,33,Islamabad,PK,2026-06-05 04:05:34
2026-06-05,Legal,VeloDocket App,02103825240,info@velodocketapp.com,https://www.velodocketapp.com,13,Chicago,US,2026-06-05 06:13:21
2026-06-05,Medical,LatticeTriage Soft,6186868296,info@latticetriagesoft.co,https://www.latticetriagesoft.co,23,Atlanta,US,2026-06-05 01:45:56
2026-06-05,ERP,PivotFin Hub,+18048304153,hello@pivotfinhub.io,https://pivotfinhub.io,13,Hyderabad,IN,2026-06-05 06:24:28
2026-06-05,ERP,GranitePlanWorks,1-785-688-9692,info@graniteplanworks.net,https://www.graniteplanworks.net,24,Seattle,US,2026-06-05 02:35:10
2026-06-05,ERP,Cedar Forge Consultants,986.305.4792,hello@cedarforgeconsultants.io,https://www.cedarforgeconsultants.io,64,Seattle,US,2026-06-05 03:49:48
2026-06-05,MSP Platform,CobaltEndpoint Soft,209-924-4700 ext. 45,contact@cobaltendpointsoft.com,https://cobaltendpointsoft.com,786,Austin,US,2026-06-05 01:28:27
2026-06-05,ERP,NimbusCase Labs,(617) 726-5297,info@nimbuscaselabs.io,nimbuscaselabs.io,183,Austin,US,2026-06-05 06:42:23
2026-06-05,MSP Platform,Harbor NodeSphere,736-964-0202,info@harbornodesphere.net,https://harbornodesphere.net,38,Leeds,UK,2026-06-05 03:21:55
2026-06-05,HR,Bright BenefitSoft,+17604968606,info@brightbenefitsoft.io,https://brightbenefitsoft.io,77,Vancouver,CA,2026-06-05 03:55:29
2026-06-05,HR,TrueBenefitSolutions,217-996-9605,-,https://www.truebenefitsolutions.com,456,Tampa,US,2026-06-05 04:41:34
2026-06-05,ERP,Golden ResourceCloud,+12955683319,contact@goldenresourcecloud.co,https://goldenresourcecloud.co,6,Sydney,AU,2026-06-05 02:36:27
2026-06-05,MSP Platform,NorthRemoteTech,+14634369323,contact@northremotetech.io,https://www.northremotetech.io,3905,Phoenix,US,2026-06-05 01:42:00
2026-06-05,MSP Platform,ZephyrUptimeBase,413-836-3669,hello@zephyruptimebase.com,zephyruptimebase.com,19,Pune,IN,2026-06-05 04:25:28
2026-06-05,Medical,LumenTriage Tech,(438) 887-3648,sales@lumentriagetech.io,https://www.lumentriagetech.io,210,Karachi,PK,2026-06-05 05:48:10
2026-06-05,Medical,Apex VitalBase,+1 (299) 554-5978,info@apexvitalbase.com,https://www.apexvitalbase.com,95,Munich,DE,2026-06-05 06:33:08
2026-06-05,ERP,Quartz PlanSoft,1-847-915-6826,hello@quartzplansoft.com,https://www.quartzplansoft.com,14,Seattle,US,2026-06-05 06:33:42
2026-06-05,MSP Platform,Iron NodeSoft,+18677375582,contact@ironnodesoft.com,https://ironnodesoft.com,5,Raleigh,US,2026-06-05 03:42:43
2026-06-05,MSP Platform,ZenRemoteDynamics,+1 (922) 317-8567,sales@zenremotedynamics.io,https://www.zenremotedynamics.io,5,Denver,US,2026-06-05 06:06:10
2026-06-05,MSP Platform,XenonPatchApp,+13826572321,hello@xenonpatchapp.io,https://xenonpatchapp.io,18,Toronto,CA,2026-06-05 04:38:02
2026-06-05,ERP,LatticePlanWorks,+13539964530,sales@latticeplanworks.com,https://www.latticeplanworks.com,97,Leeds,UK,2026-06-05 06:18:35
2026-06-05,Medical,PolarisTriageWorks,8052672314,info@polaristriageworks.com,https://www.polaristriageworks.com,82,Berlin,DE,2026-06-05 05:00:34
2026-06-05,ERP,Omni ChainDesk,(811) 248-4095,contact@omnichaindesk.com,https://www.omnichaindesk.com,31,Manchester,UK,2026-06-05 05:28:41
2026-06-05,Medical,GraniteClinic Platform,+16625614867,null,graniteclinicplatform.com,106,Amsterdam,NL,2026-06-05 03:05:31
2026-06-05,Medical,KeystoneMedSuite,+1 (748) 819-6551,info@keystonemedsuite.io,https://www.keystonemedsuite.io,968,Chicago,US,2026-06-05 04:14:08
2026-06-05,Medical,Cobalt PulseTech,08098442231 ext. 51,sales@cobaltpulsetech.net,https://cobaltpulsetech.net,147,Columbus,US,2026-06-05 02:30:37
2026-06-05,MSP Platform,BlueChain Logic,637-605-9302,sales@bluechainlogic.com,https://www.bluechainlogic.com,297,Tampa,US,2026-06-05 02:37:52
2026-06-05,Legal,Nova MedDesk,+17318171478,hello@novameddesk.co,https://novameddesk.co,N/A,Toronto,CA,2026-06-05 05:33:20
2026-06-05,HR,TidalRoster Tech,+19232194991,sales@tidalrostertech.net,https://www.tidalrostertech.net,291,N/A,UK,2026-06-05 04:40:01
2026-06-05,ERP,Bright PlanWorks,938-278-4991,hello@brightplanworks.com,https://www.brightplanworks.com,466,Vancouver,CA,2026-06-05 01:23:49
2026-06-05,Legal,JuniperClauseBase,+1 (781) 986-8175,hello@juniperclausebase.com,https://www.juniperclausebase.com,476,Atlanta,US,2026-06-05 06:08:16
2026-06-05,Medical,ArchMedWorks,1-964-462-1278,contact@archmedworks.com,https://archmedworks.com,414,Toronto,CA,2026-06-05 04:34:58
2026-06-05,ERP,KeystoneChain Soft,(901) 386-8620,hello@keystonechainsoft.com,https://www.keystonechainsoft.com,473,Phoenix,US,2026-06-05 06:15:53
2026-06-05,ERP,DeltaForgeSolutions,731-564-9373,N/A,deltaforgesolutions.io,128,Tampa,US,2026-06-05 04:49:25
2026-06-05,Legal,Arch CounselLogic,3263108894,sales@archcounsellogic.net,https://www.archcounsellogic.net,400,Chicago,US,2026-06-05 02:36:18
2026-06-05,ERP,ZenChain Flow,769-652-0586,-,https://www.zenchainflow.com,7,Columbus,US,2026-06-05 05:19:36
2026-06-05,Medical,CobaltPulse Suite,3259155736,contact@cobaltpulsesuite.net,https://www.cobaltpulsesuite.net,1271,Dublin,IE,2026-06-05 02:25:44
2026-06-05,Medical,NimbusMedCloud,(784) 460-4328,contact@nimbusmedcloud.com,https://nimbusmedcloud.com,46,Boston,US,2026-06-05 03:14:40
2026-06-05,MSP Platform,EmberNetBase,+14998973297,contact@embernetbase.io,https://www.embernetbase.io,454,Phoenix,US,2026-06-05 06:59:48
2026-06-05,HR,TidalPayrollSuite,+12603275106,hello@tidalpayrollsuite.net,https://www.tidalpayrollsuite.net,21,Columbus,US,2026-06-05 05:19:49
2026-06-05,HR,ZephyrShiftLabs,395-590-1285,sales@zephyrshiftlabs.co,https://zephyrshiftlabs.co,22,Melbourne,AU,2026-06-05 03:13:46
2026-06-05,ERP,QuartzStock Core,5255199896,sales@quartzstockcore.net,quartzstockcore.net,203,Munich,DE,2026-06-05 04:01:16
2026-06-05,Legal,LumenVerdictLabs,1-694-205-3516,info@lumenverdictlabs.com,https://www.lumenverdictlabs.com,4035,Vancouver,CA,2026-06-05 03:47:20
2026-06-05,Medical,CrownPatientCore,776.510.7741,contact@crownpatientcore.net,https://www.crownpatientcore.net,43,Austin,US,2026-06-05 03:44:11
2026-06-05,ERP,QuartzStock Desk,688-576-0405,info@quartzstockdesk.io,https://quartzstockdesk.io,57,Vancouver,CA,2026-06-05 06:22:29
2026-06-05,Legal,HarborLawPlatform,234-444-2807,hello@harborlawplatform.com,harborlawplatform.com,18,Columbus,US,2026-06-05 06:14:32
2026-06-05,ERP,PivotResourceSuite,9727346294,hello@pivotresourcesuite.com,https://www.pivotresourcesuite.com,30,Denver,US,2026-06-05 02:09:59
2026-06-05,ERP,PrimeStock Hub,309-890-7571,contact@primestockhub.com,primestockhub.com,17,Phoenix,US,2026-06-05 04:21:29
2026-06-05,MSP Platform,Apex GridDesk,1-899-746-5896,hello@apexgriddesk.com,https://apexgriddesk.com,93,Boston,US,2026-06-05 01:24:38
2026-06-05,ERP,XenonStock Suite,1-450-545-4695 ext. 16,hello@xenonstocksuite.net,https://xenonstocksuite.net,122,Columbus,US,2026-06-05 01:54:26
2026-06-05,Medical,RidgeMedApp,756-831-1939,hello@ridgemedapp.com,ridgemedapp.com,190,Phoenix,US,2026-06-05 06:51:29
2026-06-05,ERP,AnchorFinApp,+17953014997,sales@anchorfinapp.com,anchorfinapp.com,15,Chicago,US,2026-06-05 03:43:00
2026-06-05,ERP,VertexStockDesk,872-435-7376,hello@vertexstockdesk.com,vertexstockdesk.com,47,Raleigh,US,2026-06-05 01:38:05
2026-06-05,ERP,AtlasStock Dynamics,+1 (685) 283-1220,sales@atlasstockdynamics.com,atlasstockdynamics.com,108,Austin,US,2026-06-05 03:06:44
2026-06-05,ERP,Juniper PlanBase,232.738.4949,contact@juniperplanbase.com,https://www.juniperplanbase.com,180,Dublin,IE,2026-06-05 03:23:12
2026-06-05,MSP Platform,Ridgeway NodeFlow,894-944-9759,info@ridgewaynodeflow.com,https://www.ridgewaynodeflow.com,5,Tampa,US,2026-06-05 03:25:43
2026-06-05,Medical,Raven PatientSoft,248.646.8157 ext. 28,N/A,https://www.ravenpatientsoft.com,14,Tampa,US,2026-06-05 04:20:53
2026-06-05,ERP,PivotLedger App,+16606547604,hello@pivotledgerapp.com,https://pivotledgerapp.com,62,Hyderabad,IN,2026-06-05 04:07:59
2026-06-05,ERP,VertexChainHub,971.203.0420,hello@vertexchainhub.com,https://www.vertexchainhub.com,685,Vancouver,CA,2026-06-05 05:08:12
2026-06-05,HR,Golden BenefitLabs,(855) 503-7445,sales@goldenbenefitlabs.co,https://goldenbenefitlabs.co,42,Atlanta,US,2026-06-05 06:35:08
2026-06-05,HR,KeystoneTeam Core,(391) 790-5975,sales@keystoneteamcore.com,https://www.keystoneteamcore.com,83,Denver,US,2026-06-05 05:36:55
2026-06-05,Legal,OnyxVerdict App,(502) 577-1581,info@onyxverdictapp.com,https://www.onyxverdictapp.com,238,Boston,US,2026-06-05 06:51:28
2026-06-05,MSP Platform,DeltaMonitorCore,(645) 469-0694,-,https://deltamonitorcore.com,11,Austin,US,2026-06-05 05:53:46
2026-06-05,HR,SableBenefitSphere,+12983844374,contact@sablebenefitsphere.co,https://www.sablebenefitsphere.co,191,Columbus,US,2026-06-05 06:23:03
2026-06-05,ERP,GraniteBatch Desk,210-220-1163,info@granitebatchdesk.io,https://www.granitebatchdesk.io,75,N/A,US,2026-06-05 06:34:10
2026-06-05,LMS,CoreLearnPlatform,612.527.9088,N/A,https://www.corelearnplatform.com,2005,London,UK,2026-06-05 01:14:19
2026-06-05,ERP,VeloBatchCloud,7255718618,sales@velobatchcloud.com,https://velobatchcloud.com,60,Austin,US,2026-06-05 04:09:55
2026-06-05,ERP,CedarLedger App,9027153480,hello@cedarledgerapp.io,https://cedarledgerapp.io,32,Phoenix,US,2026-06-05 04:49:44
2026-06-05,ERP,PivotLedger Hub,+14269508124 ext. 5,hello@pivotledgerhub.com,https://www.pivotledgerhub.com,-,Atlanta,US,2026-06-05 05:11:12
2026-06-05,Medical,Cedar RxSync,(607) 848-6487,contact@cedarrxsync.io,https://cedarrxsync.io,166,Phoenix,US,2026-06-05 06:57:38
2026-06-05,ERP,VistaPlanSolutions,+1 (339) 792-7116,info@vistaplansolutions.com,https://vistaplansolutions.com,263,Chicago,US,2026-06-05 03:33:02
2026-06-05,Legal,Indigo DocketSync,(969) 404-3724,info@indigodocketsync.net,https://www.indigodocketsync.net,188,Chicago,US,2026-06-05 05:22:48
2026-06-05,MSP Platform,SummitRemote Soft,(831) 811-1332,,summitremotesoft.io,2332,Berlin,DE,2026-06-05 06:00:08
2026-06-05,HR,TidalOnboard Systems,1-967-357-0579,sales@tidalonboardsystems.io,https://tidalonboardsystems.io,123,Chicago,US,2026-06-05 05:32:14
2026-06-05,MSP Platform,BrightNode Soft,+12764862480,contact@brightnodesoft.io,https://www.brightnodesoft.io,3644,Singapore,SG,2026-06-05 01:10:54
2026-06-05,HR,QuartzPerform Sphere,+19192580402 ext. 74,sales@quartzperformsphere.net,https://www.quartzperformsphere.net,193,Tampa,US,2026-06-05 02:18:30
2026-06-05,HR,Mosaic PeopleFlow,(770) 492-5582,info@mosaicpeopleflow.com,https://mosaicpeopleflow.com,166,Raleigh,US,2026-06-05 03:16:22
2026-06-05,ERP,SilverStock Systems,331-441-5524,sales@silverstocksystems.net,https://www.silverstocksystems.net,149,Vancouver,CA,2026-06-05 06:46:42
2026-06-05,Medical,RavenHealthDesk,+17958918239,contact@ravenhealthdesk.com,https://ravenhealthdesk.com,143,Islamabad,PK,2026-06-05 05:32:14
2026-06-05,ERP,SolidBatch’s Platform,5567596804,hello@solidbatchplatform.com,https://www.solidbatchplatform.com,29,London,UK,2026-06-05 03:42:50
2026-06-05,MSP Platform,FalconStackTech,441.966.5683 ext. 83,hello@falconstacktech.com,https://falconstacktech.com,17,Austin,US,2026-06-05 02:01:16
2026-06-05,ERP,Quartz BatchSoft,432-530-2808,info@quartzbatchsoft.co,https://quartzbatchsoft.co,null,Boston,US,2026-06-05 02:35:27
2026-06-05,Medical,Cedar Med Manpower Services,3614537626,info@cedarmedmanpowerservices.io,https://www.cedarmedmanpowerservices.io,25,Toronto,CA,2026-06-05 03:44:37
2026-06-05,MSP Platform,RidgewayNet Core,+1 (298) 475-5316,sales@ridgewaynetcore.io,https://www.ridgewaynetcore.io,48,Singapore,SG,2026-06-05 04:18:58
2026-06-05,HR,VeloOnboardDynamics,4984109443,contact@veloonboarddynamics.com,https://veloonboarddynamics.com,930,Austin,US,2026-06-05 05:30:16
2026-06-05,Medical,XenonPulse Logic,6499955374,hello@xenonpulselogic.net,https://www.xenonpulselogic.net,48,Leeds,UK,2026-06-05 06:42:34
2026-06-05,MSP Platform,SableNetHub,+16418799587,contact@sablenethub.net,https://www.sablenethub.net,5,Islamabad,PK,2026-06-05 04:03:39
2026-06-05,HR,AtlasPeople App,309-682-3218 ext. 12,sales@atlaspeopleapp.io,https://www.atlaspeopleapp.io,50,Raleigh,US,2026-06-05 05:59:21
2026-06-05,ERP,QuartzFinCloud,(915) 955-7728,hello@quartzfincloud.com,https://quartzfincloud.com,35,Seattle,US,2026-06-05 01:58:08
2026-06-05,HR,Orbit OnboardDynamics,(873) 522-7241,hello@orbitonboarddynamics.io,https://orbitonboarddynamics.io,11,Boston,US,2026-06-05 03:04:05
2026-06-05,ERP,Nova OrderDynamics,+15094623087 ext. 76,N/A,https://novaorderdynamics.com,751,Toronto,CA,2026-06-05 02:45:01
2026-06-05,HR,RidgewayTeam App,+15194940967 ext. 4,hello@ridgewayteamapp.com,https://www.ridgewayteamapp.com,15,Chicago,US,2026-06-05 03:11:05
2026-06-05,Legal,Harbor MatterTech,(369) 622-9522,contact@harbormattertech.io,https://harbormattertech.io,23,Boston,US,2026-06-05 04:54:18
2026-06-05,MSP Platform,Quartz StackWorks,574-336-4028 ext. 41,hello@quartzstackworks.com,https://quartzstackworks.com,351,Austin,US,2026-06-05 05:32:55
2026-06-05,Legal,Silver ClauseTech,+12644858035,info@silverclausetech.io,silverclausetech.io,446,Denver,US,2026-06-05 04:45:11
2026-06-05,ERP,Alta StockWorks,(454) 931-3855,hello@altastockworks.com,https://www.altastockworks.com,4211,Melbourne,AU,2026-06-05 04:10:37
2026-06-05,Medical,PolarisChart Platform,1-608-703-6122,info@polarischartplatform.com,polarischartplatform.com,71,Amsterdam,NL,2026-06-05 04:11:44
2026-06-05,ERP,Orbit ResourcePoint,901-789-6121,hello@orbitresourcepoint.com,https://www.orbitresourcepoint.com,845,Pune,IN,2026-06-05 03:59:39
2026-06-05,Legal,Halo BriefSolutions,1-482-890-2811,sales@halobriefsolutions.com,https://www.halobriefsolutions.com,12,Toronto,CA,2026-06-05 04:53:50
2026-06-05,Legal,Granite Brief BPO Services,(230) 344-7372,contact@granitebriefbposervices.com,granitebriefbposervices.com,497,Munich,DE,2026-06-05 05:50:25
2026-06-05,ERP,ApexBatch Sphere,(519) 741-8898,sales@apexbatchsphere.co,https://www.apexbatchsphere.co,631,Phoenix,US,2026-06-05 02:41:25
2026-06-05,Legal,Pivot BriefCore,(716) 688-9545,hello@pivotbriefcore.com,https://www.pivotbriefcore.com,51,Phoenix,US,2026-06-05 04:05:39
2026-06-05,Legal,Atlas Case BPO Services,+17515940254,contact@atlascasebposervices.com,https://www.atlascasebposervices.com,11,Tampa,US,2026-06-05 05:53:05
2026-06-05,Medical,JuniperHealthHub,1-846-990-1487,info@juniperhealthhub.com,https://juniperhealthhub.com,19,Raleigh,US,2026-06-05 02:56:58
2026-06-05,Medical,OnyxClinic Soft,593-636-8053,hello@onyxclinicsoft.net,https://www.onyxclinicsoft.net,19,Toronto,CA,2026-06-05 06:05:43
2026-06-05,ERP,Vertex PlanLogic,(281) 454-3606,info@vertexplanlogic.co,https://www.vertexplanlogic.co,41,Hyderabad,IN,2026-06-05 06:27:47
2026-06-05,MSP Platform,GraniteNodeCloud,(369) 324-1060,info@granitenodecloud.com,https://granitenodecloud.com,null,Seattle,US,2026-06-05 04:37:47
2026-06-05,MSP Platform,Umbra StackPlatform,936-871-7317,info@umbrastackplatform.io,https://umbrastackplatform.io,164,Tampa,US,2026-06-05 06:30:16
2026-06-05,ERP,RidgeBatchTech,+19739247096,info@ridgebatchtech.io,https://www.ridgebatchtech.io,352,London,UK,2026-06-05 03:26:43
2026-06-05,ERP,NimbusChain Sync,(930) 224-2273 ext. 42,info@nimbuschainsync.com,https://www.nimbuschainsync.com,183,Amsterdam,NL,2026-06-05 03:46:29
2026-06-05,Legal,ZephyrBrief Flow,773-290-0559,sales@zephyrbriefflow.com,https://www.zephyrbriefflow.com,7,Melbourne,AU,2026-06-05 06:15:52
2026-06-05,Medical,IndigoHealth App,(883) 267-2802,info@indigohealthapp.io,indigohealthapp.io,279,Austin,US,2026-06-05 03:19:40
2026-06-05,ERP,SolidFin Flow,03105453654,sales@solidfinflow.com,https://solidfinflow.com,42,Austin,US,2026-06-05 06:04:14
2026-06-05,ERP,Nova StockWorks,+1 (612) 666-7074,info@novastockworks.io,https://www.novastockworks.io,330,Leeds,UK,2026-06-05 05:04:28
2026-06-05,MSP Platform,Lattice MonitorDesk,+13579258914,sales@latticemonitordesk.com,https://www.latticemonitordesk.com,12,Austin,US,2026-06-05 06:00:06
2026-06-05,MSP Platform,Tidal UptimeSoft,+1 (212) 460-4598,info@tidaluptimesoft.co,https://tidaluptimesoft.co,3261,Phoenix,US,2026-06-05 01:51:08
2026-06-05,Legal,Solid DocketSolutions,+18894860588,info@soliddocketsolutions.net,https://www.soliddocketsolutions.net,39,-,US,2026-06-05 05:17:18
2026-06-05,Legal,Granite LawHub,+1 (621) 769-6891,hello@granitelawhub.io,https://granitelawhub.io,19,Bengaluru,IN,2026-06-05 03:49:24
2026-06-05,HR,Juniper PerformCore,(949) 722-4555,info@juniperperformcore.net,https://www.juniperperformcore.net,248,Columbus,US,2026-06-05 05:03:39
2026-06-05,MSP Platform,RapidGridSync,735.688.7512,hello@rapidgridsync.co,https://www.rapidgridsync.co,28,Sydney,AU,2026-06-05 06:12:47
2026-06-05,Medical,PivotMed Tech,+17433686989,info@pivotmedtech.com,https://www.pivotmedtech.com,63,Raleigh,US,2026-06-05 03:18:31
2026-06-05,HR,HarborPayroll Dynamics,+15925833676,info@harborpayrolldynamics.io,harborpayrolldynamics.io,9,Singapore,SG,2026-06-05 01:18:00
2026-06-05,HR,SummitTeamDynamics,222-745-8700,contact@summitteamdynamics.io,https://www.summitteamdynamics.io,82,Atlanta,US,2026-06-05 02:11:05
2026-06-05,LMS,PivotMentor Systems,6486951918,info@pivotmentorsystems.com,https://www.pivotmentorsystems.com,373,Dublin,IE,2026-06-05 05:01:01
2026-06-05,ERP,EmberOrder Solutions,(618) 295-8915,info@emberordersolutions.io,https://emberordersolutions.io,51,Boston,US,2026-06-05 06:18:13
2026-06-05,HR,Quantum PeopleSphere,(449) 728-3964,hello@quantumpeoplesphere.io,https://quantumpeoplesphere.io,9,Phoenix,US,2026-06-05 05:36:41
2026-06-05,HR,RapidBenefit Base,693.420.9856,contact@rapidbenefitbase.com,https://www.rapidbenefitbase.com,695,Raleigh,US,2026-06-05 01:17:06
2026-06-05,Legal,NovaBrief Works,433.822.3687,hello@novabriefworks.net,https://novabriefworks.net,202,Raleigh,US,2026-06-05 06:35:30
2026-06-05,MSP Platform,VeloGridSoft,258.319.9741,hello@velogridsoft.io,https://www.velogridsoft.io,89,Tampa,US,2026-06-05 03:44:33
2026-06-05,MSP Platform,GraniteRemoteFlow,243-241-4369,hello@graniteremoteflow.com,https://www.graniteremoteflow.com,720,Columbus,US,2026-06-05 02:06:31
2026-06-05,Legal,Fusion VerdictApp,595.403.3233,contact@fusionverdictapp.net,https://www.fusionverdictapp.net,41,Denver,US,2026-06-05 06:52:14
2026-06-05,Medical,Alta RxDesk,(869) 702-3804,contact@altarxdesk.io,https://www.altarxdesk.io,45,Chicago,US,2026-06-05 02:13:50
2026-06-05,ERP,SolidOpsPoint,4505049786,contact@solidopspoint.co,https://solidopspoint.co,11,Phoenix,US,2026-06-05 02:40:43
2026-06-05,HR,Nimbus BenefitBase,377.235.3880 ext. 95,info@nimbusbenefitbase.com,https://www.nimbusbenefitbase.com,300,Berlin,DE,2026-06-05 02:17:27
2026-06-05,MSP Platform,BoldGridFlow,(353) 860-7305,contact@boldgridflow.com,https://www.boldgridflow.com,6,Columbus,US,2026-06-05 06:55:59
2026-06-05,LMS,ArchTutor Systems,+1 (664) 645-6496,contact@archtutorsystems.com,https://archtutorsystems.com,215,London,UK,2026-06-05 03:21:44
2026-06-05,Medical,QuantumChartPlatform,+1 (354) 420-6722,info@quantumchartplatform.com,quantumchartplatform.com,353,Pune,IN,2026-06-05 06:26:53
2026-06-05,Medical,Harbor TriageSoft,(697) 314-5336,hello@harbortriagesoft.com,https://www.harbortriagesoft.com,38,Singapore,SG,2026-06-05 01:43:01
2026-06-05,HR,GraniteRoster’s Works,2379066172,sales@graniterosterworks.com,https://www.graniterosterworks.com,17,Seattle,US,2026-06-05 01:35:27
2026-06-05,ERP,BrightOps Sphere,566.311.6409,contact@brightopssphere.com,https://www.brightopssphere.com,46,Munich,DE,2026-06-05 01:16:06
2026-06-05,MSP Platform,BoldNetDesk,+1 (796) 685-6171,hello@boldnetdesk.com,https://www.boldnetdesk.com,53,Raleigh,US,2026-06-05 02:08:46
2026-06-05,MSP Platform,OnyxNet Dynamics,1-590-505-5637,sales@onyxnetdynamics.com,https://www.onyxnetdynamics.com,33,Phoenix,US,2026-06-05 03:51:09
2026-06-05,MSP Platform,True TicketPoint,(413) 322-5924 ext. 14,sales@trueticketpoint.net,https://www.trueticketpoint.net,22,Boston,US,2026-06-05 02:21:52
2026-06-05,Medical,CrestHealthFlow,1-969-882-6906,,cresthealthflow.com,530,Chicago,US,2026-06-05 03:02:15
2026-06-05,Legal,Blue ClauseApp,1-612-700-9130,sales@blueclauseapp.io,https://www.blueclauseapp.io,16,Chicago,US,2026-06-05 03:09:56
2026-06-05,Legal,ZephyrVerdict Soft,4269821799,info@zephyrverdictsoft.io,https://www.zephyrverdictsoft.io,24,Tampa,US,2026-06-05 04:53:37
2026-06-05,Medical,Prime Clinic Manpower Services,2032351663,info@primeclinicmanpowerservices.com,https://primeclinicmanpowerservices.com,16,Manchester,UK,2026-06-05 06:49:00
2026-06-05,ERP,TidalPlanPlatform,845.539.0491,hello@tidalplanplatform.com,https://www.tidalplanplatform.com,9,Melbourne,AU,2026-06-05 06:32:52
2026-06-05,MSP Platform,MetaNetHub,1-207-221-3984,sales@metanethub.com,metanethub.com,189,Amsterdam,NL,2026-06-05 02:31:58
2026-06-05,HR,CrownBenefitTech,+18684602825,sales@crownbenefittech.io,https://crownbenefittech.io,21,Denver,US,2026-06-05 04:20:40
2026-06-05,Medical,OmniClinicPlatform,(661) 910-6269 ext. 96,info@omniclinicplatform.com,omniclinicplatform.com,63,Austin,US,2026-06-05 03:39:52
2026-06-05,ERP,SummitOps Soft,+13957699696,hello@summitopssoft.com,https://www.summitopssoft.com,2139,Raleigh,US,2026-06-05 02:49:25
2026-06-05,HR,Meta RosterCloud,(282) 658-4998,N/A,https://www.metarostercloud.com,209,Chicago,US,2026-06-05 02:50:04
2026-06-05,MSP Platform,RidgewayNode Base,+18308709176 ext. 15,contact@ridgewaynodebase.com,https://ridgewaynodebase.com,62,Chicago,US,2026-06-05 04:12:46
2026-06-05,MSP Platform,FusionRemoteSystems,1-275-237-9918,,https://www.fusionremotesystems.com,239,Austin,US,2026-06-05 02:18:11
2026-06-05,HR,Lattice TalentSphere,+18475783106,info@latticetalentsphere.com,https://latticetalentsphere.com,300,Pune,IN,2026-06-05 06:30:09
2026-06-05,HR,Meta Talent Talent Agency,1-579-880-7614,info@metatalenttalentagency.io,https://www.metatalenttalentagency.io,208,Munich,DE,2026-06-05 06:38:05
2026-06-05,HR,Tidal PeopleDesk,(591) 874-6156,sales@tidalpeopledesk.net,https://tidalpeopledesk.net,4935,Seattle,US,2026-06-05 05:27:05
2026-06-05,ERP,Ember StockSphere,(846) 261-0725,sales@emberstocksphere.net,https://emberstocksphere.net,20,Phoenix,US,2026-06-05 05:50:52
2026-06-05,MSP Platform,Arch PatchLogic,(872) 963-0078,info@archpatchlogic.com,https://archpatchlogic.com,99,Berlin,DE,2026-06-05 02:34:14
2026-06-05,LMS,PolarisQuizWorks,+15135902569 ext. 99,sales@polarisquizworks.com,https://www.polarisquizworks.com,28,Seattle,US,2026-06-05 03:40:53
2026-06-05,Medical,SummitPulseSoft,312-228-7923,sales@summitpulsesoft.io,https://summitpulsesoft.io,28,Vancouver,CA,2026-06-05 03:48:41
2026-06-05,MSP Platform,Cobalt Uptime Consultants,5983776265,hello@cobaltuptimeconsultants.com,https://www.cobaltuptimeconsultants.com,829,Hyderabad,IN,2026-06-05 04:50:08
2026-06-05,LMS,Alta LearnApp,+17355533819,contact@altalearnapp.co,https://www.altalearnapp.co,59,Seattle,US,2026-06-05 05:24:30
2026-06-05,Medical,Onyx HealthTech,+13504191505,sales@onyxhealthtech.io,https://www.onyxhealthtech.io,14,Atlanta,US,2026-06-05 06:44:52
2026-06-05,HR,Polaris PeopleFlow,1-616-390-2987,contact@polarispeopleflow.io,https://polarispeopleflow.io,75,Tampa,US,2026-06-05 04:59:21
2026-06-05,Medical,GraniteHealthBase,386.900.2324,contact@granitehealthbase.com,https://www.granitehealthbase.com,27,Singapore,SG,2026-06-05 03:22:11
2026-06-05,Legal,Zephyr VerdictTech,1-776-303-4081,contact@zephyrverdicttech.io,https://zephyrverdicttech.io,12,Phoenix,US,2026-06-05 01:49:18
2026-06-05,ERP,CrestResourceCloud,328-561-0969,hello@crestresourcecloud.com,https://crestresourcecloud.com,9,Melbourne,AU,2026-06-05 01:35:51
2026-06-05,Legal,VertexDocketDesk,1-564-950-5771,hello@vertexdocketdesk.io,https://vertexdocketdesk.io,527,Denver,US,2026-06-05 06:55:31
2026-06-05,HR,DeltaTeamSuite,7152863715,info@deltateamsuite.com,https://www.deltateamsuite.com,82,Columbus,US,2026-06-05 03:11:10
2026-06-05,ERP,RavenOps Labs,+17157925719,contact@ravenopslabs.com,https://ravenopslabs.com,60,Phoenix,US,2026-06-05 04:05:13
2026-06-05,HR,MetaCultureSphere,+17374277832,hello@metaculturesphere.com,https://www.metaculturesphere.com,99,Manchester,UK,2026-06-05 06:19:26
2026-06-05,Medical,North PulseCore,7067231348,hello@northpulsecore.com,https://www.northpulsecore.com,14,Tampa,US,2026-06-05 02:15:15
2026-06-05,LMS,NovaQuiz Suite,(216) 776-3114,info@novaquizsuite.com,https://novaquizsuite.com,16,London,UK,2026-06-05 05:19:28
2026-06-05,ERP,TrueChainSphere,2639984180,hello@truechainsphere.net,https://truechainsphere.net,20,Boston,US,2026-06-05 05:22:47
2026-06-05,MSP Platform,RidgewayRemoteTech,965-878-0087,contact@ridgewayremotetech.co,https://www.ridgewayremotetech.co,17,Tampa,US,2026-06-05 05:00:43
2026-06-05,Medical,Umbra PatientBase,8352738037,hello@umbrapatientbase.net,https://www.umbrapatientbase.net,18,Atlanta,US,2026-06-05 06:28:35
2026-06-05,Medical,CobaltVital Tech,7016243834 ext. 12,N/A,https://www.cobaltvitaltech.com,7,Seattle,US,2026-06-05 03:17:01
2026-06-05,MSP Platform,BrightNet Tech,234-500-8846,N/A,brightnettech.co,12,Calgary,CA,2026-06-05 02:25:03
2026-06-05,Medical,PrimeCareSuite,+12847426995,hello@primecaresuite.com,https://www.primecaresuite.com,29,Raleigh,US,2026-06-05 01:22:48
2026-06-05,HR,WillowTalent Desk,+13648620967,info@willowtalentdesk.com,https://www.willowtalentdesk.com,12,Atlanta,US,2026-06-05 01:54:06
2026-06-05,HR,AltaPeopleBase,(366) 317-3351,info@altapeoplebase.com,https://www.altapeoplebase.com,32,Hyderabad,IN,2026-06-05 01:46:24
2026-06-05,ERP,PioneerFin App,914-483-1518,sales@pioneerfinapp.com,https://pioneerfinapp.com,433,Raleigh,US,2026-06-05 02:28:46
2026-06-05,ERP,Nova ForgeSphere,665.518.2424,info@novaforgesphere.com,https://novaforgesphere.com,13,London,UK,2026-06-05 03:02:04
2026-06-05,MSP Platform,Onyx NodeSystems,+19448144683,info@onyxnodesystems.com,https://onyxnodesystems.com,3597,Denver,US,2026-06-05 05:32:26
2026-06-05,MSP Platform,FusionEndpoint Soft,+15222945686,info@fusionendpointsoft.com,https://www.fusionendpointsoft.com,683,Phoenix,US,2026-06-05 05:28:42
2026-06-05,MSP Platform,Ember PatchSolutions,+15214323889,info@emberpatchsolutions.com,https://www.emberpatchsolutions.com,187,Chicago,US,2026-06-05 02:16:34
2026-06-05,Legal,LumenDocketLogic,8388815983,sales@lumendocketlogic.co,https://lumendocketlogic.co,775,Denver,US,2026-06-05 04:44:14
2026-06-05,ERP,PioneerPlan Sync,7293511599,contact@pioneerplansync.co,https://www.pioneerplansync.co,170,Seattle,US,2026-06-05 01:51:20
2026-06-05,ERP,XenonOrder Core,+19219488308,hello@xenonordercore.com,https://xenonordercore.com,253,Chicago,US,2026-06-05 03:21:19
2026-06-05,Medical,Quartz RxSystems,225-669-3244,sales@quartzrxsystems.io,quartzrxsystems.io,47,Chicago,US,2026-06-05 06:05:58
2026-06-05,ERP,LatticeStock Solutions,212.243.0895,sales@latticestocksolutions.io,https://latticestocksolutions.io,19,Raleigh,US,2026-06-05 02:13:53
2026-06-05,HR,FusionCulture Solutions,227.817.1288,hello@fusionculturesolutions.com,https://www.fusionculturesolutions.com,86,Singapore,SG,2026-06-05 06:47:09
2026-06-05,LMS,PrimeCourse Cloud,267.236.1347,info@primecoursecloud.io,https://www.primecoursecloud.io,22,Austin,US,2026-06-05 03:07:53
2026-06-05,HR,Atlas TeamLogic,(483) 904-1967,N/A,https://www.atlasteamlogic.com,26,Columbus,US,2026-06-05 05:35:21
2026-06-05,HR,RidgeBenefit Works,(666) 320-2655,contact@ridgebenefitworks.com,https://www.ridgebenefitworks.com,11,Boston,US,2026-06-05 03:30:32
2026-06-05,ERP,NimbusPlanLabs,8532845188,info@nimbusplanlabs.io,https://www.nimbusplanlabs.io,14,Chicago,US,2026-06-05 06:56:07
2026-06-05,HR,OmniPeopleLabs,+13584725605,null,https://omnipeoplelabs.com,7,Denver,US,2026-06-05 05:38:25
2026-06-05,HR,GraniteBenefitBase,5847874217,-,https://www.granitebenefitbase.com,855,Toronto,CA,2026-06-05 06:16:08
2026-06-05,ERP,FalconBatchDesk,8728577826,hello@falconbatchdesk.io,https://falconbatchdesk.io,59,Austin,US,2026-06-05 02:44:48
2026-06-05,HR,ClearTalentSphere,(715) 602-7629,-,https://www.cleartalentsphere.com,9,Toronto,CA,2026-06-05 05:18:19
2026-06-05,MSP Platform,BeaconEndpointSystems,8543444921,info@beaconendpointsystems.com,https://beaconendpointsystems.com,34,Calgary,CA,2026-06-05 02:24:23
2026-06-05,HR,NorthRoster Hub,547.831.9126,sales@northrosterhub.io,https://www.northrosterhub.io,38,Raleigh,US,2026-06-05 02:28:27
2026-06-05,ERP,PrimeChainSync,+1 (513) 586-1290 ext. 25,hello@primechainsync.com,https://www.primechainsync.com,13,Raleigh,US,2026-06-05 05:58:15
2026-06-05,ERP,MetaStock Logic,822-387-5880,info@metastocklogic.net,https://www.metastocklogic.net,48,Columbus,US,2026-06-05 05:41:24
2026-06-05,Medical,HaloTriage App,(382) 336-4984,contact@halotriageapp.com,https://www.halotriageapp.com,,Raleigh,US,2026-06-05 02:13:29
2026-06-05,HR,PioneerOnboardCloud,711.495.7376,hello@pioneeronboardcloud.com,https://www.pioneeronboardcloud.com,212,Pune,IN,2026-06-05 01:35:46
2026-06-05,LMS,AltaLearn Systems,430-200-8205,info@altalearnsystems.com,altalearnsystems.com,362,Tampa,US,2026-06-05 05:40:30
2026-06-05,HR,PolarisOnboard Labs,(672) 838-9424,N/A,polarisonboardlabs.com,48,Boston,US,2026-06-05 05:10:32
2026-06-05,ERP,Arch ForgeLabs,+12514046525,hello@archforgelabs.net,https://www.archforgelabs.net,94,Denver,US,2026-06-05 01:29:59
2026-06-05,MSP Platform,PioneerNet Sync,+16703413035,hello@pioneernetsync.io,https://pioneernetsync.io,N/A,Columbus,US,2026-06-05 03:10:49
2026-06-05,MSP Platform,LatticePatchPlatform,826-999-2164,hello@latticepatchplatform.com,https://latticepatchplatform.com,188,Phoenix,US,2026-06-05 05:13:08
2026-06-05,Medical,Meta TriageSystems,(843) 725-6635,hello@metatriagesystems.com,metatriagesystems.com,91,Chicago,US,2026-06-05 06:22:46
2026-06-05,Medical,BeaconRxSolutions,(521) 676-8660,info@beaconrxsolutions.io,https://www.beaconrxsolutions.io,50,Atlanta,US,2026-06-05 01:56:56
2026-06-05,ERP,LatticeOrder Solutions,+14384521082,sales@latticeordersolutions.net,https://latticeordersolutions.net,9,Hyderabad,IN,2026-06-05 01:08:02
2026-06-05,ERP,Fusion OpsSuite,+18947255382,sales@fusionopssuite.com,https://www.fusionopssuite.com,65,Raleigh,US,2026-06-05 01:58:12
2026-06-05,ERP,PrimeResourceHub,1-389-339-0710,hello@primeresourcehub.net,https://primeresourcehub.net,59,Austin,US,2026-06-05 05:49:52
2026-06-05,ERP,HaloResourceLabs,800-785-7409,null,https://www.haloresourcelabs.com,8,Austin,US,2026-06-05 05:28:45
2026-06-05,ERP,CrownChain Labs,374.789.0777 ext. 96,info@crownchainlabs.com,https://www.crownchainlabs.com,474,Calgary,CA,2026-06-05 01:37:49
2026-06-05,Legal,AtlasDocket Soft,391-239-0639,hello@atlasdocketsoft.com,https://atlasdocketsoft.com,10,Raleigh,US,2026-06-05 01:38:15
2026-06-05,Medical,Harbor RxCore,(890) 299-2420,contact@harborrxcore.com,https://www.harborrxcore.com,117,Tampa,US,2026-06-05 03:37:20
2026-06-05,HR,ZephyrOnboard Core,8846524507,sales@zephyronboardcore.com,https://www.zephyronboardcore.com,75,N/A,DE,2026-06-05 05:46:32
2026-06-05,Medical,ZenVitalApp,1-229-743-7017,sales@zenvitalapp.com,https://zenvitalapp.com,11,Austin,US,2026-06-05 03:26:19
2026-06-05,Medical,NorthMed Logic,1-402-422-2160,info@northmedlogic.io,https://www.northmedlogic.io,308,Atlanta,US,2026-06-05 04:40:00
2026-06-05,Medical,AnchorRx Hub,+17076546924,info@anchorrxhub.com,https://www.anchorrxhub.com,87,Austin,US,2026-06-05 05:19:26
2026-06-05,LMS,HarborPath Solutions,8232312071,sales@harborpathsolutions.com,https://www.harborpathsolutions.com,93,Denver,US,2026-06-05 04:06:22
2026-06-05,Medical,DeltaCareLabs,271-642-7235,info@deltacarelabs.com,https://www.deltacarelabs.com,76,Columbus,US,2026-06-05 06:32:58
2026-06-05,ERP,BoldPlanBase,(386) 835-6363 ext. 52,info@boldplanbase.com,https://www.boldplanbase.com,10,London,UK,2026-06-05 04:13:23
2026-06-05,ERP,ZenPlanApp,(436) 609-8295,info@zenplanapp.com,https://www.zenplanapp.com,471,Columbus,US,2026-06-05 02:05:12
2026-06-05,Legal,IronVerdictPoint,(755) 531-0234,info@ironverdictpoint.com,ironverdictpoint.com,1632,Phoenix,US,2026-06-05 05:55:15
2026-06-05,Medical,OrbitTriage Logic,1-772-742-8324 ext. 44,sales@orbittriagelogic.io,https://www.orbittriagelogic.io,7,Amsterdam,NL,2026-06-05 01:12:38
2026-06-05,ERP,SableFinCloud,(204) 872-3339,contact@sablefincloud.net,https://www.sablefincloud.net,1922,Chicago,US,2026-06-05 04:41:10
2026-06-05,ERP,Quartz BatchCloud,497-759-9693,info@quartzbatchcloud.com,https://quartzbatchcloud.com,74,Seattle,US,2026-06-05 06:10:14
2026-06-05,Medical,SummitVital Logic,(287) 794-1481,info@summitvitallogic.io,https://www.summitvitallogic.io,18,Toronto,CA,2026-06-05 02:38:39
2026-06-05,ERP,WillowFinCore,(645) 602-8150 ext. 68,sales@willowfincore.com,https://www.willowfincore.com,99,Vancouver,CA,2026-06-05 05:13:17
2026-06-05,HR,Fusion OnboardFlow,(832) 502-6012,info@fusiononboardflow.io,fusiononboardflow.io,3766,Phoenix,US,2026-06-05 04:57:17
2026-06-05,MSP Platform,TrueUptimeTech,806-593-4070,,trueuptimetech.com,100,Phoenix,US,2026-06-05 06:50:50
2026-06-05,ERP,NorthForge Desk,+15714936543,hello@northforgedesk.net,https://northforgedesk.net,772,Austin,US,2026-06-05 02:12:47
2026-06-05,LMS,NorthCohortBase,(556) 441-9346,contact@northcohortbase.com,northcohortbase.com,,Singapore,SG,2026-06-05 06:06:33
2026-06-05,MSP Platform,ApexNet Sync,(237) 956-4711,info@apexnetsync.com,https://www.apexnetsync.com,11,Boston,US,2026-06-05 04:09:18
2026-06-05,ERP,MosaicFinCore,346-353-3555,info@mosaicfincore.com,https://www.mosaicfincore.com,15,Seattle,US,2026-06-05 02:31:43
2026-06-05,MSP Platform,JuniperMonitorSuite,+13766038472,hello@junipermonitorsuite.com,https://www.junipermonitorsuite.com,N/A,Phoenix,US,2026-06-05 01:40:24
2026-06-05,LMS,EmberLessonDesk,(588) 359-7227 ext. 62,info@emberlessondesk.io,https://www.emberlessondesk.io,222,Boston,US,2026-06-05 03:07:50
2026-06-05,ERP,Xenon Ops Outsourcing,(727) 457-0581,hello@xenonopsoutsourcing.com,https://www.xenonopsoutsourcing.com,8,Denver,US,2026-06-05 05:14:25
2026-06-05,ERP,FalconOrder Solutions,265-239-6863,hello@falconordersolutions.com,https://www.falconordersolutions.com,322,Amsterdam,NL,2026-06-05 03:59:54
2026-06-05,LMS,AtlasBenefit Works,(277) 947-7609,contact@atlasbenefitworks.io,https://atlasbenefitworks.io,29,Tampa,US,2026-06-05 02:54:35
2026-06-05,ERP,CedarForge Sync,1-373-696-4449,info@cedarforgesync.net,https://cedarforgesync.net,15,Tampa,US,2026-06-05 05:18:02
2026-06-05,Legal,PivotPatch Platform,679.603.1086,hello@pivotpatchplatform.com,https://www.pivotpatchplatform.com,7,Seattle,US,2026-06-05 02:15:17
2026-06-05,Medical,NimbusHealth Tech,+15674421426,N/A,https://nimbushealthtech.net,222,Lahore,PK,2026-06-05 06:02:55
2026-06-05,Medical,WillowHealth Sync,461.764.3530,info@willowhealthsync.com,willowhealthsync.com,61,Leeds,UK,2026-06-05 05:59:01
2026-06-05,MSP Platform,ZephyrMonitorPlatform,1-833-819-3542,contact@zephyrmonitorplatform.io,zephyrmonitorplatform.io,120,Dublin,IE,2026-06-05 01:22:13
2026-06-05,ERP,AltaResource Solutions,651-319-2729,hello@altaresourcesolutions.co,https://www.altaresourcesolutions.co,45,Columbus,US,2026-06-05 01:54:05
2026-06-05,Medical,Pioneer HealthDynamics,219.487.6178,hello@pioneerhealthdynamics.io,https://www.pioneerhealthdynamics.io,27,Vancouver,CA,2026-06-05 04:28:49
2026-06-05,Legal,Indigo LawApp,463.516.1994,contact@indigolawapp.com,indigolawapp.com,527,Amsterdam,NL,2026-06-05 03:57:10
2026-06-05,ERP,AtlasPlan Flow,(574) 667-3999 ext. 89,info@atlasplanflow.com,https://www.atlasplanflow.com,14,Leeds,UK,2026-06-05 06:55:35
2026-06-05,Legal,Meta FilingSphere,(840) 676-1965,hello@metafilingsphere.com,https://www.metafilingsphere.com,490,Chicago,US,2026-06-05 05:09:36
2026-06-05,HR,TruePerformHub,273-778-6324,hello@trueperformhub.com,https://www.trueperformhub.com,72,Boston,US,2026-06-05 06:50:19
2026-06-05,HR,CedarBenefit Logic,1-310-829-6312,hello@cedarbenefitlogic.net,https://www.cedarbenefitlogic.net,87,Raleigh,US,2026-06-05 04:08:14
2026-06-05,ERP,BoldChain Dynamics,+14326477964,sales@boldchaindynamics.com,https://www.boldchaindynamics.com,-,Tampa,US,2026-06-05 03:08:50
2026-06-05,MSP Platform,HarborPatchWorks,(553) 524-6531,contact@harborpatchworks.com,https://harborpatchworks.com,30,Chicago,US,2026-06-05 03:40:38
2026-06-05,Legal,OnyxDocketDynamics,354-435-1104,hello@onyxdocketdynamics.com,https://www.onyxdocketdynamics.com,351,Atlanta,US,2026-06-05 06:59:28
2026-06-05,Legal,Polaris ClauseLabs,02255493126,sales@polarisclauselabs.com,https://polarisclauselabs.com,85,Seattle,US,2026-06-05 01:18:34
2026-06-05,ERP,ArchOrder’s Core,2087280553,hello@archordercore.com,https://archordercore.com,149,Tampa,US,2026-06-05 03:46:52
2026-06-05,Medical,BlueRxPoint,7654956242,contact@bluerxpoint.co,https://www.bluerxpoint.co,42,Vancouver,CA,2026-06-05 03:04:36
2026-06-05,HR,BlueCulturePoint,(712) 235-5247,sales@blueculturepoint.io,https://www.blueculturepoint.io,9,Atlanta,US,2026-06-05 04:45:40
2026-06-05,Legal,FusionClauseCore,+14122218146,sales@fusionclausecore.com,https://www.fusionclausecore.com,10,Tampa,US,2026-06-05 04:08:37
2026-06-05,HR,CobaltRoster Logic,7852393047,contact@cobaltrosterlogic.com,https://www.cobaltrosterlogic.com,27,Amsterdam,NL,2026-06-05 04:41:00
2026-06-05,Medical,Lattice Clinic BPO Services,+1 (289) 476-4958,hello@latticeclinicbposervices.com,https://www.latticeclinicbposervices.com,8,Calgary,CA,2026-06-05 06:35:01
2026-06-05,Medical,CrownCare Tech,564-408-6485,contact@crowncaretech.co,https://www.crowncaretech.co,209,Phoenix,US,2026-06-05 03:50:39
2026-06-05,Medical,MosaicVital Soft,859-337-2381,contact@mosaicvitalsoft.co,https://mosaicvitalsoft.co,847,Austin,US,2026-06-05 04:13:36
2026-06-05,Medical,PolarisCareDynamics,+17958958003,hello@polariscaredynamics.com,https://www.polariscaredynamics.com,24,Seattle,US,2026-06-05 03:40:29
2026-06-05,Medical,NorthCarePoint,1-326-596-1266,hello@northcarepoint.net,https://www.northcarepoint.net,435,Bengaluru,IN,2026-06-05 03:14:42
2026-06-05,HR,GraniteCulture Point,(353) 853-0588,hello@graniteculturepoint.co,https://graniteculturepoint.co,12,Berlin,DE,2026-06-05 01:25:03
2026-06-05,ERP,OnyxOps Soft,6284814085,info@onyxopssoft.co,https://onyxopssoft.co,33,Atlanta,US,2026-06-05 03:44:09
2026-06-05,ERP,PivotStock Logic,(801) 611-1694,hello@pivotstocklogic.com,https://www.pivotstocklogic.com,10,Boston,US,2026-06-05 02:36:47
2026-06-05,MSP Platform,KeystoneRemoteBase,647-630-0474,contact@keystoneremotebase.net,https://keystoneremotebase.net,629,Sydney,AU,2026-06-05 02:39:14
2026-06-05,HR,BlueRosterCore’s,6324236561,info@bluerostercore.com,https://bluerostercore.com,52,Boston,US,2026-06-05 02:56:19
2026-06-05,ERP,RavenChain Hub,+14417689723,sales@ravenchainhub.io,ravenchainhub.io,505,Sydney,AU,2026-06-05 05:17:28
2026-06-05,HR,Velo PeopleSphere,(480) 475-4010,hello@velopeoplesphere.io,https://www.velopeoplesphere.io,3528,Karachi,PK,2026-06-05 06:00:46
2026-06-05,MSP Platform,Bright Net Manpower Services,265-371-8281 ext. 95,hello@brightnetmanpowerservices.net,https://www.brightnetmanpowerservices.net,14,Chicago,US,2026-06-05 05:53:04
2026-06-05,HR,OrbitPerform Soft,(868) 353-6849,info@orbitperformsoft.com,https://www.orbitperformsoft.com,63,Columbus,US,2026-06-05 03:31:08
2026-06-05,ERP,Clear ResourceDesk,+18962717201,hello@clearresourcedesk.com,https://clearresourcedesk.com,423,Chicago,US,2026-06-05 06:07:22
2026-06-05,ERP,PrimeOpsDynamics,+17965789804,contact@primeopsdynamics.co,primeopsdynamics.co,85,Sydney,AU,2026-06-05 03:07:41
2026-06-05,Legal,PivotCounsel Core,(413) 379-5867,contact@pivotcounselcore.com,https://pivotcounselcore.com,96,Boston,US,2026-06-05 04:44:05
2026-06-05,Medical,RavenMedSphere,549.670.9304 ext. 78,hello@ravenmedsphere.com,https://www.ravenmedsphere.com,54,Calgary,CA,2026-06-05 02:03:26
2026-06-05,MSP Platform,RidgeStackDynamics,(924) 528-5861,info@ridgestackdynamics.io,https://www.ridgestackdynamics.io,446,Boston,US,2026-06-05 03:28:40
2026-06-05,HR,OrbitPerform Labs,(726) 989-0827 ext. 89,sales@orbitperformlabs.com,https://orbitperformlabs.com,420,Atlanta,US,2026-06-05 03:52:52
2026-06-05,HR,Delta CultureDesk,525-575-3394,contact@deltaculturedesk.net,https://deltaculturedesk.net,33,Manchester,UK,2026-06-05 05:26:49
2026-06-05,Legal,Summit LawPlatform,447-646-6816,sales@summitlawplatform.com,https://www.summitlawplatform.com,5,Denver,US,2026-06-05 06:25:11
2026-06-05,ERP,OrbitStock Works,(243) 301-4659,hello@orbitstockworks.io,https://www.orbitstockworks.io,9,Islamabad,PK,2026-06-05 01:19:42
2026-06-05,HR,WillowTalentFlow’s,733-295-1851,info@willowtalentflow.com,https://www.willowtalentflow.com,89,Tampa,US,2026-06-05 06:24:35
2026-06-05,MSP Platform,ZenUptime Flow,+17513104757,info@zenuptimeflow.com,https://zenuptimeflow.com,564,Denver,US,2026-06-05 03:05:15
2026-06-05,ERP,CedarPlan Works,742-290-5594,sales@cedarplanworks.io,cedarplanworks.io,305,Denver,US,2026-06-05 03:15:59
2026-06-05,ERP,Halo ForgeDesk,(456) 564-5370,info@haloforgedesk.com,https://www.haloforgedesk.com,12,Manchester,UK,2026-06-05 03:36:34
2026-06-05,ERP,Lattice PlanDesk,(739) 656-4090,hello@latticeplandesk.com,https://www.latticeplandesk.com,3270,Austin,US,2026-06-05 03:43:09
2026-06-05,ERP,RapidOrder Soft,1-807-222-5681,info@rapidordersoft.io,https://www.rapidordersoft.io,5,Islamabad,PK,2026-06-05 06:59:24
2026-06-05,Medical,AltaClinicCore,460.490.6167,sales@altacliniccore.com,https://www.altacliniccore.com,1865,Boston,US,2026-06-05 02:06:20
2026-06-05,ERP,SummitForge Core,969-213-1700,sales@summitforgecore.io,https://www.summitforgecore.io,803,Columbus,US,2026-06-05 03:43:37
2026-06-05,HR,Omni TalentPlatform,+15618842911,info@omnitalentplatform.com,https://www.omnitalentplatform.com,69,Phoenix,US,2026-06-05 02:17:27
2026-06-05,MSP Platform,RidgewayUptime Dynamics,9638662939,null,https://www.ridgewayuptimedynamics.io,61,Phoenix,US,2026-06-05 05:30:33
2026-06-05,Medical,FusionCare Solutions,+12425688901,sales@fusioncaresolutions.com,https://www.fusioncaresolutions.com,475,Singapore,SG,2026-06-05 03:06:20
2026-06-05,HR,HaloBenefit Base,+18812899760 ext. 41,hello@halobenefitbase.com,https://www.halobenefitbase.com,7,Chicago,US,2026-06-05 06:06:40
2026-06-05,Legal,Bold VerdictPoint,7638749350,contact@boldverdictpoint.co,https://www.boldverdictpoint.co,16,Raleigh,US,2026-06-05 02:02:52
2026-06-05,Legal,Xenon Filing Talent Agency,(775) 312-7204,contact@xenonfilingtalentagency.com,https://xenonfilingtalentagency.com,97,Leeds,UK,2026-06-05 05:37:52
2026-06-05,Medical,Sable RxSuite,890-888-1900,info@sablerxsuite.co,https://www.sablerxsuite.co,38,Calgary,CA,2026-06-05 04:09:58
2026-06-05,ERP,SummitResourceCore,778-707-6867,info@summitresourcecore.com,summitresourcecore.com,359,Denver,US,2026-06-05 04:17:31
2026-06-05,ERP,QuartzPlanHub,429.752.7792,sales@quartzplanhub.co,https://www.quartzplanhub.co,47,Boston,US,2026-06-05 01:00:45
2026-06-05,MSP Platform,Zephyr PatchSync,487-604-3262 ext. 5,info@zephyrpatchsync.co,zephyrpatchsync.co,45,Columbus,US,2026-06-05 02:07:27
2026-06-05,ERP,CedarBatch Sync,7639845104,info@cedarbatchsync.com,https://www.cedarbatchsync.com,177,Melbourne,AU,2026-06-05 05:07:20
2026-06-05,Medical,Raven ClinicLogic,+16948665603,info@ravencliniclogic.com,https://www.ravencliniclogic.com,126,Vancouver,CA,2026-06-05 04:47:25
2026-06-05,HR,ApexOnboardBase,751.278.5746,hello@apexonboardbase.com,https://www.apexonboardbase.com,58,Austin,US,2026-06-05 04:44:02
2026-06-05,Medical,RapidMed Suite,(249) 389-0699 ext. 55,hello@rapidmedsuite.co,https://rapidmedsuite.co,5,Amsterdam,NL,2026-06-05 02:06:54
2026-06-05,Medical,AtlasChart Soft,6883125465 ext. 95,hello@atlaschartsoft.com,https://www.atlaschartsoft.com,18,Seattle,US,2026-06-05 04:36:27
2026-06-05,ERP,QuantumResource Desk,(512) 925-5083,contact@quantumresourcedesk.io,quantumresourcedesk.io,44,Vancouver,CA,2026-06-05 03:20:31
2026-06-05,Medical,QuartzChartPlatform’s,679-691-1885 ext. 79,contact@quartzchartplatform.com,https://quartzchartplatform.com,247,Columbus,US,2026-06-05 04:20:09
2026-06-05,ERP,Nimbus ChainWorks,1-691-474-1594,hello@nimbuschainworks.com,https://nimbuschainworks.com,340,Toronto,CA,2026-06-05 04:52:47
2026-06-05,Legal,BlueDocket Suite,+1 (337) 687-7488,sales@bluedocketsuite.com,https://www.bluedocketsuite.com,192,Dublin,IE,2026-06-05 02:42:18
2026-06-05,MSP Platform,HaloGrid Desk,(210) 870-8331,contact@halogriddesk.io,https://www.halogriddesk.io,31,Berlin,DE,2026-06-05 06:56:57
2026-06-05,HR,HaloPayroll Sphere,363.468.1942,sales@halopayrollsphere.com,https://www.halopayrollsphere.com,994,London,UK,2026-06-05 05:31:34
2026-06-05,MSP Platform,True NetCore,670-673-0850,sales@truenetcore.com,https://www.truenetcore.com,940,Denver,US,2026-06-05 06:01:11
2026-06-05,HR,AtlasPerform App,521.829.8685,sales@atlasperformapp.net,https://atlasperformapp.net,40,Seattle,US,2026-06-05 05:41:03
2026-06-05,Medical,Blue PulseSync,7729990616,info@bluepulsesync.io,https://www.bluepulsesync.io,40,Phoenix,US,2026-06-05 06:42:07
2026-06-05,Medical,Mosaic HealthApp,738.736.6549,sales@mosaichealthapp.net,https://www.mosaichealthapp.net,15,Munich,DE,2026-06-05 06:31:50
2026-06-05,Legal,Fusion CompliLabs,932-266-2946,contact@fusioncomplilabs.com,https://www.fusioncomplilabs.com,29,Columbus,US,2026-06-05 01:14:10
2026-06-05,Medical,TidalMedApp,385.550.5775,hello@tidalmedapp.com,https://www.tidalmedapp.com,10,Seattle,US,2026-06-05 02:34:39
2026-06-05,MSP Platform,RavenNodeBase,+19683173105,hello@ravennodebase.io,https://www.ravennodebase.io,28,Sydney,AU,2026-06-05 01:22:29
2026-06-05,Medical,ZenClinicSync,+1 (479) 240-9892,hello@zenclinicsync.com,https://www.zenclinicsync.com,565,Karachi,PK,2026-06-05 04:33:00
2026-06-05,ERP,Atlas Ops Consulting Group,326.358.7728,contact@atlasopsconsultinggroup.io,https://www.atlasopsconsultinggroup.io,41,Austin,US,2026-06-05 04:12:43
2026-06-05,ERP,HaloChain Suite,(751) 401-6152,info@halochainsuite.io,https://www.halochainsuite.io,3446,Chicago,US,2026-06-05 06:58:58
2026-06-05,MSP Platform,CedarGrid Suite,+19788019156,hello@cedargridsuite.com,https://www.cedargridsuite.com,N/A,Denver,US,2026-06-05 06:14:49
2026-06-05,LMS,IronLearn Labs,525-337-1118,hello@ironlearnlabs.com,https://www.ironlearnlabs.com,50,Denver,US,2026-06-05 05:05:13
2026-06-05,Legal,TidalFilingBase,307-287-2406,contact@tidalfilingbase.com,https://tidalfilingbase.com,3202,Denver,US,2026-06-05 06:18:27
2026-06-05,HR,Keystone BenefitCore,(403) 365-3589,sales@keystonebenefitcore.com,https://www.keystonebenefitcore.com,-,Melbourne,AU,2026-06-05 04:27:48
2026-06-05,HR,Juniper TeamCore,1-893-828-9923,sales@juniperteamcore.com,https://www.juniperteamcore.com,47,Seattle,US,2026-06-05 02:09:43
2026-06-05,ERP,PioneerStock Solutions,365-447-7997,info@pioneerstocksolutions.io,https://pioneerstocksolutions.io,34,Denver,US,2026-06-05 01:23:54
2026-06-05,LMS,QuantumFin App,6448271061,contact@quantumfinapp.com,https://quantumfinapp.com,944,Denver,US,2026-06-05 03:55:43
2026-06-05,ERP,HaloPlan Works,1-256-875-3074,hello@haloplanworks.com,https://www.haloplanworks.com,7,Chicago,US,2026-06-05 05:19:58
2026-06-05,Legal,OrbitVerdictSoft,591.839.7251,hello@orbitverdictsoft.net,https://orbitverdictsoft.net,7,Toronto,CA,2026-06-05 02:10:28
2026-06-05,Legal,PioneerDocket Core,683.879.2911,hello@pioneerdocketcore.com,https://www.pioneerdocketcore.com,45,Berlin,DE,2026-06-05 02:26:03
2026-06-05,HR,SolidCultureSystems,410-285-0064,info@solidculturesystems.com,https://www.solidculturesystems.com,121,Raleigh,US,2026-06-05 05:38:20
2026-06-05,ERP,Ember Order Staffing,+1 (973) 623-0296,contact@emberorderstaffing.net,https://emberorderstaffing.net,318,Chicago,US,2026-06-05 06:58:37
2026-06-05,HR,PolarisPayrollCloud,(415) 774-2252,sales@polarispayrollcloud.com,https://polarispayrollcloud.com,172,Columbus,US,2026-06-05 05:55:44
2026-06-05,HR,Raven CultureDynamics,268.343.1973,sales@ravenculturedynamics.com,https://www.ravenculturedynamics.com,392,Calgary,CA,2026-06-05 01:02:31
2026-06-05,ERP,Silver BatchApp,+1 (873) 960-2953,contact@silverbatchapp.io,https://www.silverbatchapp.io,7,Tampa,US,2026-06-05 06:00:40
2026-06-05,MSP Platform,Blue StackSystems,+1 (659) 456-6220,sales@bluestacksystems.com,https://www.bluestacksystems.com,89,Denver,US,2026-06-05 03:46:24
2026-06-05,MSP Platform,VeloUptime Base,(895) 312-9673,null,velouptimebase.com,216,Dublin,IE,2026-06-05 05:33:33
2026-06-05,ERP,TrueChain Sphere,1-306-832-2031,contact@truechainsphere.com,https://www.truechainsphere.com,13,Hyderabad,IN,2026-06-05 03:40:44
2026-06-05,MSP Platform,SummitMonitor Soft,901-396-0098,info@summitmonitorsoft.com,https://summitmonitorsoft.com,6,Karachi,PK,2026-06-05 02:53:05
2026-06-05,Medical,IndigoMedSoft,570-671-7583,contact@indigomedsoft.io,https://www.indigomedsoft.io,893,Denver,US,2026-06-05 04:12:58
2026-06-05,ERP,Prime ChainPlatform,1-339-499-7966,info@primechainplatform.com,https://www.primechainplatform.com,34,Munich,DE,2026-06-05 05:21:28
2026-06-05,MSP Platform,BoldUptimeSync,563.978.0253,sales@bolduptimesync.co,https://www.bolduptimesync.co,13,Hyderabad,IN,2026-06-05 03:38:22
2026-06-05,Legal,Iron CounselDynamics,(280) 969-2884,contact@ironcounseldynamics.com,https://www.ironcounseldynamics.com,26,Hyderabad,IN,2026-06-05 04:27:15
2026-06-05,Medical,Umbra ClinicSoft,+1 (660) 352-3980,hello@umbraclinicsoft.com,https://www.umbraclinicsoft.com,8,Boston,US,2026-06-05 03:38:57
2026-06-05,MSP Platform,Alta TicketApp,1-630-372-7851,info@altaticketapp.io,https://www.altaticketapp.io,14,Atlanta,US,2026-06-05 01:45:42
2026-06-05,ERP,FalconOrder Platform,08278763646,sales@falconorderplatform.io,https://www.falconorderplatform.io,38,Vancouver,CA,2026-06-05 03:12:20
2026-06-05,MSP Platform,QuartzNet Tech,+15243826349,info@quartznettech.io,https://www.quartznettech.io,11,Chicago,US,2026-06-05 04:04:10
2026-06-05,ERP,IronFin Logic,(402) 233-3513,info@ironfinlogic.com,ironfinlogic.com,219,Calgary,CA,2026-06-05 03:39:42
2026-06-05,Medical,Quartz ChartCore,(725) 674-1865,contact@quartzchartcore.io,https://quartzchartcore.io,17,Tampa,US,2026-06-05 04:10:06
2026-06-05,Legal,Velo DocketLogic,3366842782,contact@velodocketlogic.com,velodocketlogic.com,205,Atlanta,US,2026-06-05 02:16:03
2026-06-05,MSP Platform,MosaicNet Solutions,834.460.3452,hello@mosaicnetsolutions.com,https://mosaicnetsolutions.com,1512,Toronto,CA,2026-06-05 06:13:41
2026-06-05,Legal,SableLawSphere,(301) 730-5513 ext. 49,contact@sablelawsphere.io,https://sablelawsphere.io,104,Raleigh,US,2026-06-05 06:40:13
2026-06-05,HR,Halo CulturePoint,874.453.7993,hello@haloculturepoint.com,haloculturepoint.com,29,Phoenix,US,2026-06-05 04:40:14
2026-06-05,ERP,ClearBatchWorks,576-725-0447,info@clearbatchworks.io,https://clearbatchworks.io,217,Columbus,US,2026-06-05 06:30:54
2026-06-05,LMS,RidgewayTrain Systems,+14163564564,info@ridgewaytrainsystems.com,https://ridgewaytrainsystems.com,14,Leeds,UK,2026-06-05 01:23:48
2026-06-05,LMS,QuantumQuiz Platform,+12132941587,contact@quantumquizplatform.com,https://www.quantumquizplatform.com,N/A,Denver,US,2026-06-05 02:08:34
2026-06-05,Medical,Tidal RxHub,(694) 206-1001,contact@tidalrxhub.io,https://www.tidalrxhub.io,4833,Melbourne,AU,2026-06-05 02:13:15
2026-06-05,HR,Core OnboardWorks,1-897-559-3067,info@coreonboardworks.com,https://www.coreonboardworks.com,,Chicago,US,2026-06-05 05:01:22
2026-06-05,ERP,Rapid ResourceFlow,612-451-4772,contact@rapidresourceflow.io,https://www.rapidresourceflow.io,179,Amsterdam,NL,2026-06-05 01:33:53
2026-06-05,HR,Umbra RosterDynamics,(357) 977-2278,sales@umbrarosterdynamics.co,https://umbrarosterdynamics.co,39,Dublin,IE,2026-06-05 06:40:48
2026-06-05,Medical,TidalTriageTech,+16098019010,hello@tidaltriagetech.com,tidaltriagetech.com,1579,London,UK,2026-06-05 01:10:00
2026-06-05,HR,GoldenPerformSolutions,641-549-1234,info@goldenperformsolutions.com,https://www.goldenperformsolutions.com,8,Seattle,US,2026-06-05 05:48:16
2026-06-05,LMS,Iron CourseSphere,888.452.4096,contact@ironcoursesphere.com,https://www.ironcoursesphere.com,46,Seattle,US,2026-06-05 01:20:19
2026-06-05,HR,NimbusOnboardSolutions,870.782.3450,info@nimbusonboardsolutions.co,https://www.nimbusonboardsolutions.co,1120,Phoenix,US,2026-06-05 06:44:52
2026-06-05,LMS,KeystoneSkill Tech,9593287740,hello@keystoneskilltech.com,https://www.keystoneskilltech.com,14,Chicago,US,2026-06-05 05:44:46
2026-06-05,Medical,PrimeChartPoint,433-603-7223,sales@primechartpoint.com,primechartpoint.com,19,Tampa,US,2026-06-05 06:16:13
2026-06-05,ERP,North FinDesk,7367238237,sales@northfindesk.io,https://www.northfindesk.io,385,Amsterdam,NL,2026-06-05 03:16:30
2026-06-05,ERP,True PlanFlow,2448707724,hello@trueplanflow.io,https://www.trueplanflow.io,942,Chicago,US,2026-06-05 04:23:04
2026-06-05,MSP Platform,BlueTicket Sync,1-426-557-3008,hello@blueticketsync.com,https://www.blueticketsync.com,93,Lahore,PK,2026-06-05 05:34:39
2026-06-05,Legal,RidgewayDocket Core,623-823-9616,info@ridgewaydocketcore.net,https://ridgewaydocketcore.net,14,Manchester,UK,2026-06-05 02:24:04
2026-06-05,ERP,DeltaForge Hub,(320) 259-8408,contact@deltaforgehub.com,https://deltaforgehub.com,488,Phoenix,US,2026-06-05 02:59:22
2026-06-05,LMS,CobaltPath Core,1-292-398-2813,contact@cobaltpathcore.net,https://www.cobaltpathcore.net,-,Calgary,CA,2026-06-05 03:30:31
2026-06-05,ERP,IndigoPlanLogic,5747846704,hello@indigoplanlogic.io,indigoplanlogic.io,573,Bengaluru,IN,2026-06-05 05:03:36
2026-06-05,MSP Platform,MosaicNodeSystems,05034176225 ext. 20,sales@mosaicnodesystems.net,https://mosaicnodesystems.net,44,Austin,US,2026-06-05 04:33:32
2026-06-05,Medical,ArchVital Systems,+17887134260,info@archvitalsystems.com,https://www.archvitalsystems.com,266,Vancouver,CA,2026-06-05 03:31:11
2026-06-05,LMS,Crown Course Consulting Group,930-569-5771,null,https://www.crowncourseconsultinggroup.com,156,Melbourne,AU,2026-06-05 05:43:17
2026-06-05,ERP,Crest PlanSync,6374085228,sales@crestplansync.com,crestplansync.com,927,Seattle,US,2026-06-05 04:35:34
2026-06-05,HR,HarborCultureSphere,1-714-396-1407,N/A,https://harborculturesphere.com,15,Vancouver,CA,2026-06-05 01:53:06
2026-06-05,HR,RapidPeopleLabs,(510) 737-4908,contact@rapidpeoplelabs.com,https://www.rapidpeoplelabs.com,37,Denver,US,2026-06-05 05:16:03
2026-06-05,MSP Platform,PioneerUptime Logic,746.899.2415 ext. 39,contact@pioneeruptimelogic.com,https://www.pioneeruptimelogic.com,12,Chicago,US,2026-06-05 04:22:31
2026-06-05,Medical,Golden Pulse Staffing,609.430.8485,contact@goldenpulsestaffing.io,https://www.goldenpulsestaffing.io,8,Seattle,US,2026-06-05 06:33:16
2026-06-05,HR,Solid TeamFlow,857-271-5695,info@solidteamflow.com,https://solidteamflow.com,30,Boston,US,2026-06-05 04:46:12
2026-06-05,MSP Platform,JuniperNodeSync,+18945745252,contact@junipernodesync.com,https://junipernodesync.com,167,Leeds,UK,2026-06-05 03:51:15
2026-06-05,HR,IronTalentLogic,+16596351674,contact@irontalentlogic.com,https://www.irontalentlogic.com,117,Raleigh,US,2026-06-05 04:10:41
2026-06-05,LMS,Velo LessonPlatform,867-552-9233,sales@velolessonplatform.io,https://velolessonplatform.io,151,Toronto,CA,2026-06-05 04:21:54
2026-06-05,Legal,WillowCompliDynamics,255-771-5021,info@willowcomplidynamics.com,https://www.willowcomplidynamics.com,359,Denver,US,2026-06-05 02:57:03
2026-06-05,Medical,GraniteMedLabs,1-879-608-7731,sales@granitemedlabs.com,https://granitemedlabs.com,35,Seattle,US,2026-06-05 03:20:07
2026-06-05,MSP Platform,ApexMonitorSuite,330.476.3314,contact@apexmonitorsuite.co,https://apexmonitorsuite.co,1429,Calgary,CA,2026-06-05 05:49:38
2026-06-05,MSP Platform,ZephyrGrid App,690-590-5137,sales@zephyrgridapp.io,https://zephyrgridapp.io,65,Austin,US,2026-06-05 03:57:04
2026-06-05,HR,CrestTeamSystems,+13242091846,sales@crestteamsystems.co,https://www.crestteamsystems.co,88,Denver,US,2026-06-05 06:03:32
2026-06-05,Medical,Crest ChartDynamics,878-404-8740,info@crestchartdynamics.com,https://www.crestchartdynamics.com,122,Denver,US,2026-06-05 01:38:32
2026-06-05,MSP Platform,IndigoNet Sphere,+1 (895) 257-0003,sales@indigonetsphere.com,https://www.indigonetsphere.com,111,London,UK,2026-06-05 01:36:50
2026-06-05,LMS,JuniperSkill Suite,255.729.8913,contact@juniperskillsuite.co,https://www.juniperskillsuite.co,201,Seattle,US,2026-06-05 06:46:03
2026-06-05,ERP,NorthChain Soft,1-271-495-2562,hello@northchainsoft.co,https://www.northchainsoft.co,375,Phoenix,US,2026-06-05 03:03:08
2026-06-05,Legal,JuniperBriefTech,1-936-303-1578,contact@juniperbrieftech.io,https://www.juniperbrieftech.io,5,Chicago,US,2026-06-05 06:29:35
2026-06-05,ERP,HarborOrderSolutions,(300) 675-8837,info@harborordersolutions.com,https://www.harborordersolutions.com,59,Manchester,UK,2026-06-05 02:17:36
2026-06-05,Legal,Cedar DocketCloud,694-598-8778,hello@cedardocketcloud.com,cedardocketcloud.com,498,Amsterdam,NL,2026-06-05 03:28:34
2026-06-05,HR,QuantumTeam Logic,865-578-6628,info@quantumteamlogic.co,https://www.quantumteamlogic.co,4211,Phoenix,US,2026-06-05 02:05:55
2026-06-05,ERP,NorthOrderSphere,1-963-838-2773,info@northordersphere.com,https://www.northordersphere.com,29,Raleigh,US,2026-06-05 02:40:09
2026-06-05,Legal,EmberCaseDesk,(925) 237-2105,contact@embercasedesk.io,https://www.embercasedesk.io,76,Atlanta,US,2026-06-05 04:18:00
2026-06-05,Legal,Umbra Compli Consultants,608.284.6734,hello@umbracompliconsultants.io,https://www.umbracompliconsultants.io,217,Melbourne,AU,2026-06-05 02:53:26
2026-06-05,ERP,HaloFin Tech,+16235209248,hello@halofintech.com,https://halofintech.com,31,Columbus,US,2026-06-05 03:31:03
2026-06-05,HR,CobaltOnboard Labs,(275) 373-7944 ext. 64,hello@cobaltonboardlabs.com,https://www.cobaltonboardlabs.com,40,Calgary,CA,2026-06-05 05:28:59
2026-06-05,ERP,GoldenOpsDynamics,368-558-7115,contact@goldenopsdynamics.net,https://goldenopsdynamics.net,424,Austin,US,2026-06-05 04:35:51
2026-06-05,Medical,GraniteVitalSolutions,230.651.1037,info@granitevitalsolutions.io,https://granitevitalsolutions.io,213,Toronto,CA,2026-06-05 03:01:29
2026-06-05,ERP,Anchor Plan Consultants,(839) 928-2339,hello@anchorplanconsultants.co,https://www.anchorplanconsultants.co,37,Seattle,US,2026-06-05 03:44:21
2026-06-05,MSP Platform,SolidMonitorCloud,+18212471871,hello@solidmonitorcloud.com,https://www.solidmonitorcloud.com,401,Manchester,UK,2026-06-05 01:07:27
2026-06-05,Legal,GoldenFiling Logic,485-379-9394,hello@goldenfilinglogic.com,https://www.goldenfilinglogic.com,24,Calgary,CA,2026-06-05 05:44:22
2026-06-05,HR,Alta BenefitBase,505.982.7263,info@altabenefitbase.com,altabenefitbase.com,217,Austin,US,2026-06-05 05:55:59
2026-06-05,Legal,IndigoMatterSolutions,+13245846501,contact@indigomattersolutions.com,https://www.indigomattersolutions.com,337,Denver,US,2026-06-05 03:35:59
2026-06-05,MSP Platform,CrestPatchWorks,9203750013,sales@crestpatchworks.io,crestpatchworks.io,145,Tampa,US,2026-06-05 05:18:49
