scrape_date,category,company_name,phone,email,website,employee_count,city,country,scraped_at
2026-06-06,ERP,ClearStock Works,490.329.9583,hello@clearstockworks.com,https://www.clearstockworks.com,23,Raleigh,US,2026-06-06 02:44:35
2026-06-06,HR,SilverShift Systems,08896842058,contact@silvershiftsystems.io,https://www.silvershiftsystems.io,814,London,UK,2026-06-06 03:49:30
2026-06-06,Legal,Quartz CompliSystems,(316) 893-2809,hello@quartzcomplisystems.com,https://www.quartzcomplisystems.com,34,London,UK,2026-06-06 05:56:43
2026-06-06,ERP,WillowResource Solutions,794.248.2615,sales@willowresourcesolutions.com,https://www.willowresourcesolutions.com,40,Phoenix,US,2026-06-06 03:24:45
2026-06-06,HR,Nimbus CultureLabs,+1 (568) 734-4998 ext. 32,info@nimbusculturelabs.net,https://www.nimbusculturelabs.net,26,Atlanta,US,2026-06-06 05:46:15
2026-06-06,Legal,BoldClause Cloud,355-844-0595,sales@boldclausecloud.com,https://www.boldclausecloud.com,433,Sydney,AU,2026-06-06 06:52:13
2026-06-06,HR,CrestShift Flow,1-578-779-2668 ext. 36,contact@crestshiftflow.net,https://www.crestshiftflow.net,7,Munich,DE,2026-06-06 05:44:25
2026-06-06,HR,MosaicRoster Solutions,+13475739067,hello@mosaicrostersolutions.com,https://www.mosaicrostersolutions.com,46,Atlanta,US,2026-06-06 05:22:06
2026-06-06,LMS,CrownLessonSphere,(402) 851-0790,sales@crownlessonsphere.io,https://www.crownlessonsphere.io,19,Toronto,CA,2026-06-06 03:00:17
2026-06-06,Legal,CobaltCase Point,+17453925585,info@cobaltcasepoint.com,https://www.cobaltcasepoint.com,214,Hyderabad,IN,2026-06-06 02:04:54
2026-06-06,ERP,RidgeFin Works,8069785582,sales@ridgefinworks.com,https://www.ridgefinworks.com,15,London,UK,2026-06-06 01:23:26
2026-06-06,HR,LumenTalent Solutions,4384955153,contact@lumentalentsolutions.net,https://www.lumentalentsolutions.net,92,London,UK,2026-06-06 05:35:29
2026-06-06,Medical,MosaicPatient Suite,503.483.1426,N/A,https://www.mosaicpatientsuite.com,13,Melbourne,AU,2026-06-06 04:42:30
2026-06-06,ERP,BoldChainTech,207-875-8003,info@boldchaintech.com,https://www.boldchaintech.com,130,Denver,US,2026-06-06 05:52:16
2026-06-06,Legal,Velo OrderDesk,1-754-595-5610,sales@veloorderdesk.io,https://www.veloorderdesk.io,421,Raleigh,US,2026-06-06 02:08:58
2026-06-06,MSP Platform,TrueEndpointSoft,245.227.5381,hello@trueendpointsoft.com,trueendpointsoft.com,402,Boston,US,2026-06-06 06:23:37
2026-06-06,Medical,QuartzTriage Dynamics,201-624-1829,contact@quartztriagedynamics.co,https://www.quartztriagedynamics.co,47,Austin,US,2026-06-06 06:35:35
2026-06-06,ERP,Nimbus OrderSphere,521-583-5532,contact@nimbusordersphere.com,https://www.nimbusordersphere.com,5,Austin,US,2026-06-06 06:09:45
2026-06-06,ERP,Fusion LedgerFlow,483-308-0082,info@fusionledgerflow.net,fusionledgerflow.net,23,Boston,US,2026-06-06 06:54:13
2026-06-06,ERP,BoldOrder Logic,3186459154,info@boldorderlogic.com,https://boldorderlogic.com,46,Pune,IN,2026-06-06 06:35:59
2026-06-06,Medical,NorthPulse Systems,1-685-664-3908 ext. 92,hello@northpulsesystems.com,https://northpulsesystems.com,74,Munich,DE,2026-06-06 01:39:58
2026-06-06,Medical,AnchorMed Base,1-376-532-1863,info@anchormedbase.com,https://anchormedbase.com,2445,Lahore,PK,2026-06-06 01:07:48
2026-06-06,HR,RapidPayrollSync,575-214-4892,sales@rapidpayrollsync.com,https://www.rapidpayrollsync.com,552,Singapore,SG,2026-06-06 03:41:48
2026-06-06,MSP Platform,SummitMonitor Systems,6428652695 ext. 34,contact@summitmonitorsystems.com,https://www.summitmonitorsystems.com,12,London,UK,2026-06-06 03:28:27
2026-06-06,MSP Platform,Solid EndpointSync,801-277-2408,contact@solidendpointsync.co,solidendpointsync.co,958,Berlin,DE,2026-06-06 03:56:33
2026-06-06,ERP,GraniteOrderLabs,+1 (273) 893-4573,hello@graniteorderlabs.com,graniteorderlabs.com,209,Raleigh,US,2026-06-06 02:07:46
2026-06-06,HR,BeaconBenefit Desk,8609405622,info@beaconbenefitdesk.io,https://beaconbenefitdesk.io,21,Phoenix,US,2026-06-06 03:32:59
2026-06-06,Medical,OmniChart’s Hub,716-226-8183 ext. 48,N/A,https://www.omnicharthub.co,24,Hyderabad,IN,2026-06-06 01:06:49
2026-06-06,Medical,WillowHealth Logic,713-982-6029,sales@willowhealthlogic.com,https://www.willowhealthlogic.com,249,Raleigh,US,2026-06-06 06:50:05
2026-06-06,HR,CrestTalentTech,(706) 531-9451,sales@cresttalenttech.com,cresttalenttech.com,178,Denver,US,2026-06-06 01:02:25
2026-06-06,Legal,Bold CompliPlatform,+1 (488) 208-0696,sales@boldcompliplatform.com,https://www.boldcompliplatform.com,8,Phoenix,US,2026-06-06 05:22:34
2026-06-06,MSP Platform,CedarGridPoint,565-963-1632,contact@cedargridpoint.com,https://www.cedargridpoint.com,9,Tampa,US,2026-06-06 03:23:00
2026-06-06,Legal,KeystoneLaw Dynamics,1-750-252-7490,hello@keystonelawdynamics.com,https://www.keystonelawdynamics.com,667,Sydney,AU,2026-06-06 03:01:05
2026-06-06,ERP,NorthBatchTech,844-702-0133,,https://www.northbatchtech.com,177,Denver,US,2026-06-06 01:31:16
2026-06-06,MSP Platform,MetaMonitorSystems,+16505450676,info@metamonitorsystems.com,https://www.metamonitorsystems.com,547,Denver,US,2026-06-06 03:50:12
2026-06-06,Medical,ClearTriage Cloud,(894) 373-4185,sales@cleartriagecloud.com,cleartriagecloud.com,21,Leeds,UK,2026-06-06 02:45:04
2026-06-06,MSP Platform,Lattice MonitorPlatform,+18466424037,sales@latticemonitorplatform.co,latticemonitorplatform.co,46,Pune,IN,2026-06-06 01:58:27
2026-06-06,Medical,CrestClinicApp,414-672-9974,hello@crestclinicapp.io,https://crestclinicapp.io,981,Singapore,SG,2026-06-06 02:28:47
2026-06-06,ERP,OmniForgeSync,+19804023416,info@omniforgesync.com,omniforgesync.com,239,London,UK,2026-06-06 01:23:12
2026-06-06,ERP,Blue OpsWorks,6765874454,sales@blueopsworks.co,https://blueopsworks.co,24,Phoenix,US,2026-06-06 02:25:53
2026-06-06,Medical,Vista HealthPlatform,05562538966,sales@vistahealthplatform.com,https://vistahealthplatform.com,34,Dublin,IE,2026-06-06 06:03:54
2026-06-06,MSP Platform,Indigo TicketSync,+19507968037,sales@indigoticketsync.com,https://www.indigoticketsync.com,96,Boston,US,2026-06-06 04:25:20
2026-06-06,ERP,Delta Order Consultants,797-786-4137,info@deltaorderconsultants.co,https://deltaorderconsultants.co,498,Tampa,US,2026-06-06 06:31:47
2026-06-06,MSP Platform,NovaTicket Point,+15258206437,info@novaticketpoint.net,https://www.novaticketpoint.net,44,Sydney,AU,2026-06-06 01:09:47
2026-06-06,MSP Platform,CrownRemote Point,299-897-9765,hello@crownremotepoint.com,https://crownremotepoint.com,19,Phoenix,US,2026-06-06 04:48:32
2026-06-06,Medical,BrightPulseBase,307-514-2073,contact@brightpulsebase.io,https://www.brightpulsebase.io,18,Seattle,US,2026-06-06 04:08:39
2026-06-06,HR,Granite PayrollDynamics,1-635-396-3778,sales@granitepayrolldynamics.net,https://www.granitepayrolldynamics.net,59,Atlanta,US,2026-06-06 04:17:12
2026-06-06,Medical,FalconMed Desk,887-592-2295,contact@falconmeddesk.io,https://falconmeddesk.io,11,Denver,US,2026-06-06 02:25:04
2026-06-06,Medical,Velo ClinicSync,5698299123 ext. 90,hello@veloclinicsync.io,https://www.veloclinicsync.io,259,Boston,US,2026-06-06 02:17:57
2026-06-06,ERP,BrightOps Sphere,+1 (566) 311-6409,contact@brightopssphere.com,https://www.brightopssphere.com,46,Munich,DE,2026-06-06 01:22:57
2026-06-06,LMS,QuantumQuiz Platform,2132941587,contact@quantumquizplatform.com,https://www.quantumquizplatform.com,956,Denver,US,2026-06-06 04:04:16
2026-06-06,MSP Platform,ApexEndpoint Sphere,(611) 332-8617,sales@apexendpointsphere.com,https://www.apexendpointsphere.com,669,Melbourne,AU,2026-06-06 02:27:24
2026-06-06,ERP,Xenon Batch Recruiting,9415947746,contact@xenonbatchrecruiting.com,https://xenonbatchrecruiting.com,16,Austin,US,2026-06-06 03:13:54
2026-06-06,HR,RidgeRosterSphere,+17313646786,contact@ridgerostersphere.net,https://ridgerostersphere.net,256,Phoenix,US,2026-06-06 06:46:48
2026-06-06,HR,QuantumRosterSync,1-703-752-9022,contact@quantumrostersync.com,https://quantumrostersync.com,378,Phoenix,US,2026-06-06 04:50:18
2026-06-06,Medical,QuantumPatient Labs,615-545-8378,sales@quantumpatientlabs.com,https://quantumpatientlabs.com,9,Calgary,CA,2026-06-06 02:31:57
2026-06-06,LMS,AltaLearn Systems,+1 (430) 200-8205,info@altalearnsystems.com,https://altalearnsystems.com,362,Tampa,US,2026-06-06 02:22:55
2026-06-06,LMS,VertexCourseHub,1-385-606-6753,sales@vertexcoursehub.io,https://vertexcoursehub.io,291,Toronto,CA,2026-06-06 04:21:47
2026-06-06,Medical,LatticeTriage Soft,6186868296,,latticetriagesoft.co,23,Atlanta,US,2026-06-06 03:07:37
2026-06-06,Legal,BlueMatterApp,2513592580 ext. 12,info@bluematterapp.com,https://www.bluematterapp.com,30,Vancouver,CA,2026-06-06 04:46:45
2026-06-06,ERP,LumenForgeBase,+16912413330,sales@lumenforgebase.com,https://www.lumenforgebase.com,59,Leeds,UK,2026-06-06 05:14:49
2026-06-06,LMS,ZephyrTrain Logic,+18567815192,sales@zephyrtrainlogic.io,zephyrtrainlogic.io,-,Tampa,US,2026-06-06 03:21:15
2026-06-06,MSP Platform,BeaconNodeWorks,1-514-919-2435,sales@beaconnodeworks.co,https://beaconnodeworks.co,415,Phoenix,US,2026-06-06 04:01:23
2026-06-06,MSP Platform,Solid GridLabs,+1 (629) 822-6055,info@solidgridlabs.com,https://www.solidgridlabs.com,806,Columbus,US,2026-06-06 04:09:51
2026-06-06,Medical,PioneerPulseDesk,4903958895,hello@pioneerpulsedesk.io,https://pioneerpulsedesk.io,42,Tampa,US,2026-06-06 04:29:05
2026-06-06,ERP,Zen FinApp,1-910-658-0969,sales@zenfinapp.com,https://zenfinapp.com,18,Raleigh,US,2026-06-06 06:09:17
2026-06-06,ERP,BoldForgéDesk,357.657.8132 ext. 90,sales@boldforgedesk.com,https://www.boldforgedesk.com,22,Tampa,US,2026-06-06 03:47:03
2026-06-06,ERP,HarborBatchSuite,249-717-2742,contact@harborbatchsuite.net,https://www.harborbatchsuite.net,193,Calgary,CA,2026-06-06 06:33:52
2026-06-06,MSP Platform,VistaUptimeSystems,447.483.8726,hello@vistauptimesystems.com,https://www.vistauptimesystems.com,191,Sydney,AU,2026-06-06 01:16:26
2026-06-06,Medical,QuantumRx Flow,9664308415,sales@quantumrxflow.io,https://www.quantumrxflow.io,46,Seattle,US,2026-06-06 01:22:22
2026-06-06,Legal,RidgewayLaw Base,528-416-1183,contact@ridgewaylawbase.com,https://ridgewaylawbase.com,864,Atlanta,US,2026-06-06 06:26:02
2026-06-06,ERP,Anchor LedgerLogic,+1 (308) 612-8424,-,https://anchorledgerlogic.co,79,Raleigh,US,2026-06-06 04:14:43
2026-06-06,ERP,CoreResourceDynamics,442-543-6727,info@coreresourcedynamics.com,https://www.coreresourcedynamics.com,99,Boston,US,2026-06-06 01:44:39
2026-06-06,Medical,CoreVitalFlow,729-306-3484,info@corevitalflow.io,https://corevitalflow.io,87,Raleigh,US,2026-06-06 03:07:04
2026-06-06,MSP Platform,LatticePatchWorks,6524799662,info@latticepatchworks.com,https://latticepatchworks.com,28,Tampa,US,2026-06-06 02:30:02
2026-06-06,HR,ArchCulture Base,+14267079812,sales@archculturebase.com,https://archculturebase.com,17,Austin,US,2026-06-06 01:44:08
2026-06-06,ERP,Blue LedgerLogic,8749457206,info@blueledgerlogic.com,https://www.blueledgerlogic.com,,Phoenix,US,2026-06-06 06:11:35
2026-06-06,MSP Platform,OmniMonitorDesk,(918) 204-2270,info@omnimonitordesk.com,https://omnimonitordesk.com,98,Columbus,US,2026-06-06 01:53:28
2026-06-06,HR,VeloPeople Cloud,(207) 442-8236,hello@velopeoplecloud.io,velopeoplecloud.io,633,Manchester,UK,2026-06-06 01:30:53
2026-06-06,Legal,XenonBriefDesk,(397) 911-0747,info@xenonbriefdesk.io,https://xenonbriefdesk.io,3839,Melbourne,AU,2026-06-06 05:56:22
2026-06-06,MSP Platform,Vertex OpsPlatform,+16617224602,sales@vertexopsplatform.com,https://vertexopsplatform.com,6,Munich,DE,2026-06-06 05:18:41
2026-06-06,HR,AltaShift Solutions,727.214.2273,info@altashiftsolutions.com,https://www.altashiftsolutions.com,19,N/A,US,2026-06-06 03:03:03
2026-06-06,HR,Summit Payroll Recruiting,559.263.0485,hello@summitpayrollrecruiting.com,https://www.summitpayrollrecruiting.com,9,Tampa,US,2026-06-06 05:54:42
2026-06-06,HR,LatticePeople Works,+1 (920) 964-2384,info@latticepeopleworks.com,latticepeopleworks.com,35,London,UK,2026-06-06 01:40:02
2026-06-06,ERP,Iron FinSphere,957.888.2308,hello@ironfinsphere.com,https://www.ironfinsphere.com,159,London,UK,2026-06-06 05:18:47
2026-06-06,HR,OrbitShiftSphere,+13645258255,info@orbitshiftsphere.io,https://www.orbitshiftsphere.io,386,London,UK,2026-06-06 03:04:14
2026-06-06,LMS,ZephyrQuiz Hub,(635) 971-6827,hello@zephyrquizhub.com,https://zephyrquizhub.com,218,Raleigh,US,2026-06-06 02:07:25
2026-06-06,LMS,Core LearnLabs,1-245-463-5078,info@corelearnlabs.com,corelearnlabs.com,163,Seattle,US,2026-06-06 06:37:57
2026-06-06,MSP Platform,AltaNetDesk,+1 (539) 924-8705,info@altanetdesk.com,https://www.altanetdesk.com,834,Phoenix,US,2026-06-06 04:26:33
2026-06-06,ERP,Xenon PlanFlow,+14605165707,info@xenonplanflow.com,https://www.xenonplanflow.com,431,Boston,US,2026-06-06 01:59:31
2026-06-06,ERP,ZenOrder Solutions,696-482-7197,hello@zenordersolutions.io,https://www.zenordersolutions.io,16,Leeds,UK,2026-06-06 05:58:00
2026-06-06,MSP Platform,SilverNet Works,(372) 588-3400,contact@silvernetworks.com,https://www.silvernetworks.com,15,Melbourne,AU,2026-06-06 01:50:08
2026-06-06,LMS,GoldenCourse Systems,+1 (293) 778-9861,hello@goldencoursesystems.com,https://goldencoursesystems.com,284,Austin,US,2026-06-06 04:51:25
2026-06-06,HR,AltaCultureWorks,(736) 490-8040,info@altacultureworks.io,https://www.altacultureworks.io,95,Tampa,US,2026-06-06 06:08:16
2026-06-06,Medical,PrimeChartBase,(639) 550-2362,hello@primechartbase.com,https://www.primechartbase.com,499,Denver,US,2026-06-06 05:45:53
2026-06-06,ERP,IronChain Hub,1-525-681-9466,N/A,https://www.ironchainhub.com,26,Atlanta,US,2026-06-06 02:02:53
2026-06-06,ERP,VeloChainDesk,274-499-0856,hello@velochaindesk.io,https://velochaindesk.io,16,Lahore,PK,2026-06-06 02:16:48
2026-06-06,HR,Atlas TalentCloud,726.670.1860,hello@atlastalentcloud.io,https://www.atlastalentcloud.io,15,Amsterdam,NL,2026-06-06 04:17:53
2026-06-06,MSP Platform,Rapid’s RemoteDesk,1-899-753-9112,info@rapidremotedesk.com,https://www.rapidremotedesk.com,3301,Tampa,US,2026-06-06 03:44:42
2026-06-06,HR,Halo Culture BPO Services,3477923690,hello@haloculturebposervices.com,https://www.haloculturebposervices.com,6,Columbus,US,2026-06-06 02:13:39
2026-06-06,ERP,Quartz ForgeHub,(673) 596-9157,sales@quartzforgehub.io,https://quartzforgehub.io,322,Melbourne,AU,2026-06-06 06:28:26
2026-06-06,Medical,PivotCare Solutions,+1 (842) 611-7245,hello@pivotcaresolutions.com,https://www.pivotcaresolutions.com,781,London,UK,2026-06-06 01:21:20
2026-06-06,ERP,FusionResource Hub,(941) 408-2472,hello@fusionresourcehub.com,https://www.fusionresourcehub.com,9,Melbourne,AU,2026-06-06 02:50:35
2026-06-06,HR,UmbraPayrollBase,(514) 493-9392,sales@umbrapayrollbase.io,https://umbrapayrollbase.io,251,Tampa,US,2026-06-06 04:34:09
2026-06-06,Medical,KeystoneCare Sphere,278-352-3541,contact@keystonecaresphere.com,https://keystonecaresphere.com,469,Karachi,PK,2026-06-06 04:50:05
2026-06-06,Legal,BrightDocketHub,8502890287,sales@brightdockethub.io,https://www.brightdockethub.io,25,Boston,US,2026-06-06 03:38:39
2026-06-06,HR,MosaicCultureWorks,(939) 228-9585,info@mosaiccultureworks.com,https://www.mosaiccultureworks.com,418,Denver,US,2026-06-06 03:47:19
2026-06-06,ERP,ClearChain Labs,644-485-9914,info@clearchainlabs.com,https://www.clearchainlabs.com,76,Amsterdam,NL,2026-06-06 02:04:49
2026-06-06,Medical,Ridgeway CarePlatform,07958302201,sales@ridgewaycareplatform.com,https://www.ridgewaycareplatform.com,641,Austin,US,2026-06-06 01:20:22
2026-06-06,ERP,Zephyr ResourceSystems,709-906-0537,info@zephyrresourcesystems.com,https://www.zephyrresourcesystems.com,11,Austin,US,2026-06-06 05:10:08
2026-06-06,LMS,Harbor CourseSystems,+16527356527,sales@harborcoursesystems.co,harborcoursesystems.co,19,Sydney,AU,2026-06-06 05:09:48
2026-06-06,LMS,BrightQuiz Tech,252-895-6924,info@brightquiztech.io,https://brightquiztech.io,8,Manchester,UK,2026-06-06 03:54:22
2026-06-06,MSP Platform,BrightNode Soft,276-486-2480,contact@brightnodesoft.io,https://www.brightnodesoft.io,3644,Singapore,SG,2026-06-06 06:07:18
2026-06-06,HR,CoreTalent Desk,(264) 644-8235,hello@coretalentdesk.com,coretalentdesk.com,86,Austin,US,2026-06-06 01:24:34
2026-06-06,ERP,Bold ForgeDesk,1-530-884-5189,contact@boldforgedesk.com,https://www.boldforgedesk.com,N/A,Austin,US,2026-06-06 02:06:34
2026-06-06,ERP,PivotOrder Systems,+12612664602,hello@pivotordersystems.com,pivotordersystems.com,158,Seattle,US,2026-06-06 03:12:30
2026-06-06,Medical,Pivot PulseSystems,2249990688,contact@pivotpulsesystems.io,https://www.pivotpulsesystems.io,34,Phoenix,US,2026-06-06 06:45:40
2026-06-06,HR,RavenOnboard Point,+12956875970,hello@ravenonboardpoint.com,https://www.ravenonboardpoint.com,129,Seattle,US,2026-06-06 05:57:49
2026-06-06,MSP Platform,Tidal PatchWorks,619.735.7684,info@tidalpatchworks.com,https://www.tidalpatchworks.com,1352,Lahore,PK,2026-06-06 05:35:17
2026-06-06,ERP,JuniperChainSolutions,695.666.2982,sales@juniperchainsolutions.com,https://www.juniperchainsolutions.com,804,Atlanta,US,2026-06-06 03:11:13
2026-06-06,Legal,RidgeBrief Flow,06558291058,info@ridgebriefflow.io,https://www.ridgebriefflow.io,320,Leeds,UK,2026-06-06 01:38:38
2026-06-06,HR,BlueRoster Solutions,1-481-265-5771 ext. 34,hello@bluerostersolutions.com,https://www.bluerostersolutions.com,105,Seattle,US,2026-06-06 05:27:57
2026-06-06,HR,Atlas PerformFlow,6923979320,sales@atlasperformflow.com,https://www.atlasperformflow.com,51,Manchester,UK,2026-06-06 05:57:19
2026-06-06,LMS,Meta QuizSphere,+1 (521) 628-6247,contact@metaquizsphere.co,https://www.metaquizsphere.co,25,Munich,DE,2026-06-06 02:56:31
2026-06-06,MSP Platform,Ridge MonitorSuite,640.846.0327,sales@ridgemonitorsuite.net,https://www.ridgemonitorsuite.net,35,Pune,IN,2026-06-06 03:10:37
2026-06-06,MSP Platform,BoldRemote Point,02479636309,info@boldremotepoint.co,https://www.boldremotepoint.co,241,Munich,DE,2026-06-06 05:10:33
2026-06-06,Medical,AltaMedCloud,+1 (229) 330-2948,contact@altamedcloud.io,https://www.altamedcloud.io,310,Phoenix,US,2026-06-06 02:43:13
2026-06-06,HR,BluePeople Sync,+19394959766,contact@bluepeoplesync.com,bluepeoplesync.com,9,Tampa,US,2026-06-06 04:06:44
2026-06-06,ERP,IronOrder Platform,+13266466290,info@ironorderplatform.com,ironorderplatform.com,189,Karachi,PK,2026-06-06 01:33:40
2026-06-06,ERP,RavenFin Dynamics,252.656.1123,info@ravenfindynamics.io,https://www.ravenfindynamics.io,198,Phoenix,US,2026-06-06 06:10:46
2026-06-06,Legal,Sable CaseApp,2268168390,hello@sablecaseapp.com,https://www.sablecaseapp.com,48,Tampa,US,2026-06-06 03:40:51
2026-06-06,ERP,CrownPlan Core,+1 (823) 636-3858,sales@crownplancore.com,https://www.crownplancore.com,316,Seattle,US,2026-06-06 03:45:16
2026-06-06,MSP Platform,ZenUptime Flow,+17513104757,info@zenuptimeflow.com,https://zenuptimeflow.com,564,Denver,US,2026-06-06 03:08:35
2026-06-06,ERP,WillowForgeSphere,680.940.5353,contact@willowforgesphere.com,willowforgesphere.com,61,Raleigh,US,2026-06-06 01:14:49
2026-06-06,Legal,Anchor TriagePlatform,1-624-624-4152 ext. 42,sales@anchortriageplatform.com,https://www.anchortriageplatform.com,850,Austin,US,2026-06-06 02:01:18
2026-06-06,HR,Atlas CultureFlow,(207) 620-9713,sales@atlascultureflow.co,atlascultureflow.co,28,Berlin,DE,2026-06-06 05:01:29
2026-06-06,ERP,Falcon PlanPoint,421-477-1131,info@falconplanpoint.io,https://www.falconplanpoint.io,141,Austin,US,2026-06-06 02:39:51
2026-06-06,ERP,SilverChainLabs,(482) 489-7310,contact@silverchainlabs.net,https://silverchainlabs.net,163,Raleigh,US,2026-06-06 03:37:48
2026-06-06,LMS,ZenCourse Platform,4879322009,hello@zencourseplatform.com,https://www.zencourseplatform.com,88,Columbus,US,2026-06-06 05:20:15
2026-06-06,Medical,Polaris VitalSphere,3978441861,sales@polarisvitalsphere.com,https://www.polarisvitalsphere.com,10,Denver,US,2026-06-06 05:21:02
2026-06-06,Medical,RapidMedApp,(589) 539-3141 ext. 64,sales@rapidmedapp.io,https://www.rapidmedapp.io,228,Melbourne,AU,2026-06-06 03:35:38
2026-06-06,Legal,QuartzDocketLogic,(432) 903-2192,hello@quartzdocketlogic.com,https://www.quartzdocketlogic.com,18,Phoenix,US,2026-06-06 06:57:24
2026-06-06,ERP,Granite BatchLogic,512-940-7159,hello@granitebatchlogic.co,https://granitebatchlogic.co,18,Boston,US,2026-06-06 05:30:16
2026-06-06,ERP,BeaconChainSystems,8997339225,sales@beaconchainsystems.com,https://www.beaconchainsystems.com,51,Phoenix,US,2026-06-06 05:10:48
2026-06-06,MSP Platform,VeloRemoteLogic,+19294010601,info@veloremotelogic.com,https://veloremotelogic.com,15,London,UK,2026-06-06 01:27:16
2026-06-06,Medical,IndigoTriageSync,+18733909777,contact@indigotriagesync.com,https://indigotriagesync.com,489,Chicago,US,2026-06-06 03:53:41
2026-06-06,Medical,LumenRx Desk,08349607756 ext. 15,info@lumenrxdesk.io,https://www.lumenrxdesk.io,25,Calgary,CA,2026-06-06 06:34:39
2026-06-06,HR,IndigoRoster’s Point,+17344511490,contact@indigorosterpoint.com,https://www.indigorosterpoint.com,597,Dublin,IE,2026-06-06 06:13:42
2026-06-06,HR,IndigoRosterTech,621-728-3181,contact@indigorostertech.io,https://indigorostertech.io,8,Toronto,CA,2026-06-06 06:43:54
2026-06-06,MSP Platform,VistaUptimeFlow,710-383-3066,N/A,https://vistauptimeflow.com,86,Tampa,US,2026-06-06 03:16:34
2026-06-06,Medical,CrownPatient Base,541-230-9471,contact@crownpatientbase.co,https://www.crownpatientbase.co,24,Munich,DE,2026-06-06 01:00:38
2026-06-06,HR,QuantumPayroll Hub,(966) 517-0795,sales@quantumpayrollhub.com,https://quantumpayrollhub.com,59,Atlanta,US,2026-06-06 03:24:16
2026-06-06,MSP Platform,Bold GridBase,+16399667484,contact@boldgridbase.co,https://www.boldgridbase.co,12,Seattle,US,2026-06-06 04:41:57
2026-06-06,Medical,OnyxCare Base,5596027199,info@onyxcarebase.com,https://www.onyxcarebase.com,32,Melbourne,AU,2026-06-06 04:28:51
2026-06-06,Medical,PrimeChart Systems,834-634-4829,sales@primechartsystems.com,https://primechartsystems.com,758,Karachi,PK,2026-06-06 05:31:56
2026-06-06,ERP,RavenChain Hub,(441) 768-9723,sales@ravenchainhub.io,ravenchainhub.io,505,Sydney,AU,2026-06-06 03:59:08
2026-06-06,Medical,NimbusTriage Point,(599) 752-8108,info@nimbustriagepoint.net,https://www.nimbustriagepoint.net,25,Chicago,US,2026-06-06 03:27:55
2026-06-06,Medical,MosaicVital Point,+17015916683,hello@mosaicvitalpoint.com,https://mosaicvitalpoint.com,15,Seattle,US,2026-06-06 03:19:50
2026-06-06,Legal,BoldFiling Base,8528413240,sales@boldfilingbase.com,https://boldfilingbase.com,40,Columbus,US,2026-06-06 01:14:11
2026-06-06,HR,MosaicCulture Desk,752-444-5950,info@mosaicculturedesk.io,https://mosaicculturedesk.io,26,Denver,US,2026-06-06 06:10:18
2026-06-06,Legal,Bold VerdictHub,+13689849912,info@boldverdicthub.com,https://www.boldverdicthub.com,965,Vancouver,CA,2026-06-06 04:34:33
2026-06-06,HR,TidalTeam Platform,+17198755049,hello@tidalteamplatform.io,https://www.tidalteamplatform.io,28,Boston,US,2026-06-06 06:55:41
2026-06-06,ERP,Blue OrderSolutions,1-249-808-5216,info@blueordersolutions.com,https://www.blueordersolutions.com,7,Denver,US,2026-06-06 02:36:11
2026-06-06,Medical,Core RxLabs,1-516-200-0889,contact@corerxlabs.net,https://www.corerxlabs.net,6,Lahore,PK,2026-06-06 06:41:29
2026-06-06,ERP,Granite ForgeBase,+15668415282,sales@graniteforgebase.io,https://www.graniteforgebase.io,10,-,US,2026-06-06 04:11:49
2026-06-06,ERP,KeystoneChain Soft,1-901-386-8620,hello@keystonechainsoft.com,https://www.keystonechainsoft.com,473,Phoenix,US,2026-06-06 06:33:57
2026-06-06,Medical,SilverTriageLogic,+1 (363) 873-9913,sales@silvertriagelogic.com,https://www.silvertriagelogic.com,92,Islamabad,PK,2026-06-06 02:13:53
2026-06-06,ERP,Quartz ForgeSync,7489147147,hello@quartzforgesync.com,https://www.quartzforgesync.com,413,Sydney,AU,2026-06-06 03:31:52
2026-06-06,Medical,Ridge ClinicSync,+19614520557,contact@ridgeclinicsync.net,https://www.ridgeclinicsync.net,3241,Bengaluru,IN,2026-06-06 06:31:29
2026-06-06,MSP Platform,CobaltEndpoint Desk,5492076333,contact@cobaltendpointdesk.com,https://cobaltendpointdesk.com,121,Calgary,CA,2026-06-06 05:22:32
2026-06-06,HR,AtlasCulture Works,916-537-0612,,https://atlascultureworks.io,572,Austin,US,2026-06-06 05:33:04
2026-06-06,ERP,Willow PlanLogic,+17404963344,sales@willowplanlogic.com,https://www.willowplanlogic.com,37,Atlanta,US,2026-06-06 01:50:38
2026-06-06,ERP,OmniChain Core,584.350.5230,info@omnichaincore.com,https://omnichaincore.com,183,Seattle,US,2026-06-06 01:28:02
2026-06-06,Legal,SilverDocket Hub,311-884-1952,hello@silverdockethub.com,https://www.silverdockethub.com,63,Tampa,US,2026-06-06 03:02:13
2026-06-06,Medical,FusionMed Dynamics,(671) 936-3875,hello@fusionmeddynamics.net,https://www.fusionmeddynamics.net,-,Atlanta,US,2026-06-06 02:42:25
2026-06-06,HR,ApexShiftPoint,324-256-6796,info@apexshiftpoint.com,https://www.apexshiftpoint.com,444,Manchester,UK,2026-06-06 06:43:26
2026-06-06,HR,WillowTeam Platform,+18525591331,sales@willowteamplatform.io,willowteamplatform.io,33,Chicago,US,2026-06-06 03:35:15
2026-06-06,ERP,Lumen ForgeSuite,363-992-3552,sales@lumenforgesuite.com,https://www.lumenforgesuite.com,114,N/A,UK,2026-06-06 06:12:18
2026-06-06,Legal,Solid CounselHub,3524243605,hello@solidcounselhub.com,https://solidcounselhub.com,14,Lahore,PK,2026-06-06 06:20:37
2026-06-06,ERP,OmniOrderSolutions,1-472-359-3626,info@omniordersolutions.com,omniordersolutions.com,453,Atlanta,US,2026-06-06 06:46:03
2026-06-06,Legal,NorthLaw Systems,783-595-1129,,https://northlawsystems.com,42,Lahore,PK,2026-06-06 04:09:14
2026-06-06,HR,NorthTalent Solutions,+15349828137,info@northtalentsolutions.com,https://www.northtalentsolutions.com,86,Columbus,US,2026-06-06 04:04:28
2026-06-06,Medical,ArchRxSuite,959-243-6656,null,archrxsuite.com,5,Denver,US,2026-06-06 04:37:55
2026-06-06,HR,ApexRoster’s Sync,+17099464563,info@apexrostersync.com,https://www.apexrostersync.com,16,Munich,DE,2026-06-06 05:39:13
2026-06-06,Legal,Quantum CourseSoft,1-715-808-2625,hello@quantumcoursesoft.net,https://www.quantumcoursesoft.net,931,Tampa,US,2026-06-06 03:35:36
2026-06-06,HR,Quantum TeamSolutions,496-237-7988,info@quantumteamsolutions.com,https://www.quantumteamsolutions.com,819,Tampa,US,2026-06-06 05:22:27
2026-06-06,ERP,True PlanFlow,244.870.7724,hello@trueplanflow.io,https://www.trueplanflow.io,null,Chicago,US,2026-06-06 06:00:02
2026-06-06,ERP,SolidBatch Desk,(229) 881-4240,info@solidbatchdesk.io,https://www.solidbatchdesk.io,1552,Boston,US,2026-06-06 04:59:48
2026-06-06,ERP,RapidOrder Soft,8072225681 ext. 77,info@rapidordersoft.io,https://www.rapidordersoft.io,5,Islamabad,PK,2026-06-06 05:36:15
2026-06-06,ERP,Beacon FinWorks,1-669-360-4231,sales@beaconfinworks.com,https://beaconfinworks.com,89,Singapore,SG,2026-06-06 03:06:36
2026-06-06,Medical,BoldClinic Platform,+1 (213) 230-0009,hello@boldclinicplatform.co,https://www.boldclinicplatform.co,452,Berlin,DE,2026-06-06 03:23:34
2026-06-06,Medical,Beacon ChartDesk,231-511-2112,hello@beaconchartdesk.com,https://www.beaconchartdesk.com,4235,-,US,2026-06-06 04:44:34
2026-06-06,Medical,Ember HealthSystems,+15692732463,hello@emberhealthsystems.com,https://emberhealthsystems.com,18,Calgary,CA,2026-06-06 06:10:59
2026-06-06,Medical,Mosaic PulseHub,03613530526,hello@mosaicpulsehub.com,https://mosaicpulsehub.com,40,Amsterdam,NL,2026-06-06 03:42:32
2026-06-06,Legal,EmberClause Logic,797.974.1281,N/A,https://www.emberclauselogic.com,-,Raleigh,US,2026-06-06 01:02:15
2026-06-06,Medical,HaloPatientDesk,(813) 385-3091,hello@halopatientdesk.net,https://www.halopatientdesk.net,8,Dublin,IE,2026-06-06 04:23:33
2026-06-06,Legal,Indigo CounselSuite,+1 (717) 265-1741,hello@indigocounselsuite.net,https://indigocounselsuite.net,10,Chicago,US,2026-06-06 02:30:15
2026-06-06,LMS,Solid LessonCloud,654.978.1655 ext. 5,hello@solidlessoncloud.com,https://www.solidlessoncloud.com,386,Singapore,SG,2026-06-06 05:27:12
2026-06-06,HR,FalconTalent Tech,(822) 595-4502,sales@falcontalenttech.co,https://www.falcontalenttech.co,18,Tampa,US,2026-06-06 04:50:47
2026-06-06,Legal,SilverBrief Sphere,+14066408702,info@silverbriefsphere.com,silverbriefsphere.com,29,Islamabad,PK,2026-06-06 06:39:21
2026-06-06,Legal,FusionClauseCore,(412) 221-8146,sales@fusionclausecore.com,https://www.fusionclausecore.com,10,Tampa,US,2026-06-06 04:46:44
2026-06-06,ERP,Apex Fin Outsourcing,893-721-3631,sales@apexfinoutsourcing.com,apexfinoutsourcing.com,30,Austin,US,2026-06-06 01:32:44
2026-06-06,Medical,Lattice TriageApp,+13518442447,info@latticetriageapp.com,https://latticetriageapp.com,20,Columbus,US,2026-06-06 06:11:56
2026-06-06,HR,IndigoShift Tech,799-304-6831 ext. 59,contact@indigoshifttech.io,https://www.indigoshifttech.io,18,Tampa,US,2026-06-06 01:59:31
2026-06-06,HR,OrbitCultureWorks,+1 (821) 293-1391,contact@orbitcultureworks.io,https://orbitcultureworks.io,444,Phoenix,US,2026-06-06 06:58:46
2026-06-06,Legal,OrbitDocketDynamics,1-419-749-2797,hello@orbitdocketdynamics.com,https://www.orbitdocketdynamics.com,90,Amsterdam,NL,2026-06-06 04:43:32
2026-06-06,Legal,CobaltCompliLogic,959-706-5057,null,https://www.cobaltcomplilogic.io,16,Boston,US,2026-06-06 02:48:34
2026-06-06,LMS,Nova CohortWorks,3483233020,contact@novacohortworks.io,novacohortworks.io,473,Boston,US,2026-06-06 05:07:41
2026-06-06,ERP,Quantum ForgeSystems,+19538408420,sales@quantumforgesystems.com,https://www.quantumforgesystems.com,43,Phoenix,US,2026-06-06 03:15:12
2026-06-06,Medical,AnchorChart Sphere,1-681-851-8334,sales@anchorchartsphere.io,https://www.anchorchartsphere.io,921,Sydney,AU,2026-06-06 03:10:59
2026-06-06,Legal,Atlas PatientPoint,+1 (417) 448-0434,contact@atlaspatientpoint.io,https://www.atlaspatientpoint.io,79,Boston,US,2026-06-06 04:41:26
2026-06-06,MSP Platform,Silver GridCloud,656-938-0170,sales@silvergridcloud.com,https://silvergridcloud.com,46,Dublin,IE,2026-06-06 04:03:56
2026-06-06,LMS,TidalTutorApp,5256124645,info@tidaltutorapp.com,https://www.tidaltutorapp.com,187,Toronto,CA,2026-06-06 02:26:34
2026-06-06,Medical,Bright PulseCore,1-427-890-4769,hello@brightpulsecore.io,https://brightpulsecore.io,15,Raleigh,US,2026-06-06 02:36:32
2026-06-06,MSP Platform,Pivot GridSystems,411-235-1583,contact@pivotgridsystems.io,https://www.pivotgridsystems.io,81,Chicago,US,2026-06-06 02:23:16
2026-06-06,HR,CedarCulture Flow,(218) 800-7841,hello@cedarcultureflow.co,https://www.cedarcultureflow.co,17,Vancouver,CA,2026-06-06 06:42:55
2026-06-06,ERP,Falcon StockBase,(860) 963-5135,hello@falconstockbase.com,https://falconstockbase.com,447,Atlanta,US,2026-06-06 06:51:45
2026-06-06,MSP Platform,Zephyr NodeSystems,4568967958,contact@zephyrnodesystems.com,https://www.zephyrnodesystems.com,8,Melbourne,AU,2026-06-06 03:19:21
2026-06-06,Medical,GraniteVitalPoint’s,+14452335226,contact@granitevitalpoint.io,granitevitalpoint.io,20,Tampa,US,2026-06-06 01:36:18
2026-06-06,Medical,Crest MedHub,6814884400 ext. 44,hello@crestmedhub.com,https://www.crestmedhub.com,88,Calgary,CA,2026-06-06 03:34:32
2026-06-06,ERP,NimbusOrderSuite,980-786-5256,contact@nimbusordersuite.io,https://nimbusordersuite.io,12,Dublin,IE,2026-06-06 04:41:01
2026-06-06,ERP,ZenFin Base,+1 (787) 961-5662,hello@zenfinbase.com,https://www.zenfinbase.com,,Singapore,SG,2026-06-06 04:00:34
2026-06-06,Legal,Cedar CasePoint,356-626-8138,null,https://cedarcasepoint.com,151,Atlanta,US,2026-06-06 01:35:17
2026-06-06,ERP,Pivot ChainLabs,9746105672,hello@pivotchainlabs.net,https://www.pivotchainlabs.net,4046,Denver,US,2026-06-06 04:02:38
2026-06-06,HR,GoldenPeoplePoint,2763074145,contact@goldenpeoplepoint.com,https://goldenpeoplepoint.com,37,Denver,US,2026-06-06 03:06:02
2026-06-06,MSP Platform,ZephyrPatchCloud,(506) 898-7120 ext. 55,sales@zephyrpatchcloud.io,zephyrpatchcloud.io,14,Vancouver,CA,2026-06-06 04:04:06
2026-06-06,HR,MosaicTalentSoft,1-688-991-1241,info@mosaictalentsoft.net,https://www.mosaictalentsoft.net,6,Atlanta,US,2026-06-06 03:35:20
2026-06-06,Legal,OnyxCase Platform,+1 (544) 873-3911,info@onyxcaseplatform.com,https://www.onyxcaseplatform.com,1797,Denver,US,2026-06-06 02:53:53
2026-06-06,ERP,Golden BatchPoint,09037309172,sales@goldenbatchpoint.com,https://www.goldenbatchpoint.com,96,Raleigh,US,2026-06-06 05:03:32
2026-06-06,Medical,NovaTriage Flow,(739) 321-2306,info@novatriageflow.com,https://www.novatriageflow.com,428,Denver,US,2026-06-06 06:06:01
2026-06-06,LMS,JuniperQuiz Dynamics,6946694595,info@juniperquizdynamics.io,https://juniperquizdynamics.io,25,Leeds,UK,2026-06-06 05:07:24
2026-06-06,ERP,PioneerStock Solutions,3654477997,info@pioneerstocksolutions.io,https://www.pioneerstocksolutions.io,34,Denver,US,2026-06-06 03:16:22
2026-06-06,ERP,Cobalt PlanLogic,(715) 854-7081 ext. 26,hello@cobaltplanlogic.com,https://www.cobaltplanlogic.com,N/A,Atlanta,US,2026-06-06 02:34:04
2026-06-06,Legal,GoldenCaseSystems,696.280.6922,hello@goldencasesystems.io,https://www.goldencasesystems.io,15,Atlanta,US,2026-06-06 04:06:30
2026-06-06,ERP,Lumen PlanTech,(291) 908-5771,info@lumenplantech.io,https://www.lumenplantech.io,19,Tampa,US,2026-06-06 02:11:10
2026-06-06,MSP Platform,Beacon Patch Manpower Services,+14907465258,hello@beaconpatchmanpowerservices.com,https://beaconpatchmanpowerservices.com,283,Sydney,AU,2026-06-06 06:25:09
2026-06-06,HR,ClearOnboard Suite,1-810-870-3967,hello@clearonboardsuite.io,https://clearonboardsuite.io,11,Phoenix,US,2026-06-06 04:22:13
2026-06-06,Legal,AtlasBrief Labs,+15258395065,sales@atlasbrieflabs.com,atlasbrieflabs.com,462,Phoenix,US,2026-06-06 01:31:24
2026-06-06,HR,Bold RosterLabs,1-473-945-1315,hello@boldrosterlabs.com,https://boldrosterlabs.com,209,Raleigh,US,2026-06-06 06:17:14
2026-06-06,LMS,GraniteTutorSoft,+13098525442,sales@granitetutorsoft.com,https://www.granitetutorsoft.com,18,Phoenix,US,2026-06-06 03:32:51
2026-06-06,MSP Platform,Sable NodePlatform,1-571-823-2165,hello@sablenodeplatform.io,https://www.sablenodeplatform.io,74,Toronto,CA,2026-06-06 05:21:30
2026-06-06,HR,VistaPeople Sync,(494) 268-6726,info@vistapeoplesync.com,https://vistapeoplesync.com,206,Raleigh,US,2026-06-06 05:37:53
2026-06-06,ERP,SummitForge App,1-214-315-6519,hello@summitforgeapp.io,summitforgeapp.io,14,Austin,US,2026-06-06 02:28:13
2026-06-06,Medical,Bold HealthSolutions,07008476070,info@boldhealthsolutions.com,https://www.boldhealthsolutions.com,188,Melbourne,AU,2026-06-06 04:24:18
2026-06-06,MSP Platform,MetaStack’s Soft,518-480-2417,hello@metastacksoft.com,https://metastacksoft.com,96,Seattle,US,2026-06-06 01:59:32
2026-06-06,Medical,PivotChart Systems,350-874-2110,sales@pivotchartsystems.com,https://www.pivotchartsystems.com,213,Seattle,US,2026-06-06 04:09:17
2026-06-06,ERP,Zen BatchPoint,+1 (962) 679-5572,info@zenbatchpoint.com,https://www.zenbatchpoint.com,636,Manchester,UK,2026-06-06 05:01:20
2026-06-06,HR,OrbitPerform Labs,1-726-989-0827,sales@orbitperformlabs.com,orbitperformlabs.com,420,N/A,US,2026-06-06 01:15:39
2026-06-06,HR,Atlas TeamLogic,483.904.1967,info@atlasteamlogic.com,https://www.atlasteamlogic.com,26,Columbus,US,2026-06-06 05:46:44
2026-06-06,Medical,BrightTriageCore,+1 (979) 524-0859,sales@brighttriagecore.com,https://brighttriagecore.com,27,Tampa,US,2026-06-06 06:59:20
2026-06-06,HR,FusionOnboard Dynamics,1-475-786-0554,contact@fusiononboarddynamics.net,https://www.fusiononboarddynamics.net,101,Denver,US,2026-06-06 01:21:29
2026-06-06,HR,PivotTeamSoft,8642948529,sales@pivotteamsoft.com,https://www.pivotteamsoft.com,257,Melbourne,AU,2026-06-06 01:00:55
2026-06-06,Legal,Juniper LawTech,865-279-2526,info@juniperlawtech.com,https://www.juniperlawtech.com,13,Tampa,US,2026-06-06 04:32:32
2026-06-06,Legal,ZephyrVerdict Flow,(460) 873-2479,sales@zephyrverdictflow.com,zephyrverdictflow.com,323,-,US,2026-06-06 01:51:06
2026-06-06,Legal,NovaBrief Labs,320-384-9232,hello@novabrieflabs.co,https://www.novabrieflabs.co,78,Tampa,US,2026-06-06 04:55:07
2026-06-06,Medical,BoldVitalHub,926-491-4498,info@boldvitalhub.net,https://www.boldvitalhub.net,28,Columbus,US,2026-06-06 05:54:17
2026-06-06,HR,KeystoneTeamPoint,(449) 967-3098,sales@keystoneteampoint.co,https://www.keystoneteampoint.co,124,Tampa,US,2026-06-06 05:42:08
2026-06-06,Legal,Blue FilingPlatform,+1 (915) 809-7922,sales@bluefilingplatform.com,bluefilingplatform.com,897,Dublin,IE,2026-06-06 06:48:00
2026-06-06,Medical,NorthMedFlow,+13335189411,hello@northmedflow.com,https://northmedflow.com,16,Denver,US,2026-06-06 01:58:33
2026-06-06,Medical,ZenTriageLabs,1-956-407-7298,hello@zentriagelabs.com,https://zentriagelabs.com,63,Boston,US,2026-06-06 05:04:13
2026-06-06,Legal,SableCounselSphere,03604549173,contact@sablecounselsphere.com,https://www.sablecounselsphere.com,67,Boston,US,2026-06-06 05:08:25
2026-06-06,Medical,Willow MedWorks,+13985729387,contact@willowmedworks.com,https://www.willowmedworks.com,172,Boston,US,2026-06-06 01:26:44
2026-06-06,MSP Platform,SableNetHub,6418799587,contact@sablenethub.net,https://www.sablenethub.net,5,Islamabad,PK,2026-06-06 06:24:35
2026-06-06,ERP,EmberOps’s Point,+13823511641,sales@emberopspoint.com,https://emberopspoint.com,5,Lahore,PK,2026-06-06 03:56:56
2026-06-06,Medical,JuniperHealthHub,(846) 990-1487,info@juniperhealthhub.com,https://juniperhealthhub.com,19,Raleigh,US,2026-06-06 05:47:23
2026-06-06,Legal,IronVerdictLogic,571.525.8917,sales@ironverdictlogic.com,https://www.ironverdictlogic.com,29,Boston,US,2026-06-06 05:09:00
2026-06-06,MSP Platform,ZephyrNet Systems,(725) 654-7978,contact@zephyrnetsystems.io,https://zephyrnetsystems.io,221,Phoenix,US,2026-06-06 01:07:37
2026-06-06,Medical,Keystone RxSuite,976.662.9289,sales@keystonerxsuite.io,keystonerxsuite.io,169,Leeds,UK,2026-06-06 02:48:06
2026-06-06,Legal,Prime CompliSystems,970-470-3036,contact@primecomplisystems.io,https://primecomplisystems.io,48,London,UK,2026-06-06 03:41:17
2026-06-06,Medical,Iron PulseLabs,3688840718,sales@ironpulselabs.com,https://www.ironpulselabs.com,497,Columbus,US,2026-06-06 03:14:28
2026-06-06,ERP,CoreOrder Flow,1-534-560-1175,contact@coreorderflow.com,https://www.coreorderflow.com,53,Seattle,US,2026-06-06 01:36:45
2026-06-06,MSP Platform,QuartzStack Base,1-787-278-4820,contact@quartzstackbase.com,https://www.quartzstackbase.com,764,Atlanta,US,2026-06-06 02:41:44
2026-06-06,Medical,Granite HealthPoint,3104266452,contact@granitehealthpoint.net,https://www.granitehealthpoint.net,76,Atlanta,US,2026-06-06 03:19:25
2026-06-06,ERP,RidgewayOpsSoft,+13538553024,contact@ridgewayopssoft.com,https://www.ridgewayopssoft.com,13,Leeds,UK,2026-06-06 02:53:24
2026-06-06,Legal,TrueDocketTech,(529) 426-0058,null,https://www.truedockettech.io,123,Atlanta,US,2026-06-06 04:25:48
2026-06-06,Legal,Nova MedDesk,731-817-1478,hello@novameddesk.co,https://www.novameddesk.co,13,Toronto,CA,2026-06-06 01:52:28
2026-06-06,HR,DeltaCulture Systems,04398157507,contact@deltaculturesystems.com,https://deltaculturesystems.com,null,Bengaluru,IN,2026-06-06 02:50:39
2026-06-06,HR,CrownTalent Soft,482-927-3285,info@crowntalentsoft.net,crowntalentsoft.net,18,Atlanta,US,2026-06-06 03:59:01
2026-06-06,ERP,Nova ForgeSphere,+1 (665) 518-2424 ext. 69,info@novaforgesphere.com,novaforgesphere.com,13,London,UK,2026-06-06 05:04:10
2026-06-06,MSP Platform,Crest GridApp,+18635807616,hello@crestgridapp.com,https://www.crestgridapp.com,84,Columbus,US,2026-06-06 02:06:28
2026-06-06,ERP,RapidChain Desk,+1 (438) 204-5673,hello@rapidchaindesk.co,https://www.rapidchaindesk.co,516,Denver,US,2026-06-06 02:45:38
2026-06-06,Medical,IndigoPulseSphere,9516895098,contact@indigopulsesphere.net,https://indigopulsesphere.net,6,Calgary,CA,2026-06-06 01:47:41
2026-06-06,ERP,CoreOrder Desk,(206) 608-4943 ext. 28,contact@coreorderdesk.com,coreorderdesk.com,41,Denver,US,2026-06-06 03:55:16
2026-06-06,ERP,GoldenBatch Suite,(949) 319-9081,sales@goldenbatchsuite.io,https://goldenbatchsuite.io,19,Tampa,US,2026-06-06 04:28:59
2026-06-06,ERP,RidgewayChain Flow,3752475811,,https://ridgewaychainflow.com,5,Atlanta,US,2026-06-06 01:27:09
2026-06-06,LMS,PolarisQuizWorks,1-513-590-2569,sales@polarisquizworks.com,polarisquizworks.com,28,Seattle,US,2026-06-06 03:45:26
2026-06-06,ERP,Bright PlanPoint,702.464.1684,info@brightplanpoint.io,https://www.brightplanpoint.io,62,Dublin,IE,2026-06-06 05:35:43
2026-06-06,Legal,AnchorMatter Tech,(291) 563-6810,hello@anchormattertech.com,https://www.anchormattertech.com,64,Bengaluru,IN,2026-06-06 01:50:00
2026-06-06,ERP,NovaFin Logic,1-268-294-2968,info@novafinlogic.net,https://www.novafinlogic.net,77,Raleigh,US,2026-06-06 03:16:18
2026-06-06,ERP,BeaconResourceSolutions,(379) 515-9649,sales@beaconresourcesolutions.io,https://www.beaconresourcesolutions.io,N/A,Denver,US,2026-06-06 02:34:57
2026-06-06,MSP Platform,Beacon MonitorSphere,+12455262526 ext. 26,info@beaconmonitorsphere.com,https://beaconmonitorsphere.com,334,Boston,US,2026-06-06 03:00:34
2026-06-06,HR,Ember ShiftTech,(653) 961-2187 ext. 66,contact@embershifttech.com,https://embershifttech.com,369,Columbus,US,2026-06-06 01:30:50
2026-06-06,ERP,Pivot Ops BPO Services,+1 (882) 210-2252,info@pivotopsbposervices.co,https://www.pivotopsbposervices.co,113,Denver,US,2026-06-06 03:14:22
2026-06-06,Legal,ZenCompli Platform,+15514481244,sales@zencompliplatform.com,https://www.zencompliplatform.com,6,Leeds,UK,2026-06-06 01:39:09
2026-06-06,MSP Platform,OrbitEndpoint Hub,6042991294,sales@orbitendpointhub.com,https://www.orbitendpointhub.com,11,Columbus,US,2026-06-06 05:19:28
2026-06-06,ERP,Beacon ResourceSoft,4573141746,sales@beaconresourcesoft.com,https://www.beaconresourcesoft.com,197,Atlanta,US,2026-06-06 05:33:25
2026-06-06,ERP,ApexOrderApp,+12588866808,hello@apexorderapp.co,https://www.apexorderapp.co,11,London,UK,2026-06-06 01:43:27
2026-06-06,LMS,Keystone’s VitalLogic,923-907-9488,contact@keystonevitallogic.com,keystonevitallogic.com,43,Boston,US,2026-06-06 06:37:03
2026-06-06,HR,OrbitBenefit Soft,+16076705844,hello@orbitbenefitsoft.com,https://orbitbenefitsoft.com,91,Raleigh,US,2026-06-06 03:55:05
2026-06-06,ERP,UmbraLedger Hub,+1 (469) 722-6158,info@umbraledgerhub.com,umbraledgerhub.com,20,Boston,US,2026-06-06 04:33:09
2026-06-06,ERP,GoldenForge Logic,877.355.9580,hello@goldenforgelogic.com,https://www.goldenforgelogic.com,17,London,UK,2026-06-06 01:49:28
2026-06-06,Legal,Juniper BriefSync,928-440-2984,info@juniperbriefsync.com,https://www.juniperbriefsync.com,38,Seattle,US,2026-06-06 01:02:08
2026-06-06,Legal,Meta FilingSphere,1-840-676-1965,hello@metafilingsphere.com,https://www.metafilingsphere.com,490,Chicago,US,2026-06-06 06:59:24
2026-06-06,Medical,SableVital App,+1 (677) 218-1950,contact@sablevitalapp.io,https://www.sablevitalapp.io,34,Boston,US,2026-06-06 01:26:01
2026-06-06,ERP,HarborChainDynamics,688-289-8926,sales@harborchaindynamics.com,https://www.harborchaindynamics.com,145,Calgary,CA,2026-06-06 05:25:37
2026-06-06,LMS,Nova MentorHub,+15296668095,contact@novamentorhub.com,novamentorhub.com,39,Sydney,AU,2026-06-06 05:51:53
2026-06-06,HR,Omni TalentPlatform,+15618842911,info@omnitalentplatform.com,https://www.omnitalentplatform.com,69,Phoenix,US,2026-06-06 04:14:15
2026-06-06,ERP,RapidOrder Platform,+1 (521) 250-4628,info@rapidorderplatform.com,https://rapidorderplatform.com,4807,Boston,US,2026-06-06 06:36:19
2026-06-06,Legal,TidalVerdict Sync,8564164196,hello@tidalverdictsync.co,https://tidalverdictsync.co,84,Columbus,US,2026-06-06 04:55:28
2026-06-06,Medical,WillowClinic Dynamics,(412) 504-0197,info@willowclinicdynamics.com,https://willowclinicdynamics.com,3910,Chicago,US,2026-06-06 05:34:59
2026-06-06,MSP Platform,PivotStack Sphere,(271) 597-5872,sales@pivotstacksphere.co,https://www.pivotstacksphere.co,70,Atlanta,US,2026-06-06 06:45:14
2026-06-06,HR,IronRoster Tech,+17233380848,info@ironrostertech.com,https://ironrostertech.com,364,Chicago,US,2026-06-06 03:01:46
2026-06-06,Legal,Silver DocketCloud,4713724563,info@silverdocketcloud.net,https://silverdocketcloud.net,97,Manchester,UK,2026-06-06 04:57:29
2026-06-06,HR,GraniteTalentLabs,+1 (709) 792-4660,hello@granitetalentlabs.com,https://www.granitetalentlabs.com,857,N/A,US,2026-06-06 02:08:43
2026-06-06,MSP Platform,ZenGrid Solutions,+15562522686,contact@zengridsolutions.com,https://zengridsolutions.com,448,Phoenix,US,2026-06-06 04:50:07
2026-06-06,Medical,KeystoneRxSoft,+19617520041,hello@keystonerxsoft.com,https://www.keystonerxsoft.com,1458,Tampa,US,2026-06-06 05:14:20
2026-06-06,Legal,JuniperClauseBase,+17819868175 ext. 75,hello@juniperclausebase.com,https://www.juniperclausebase.com,476,Atlanta,US,2026-06-06 01:19:13
2026-06-06,MSP Platform,PolarisPatch’s Hub,02703876771,null,https://polarispatchhub.net,12,London,UK,2026-06-06 05:55:25
2026-06-06,MSP Platform,Xenon GridSphere,235-475-3031,info@xenongridsphere.com,https://www.xenongridsphere.com,14,Seattle,US,2026-06-06 05:15:06
2026-06-06,Medical,Rapid CareSystems,8055670882,sales@rapidcaresystems.com,https://www.rapidcaresystems.com,36,Vancouver,CA,2026-06-06 04:21:27
2026-06-06,MSP Platform,Sable StackSystems,836.994.1575,sales@sablestacksystems.com,https://www.sablestacksystems.com,491,Columbus,US,2026-06-06 03:50:42
2026-06-06,Legal,Anchor CaseApp,(775) 286-1067,info@anchorcaseapp.com,https://www.anchorcaseapp.com,14,Singapore,SG,2026-06-06 04:11:34
2026-06-06,LMS,SableTutorHub,621-505-5964,hello@sabletutorhub.io,https://www.sabletutorhub.io,19,Tampa,US,2026-06-06 03:43:11
2026-06-06,MSP Platform,JuniperGridDesk,4596334934,hello@junipergriddesk.com,junipergriddesk.com,12,Phoenix,US,2026-06-06 02:22:44
2026-06-06,LMS,JuniperLearn Platform,605.559.5940,sales@juniperlearnplatform.com,https://www.juniperlearnplatform.com,262,Raleigh,US,2026-06-06 06:51:22
2026-06-06,ERP,FusionPlanSoft,(345) 549-9566,contact@fusionplansoft.com,fusionplansoft.com,21,Denver,US,2026-06-06 04:01:29
2026-06-06,MSP Platform,BrightNet Dynamics,+1 (351) 756-2464,contact@brightnetdynamics.com,https://www.brightnetdynamics.com,7,Atlanta,US,2026-06-06 06:39:36
2026-06-06,HR,PolarisCulture Hub,701-354-3904,info@polarisculturehub.net,https://www.polarisculturehub.net,92,Toronto,CA,2026-06-06 06:09:26
2026-06-06,LMS,NimbusCohort Point,(936) 803-4828 ext. 35,info@nimbuscohortpoint.com,https://www.nimbuscohortpoint.com,271,Leeds,UK,2026-06-06 02:26:42
2026-06-06,ERP,KeystoneStock Tech,+19674262083,sales@keystonestocktech.com,https://www.keystonestocktech.com,37,Calgary,CA,2026-06-06 01:30:34
2026-06-06,HR,PivotCultureSystems,566.742.0176,contact@pivotculturesystems.io,https://www.pivotculturesystems.io,118,Manchester,UK,2026-06-06 02:37:38
2026-06-06,Medical,ZephyrTriage’s Systems,482.228.2231,info@zephyrtriagesystems.net,https://www.zephyrtriagesystems.net,13,Tampa,US,2026-06-06 04:50:13
2026-06-06,ERP,CedarLedgerWorks,6355219791,N/A,https://cedarledgerworks.co,2233,Tampa,US,2026-06-06 05:26:49
2026-06-06,MSP Platform,BrightNetApp,+18616964945,contact@brightnetapp.net,https://brightnetapp.net,45,Raleigh,US,2026-06-06 05:06:08
2026-06-06,HR,Bold TalentHub,1-599-351-5590,info@boldtalenthub.com,https://boldtalenthub.com,237,Amsterdam,NL,2026-06-06 04:01:30
2026-06-06,Medical,NorthVital Soft,+13204584380,sales@northvitalsoft.com,https://www.northvitalsoft.com,157,Manchester,UK,2026-06-06 05:11:25
2026-06-06,ERP,PrimeChainPoint,+12559467450,sales@primechainpoint.com,https://www.primechainpoint.com,50,Dublin,IE,2026-06-06 01:29:33
2026-06-06,Medical,CedarCare Desk,360-649-9566,null,https://cedarcaredesk.com,99,Dublin,IE,2026-06-06 05:50:56
2026-06-06,LMS,ArchTutor Systems,+16646456496,contact@archtutorsystems.com,https://archtutorsystems.com,215,London,UK,2026-06-06 02:17:16
2026-06-06,MSP Platform,Sable RxPlatform,+19246671654,hello@sablerxplatform.com,https://www.sablerxplatform.com,6,Chicago,US,2026-06-06 05:34:54
2026-06-06,MSP Platform,PrimeRemoteSoft,3002426727,info@primeremotesoft.com,https://www.primeremotesoft.com,14,Chicago,US,2026-06-06 04:17:24
2026-06-06,MSP Platform,TidalUptime Tech,+13664254451,hello@tidaluptimetech.co,https://www.tidaluptimetech.co,487,Dublin,IE,2026-06-06 03:21:39
2026-06-06,LMS,VistaCourseHub,960-878-9886,hello@vistacoursehub.co,https://www.vistacoursehub.co,8,Singapore,SG,2026-06-06 05:05:09
2026-06-06,HR,Nimbus PayrollCore,+1 (829) 210-9503,sales@nimbuspayrollcore.com,https://www.nimbuspayrollcore.com,1290,Raleigh,US,2026-06-06 04:21:33
2026-06-06,Legal,Apex DocketDesk,7196090225,null,https://www.apexdocketdesk.com,85,Phoenix,US,2026-06-06 05:30:30
2026-06-06,HR,Alta ShiftPoint,(433) 738-2825,contact@altashiftpoint.io,https://www.altashiftpoint.io,21,Atlanta,US,2026-06-06 03:37:57
2026-06-06,HR,HaloTeam Point,(534) 914-2623,info@haloteampoint.co,https://www.haloteampoint.co,4654,Tampa,US,2026-06-06 06:06:31
2026-06-06,MSP Platform,JuniperEndpointCloud,817-559-5999,sales@juniperendpointcloud.com,https://www.juniperendpointcloud.com,27,Singapore,SG,2026-06-06 02:43:14
2026-06-06,MSP Platform,Alta UptimeSphere,4702983153,sales@altauptimesphere.com,https://www.altauptimesphere.com,194,Pune,IN,2026-06-06 06:09:52
2026-06-06,ERP,MetaStockLabs,294-980-5753,sales@metastocklabs.co,https://www.metastocklabs.co,899,Columbus,US,2026-06-06 02:45:47
2026-06-06,Legal,Ember CompliSphere,5108583426,info@embercomplisphere.com,https://www.embercomplisphere.com,18,Boston,US,2026-06-06 04:55:23
2026-06-06,HR,SilverTeam Soft,649-623-8160,contact@silverteamsoft.com,https://www.silverteamsoft.com,14,Karachi,PK,2026-06-06 03:51:55
2026-06-06,HR,MosaicPayrollLogic,+14573460531,sales@mosaicpayrolllogic.com,https://www.mosaicpayrolllogic.com,100,Austin,US,2026-06-06 03:02:25
2026-06-06,HR,Ember ShiftPlatform,(872) 549-1258,contact@embershiftplatform.com,embershiftplatform.com,11,Phoenix,US,2026-06-06 04:32:21
2026-06-06,Medical,CedarChart Platform,247-509-8309,sales@cedarchartplatform.com,https://cedarchartplatform.com,238,Denver,US,2026-06-06 01:16:27
2026-06-06,MSP Platform,Vista NodeFlow,4577531201,info@vistanodeflow.com,https://www.vistanodeflow.com,895,Phoenix,US,2026-06-06 04:44:45
2026-06-06,MSP Platform,NorthUptime Cloud,415-235-0093,hello@northuptimecloud.com,northuptimecloud.com,72,Phoenix,US,2026-06-06 01:30:03
2026-06-06,MSP Platform,Xenon UptimeSync,+16254874353,sales@xenonuptimesync.com,https://xenonuptimesync.com,607,Munich,DE,2026-06-06 01:22:57
2026-06-06,Legal,OmniMatterLogic,964.962.3532 ext. 12,contact@omnimatterlogic.net,https://www.omnimatterlogic.net,273,Chicago,US,2026-06-06 03:16:43
2026-06-06,MSP Platform,WillowStack Core,+1 (314) 604-3922 ext. 81,contact@willowstackcore.com,https://willowstackcore.com,10,Atlanta,US,2026-06-06 06:59:47
2026-06-06,ERP,Cedar StockFlow,(710) 813-6692,info@cedarstockflow.io,https://www.cedarstockflow.io,398,Hyderabad,IN,2026-06-06 02:44:59
2026-06-06,LMS,RavenMentor Tech,(348) 277-8823,info@ravenmentortech.io,https://www.ravenmentortech.io,15,Chicago,US,2026-06-06 03:36:33
2026-06-06,MSP Platform,Onyx StackBase,295.959.3287,info@onyxstackbase.net,onyxstackbase.net,21,Columbus,US,2026-06-06 03:12:31
2026-06-06,MSP Platform,Apex GridBase,+1 (603) 407-2713,hello@apexgridbase.net,apexgridbase.net,466,Hyderabad,IN,2026-06-06 01:41:29
2026-06-06,Legal,CoreDocket Point,618.429.1018,hello@coredocketpoint.io,https://www.coredocketpoint.io,145,Seattle,US,2026-06-06 06:54:16
2026-06-06,LMS,HaloTutor Soft,315-777-6864,contact@halotutorsoft.io,https://www.halotutorsoft.io,N/A,Boston,US,2026-06-06 04:20:02
2026-06-06,HR,BeaconRoster Cloud,(395) 450-2069,info@beaconrostercloud.io,https://www.beaconrostercloud.io,469,Seattle,US,2026-06-06 01:30:59
2026-06-06,ERP,JuniperResource Base,(515) 602-9889,hello@juniperresourcebase.net,https://juniperresourcebase.net,30,-,US,2026-06-06 02:01:33
2026-06-06,ERP,Tidal StockSuite,4618043288,contact@tidalstocksuite.com,https://www.tidalstocksuite.com,3831,Columbus,US,2026-06-06 02:02:50
2026-06-06,HR,OrbitPeople Hub,912.943.0762 ext. 62,contact@orbitpeoplehub.com,orbitpeoplehub.com,2801,Austin,US,2026-06-06 06:04:10
2026-06-06,Legal,Cedar MatterDynamics,559-827-5280,contact@cedarmatterdynamics.com,cedarmatterdynamics.com,26,Seattle,US,2026-06-06 01:32:08
2026-06-06,HR,KeystoneCulture Works,8054270120,-,https://keystonecultureworks.com,244,null,CA,2026-06-06 02:11:53
2026-06-06,HR,Crest RosterWorks,+12819416872,contact@crestrosterworks.com,https://crestrosterworks.com,43,Amsterdam,NL,2026-06-06 05:39:49
2026-06-06,MSP Platform,Bright Net Manpower Services,2653718281,hello@brightnetmanpowerservices.net,https://www.brightnetmanpowerservices.net,14,Chicago,US,2026-06-06 05:23:56
2026-06-06,ERP,Vertex StockLabs,668-621-1626 ext. 77,sales@vertexstocklabs.com,https://vertexstocklabs.com,108,Chicago,US,2026-06-06 06:39:48
2026-06-06,Medical,GraniteRxTech,8258208319,sales@graniterxtech.com,https://www.graniterxtech.com,411,London,UK,2026-06-06 04:43:16
2026-06-06,MSP Platform,Lattice Patch Consultants,+1 (664) 735-7172,sales@latticepatchconsultants.com,https://www.latticepatchconsultants.com,36,Sydney,AU,2026-06-06 01:19:58
2026-06-06,MSP Platform,Halo StackWorks,(415) 813-7248 ext. 12,info@halostackworks.com,https://halostackworks.com,35,Austin,US,2026-06-06 05:29:04
2026-06-06,Medical,NovaTriageSuite,+17862029260,sales@novatriagesuite.co,https://www.novatriagesuite.co,19,Austin,US,2026-06-06 04:40:37
2026-06-06,HR,GraniteOnboard Cloud,816-747-4246,hello@graniteonboardcloud.co,https://www.graniteonboardcloud.co,7,Tampa,US,2026-06-06 01:17:43
2026-06-06,Medical,KeystoneVitalLogic,+15525188624,hello@keystonevitallogic.io,https://keystonevitallogic.io,29,Raleigh,US,2026-06-06 06:05:13
2026-06-06,HR,BeaconOnboard Desk,440-526-0277,contact@beacononboarddesk.com,https://www.beacononboarddesk.com,17,Boston,US,2026-06-06 05:52:59
2026-06-06,MSP Platform,Omni StackLabs,+15606930409,sales@omnistacklabs.com,https://omnistacklabs.com,248,Raleigh,US,2026-06-06 03:34:44
2026-06-06,Legal,CoreFiling Dynamics,839-650-7084,hello@corefilingdynamics.com,https://corefilingdynamics.com,88,Raleigh,US,2026-06-06 06:32:51
2026-06-06,MSP Platform,GraniteTicketBase,+14589567907,sales@graniteticketbase.com,https://www.graniteticketbase.com,55,Phoenix,US,2026-06-06 06:11:10
2026-06-06,ERP,NimbusLedgerTech,775-654-0902,null,https://www.nimbusledgertech.com,68,Toronto,CA,2026-06-06 06:21:17
2026-06-06,ERP,Solid OpsWorks,+15572446294,sales@solidopsworks.com,https://solidopsworks.com,48,Boston,US,2026-06-06 05:57:10
2026-06-06,MSP Platform,Xenon TicketCloud,+18814895703,contact@xenonticketcloud.io,https://www.xenonticketcloud.io,138,Denver,US,2026-06-06 02:03:47
2026-06-06,Legal,Omni FilingSolutions,955-606-8804,sales@omnifilingsolutions.com,https://www.omnifilingsolutions.com,77,Leeds,UK,2026-06-06 03:26:39
2026-06-06,Medical,TidalMedSync,(904) 869-0862,hello@tidalmedsync.net,https://www.tidalmedsync.net,482,Atlanta,US,2026-06-06 06:02:37
2026-06-06,Medical,Velo VitalTech,553-670-2975,info@velovitaltech.net,https://www.velovitaltech.net,92,Boston,US,2026-06-06 02:04:57
2026-06-06,Legal,Sable FilingSystems,+18145586738,sales@sablefilingsystems.net,sablefilingsystems.net,79,Pune,IN,2026-06-06 06:22:12
2026-06-06,Medical,BoldCare Works,+1 (594) 523-4304,hello@boldcareworks.com,https://boldcareworks.com,363,Tampa,US,2026-06-06 06:43:35
2026-06-06,MSP Platform,Rapid GridCore,(511) 917-8310,hello@rapidgridcore.com,https://www.rapidgridcore.com,36,Denver,US,2026-06-06 05:01:38
2026-06-06,ERP,GraniteOrder Works,265-550-1447,info@graniteorderworks.io,https://www.graniteorderworks.io,7,Karachi,PK,2026-06-06 04:45:53
2026-06-06,Medical,Nimbus MedHub,639-243-3025,sales@nimbusmedhub.com,https://www.nimbusmedhub.com,189,Phoenix,US,2026-06-06 06:39:19
2026-06-06,Medical,Ember PatientDynamics,+16072001641,contact@emberpatientdynamics.io,emberpatientdynamics.io,3441,Austin,US,2026-06-06 05:59:07
2026-06-06,MSP Platform,Iron NodeSoft,867-737-5582,contact@ironnodesoft.com,https://www.ironnodesoft.com,5,Raleigh,US,2026-06-06 02:32:22
2026-06-06,Medical,HaloPulse Hub,06868495273,info@halopulsehub.net,https://halopulsehub.net,23,Chicago,US,2026-06-06 01:41:08
2026-06-06,Medical,CoreChartSystems,1-498-569-4411,sales@corechartsystems.com,corechartsystems.com,99,N/A,US,2026-06-06 02:51:10
2026-06-06,ERP,TidalOpsPoint,276.565.5978,N/A,tidalopspoint.io,660,Boston,US,2026-06-06 06:23:42
2026-06-06,ERP,CobaltForgeSystems,+1 (891) 247-6359,info@cobaltforgesystems.com,https://www.cobaltforgesystems.com,207,Atlanta,US,2026-06-06 01:19:06
2026-06-06,ERP,CedarFin Point,(875) 922-5130,hello@cedarfinpoint.io,https://www.cedarfinpoint.io,8,Seattle,US,2026-06-06 05:21:52
2026-06-06,HR,NorthTalent Hub,982-402-3397,info@northtalenthub.com,https://northtalenthub.com,230,Austin,US,2026-06-06 02:09:14
2026-06-06,ERP,Bold FinTech,(777) 213-6033,info@boldfintech.com,boldfintech.com,368,Boston,US,2026-06-06 05:21:33
2026-06-06,HR,Willow OnboardHub,+1 (930) 886-2866,info@willowonboardhub.com,https://www.willowonboardhub.com,221,Boston,US,2026-06-06 03:31:16
2026-06-06,Legal,CrownVérdict Solutions,559-293-1602,contact@crownverdictsolutions.com,https://www.crownverdictsolutions.com,215,Munich,DE,2026-06-06 04:35:09
2026-06-06,Medical,IronClinicPlatform,620.796.9323,hello@ironclinicplatform.com,ironclinicplatform.com,10,Phoenix,US,2026-06-06 02:45:23
2026-06-06,HR,BrightShift Works,+14705866608,contact@brightshiftworks.com,brightshiftworks.com,37,Columbus,US,2026-06-06 01:26:54
2026-06-06,HR,AltaShift Cloud,+1 (730) 905-8384,info@altashiftcloud.io,https://www.altashiftcloud.io,78,Boston,US,2026-06-06 03:45:24
2026-06-06,Medical,HarborRxCloud,+19392648847,sales@harborrxcloud.net,https://www.harborrxcloud.net,1792,Denver,US,2026-06-06 05:18:46
2026-06-06,MSP Platform,MetaUptime Point,(239) 630-3186,hello@metauptimepoint.com,https://www.metauptimepoint.com,62,Raleigh,US,2026-06-06 01:46:15
2026-06-06,ERP,BrightStock Sphere,+17798754539,info@brightstocksphere.com,brightstocksphere.com,-,Pune,IN,2026-06-06 05:47:33
2026-06-06,ERP,Omni OpsPoint,1-579-688-9745,hello@omniopspoint.io,https://www.omniopspoint.io,51,Karachi,PK,2026-06-06 04:31:52
2026-06-06,HR,Delta PerformCloud,502-432-5391,hello@deltaperformcloud.com,https://deltaperformcloud.com,8,Sydney,AU,2026-06-06 01:20:41
2026-06-06,ERP,RapidOps App,(721) 680-2101,sales@rapidopsapp.net,https://www.rapidopsapp.net,256,Amsterdam,NL,2026-06-06 06:39:39
2026-06-06,MSP Platform,Quantum StackPlatform,657-826-8581,contact@quantumstackplatform.co,https://www.quantumstackplatform.co,19,Lahore,PK,2026-06-06 03:34:15
2026-06-06,Medical,Harbor CarePlatform,6084852639,info@harborcareplatform.com,https://www.harborcareplatform.com,2569,Manchester,UK,2026-06-06 02:46:56
2026-06-06,MSP Platform,OrbitGrid Hub,5955793580 ext. 48,sales@orbitgridhub.co,https://www.orbitgridhub.co,23,Columbus,US,2026-06-06 02:40:56
2026-06-06,HR,Orbit PerformSync,+18162365031,contact@orbitperformsync.com,https://www.orbitperformsync.com,9,Vancouver,CA,2026-06-06 04:32:56
2026-06-06,Medical,Sable HealthFlow,4122150188,info@sablehealthflow.io,https://www.sablehealthflow.io,18,Toronto,CA,2026-06-06 01:55:45
2026-06-06,ERP,Xenon BatchPlatform,514.495.6646,hello@xenonbatchplatform.io,https://www.xenonbatchplatform.io,7,Dublin,IE,2026-06-06 03:07:47
2026-06-06,ERP,Cobalt BatchSoft,+12725941751,hello@cobaltbatchsoft.com,https://www.cobaltbatchsoft.com,436,Manchester,UK,2026-06-06 03:23:48
2026-06-06,ERP,Blue Batch Consulting Group,374-704-2127,info@bluebatchconsultinggroup.co,https://www.bluebatchconsultinggroup.co,94,Atlanta,US,2026-06-06 03:32:33
2026-06-06,MSP Platform,HarborStackApp,(847) 321-5075,info@harborstackapp.co,https://harborstackapp.co,187,Phoenix,US,2026-06-06 02:50:21
2026-06-06,HR,BluePayrollDynamics,380-226-8848,info@bluepayrolldynamics.com,https://www.bluepayrolldynamics.com,160,Boston,US,2026-06-06 03:49:18
2026-06-06,MSP Platform,EmberNode Systems,+15773224350,contact@embernodesystems.io,https://www.embernodesystems.io,40,Singapore,SG,2026-06-06 04:40:49
2026-06-06,HR,Vertex PerformSphere,(213) 417-6182,contact@vertexperformsphere.com,https://vertexperformsphere.com,84,Phoenix,US,2026-06-06 01:03:17
2026-06-06,Legal,NorthCounselHub,472.232.0924,info@northcounselhub.com,northcounselhub.com,44,Singapore,SG,2026-06-06 05:23:29
2026-06-06,HR,Sable TalentDynamics,(421) 889-0605,contact@sabletalentdynamics.com,https://www.sabletalentdynamics.com,465,Phoenix,US,2026-06-06 02:40:17
2026-06-06,Medical,Ridgeway CareTech,03859626397,sales@ridgewaycaretech.com,https://www.ridgewaycaretech.com,31,Amsterdam,NL,2026-06-06 01:39:10
2026-06-06,Legal,RidgewayVerdictBase,2857221461,contact@ridgewayverdictbase.io,https://ridgewayverdictbase.io,3794,Manchester,UK,2026-06-06 02:13:33
2026-06-06,ERP,TidalLedger Tech,698.582.0438,sales@tidalledgertech.com,https://www.tidalledgertech.com,36,Tampa,US,2026-06-06 06:49:15
2026-06-06,Medical,BrightHealth Solutions,525-839-6761,info@brighthealthsolutions.net,https://www.brighthealthsolutions.net,11,Raleigh,US,2026-06-06 05:49:54
2026-06-06,Medical,DeltaCareDesk,678-825-2219,hello@deltacaredesk.com,https://www.deltacaredesk.com,42,Columbus,US,2026-06-06 03:54:17
2026-06-06,MSP Platform,True TicketPoint,(413) 322-5924,sales@trueticketpoint.net,trueticketpoint.net,22,Boston,US,2026-06-06 01:51:23
2026-06-06,HR,Fusion TalentTech,+18893333220,contact@fusiontalenttech.com,https://www.fusiontalenttech.com,40,Melbourne,AU,2026-06-06 04:43:04
2026-06-06,ERP,Clear’s ChainPlatform,1-468-645-1329,info@clearchainplatform.com,https://www.clearchainplatform.com,8,Columbus,US,2026-06-06 03:28:58
2026-06-06,HR,CrestBenefitHub,240.934.7820 ext. 72,hello@crestbenefithub.com,https://www.crestbenefithub.com,33,Toronto,CA,2026-06-06 04:42:20
2026-06-06,MSP Platform,HaloNetHub,953-346-7093,contact@halonethub.com,https://www.halonethub.com,89,Tampa,US,2026-06-06 02:48:54
2026-06-06,ERP,Ember’s PlanSync,370-970-2280,info@emberplansync.com,https://www.emberplansync.com,34,N/A,UK,2026-06-06 02:22:58
2026-06-06,MSP Platform,Cedar NodeSolutions,(569) 333-3198,sales@cedarnodesolutions.com,cedarnodesolutions.com,14,Raleigh,US,2026-06-06 02:21:20
2026-06-06,ERP,Sable ChainFlow,+1 (349) 858-1650 ext. 23,sales@sablechainflow.io,sablechainflow.io,88,Vancouver,CA,2026-06-06 04:17:22
2026-06-06,ERP,CrestStockHub,(909) 242-8763,contact@creststockhub.com,creststockhub.com,84,Atlanta,US,2026-06-06 02:31:43
2026-06-06,ERP,HarborFin Tech,556-339-1626,contact@harborfintech.com,https://harborfintech.com,246,Bengaluru,IN,2026-06-06 06:19:51
2026-06-06,Legal,Polaris CompliSphere,8798379453,contact@polariscomplisphere.com,polariscomplisphere.com,42,Phoenix,US,2026-06-06 03:00:12
2026-06-06,Medical,NovaMedSolutions,393.920.0178,contact@novamedsolutions.com,https://novamedsolutions.com,97,Tampa,US,2026-06-06 04:12:10
2026-06-06,Medical,Willow VitalSphere,4853380280,contact@willowvitalsphere.com,https://willowvitalsphere.com,11,Atlanta,US,2026-06-06 02:44:41
2026-06-06,HR,EmberCulture Labs,241-790-0963,contact@emberculturelabs.com,emberculturelabs.com,22,London,UK,2026-06-06 04:20:14
2026-06-06,ERP,GoldenLedgerApp,(527) 814-2778,contact@goldenledgerapp.com,https://goldenledgerapp.com,58,Denver,US,2026-06-06 06:17:40
2026-06-06,HR,Cedar TalentLabs,+18869276544,info@cedartalentlabs.com,https://www.cedartalentlabs.com,3134,Islamabad,PK,2026-06-06 03:06:36
2026-06-06,Medical,QuantumCare Suite,520-432-0061,hello@quantumcaresuite.com,https://www.quantumcaresuite.com,21,Austin,US,2026-06-06 03:11:09
2026-06-06,MSP Platform,PioneerEndpointCore,1-450-844-2043,info@pioneerendpointcore.com,https://www.pioneerendpointcore.com,14,Melbourne,AU,2026-06-06 03:02:59
2026-06-06,Medical,PolarisVitalDesk,8243231320 ext. 35,info@polarisvitaldesk.com,polarisvitaldesk.com,229,Hyderabad,IN,2026-06-06 01:34:00
2026-06-06,Legal,BoldMatter Labs,8695886450,contact@boldmatterlabs.com,https://www.boldmatterlabs.com,35,Austin,US,2026-06-06 04:24:53
2026-06-06,ERP,OmniBatchWorks,(871) 570-8397,hello@omnibatchworks.com,https://www.omnibatchworks.com,6,Dublin,IE,2026-06-06 02:54:39
2026-06-06,ERP,Polaris BatchLabs,394-889-9917,contact@polarisbatchlabs.io,https://www.polarisbatchlabs.io,162,Singapore,SG,2026-06-06 04:02:18
2026-06-06,Legal,BlueCounsel Sync,817.955.0990,contact@bluecounselsync.com,https://bluecounselsync.com,34,Pune,IN,2026-06-06 06:46:45
2026-06-06,HR,RidgeShiftCore,1-594-498-0533,contact@ridgeshiftcore.com,https://www.ridgeshiftcore.com,21,Hyderabad,IN,2026-06-06 02:02:49
2026-06-06,HR,Keystone CultureSoft,+13269960879,info@keystoneculturesoft.co,https://www.keystoneculturesoft.co,93,Atlanta,US,2026-06-06 04:38:11
2026-06-06,HR,LatticeOnboardPlatform,+18635916864,N/A,https://latticeonboardplatform.io,-,Raleigh,US,2026-06-06 01:28:14
2026-06-06,Medical,Harbor TriageSoft,(697) 314-5336,hello@harbortriagesoft.com,https://www.harbortriagesoft.com,38,Singapore,SG,2026-06-06 02:14:01
2026-06-06,HR,CedarPayroll Tech,6109480799 ext. 58,sales@cedarpayrolltech.com,https://cedarpayrolltech.com,838,Austin,US,2026-06-06 02:55:33
2026-06-06,ERP,Velo OpsDesk,2018429197 ext. 64,info@veloopsdesk.co,https://www.veloopsdesk.co,15,Columbus,US,2026-06-06 05:19:42
2026-06-06,HR,Quartz PeopleApp,(211) 635-4377,sales@quartzpeopleapp.com,https://quartzpeopleapp.com,13,Lahore,PK,2026-06-06 01:58:58
2026-06-06,MSP Platform,RapidPatch Works,5918202328,hello@rapidpatchworks.com,https://www.rapidpatchworks.com,429,Columbus,US,2026-06-06 06:40:05
2026-06-06,Legal,BlueVerdict Hub,933-298-5531,sales@blueverdicthub.com,https://www.blueverdicthub.com,239,Dublin,IE,2026-06-06 01:07:20
2026-06-06,Legal,PrimeMatter Base,(973) 365-8286,info@primematterbase.com,https://www.primematterbase.com,5,Islamabad,PK,2026-06-06 06:31:48
2026-06-06,MSP Platform,DeltaGrid Flow,04219817164,sales@deltagridflow.com,https://deltagridflow.com,1455,Chicago,US,2026-06-06 03:41:10
2026-06-06,HR,PrimePerformDesk,+18558352962,sales@primeperformdesk.io,https://www.primeperformdesk.io,13,Denver,US,2026-06-06 01:26:51
2026-06-06,Legal,ArchFilingBase,242-834-9075,sales@archfilingbase.io,https://archfilingbase.io,77,Chicago,US,2026-06-06 06:31:40
2026-06-06,ERP,Nova StockCore,955-744-7146,contact@novastockcore.com,https://www.novastockcore.com,110,Munich,DE,2026-06-06 04:43:31
2026-06-06,HR,Vista PeopleBase,3043415363,contact@vistapeoplebase.co,https://vistapeoplebase.co,802,Atlanta,US,2026-06-06 06:06:00
2026-06-06,ERP,BeaconBatchWorks,935-381-2308,sales@beaconbatchworks.com,https://www.beaconbatchworks.com,89,Raleigh,US,2026-06-06 04:53:28
2026-06-06,HR,Juniper TeamCore,08938289923,sales@juniperteamcore.com,juniperteamcore.com,47,Seattle,US,2026-06-06 06:05:55
2026-06-06,HR,AltaTeamSystems,7579916859,hello@altateamsystems.net,https://www.altateamsystems.net,30,Munich,DE,2026-06-06 06:50:03
2026-06-06,HR,RidgeTeamSuite,700-448-9720,sales@ridgeteamsuite.com,https://ridgeteamsuite.com,7,Toronto,CA,2026-06-06 06:46:30
2026-06-06,LMS,VertexCourseSystems,+17785414278,sales@vertexcoursesystems.io,https://www.vertexcoursesystems.io,230,Denver,US,2026-06-06 06:15:24
2026-06-06,Legal,NovaBriefSphere,8097583358,contact@novabriefsphere.com,https://www.novabriefsphere.com,343,Amsterdam,NL,2026-06-06 01:32:18
2026-06-06,HR,Granite RosterSystems,1-965-621-4758,info@graniterostersystems.com,https://graniterostersystems.com,424,Bengaluru,IN,2026-06-06 03:12:58
2026-06-06,MSP Platform,PioneerEndpoint Tech,234.743.0246,hello@pioneerendpointtech.com,https://pioneerendpointtech.com,5,Austin,US,2026-06-06 06:28:58
2026-06-06,MSP Platform,Prime TicketApp,902-462-2731,hello@primeticketapp.net,https://www.primeticketapp.net,13,Singapore,SG,2026-06-06 02:17:27
2026-06-06,HR,Bright BenefitSoft,+17604968606,info@brightbenefitsoft.io,https://www.brightbenefitsoft.io,77,Vancouver,CA,2026-06-06 01:09:48
2026-06-06,Legal,AtlasCompli Desk,350-410-1738,info@atlascomplidesk.com,https://www.atlascomplidesk.com,25,Phoenix,US,2026-06-06 06:39:47
2026-06-06,HR,PivotTalentWorks’s,7028341429,info@pivottalentworks.com,https://www.pivottalentworks.com,2521,Atlanta,US,2026-06-06 02:22:55
2026-06-06,HR,Atlas RosterSphere,2706733901 ext. 24,info@atlasrostersphere.net,https://www.atlasrostersphere.net,316,Calgary,CA,2026-06-06 06:16:23
2026-06-06,Medical,ZenHealth Systems,+17848170891,sales@zenhealthsystems.com,https://zenhealthsystems.com,28,Columbus,US,2026-06-06 06:58:13
2026-06-06,Medical,ApexRx Sphere,(407) 751-5858,contact@apexrxsphere.com,apexrxsphere.com,285,Sydney,AU,2026-06-06 05:05:22
2026-06-06,ERP,LatticeStockCloud,+13405393364,info@latticestockcloud.net,https://latticestockcloud.net,39,Seattle,US,2026-06-06 06:25:12
2026-06-06,Legal,Quantum MatterBase,(316) 477-3979,contact@quantummatterbase.com,https://www.quantummatterbase.com,67,Chicago,US,2026-06-06 04:53:05
2026-06-06,ERP,Solid ForgeSphere,+19697797773,info@solidforgesphere.co,https://www.solidforgesphere.co,112,Phoenix,US,2026-06-06 05:48:20
2026-06-06,Legal,RapidClause Sync,7719801311,hello@rapidclausesync.co,https://rapidclausesync.co,559,Vancouver,CA,2026-06-06 05:18:19
2026-06-06,ERP,LatticeOrder Soft,453-319-6862,info@latticeordersoft.co,latticeordersoft.co,48,Munich,DE,2026-06-06 05:43:45
2026-06-06,Legal,PrimeFilingSphere,(463) 868-7984,info@primefilingsphere.io,primefilingsphere.io,163,Atlanta,US,2026-06-06 01:18:57
2026-06-06,LMS,Meta TrainSync,+1 (823) 852-5645,info@metatrainsync.io,https://www.metatrainsync.io,248,Atlanta,US,2026-06-06 01:05:09
2026-06-06,Medical,HarborVitalFlow,(342) 777-1297,sales@harborvitalflow.io,https://www.harborvitalflow.io,3069,Atlanta,US,2026-06-06 05:14:46
2026-06-06,Legal,NorthLaw Suite,(722) 402-8596,hello@northlawsuite.io,https://www.northlawsuite.io,7,Singapore,SG,2026-06-06 06:51:43
2026-06-06,Medical,RidgewayHealthSolutions’s,904.288.0702,sales@ridgewayhealthsolutions.com,https://ridgewayhealthsolutions.com,202,Phoenix,US,2026-06-06 04:01:25
2026-06-06,ERP,Juniper LedgerSolutions,4556356174,-,https://juniperledgersolutions.com,32,Seattle,US,2026-06-06 02:58:31
2026-06-06,ERP,AnchorBatch Solutions,8385919080,info@anchorbatchsolutions.io,https://anchorbatchsolutions.io,841,Bengaluru,IN,2026-06-06 05:16:00
2026-06-06,HR,IndigoOnboard Labs,+12452422382,sales@indigoonboardlabs.com,https://indigoonboardlabs.com,236,Atlanta,US,2026-06-06 02:58:57
2026-06-06,Legal,RidgewayLawHub,(817) 256-0309,sales@ridgewaylawhub.io,https://www.ridgewaylawhub.io,33,Leeds,UK,2026-06-06 05:40:16
2026-06-06,HR,Mosaic PeopleFlow,7704925582,info@mosaicpeopleflow.com,https://www.mosaicpeopleflow.com,166,Raleigh,US,2026-06-06 05:29:31
2026-06-06,Legal,GraniteLawSoft,392-694-4278,sales@granitelawsoft.io,https://www.granitelawsoft.io,28,Chicago,US,2026-06-06 04:24:03
2026-06-06,HR,Nova CulturePoint,+19239415415,info@novaculturepoint.com,https://www.novaculturepoint.com,9999999,Tampa,US,2026-06-06 02:26:41
2026-06-06,Medical,GoldenPulse Base,(559) 274-1320 ext. 40,info@goldenpulsebase.com,https://goldenpulsebase.com,6,Boston,US,2026-06-06 04:44:37
2026-06-06,Medical,True PatientHub,452-349-7714,hello@truepatienthub.com,https://truepatienthub.com,13,Bengaluru,IN,2026-06-06 03:37:18
2026-06-06,MSP Platform,KeystoneNetSoft,655-518-9799,info@keystonenetsoft.com,https://keystonenetsoft.com,43,Chicago,US,2026-06-06 04:41:06
2026-06-06,ERP,HarborOrderWorks,(714) 619-8296,sales@harbororderworks.com,https://www.harbororderworks.com,,Toronto,CA,2026-06-06 02:16:22
2026-06-06,HR,NovaCulturePlatform,(553) 967-5295,contact@novacultureplatform.com,https://www.novacultureplatform.com,39,Seattle,US,2026-06-06 04:41:10
2026-06-06,LMS,QuartzMentorApp,(356) 203-7292,hello@quartzmentorapp.com,https://www.quartzmentorapp.com,96,Atlanta,US,2026-06-06 05:36:27
2026-06-06,Legal,IronVerdictPoint,7555310234,info@ironverdictpoint.com,https://www.ironverdictpoint.com,1632,Phoenix,US,2026-06-06 01:30:52
2026-06-06,HR,OmniCultureSoft,729-370-9147,hello@omniculturesoft.com,https://omniculturesoft.com,47,Toronto,CA,2026-06-06 06:26:57
2026-06-06,Medical,RidgePatient Systems,677.552.2305,hello@ridgepatientsystems.com,https://www.ridgepatientsystems.com,29,Chicago,US,2026-06-06 02:31:26
2026-06-06,Medical,MosaicCare Hub,1-642-240-3209,sales@mosaiccarehub.co,https://www.mosaiccarehub.co,7,Denver,US,2026-06-06 03:40:48
2026-06-06,HR,Quartz CultureLabs,(375) 991-1862,info@quartzculturelabs.com,https://www.quartzculturelabs.com,392,Seattle,US,2026-06-06 04:42:05
2026-06-06,HR,Zen’s CultureApp,+12548477137,sales@zencultureapp.com,https://www.zencultureapp.com,5,Boston,US,2026-06-06 01:22:44
2026-06-06,HR,Keystone PeopleSoft,02604390596,hello@keystonepeoplesoft.com,keystonepeoplesoft.com,38,Hyderabad,IN,2026-06-06 06:07:35
2026-06-06,Legal,QuantumCounselPoint,813-239-4318,contact@quantumcounselpoint.com,https://www.quantumcounselpoint.com,5,Chicago,US,2026-06-06 02:46:44
2026-06-06,Legal,CedarClauseSolutions,264-885-3830,contact@cedarclausesolutions.co,https://www.cedarclausesolutions.co,11,Atlanta,US,2026-06-06 03:18:01
2026-06-06,MSP Platform,NimbusTicketSphere,340-548-8468,contact@nimbusticketsphere.com,https://www.nimbusticketsphere.com,196,Pune,IN,2026-06-06 06:01:00
2026-06-06,ERP,CrownChainSuite,+12524100432,contact@crownchainsuite.com,crownchainsuite.com,732,London,UK,2026-06-06 05:02:10
2026-06-06,ERP,AnchorBatch App,514.310.8396,contact@anchorbatchapp.io,https://www.anchorbatchapp.io,299,Seattle,US,2026-06-06 02:41:26
2026-06-06,Medical,Lattice CareDesk,+19183150611,-,https://latticecaredesk.com,762,Leeds,UK,2026-06-06 01:45:06
2026-06-06,HR,AltaPeopleBase,+1 (366) 317-3351,info@altapeoplebase.com,altapeoplebase.com,32,Hyderabad,IN,2026-06-06 06:17:25
2026-06-06,Medical,Meta VitalCloud,1-853-661-7870 ext. 38,sales@metavitalcloud.com,https://metavitalcloud.com,136,Hyderabad,IN,2026-06-06 04:10:35
2026-06-06,MSP Platform,Ridge TicketPoint,532-394-5567,contact@ridgeticketpoint.io,https://www.ridgeticketpoint.io,43,Denver,US,2026-06-06 05:39:11
2026-06-06,LMS,RavenLearn Labs,09734057827,info@ravenlearnlabs.io,https://ravenlearnlabs.io,31,Tampa,US,2026-06-06 05:04:57
2026-06-06,HR,PioneerPeople Desk,(666) 806-7795,info@pioneerpeopledesk.com,https://www.pioneerpeopledesk.com,13,Denver,US,2026-06-06 02:38:10
2026-06-06,ERP,BlueOpsLogic,274-773-8379,info@blueopslogic.com,https://www.blueopslogic.com,2133,Denver,US,2026-06-06 03:47:46
2026-06-06,LMS,XenonLessonDynamics,538-606-5959,info@xenonlessondynamics.com,https://www.xenonlessondynamics.com,81,Tampa,US,2026-06-06 01:27:32
2026-06-06,MSP Platform,Bright TicketCloud,3855341030,info@brightticketcloud.com,https://www.brightticketcloud.com,2142,Columbus,US,2026-06-06 02:14:08
2026-06-06,Legal,Blue DocketTech,801.743.0281,info@bluedockettech.co,https://bluedockettech.co,12,London,UK,2026-06-06 06:47:43
2026-06-06,ERP,BrightForgeHub,(968) 492-1312,sales@brightforgehub.io,https://www.brightforgehub.io,11,Amsterdam,NL,2026-06-06 04:29:27
2026-06-06,MSP Platform,Iron PatchSystems,6285946419,contact@ironpatchsystems.com,https://ironpatchsystems.com,226,Columbus,US,2026-06-06 06:05:05
2026-06-06,HR,ArchCultureDesk,(887) 481-1798,contact@archculturedesk.com,https://www.archculturedesk.com,485,Atlanta,US,2026-06-06 01:20:30
2026-06-06,Medical,Xenon VitalApp,+15083223511,info@xenonvitalapp.com,https://www.xenonvitalapp.com,203,Phoenix,US,2026-06-06 03:39:15
2026-06-06,MSP Platform,Crest MonitorDynamics,(882) 611-9167,hello@crestmonitordynamics.io,https://www.crestmonitordynamics.io,12,Boston,US,2026-06-06 05:58:39
2026-06-06,Legal,Xenon Filing BPO Services,+18942425591,contact@xenonfilingbposervices.com,https://www.xenonfilingbposervices.com,6,Singapore,SG,2026-06-06 04:40:30
2026-06-06,MSP Platform,NorthMonitor Labs,650.990.4708,contact@northmonitorlabs.co,https://northmonitorlabs.co,54,Austin,US,2026-06-06 05:55:41
2026-06-06,ERP,DeltaForgeSolutions,+17315649373,sales@deltaforgesolutions.io,https://www.deltaforgesolutions.io,128,Tampa,US,2026-06-06 04:01:02
2026-06-06,MSP Platform,DeltaMonitorSync,+13979260072,contact@deltamonitorsync.net,deltamonitorsync.net,7,Columbus,US,2026-06-06 02:42:45
2026-06-06,HR,OmniTalent Base,5304516294,contact@omnitalentbase.com,https://omnitalentbase.com,9,Vancouver,CA,2026-06-06 02:32:59
2026-06-06,HR,ZephyrCulturePoint,+1 (379) 943-6058,info@zephyrculturepoint.com,https://www.zephyrculturepoint.com,205,Vancouver,CA,2026-06-06 03:00:12
2026-06-06,Legal,VeloClinic Logic,06094753660,contact@velocliniclogic.com,https://www.velocliniclogic.com,13,Manchester,UK,2026-06-06 01:11:33
2026-06-06,HR,SummitBenefit Works,+1 (881) 963-3670,-,https://www.summitbenefitworks.com,460,Austin,US,2026-06-06 06:08:24
2026-06-06,ERP,Mosaic FinApp,+1 (867) 323-6371,hello@mosaicfinapp.net,https://www.mosaicfinapp.net,11,Singapore,SG,2026-06-06 02:08:00
2026-06-06,ERP,ZenOps Cloud,449-936-8014,sales@zenopscloud.co,https://zenopscloud.co,477,Austin,US,2026-06-06 04:31:03
2026-06-06,HR,Fusion CultureWorks,(336) 253-4189 ext. 70,hello@fusioncultureworks.com,fusioncultureworks.com,12,Raleigh,US,2026-06-06 01:00:14
2026-06-06,HR,Willow VitalWorks,643-744-6638,info@willowvitalworks.com,https://www.willowvitalworks.com,528,Denver,US,2026-06-06 01:20:54
2026-06-06,ERP,MosaicBatch Tech,+19212914246 ext. 5,hello@mosaicbatchtech.com,https://www.mosaicbatchtech.com,10,Boston,US,2026-06-06 05:10:49
2026-06-06,ERP,TrueOrder Cloud,(450) 217-4264,sales@trueordercloud.co,https://www.trueordercloud.co,79,Phoenix,US,2026-06-06 02:36:31
2026-06-06,LMS,JuniperLearnLogic,1-585-569-6021,contact@juniperlearnlogic.co,https://www.juniperlearnlogic.co,null,Seattle,US,2026-06-06 01:28:18
2026-06-06,Medical,BrightRx Soft,1-606-725-7597,info@brightrxsoft.io,brightrxsoft.io,38,Denver,US,2026-06-06 06:58:59
2026-06-06,HR,RidgewayOnboardSolutions,+17367160466 ext. 66,contact@ridgewayonboardsolutions.com,ridgewayonboardsolutions.com,445,Atlanta,US,2026-06-06 02:18:27
2026-06-06,Medical,QuartzPatientHub,5835096970 ext. 92,info@quartzpatienthub.com,https://www.quartzpatienthub.com,808,Denver,US,2026-06-06 04:15:21
2026-06-06,LMS,OmniTutor Desk,777-567-4666,hello@omnitutordesk.io,https://www.omnitutordesk.io,16,Tampa,US,2026-06-06 04:08:19
2026-06-06,Legal,LumenCase Works,7163575896,hello@lumencaseworks.com,https://lumencaseworks.com,730,Columbus,US,2026-06-06 03:28:31
2026-06-06,Medical,GraniteRxSolutions,(290) 894-8507,hello@graniterxsolutions.com,https://graniterxsolutions.com,8,Seattle,US,2026-06-06 02:29:55
2026-06-06,Medical,IndigoChartSystems,947.426.7666,hello@indigochartsystems.com,https://www.indigochartsystems.com,212,Calgary,CA,2026-06-06 01:14:48
2026-06-06,Medical,VistaForge Sphere,+12278264136,sales@vistaforgesphere.io,vistaforgesphere.io,85,Chicago,US,2026-06-06 02:28:35
2026-06-06,HR,Velo OnboardSolutions,(289) 433-9819,info@veloonboardsolutions.co,https://www.veloonboardsolutions.co,19,Hyderabad,IN,2026-06-06 06:38:07
2026-06-06,HR,NovaRoster’s Solutions,1-373-683-4177,hello@novarostersolutions.io,https://novarostersolutions.io,99,Toronto,CA,2026-06-06 05:45:10
2026-06-06,Medical,QuartzMed Point,3178610933,null,quartzmedpoint.net,3160,Austin,US,2026-06-06 04:33:25
2026-06-06,MSP Platform,TidalTicket Base,+18492227504 ext. 58,null,https://www.tidalticketbase.com,106,Seattle,US,2026-06-06 01:30:46
2026-06-06,Legal,PolarisClauseSuite,+1 (274) 847-6844,hello@polarisclausesuite.net,https://polarisclausesuite.net,N/A,Austin,US,2026-06-06 06:45:43
2026-06-06,Legal,ZenVerdict Solutions,1-653-292-2579,hello@zenverdictsolutions.com,https://www.zenverdictsolutions.com,54,Atlanta,US,2026-06-06 05:47:27
2026-06-06,MSP Platform,ArchStack App,(846) 480-6128,hello@archstackapp.com,archstackapp.com,11,Seattle,US,2026-06-06 05:25:42
2026-06-06,Medical,VistaRx Core,318-912-8645,hello@vistarxcore.com,https://vistarxcore.com,82,Calgary,CA,2026-06-06 06:40:51
2026-06-06,Legal,Bright VerdictTech,+1 (806) 362-4486,info@brightverdicttech.io,https://www.brightverdicttech.io,32,Phoenix,US,2026-06-06 06:51:55
2026-06-06,Medical,WillowHealthWorks,934-781-4889,contact@willowhealthworks.io,https://willowhealthworks.io,12,Phoenix,US,2026-06-06 06:09:05
2026-06-06,MSP Platform,Raven RemoteSuite,687.366.1152,hello@ravenremotesuite.net,https://ravenremotesuite.net,850,Phoenix,US,2026-06-06 02:29:51
2026-06-06,ERP,Bold StockCloud,530-630-0269,hello@boldstockcloud.co,https://boldstockcloud.co,16,Chicago,US,2026-06-06 06:03:30
2026-06-06,MSP Platform,CoreMonitor Cloud,987.383.3783,info@coremonitorcloud.com,https://coremonitorcloud.com,22,Singapore,SG,2026-06-06 01:02:45
2026-06-06,HR,Willow Shift Consultants,8616502714,sales@willowshiftconsultants.net,https://willowshiftconsultants.net,15,Vancouver,CA,2026-06-06 05:23:30
2026-06-06,Legal,Silver CaseHub,478-941-0908,sales@silvercasehub.com,https://www.silvercasehub.com,639,Seattle,US,2026-06-06 03:58:27
2026-06-06,ERP,ArchFin Systems,749.251.5377,sales@archfinsystems.com,https://archfinsystems.com,90,Seattle,US,2026-06-06 04:33:32
2026-06-06,Medical,LumenChart Systems,8174740783,sales@lumenchartsystems.io,lumenchartsystems.io,544,Raleigh,US,2026-06-06 03:52:15
2026-06-06,Legal,BlueLawSuite,4885000088 ext. 80,hello@bluelawsuite.com,https://www.bluelawsuite.com,765,Austin,US,2026-06-06 03:25:04
2026-06-06,Medical,Quantum VitalCloud,637-539-0994,hello@quantumvitalcloud.com,https://quantumvitalcloud.com,5,Amsterdam,NL,2026-06-06 04:51:17
2026-06-06,HR,Ridge CultureTech,(885) 266-6468,sales@ridgeculturetech.com,https://www.ridgeculturetech.com,48,Boston,US,2026-06-06 05:47:55
2026-06-06,MSP Platform,AnchorMonitorApp,714-238-5154,sales@anchormonitorapp.net,https://www.anchormonitorapp.net,68,Bengaluru,IN,2026-06-06 04:34:06
2026-06-06,HR,Cobalt PeopleDynamics,289-921-6343,sales@cobaltpeopledynamics.com,cobaltpeopledynamics.com,256,Phoenix,US,2026-06-06 01:53:29
2026-06-06,Medical,VeloTriageSphere,552-643-5130,hello@velotriagesphere.io,https://www.velotriagesphere.io,11,Boston,US,2026-06-06 06:30:19
2026-06-06,MSP Platform,BoldNodeDynamics,09545053700,sales@boldnodedynamics.com,https://www.boldnodedynamics.com,23,London,UK,2026-06-06 02:30:44
2026-06-06,ERP,RapidStockSuite,1-461-684-7587,contact@rapidstocksuite.com,https://www.rapidstocksuite.com,804,Boston,US,2026-06-06 05:25:22
2026-06-06,Medical,North CareBase,7996623344,contact@northcarebase.co,https://northcarebase.co,4874,Columbus,US,2026-06-06 02:24:26
2026-06-06,MSP Platform,BoldGrid Dynamics,628.837.1538,sales@boldgriddynamics.co,https://www.boldgriddynamics.co,541,Boston,US,2026-06-06 04:22:55
2026-06-06,Medical,Mosaic CareDesk,4433994413,hello@mosaiccaredesk.com,https://www.mosaiccaredesk.com,58,Boston,US,2026-06-06 06:39:23
2026-06-06,HR,NorthTeam App,+1 (246) 340-1758,hello@northteamapp.com,https://northteamapp.com,14,Atlanta,US,2026-06-06 04:04:09
2026-06-06,HR,Bright RosterFlow,+14285330421,contact@brightrosterflow.io,brightrosterflow.io,263,Tampa,US,2026-06-06 05:51:11
2026-06-06,Medical,Cobalt ChartSync,8733556172,hello@cobaltchartsync.com,https://cobaltchartsync.com,6,Atlanta,US,2026-06-06 05:47:42
2026-06-06,HR,CrownRosterLabs,352-484-7751,contact@crownrosterlabs.com,https://crownrosterlabs.com,593,Chicago,US,2026-06-06 01:39:41
2026-06-06,ERP,DeltaOps App,481.597.1607,-,https://www.deltaopsapp.com,231,Amsterdam,NL,2026-06-06 02:08:35
2026-06-06,HR,Nimbus BenefitBase,(377) 235-3880,info@nimbusbenefitbase.com,https://www.nimbusbenefitbase.com,300,Berlin,DE,2026-06-06 01:54:15
2026-06-06,Medical,SummitPulseSoft,312-228-7923,sales@summitpulsesoft.io,https://www.summitpulsesoft.io,28,Vancouver,CA,2026-06-06 03:55:50
2026-06-06,ERP,VertexBatchFlow,1-920-377-5426,hello@vertexbatchflow.com,https://www.vertexbatchflow.com,15,Atlanta,US,2026-06-06 06:29:35
2026-06-06,Medical,IndigoPatientSoft,1-571-881-1007,sales@indigopatientsoft.com,https://indigopatientsoft.com,44,Raleigh,US,2026-06-06 02:56:53
2026-06-06,ERP,Summit ForgeTech,(600) 289-4196,sales@summitforgetech.net,https://summitforgetech.net,42,N/A,US,2026-06-06 03:12:13
2026-06-06,HR,AltaRoster Systems,9699051380,N/A,altarostersystems.io,37,Tampa,US,2026-06-06 06:36:06
2026-06-06,MSP Platform,Zephyr GridHub,446-629-0290,contact@zephyrgridhub.com,https://www.zephyrgridhub.com,576,Raleigh,US,2026-06-06 06:21:26
2026-06-06,MSP Platform,MetaGrid Sphere,+16766865598,contact@metagridsphere.net,https://metagridsphere.net,249,Tampa,US,2026-06-06 06:50:38
2026-06-06,Legal,MetaBriefDesk,810-305-1445,sales@metabriefdesk.io,https://www.metabriefdesk.io,33,London,UK,2026-06-06 02:40:00
2026-06-06,ERP,Summit Ops Recruiting,(334) 767-9114,info@summitopsrecruiting.com,https://www.summitopsrecruiting.com,363,Lahore,PK,2026-06-06 05:14:14
2026-06-06,Medical,OmniChart Cloud,644-830-8761,contact@omnichartcloud.co,https://www.omnichartcloud.co,71,Austin,US,2026-06-06 04:13:35
2026-06-06,ERP,RapidOrder Labs,574-547-7322,sales@rapidorderlabs.co,https://rapidorderlabs.co,21,Singapore,SG,2026-06-06 04:11:52
2026-06-06,ERP,Harbor BatchTech,758.669.0170,hello@harborbatchtech.io,https://www.harborbatchtech.io,389,Toronto,CA,2026-06-06 01:28:59
2026-06-06,Medical,Tidal’s ClinicPlatform,412-237-1564,contact@tidalclinicplatform.io,https://www.tidalclinicplatform.io,63,Leeds,UK,2026-06-06 04:42:19
2026-06-06,ERP,NovaOpsCore,1-936-341-7603,hello@novaopscore.com,novaopscore.com,32,Columbus,US,2026-06-06 01:29:26
2026-06-06,ERP,Lumen LedgerHub,+1 (230) 730-3424,info@lumenledgerhub.com,https://lumenledgerhub.com,252,Dublin,IE,2026-06-06 05:17:19
2026-06-06,ERP,CedarStock Works,+1 (674) 519-0945,sales@cedarstockworks.net,https://www.cedarstockworks.net,88,Atlanta,US,2026-06-06 04:28:38
2026-06-06,HR,Blue PayrollLabs,818.966.5108,sales@bluepayrolllabs.io,https://www.bluepayrolllabs.io,348,Atlanta,US,2026-06-06 05:45:41
2026-06-06,HR,VeloPayroll Dynamics,4733378504,hello@velopayrolldynamics.com,https://www.velopayrolldynamics.com,428,Vancouver,CA,2026-06-06 04:28:26
2026-06-06,Medical,OmniPatient Sync,1-964-933-8329,contact@omnipatientsync.io,https://omnipatientsync.io,93,Phoenix,US,2026-06-06 06:16:52
2026-06-06,HR,OmniCultureCore,9718327886 ext. 43,hello@omniculturecore.io,https://www.omniculturecore.io,33,Hyderabad,IN,2026-06-06 04:30:28
2026-06-06,HR,Atlas Talent Consulting Group,+13435375459,hello@atlastalentconsultinggroup.io,https://www.atlastalentconsultinggroup.io,67,Austin,US,2026-06-06 02:47:52
2026-06-06,Medical,TruePatient Desk,578.634.9759,N/A,https://www.truepatientdesk.com,50,Phoenix,US,2026-06-06 03:52:19
2026-06-06,MSP Platform,CrestPatchWorks,920.375.0013,sales@crestpatchworks.io,https://www.crestpatchworks.io,145,Tampa,US,2026-06-06 01:38:39
2026-06-06,ERP,HarborOrderApp,2996647349,sales@harbororderapp.net,https://harbororderapp.net,34,Columbus,US,2026-06-06 05:41:50
2026-06-06,HR,IronPayrollLogic,548-302-4730,contact@ironpayrolllogic.io,https://ironpayrolllogic.io,156,Boston,US,2026-06-06 05:04:14
2026-06-06,HR,IndigoShift Systems,(659) 322-6099,sales@indigoshiftsystems.com,https://www.indigoshiftsystems.com,236,Raleigh,US,2026-06-06 06:03:23
2026-06-06,LMS,Apex LearnPoint,1-712-664-6900,hello@apexlearnpoint.net,apexlearnpoint.net,877,London,UK,2026-06-06 06:25:09
2026-06-06,MSP Platform,Velo Stack Staffing,5118773887,contact@velostackstaffing.com,https://www.velostackstaffing.com,100,Tampa,US,2026-06-06 03:11:54
2026-06-06,HR,BlueOnboardHub,1-291-726-1264,info@blueonboardhub.co,https://www.blueonboardhub.co,34,Austin,US,2026-06-06 01:30:56
2026-06-06,HR,SilverPeople Desk,384-673-6633,contact@silverpeopledesk.io,https://www.silverpeopledesk.io,15,London,UK,2026-06-06 04:43:54
2026-06-06,ERP,LumenPlanSoft,365-627-9977 ext. 63,info@lumenplansoft.net,https://lumenplansoft.net,12,Manchester,UK,2026-06-06 01:20:59
2026-06-06,ERP,RapidStock Suite,1-782-857-8968,contact@rapidstocksuite.com,https://www.rapidstocksuite.com,11,Tampa,US,2026-06-06 05:14:25
2026-06-06,HR,HarborPeopleFlow,+1 (408) 402-0340,info@harborpeopleflow.io,harborpeopleflow.io,134,Boston,US,2026-06-06 02:54:34
2026-06-06,ERP,ClearLedgerBase,790-980-1813 ext. 7,contact@clearledgerbase.co,https://clearledgerbase.co,289,Austin,US,2026-06-06 02:24:40
2026-06-06,Legal,IndigoVerdict Logic Inc.,533-499-6219,sales@indigoverdictlogic.com,https://indigoverdictlogic.com,227,Tampa,US,2026-06-06 01:41:36
2026-06-06,Medical,Polaris RxCore,496-921-0047,contact@polarisrxcore.com,https://polarisrxcore.com,6,Dublin,IE,2026-06-06 06:46:58
2026-06-06,HR,GoldenOnboard Cloud,(884) 473-4762,contact@goldenonboardcloud.com,https://www.goldenonboardcloud.com,166,Pune,IN,2026-06-06 06:47:24
2026-06-06,HR,FalconBenefit Base,+19357891562,info@falconbenefitbase.com,falconbenefitbase.com,928,Bengaluru,IN,2026-06-06 04:35:35
2026-06-06,HR,TrueRoster Dynamics,957.907.1236,contact@truerosterdynamics.com,https://www.truerosterdynamics.com,11,Lahore,PK,2026-06-06 02:48:18
2026-06-06,Legal,North DocketLogic,(278) 603-5944 ext. 15,sales@northdocketlogic.com,https://www.northdocketlogic.com,68,Chicago,US,2026-06-06 02:55:47
2026-06-06,HR,PioneerShift Logic,(280) 820-2260,info@pioneershiftlogic.net,https://pioneershiftlogic.net,82,London,UK,2026-06-06 06:28:57
2026-06-06,HR,MetaPayroll Labs,1-213-568-6818 ext. 32,hello@metapayrolllabs.com,metapayrolllabs.com,417,Sydney,AU,2026-06-06 01:41:18
2026-06-06,Legal,Halo BriefSolutions,482-890-2811,sales@halobriefsolutions.com,https://halobriefsolutions.com,12,Toronto,CA,2026-06-06 01:09:23
2026-06-06,Legal,Meta MatterSuite,265-598-5220,info@metamattersuite.co,https://metamattersuite.co,425,Denver,US,2026-06-06 02:36:08
2026-06-06,ERP,GoldenResource Platform,4767586305,info@goldenresourceplatform.com,https://www.goldenresourceplatform.com,17,Seattle,US,2026-06-06 02:45:43
2026-06-06,HR,North TeamTech,+14526129327,info@northteamtech.io,northteamtech.io,26,Austin,US,2026-06-06 02:13:56
2026-06-06,ERP,QuantumFin Suite,(345) 888-0294,sales@quantumfinsuite.net,https://www.quantumfinsuite.net,11,Boston,US,2026-06-06 02:22:25
2026-06-06,HR,Beacon TalentWorks,710.293.5762,info@beacontalentworks.io,https://www.beacontalentworks.io,3465,Seattle,US,2026-06-06 01:06:45
2026-06-06,Legal,Halo CounselFlow,835.625.1561,info@halocounselflow.net,halocounselflow.net,13,Atlanta,US,2026-06-06 05:05:55
2026-06-06,Medical,Sable PulseDynamics,358-798-3333,hello@sablepulsedynamics.com,sablepulsedynamics.com,92,Munich,DE,2026-06-06 05:50:38
2026-06-06,ERP,WillowChainLogic,+15727355557,sales@willowchainlogic.com,https://www.willowchainlogic.com,48,London,UK,2026-06-06 05:08:28
2026-06-06,HR,ZenPayroll Systems,(377) 860-3742,sales@zenpayrollsystems.com,https://zenpayrollsystems.com,39,Calgary,CA,2026-06-06 06:16:20
2026-06-06,ERP,Bold OpsCore,(938) 797-2586,hello@boldopscore.com,https://www.boldopscore.com,26,Calgary,CA,2026-06-06 05:24:09
2026-06-06,ERP,ZephyrFinSuite,557-855-2348,hello@zephyrfinsuite.net,https://zephyrfinsuite.net,2998,Boston,US,2026-06-06 05:00:59
2026-06-06,Medical,NimbusClinic Labs,(603) 573-8099,sales@nimbuscliniclabs.io,https://www.nimbuscliniclabs.io,56,London,UK,2026-06-06 02:03:05
2026-06-06,MSP Platform,VeloRemote Platform,09517794902 ext. 88,contact@veloremoteplatform.io,https://www.veloremoteplatform.io,46,Calgary,CA,2026-06-06 06:57:37
2026-06-06,HR,LumenCulture Works,535-636-3244,contact@lumencultureworks.io,https://www.lumencultureworks.io,5,Columbus,US,2026-06-06 06:30:45
2026-06-06,HR,Vertex TalentLogic,1-536-996-2601,,https://www.vertextalentlogic.com,147,Columbus,US,2026-06-06 05:32:52
2026-06-06,Medical,CrownPatient Works,+19848237510,info@crownpatientworks.net,https://www.crownpatientworks.net,43,Toronto,CA,2026-06-06 02:00:39
2026-06-06,MSP Platform,NovaNode Logic,(577) 856-0374,info@novanodelogic.com,https://www.novanodelogic.com,851,Columbus,US,2026-06-06 02:48:10
2026-06-06,ERP,Crown OrderBase,1-568-216-7342,info@crownorderbase.com,https://www.crownorderbase.com,29,null,SG,2026-06-06 04:42:07
2026-06-06,MSP Platform,CobaltMonitorSoft,(820) 221-6772,contact@cobaltmonitorsoft.io,https://cobaltmonitorsoft.io,2282,Vancouver,CA,2026-06-06 02:31:21
2026-06-06,ERP,Xenon ResourceWorks,(665) 340-4794 ext. 51,info@xenonresourceworks.co,https://www.xenonresourceworks.co,8,Austin,US,2026-06-06 05:35:55
2026-06-06,Legal,BoldCompliSoft,(399) 355-2828,info@boldcomplisoft.com,boldcomplisoft.com,416,Austin,US,2026-06-06 03:30:14
2026-06-06,ERP,CrownStock Works,+14949990538 ext. 30,contact@crownstockworks.com,https://www.crownstockworks.com,68,Atlanta,US,2026-06-06 01:11:46
2026-06-06,MSP Platform,GraniteUptime Sphere,1-570-720-2402,contact@graniteuptimesphere.com,https://graniteuptimesphere.com,14,Chicago,US,2026-06-06 06:59:08
2026-06-06,MSP Platform,VistaGridCloud,816-294-9383,info@vistagridcloud.com,vistagridcloud.com,52,Austin,US,2026-06-06 02:59:26
2026-06-06,Legal,MosaicCaseLogic,+12469203205,info@mosaiccaselogic.co,https://www.mosaiccaselogic.co,20,Boston,US,2026-06-06 04:12:39
2026-06-06,ERP,VistaOrder Sync,8627971366,contact@vistaordersync.com,https://www.vistaordersync.com,274,Manchester,UK,2026-06-06 03:35:52
2026-06-06,ERP,DeltaForge Hub,1-320-259-8408,N/A,https://www.deltaforgehub.com,488,Phoenix,US,2026-06-06 05:28:32
2026-06-06,LMS,FusionForgeSuite,3316958037,sales@fusionforgesuite.io,https://fusionforgesuite.io,38,Austin,US,2026-06-06 05:19:09
2026-06-06,HR,ZenBenefit Sync,549-711-9642,hello@zenbenefitsync.com,https://www.zenbenefitsync.com,9,Chicago,US,2026-06-06 05:11:04
2026-06-06,Legal,NorthFiling Systems,7052625218,info@northfilingsystems.io,https://www.northfilingsystems.io,518,Boston,US,2026-06-06 04:17:25
2026-06-06,ERP,BoldBatchCore,666-972-8594,hello@boldbatchcore.com,https://www.boldbatchcore.com,112,Phoenix,US,2026-06-06 05:55:27
2026-06-06,Legal,Pioneer CounselSolutions,+16638362689,sales@pioneercounselsolutions.com,https://pioneercounselsolutions.com,13,Austin,US,2026-06-06 03:10:20
2026-06-06,HR,Crown PeopleWorks,+15447861128,contact@crownpeopleworks.com,https://www.crownpeopleworks.com,353,Pune,IN,2026-06-06 05:26:49
2026-06-06,HR,GoldenTalentTech,524-774-0082,sales@goldentalenttech.com,goldentalenttech.com,19,Seattle,US,2026-06-06 02:33:52
2026-06-06,ERP,VistaResource Suite,07484574635,contact@vistaresourcesuite.com,vistaresourcesuite.com,225,Atlanta,US,2026-06-06 03:07:46
2026-06-06,MSP Platform,Pivot Net Consultants,227-344-2504,hello@pivotnetconsultants.io,pivotnetconsultants.io,148,Denver,US,2026-06-06 05:29:56
2026-06-06,Medical,LumenPulseLogic,(698) 299-6829,hello@lumenpulselogic.co,https://www.lumenpulselogic.co,10,Vancouver,CA,2026-06-06 05:24:25
2026-06-06,Medical,GranitePatient Core,+13627331101,info@granitepatientcore.com,https://www.granitepatientcore.com,71,Sydney,AU,2026-06-06 06:50:50
2026-06-06,ERP,WillowBatch Tech,596.838.3950,sales@willowbatchtech.com,https://www.willowbatchtech.com,227,Munich,DE,2026-06-06 06:45:13
2026-06-06,MSP Platform,VeloNodeLabs,+17673344328,info@velonodelabs.co,https://velonodelabs.co,40,Columbus,US,2026-06-06 01:28:58
2026-06-06,MSP Platform,Blue MonitorSolutions,+18668768024,hello@bluemonitorsolutions.net,https://www.bluemonitorsolutions.net,47,Raleigh,US,2026-06-06 06:10:37
2026-06-06,Medical,OmniCare Labs,514-831-2130,contact@omnicarelabs.com,https://www.omnicarelabs.com,,Austin,US,2026-06-06 05:49:00
2026-06-06,Legal,PrimeOrder Hub,4816498856,contact@primeorderhub.io,https://www.primeorderhub.io,496,Amsterdam,NL,2026-06-06 03:48:14
2026-06-06,HR,Lumen PayrollWorks,924.446.4021,sales@lumenpayrollworks.net,https://www.lumenpayrollworks.net,147,Manchester,UK,2026-06-06 04:06:24
2026-06-06,MSP Platform,CrownPatch Suite,798-619-7315,info@crownpatchsuite.com,https://crownpatchsuite.com,18,Austin,US,2026-06-06 02:04:59
2026-06-06,ERP,QuantumResource Hub,1-630-827-2664 ext. 88,info@quantumresourcehub.com,https://www.quantumresourcehub.com,-,Amsterdam,NL,2026-06-06 06:57:44
2026-06-06,Medical,ClearVital Logic,(620) 305-1715,contact@clearvitallogic.com,https://clearvitallogic.com,720,Columbus,US,2026-06-06 03:54:36
2026-06-06,HR,Keystone CultureSphere,(656) 564-3785,contact@keystoneculturesphere.com,https://keystoneculturesphere.com,400,Austin,US,2026-06-06 01:40:03
2026-06-06,LMS,Alta Tutor Consulting Group,4998467584,hello@altatutorconsultinggroup.com,https://altatutorconsultinggroup.com,9,Atlanta,US,2026-06-06 03:49:27
2026-06-06,MSP Platform,SummitGridSolutions,+16859805748 ext. 77,sales@summitgridsolutions.com,summitgridsolutions.com,22,Hyderabad,IN,2026-06-06 01:53:54
2026-06-06,HR,RapidRosterSolutions,2514200949,sales@rapidrostersolutions.com,https://rapidrostersolutions.com,369,Phoenix,US,2026-06-06 01:05:02
2026-06-06,Legal,NovaMatterDesk,+1 (953) 723-6962 ext. 33,sales@novamatterdesk.com,https://novamatterdesk.com,50,Seattle,US,2026-06-06 05:40:17
2026-06-06,ERP,CrownStock Solutions,(951) 324-0071 ext. 98,sales@crownstocksolutions.com,https://www.crownstocksolutions.com,14,Sydney,AU,2026-06-06 02:16:33
2026-06-06,Medical,Cobalt ClinicApp,482-269-5947,info@cobaltclinicapp.net,cobaltclinicapp.net,249,London,UK,2026-06-06 02:04:46
2026-06-06,HR,Summit PayrollDynamics,422-611-5547,hello@summitpayrolldynamics.com,https://summitpayrolldynamics.com,979,Dublin,IE,2026-06-06 06:44:13
2026-06-06,ERP,Prime ForgeSync,1-812-982-0135,contact@primeforgesync.com,https://www.primeforgesync.com,null,Chicago,US,2026-06-06 05:06:27
2026-06-06,MSP Platform,RapidUptime Sphere,1-575-208-1002,hello@rapiduptimesphere.com,https://www.rapiduptimesphere.com,180,Chicago,US,2026-06-06 04:12:39
2026-06-06,Medical,BluePatient Soft,504-494-8020,null,https://www.bluepatientsoft.com,19,Tampa,US,2026-06-06 05:47:24
2026-06-06,MSP Platform,AltaUptime App,291-581-4343,contact@altauptimeapp.io,https://www.altauptimeapp.io,69,Boston,US,2026-06-06 06:22:19
2026-06-06,HR,SilverBenefitBase,940.640.3526,info@silverbenefitbase.com,https://www.silverbenefitbase.com,74,Raleigh,US,2026-06-06 03:35:02
2026-06-06,Medical,Juniper ClinicTech,(667) 326-8274,sales@juniperclinictech.net,https://www.juniperclinictech.net,246,Boston,US,2026-06-06 01:11:44
2026-06-06,Legal,LumenVerdict Solutions,725-579-2673,info@lumenverdictsolutions.com,https://www.lumenverdictsolutions.com,72,Atlanta,US,2026-06-06 04:27:47
2026-06-06,Legal,GraniteCaseLogic,+17604718286,info@granitecaselogic.com,granitecaselogic.com,4344,Austin,US,2026-06-06 01:32:30
2026-06-06,HR,ZenTalentLabs,676-552-9774,info@zentalentlabs.com,https://zentalentlabs.com,18,Boston,US,2026-06-06 04:27:09
2026-06-06,ERP,Keystone OpsSphere,+19218795909,sales@keystoneopssphere.com,https://www.keystoneopssphere.com,4971,Vancouver,CA,2026-06-06 06:20:10
2026-06-06,HR,JuniperPerformLogic,+16107276261,hello@juniperperformlogic.com,https://www.juniperperformlogic.com,20,Phoenix,US,2026-06-06 02:56:34
2026-06-06,HR,Zen PerformPoint,1-401-749-6402,hello@zenperformpoint.com,https://www.zenperformpoint.com,154,Chicago,US,2026-06-06 03:38:21
2026-06-06,ERP,Fusion Resource Consultants,1-936-298-5095,sales@fusionresourceconsultants.io,https://www.fusionresourceconsultants.io,28,Atlanta,US,2026-06-06 05:03:07
2026-06-06,HR,FalconTalentLogic,(822) 593-2152,contact@falcontalentlogic.net,https://falcontalentlogic.net,233,Atlanta,US,2026-06-06 04:47:35
2026-06-06,Legal,Cobalt BriefWorks,1-795-239-3284,contact@cobaltbriefworks.com,cobaltbriefworks.com,94,Seattle,US,2026-06-06 06:13:28
2026-06-06,Medical,Onyx PulseHub,2215303404,info@onyxpulsehub.com,https://www.onyxpulsehub.com,84,Melbourne,AU,2026-06-06 05:25:50
2026-06-06,HR,Alta OnboardTech,913-981-7426,contact@altaonboardtech.net,https://www.altaonboardtech.net,574,Lahore,PK,2026-06-06 06:45:28
2026-06-06,Legal,Ridgeway Case Manpower Services,221-690-4188 ext. 24,sales@ridgewaycasemanpowerservices.io,https://www.ridgewaycasemanpowerservices.io,11,Raleigh,US,2026-06-06 04:50:25
2026-06-06,MSP Platform,OmniGrid Works,8924186530,hello@omnigridworks.co,https://www.omnigridworks.co,720,Karachi,PK,2026-06-06 04:50:48
2026-06-06,Medical,Juniper ChartPoint,(777) 775-3299,info@juniperchartpoint.com,https://www.juniperchartpoint.com,61,Chicago,US,2026-06-06 04:28:38
2026-06-06,ERP,OnyxPlanTech,619-374-3659,contact@onyxplantech.io,https://www.onyxplantech.io,71,Atlanta,US,2026-06-06 03:37:48
2026-06-06,HR,North BenefitSphere,(650) 842-6070,sales@northbenefitsphere.com,https://www.northbenefitsphere.com,100,Tampa,US,2026-06-06 06:10:10
2026-06-06,ERP,UmbraStockApp,05979592266,contact@umbrastockapp.com,https://www.umbrastockapp.com,10,Denver,US,2026-06-06 06:03:34
2026-06-06,HR,RidgeTalentSuite,9685874731,sales@ridgetalentsuite.com,ridgetalentsuite.com,150,Manchester,UK,2026-06-06 05:20:43
2026-06-06,ERP,JuniperForge Cloud,(442) 527-8264,info@juniperforgecloud.com,juniperforgecloud.com,9,London,UK,2026-06-06 02:04:49
2026-06-06,Medical,PivotCare Sphere,+1 (800) 682-5093,hello@pivotcaresphere.com,https://pivotcaresphere.com,42,Austin,US,2026-06-06 02:43:13
2026-06-06,ERP,AnchorFin Solutions,961.674.1981,sales@anchorfinsolutions.com,https://www.anchorfinsolutions.com,105,Tampa,US,2026-06-06 06:57:23
2026-06-06,HR,Crest RosterTech,391.524.1364 ext. 68,sales@crestrostertech.com,https://www.crestrostertech.com,27,Austin,US,2026-06-06 06:35:48
2026-06-06,Medical,IndigoMedSoft,(570) 671-7583,contact@indigomedsoft.io,https://www.indigomedsoft.io,893,Denver,US,2026-06-06 02:10:26
2026-06-06,Legal,SummitCompliDynamics,4987287843,info@summitcomplidynamics.com,https://www.summitcomplidynamics.com,559,Boston,US,2026-06-06 04:42:42
2026-06-06,HR,SummitCultureBase,+14347593885,sales@summitculturebase.com,https://summitculturebase.com,231,Atlanta,US,2026-06-06 06:03:07
2026-06-06,HR,Summit PeopleDynamics,+17403729749,hello@summitpeopledynamics.net,https://www.summitpeopledynamics.net,69,Columbus,US,2026-06-06 05:29:32
2026-06-06,HR,CrestTeamSystems,3242091846,sales@crestteamsystems.co,https://www.crestteamsystems.co,88,Denver,US,2026-06-06 06:09:37
2026-06-06,Legal,BrightCounsel Suite,7335464971,hello@brightcounselsuite.io,https://brightcounselsuite.io,44,Lahore,PK,2026-06-06 05:26:17
2026-06-06,Legal,PioneerCase Labs,984-672-1001,info@pioneercaselabs.com,https://pioneercaselabs.com,16,Seattle,US,2026-06-06 02:47:53
2026-06-06,ERP,HaloBatchApp,(884) 747-0471,hello@halobatchapp.com,https://www.halobatchapp.com,49,Sydney,AU,2026-06-06 06:53:52
2026-06-06,Medical,PioneerRxWorks,+1 (279) 367-0365,sales@pioneerrxworks.com,https://pioneerrxworks.com,17,Chicago,US,2026-06-06 03:02:33
2026-06-06,ERP,Granite FinWorks,+19087465236,info@granitefinworks.com,https://www.granitefinworks.com,63,Raleigh,US,2026-06-06 03:54:57
2026-06-06,MSP Platform,OmniRemoteLabs,1-246-872-2888,info@omniremotelabs.com,https://www.omniremotelabs.com,9,Munich,DE,2026-06-06 05:32:22
2026-06-06,HR,AnchorBenefitWorks,220-319-3902,sales@anchorbenefitworks.com,https://anchorbenefitworks.com,35,Dublin,IE,2026-06-06 02:52:33
2026-06-06,Legal,Onyx MatterFlow,899.349.9227,contact@onyxmatterflow.com,https://www.onyxmatterflow.com,50,Denver,US,2026-06-06 01:05:15
2026-06-06,LMS,KeystoneMentor Hub,677-955-5700,info@keystonementorhub.co,https://www.keystonementorhub.co,37,Munich,DE,2026-06-06 04:18:30
2026-06-06,MSP Platform,QuantumEndpoint Hub,(785) 880-0064,hello@quantumendpointhub.com,https://quantumendpointhub.com,107,Denver,US,2026-06-06 03:59:32
2026-06-06,Medical,MosaicTriage Sync,419.841.0808,sales@mosaictriagesync.com,https://www.mosaictriagesync.com,7,Denver,US,2026-06-06 01:34:53
2026-06-06,Legal,QuartzVerdictPoint,+14952645627,hello@quartzverdictpoint.com,https://www.quartzverdictpoint.com,124,Munich,DE,2026-06-06 06:43:40
2026-06-06,ERP,Delta BatchSync,4867270914,contact@deltabatchsync.net,deltabatchsync.net,214,Leeds,UK,2026-06-06 03:07:51
2026-06-06,HR,Mosaic ShiftSuite,+12393864014,info@mosaicshiftsuite.com,https://www.mosaicshiftsuite.com,86,Seattle,US,2026-06-06 05:26:38
2026-06-06,MSP Platform,IronMonitor Suite,363-323-9813,sales@ironmonitorsuite.com,ironmonitorsuite.com,57,Seattle,US,2026-06-06 05:20:13
2026-06-06,HR,Apex TeamSphere,6713631853,info@apexteamsphere.net,https://www.apexteamsphere.net,98,Islamabad,PK,2026-06-06 06:54:48
2026-06-06,HR,Cobalt PeopleCore,206-524-1061,null,https://www.cobaltpeoplecore.io,2111,Atlanta,US,2026-06-06 05:36:11
2026-06-06,MSP Platform,FusionEndpoint Soft,522-294-5686,info@fusionendpointsoft.com,https://www.fusionendpointsoft.com,683,Phoenix,US,2026-06-06 04:10:21
2026-06-06,Medical,CobaltRx Soft,(720) 497-6686,info@cobaltrxsoft.com,https://www.cobaltrxsoft.com,32,Austin,US,2026-06-06 05:15:51
2026-06-06,Medical,BluePulseCore,+18846519037,info@bluepulsecore.net,bluepulsecore.net,74,Denver,US,2026-06-06 01:24:26
2026-06-06,MSP Platform,PivotMonitorPoint,+18449347720,info@pivotmonitorpoint.com,https://www.pivotmonitorpoint.com,7,Denver,US,2026-06-06 06:16:22
2026-06-06,ERP,Omni Resource Manpower Services,(215) 913-6735,hello@omniresourcemanpowerservices.net,https://www.omniresourcemanpowerservices.net,9,Vancouver,CA,2026-06-06 01:23:51
2026-06-06,HR,QuantumPeopleLogic,716-648-7552,N/A,https://www.quantumpeoplelogic.net,1113,Seattle,US,2026-06-06 01:13:12
2026-06-06,ERP,NorthOpsFlow,(917) 448-8021,sales@northopsflow.co,https://www.northopsflow.co,6,null,US,2026-06-06 04:34:32
2026-06-06,Medical,Indigo ClinicHub,813-547-9484,sales@indigoclinichub.co,https://indigoclinichub.co,2785,Leeds,UK,2026-06-06 02:15:19
2026-06-06,ERP,OnyxStock Hub,1-612-434-3192,sales@onyxstockhub.com,onyxstockhub.com,100,Chicago,US,2026-06-06 04:02:41
2026-06-06,LMS,BoldMentorSoft,1-615-367-6842,info@boldmentorsoft.io,https://www.boldmentorsoft.io,23,Boston,US,2026-06-06 05:05:57
2026-06-06,MSP Platform,Alta UptiméCloud,(245) 218-2505,hello@altauptimecloud.com,https://www.altauptimecloud.com,17,Raleigh,US,2026-06-06 04:40:45
2026-06-06,Medical,ZephyrHealth Hub,+12105462233,sales@zephyrhealthhub.com,https://www.zephyrhealthhub.com,30,Raleigh,US,2026-06-06 02:37:59
2026-06-06,Medical,Willow MedBase,252-407-8724,sales@willowmedbase.com,https://www.willowmedbase.com,15,Singapore,SG,2026-06-06 03:02:59
2026-06-06,Medical,IronRxFlow,8658030969,info@ironrxflow.com,https://www.ironrxflow.com,52,Manchester,UK,2026-06-06 01:41:37
2026-06-06,ERP,FalconStock Systems,782-328-5793,hello@falconstocksystems.io,https://www.falconstocksystems.io,30,Boston,US,2026-06-06 03:41:37
2026-06-06,Legal,VistaMatter Works,(208) 230-4169,contact@vistamatterworks.co,https://www.vistamatterworks.co,31,Boston,US,2026-06-06 03:28:49
2026-06-06,MSP Platform,KeystoneGridTech,209.889.9196,hello@keystonegridtech.com,https://keystonegridtech.com,11,Chicago,US,2026-06-06 04:28:53
2026-06-06,Medical,CrownCarePlatform,(681) 486-5353,sales@crowncareplatform.io,crowncareplatform.io,19,Austin,US,2026-06-06 03:50:26
2026-06-06,MSP Platform,TidalNetLabs,5205675611,sales@tidalnetlabs.com,https://www.tidalnetlabs.com,20,Singapore,SG,2026-06-06 01:29:53
2026-06-06,MSP Platform,Prime PatchSolutions,399-825-8180 ext. 91,-,https://primepatchsolutions.com,431,Tampa,US,2026-06-06 06:01:23
2026-06-06,ERP,DeltaOrder Flow,+13717032260,contact@deltaorderflow.net,https://deltaorderflow.net,438,Columbus,US,2026-06-06 06:58:57
2026-06-06,ERP,Iron OpsPlatform,(893) 689-2902,contact@ironopsplatform.com,https://www.ironopsplatform.com,237,Phoenix,US,2026-06-06 04:53:33
2026-06-06,ERP,EmberPlanDynamics,+1 (598) 441-1517,contact@emberplandynamics.io,https://www.emberplandynamics.io,105,Manchester,UK,2026-06-06 04:58:13
2026-06-06,HR,OnyxOnboard Core,+15248284931,hello@onyxonboardcore.com,https://www.onyxonboardcore.com,71,Austin,US,2026-06-06 06:52:58
2026-06-06,Legal,Tidal CounselSync,1-908-366-0118,hello@tidalcounselsync.com,https://tidalcounselsync.com,6,Manchester,UK,2026-06-06 04:18:31
2026-06-06,Medical,Anchor TriageWorks,+1 (701) 421-8247,hello@anchortriageworks.com,https://anchortriageworks.com,230,Hyderabad,IN,2026-06-06 02:59:14
2026-06-06,MSP Platform,Raven StackSync,(654) 224-9473,info@ravenstacksync.com,https://www.ravenstacksync.com,6,London,UK,2026-06-06 05:13:06
2026-06-06,ERP,Willow BatchSuite,(496) 620-0934 ext. 40,sales@willowbatchsuite.com,willowbatchsuite.com,15,Austin,US,2026-06-06 05:50:50
2026-06-06,HR,BrightShift Solutions,650.449.2155,contact@brightshiftsolutions.com,https://www.brightshiftsolutions.com,38,Austin,US,2026-06-06 06:40:14
2026-06-06,MSP Platform,Apex NodeCore,+15555222052 ext. 11,hello@apexnodecore.co,https://www.apexnodecore.co,126,Phoenix,US,2026-06-06 06:40:31
2026-06-06,ERP,ApexResource Cloud,(927) 671-9889 ext. 55,sales@apexresourcecloud.com,https://www.apexresourcecloud.com,961,Pune,IN,2026-06-06 02:35:22
2026-06-06,Medical,Atlas RxDesk,+18142330752,contact@atlasrxdesk.com,https://www.atlasrxdesk.com,10,Atlanta,US,2026-06-06 04:35:38
2026-06-06,Medical,Quartz CareSoft,6718571871,hello@quartzcaresoft.com,https://www.quartzcaresoft.com,N/A,Phoenix,US,2026-06-06 05:18:38
2026-06-06,Legal,KeystoneFiling Point,629-392-7394,sales@keystonefilingpoint.com,https://www.keystonefilingpoint.com,283,Raleigh,US,2026-06-06 06:10:16
2026-06-06,Medical,Ridge PatientApp,(706) 567-2187,sales@ridgepatientapp.com,https://www.ridgepatientapp.com,18,Boston,US,2026-06-06 02:09:31
2026-06-06,ERP,Silver BatchApp,08739602953,contact@silverbatchapp.io,https://silverbatchapp.io,7,N/A,US,2026-06-06 01:42:51
2026-06-06,MSP Platform,North TeamTech,(452) 612-9327,info@northteamtech.io,https://www.northteamtech.io,26,Austin,US,2026-06-06 01:57:20
2026-06-06,MSP Platform,RidgeTeamSuite,+17004489720,sales@ridgeteamsuite.com,https://ridgeteamsuite.com,7,Toronto,CA,2026-06-06 02:48:30
2026-06-06,LMS,IronCohort Logic,1-267-773-0374 ext. 15,info@ironcohortlogic.com,https://www.ironcohortlogic.com,46,Raleigh,US,2026-06-06 05:59:45
2026-06-06,LMS,CoreLearnPlatform,+16125279088,contact@corelearnplatform.com,https://www.corelearnplatform.com,2005,London,UK,2026-06-06 05:51:18
2026-06-06,MSP Platform,FusionMonitor Labs,299-392-2165,contact@fusionmonitorlabs.com,https://www.fusionmonitorlabs.com,2166,Chicago,US,2026-06-06 04:12:18
2026-06-06,Medical,LumenTriage Labs,211.235.9961,sales@lumentriagelabs.com,https://www.lumentriagelabs.com,70,Phoenix,US,2026-06-06 01:50:53
2026-06-06,Medical,OnyxClinic Soft,(593) 636-8053,hello@onyxclinicsoft.net,https://www.onyxclinicsoft.net,19,Toronto,CA,2026-06-06 02:52:02
2026-06-06,MSP Platform,GoldenGrid Base,1-439-511-4864,contact@goldengridbase.com,https://www.goldengridbase.com,112,Vancouver,CA,2026-06-06 03:46:58
2026-06-06,MSP Platform,Meta NodeSoft,(490) 486-5143,hello@metanodesoft.io,metanodesoft.io,19,Singapore,SG,2026-06-06 03:18:39
2026-06-06,MSP Platform,CrownPatch Tech,+1 (608) 237-9654,hello@crownpatchtech.com,https://www.crownpatchtech.com,20,Columbus,US,2026-06-06 03:48:23
2026-06-06,ERP,QuartzPlanHub,429-752-7792,sales@quartzplanhub.co,quartzplanhub.co,47,Boston,US,2026-06-06 03:41:59
2026-06-06,ERP,Harbor BatchPlatform,(856) 941-7935,contact@harborbatchplatform.co,https://www.harborbatchplatform.co,888,Singapore,SG,2026-06-06 03:21:48
2026-06-06,Medical,Omni RxBase,220-251-2530,contact@omnirxbase.com,https://omnirxbase.com,136,Melbourne,AU,2026-06-06 04:21:57
2026-06-06,ERP,PioneerResourceBase,889-851-8330,contact@pioneerresourcebase.com,https://www.pioneerresourcebase.com,110,Vancouver,CA,2026-06-06 01:23:40
2026-06-06,HR,SolidShift Soft,(302) 558-4902,info@solidshiftsoft.com,https://www.solidshiftsoft.com,55,Manchester,UK,2026-06-06 04:00:22
2026-06-06,ERP,Umbra Order Manpower Services,+13813752756,contact@umbraordermanpowerservices.com,https://umbraordermanpowerservices.com,18,Manchester,UK,2026-06-06 04:45:23
2026-06-06,Legal,BlueClauseSoft,+12869701835,hello@blueclausesoft.io,https://www.blueclausesoft.io,378,Boston,US,2026-06-06 02:34:48
2026-06-06,MSP Platform,PolarisNetPlatform,(296) 412-3640,contact@polarisnetplatform.com,https://www.polarisnetplatform.com,96,London,UK,2026-06-06 03:26:19
2026-06-06,ERP,BrightChainSolutions,1-788-662-1849,,https://brightchainsolutions.co,35,Islamabad,PK,2026-06-06 03:45:13
2026-06-06,ERP,Keystone ChainApp,306.408.9649,contact@keystonechainapp.io,https://www.keystonechainapp.io,9,Pune,IN,2026-06-06 03:47:55
2026-06-06,Medical,SummitChart Sphere,(626) 632-7266,sales@summitchartsphere.com,https://summitchartsphere.com,12,Manchester,UK,2026-06-06 03:07:43
2026-06-06,ERP,ApexChainTech,6575628802,sales@apexchaintech.io,https://www.apexchaintech.io,31,Boston,US,2026-06-06 02:40:18
2026-06-06,MSP Platform,North NodeHub,+15239849232,info@northnodehub.com,https://www.northnodehub.com,162,Karachi,PK,2026-06-06 04:25:16
2026-06-06,ERP,SolidFinSphere,(211) 361-4762 ext. 25,info@solidfinsphere.com,https://solidfinsphere.com,113,Chicago,US,2026-06-06 05:14:44
2026-06-06,Medical,Lumen VitalLogic,593-359-8955 ext. 88,hello@lumenvitallogic.net,https://lumenvitallogic.net,59,Denver,US,2026-06-06 06:47:01
2026-06-06,MSP Platform,ZenEndpoint Flow,1-289-338-6981,contact@zenendpointflow.com,https://www.zenendpointflow.com,12,Seattle,US,2026-06-06 06:13:41
2026-06-06,Legal,PolarisMatterTech,330.525.2248,sales@polarismattertech.co,https://www.polarismattertech.co,473,Islamabad,PK,2026-06-06 03:31:58
2026-06-06,Medical,AnchorPulse Cloud,(956) 592-5153,sales@anchorpulsecloud.io,anchorpulsecloud.io,92,Columbus,US,2026-06-06 03:52:36
2026-06-06,ERP,MetaChainDesk,+19115008807,contact@metachaindesk.net,https://www.metachaindesk.net,19,Boston,US,2026-06-06 03:54:49
2026-06-06,HR,Ridgeway RosterSolutions,(385) 510-3259,contact@ridgewayrostersolutions.com,https://ridgewayrostersolutions.com,133,Atlanta,US,2026-06-06 05:50:15
2026-06-06,Medical,Solid PulseDesk,+16638899924,contact@solidpulsedesk.com,https://solidpulsedesk.com,392,Austin,US,2026-06-06 06:01:14
2026-06-06,MSP Platform,ArchStack Works,(712) 231-5275,hello@archstackworks.co,https://www.archstackworks.co,32,Phoenix,US,2026-06-06 01:07:06
2026-06-06,MSP Platform,BrightNet Tech,(234) 500-8846,contact@brightnettech.co,https://www.brightnettech.co,12,Calgary,CA,2026-06-06 04:27:07
2026-06-06,Medical,CrownPulse Base,1-750-273-4127 ext. 99,hello@crownpulsebase.com,https://www.crownpulsebase.com,55,Raleigh,US,2026-06-06 01:49:22
2026-06-06,ERP,AltaPlanBase,+12679123158,hello@altaplanbase.com,https://altaplanbase.com,111,Dublin,IE,2026-06-06 06:55:57
2026-06-06,MSP Platform,QuantumUptime Soft,+12366761694,contact@quantumuptimesoft.com,https://quantumuptimesoft.com,251,Chicago,US,2026-06-06 03:07:17
2026-06-06,Medical,QuartzChartPlatform’s,679-691-1885,contact@quartzchartplatform.com,quartzchartplatform.com,247,Columbus,US,2026-06-06 04:40:19
2026-06-06,Medical,ApexChart Dynamics,1-419-458-0015,hello@apexchartdynamics.co,apexchartdynamics.co,50,Vancouver,CA,2026-06-06 05:47:39
2026-06-06,MSP Platform,Core NodeSphere,910.820.3028 ext. 77,hello@corenodesphere.co,corenodesphere.co,21,Phoenix,US,2026-06-06 05:35:14
2026-06-06,Legal,KeystoneMatter Tech,+17049171968,info@keystonemattertech.com,https://www.keystonemattertech.com,5,Columbus,US,2026-06-06 01:33:52
2026-06-06,MSP Platform,XenonTicket Cloud,765-519-6729,hello@xenonticketcloud.com,https://www.xenonticketcloud.com,494,Sydney,AU,2026-06-06 06:37:47
2026-06-06,HR,Pivot Benefit Consulting Group,(458) 638-1852,info@pivotbenefitconsultinggroup.com,https://www.pivotbenefitconsultinggroup.com,83,Atlanta,US,2026-06-06 06:58:05
2026-06-06,MSP Platform,CrestPatch Works,+1 (265) 902-7786,sales@crestpatchworks.io,https://www.crestpatchworks.io,17,Manchester,UK,2026-06-06 01:50:27
2026-06-06,HR,Silver Team Consulting Group,+14349847392,hello@silverteamconsultinggroup.com,https://www.silverteamconsultinggroup.com,174,Pune,IN,2026-06-06 03:55:24
2026-06-06,Legal,VertexDocketDesk,1-564-950-5771,hello@vertexdocketdesk.io,https://www.vertexdocketdesk.io,527,Denver,US,2026-06-06 05:46:20
2026-06-06,ERP,Tidal LedgerApp,1-763-244-5197,hello@tidalledgerapp.net,https://www.tidalledgerapp.net,40,Seattle,US,2026-06-06 04:23:54
2026-06-06,HR,Fusion PeopleSoft,7887076791,hello@fusionpeoplesoft.io,fusionpeoplesoft.io,null,Chicago,US,2026-06-06 04:03:30
2026-06-06,Legal,RavenClauseTech,(322) 737-4686,sales@ravenclausetech.com,https://www.ravenclausetech.com,15,London,UK,2026-06-06 04:37:19
2026-06-06,Legal,HarborDocket Point,4743043389,contact@harbordocketpoint.com,https://harbordocketpoint.com,10,Tampa,US,2026-06-06 05:58:10
2026-06-06,ERP,Orbit PlanApp,+18922819539,hello@orbitplanapp.com,orbitplanapp.com,11,Manchester,UK,2026-06-06 03:05:03
2026-06-06,Legal,VertexCaseWorks,+1 (533) 481-8790 ext. 51,sales@vertexcaseworks.com,vertexcaseworks.com,9,Raleigh,US,2026-06-06 01:13:17
2026-06-06,ERP,TruePlanSuite,(604) 494-5051 ext. 15,hello@trueplansuite.co,https://www.trueplansuite.co,62,Chicago,US,2026-06-06 05:11:24
2026-06-06,Legal,SolidClauseWorks,228-267-4990,sales@solidclauseworks.net,solidclauseworks.net,23,Chicago,US,2026-06-06 06:42:51
2026-06-06,Medical,Indigo ChartPoint,(284) 455-5138,info@indigochartpoint.co,https://www.indigochartpoint.co,740,Dublin,IE,2026-06-06 02:23:48
2026-06-06,Medical,XenonHealth Suite,(592) 574-1971,sales@xenonhealthsuite.io,https://www.xenonhealthsuite.io,55,Pune,IN,2026-06-06 02:32:09
2026-06-06,ERP,Umbra ResourceBase,(246) 665-5185,hello@umbraresourcebase.com,https://www.umbraresourcebase.com,8,Austin,US,2026-06-06 01:44:29
2026-06-06,HR,Nimbus Roster Talent Agency,798-477-5022,hello@nimbusrostertalentagency.com,https://www.nimbusrostertalentagency.com,289,Raleigh,US,2026-06-06 02:50:10
2026-06-06,MSP Platform,Alta Node BPO Services,6478293011,info@altanodebposervices.co,https://altanodebposervices.co,209,Phoenix,US,2026-06-06 03:18:48
2026-06-06,MSP Platform,Xenon StackSphere,396-830-7456,sales@xenonstacksphere.com,https://www.xenonstacksphere.com,-,Columbus,US,2026-06-06 04:46:56
2026-06-06,HR,HaloShift Logic,+14338466296,hello@haloshiftlogic.net,haloshiftlogic.net,10,Manchester,UK,2026-06-06 03:29:06
2026-06-06,MSP Platform,NimbusMonitorLogic,983-390-9336,hello@nimbusmonitorlogic.com,https://www.nimbusmonitorlogic.com,8,Bengaluru,IN,2026-06-06 03:21:14
2026-06-06,ERP,Atlas Resource Outsourcing,+19816465468,hello@atlasresourceoutsourcing.com,https://www.atlasresourceoutsourcing.com,35,Columbus,US,2026-06-06 03:14:30
2026-06-06,MSP Platform,SableMonitorSync,(886) 494-6394,info@sablemonitorsync.com,https://sablemonitorsync.com,39,Seattle,US,2026-06-06 02:48:23
2026-06-06,HR,FusionCulture Solutions,(227) 817-1288,hello@fusionculturesolutions.com,https://www.fusionculturesolutions.com,86,Singapore,SG,2026-06-06 01:36:37
2026-06-06,ERP,Pioneer StockSystems,09876520902 ext. 17,sales@pioneerstocksystems.io,https://pioneerstocksystems.io,N/A,Atlanta,US,2026-06-06 02:16:15
2026-06-06,MSP Platform,PrimeMonitorCore,+1 (896) 897-5609,info@primemonitorcore.com,https://primemonitorcore.com,494,Calgary,CA,2026-06-06 04:10:53
2026-06-06,ERP,FalconBatchSphere,(201) 867-0328,info@falconbatchsphere.io,https://www.falconbatchsphere.io,63,Austin,US,2026-06-06 05:52:34
2026-06-06,HR,AtlasTeamHub,+19633804432,hello@atlasteamhub.com,atlasteamhub.com,42,Singapore,SG,2026-06-06 01:13:59
2026-06-06,MSP Platform,Willow StackSystems,3424641584,contact@willowstacksystems.com,https://willowstacksystems.com,25,Tampa,US,2026-06-06 03:25:46
2026-06-06,Legal,ZephyrCompli Base,+1 (847) 713-4449,sales@zephyrcomplibase.com,https://zephyrcomplibase.com,2082,Tampa,US,2026-06-06 06:35:48
2026-06-06,MSP Platform,NorthRemoteTech,1-463-436-9323,contact@northremotetech.io,https://www.northremotetech.io,3905,Phoenix,US,2026-06-06 04:51:56
2026-06-06,Legal,Golden MatterCloud,1-634-491-1320,info@goldenmattercloud.io,https://goldenmattercloud.io,7,Austin,US,2026-06-06 01:49:08
2026-06-06,LMS,TrueMentor Dynamics,(505) 886-3152,sales@truementordynamics.com,https://www.truementordynamics.com,136,Phoenix,US,2026-06-06 02:34:20
2026-06-06,ERP,WillowFinCore,645-602-8150,sales@willowfincore.com,https://www.willowfincore.com,99,Vancouver,CA,2026-06-06 02:33:26
2026-06-06,MSP Platform,HarborPatchSystems,(942) 313-0215 ext. 36,sales@harborpatchsystems.com,https://www.harborpatchsystems.com,19,Raleigh,US,2026-06-06 02:11:37
2026-06-06,MSP Platform,RapidTicketLabs,975-783-9422,hello@rapidticketlabs.com,https://www.rapidticketlabs.com,112,Denver,US,2026-06-06 06:49:26
2026-06-06,HR,Pivot RosterSystems,447.961.6729,hello@pivotrostersystems.com,https://www.pivotrostersystems.com,34,Atlanta,US,2026-06-06 05:49:15
2026-06-06,MSP Platform,RidgewayStack Labs,(290) 711-1562,contact@ridgewaystacklabs.co,ridgewaystacklabs.co,105,Tampa,US,2026-06-06 06:40:10
2026-06-06,Legal,IndigoMatterSolutions,+13245846501,contact@indigomattersolutions.com,https://www.indigomattersolutions.com,337,Denver,US,2026-06-06 06:00:05
2026-06-06,MSP Platform,IronMonitorLogic,720-960-9299,sales@ironmonitorlogic.com,ironmonitorlogic.com,13,Columbus,US,2026-06-06 02:08:19
2026-06-06,ERP,Silver ChainPoint,(576) 898-6058,hello@silverchainpoint.com,silverchainpoint.com,441,Dublin,IE,2026-06-06 01:21:27
2026-06-06,ERP,Falcon Fin Talent Agency,546.949.6766 ext. 92,contact@falconfintalentagency.co,https://www.falconfintalentagency.co,9,Seattle,US,2026-06-06 01:06:45
2026-06-06,Legal,Apex CaseHub,(510) 455-4735,hello@apexcasehub.io,https://apexcasehub.io,17,Boston,US,2026-06-06 03:07:23
2026-06-06,ERP,Beacon OrderCloud,516-729-7478 ext. 96,contact@beaconordercloud.com,https://beaconordercloud.com,210,Tampa,US,2026-06-06 04:35:58
2026-06-06,MSP Platform,Rapid NodeLabs,1-975-501-7488,sales@rapidnodelabs.com,https://rapidnodelabs.com,23,Seattle,US,2026-06-06 05:40:27
2026-06-06,HR,Clear CultureTech,07234130534,sales@clearculturetech.net,https://www.clearculturetech.net,39,Phoenix,US,2026-06-06 02:21:31
2026-06-06,Legal,Core Compli Consulting Group,+16374840084,sales@corecompliconsultinggroup.com,corecompliconsultinggroup.com,248,Raleigh,US,2026-06-06 05:41:48
2026-06-06,Medical,North RxApp,+12834376745,sales@northrxapp.com,https://www.northrxapp.com,48,Atlanta,US,2026-06-06 05:17:01
2026-06-06,ERP,Anchor BatchCore,+1 (729) 787-7628,contact@anchorbatchcore.io,https://anchorbatchcore.io,42,Leeds,UK,2026-06-06 01:12:56
2026-06-06,Legal,AnchorFiling Systems,(578) 290-3745,info@anchorfilingsystems.net,https://www.anchorfilingsystems.net,61,Hyderabad,IN,2026-06-06 06:40:37
2026-06-06,MSP Platform,CrownGrid Works,+18989377872,contact@crowngridworks.com,https://www.crowngridworks.com,401,Leeds,UK,2026-06-06 03:20:31
2026-06-06,Legal,Summit LawPlatform,+14476466816,sales@summitlawplatform.com,https://www.summitlawplatform.com,5,Denver,US,2026-06-06 04:22:55
2026-06-06,ERP,Omni OpsLogic,5533980564,sales@omniopslogic.net,https://www.omniopslogic.net,3455,London,UK,2026-06-06 04:03:01
2026-06-06,ERP,FalconOrder Solutions,+12652396863,hello@falconordersolutions.com,https://www.falconordersolutions.com,322,Amsterdam,NL,2026-06-06 01:12:13
2026-06-06,Medical,Meta TriageSphere,1-680-499-5423,info@metatriagesphere.com,https://www.metatriagesphere.com,95,Boston,US,2026-06-06 02:55:00
2026-06-06,Medical,NovaPatientWorks,(581) 229-5499 ext. 81,contact@novapatientworks.com,https://www.novapatientworks.com,155,London,UK,2026-06-06 03:57:03
2026-06-06,Medical,Zephyr TriageSystems,+13309214294,sales@zephyrtriagesystems.com,https://www.zephyrtriagesystems.com,128,Boston,US,2026-06-06 01:26:40
2026-06-06,Legal,PivotPatch Platform,679-603-1086,hello@pivotpatchplatform.com,pivotpatchplatform.com,7,Seattle,US,2026-06-06 02:55:04
2026-06-06,Legal,RidgeCase Logic,+15346646758,sales@ridgecaselogic.com,https://www.ridgecaselogic.com,77,Atlanta,US,2026-06-06 04:42:03
2026-06-06,MSP Platform,PolarisNet Systems,329-481-2766,hello@polarisnetsystems.com,https://www.polarisnetsystems.com,48,Austin,US,2026-06-06 02:12:10
2026-06-06,MSP Platform,CrestRemoteSync,616-810-7933,,https://crestremotesync.com,48,Boston,US,2026-06-06 03:32:18
2026-06-06,Legal,CrownDocket Sync,5776792181,hello@crowndocketsync.io,https://www.crowndocketsync.io,324,Raleigh,US,2026-06-06 04:05:57
2026-06-06,ERP,ZenStockLogic,(376) 276-3679,info@zenstocklogic.com,https://www.zenstocklogic.com,165,Karachi,PK,2026-06-06 03:18:06
2026-06-06,ERP,CoreOps Hub,7413522377 ext. 17,sales@coreopshub.com,https://www.coreopshub.com,3304,Denver,US,2026-06-06 05:13:57
2026-06-06,LMS,CobaltSkillSync,(474) 706-4384,contact@cobaltskillsync.io,cobaltskillsync.io,104,Tampa,US,2026-06-06 04:14:38
2026-06-06,MSP Platform,Nova NetTech,824-595-5459,contact@novanettech.com,https://www.novanettech.com,6,Raleigh,US,2026-06-06 03:58:44
2026-06-06,ERP,PrimeStock Hub,3098907571,contact@primestockhub.com,https://www.primestockhub.com,17,Phoenix,US,2026-06-06 01:41:43
2026-06-06,HR,AnchorPayroll Suite,544-483-2788 ext. 20,info@anchorpayrollsuite.com,https://anchorpayrollsuite.com,6,Seattle,US,2026-06-06 03:48:09
2026-06-06,MSP Platform,ZephyrMonitor Dynamics,(579) 320-2555 ext. 23,contact@zephyrmonitordynamics.io,zephyrmonitordynamics.io,42,Atlanta,US,2026-06-06 02:02:52
2026-06-06,Medical,Keystone MedSolutions,+15119688895,contact@keystonemedsolutions.net,keystonemedsolutions.net,84,Seattle,US,2026-06-06 03:54:31
2026-06-06,HR,Xenon TeamPoint,283-755-6542,info@xenonteampoint.com,https://xenonteampoint.com,11,Boston,US,2026-06-06 02:15:39
2026-06-06,HR,IronRoster Systems,+1 (272) 999-9889,sales@ironrostersystems.com,https://www.ironrostersystems.com,137,Bengaluru,IN,2026-06-06 06:51:38
2026-06-06,HR,Raven ShiftWorks,+19178428961,sales@ravenshiftworks.io,https://www.ravenshiftworks.io,7,Raleigh,US,2026-06-06 06:56:35
2026-06-06,ERP,Arch ForgeLabs,+12514046525,hello@archforgelabs.net,archforgelabs.net,94,Denver,US,2026-06-06 01:38:33
2026-06-06,Medical,AtlasTriageSolutions,+14093859148,hello@atlastriagesolutions.io,https://www.atlastriagesolutions.io,8,Seattle,US,2026-06-06 02:06:59
2026-06-06,HR,OrbitPerformDesk,(475) 403-1948,contact@orbitperformdesk.com,orbitperformdesk.com,17,Tampa,US,2026-06-06 02:18:27
2026-06-06,LMS,Apex CourseBase,944-777-4196,,https://www.apexcoursebase.com,195,Denver,US,2026-06-06 04:17:07
2026-06-06,MSP Platform,Meta Remote Consulting Group,(414) 623-9954,hello@metaremoteconsultinggroup.io,https://metaremoteconsultinggroup.io,51,Raleigh,US,2026-06-06 06:16:03
2026-06-06,MSP Platform,RidgewayEndpointSuite,8968598699,info@ridgewayendpointsuite.net,https://ridgewayendpointsuite.net,44,Calgary,CA,2026-06-06 03:38:59
2026-06-06,Medical,GoldenCareDesk,204-564-3330,contact@goldencaredesk.com,https://www.goldencaredesk.com,64,Calgary,CA,2026-06-06 01:35:59
2026-06-06,Medical,CoreTriageSphere,(270) 908-1858,sales@coretriagesphere.com,https://www.coretriagesphere.com,7,Phoenix,US,2026-06-06 05:26:28
2026-06-06,ERP,Golden ForgeBase,2226220623,hello@goldenforgebase.net,https://www.goldenforgebase.net,891,Phoenix,US,2026-06-06 06:58:05
2026-06-06,ERP,Core OpsDynamics,781-227-1667,sales@coreopsdynamics.io,coreopsdynamics.io,195,Boston,US,2026-06-06 03:22:36
2026-06-06,MSP Platform,DeltaTicketLogic,312-622-4601,hello@deltaticketlogic.net,https://www.deltaticketlogic.net,99,Denver,US,2026-06-06 01:24:54
2026-06-06,MSP Platform,QuartzNodeDesk,(620) 883-2923,contact@quartznodedesk.io,https://quartznodedesk.io,78,Atlanta,US,2026-06-06 05:19:30
2026-06-06,MSP Platform,Zephyr NodeLabs,658-805-1067,contact@zephyrnodelabs.io,https://www.zephyrnodelabs.io,4337,Denver,US,2026-06-06 02:10:55
2026-06-06,ERP,OrbitOrder Systems,501-403-2417,hello@orbitordersystems.com,https://www.orbitordersystems.com,14,Lahore,PK,2026-06-06 01:32:47
2026-06-06,Medical,SilverHealthFlow,+1 (819) 416-2988,sales@silverhealthflow.com,https://silverhealthflow.com,4038,Seattle,US,2026-06-06 01:35:55
2026-06-06,HR,True Roster Talent Agency,(811) 565-5721,contact@truerostertalentagency.com,https://www.truerostertalentagency.com,12,Boston,US,2026-06-06 04:54:02
2026-06-06,Legal,Atlas VerdictFlow,1-726-783-8692,info@atlasverdictflow.com,https://atlasverdictflow.com,12,Tampa,US,2026-06-06 05:11:27
2026-06-06,Medical,Umbra PatientBase,(835) 273-8037,hello@umbrapatientbase.net,https://umbrapatientbase.net,18,Atlanta,US,2026-06-06 03:47:00
2026-06-06,ERP,CedarStockLogic,(873) 363-9765,N/A,https://www.cedarstocklogic.io,135,Phoenix,US,2026-06-06 06:56:26
2026-06-06,HR,NorthPerformFlow,959-224-2194,contact@northperformflow.net,https://www.northperformflow.net,148,Austin,US,2026-06-06 03:37:26
2026-06-06,HR,Raven CultureDynamics,+12683431973,sales@ravenculturedynamics.com,https://ravenculturedynamics.com,392,Calgary,CA,2026-06-06 05:08:53
2026-06-06,ERP,VeloOpsLogic,(545) 612-9978 ext. 64,sales@veloopslogic.com,https://veloopslogic.com,155,Austin,US,2026-06-06 01:57:16
2026-06-06,LMS,Arch LessonSuite,4235777695,sales@archlessonsuite.io,https://archlessonsuite.io,51,Boston,US,2026-06-06 04:54:21
2026-06-06,Medical,VistaVitalSoft,862-282-5588,null,https://www.vistavitalsoft.com,128,London,UK,2026-06-06 03:19:13
2026-06-06,HR,LumenBenefit Desk,220-781-3326,info@lumenbenefitdesk.io,https://www.lumenbenefitdesk.io,4679,Amsterdam,NL,2026-06-06 02:15:02
2026-06-06,Medical,Vertex TriageSuite,+17472866975,hello@vertextriagesuite.com,https://www.vertextriagesuite.com,768,Atlanta,US,2026-06-06 05:22:20
2026-06-06,Medical,Harbor PatientSphere,1-980-317-4581,contact@harborpatientsphere.com,https://www.harborpatientsphere.com,28,Boston,US,2026-06-06 01:34:22
2026-06-06,Legal,Lattice LawSystems,+18463941404,hello@latticelawsystems.com,latticelawsystems.com,11,Raleigh,US,2026-06-06 04:26:16
2026-06-06,Legal,Alta VerdictHub,1-910-437-9120,contact@altaverdicthub.com,https://www.altaverdicthub.com,14,Islamabad,PK,2026-06-06 05:30:44
2026-06-06,ERP,Halo Stock BPO Services,912.931.8679,sales@halostockbposervices.com,https://www.halostockbposervices.com,11,Munich,DE,2026-06-06 06:02:51
2026-06-06,HR,RavenCultureSolutions,916.357.7388,sales@ravenculturesolutions.net,https://www.ravenculturesolutions.net,440,Toronto,CA,2026-06-06 03:12:51
2026-06-06,Medical,SummitPatient Works,585-334-9764,hello@summitpatientworks.io,summitpatientworks.io,56,Boston,US,2026-06-06 03:28:56
2026-06-06,HR,CrestCulture Platform,+1 (351) 325-1874,info@crestcultureplatform.com,https://www.crestcultureplatform.com,9,Raleigh,US,2026-06-06 05:14:42
2026-06-06,MSP Platform,FalconTicketBase,(905) 700-4396,contact@falconticketbase.io,https://falconticketbase.io,199,Raleigh,US,2026-06-06 03:41:45
2026-06-06,MSP Platform,OrbitStackLabs,+1 (428) 324-9860,contact@orbitstacklabs.com,https://www.orbitstacklabs.com,64,Phoenix,US,2026-06-06 06:23:11
2026-06-06,HR,VeloOnboardFlow,1-790-936-2176,contact@veloonboardflow.com,https://www.veloonboardflow.com,337,Chicago,US,2026-06-06 04:03:10
2026-06-06,Legal,Quartz ClauseWorks,03407083808,hello@quartzclauseworks.io,https://quartzclauseworks.io,5,Denver,US,2026-06-06 02:08:15
2026-06-06,MSP Platform,Pioneer Grid Recruiting,1-834-388-1034,hello@pioneergridrecruiting.io,https://www.pioneergridrecruiting.io,11,Chicago,US,2026-06-06 06:16:02
2026-06-06,ERP,OnyxLedgerWorks,+1 (921) 395-1226,sales@onyxledgerworks.io,https://onyxledgerworks.io,9,Toronto,CA,2026-06-06 01:31:06
2026-06-06,ERP,IndigoLedgerCloud,778.364.1375 ext. 59,N/A,https://www.indigoledgercloud.com,500,Boston,US,2026-06-06 06:24:46
2026-06-06,ERP,PrimeChainSync,5135861290,hello@primechainsync.com,https://www.primechainsync.com,13,Raleigh,US,2026-06-06 02:20:22
2026-06-06,Medical,MetaPatientLogic,+15453335399,info@metapatientlogic.com,metapatientlogic.com,56,Sydney,AU,2026-06-06 03:34:36
2026-06-06,HR,GoldenClinic Dynamics,+1 (483) 317-8098,contact@goldenclinicdynamics.co,goldenclinicdynamics.co,9,Atlanta,US,2026-06-06 04:35:04
2026-06-06,HR,SilverShift Labs,(543) 482-0394,contact@silvershiftlabs.com,https://www.silvershiftlabs.com,4373,Hyderabad,IN,2026-06-06 05:02:54
2026-06-06,MSP Platform,Cobalt NodeSync Technologies Inc.,218-930-0761,sales@cobaltnodesync.io,https://www.cobaltnodesync.io,31,Hyderabad,IN,2026-06-06 04:56:57
2026-06-06,HR,BluePayrollSync,(326) 810-9784,contact@bluepayrollsync.com,https://www.bluepayrollsync.com,27,Atlanta,US,2026-06-06 05:14:10
2026-06-06,HR,ZenPerform Cloud,(635) 915-3312,hello@zenperformcloud.io,zenperformcloud.io,4069,Sydney,AU,2026-06-06 05:10:17
2026-06-06,HR,ZenPayrollTech,+19547114785,hello@zenpayrolltech.com,zenpayrolltech.com,122,Seattle,US,2026-06-06 06:37:49
2026-06-06,HR,QuartzCulture Flow,(844) 544-7204,info@quartzcultureflow.io,https://www.quartzcultureflow.io,387,Seattle,US,2026-06-06 03:46:59
2026-06-06,ERP,Quantum PlanCloud,03683130525,sales@quantumplancloud.com,https://www.quantumplancloud.com,941,Seattle,US,2026-06-06 04:59:31
2026-06-06,HR,Cobalt RosterSphere,(788) 691-9391,hello@cobaltrostersphere.com,https://cobaltrostersphere.com,17,Chicago,US,2026-06-06 03:14:57
2026-06-06,ERP,Atlas PlanSuite,376.598.9068,sales@atlasplansuite.io,https://www.atlasplansuite.io,16,Chicago,US,2026-06-06 05:30:00
2026-06-06,Legal,Raven LawPoint,3763561166,hello@ravenlawpoint.io,https://www.ravenlawpoint.io,288,Seattle,US,2026-06-06 01:47:20
2026-06-06,MSP Platform,RidgewayTicketLabs,1-519-961-2157,sales@ridgewayticketlabs.co,https://www.ridgewayticketlabs.co,17,Seattle,US,2026-06-06 06:59:47
2026-06-06,Medical,Orbit HealthPoint,736.561.8384,sales@orbithealthpoint.co,https://www.orbithealthpoint.co,48,Columbus,US,2026-06-06 02:36:20
2026-06-06,ERP,BeaconResource Flow,+1 (689) 943-9528,info@beaconresourceflow.com,https://www.beaconresourceflow.com,82,Columbus,US,2026-06-06 01:11:09
2026-06-06,MSP Platform,UmbraTicket’s Base,(716) 584-8452,hello@umbraticketbase.com,https://www.umbraticketbase.com,11,Denver,US,2026-06-06 02:26:43
2026-06-06,ERP,VistaFin Works,878-364-5471,sales@vistafinworks.io,https://www.vistafinworks.io,127,Tampa,US,2026-06-06 02:10:12
2026-06-06,HR,RavenPayroll Systems,753-697-0280,contact@ravenpayrollsystems.com,ravenpayrollsystems.com,328,Munich,DE,2026-06-06 01:22:24
2026-06-06,HR,Vertex OnboardSystems,9679052273,info@vertexonboardsystems.com,https://vertexonboardsystems.com,19,London,UK,2026-06-06 06:52:33
2026-06-06,Legal,Meta VerdictSoft,8814806228,sales@metaverdictsoft.com,https://metaverdictsoft.com,21,Tampa,US,2026-06-06 02:06:23
2026-06-06,ERP,IronOrderLabs,+15075944193,info@ironorderlabs.com,https://ironorderlabs.com,46,Austin,US,2026-06-06 03:15:20
2026-06-06,MSP Platform,AtlasNodeHub,06506048332,contact@atlasnodehub.io,https://atlasnodehub.io,14,Boston,US,2026-06-06 02:41:01
2026-06-06,LMS,VistaLearn Point,318-343-4702,sales@vistalearnpoint.com,vistalearnpoint.com,475,Columbus,US,2026-06-06 03:30:41
2026-06-06,MSP Platform,Orbit StackCloud,+17459286109,sales@orbitstackcloud.com,orbitstackcloud.com,56,Raleigh,US,2026-06-06 04:03:31
2026-06-06,ERP,RapidResourceLogic,506-944-6271,info@rapidresourcelogic.com,https://rapidresourcelogic.com,30,Seattle,US,2026-06-06 01:33:54
2026-06-06,MSP Platform,CedarTicket Core,844.526.9379,info@cedarticketcore.com,https://cedarticketcore.com,147,Leeds,UK,2026-06-06 04:59:38
2026-06-06,Legal,WillowClauseSync,438.800.2630,hello@willowclausesync.co,https://www.willowclausesync.co,16,Denver,US,2026-06-06 01:25:56
2026-06-06,Legal,Pivot CaseSystems,+12123379130,sales@pivotcasesystems.com,https://www.pivotcasesystems.com,231,Austin,US,2026-06-06 02:05:24
2026-06-06,MSP Platform,OmniNet Soft,448-329-8471,info@omninetsoft.com,https://omninetsoft.com,519,Seattle,US,2026-06-06 04:20:27
2026-06-06,HR,True OnboardSuite,(910) 400-7810,contact@trueonboardsuite.com,https://www.trueonboardsuite.com,14,Tampa,US,2026-06-06 01:29:31
2026-06-06,MSP Platform,Vertex GridApp,(801) 900-3693,sales@vertexgridapp.net,https://vertexgridapp.net,326,Austin,US,2026-06-06 03:47:16
2026-06-06,HR,LumenTeamPlatform,323.623.7274 ext. 46,contact@lumenteamplatform.com,lumenteamplatform.com,179,Hyderabad,IN,2026-06-06 06:18:45
2026-06-06,MSP Platform,BoldNodeBase,(940) 619-9821,hello@boldnodebase.com,https://boldnodebase.com,491,Raleigh,US,2026-06-06 01:52:53
2026-06-06,MSP Platform,Xenon NodeCore,(256) 290-9314,hello@xenonnodecore.com,https://www.xenonnodecore.com,40,Vancouver,CA,2026-06-06 05:37:27
2026-06-06,ERP,Anchor PlanWorks,7794167399 ext. 17,hello@anchorplanworks.net,https://www.anchorplanworks.net,227,Phoenix,US,2026-06-06 02:00:09
2026-06-06,ERP,MosaicOps Sphere,7896493607,sales@mosaicopssphere.com,https://www.mosaicopssphere.com,144,Hyderabad,IN,2026-06-06 01:03:04
2026-06-06,Medical,OmniChart Sync,633-474-4325 ext. 86,sales@omnichartsync.com,https://omnichartsync.com,16,Atlanta,US,2026-06-06 01:20:59
2026-06-06,Legal,CrestCase Hub,1-552-670-7949,sales@crestcasehub.com,https://www.crestcasehub.com,48,Boston,US,2026-06-06 02:18:32
2026-06-06,MSP Platform,OrbitStackSoft,+18552037971,hello@orbitstacksoft.com,https://www.orbitstacksoft.com,9,Leeds,UK,2026-06-06 06:31:15
2026-06-06,Legal,Nova MatterSystems,+19244492331,contact@novamattersystems.io,https://www.novamattersystems.io,3762,Tampa,US,2026-06-06 02:40:20
2026-06-06,ERP,Keystone ChainSync,3482626777,info@keystonechainsync.com,https://www.keystonechainsync.com,17,Austin,US,2026-06-06 02:13:35
2026-06-06,MSP Platform,KeystoneUptime Cloud,435-326-7750,info@keystoneuptimecloud.com,https://www.keystoneuptimecloud.com,129,Islamabad,PK,2026-06-06 02:09:34
2026-06-06,HR,Velo BenefitLogic,(207) 681-0957,contact@velobenefitlogic.io,https://www.velobenefitlogic.io,18,Raleigh,US,2026-06-06 06:00:00
2026-06-06,Medical,VistaHealth Hub,+1 (240) 655-6466,contact@vistahealthhub.com,https://www.vistahealthhub.com,5,Singapore,SG,2026-06-06 01:18:17
2026-06-06,Medical,Granite MedSphere,333-498-4534,info@granitemedsphere.net,https://granitemedsphere.net,408,Boston,US,2026-06-06 02:16:45
2026-06-06,ERP,Bright OrderSystems,+18342384212,info@brightordersystems.com,https://www.brightordersystems.com,104,Lahore,PK,2026-06-06 02:18:23
2026-06-06,ERP,ArchOpsSync,+13772601219,info@archopssync.com,https://www.archopssync.com,276,Atlanta,US,2026-06-06 03:56:43
2026-06-06,LMS,AtlasCohort Core,1-208-914-0608,sales@atlascohortcore.com,https://www.atlascohortcore.com,206,Chicago,US,2026-06-06 01:16:00
2026-06-06,Medical,BoldRxDesk,+16276805476,hello@boldrxdesk.com,boldrxdesk.com,64,Sydney,AU,2026-06-06 02:41:54
2026-06-06,Medical,Crown PatientSoft,819-758-5786,info@crownpatientsoft.io,https://www.crownpatientsoft.io,38,Toronto,CA,2026-06-06 03:43:02
2026-06-06,Medical,Velo MedLabs,6015795052,contact@velomedlabs.io,velomedlabs.io,247,Bengaluru,IN,2026-06-06 05:31:03
2026-06-06,ERP,Mosaic OpsCloud,1-635-904-4703,hello@mosaicopscloud.com,https://www.mosaicopscloud.com,19,Austin,US,2026-06-06 05:04:02
2026-06-06,MSP Platform,OmniPatch Suite,(355) 314-2636,null,https://www.omnipatchsuite.co,83,Sydney,AU,2026-06-06 01:06:37
2026-06-06,Legal,Alta VerdictDynamics,255.382.8997,contact@altaverdictdynamics.com,https://www.altaverdictdynamics.com,150,Leeds,UK,2026-06-06 06:03:10
2026-06-06,HR,CobaltBenefitSphere,(664) 827-2094,contact@cobaltbenefitsphere.com,https://www.cobaltbenefitsphere.com,12,Toronto,CA,2026-06-06 04:25:31
2026-06-06,HR,IronCulture Platform,(519) 300-1857,hello@ironcultureplatform.com,https://ironcultureplatform.com,811,Toronto,CA,2026-06-06 06:25:26
2026-06-06,Medical,Velo VitalPlatform,456-736-6641,info@velovitalplatform.io,https://www.velovitalplatform.io,18,Columbus,US,2026-06-06 04:12:48
2026-06-06,Medical,Atlas PatientPoint,417.448.0434,contact@atlaspatientpoint.io,https://atlaspatientpoint.io,79,Boston,US,2026-06-06 04:15:03
2026-06-06,ERP,MosaicForgeSync,7209671218,sales@mosaicforgesync.com,mosaicforgesync.com,4647,Tampa,US,2026-06-06 02:53:00
2026-06-06,Medical,JuniperClinicDesk,214.395.1239,sales@juniperclinicdesk.com,juniperclinicdesk.com,282,Vancouver,CA,2026-06-06 01:44:20
2026-06-06,HR,PioneerBenefitSphere,(492) 608-6072,sales@pioneerbenefitsphere.io,https://www.pioneerbenefitsphere.io,166,Tampa,US,2026-06-06 02:31:16
2026-06-06,Legal,SolidFilingSync,(709) 784-1379,hello@solidfilingsync.com,solidfilingsync.com,373,Chicago,US,2026-06-06 01:39:44
2026-06-06,HR,CorePerformApp,866-227-6049,hello@coreperformapp.co,https://coreperformapp.co,251,Toronto,CA,2026-06-06 02:53:00
2026-06-06,Legal,Quantum DocketSuite,(905) 468-3938,N/A,https://www.quantumdocketsuite.com,212,Melbourne,AU,2026-06-06 01:08:57
2026-06-06,LMS,OnyxCohort Sync,1-917-574-4638,contact@onyxcohortsync.com,https://www.onyxcohortsync.com,391,Tampa,US,2026-06-06 01:47:02
2026-06-06,MSP Platform,RapidNode Core,+18015556858 ext. 6,contact@rapidnodecore.com,https://www.rapidnodecore.com,38,Melbourne,AU,2026-06-06 06:02:56
2026-06-06,ERP,OnyxOps Soft,(628) 481-4085,info@onyxopssoft.co,https://www.onyxopssoft.co,33,Atlanta,US,2026-06-06 04:19:33
2026-06-06,MSP Platform,Willow GridPlatform,865.467.2882,contact@willowgridplatform.com,https://www.willowgridplatform.com,121,Leeds,UK,2026-06-06 06:01:51
2026-06-06,HR,Delta RosterWorks,+13828627141,hello@deltarosterworks.com,https://www.deltarosterworks.com,119,Denver,US,2026-06-06 06:31:38
2026-06-06,ERP,SableBatchBase,8857153675 ext. 5,contact@sablebatchbase.com,sablebatchbase.com,7,Boston,US,2026-06-06 03:18:54
2026-06-06,ERP,Mosaic FinLogic,477.269.7981,contact@mosaicfinlogic.co,mosaicfinlogic.co,272,Leeds,UK,2026-06-06 03:28:50
2026-06-06,MSP Platform,Lumen TicketFlow,+17865942824,contact@lumenticketflow.net,https://www.lumenticketflow.net,53,Melbourne,AU,2026-06-06 03:17:44
2026-06-06,HR,OmniTalentSuite,484.236.9826,hello@omnitalentsuite.com,https://www.omnitalentsuite.com,414,Seattle,US,2026-06-06 05:33:05
2026-06-06,Medical,Delta ClinicHub,525-435-0186,-,https://deltaclinichub.com,8,Leeds,UK,2026-06-06 02:24:00
2026-06-06,ERP,WillowStockTech,5109001008,sales@willowstocktech.com,https://willowstocktech.com,98,Columbus,US,2026-06-06 02:50:57
2026-06-06,MSP Platform,RidgePatch Base,1-202-394-6448,contact@ridgepatchbase.com,https://www.ridgepatchbase.com,75,Seattle,US,2026-06-06 01:14:08
2026-06-06,ERP,Falcon StockHub,(761) 997-1131,info@falconstockhub.io,https://www.falconstockhub.io,39,Dublin,IE,2026-06-06 06:24:11
2026-06-06,ERP,Mosaic StockHub,+13924306714,contact@mosaicstockhub.com,https://www.mosaicstockhub.com,518,Tampa,US,2026-06-06 06:43:21
2026-06-06,LMS,VertexTutor Flow,+16748747183,hello@vertextutorflow.net,https://www.vertextutorflow.net,26,Phoenix,US,2026-06-06 02:59:04
2026-06-06,Legal,Bold MatterSystems,04702857555,contact@boldmattersystems.com,https://www.boldmattersystems.com,14,Boston,US,2026-06-06 03:07:45
2026-06-06,MSP Platform,Rapid EndpointSphere,(776) 255-5620,info@rapidendpointsphere.com,https://rapidendpointsphere.com,235,Berlin,DE,2026-06-06 02:49:08
2026-06-06,Medical,Anchor CareLogic,1-224-222-0899,contact@anchorcarelogic.com,https://anchorcarelogic.com,22,Melbourne,AU,2026-06-06 03:01:13
2026-06-06,ERP,FusionBatch Labs,(203) 515-5096,sales@fusionbatchlabs.com,fusionbatchlabs.com,10,Chicago,US,2026-06-06 03:28:18
2026-06-06,Medical,JuniperVitalWorks,495-549-9364,hello@junipervitalworks.com,https://junipervitalworks.com,831,London,UK,2026-06-06 03:14:45
2026-06-06,MSP Platform,Harbor TicketTech,879.578.0948,hello@harbortickettech.com,https://www.harbortickettech.com,141,Seattle,US,2026-06-06 03:04:42
2026-06-06,MSP Platform,IndigoNet Sphere,8952570003,sales@indigonetsphere.com,indigonetsphere.com,111,London,UK,2026-06-06 02:40:34
2026-06-06,HR,Granite CultureCloud,+14366065730,null,https://graniteculturecloud.com,7,Manchester,UK,2026-06-06 03:20:10
2026-06-06,Medical,BlueChartCloud,853-730-4030,sales@bluechartcloud.co,bluechartcloud.co,22,Atlanta,US,2026-06-06 01:28:18
2026-06-06,ERP,IronForgeSoft,262-471-5286,contact@ironforgesoft.com,https://www.ironforgesoft.com,32,Sydney,AU,2026-06-06 06:17:17
2026-06-06,MSP Platform,MosaicMonitorSolutions,3506277038,hello@mosaicmonitorsolutions.com,https://www.mosaicmonitorsolutions.com,44,Vancouver,CA,2026-06-06 05:44:00
2026-06-06,ERP,Nova PlanCore,1-955-685-4162,hello@novaplancore.com,https://novaplancore.com,69,Bengaluru,IN,2026-06-06 04:04:33
2026-06-06,ERP,Atlas OpsCore,812-221-1508 ext. 76,sales@atlasopscore.com,https://www.atlasopscore.com,744,Islamabad,PK,2026-06-06 01:07:25
2026-06-06,ERP,Onyx BatchSphere,362-816-8823,-,https://onyxbatchsphere.co,4347,Pune,IN,2026-06-06 05:52:57
2026-06-06,HR,FusionRoster Works,+19738470033,hello@fusionrosterworks.com,https://www.fusionrosterworks.com,181,Calgary,CA,2026-06-06 06:09:42
2026-06-06,Medical,AnchorVitalPoint,677-787-6811,contact@anchorvitalpoint.com,https://anchorvitalpoint.com,14,Berlin,DE,2026-06-06 05:26:27
2026-06-06,Medical,FusionHealthHub,+16994213242,info@fusionhealthhub.io,https://www.fusionhealthhub.io,181,null,US,2026-06-06 03:08:23
2026-06-06,HR,ApexShift Point,846-822-1714 ext. 45,contact@apexshiftpoint.io,https://www.apexshiftpoint.io,239,Tampa,US,2026-06-06 06:35:13
2026-06-06,HR,DeltaTalentTech,+1 (254) 443-7452,sales@deltatalenttech.io,https://www.deltatalenttech.io,99,Boston,US,2026-06-06 02:12:48
2026-06-06,ERP,Rapid LedgerSoft,+18447977965,sales@rapidledgersoft.com,https://rapidledgersoft.com,43,Phoenix,US,2026-06-06 02:02:49
2026-06-06,Legal,AltaCaseTech,986-334-1414,info@altacasetech.io,https://www.altacasetech.io,74,Tampa,US,2026-06-06 01:42:32
2026-06-06,Medical,Solid TriageTech,1-751-342-8676 ext. 20,hello@solidtriagetech.net,https://solidtriagetech.net,85,Seattle,US,2026-06-06 05:45:45
2026-06-06,Medical,XenonHealth Solutions,1-988-417-7121,hello@xenonhealthsolutions.co,https://xenonhealthsolutions.co,51,Seattle,US,2026-06-06 04:41:04
2026-06-06,Legal,FalconDocket Sphere,(705) 654-7670,,https://www.falcondocketsphere.com,56,Bengaluru,IN,2026-06-06 03:02:55
2026-06-06,HR,TrueBenefit Solutions,(664) 542-3743,sales@truebenefitsolutions.com,https://www.truebenefitsolutions.com,61,Melbourne,AU,2026-06-06 03:51:52
2026-06-06,MSP Platform,Summit MonitorCloud,1-537-213-3165,sales@summitmonitorcloud.net,https://www.summitmonitorcloud.net,5,Singapore,SG,2026-06-06 03:10:49
2026-06-06,ERP,FusionPlanTech,630.640.2156,contact@fusionplantech.com,https://www.fusionplantech.com,595,Austin,US,2026-06-06 03:55:33
2026-06-06,Medical,Ember ClinicWorks,+14408378490 ext. 26,info@emberclinicworks.com,emberclinicworks.com,353,Singapore,SG,2026-06-06 05:28:59
2026-06-06,Medical,EmberVitalSync,1-750-889-0437,sales@embervitalsync.com,https://www.embervitalsync.com,18,Raleigh,US,2026-06-06 06:23:16
2026-06-06,MSP Platform,BlueChain Logic,+16376059302,sales@bluechainlogic.com,https://www.bluechainlogic.com,297,Tampa,US,2026-06-06 04:54:14
2026-06-06,HR,TidalPeopleDynamics,1-277-744-4558,info@tidalpeopledynamics.com,https://tidalpeopledynamics.com,458,Columbus,US,2026-06-06 03:18:03
2026-06-06,MSP Platform,ZenRemoteDynamics,+19223178567,sales@zenremotedynamics.io,https://zenremotedynamics.io,5,Denver,US,2026-06-06 04:22:16
2026-06-06,HR,FalconCulture Core,3854488845,info@falconculturecore.com,https://www.falconculturecore.com,278,Austin,US,2026-06-06 06:48:05
2026-06-06,ERP,Clear PlanPoint,849-203-2756,,https://clearplanpoint.com,18,Austin,US,2026-06-06 02:59:59
2026-06-06,HR,BeaconTalent Labs,(907) 845-6598,contact@beacontalentlabs.com,https://www.beacontalentlabs.com,51,Columbus,US,2026-06-06 01:35:26
2026-06-06,Medical,CrownMedBase,03824561003,sales@crownmedbase.com,crownmedbase.com,47,Berlin,DE,2026-06-06 05:43:18
2026-06-06,ERP,ZenPlanApp,(436) 609-8295,info@zenplanapp.com,https://www.zenplanapp.com,-,Columbus,US,2026-06-06 03:35:37
2026-06-06,MSP Platform,Crest NodeFlow,(850) 586-5598,hello@crestnodeflow.com,https://www.crestnodeflow.com,184,Phoenix,US,2026-06-06 04:37:31
2026-06-06,Medical,True VitalWorks,(637) 777-5471,contact@truevitalworks.com,https://truevitalworks.com,16,Raleigh,US,2026-06-06 05:03:22
2026-06-06,MSP Platform,Pivot NodeLogic,204.366.2906,info@pivotnodelogic.com,https://www.pivotnodelogic.com,3015,Boston,US,2026-06-06 02:03:52
2026-06-06,Legal,XenonLawSphere,378-253-1118,hello@xenonlawsphere.com,https://www.xenonlawsphere.com,11,Karachi,PK,2026-06-06 05:38:53
2026-06-06,Medical,Polaris HealthDynamics,+1 (681) 448-3179,info@polarishealthdynamics.com,https://www.polarishealthdynamics.com,498,Melbourne,AU,2026-06-06 01:06:06
2026-06-06,MSP Platform,Quartz’s MonitorSolutions,803.302.3615,sales@quartzmonitorsolutions.com,https://quartzmonitorsolutions.com,20,Leeds,UK,2026-06-06 03:21:38
2026-06-06,ERP,Crown ChainWorks,(786) 234-7839,contact@crownchainworks.io,https://crownchainworks.io,875,Manchester,UK,2026-06-06 03:17:13
2026-06-06,HR,QuartzRosterBase,+13676970165,sales@quartzrosterbase.co,https://www.quartzrosterbase.co,55,Seattle,US,2026-06-06 06:01:45
2026-06-06,MSP Platform,UmbraRemote Logic,+15965983864,hello@umbraremotelogic.co,https://umbraremotelogic.co,242,Singapore,SG,2026-06-06 03:26:18
2026-06-06,HR,CedarOnboard Base,326-266-7398,info@cedaronboardbase.com,https://www.cedaronboardbase.com,162,Toronto,CA,2026-06-06 03:07:24
2026-06-06,Medical,CorePulseCloud,510-294-4092,info@corepulsecloud.com,https://www.corepulsecloud.com,19,Melbourne,AU,2026-06-06 04:13:06
2026-06-06,Legal,RavenMatter Systems,+19042972717,info@ravenmattersystems.com,https://www.ravenmattersystems.com,54,Boston,US,2026-06-06 04:20:47
2026-06-06,ERP,ZenChain Cloud,(745) 317-4669,info@zenchaincloud.io,https://www.zenchaincloud.io,428,Manchester,UK,2026-06-06 01:25:48
2026-06-06,HR,Cobalt BenefitLogic,676-440-1519,contact@cobaltbenefitlogic.co,https://www.cobaltbenefitlogic.co,50,Chicago,US,2026-06-06 02:31:28
2026-06-06,ERP,Halo BatchLabs,+17868624189,contact@halobatchlabs.com,https://www.halobatchlabs.com,84,Bengaluru,IN,2026-06-06 01:43:30
2026-06-06,ERP,Juniper LedgerHub,679-846-7560,contact@juniperledgerhub.co,https://www.juniperledgerhub.co,120,Dublin,IE,2026-06-06 06:35:31
2026-06-06,ERP,BoldPlan Point,09169652810,sales@boldplanpoint.io,https://www.boldplanpoint.io,517,Boston,US,2026-06-06 03:46:58
2026-06-06,ERP,VeloStockCore,+12796416524,info@velostockcore.com,https://www.velostockcore.com,636,N/A,IE,2026-06-06 05:00:14
2026-06-06,MSP Platform,Umbra StackPlatform,936-871-7317,info@umbrastackplatform.io,https://www.umbrastackplatform.io,164,Tampa,US,2026-06-06 06:32:16
2026-06-06,Medical,ClearHealth Base,7038454906,hello@clearhealthbase.com,https://www.clearhealthbase.com,47,Austin,US,2026-06-06 03:12:14
2026-06-06,Medical,DeltaChartSystems,(251) 321-7584 ext. 29,N/A,https://deltachartsystems.io,719,Singapore,SG,2026-06-06 01:05:37
2026-06-06,ERP,HaloFin Tech,(623) 520-9248,hello@halofintech.com,https://www.halofintech.com,31,N/A,US,2026-06-06 06:15:10
2026-06-06,LMS,XenonTrainLabs,1-254-535-6765,hello@xenontrainlabs.io,https://www.xenontrainlabs.io,451,Raleigh,US,2026-06-06 06:48:11
2026-06-06,MSP Platform,Alta RemoteLabs,+14993163178,hello@altaremotelabs.com,https://altaremotelabs.com,274,Columbus,US,2026-06-06 03:29:52
2026-06-06,Medical,Meta TriagePoint,602-781-7343,info@metatriagepoint.com,https://www.metatriagepoint.com,25,Leeds,UK,2026-06-06 03:59:25
2026-06-06,ERP,OnyxChainDesk,313-461-3063,hello@onyxchaindesk.com,https://www.onyxchaindesk.com,12,Phoenix,US,2026-06-06 03:39:42
2026-06-06,HR,RapidRosterHub,564-768-7550,contact@rapidrosterhub.com,https://www.rapidrosterhub.com,21,Phoenix,US,2026-06-06 06:36:52
2026-06-06,ERP,Crown OpsHub,573-746-0707,info@crownopshub.io,https://crownopshub.io,5,Boston,US,2026-06-06 04:40:17
2026-06-06,HR,Meta RosterCloud,+12826584998 ext. 46,info@metarostercloud.com,https://metarostercloud.com,209,Chicago,US,2026-06-06 04:04:25
2026-06-06,Legal,OmniDocketLabs,525-412-0551,info@omnidocketlabs.com,https://omnidocketlabs.com,48,Bengaluru,IN,2026-06-06 01:41:22
2026-06-06,ERP,Orbit Forge Talent Agency,1-729-989-6678,sales@orbitforgetalentagency.com,https://www.orbitforgetalentagency.com,495,Raleigh,US,2026-06-06 03:03:54
2026-06-06,MSP Platform,FalconRemoteCloud,363-937-1878,sales@falconremotecloud.io,https://www.falconremotecloud.io,44,Austin,US,2026-06-06 02:56:32
2026-06-06,Legal,Fusion MatterLogic,1-301-891-3147,hello@fusionmatterlogic.com,fusionmatterlogic.com,21,Chicago,US,2026-06-06 03:40:33
2026-06-06,ERP,GoldenBatch Sync,335-763-2368,sales@goldenbatchsync.net,https://www.goldenbatchsync.net,7,Austin,US,2026-06-06 02:49:07
2026-06-06,LMS,Iron CourseSphere,8884524096,contact@ironcoursesphere.com,https://www.ironcoursesphere.com,46,Seattle,US,2026-06-06 04:19:17
2026-06-06,Medical,SummitRx Works,+1 (639) 831-4016,info@summitrxworks.io,https://www.summitrxworks.io,330,Melbourne,AU,2026-06-06 01:34:19
2026-06-06,Medical,Keystone CarePlatform,07374162313,info@keystonecareplatform.com,https://www.keystonecareplatform.com,243,Toronto,CA,2026-06-06 03:33:27
2026-06-06,ERP,Velo OrderFlow,(809) 778-0085,hello@veloorderflow.com,https://www.veloorderflow.com,11,Chicago,US,2026-06-06 02:18:51
2026-06-06,ERP,TidalStockLabs,598-271-1373,contact@tidalstocklabs.com,https://www.tidalstocklabs.com,25,Melbourne,AU,2026-06-06 05:29:37
2026-06-06,Legal,HaloFiling Sync,220-243-4372,info@halofilingsync.com,https://halofilingsync.com,19,Austin,US,2026-06-06 03:39:09
2026-06-06,MSP Platform,BeaconEndpoint Labs,7164449146,contact@beaconendpointlabs.io,https://www.beaconendpointlabs.io,412,Chicago,US,2026-06-06 06:12:55
2026-06-06,ERP,NovaOps Cloud,8303228861,sales@novaopscloud.com,https://novaopscloud.com,51,Karachi,PK,2026-06-06 03:34:44
2026-06-06,Medical,CrestHealthPoint,(809) 586-8811,hello@cresthealthpoint.com,https://www.cresthealthpoint.com,13,Atlanta,US,2026-06-06 03:13:10
2026-06-06,HR,MosaicRoster Cloud,385-892-4334,sales@mosaicrostercloud.com,https://www.mosaicrostercloud.com,24,Raleigh,US,2026-06-06 02:59:45
2026-06-06,Medical,IronTriageLogic,+15915773525,info@irontriagelogic.com,https://www.irontriagelogic.com,77,Dublin,IE,2026-06-06 06:50:32
2026-06-06,Medical,FalconCareDynamics,(963) 895-0465 ext. 50,hello@falconcaredynamics.com,https://www.falconcaredynamics.com,984,Manchester,UK,2026-06-06 03:56:00
2026-06-06,MSP Platform,SolidNetSphere,854.866.1097,contact@solidnetsphere.net,https://www.solidnetsphere.net,26,Hyderabad,IN,2026-06-06 02:48:40
2026-06-06,HR,BrightPayrollLabs,(219) 845-3041,info@brightpayrolllabs.com,https://www.brightpayrolllabs.com,435,Dublin,IE,2026-06-06 05:18:55
2026-06-06,HR,FalconCultureLabs,(288) 523-0468,contact@falconculturelabs.com,https://www.falconculturelabs.com,10,Phoenix,US,2026-06-06 01:03:20
2026-06-06,Medical,Umbra ClinicTech,+17776645084,hello@umbraclinictech.com,https://umbraclinictech.com,7,Tampa,US,2026-06-06 02:55:55
2026-06-06,HR,OrbitBenefit Systems,9828966882,info@orbitbenefitsystems.io,https://orbitbenefitsystems.io,12,Bengaluru,IN,2026-06-06 06:36:51
2026-06-06,ERP,SilverBatch Sync,910.363.6038,contact@silverbatchsync.com,https://www.silverbatchsync.com,270,Singapore,SG,2026-06-06 06:50:06
2026-06-06,Legal,LumenMatterSuite,1-732-735-0299,contact@lumenmattersuite.io,https://www.lumenmattersuite.io,51,Atlanta,US,2026-06-06 02:24:36
2026-06-06,MSP Platform,JuniperRemoteWorks,976-907-7393,contact@juniperremoteworks.net,https://juniperremoteworks.net,365,Seattle,US,2026-06-06 05:18:55
2026-06-06,Medical,ZephyrPulse Desk,692-924-6240,N/A,https://www.zephyrpulsedesk.com,28,Tampa,US,2026-06-06 02:58:25
2026-06-06,ERP,GranitePlan Dynamics,+17543765833,info@graniteplandynamics.com,graniteplandynamics.com,790,Melbourne,AU,2026-06-06 04:59:27
2026-06-06,Medical,RidgewayMedLabs,897-728-3321,contact@ridgewaymedlabs.com,https://ridgewaymedlabs.com,82,Islamabad,PK,2026-06-06 04:37:52
2026-06-06,ERP,Juniper Plan Staffing,(406) 275-2797 ext. 79,N/A,https://juniperplanstaffing.com,16,Seattle,US,2026-06-06 02:14:36
2026-06-06,ERP,Core ForgeSoft,(649) 422-1048,sales@coreforgesoft.net,https://www.coreforgesoft.net,87,Leeds,UK,2026-06-06 06:12:05
2026-06-06,Legal,OnyxLaw Sync,708-451-0107,info@onyxlawsync.com,https://www.onyxlawsync.com,229,Columbus,US,2026-06-06 01:28:41
2026-06-06,ERP,OnyxResourceDesk,958.296.5769,contact@onyxresourcedesk.co,https://www.onyxresourcedesk.co,439,Austin,US,2026-06-06 04:27:45
2026-06-06,ERP,QuartzForge Solutions,+1 (433) 495-6187,sales@quartzforgesolutions.net,https://quartzforgesolutions.net,59,Karachi,PK,2026-06-06 04:19:27
2026-06-06,Legal,Keystone DocketCloud,612-935-8649,hello@keystonedocketcloud.io,https://keystonedocketcloud.io,6,Seattle,US,2026-06-06 03:47:44
2026-06-06,Medical,LumenPatient Cloud,+13709905311,contact@lumenpatientcloud.io,https://lumenpatientcloud.io,61,Boston,US,2026-06-06 04:29:46
2026-06-06,ERP,LumenPlanWorks,9222461116,sales@lumenplanworks.net,https://www.lumenplanworks.net,-,Austin,US,2026-06-06 05:55:04
2026-06-06,ERP,PivotLedger Hub,426.950.8124,hello@pivotledgerhub.com,https://www.pivotledgerhub.com,1693,Atlanta,US,2026-06-06 03:08:20
2026-06-06,ERP,VistaStockSync,245-674-5210,contact@vistastocksync.com,https://www.vistastocksync.com,623,Munich,DE,2026-06-06 01:36:21
2026-06-06,ERP,JuniperFinWorks,(751) 596-5050,sales@juniperfinworks.com,https://www.juniperfinworks.com,58,Atlanta,US,2026-06-06 02:01:52
2026-06-06,HR,WillowPerform Sphere,(463) 498-1237 ext. 78,info@willowperformsphere.com,https://www.willowperformsphere.com,214,London,UK,2026-06-06 01:43:44
2026-06-06,MSP Platform,JuniperTicketFlow,+1 (663) 396-0504,hello@juniperticketflow.com,https://juniperticketflow.com,425,Seattle,US,2026-06-06 01:01:37
2026-06-06,ERP,Keystone OrderLabs,8195125201,hello@keystoneorderlabs.co,https://keystoneorderlabs.co,9,Lahore,PK,2026-06-06 02:59:30
2026-06-06,Medical,ZephyrPulseTech,(670) 220-3233,sales@zephyrpulsetech.com,https://www.zephyrpulsetech.com,236,London,UK,2026-06-06 01:28:14
2026-06-06,ERP,EmberBatchPlatform,358-580-3832,sales@emberbatchplatform.net,https://www.emberbatchplatform.net,167,Melbourne,AU,2026-06-06 01:28:53
2026-06-06,ERP,SilverStockSphere,+12634571403,info@silverstocksphere.com,https://www.silverstocksphere.com,915,Hyderabad,IN,2026-06-06 04:20:58
2026-06-06,MSP Platform,WillowNet Logic,611-424-5973,hello@willownetlogic.com,https://www.willownetlogic.com,791,Melbourne,AU,2026-06-06 02:34:33
2026-06-06,HR,Raven TeamSolutions,1-825-872-4986,hello@raventeamsolutions.net,https://raventeamsolutions.net,36,Pune,IN,2026-06-06 03:07:50
2026-06-06,MSP Platform,BoldMonitorApp,(436) 478-3576,hello@boldmonitorapp.io,https://www.boldmonitorapp.io,22,Tampa,US,2026-06-06 02:30:11
2026-06-06,ERP,Silver StockApp,+18089323304,hello@silverstockapp.com,https://www.silverstockapp.com,30,null,IN,2026-06-06 03:42:22
2026-06-06,ERP,SolidStockFlow,971.913.9568 ext. 27,info@solidstockflow.io,https://www.solidstockflow.io,39,Dublin,IE,2026-06-06 01:12:47
2026-06-06,HR,QuartzBenefit Core,4002983432,contact@quartzbenefitcore.com,quartzbenefitcore.com,146,Phoenix,US,2026-06-06 03:56:28
2026-06-06,LMS,VistaMentorApp,800-870-5658,info@vistamentorapp.com,https://www.vistamentorapp.com,46,Bengaluru,IN,2026-06-06 05:10:58
2026-06-06,Legal,True MatterLogic,(738) 561-0816,info@truematterlogic.com,https://www.truematterlogic.com,46,Denver,US,2026-06-06 05:15:33
2026-06-06,LMS,Fusion Mentor Consultants,9828762460,contact@fusionmentorconsultants.io,https://fusionmentorconsultants.io,27,Amsterdam,NL,2026-06-06 06:20:35
2026-06-06,ERP,Fusion OrderPoint,(664) 378-6821,contact@fusionorderpoint.com,https://www.fusionorderpoint.com,48,Denver,US,2026-06-06 04:46:53
2026-06-06,Medical,Beacon PatientCloud,07019054888,hello@beaconpatientcloud.net,https://www.beaconpatientcloud.net,19,Leeds,UK,2026-06-06 05:52:08
2026-06-06,MSP Platform,TidalUptiméPoint,+17867799146,hello@tidaluptimepoint.com,https://www.tidaluptimepoint.com,366,Austin,US,2026-06-06 05:28:37
2026-06-06,HR,Lumen BenefitSphere,+17103305505,contact@lumenbenefitsphere.com,https://www.lumenbenefitsphere.com,null,N/A,UK,2026-06-06 04:03:38
2026-06-06,Medical,OnyxVital Solutions,266.792.0294 ext. 81,info@onyxvitalsolutions.io,https://onyxvitalsolutions.io,2581,Singapore,SG,2026-06-06 01:45:25
2026-06-06,Medical,JuniperRx Core,249-500-9117,hello@juniperrxcore.com,juniperrxcore.com,56,Phoenix,US,2026-06-06 01:59:44
2026-06-06,LMS,Pioneer TutorDynamics,465-684-0591,sales@pioneertutordynamics.com,https://www.pioneertutordynamics.com,917,Singapore,SG,2026-06-06 04:31:13
2026-06-06,HR,Juniper BenefitHub,677.309.7013,sales@juniperbenefithub.com,https://www.juniperbenefithub.com,63,Boston,US,2026-06-06 05:59:34
2026-06-06,HR,Sable CultureWorks,06067097760 ext. 13,hello@sablecultureworks.io,https://www.sablecultureworks.io,35,Boston,US,2026-06-06 06:52:16
2026-06-06,ERP,Silver’s StockPoint,+16439942763,hello@silverstockpoint.com,https://silverstockpoint.com,null,Phoenix,US,2026-06-06 03:31:45
2026-06-06,MSP Platform,CobaltMonitorLogic,433-478-0795,contact@cobaltmonitorlogic.com,cobaltmonitorlogic.com,247,Dublin,IE,2026-06-06 01:42:24
2026-06-06,HR,Tidal PerformPoint,(261) 518-9196,hello@tidalperformpoint.com,https://www.tidalperformpoint.com,24,Amsterdam,NL,2026-06-06 01:28:17
2026-06-06,HR,NovaShiftCore,5759757009,hello@novashiftcore.com,https://novashiftcore.com,12,Melbourne,AU,2026-06-06 03:34:47
2026-06-06,HR,RidgewayRosterLogic,662.735.9405,sales@ridgewayrosterlogic.co,https://ridgewayrosterlogic.co,13,Boston,US,2026-06-06 04:50:57
2026-06-06,Medical,ApexMedHub,623.372.6117,info@apexmedhub.com,https://www.apexmedhub.com,,Phoenix,US,2026-06-06 02:56:37
2026-06-06,ERP,Sable BatchApp,263-292-1893,hello@sablebatchapp.com,https://www.sablebatchapp.com,698,Denver,US,2026-06-06 05:31:59
2026-06-06,ERP,Core StockPoint,+1 (435) 668-7888,info@corestockpoint.co,https://corestockpoint.co,182,Chicago,US,2026-06-06 03:35:00
2026-06-06,MSP Platform,SilvérPatchLogic,466.878.5748,hello@silverpatchlogic.com,https://silverpatchlogic.com,14,Boston,US,2026-06-06 01:39:15
2026-06-06,HR,Arch BenefitLabs,(355) 831-5743,info@archbenefitlabs.com,https://www.archbenefitlabs.com,118,Phoenix,US,2026-06-06 05:38:10
2026-06-06,HR,FalconRoster Point,+1 (419) 346-2069,-,https://www.falconrosterpoint.com,82,Seattle,US,2026-06-06 01:04:11
2026-06-06,MSP Platform,Nimbus NodeApp,+1 (730) 332-8240,contact@nimbusnodeapp.com,https://www.nimbusnodeapp.com,21,Boston,US,2026-06-06 06:24:48
2026-06-06,HR,SolidTalent App,+14233556105,sales@solidtalentapp.com,https://solidtalentapp.com,13,Atlanta,US,2026-06-06 05:52:27
2026-06-06,ERP,Nova ChainLogic,3588791312,sales@novachainlogic.com,https://www.novachainlogic.com,185,Boston,US,2026-06-06 04:44:29
2026-06-06,ERP,VeloLedger Platform,(524) 861-8022,info@veloledgerplatform.com,https://www.veloledgerplatform.com,256,Phoenix,US,2026-06-06 05:34:30
2026-06-06,MSP Platform,Vista PlanLogic,(524) 402-6327,N/A,vistaplanlogic.com,47,Calgary,CA,2026-06-06 02:34:43
2026-06-06,MSP Platform,Pivot TicketLabs,5212666965,hello@pivotticketlabs.net,https://www.pivotticketlabs.net,6,Melbourne,AU,2026-06-06 06:57:48
2026-06-06,ERP,Meta OpsDesk,944-597-2516,,https://www.metaopsdesk.io,51,Chicago,US,2026-06-06 06:01:30
2026-06-06,Medical,LumenVitalSolutions,(603) 302-8034 ext. 70,contact@lumenvitalsolutions.co,https://www.lumenvitalsolutions.co,972,Boston,US,2026-06-06 02:30:55
2026-06-06,Legal,SummitLawSuite,(575) 393-7792,hello@summitlawsuite.com,https://www.summitlawsuite.com,76,Phoenix,US,2026-06-06 06:32:16
2026-06-06,MSP Platform,BeaconEndpointSystems,854-344-4921,info@beaconendpointsystems.com,https://www.beaconendpointsystems.com,34,Calgary,CA,2026-06-06 06:30:38
2026-06-06,HR,Harbor RosterDesk,(765) 736-6980,info@harborrosterdesk.com,https://harborrosterdesk.com,284,Phoenix,US,2026-06-06 04:46:26
2026-06-06,HR,SolidPeople Platform,528-406-3756,hello@solidpeopleplatform.net,solidpeopleplatform.net,11,Vancouver,CA,2026-06-06 01:15:15
2026-06-06,Legal,HaloVerdict Dynamics,881-614-8433,contact@haloverdictdynamics.co,https://www.haloverdictdynamics.co,2728,Bengaluru,IN,2026-06-06 04:00:12
2026-06-06,Medical,SummitPatient Cloud,+17892471041,contact@summitpatientcloud.com,https://www.summitpatientcloud.com,359,Manchester,UK,2026-06-06 01:56:19
2026-06-06,Legal,Mosaic LawCore,(721) 258-9185,hello@mosaiclawcore.com,https://www.mosaiclawcore.com,129,Boston,US,2026-06-06 03:26:13
2026-06-06,HR,LumenPeopleSuite,+19255446443,info@lumenpeoplesuite.com,https://www.lumenpeoplesuite.com,299,Denver,US,2026-06-06 02:13:10
2026-06-06,HR,VertexRoster Point,+16063418421,info@vertexrosterpoint.com,https://www.vertexrosterpoint.com,7,Leeds,UK,2026-06-06 01:26:23
2026-06-06,MSP Platform,EmberUptimeLabs,1-744-916-1307,hello@emberuptimelabs.com,https://emberuptimelabs.com,4409,Calgary,CA,2026-06-06 03:38:55
2026-06-06,Medical,DeltaMedDynamics,833-500-7504,sales@deltameddynamics.io,deltameddynamics.io,7,Vancouver,CA,2026-06-06 06:02:07
2026-06-06,HR,HarborShift Suite,(422) 355-3741,info@harborshiftsuite.co,https://www.harborshiftsuite.co,466,Boston,US,2026-06-06 03:55:16
2026-06-06,ERP,OnyxBatchSuite,9618158657,sales@onyxbatchsuite.com,https://www.onyxbatchsuite.com,91,Boston,US,2026-06-06 01:16:50
2026-06-06,ERP,True LedgerTech,614.904.1533,contact@trueledgertech.co,https://www.trueledgertech.co,834,Chicago,US,2026-06-06 01:37:40
2026-06-06,Medical,LatticePatient Systems,746-545-3570,hello@latticepatientsystems.co,https://www.latticepatientsystems.co,45,Manchester,UK,2026-06-06 01:59:01
2026-06-06,Medical,Velo HealthSync,2575828341,info@velohealthsync.com,https://www.velohealthsync.com,12,Tampa,US,2026-06-06 05:00:41
2026-06-06,Medical,Apex VitalBase,2995545978 ext. 10,info@apexvitalbase.com,https://www.apexvitalbase.com,95,Munich,DE,2026-06-06 06:03:47
2026-06-06,ERP,ApexFinSphere,(249) 476-7928,sales@apexfinsphere.com,https://apexfinsphere.com,10,Chicago,US,2026-06-06 01:19:53
2026-06-06,MSP Platform,BrightStackCloud,9733416436,hello@brightstackcloud.com,https://www.brightstackcloud.com,992,Hyderabad,IN,2026-06-06 01:23:23
2026-06-06,HR,SummitBenefit Suite,1-533-865-1707,sales@summitbenefitsuite.com,summitbenefitsuite.com,504,Atlanta,US,2026-06-06 06:46:41
2026-06-06,MSP Platform,PivotEndpointHub,(647) 409-3999 ext. 66,hello@pivotendpointhub.co,https://pivotendpointhub.co,341,Atlanta,US,2026-06-06 01:38:30
2026-06-06,Legal,OrbitCompliPoint,(924) 787-5305 ext. 16,contact@orbitcomplipoint.com,https://www.orbitcomplipoint.com,47,Phoenix,US,2026-06-06 04:49:59
2026-06-06,Legal,Falcon CaseLabs,963-292-4417,hello@falconcaselabs.com,falconcaselabs.com,596,Munich,DE,2026-06-06 04:22:40
2026-06-06,HR,QuantumTalent Flow,331-769-5992,N/A,https://www.quantumtalentflow.com,2734,Leeds,UK,2026-06-06 01:41:53
2026-06-06,ERP,Rapid StockSystems,1-917-696-9906,sales@rapidstocksystems.com,https://www.rapidstocksystems.com,364,Dublin,IE,2026-06-06 03:50:24
2026-06-06,ERP,Anchor BatchLabs,664.666.0976,contact@anchorbatchlabs.com,https://anchorbatchlabs.com,7,Sydney,AU,2026-06-06 03:08:04
2026-06-06,ERP,Silver OrderLabs,+17558433664,hello@silverorderlabs.com,https://silverorderlabs.com,123,Munich,DE,2026-06-06 04:43:42
2026-06-06,Medical,QuantumClinic Systems,+1 (489) 540-0460,info@quantumclinicsystems.com,quantumclinicsystems.com,103,Denver,US,2026-06-06 02:42:45
2026-06-06,Medical,Xenon CareSync,+14432122212,info@xenoncaresync.com,https://www.xenoncaresync.com,4229,Boston,US,2026-06-06 01:03:45
2026-06-06,HR,Onyx TeamLabs,(785) 786-6107,sales@onyxteamlabs.io,onyxteamlabs.io,203,Leeds,UK,2026-06-06 06:29:30
2026-06-06,Legal,Harbor MatterTech,1-369-622-9522,contact@harbormattertech.io,https://harbormattertech.io,23,Boston,US,2026-06-06 01:31:09
2026-06-06,ERP,Clear BatchSuite,8449671229,hello@clearbatchsuite.com,clearbatchsuite.com,154,Denver,US,2026-06-06 02:20:36
2026-06-06,Medical,Willow MedPlatform,2996988273,contact@willowmedplatform.com,https://www.willowmedplatform.com,402,Chicago,US,2026-06-06 01:34:22
2026-06-06,MSP Platform,Crest NodeTech,693.229.2147,info@crestnodetech.com,https://www.crestnodetech.com,N/A,Chicago,US,2026-06-06 02:55:42
2026-06-06,MSP Platform,Halo GridApp,867-805-7350,info@halogridapp.com,halogridapp.com,12,Boston,US,2026-06-06 02:51:23
2026-06-06,HR,Omni PerformBase,(758) 326-7773,sales@omniperformbase.io,https://www.omniperformbase.io,45,Chicago,US,2026-06-06 02:04:18
2026-06-06,Medical,Juniper RxSuite,+19254906764 ext. 14,hello@juniperrxsuite.com,https://www.juniperrxsuite.com,48,Tampa,US,2026-06-06 02:59:01
2026-06-06,Legal,RidgeMatterFlow,+1 (269) 758-3686 ext. 22,info@ridgematterflow.com,https://www.ridgematterflow.com,3048,Atlanta,US,2026-06-06 06:06:50
2026-06-06,Legal,WillowCounselSuite,554.990.2569,hello@willowcounselsuite.com,willowcounselsuite.com,44,Boston,US,2026-06-06 01:52:01
2026-06-06,HR,Cedar PerformSphere,(484) 467-9864,sales@cedarperformsphere.co,https://www.cedarperformsphere.co,147,N/A,US,2026-06-06 03:27:49
2026-06-06,ERP,PolarisBatch Solutions,244-685-8841,info@polarisbatchsolutions.net,https://www.polarisbatchsolutions.net,88,London,UK,2026-06-06 02:17:05
2026-06-06,ERP,CoreResource Hub,(572) 931-8524,info@coreresourcehub.net,coreresourcehub.net,N/A,Columbus,US,2026-06-06 02:07:50
2026-06-06,ERP,Core Chain BPO Services,(828) 409-3591,info@corechainbposervices.com,corechainbposervices.com,72,Tampa,US,2026-06-06 06:26:31
2026-06-06,Medical,LatticeChart Hub,(834) 421-4409,info@latticecharthub.io,https://www.latticecharthub.io,249,Columbus,US,2026-06-06 04:30:20
2026-06-06,ERP,Sable ForgeHub,444-552-1772,contact@sableforgehub.com,https://sableforgehub.com,53,Vancouver,CA,2026-06-06 01:59:31
2026-06-06,ERP,CoreResource Dynamics,276.902.6282,info@coreresourcedynamics.co,https://coreresourcedynamics.co,6,Chicago,US,2026-06-06 02:04:51
2026-06-06,HR,PivotCulture’s App,1-243-959-5432,contact@pivotcultureapp.io,https://www.pivotcultureapp.io,42,Denver,US,2026-06-06 02:58:46
2026-06-06,ERP,Indigo BatchBase Technologies Inc.,+19655357211,hello@indigobatchbase.com,indigobatchbase.com,103,Seattle,US,2026-06-06 06:27:39
2026-06-06,MSP Platform,CrestGrid Flow,471.319.5598,hello@crestgridflow.com,https://crestgridflow.com,90,Seattle,US,2026-06-06 03:17:21
2026-06-06,Medical,AtlasVital Soft,6212952494,contact@atlasvitalsoft.com,https://www.atlasvitalsoft.com,18,Seattle,US,2026-06-06 03:38:20
2026-06-06,MSP Platform,Willow EndpointPoint,487.227.4444,contact@willowendpointpoint.io,https://willowendpointpoint.io,19,Amsterdam,NL,2026-06-06 01:48:07
2026-06-06,MSP Platform,VertexPatch App,4903092832,sales@vertexpatchapp.com,https://www.vertexpatchapp.com,26,London,UK,2026-06-06 04:38:29
2026-06-06,MSP Platform,Ember UptimeWorks,506-366-7014,info@emberuptimeworks.com,https://www.emberuptimeworks.com,11,Denver,US,2026-06-06 02:22:53
2026-06-06,HR,Zen PeopleHub,+1 (713) 539-1836,contact@zenpeoplehub.co,https://www.zenpeoplehub.co,35,Atlanta,US,2026-06-06 05:54:28
2026-06-06,ERP,ZenForge Cloud,701-628-2762,info@zenforgecloud.com,https://www.zenforgecloud.com,8,Raleigh,US,2026-06-06 03:59:32
2026-06-06,ERP,JuniperPlan Dynamics,(699) 973-9283 ext. 87,contact@juniperplandynamics.co,https://www.juniperplandynamics.co,10,Austin,US,2026-06-06 04:52:50
2026-06-06,HR,Omni RosterSphere,1-586-432-9087,contact@omnirostersphere.net,https://www.omnirostersphere.net,20,Chicago,US,2026-06-06 01:41:03
2026-06-06,Medical,BoldRx Systems,(845) 575-3370,sales@boldrxsystems.com,https://www.boldrxsystems.com,31,Raleigh,US,2026-06-06 02:05:24
2026-06-06,HR,Rapid CultureCore,(686) 769-8457,contact@rapidculturecore.co,https://rapidculturecore.co,5,Denver,US,2026-06-06 06:32:41
2026-06-06,Medical,Prime ClinicCloud,370-946-9734,contact@primecliniccloud.io,https://www.primecliniccloud.io,405,Phoenix,US,2026-06-06 01:54:27
2026-06-06,Medical,IronPulseCloud,+13784282447,contact@ironpulsecloud.com,https://www.ironpulsecloud.com,659,Chicago,US,2026-06-06 05:16:21
2026-06-06,MSP Platform,XenonPatch Logic,(683) 748-8733,hello@xenonpatchlogic.com,xenonpatchlogic.com,15,Phoenix,US,2026-06-06 06:28:33
2026-06-06,Medical,TrueChart Suite,220-461-2348,contact@truechartsuite.com,https://truechartsuite.com,458,Phoenix,US,2026-06-06 04:33:55
2026-06-06,HR,GoldenOnboardHub,877-749-5507,sales@goldenonboardhub.io,https://www.goldenonboardhub.io,1357,Chicago,US,2026-06-06 05:07:48
2026-06-06,LMS,QuartzLessonHub,969-700-8624,contact@quartzlessonhub.com,https://quartzlessonhub.com,86,Seattle,US,2026-06-06 02:45:16
2026-06-06,Medical,Nova Med Consulting Group,+13523579299,contact@novamedconsultinggroup.com,novamedconsultinggroup.com,15,London,UK,2026-06-06 05:18:22
2026-06-06,ERP,CobaltOpsFlow,530-599-8399,sales@cobaltopsflow.com,cobaltopsflow.com,230,Columbus,US,2026-06-06 03:04:47
2026-06-06,ERP,Summit OpsLogic,(318) 200-9627,sales@summitopslogic.com,https://www.summitopslogic.com,12,Tampa,US,2026-06-06 03:28:32
2026-06-06,ERP,Tidal Resource Recruiting,+13255337916,info@tidalresourcerecruiting.co,https://www.tidalresourcerecruiting.co,21,Atlanta,US,2026-06-06 06:16:03
2026-06-06,Legal,SummitDocketHub,817-767-0516,sales@summitdockethub.co,summitdockethub.co,89,Lahore,PK,2026-06-06 02:20:10
2026-06-06,ERP,Golden StockLogic,(428) 487-0212,info@goldenstocklogic.io,goldenstocklogic.io,4131,Leeds,UK,2026-06-06 03:22:14
2026-06-06,HR,Blue PerformSphere,+1 (300) 752-7406,sales@blueperformsphere.com,blueperformsphere.com,2971,Phoenix,US,2026-06-06 04:20:42
2026-06-06,Medical,GoldenChartTech,(658) 686-1801,hello@goldencharttech.co,goldencharttech.co,75,Boston,US,2026-06-06 04:27:33
2026-06-06,MSP Platform,ZephyrUptimeBase,(413) 836-3669,hello@zephyruptimebase.com,https://www.zephyruptimebase.com,19,Pune,IN,2026-06-06 02:52:52
2026-06-06,HR,Arch PerformDynamics,465-669-3020,info@archperformdynamics.com,https://www.archperformdynamics.com,95,Melbourne,AU,2026-06-06 03:40:01
2026-06-06,ERP,SolidChainDynamics,598-925-2746,sales@solidchaindynamics.io,https://www.solidchaindynamics.io,905,Sydney,AU,2026-06-06 05:34:35
2026-06-06,Legal,Indigo CounselPlatform,+14815683239,hello@indigocounselplatform.com,https://www.indigocounselplatform.com,156,Denver,US,2026-06-06 02:27:34
2026-06-06,Medical,HarborPatient Sync,1-376-863-4538,contact@harborpatientsync.com,https://harborpatientsync.com,2041,Chicago,US,2026-06-06 06:22:22
2026-06-06,MSP Platform,NovaRemote Solutions,+14129150636,hello@novaremotesolutions.com,https://www.novaremotesolutions.com,67,Raleigh,US,2026-06-06 04:43:13
2026-06-06,MSP Platform,OnyxMonitorTech,1-218-532-5407 ext. 40,contact@onyxmonitortech.com,https://onyxmonitortech.com,48,Seattle,US,2026-06-06 04:49:16
2026-06-06,HR,AtlasPeopleLabs,1-382-947-7913,hello@atlaspeoplelabs.com,https://atlaspeoplelabs.com,448,Chicago,US,2026-06-06 05:06:08
2026-06-06,Medical,ClearClinicApp,569-795-7483,sales@clearclinicapp.io,https://www.clearclinicapp.io,420,Tampa,US,2026-06-06 04:24:58
2026-06-06,HR,Beacon’s TalentApp,+18015823846,hello@beacontalentapp.com,https://beacontalentapp.com,124,Singapore,SG,2026-06-06 05:05:46
2026-06-06,HR,IndigoPerform Systems,+1 (901) 969-4159,contact@indigoperformsystems.io,https://www.indigoperformsystems.io,19,Denver,US,2026-06-06 05:00:35
2026-06-06,ERP,GoldenOrder Hub,450-732-5289,info@goldenorderhub.com,goldenorderhub.com,177,Austin,US,2026-06-06 05:11:46
2026-06-06,Medical,AnchorChart Flow,+18168435212,sales@anchorchartflow.io,anchorchartflow.io,26,Columbus,US,2026-06-06 06:35:31
2026-06-06,Medical,EmberPulseTech,9759933081,hello@emberpulsetech.com,https://www.emberpulsetech.com,20,Columbus,US,2026-06-06 05:17:54
2026-06-06,ERP,IndigoBatch Works,+14907932603,contact@indigobatchworks.net,https://indigobatchworks.net,233,Singapore,SG,2026-06-06 04:23:01
2026-06-06,HR,OrbitTalent Flow,850-593-8872,hello@orbittalentflow.com,https://orbittalentflow.com,377,Chicago,US,2026-06-06 03:20:41
2026-06-06,LMS,BrightLearn Core,6287963980 ext. 50,hello@brightlearncore.com,https://www.brightlearncore.com,65,Calgary,CA,2026-06-06 04:45:03
2026-06-06,Legal,CedarFiling App,+18377552916,info@cedarfilingapp.com,https://www.cedarfilingapp.com,1768,Seattle,US,2026-06-06 05:48:15
2026-06-06,Legal,XenonCounsel Soft,08738146970,info@xenoncounselsoft.io,https://www.xenoncounselsoft.io,11,Manchester,UK,2026-06-06 05:02:37
2026-06-06,Legal,ZephyrClauseSolutions,07709677547,sales@zephyrclausesolutions.com,https://zephyrclausesolutions.com,13,Chicago,US,2026-06-06 06:53:59
2026-06-06,ERP,Clear StockDesk,6995196783,sales@clearstockdesk.com,https://www.clearstockdesk.com,33,Austin,US,2026-06-06 06:18:17
2026-06-06,MSP Platform,SolidUptimeDynamics,(265) 266-5566,contact@soliduptimedynamics.com,https://soliduptimedynamics.com,486,Vancouver,CA,2026-06-06 05:06:31
2026-06-06,Legal,RidgewayCompli App,376-701-5786,contact@ridgewaycompliapp.net,https://ridgewaycompliapp.net,40,Austin,US,2026-06-06 02:10:47
2026-06-06,Medical,NovaChart Systems,605.784.9941 ext. 94,info@novachartsystems.io,https://novachartsystems.io,36,Boston,US,2026-06-06 06:02:41
2026-06-06,Legal,CedarVerdictApp,+15996546369 ext. 56,contact@cedarverdictapp.com,https://cedarverdictapp.com,24,Tampa,US,2026-06-06 03:07:51
2026-06-06,Medical,Iron MedHub,656.458.0775,hello@ironmedhub.com,https://www.ironmedhub.com,45,Columbus,US,2026-06-06 06:28:31
2026-06-06,HR,FalconCulture Platform,+16579987373,hello@falconcultureplatform.com,falconcultureplatform.com,126,Seattle,US,2026-06-06 01:44:12
2026-06-06,ERP,CoreChainSystems,206.383.0611,contact@corechainsystems.co,corechainsystems.co,6,Calgary,CA,2026-06-06 06:11:06
2026-06-06,LMS,Juniper Tutor Manpower Services,689-997-0821,sales@junipertutormanpowerservices.com,https://junipertutormanpowerservices.com,,Vancouver,CA,2026-06-06 06:04:13
2026-06-06,HR,Beacon CultureBase,+13445800141 ext. 1,contact@beaconculturebase.com,https://www.beaconculturebase.com,24,Raleigh,US,2026-06-06 02:21:02
2026-06-06,HR,VeloBenefit Labs,+13246732928,contact@velobenefitlabs.com,velobenefitlabs.com,53,Tampa,US,2026-06-06 03:53:43
2026-06-06,ERP,Rapid StockPlatform,06013540525,sales@rapidstockplatform.com,https://www.rapidstockplatform.com,67,Chicago,US,2026-06-06 01:06:54
2026-06-06,ERP,XenonStock Suite,450-545-4695,hello@xenonstocksuite.net,https://www.xenonstocksuite.net,122,Columbus,US,2026-06-06 06:34:08
2026-06-06,ERP,CrestForge Flow,+15645527076,hello@crestforgeflow.io,https://www.crestforgeflow.io,39,Denver,US,2026-06-06 02:13:40
2026-06-06,Legal,Quartz BriefPoint,(799) 518-8395,sales@quartzbriefpoint.com,https://www.quartzbriefpoint.com,71,Boston,US,2026-06-06 06:15:55
2026-06-06,ERP,VertexStockDesk,08724357376,hello@vertexstockdesk.com,https://www.vertexstockdesk.com,47,Raleigh,US,2026-06-06 01:21:26
2026-06-06,LMS,Arch MentorSphere,691-382-5440,info@archmentorsphere.com,https://www.archmentorsphere.com,26,N/A,PK,2026-06-06 03:34:01
2026-06-06,Medical,Delta RxSuite,1-360-756-3011,null,https://www.deltarxsuite.net,450,Tampa,US,2026-06-06 02:10:26
2026-06-06,ERP,Keystone ResourceTech,963-946-8530,contact@keystoneresourcetech.com,keystoneresourcetech.com,18,Singapore,SG,2026-06-06 04:06:16
2026-06-06,Medical,SilverHealthSoft,6303075087,hello@silverhealthsoft.com,silverhealthsoft.com,37,Boston,US,2026-06-06 03:12:28
2026-06-06,HR,RidgeBenefitBase,1-452-528-4147,hello@ridgebenefitbase.com,https://www.ridgebenefitbase.com,N/A,Bengaluru,IN,2026-06-06 04:52:16
2026-06-06,MSP Platform,RidgewayNet Core,298.475.5316,sales@ridgewaynetcore.io,https://www.ridgewaynetcore.io,48,Singapore,SG,2026-06-06 04:44:43
2026-06-06,ERP,SableBatch Base,2817556587,sales@sablebatchbase.net,https://www.sablebatchbase.net,43,Denver,US,2026-06-06 03:38:09
2026-06-06,ERP,Keystone PlanSphere,6125143530,hello@keystoneplansphere.net,https://www.keystoneplansphere.net,9,Vancouver,CA,2026-06-06 03:24:00
2026-06-06,Medical,ZenCareCore,673-945-8564,,https://zencarecore.io,,Dublin,IE,2026-06-06 05:57:16
2026-06-06,Medical,Tidal MedPoint,3457294388,hello@tidalmedpoint.io,https://www.tidalmedpoint.io,201,Columbus,US,2026-06-06 02:11:46
2026-06-06,Medical,BeaconPatient Solutions,(799) 221-1270 ext. 20,hello@beaconpatientsolutions.co,https://www.beaconpatientsolutions.co,20,Tampa,US,2026-06-06 01:19:58
2026-06-06,ERP,Juniper BatchSphere,(946) 276-5340 ext. 1,info@juniperbatchsphere.com,https://juniperbatchsphere.com,9,Tampa,US,2026-06-06 03:57:04
2026-06-06,Legal,Anchor ClauseSuite,2135067655 ext. 87,sales@anchorclausesuite.com,https://www.anchorclausesuite.com,6,Boston,US,2026-06-06 02:59:22
2026-06-06,ERP,FalconLedgerPoint,+15608060199,info@falconledgerpoint.com,https://www.falconledgerpoint.com,206,Tampa,US,2026-06-06 05:47:41
2026-06-06,ERP,VeloBatch Soft,414-630-3609,info@velobatchsoft.com,https://velobatchsoft.com,107,Phoenix,US,2026-06-06 02:00:13
2026-06-06,Medical,HarborVitalLogic,1-364-387-7658,sales@harborvitallogic.io,https://www.harborvitallogic.io,417,Amsterdam,NL,2026-06-06 06:27:03
2026-06-06,ERP,HarborOrderSolutions,+1 (300) 675-8837,info@harborordersolutions.com,https://www.harborordersolutions.com,59,Manchester,UK,2026-06-06 03:21:43
2026-06-06,Medical,XenonRxSuite,+17114586921,sales@xenonrxsuite.io,https://www.xenonrxsuite.io,21,Seattle,US,2026-06-06 03:45:48
2026-06-06,Medical,Tidal ClinicApp,(399) 282-0598,sales@tidalclinicapp.net,https://www.tidalclinicapp.net,17,Chicago,US,2026-06-06 01:40:39
2026-06-06,ERP,IndigoPlanLogic,(574) 784-6704,hello@indigoplanlogic.io,https://indigoplanlogic.io,573,Bengaluru,IN,2026-06-06 05:35:39
2026-06-06,LMS,PrimeSkillLabs,+1 (472) 427-7922,info@primeskilllabs.net,https://www.primeskilllabs.net,532,Columbus,US,2026-06-06 01:49:59
2026-06-06,Legal,QuartzClause Base,+1 (453) 603-3806,contact@quartzclausebase.net,https://www.quartzclausebase.net,8,Denver,US,2026-06-06 01:39:07
2026-06-06,HR,Polaris PayrollDesk,+12536481792,info@polarispayrolldesk.com,https://www.polarispayrolldesk.com,482,Atlanta,US,2026-06-06 01:47:13
2026-06-06,MSP Platform,PivotGridSoft,7218374870,sales@pivotgridsoft.io,https://pivotgridsoft.io,456,Tampa,US,2026-06-06 06:08:07
2026-06-06,Legal,ZenCase Dynamics,+18006677149,hello@zencasedynamics.com,https://www.zencasedynamics.com,7,Denver,US,2026-06-06 03:45:14
2026-06-06,Medical,Cedar HealthSoft,(755) 914-4440,hello@cedarhealthsoft.com,cedarhealthsoft.com,47,Boston,US,2026-06-06 05:17:59
2026-06-06,ERP,KeystoneForgeSolutions,7865494583,hello@keystoneforgesolutions.io,https://www.keystoneforgesolutions.io,14,Seattle,US,2026-06-06 01:37:30
2026-06-06,LMS,ClearPathSolutions,1-816-462-7041,hello@clearpathsolutions.net,https://clearpathsolutions.net,401,Boston,US,2026-06-06 05:07:49
2026-06-06,MSP Platform,Meta TicketDesk,+13488789611,info@metaticketdesk.com,https://www.metaticketdesk.com,15,Seattle,US,2026-06-06 03:41:35
2026-06-06,Legal,Umbra ClauseLogic,952-707-8515,hello@umbraclauselogic.com,https://www.umbraclauselogic.com,438,Toronto,CA,2026-06-06 03:08:58
2026-06-06,Legal,Bold LawTech,05803808355 ext. 6,info@boldlawtech.com,boldlawtech.com,14,Islamabad,PK,2026-06-06 04:52:49
2026-06-06,ERP,CobaltForge Soft,592.641.1069,hello@cobaltforgesoft.com,https://www.cobaltforgesoft.com,156,Austin,US,2026-06-06 06:10:44
2026-06-06,ERP,ZenFinSystems,209.680.4042,sales@zenfinsystems.com,https://www.zenfinsystems.com,409,Manchester,UK,2026-06-06 03:53:54
2026-06-06,Medical,QuantumPatientApp,686-470-3580,info@quantumpatientapp.com,https://quantumpatientapp.com,N/A,Vancouver,CA,2026-06-06 06:06:39
2026-06-06,ERP,RidgeForgePlatform,8682353564,contact@ridgeforgeplatform.com,https://ridgeforgeplatform.com,83,Leeds,UK,2026-06-06 05:18:00
2026-06-06,MSP Platform,BeaconUptimeApp,+13812482633,info@beaconuptimeapp.io,https://www.beaconuptimeapp.io,450,London,UK,2026-06-06 06:46:10
2026-06-06,HR,CrestPerformSolutions,08972289989,hello@crestperformsolutions.com,https://www.crestperformsolutions.com,8,Vancouver,CA,2026-06-06 03:39:26
2026-06-06,ERP,QuartzStock Core,525-519-9896,sales@quartzstockcore.net,https://www.quartzstockcore.net,203,Munich,DE,2026-06-06 05:12:46
2026-06-06,ERP,SolidChain Cloud,6843257450,contact@solidchaincloud.com,https://www.solidchaincloud.com,20,Phoenix,US,2026-06-06 01:13:38
2026-06-06,HR,Core OnboardWorks,+1 (897) 559-3067,info@coreonboardworks.com,https://www.coreonboardworks.com,20,Chicago,US,2026-06-06 02:19:57
2026-06-06,HR,CedarTalent Works,(771) 775-5369,info@cedartalentworks.com,cedartalentworks.com,44,Seattle,US,2026-06-06 05:27:46
2026-06-06,Medical,XenonForgePoint,(705) 879-2827,info@xenonforgepoint.com,https://xenonforgepoint.com,96,Seattle,US,2026-06-06 02:15:28
2026-06-06,HR,RapidPayroll Flow,559.909.1506,info@rapidpayrollflow.com,https://www.rapidpayrollflow.com,13,-,IN,2026-06-06 02:35:53
2026-06-06,Medical,Nova CarePlatform,+1 (617) 523-9638,hello@novacareplatform.com,novacareplatform.com,95,Columbus,US,2026-06-06 05:41:34
2026-06-06,MSP Platform,CoreNodeDesk,+19649679056,sales@corenodedesk.io,https://www.corenodedesk.io,306,N/A,AU,2026-06-06 02:11:42
2026-06-06,LMS,SummitLearnBase,(358) 341-6499,contact@summitlearnbase.co,https://summitlearnbase.co,778,Atlanta,US,2026-06-06 01:54:55
2026-06-06,HR,BrightTéam Core,+1 (536) 256-5171,-,https://brightteamcore.com,793,London,UK,2026-06-06 02:36:11
2026-06-06,ERP,OrbitFinWorks,819.205.8433,contact@orbitfinworks.com,https://orbitfinworks.com,8,Columbus,US,2026-06-06 04:17:17
2026-06-06,Medical,OrbitMedDesk,(221) 683-7037,contact@orbitmeddesk.com,orbitmeddesk.com,,Chicago,US,2026-06-06 06:12:13
2026-06-06,Medical,VistaPatient Dynamics,585-759-2934,contact@vistapatientdynamics.com,vistapatientdynamics.com,60,Seattle,US,2026-06-06 02:51:44
2026-06-06,HR,RidgewayTeam Flow,(324) 824-0193,info@ridgewayteamflow.com,https://www.ridgewayteamflow.com,78,Vancouver,CA,2026-06-06 03:48:14
2026-06-06,HR,MosaicRoster Point,1-580-873-4800,info@mosaicrosterpoint.com,https://www.mosaicrosterpoint.com,19,Denver,US,2026-06-06 05:46:58
2026-06-06,ERP,Summit ChainHub,+17075555361,-,https://www.summitchainhub.com,3465,Boston,US,2026-06-06 06:13:41
2026-06-06,Legal,OrbitFiling Sphere,264-656-8066,info@orbitfilingsphere.io,https://www.orbitfilingsphere.io,32,Karachi,PK,2026-06-06 06:24:44
2026-06-06,HR,Solid’s TalentDynamics,5146441673,,https://www.solidtalentdynamics.com,33,Chicago,US,2026-06-06 05:14:54
2026-06-06,ERP,CrestResourceCloud,3285610969,hello@crestresourcecloud.com,https://crestresourcecloud.com,9,Melbourne,AU,2026-06-06 04:56:26
2026-06-06,Medical,UmbraVitalCore,340-476-6410,contact@umbravitalcore.com,https://umbravitalcore.com,73,Denver,US,2026-06-06 05:24:12
2026-06-06,Medical,Mosaic ChartApp,892.644.9341,hello@mosaicchartapp.com,https://www.mosaicchartapp.com,9,Phoenix,US,2026-06-06 02:21:36
2026-06-06,MSP Platform,UmbraPatchFlow,240.214.2831,contact@umbrapatchflow.com,https://www.umbrapatchflow.com,185,Boston,US,2026-06-06 02:09:04
2026-06-06,MSP Platform,NimbusNodeSolutions,966.874.3416,contact@nimbusnodesolutions.com,https://nimbusnodesolutions.com,551,Columbus,US,2026-06-06 05:07:57
2026-06-06,Medical,Zephyr PatientFlow,+15623054634,contact@zephyrpatientflow.com,https://www.zephyrpatientflow.com,188,Chicago,US,2026-06-06 06:22:49
2026-06-06,MSP Platform,ZenMonitor Hub,530-736-9010,sales@zenmonitorhub.com,https://www.zenmonitorhub.com,385,Pune,IN,2026-06-06 06:50:42
2026-06-06,Medical,OnyxPatient Soft,228.572.1351,sales@onyxpatientsoft.net,https://onyxpatientsoft.net,50,Karachi,PK,2026-06-06 05:12:58
2026-06-06,ERP,AnchorPlanDynamics,8653910853,info@anchorplandynamics.com,anchorplandynamics.com,15,Raleigh,US,2026-06-06 04:51:55
2026-06-06,Medical,Rapid ChartDesk,853-648-7817,sales@rapidchartdesk.com,https://www.rapidchartdesk.com,6,Atlanta,US,2026-06-06 05:32:32
2026-06-06,MSP Platform,LumenRemoteDesk,1-615-423-0635,info@lumenremotedesk.com,https://www.lumenremotedesk.com,15,Atlanta,US,2026-06-06 05:02:55
2026-06-06,HR,RapidPerform Base,643.773.6554,hello@rapidperformbase.com,rapidperformbase.com,54,Austin,US,2026-06-06 02:54:57
2026-06-06,HR,ArchShift Flow,+15933151219,info@archshiftflow.com,https://archshiftflow.com,235,Atlanta,US,2026-06-06 03:38:32
2026-06-06,MSP Platform,PrimeEndpointSolutions,(774) 857-1814,hello@primeendpointsolutions.co,https://www.primeendpointsolutions.co,95,Boston,US,2026-06-06 02:58:21
2026-06-06,MSP Platform,BrightRemote Tech,4833984935,sales@brightremotetech.io,https://www.brightremotetech.io,8,Pune,IN,2026-06-06 03:40:18
2026-06-06,ERP,QuartzFinCloud,(915) 955-7728,hello@quartzfincloud.com,https://www.quartzfincloud.com,35,Seattle,US,2026-06-06 01:05:34
2026-06-06,Legal,LumenCompli Suite,+18996488220,hello@lumencomplisuite.net,lumencomplisuite.net,24,Seattle,US,2026-06-06 05:59:39
2026-06-06,Medical,SummitClinicLogic,(872) 696-9418,info@summitcliniclogic.com,summitcliniclogic.com,27,Manchester,UK,2026-06-06 01:20:58
2026-06-06,MSP Platform,UmbraUptimePlatform,(969) 300-8192,contact@umbrauptimeplatform.com,https://www.umbrauptimeplatform.com,13,Phoenix,US,2026-06-06 01:37:11
2026-06-06,Medical,AltaClinicCore,(460) 490-6167,sales@altacliniccore.com,https://altacliniccore.com,1865,Boston,US,2026-06-06 05:56:14
2026-06-06,Medical,RapidMed Suite,+12493890699,hello@rapidmedsuite.co,https://www.rapidmedsuite.co,5,Amsterdam,NL,2026-06-06 03:35:37
2026-06-06,ERP,XenonStockDesk,(902) 329-3250,sales@xenonstockdesk.com,xenonstockdesk.com,123,Munich,DE,2026-06-06 06:36:09
2026-06-06,Medical,Bold Clinic Outsourcing,03247213459,N/A,https://boldclinicoutsourcing.net,17,Denver,US,2026-06-06 06:06:59
2026-06-06,ERP,ClearFinApp,(628) 703-9057,sales@clearfinapp.io,https://clearfinapp.io,71,Boston,US,2026-06-06 01:12:50
2026-06-06,Medical,Crown MedLogic,+17662863343,contact@crownmedlogic.co,https://www.crownmedlogic.co,54,N/A,US,2026-06-06 04:11:14
2026-06-06,MSP Platform,Clear PatchCore,1-986-601-7790,hello@clearpatchcore.com,https://www.clearpatchcore.com,89,London,UK,2026-06-06 05:45:19
2026-06-06,Medical,Ember CareBase,469-205-1017,sales@embercarebase.com,https://www.embercarebase.com,70,Dublin,IE,2026-06-06 03:15:42
2026-06-06,Medical,MosaicPatiént Base,+1 (596) 723-8874,sales@mosaicpatientbase.co,https://www.mosaicpatientbase.co,175,Amsterdam,NL,2026-06-06 04:34:38
2026-06-06,Medical,Ridge TriageSphere,273-785-4817,sales@ridgetriagesphere.com,https://www.ridgetriagesphere.com,4678,Sydney,AU,2026-06-06 04:34:41
2026-06-06,LMS,Ember TrainSystems,(484) 447-6753,sales@embertrainsystems.com,https://www.embertrainsystems.com,127,Austin,US,2026-06-06 01:38:38
2026-06-06,LMS,AnchorTutor Cloud,(366) 652-4639,info@anchortutorcloud.net,https://anchortutorcloud.net,971,Austin,US,2026-06-06 04:40:59
2026-06-06,ERP,AltaBatchCloud,395-929-8170,hello@altabatchcloud.io,https://altabatchcloud.io,17,Boston,US,2026-06-06 02:37:49
2026-06-06,ERP,PrimeOrder Hub,+14816498856,contact@primeorderhub.io,https://primeorderhub.io,496,Amsterdam,NL,2026-06-06 03:29:41
2026-06-06,Legal,NimbusCompliWorks,687.626.7911,contact@nimbuscompliworks.io,nimbuscompliworks.io,92,Amsterdam,NL,2026-06-06 04:55:47
2026-06-06,MSP Platform,ApexEndpointSolutions,+14528075689,hello@apexendpointsolutions.co,https://apexendpointsolutions.co,125,Columbus,US,2026-06-06 05:45:04
2026-06-06,ERP,Delta LedgerSoft,5732749013,hello@deltaledgersoft.io,https://deltaledgersoft.io,6,Atlanta,US,2026-06-06 05:43:55
2026-06-06,HR,Meta PerformWorks,07185722997,sales@metaperformworks.com,https://www.metaperformworks.com,654,Phoenix,US,2026-06-06 06:08:19
2026-06-06,MSP Platform,Ridge UptimeSuite,5296144916,hello@ridgeuptimesuite.io,https://ridgeuptimesuite.io,70,Boston,US,2026-06-06 01:34:45
2026-06-06,HR,PolarisShiftHub,(332) 290-9954,sales@polarisshifthub.net,https://polarisshifthub.net,240,Boston,US,2026-06-06 04:02:52
2026-06-06,ERP,DeltaOps Tech,+1 (541) 264-0759,hello@deltaopstech.com,https://www.deltaopstech.com,298,Hyderabad,IN,2026-06-06 06:34:45
2026-06-06,HR,NovaTeamSoft,(598) 555-4240,sales@novateamsoft.com,novateamsoft.com,42,Chicago,US,2026-06-06 02:44:22
2026-06-06,HR,Halo PayrollSoft,499-769-7298 ext. 70,hello@halopayrollsoft.io,https://www.halopayrollsoft.io,61,Sydney,AU,2026-06-06 05:17:12
2026-06-06,Medical,Omni PatientSoft,(879) 897-2734,contact@omnipatientsoft.com,https://www.omnipatientsoft.com,38,Raleigh,US,2026-06-06 01:50:46
2026-06-06,ERP,Atlas PlanSphere,1-221-862-4161,contact@atlasplansphere.com,https://www.atlasplansphere.com,54,Singapore,SG,2026-06-06 01:04:34
2026-06-06,Medical,Polaris VitalSoft,8399212931,info@polarisvitalsoft.com,https://polarisvitalsoft.com,42,Sydney,AU,2026-06-06 02:27:15
2026-06-06,ERP,ClearOps App,(650) 639-8885,info@clearopsapp.com,https://www.clearopsapp.com,19,Austin,US,2026-06-06 05:27:27
2026-06-06,Legal,TidalCounselSuite,352.230.5291,contact@tidalcounselsuite.co,https://www.tidalcounselsuite.co,20,-,US,2026-06-06 05:46:46
2026-06-06,Legal,RidgewayClause App,+13867025045,contact@ridgewayclauseapp.com,https://www.ridgewayclauseapp.com,26,Austin,US,2026-06-06 03:40:26
2026-06-06,MSP Platform,MosaicEndpoint Tech,(515) 574-9583,hello@mosaicendpointtech.com,https://mosaicendpointtech.com,300,Tampa,US,2026-06-06 04:23:30
2026-06-06,Medical,Crest HealthSphere,+17862466202,sales@cresthealthsphere.com,https://cresthealthsphere.com,147,Toronto,CA,2026-06-06 03:07:58
2026-06-06,Medical,QuantumVital Solutions,08929970588,contact@quantumvitalsolutions.io,https://www.quantumvitalsolutions.io,715,Phoenix,US,2026-06-06 04:42:55
2026-06-06,HR,UmbraTeam Hub,619-817-2251,info@umbrateamhub.io,https://www.umbrateamhub.io,43,Seattle,US,2026-06-06 03:10:16
2026-06-06,HR,HaloPerformSolutions,567-790-0855,N/A,https://www.haloperformsolutions.com,20,Dublin,IE,2026-06-06 02:06:23
2026-06-06,Medical,MosaicMed Cloud,+19546719684,sales@mosaicmedcloud.io,https://www.mosaicmedcloud.io,15,Vancouver,CA,2026-06-06 05:27:23
2026-06-06,MSP Platform,ClearTicketCloud,590-710-7402,hello@clearticketcloud.com,https://www.clearticketcloud.com,9,Denver,US,2026-06-06 04:13:54
2026-06-06,HR,VeloPayrollSolutions,9307725763,contact@velopayrollsolutions.net,https://www.velopayrollsolutions.net,467,Phoenix,US,2026-06-06 01:19:11
2026-06-06,MSP Platform,MetaUptimeDesk,1-370-931-1372,contact@metauptimedesk.net,https://www.metauptimedesk.net,44,Toronto,CA,2026-06-06 01:55:59
2026-06-06,LMS,Delta Quiz Recruiting,(207) 869-6810,hello@deltaquizrecruiting.com,https://deltaquizrecruiting.com,43,Sydney,AU,2026-06-06 01:10:54
2026-06-06,Medical,DeltaHealthDynamics,2652148560,contact@deltahealthdynamics.com,https://deltahealthdynamics.com,27,Dublin,IE,2026-06-06 06:44:18
2026-06-06,HR,Raven TalentFlow,(970) 842-9317,contact@raventalentflow.co,https://raventalentflow.co,150,Boston,US,2026-06-06 04:51:53
2026-06-06,MSP Platform,LatticeMonitorLogic,771.462.2994,hello@latticemonitorlogic.com,latticemonitorlogic.com,17,Phoenix,US,2026-06-06 01:54:33
2026-06-06,Legal,Meta MatterSolutions,716-287-5587,sales@metamattersolutions.com,https://www.metamattersolutions.com,862,Leeds,UK,2026-06-06 02:18:43
2026-06-06,MSP Platform,NorthPatch Hub,918-586-1651 ext. 24,info@northpatchhub.com,https://www.northpatchhub.com,286,Bengaluru,IN,2026-06-06 02:16:31
2026-06-06,HR,Solid ShiftSync,+17065296159,hello@solidshiftsync.com,https://solidshiftsync.com,18,Lahore,PK,2026-06-06 05:58:35
2026-06-06,ERP,Apex ChainSoft,769-543-5252,contact@apexchainsoft.com,https://apexchainsoft.com,233,Singapore,SG,2026-06-06 01:40:24
2026-06-06,HR,Crest TeamLabs,1-661-646-6103,hello@crestteamlabs.com,https://www.crestteamlabs.com,-,Denver,US,2026-06-06 03:43:59
2026-06-06,Legal,AnchorMatterPoint,988.486.3999,info@anchormatterpoint.com,https://anchormatterpoint.com,14,Boston,US,2026-06-06 04:52:47
2026-06-06,ERP,FalconLedger Core,(752) 323-4089,info@falconledgercore.com,https://www.falconledgercore.com,91,Atlanta,US,2026-06-06 06:49:22
2026-06-06,ERP,PrimePlanDesk,(645) 324-6281,sales@primeplandesk.io,https://www.primeplandesk.io,22,Denver,US,2026-06-06 02:21:17
2026-06-06,LMS,Bright CourseDynamics,+1 (928) 681-9445,contact@brightcoursedynamics.com,https://www.brightcoursedynamics.com,117,Hyderabad,IN,2026-06-06 01:59:52
2026-06-06,Medical,SolidHealth Hub,2975393103,contact@solidhealthhub.com,https://www.solidhealthhub.com,14,Denver,US,2026-06-06 05:56:32
2026-06-06,Legal,CrownCounselSystems’s,+13679354623,contact@crowncounselsystems.com,https://www.crowncounselsystems.com,40,Boston,US,2026-06-06 02:28:28
2026-06-06,LMS,Falcon CohortDesk,358-902-1642,contact@falconcohortdesk.co,https://www.falconcohortdesk.co,39,Toronto,CA,2026-06-06 05:01:13
2026-06-06,HR,LumenPeople App,1-411-459-8431,sales@lumenpeopleapp.com,https://lumenpeopleapp.com,222,Chicago,US,2026-06-06 02:20:05
2026-06-06,ERP,Crown PlanLogic,1-854-670-5863,hello@crownplanlogic.com,https://www.crownplanlogic.com,8,Phoenix,US,2026-06-06 04:27:05
2026-06-06,Medical,CobaltTriage Dynamics,+17826053946,contact@cobalttriagedynamics.io,https://www.cobalttriagedynamics.io,20,Dublin,IE,2026-06-06 04:55:45
2026-06-06,HR,WillowTeamWorks,1-648-770-3585,sales@willowteamworks.com,willowteamworks.com,11,Melbourne,AU,2026-06-06 06:54:31
2026-06-06,ERP,AnchorBatch Desk,332.371.9912,contact@anchorbatchdesk.com,https://www.anchorbatchdesk.com,-,Lahore,PK,2026-06-06 05:57:16
2026-06-06,MSP Platform,FalconPatch Sphere,1-745-732-0618,info@falconpatchsphere.net,https://www.falconpatchsphere.net,205,Melbourne,AU,2026-06-06 03:45:43
2026-06-06,HR,KeystonePayrollSoft,(282) 755-2146,hello@keystonepayrollsoft.co,https://www.keystonepayrollsoft.co,38,Lahore,PK,2026-06-06 04:02:23
2026-06-06,LMS,Blue LearnPoint,(354) 784-7916,hello@bluelearnpoint.co,bluelearnpoint.co,323,Singapore,SG,2026-06-06 04:14:42
2026-06-06,ERP,PioneerPlanSphere,+14379862053,sales@pioneerplansphere.com,https://www.pioneerplansphere.com,19,Seattle,US,2026-06-06 01:59:04
2026-06-06,HR,OrbitPerform Soft,868-353-6849,info@orbitperformsoft.com,https://orbitperformsoft.com,63,Columbus,US,2026-06-06 05:33:34
2026-06-06,MSP Platform,NimbusPatchSphere,493-485-6924,info@nimbuspatchsphere.com,https://www.nimbuspatchsphere.com,704,Bengaluru,IN,2026-06-06 04:31:01
2026-06-06,Legal,RidgewayDocket Core,6238239616,info@ridgewaydocketcore.net,https://www.ridgewaydocketcore.net,14,Manchester,UK,2026-06-06 03:09:12
2026-06-06,MSP Platform,Golden TicketPlatform,(739) 360-4278,hello@goldenticketplatform.io,https://www.goldenticketplatform.io,23,Calgary,CA,2026-06-06 03:06:42
2026-06-06,Medical,Nimbus VitalTech,1-259-310-0126,info@nimbusvitaltech.io,https://nimbusvitaltech.io,7,Columbus,US,2026-06-06 05:51:39
2026-06-06,Medical,MosaicVitalSoft,(915) 536-8774,hello@mosaicvitalsoft.com,https://www.mosaicvitalsoft.com,547,Berlin,DE,2026-06-06 04:06:03
2026-06-06,ERP,Vista BatchSphere,+1 (495) 707-3175,sales@vistabatchsphere.com,https://www.vistabatchsphere.com,78,Melbourne,AU,2026-06-06 03:31:01
2026-06-06,HR,NimbusCulturePoint,715.644.1182,contact@nimbusculturepoint.com,https://www.nimbusculturepoint.com,14,Raleigh,US,2026-06-06 06:13:10
2026-06-06,HR,Quartz PayrollSync,9006780355,contact@quartzpayrollsync.com,https://www.quartzpayrollsync.com,17,London,UK,2026-06-06 02:11:57
2026-06-06,Medical,Bold MedSuite,1-653-340-0880,info@boldmedsuite.com,https://www.boldmedsuite.com,79,Lahore,PK,2026-06-06 05:52:28
2026-06-06,HR,NorthRoster Hub,547-831-9126,sales@northrosterhub.io,https://www.northrosterhub.io,38,Raleigh,US,2026-06-06 06:39:24
2026-06-06,HR,Ridge TalentCore,5686135832,sales@ridgetalentcore.io,https://www.ridgetalentcore.io,566,Columbus,US,2026-06-06 04:16:47
2026-06-06,Legal,SableMatterDynamics,5206175093,info@sablematterdynamics.com,https://sablematterdynamics.com,93,Boston,US,2026-06-06 04:58:00
2026-06-06,HR,ClearOnboardDynamics,7298513963,info@clearonboarddynamics.com,https://clearonboarddynamics.com,18,Atlanta,US,2026-06-06 06:27:12
2026-06-06,ERP,Indigo OrderSolutions,(829) 253-2517,sales@indigoordersolutions.io,https://www.indigoordersolutions.io,219,Melbourne,AU,2026-06-06 03:43:14
2026-06-06,Medical,XenonHealth Labs,+1 (430) 827-1033,contact@xenonhealthlabs.io,https://www.xenonhealthlabs.io,9,Raleigh,US,2026-06-06 03:21:40
2026-06-06,ERP,UmbraPlanWorks,+17227743318 ext. 43,sales@umbraplanworks.co,https://umbraplanworks.co,15,London,UK,2026-06-06 05:42:35
2026-06-06,HR,IronTeam Systems,+17748775856,info@ironteamsystems.io,https://www.ironteamsystems.io,8,Amsterdam,NL,2026-06-06 03:50:27
2026-06-06,HR,HarborPayroll Dynamics,592-583-3676,info@harborpayrolldynamics.io,https://www.harborpayrolldynamics.io,9,Singapore,SG,2026-06-06 04:18:20
2026-06-06,HR,PioneerPayroll Sphere,(628) 922-4536,contact@pioneerpayrollsphere.io,https://www.pioneerpayrollsphere.io,40,Seattle,US,2026-06-06 01:25:55
2026-06-06,HR,OmniPeopleLabs,358-472-5605,sales@omnipeoplelabs.com,https://omnipeoplelabs.com,7,Denver,US,2026-06-06 04:17:54
2026-06-06,ERP,Ember ChainFlow,926.571.3131,contact@emberchainflow.io,https://emberchainflow.io,46,Islamabad,PK,2026-06-06 03:10:08
2026-06-06,Legal,ApexVerdict Sphere,5288314372 ext. 63,info@apexverdictsphere.com,https://apexverdictsphere.com,10,Islamabad,PK,2026-06-06 04:42:02
2026-06-06,ERP,OrbitForge Logic,888-335-7572,contact@orbitforgelogic.com,https://www.orbitforgelogic.com,N/A,Phoenix,US,2026-06-06 01:00:54
2026-06-06,LMS,Anchor LessonBase,+13737550555 ext. 44,sales@anchorlessonbase.co,https://www.anchorlessonbase.co,28,Singapore,SG,2026-06-06 04:52:26
2026-06-06,MSP Platform,ArchUptimePoint,(780) 732-8556,contact@archuptimepoint.com,https://www.archuptimepoint.com,47,Denver,US,2026-06-06 05:30:02
2026-06-06,ERP,Nimbus ChainWorks,(691) 474-1594,hello@nimbuschainworks.com,https://www.nimbuschainworks.com,340,Toronto,CA,2026-06-06 03:36:54
2026-06-06,ERP,GoldenForgeDesk,710-451-8018,hello@goldenforgedesk.com,goldenforgedesk.com,827,Lahore,PK,2026-06-06 05:57:34
2026-06-06,Legal,CobaltBriefPlatform,(277) 529-5036,sales@cobaltbriefplatform.com,https://cobaltbriefplatform.com,35,Austin,US,2026-06-06 04:25:53
2026-06-06,Legal,WillowCompli Suite,+18629820131,contact@willowcomplisuite.net,https://www.willowcomplisuite.net,89,Austin,US,2026-06-06 01:18:09
2026-06-06,MSP Platform,VertexRemoteSync,+1 (431) 862-0999,contact@vertexremotesync.com,https://vertexremotesync.com,236,Toronto,CA,2026-06-06 04:31:15
2026-06-06,MSP Platform,VistaStackPlatform,+15428526932,sales@vistastackplatform.com,https://www.vistastackplatform.com,308,Seattle,US,2026-06-06 05:56:35
2026-06-06,ERP,Prime BatchSystems,1-767-253-2765,contact@primebatchsystems.com,primebatchsystems.com,222,Denver,US,2026-06-06 01:45:52
2026-06-06,HR,TidalPerformTech,(347) 574-8915,sales@tidalperformtech.com,https://www.tidalperformtech.com,89,Atlanta,US,2026-06-06 02:47:34
2026-06-06,Legal,VistaFiling Platform,632.426.3648,hello@vistafilingplatform.io,vistafilingplatform.io,6,Columbus,US,2026-06-06 01:55:21
2026-06-06,ERP,IronPlan Hub,+1 (981) 869-5718,contact@ironplanhub.com,ironplanhub.com,2960,Columbus,US,2026-06-06 06:00:22
2026-06-06,HR,Silver PayrollCore,(828) 361-6113,sales@silverpayrollcore.co,https://silverpayrollcore.co,14,Columbus,US,2026-06-06 03:40:25
2026-06-06,ERP,Mosaic Plan Talent Agency,261.233.1245,hello@mosaicplantalentagency.co,https://www.mosaicplantalentagency.co,239,Calgary,CA,2026-06-06 02:00:09
2026-06-06,HR,VertexTalent Systems,+12239664872,hello@vertextalentsystems.io,https://www.vertextalentsystems.io,366,Columbus,US,2026-06-06 02:31:44
2026-06-06,Medical,CobaltVital Tech,(701) 624-3834,hello@cobaltvitaltech.com,https://www.cobaltvitaltech.com,7,Seattle,US,2026-06-06 03:34:35
2026-06-06,Medical,CoreTriage Logic,505-432-1409,sales@coretriagelogic.io,https://coretriagelogic.io,24,Austin,US,2026-06-06 03:29:48
2026-06-06,ERP,Velo ChainBase,+18794292145,contact@velochainbase.net,https://www.velochainbase.net,486,Seattle,US,2026-06-06 06:29:56
2026-06-06,Medical,True’s RxLogic,861-273-8875,sales@truerxlogic.io,https://www.truerxlogic.io,23,Phoenix,US,2026-06-06 01:11:36
2026-06-06,HR,QuartzTalent Tech,7099412649 ext. 72,sales@quartztalenttech.com,https://www.quartztalenttech.com,172,Toronto,CA,2026-06-06 04:55:42
2026-06-06,ERP,Golden StockHub,1-987-784-1090,hello@goldenstockhub.com,goldenstockhub.com,427,Manchester,UK,2026-06-06 06:54:46
2026-06-06,ERP,NimbusChain Sync,(930) 224-2273,info@nimbuschainsync.com,nimbuschainsync.com,183,Amsterdam,NL,2026-06-06 05:25:45
2026-06-06,Legal,IronFilingLogic,944-745-2739,hello@ironfilinglogic.net,ironfilinglogic.net,37,Raleigh,US,2026-06-06 05:15:27
2026-06-06,HR,DeltaCultureWorks,274-383-7805,info@deltacultureworks.com,https://deltacultureworks.com,27,Chicago,US,2026-06-06 04:09:32
2026-06-06,ERP,OmniFin Logic,+17319614558 ext. 82,contact@omnifinlogic.io,https://www.omnifinlogic.io,50,Manchester,UK,2026-06-06 04:51:27
2026-06-06,LMS,AtlasBenefit Works,(277) 947-7609,contact@atlasbenefitworks.io,https://atlasbenefitworks.io,29,Tampa,US,2026-06-06 02:24:19
2026-06-06,ERP,QuantumForgeHub,+14676971898,hello@quantumforgehub.com,quantumforgehub.com,19,Boston,US,2026-06-06 06:34:38
2026-06-06,Medical,GraniteClinicPoint,4088738686,hello@graniteclinicpoint.io,https://graniteclinicpoint.io,6,Pune,IN,2026-06-06 03:35:10
2026-06-06,MSP Platform,Silver EndpointWorks,5896547411,contact@silverendpointworks.com,https://www.silverendpointworks.com,21,Raleigh,US,2026-06-06 06:47:19
2026-06-06,ERP,Delta OrderLogic,433.555.0284,hello@deltaorderlogic.com,https://www.deltaorderlogic.com,53,Columbus,US,2026-06-06 04:45:17
2026-06-06,HR,BlueShift Core,663-988-3248,contact@blueshiftcore.com,https://www.blueshiftcore.com,58,Sydney,AU,2026-06-06 02:15:13
2026-06-06,ERP,GranitePlanWorks,+17856889692,info@graniteplanworks.net,https://www.graniteplanworks.net,24,Seattle,US,2026-06-06 01:44:45
2026-06-06,Legal,PioneerVerdictLogic,+1 (664) 595-0360,sales@pioneerverdictlogic.io,https://www.pioneerverdictlogic.io,27,Toronto,CA,2026-06-06 02:44:46
2026-06-06,HR,Arch PerformSoft,+12474192375 ext. 30,,https://www.archperformsoft.com,54,Leeds,UK,2026-06-06 03:55:30
2026-06-06,ERP,FalconOpsSuite,+16217993904,hello@falconopssuite.co,falconopssuite.co,20,Atlanta,US,2026-06-06 06:41:34
2026-06-06,ERP,Halo ResourcePlatform,224-453-4651,info@haloresourceplatform.com,https://www.haloresourceplatform.com,13,Tampa,US,2026-06-06 03:27:28
2026-06-06,ERP,JuniperStock Soft,+18857459418,contact@juniperstocksoft.com,https://www.juniperstocksoft.com,52,Toronto,CA,2026-06-06 05:23:05
2026-06-06,LMS,Lumen’s LessonDynamics,589.783.3191 ext. 10,contact@lumenlessondynamics.com,https://lumenlessondynamics.com,43,Lahore,PK,2026-06-06 02:31:44
2026-06-06,HR,QuantumTalentWorks,(711) 971-8984,info@quantumtalentworks.io,https://www.quantumtalentworks.io,163,Sydney,AU,2026-06-06 06:03:57
2026-06-06,HR,ApexOnboard Desk,(416) 234-3489,info@apexonboarddesk.com,apexonboarddesk.com,87,Seattle,US,2026-06-06 01:59:26
2026-06-06,Legal,MetaLawCloud,(269) 848-3020,contact@metalawcloud.com,metalawcloud.com,296,Calgary,CA,2026-06-06 01:30:13
2026-06-06,LMS,Clear LearnSync,+1 (567) 270-6852,hello@clearlearnsync.io,https://www.clearlearnsync.io,18,Phoenix,US,2026-06-06 06:22:17
2026-06-06,Medical,ApexPulseBase,252.798.9299,contact@apexpulsebase.com,https://www.apexpulsebase.com,39,Calgary,CA,2026-06-06 01:32:55
2026-06-06,ERP,Polaris LedgerSphere,06578692735 ext. 70,hello@polarisledgersphere.co,https://www.polarisledgersphere.co,693,Tampa,US,2026-06-06 04:16:01
2026-06-06,ERP,AtlasResource App,1-531-487-5587,info@atlasresourceapp.com,https://www.atlasresourceapp.com,4659,Boston,US,2026-06-06 02:44:11
2026-06-06,Legal,Juniper BriefLogic,4456032791,info@juniperbrieflogic.io,https://juniperbrieflogic.io,2358,Leeds,UK,2026-06-06 04:37:53
2026-06-06,Medical,NorthTriage Hub,(678) 537-0292,contact@northtriagehub.com,northtriagehub.com,N/A,Boston,US,2026-06-06 05:17:20
2026-06-06,Medical,RavenVital Platform,1-845-736-2149,sales@ravenvitalplatform.com,https://www.ravenvitalplatform.com,141,Bengaluru,IN,2026-06-06 02:30:13
2026-06-06,HR,CrestShift Base,6768957274,contact@crestshiftbase.io,https://www.crestshiftbase.io,143,Austin,US,2026-06-06 06:01:52
2026-06-06,HR,VeloPayrollSphere,6463594513 ext. 19,sales@velopayrollsphere.com,velopayrollsphere.com,7,Bengaluru,IN,2026-06-06 06:51:59
2026-06-06,MSP Platform,Nimbus EndpointCloud,810-603-5542 ext. 79,contact@nimbusendpointcloud.co,https://www.nimbusendpointcloud.co,122,Austin,US,2026-06-06 04:58:17
2026-06-06,ERP,SummitLedger Works,(881) 900-1052,contact@summitledgerworks.com,summitledgerworks.com,82,Phoenix,US,2026-06-06 04:58:59
2026-06-06,Legal,Sable ClauseDesk,245.785.2252,info@sableclausedesk.com,https://www.sableclausedesk.com,20,Phoenix,US,2026-06-06 01:40:40
2026-06-06,Medical,Silver TriageCloud,273-445-3715,sales@silvertriagecloud.io,https://www.silvertriagecloud.io,-,,US,2026-06-06 01:44:36
2026-06-06,MSP Platform,ClearGridFlow,6429776297,contact@cleargridflow.io,https://cleargridflow.io,19,Columbus,US,2026-06-06 06:49:32
2026-06-06,ERP,VistaChainLabs,+18625526251,sales@vistachainlabs.com,https://www.vistachainlabs.com,730,Dublin,IE,2026-06-06 04:46:29
2026-06-06,MSP Platform,Zen GridBase,06987416430,null,https://zengridbase.com,11,Tampa,US,2026-06-06 02:45:23
2026-06-06,MSP Platform,BrightUptime App,245.441.6222,contact@brightuptimeapp.com,https://www.brightuptimeapp.com,10,Melbourne,AU,2026-06-06 02:08:53
2026-06-06,Legal,Cobalt DocketFlow,9604897853,N/A,https://cobaltdocketflow.com,1823,Seattle,US,2026-06-06 06:30:37
2026-06-06,HR,OrbitTalentSync’s,(944) 881-8711,info@orbittalentsync.io,https://www.orbittalentsync.io,99,Melbourne,AU,2026-06-06 04:38:48
2026-06-06,HR,Délta ShiftCore,(730) 982-6664,N/A,https://www.deltashiftcore.com,931,Raleigh,US,2026-06-06 06:15:27
2026-06-06,HR,Alta BenefitBase,505-982-7263,info@altabenefitbase.com,https://www.altabenefitbase.com,217,Austin,US,2026-06-06 01:45:57
2026-06-06,MSP Platform,VistaStackApp,918.973.8632,info@vistastackapp.com,https://vistastackapp.com,80,Vancouver,CA,2026-06-06 02:15:12
2026-06-06,Medical,PivotPulse Labs,(216) 815-2955 ext. 64,contact@pivotpulselabs.io,https://www.pivotpulselabs.io,311,Seattle,US,2026-06-06 03:47:58
2026-06-06,Medical,Onyx HealthPoint,591.462.9795,info@onyxhealthpoint.com,https://www.onyxhealthpoint.com,126,Hyderabad,IN,2026-06-06 06:12:16
2026-06-06,MSP Platform,DeltaGrid Hub,562-672-7239,info@deltagridhub.com,deltagridhub.com,36,Tampa,US,2026-06-06 02:49:13
2026-06-06,Medical,GoldenCare Tech,1-297-683-6359 ext. 12,hello@goldencaretech.com,https://www.goldencaretech.com,3999,Dublin,IE,2026-06-06 02:02:05
2026-06-06,Medical,ZephyrPulseSuite,717-308-8169,hello@zephyrpulsesuite.com,https://zephyrpulsesuite.com,16,Tampa,US,2026-06-06 06:07:20
2026-06-06,Medical,BeaconVital Systems,1-954-826-1078,sales@beaconvitalsystems.com,https://www.beaconvitalsystems.com,137,Seattle,US,2026-06-06 02:28:05
2026-06-06,Medical,GraniteCareDesk,3433978446,contact@granitecaredesk.io,granitecaredesk.io,68,Lahore,PK,2026-06-06 03:01:38
2026-06-06,MSP Platform,Crest NodeCloud,(914) 829-7954,sales@crestnodecloud.com,https://www.crestnodecloud.com,19,Denver,US,2026-06-06 06:36:04
2026-06-06,Legal,HaloMatterApp,+1 (475) 310-8983 ext. 61,sales@halomatterapp.net,https://www.halomatterapp.net,417,Atlanta,US,2026-06-06 04:36:46
2026-06-06,Medical,XenonCareTech,+1 (673) 373-4304,sales@xenoncaretech.io,https://xenoncaretech.io,876,Boston,US,2026-06-06 01:40:55
2026-06-06,HR,SolidTalentHub,+17188868714,sales@solidtalenthub.io,https://solidtalenthub.io,6,Melbourne,AU,2026-06-06 02:37:11
2026-06-06,Medical,CobaltTriage Systems,+16887074396,info@cobalttriagesystems.com,https://www.cobalttriagesystems.com,20,Atlanta,US,2026-06-06 05:53:50
2026-06-06,MSP Platform,Ridge NetSolutions,+13948180625,contact@ridgenetsolutions.io,https://ridgenetsolutions.io,12,Pune,IN,2026-06-06 02:52:56
2026-06-06,Legal,CobaltBriefBase,851-880-7454,info@cobaltbriefbase.com,https://www.cobaltbriefbase.com,127,Phoenix,US,2026-06-06 04:33:24
2026-06-06,Medical,Lumen PatientApp,+1 (809) 851-7283,info@lumenpatientapp.com,https://lumenpatientapp.com,1261,Amsterdam,NL,2026-06-06 02:45:55
2026-06-06,Medical,Granite ClinicBase,+17793307184,hello@graniteclinicbase.com,https://www.graniteclinicbase.com,16,Boston,US,2026-06-06 01:40:37
2026-06-06,MSP Platform,SummitUptime Systems,1-858-666-4559,contact@summituptimesystems.co,https://summituptimesystems.co,375,Tampa,US,2026-06-06 05:29:08
2026-06-06,Legal,EmberCaseDesk,+19252372105,contact@embercasedesk.io,https://www.embercasedesk.io,76,Atlanta,US,2026-06-06 01:09:20
2026-06-06,Legal,Granite LawHub,+16217696891,hello@granitelawhub.io,https://www.granitelawhub.io,19,Bengaluru,IN,2026-06-06 02:51:22
2026-06-06,HR,RidgeBenefit Works,(666) 320-2655,contact@ridgebenefitworks.com,https://www.ridgebenefitworks.com,11,Boston,US,2026-06-06 01:38:18
2026-06-06,HR,BlueRosterCore’s,+16324236561,info@bluerostercore.com,https://www.bluerostercore.com,52,Boston,US,2026-06-06 02:58:50
2026-06-06,Medical,Juniper ClinicPlatform,727-584-4897,info@juniperclinicplatform.io,https://juniperclinicplatform.io,120,Toronto,CA,2026-06-06 03:53:16
2026-06-06,HR,Blue ShiftTech,6554922972,hello@blueshifttech.com,blueshifttech.com,15,Amsterdam,NL,2026-06-06 04:53:03
2026-06-06,HR,CoreOnboard Suite,(646) 655-3731,contact@coreonboardsuite.io,https://www.coreonboardsuite.io,12,Pune,IN,2026-06-06 04:25:49
2026-06-06,ERP,Quantum OrderSoft,767.704.8510,info@quantumordersoft.net,https://www.quantumordersoft.net,10,Seattle,US,2026-06-06 03:06:47
2026-06-06,ERP,Atlas FinSphere,1-731-797-9969,sales@atlasfinsphere.com,atlasfinsphere.com,691,Dublin,IE,2026-06-06 04:51:10
2026-06-06,Medical,Cedar PatientSync,1-305-619-0216,contact@cedarpatientsync.co,https://www.cedarpatientsync.co,25,Dublin,IE,2026-06-06 01:59:34
2026-06-06,MSP Platform,JuniperEndpoint Flow,4027037851,info@juniperendpointflow.com,juniperendpointflow.com,102,Phoenix,US,2026-06-06 02:04:06
2026-06-06,Legal,ApexFiling Tech,+17586570519,sales@apexfilingtech.co,https://www.apexfilingtech.co,null,Phoenix,US,2026-06-06 03:34:21
2026-06-06,Medical,Onyx PulseCloud,834-286-1273,sales@onyxpulsecloud.com,https://www.onyxpulsecloud.com,42,Austin,US,2026-06-06 06:44:06
2026-06-06,ERP,Raven ResourceSoft,834-273-9958,null,https://ravenresourcesoft.com,105,Manchester,UK,2026-06-06 06:58:02
2026-06-06,MSP Platform,DeltaEndpointSync,964-661-6993,sales@deltaendpointsync.com,https://www.deltaendpointsync.com,170,Seattle,US,2026-06-06 04:05:00
2026-06-06,Medical,OnyxTriage Flow,(329) 850-9133,hello@onyxtriageflow.com,https://www.onyxtriageflow.com,133,Chicago,US,2026-06-06 05:18:04
2026-06-06,MSP Platform,NimbusNodeLabs,679-973-5845,sales@nimbusnodelabs.com,https://www.nimbusnodelabs.com,172,Boston,US,2026-06-06 06:13:23
2026-06-06,MSP Platform,RidgeEndpoint Sync,5864429553,contact@ridgeendpointsync.com,https://www.ridgeendpointsync.com,28,Columbus,US,2026-06-06 01:14:58
2026-06-06,Medical,LumenMed Base,(659) 682-8929,contact@lumenmedbase.net,https://www.lumenmedbase.net,220,Dublin,IE,2026-06-06 03:44:54
2026-06-06,HR,WillowTalent Dynamics,(483) 909-9793,sales@willowtalentdynamics.io,https://www.willowtalentdynamics.io,567,Calgary,CA,2026-06-06 03:53:35
2026-06-06,ERP,CedarFin Logic,+1 (914) 913-2050,-,https://cedarfinlogic.com,716,Hyderabad,IN,2026-06-06 04:03:37
2026-06-06,LMS,Velo LessonPlatform,(867) 552-9233,sales@velolessonplatform.io,https://www.velolessonplatform.io,151,Toronto,CA,2026-06-06 02:30:11
2026-06-06,ERP,Beacon StockLogic,+15843819453,hello@beaconstocklogic.net,https://www.beaconstocklogic.net,61,Tampa,US,2026-06-06 03:07:30
2026-06-06,MSP Platform,Xenon Stack Consulting Group,7289020782,sales@xenonstackconsultinggroup.com,https://xenonstackconsultinggroup.com,13,Raleigh,US,2026-06-06 02:50:15
2026-06-06,ERP,RidgeLedgerSync,1-724-414-1946,info@ridgeledgersync.com,https://www.ridgeledgersync.com,48,Boston,US,2026-06-06 01:50:53
2026-06-06,LMS,CobaltPath Core,292.398.2813,contact@cobaltpathcore.net,https://www.cobaltpathcore.net,3408,Calgary,CA,2026-06-06 02:51:47
2026-06-06,LMS,VeloMentor Soft,(414) 695-4711,hello@velomentorsoft.com,velomentorsoft.com,55,Raleigh,US,2026-06-06 01:59:17
2026-06-06,Medical,CrestPulsePlatform,+18037293587,sales@crestpulseplatform.com,https://www.crestpulseplatform.com,384,Dublin,IE,2026-06-06 01:45:31
2026-06-06,MSP Platform,RidgewayUptime’s Core,+14559408044,hello@ridgewayuptimecore.net,https://www.ridgewayuptimecore.net,86,Dublin,IE,2026-06-06 05:08:14
2026-06-06,HR,PolarisPayrollCloud,1-415-774-2252,sales@polarispayrollcloud.com,https://polarispayrollcloud.com,172,Columbus,US,2026-06-06 01:40:13
2026-06-06,MSP Platform,PivotPatch Platform,6796031086,hello@pivotpatchplatform.com,https://www.pivotpatchplatform.com,-,Seattle,US,2026-06-06 01:04:21
2026-06-06,Legal,ZephyrCaseSync,1-253-972-5115,sales@zephyrcasesync.com,https://www.zephyrcasesync.com,16,Chicago,US,2026-06-06 02:26:20
2026-06-06,ERP,PivotResourcePoint,+12818655171,info@pivotresourcepoint.io,pivotresourcepoint.io,878,Denver,US,2026-06-06 06:59:33
2026-06-06,ERP,Indigo LedgerSuite,+1 (635) 607-4025,contact@indigoledgersuite.io,https://www.indigoledgersuite.io,27,Raleigh,US,2026-06-06 03:24:22
2026-06-06,HR,CoreOnboard Point,1-384-454-0480 ext. 31,,https://www.coreonboardpoint.com,23,Columbus,US,2026-06-06 06:46:11
2026-06-06,HR,Raven TalentCloud,799-969-3506,info@raventalentcloud.com,https://www.raventalentcloud.com,43,Columbus,US,2026-06-06 06:55:45
2026-06-06,Medical,RavenHealthApp,1-267-301-7379 ext. 43,N/A,https://www.ravenhealthapp.com,52,Sydney,AU,2026-06-06 02:53:37
2026-06-06,HR,North TalentPoint,(729) 593-6154,hello@northtalentpoint.io,northtalentpoint.io,421,Calgary,CA,2026-06-06 06:22:13
2026-06-06,MSP Platform,Ember EndpointTech,7094146127,contact@emberendpointtech.com,https://emberendpointtech.com,17,Phoenix,US,2026-06-06 05:10:18
2026-06-06,MSP Platform,SolidPatchSuite,664-309-5385,contact@solidpatchsuite.net,https://www.solidpatchsuite.net,88,Denver,US,2026-06-06 04:40:20
2026-06-06,HR,XenonPeople Base,06555634207,hello@xenonpeoplebase.net,https://xenonpeoplebase.net,503,Raleigh,US,2026-06-06 01:53:40
2026-06-06,ERP,OrbitPlan Soft,(316) 299-7394,contact@orbitplansoft.com,https://www.orbitplansoft.com,15,Austin,US,2026-06-06 05:09:40
2026-06-06,ERP,QuartzLedgerSolutions,6223738116 ext. 29,info@quartzledgersolutions.com,https://www.quartzledgersolutions.com,273,Sydney,AU,2026-06-06 03:22:24
2026-06-06,Medical,BoldRx Works,603-371-5548,contact@boldrxworks.com,https://www.boldrxworks.com,260,Tampa,US,2026-06-06 05:47:46
2026-06-06,MSP Platform,IndigoStack Cloud,(456) 668-5422,sales@indigostackcloud.com,https://www.indigostackcloud.com,10,Melbourne,AU,2026-06-06 05:26:57
2026-06-06,MSP Platform,LatticeGrid Cloud,+18723892606,sales@latticegridcloud.com,https://www.latticegridcloud.com,32,Boston,US,2026-06-06 05:36:49
2026-06-06,MSP Platform,Umbra Patch Talent Agency,522-912-9915 ext. 69,contact@umbrapatchtalentagency.com,https://umbrapatchtalentagency.com,19,Manchester,UK,2026-06-06 05:25:38
2026-06-06,Medical,Blue PatientSphere,+17653970690,hello@bluepatientsphere.com,https://www.bluepatientsphere.com,7,Denver,US,2026-06-06 02:03:29
2026-06-06,ERP,Zephyr OpsLabs,+12956556516,hello@zephyropslabs.com,https://www.zephyropslabs.com,208,Atlanta,US,2026-06-06 05:15:34
2026-06-06,ERP,AnchorStockFlow,4307166201 ext. 25,contact@anchorstockflow.io,https://www.anchorstockflow.io,12,Leeds,UK,2026-06-06 04:59:16
2026-06-06,Medical,KeystoneRx Labs,482.595.6969,hello@keystonerxlabs.com,keystonerxlabs.com,9,Phoenix,US,2026-06-06 02:03:25
2026-06-06,MSP Platform,MetaGrid Sync,978-529-5872,hello@metagridsync.io,https://metagridsync.io,43,Atlanta,US,2026-06-06 04:16:59
2026-06-06,LMS,OmniMentorPlatform,06052509035,sales@omnimentorplatform.io,https://www.omnimentorplatform.io,532,Phoenix,US,2026-06-06 06:10:14
2026-06-06,Medical,VistaCaréTech,561.543.9725 ext. 2,sales@vistacaretech.com,https://vistacaretech.com,144,Tampa,US,2026-06-06 02:21:36
2026-06-06,Medical,Zephyr PulsePoint,+18103891209,hello@zephyrpulsepoint.io,https://zephyrpulsepoint.io,61,Raleigh,US,2026-06-06 02:23:19
2026-06-06,MSP Platform,NimbusUptime Dynamics,(878) 997-6462,sales@nimbusuptimedynamics.net,https://nimbusuptimedynamics.net,4871,Dublin,IE,2026-06-06 01:50:28
2026-06-06,HR,IndigoPayrollHub,1-468-213-0447,hello@indigopayrollhub.net,indigopayrollhub.net,27,Leeds,UK,2026-06-06 03:35:19
2026-06-06,Medical,GraniteRx Sphere,(681) 372-3815,hello@graniterxsphere.io,https://graniterxsphere.io,150,Raleigh,US,2026-06-06 06:05:18
2026-06-06,ERP,Cedar FinHub,483.283.8234,info@cedarfinhub.io,https://www.cedarfinhub.io,118,Columbus,US,2026-06-06 06:19:49
2026-06-06,HR,CrestTeam Soft,(691) 317-1826,info@crestteamsoft.com,https://crestteamsoft.com,361,Atlanta,US,2026-06-06 03:28:41
2026-06-06,ERP,ClearOrder Works,332-374-0644,info@clearorderworks.co,https://clearorderworks.co,36,Raleigh,US,2026-06-06 02:56:26
2026-06-06,ERP,RidgeResourceSoft,(846) 813-3842,contact@ridgeresourcesoft.io,https://ridgeresourcesoft.io,28,Singapore,SG,2026-06-06 01:53:28
2026-06-06,Medical,Lattice MedDesk,(806) 586-7110,sales@latticemeddesk.io,https://latticemeddesk.io,40,Chicago,US,2026-06-06 03:32:41
2026-06-06,LMS,NimbusTrain Flow,+19184706286,info@nimbustrainflow.com,https://www.nimbustrainflow.com,9999999,N/A,PK,2026-06-06 04:06:58
2026-06-06,Medical,OnyxPulseSphere,259.480.1754,hello@onyxpulsesphere.com,https://www.onyxpulsesphere.com,7,Phoenix,US,2026-06-06 06:15:30
2026-06-06,MSP Platform,IronNode Soft,(517) 935-6573,hello@ironnodesoft.com,https://ironnodesoft.com,77,Calgary,CA,2026-06-06 01:46:39
2026-06-06,HR,OrbitOnboardCloud,(761) 616-6211 ext. 79,hello@orbitonboardcloud.com,orbitonboardcloud.com,20,Austin,US,2026-06-06 05:48:15
2026-06-06,LMS,SummitTrainBase,(984) 550-5423,contact@summittrainbase.com,https://www.summittrainbase.com,8,Phoenix,US,2026-06-06 01:28:19
2026-06-06,MSP Platform,MosaicNet Soft,6776665623,N/A,https://mosaicnetsoft.net,14,Boston,US,2026-06-06 01:09:18
2026-06-06,ERP,North ResourceDesk,+18685028799,sales@northresourcedesk.io,northresourcedesk.io,10,Seattle,US,2026-06-06 04:46:07
2026-06-06,ERP,VertexPlanLogic,1-379-391-1004,info@vertexplanlogic.com,vertexplanlogic.com,21,Seattle,US,2026-06-06 06:10:57
2026-06-06,MSP Platform,VistaUptime Cloud,+1 (472) 349-1245 ext. 37,info@vistauptimecloud.com,vistauptimecloud.com,179,Columbus,US,2026-06-06 04:08:59
2026-06-06,MSP Platform,SummitNode Labs,7517463817,sales@summitnodelabs.co,https://summitnodelabs.co,46,Boston,US,2026-06-06 04:47:50
2026-06-06,ERP,BeaconResourceBase,+16379639394,info@beaconresourcebase.com,beaconresourcebase.com,98,Munich,DE,2026-06-06 06:39:29
2026-06-06,ERP,ZenResource Flow,254-492-5936,hello@zenresourceflow.io,zenresourceflow.io,95,Munich,DE,2026-06-06 04:36:06
2026-06-06,ERP,OmniChain Désk,501.415.5433,sales@omnichaindesk.io,omnichaindesk.io,6,Columbus,US,2026-06-06 04:22:11
2026-06-06,Legal,PioneerClause Works,428-628-3862,hello@pioneerclauseworks.io,https://pioneerclauseworks.io,95,Tampa,US,2026-06-06 03:35:54
2026-06-06,ERP,SummitChainDynamics,05592701875,hello@summitchaindynamics.co,https://summitchaindynamics.co,20,Raleigh,US,2026-06-06 01:33:36
2026-06-06,ERP,SableOrderPoint,1-957-611-9550,hello@sableorderpoint.com,https://www.sableorderpoint.com,98,Atlanta,US,2026-06-06 02:09:22
2026-06-06,Medical,Bold HealthBase,(791) 433-3103,sales@boldhealthbase.com,https://www.boldhealthbase.com,8,Chicago,US,2026-06-06 03:00:34
2026-06-06,Medical,HaloMed Cloud,4762613834 ext. 79,contact@halomedcloud.co,https://www.halomedcloud.co,4367,Phoenix,US,2026-06-06 06:12:47
2026-06-06,Legal,ApexClause Solutions,09318854032,hello@apexclausesolutions.com,https://www.apexclausesolutions.com,205,Leeds,UK,2026-06-06 06:43:32
2026-06-06,MSP Platform,BrightNodeLogic,986-442-4189,-,https://www.brightnodelogic.net,17,Chicago,US,2026-06-06 04:12:07
2026-06-06,ERP,Crest FinSync,+1 (247) 886-2497,contact@crestfinsync.com,https://www.crestfinsync.com,18,Raleigh,US,2026-06-06 04:00:35
2026-06-06,Legal,VertexMatter Cloud,(645) 978-5641,sales@vertexmattercloud.co,https://www.vertexmattercloud.co,44,-,US,2026-06-06 04:33:16
2026-06-06,Legal,Bright DocketLogic,(335) 320-9358,sales@brightdocketlogic.com,https://brightdocketlogic.com,8,Karachi,PK,2026-06-06 03:28:59
2026-06-06,ERP,OmniBatchCloud,726.315.2173,contact@omnibatchcloud.net,https://www.omnibatchcloud.net,466,Dublin,IE,2026-06-06 02:27:15
2026-06-06,Legal,Falcon CaseApp,+19363009048,hello@falconcaseapp.com,https://www.falconcaseapp.com,42,Phoenix,US,2026-06-06 04:26:13
2026-06-06,HR,EmberShift Platform,703-336-3546,info@embershiftplatform.com,https://www.embershiftplatform.com,303,Austin,US,2026-06-06 01:08:03
2026-06-06,HR,Cobalt TalentDesk,(903) 850-8754,info@cobalttalentdesk.com,https://cobalttalentdesk.com,3861,Raleigh,US,2026-06-06 04:01:20
2026-06-06,MSP Platform,NimbusGridSync,(902) 267-9133,contact@nimbusgridsync.io,nimbusgridsync.io,50,Sydney,AU,2026-06-06 02:05:32
2026-06-06,ERP,SummitOps Sphere,+1 (333) 312-3506,hello@summitopssphere.com,https://www.summitopssphere.com,45,Amsterdam,NL,2026-06-06 06:40:10
2026-06-06,HR,KeystoneOnboard Tech,7954098978,hello@keystoneonboardtech.com,https://keystoneonboardtech.com,33,Phoenix,US,2026-06-06 01:14:11
2026-06-06,ERP,Falcon ResourceSoft,1-753-443-2948,info@falconresourcesoft.io,https://www.falconresourcesoft.io,46,Amsterdam,NL,2026-06-06 04:17:56
2026-06-06,LMS,KeystoneCohort Labs,1-797-262-3950,info@keystonecohortlabs.com,keystonecohortlabs.com,null,Vancouver,CA,2026-06-06 01:19:12
2026-06-06,HR,LatticeCulturePlatform,359-384-6454,info@latticecultureplatform.io,https://www.latticecultureplatform.io,25,Raleigh,US,2026-06-06 06:40:50
2026-06-06,Legal,Vista MatterSoft,+1 (506) 812-4633,sales@vistamattersoft.com,vistamattersoft.com,727,Austin,US,2026-06-06 01:32:36
2026-06-06,ERP,Quantum ResourceHub,+1 (634) 316-5117,contact@quantumresourcehub.com,https://www.quantumresourcehub.com,366,Manchester,UK,2026-06-06 02:56:01
2026-06-06,MSP Platform,Lattice EndpointSuite,(745) 758-8421,info@latticeendpointsuite.io,latticeendpointsuite.io,9,Seattle,US,2026-06-06 04:11:36
2026-06-06,ERP,LatticeResourceSystems,833-306-9569,sales@latticeresourcesystems.co,https://www.latticeresourcesystems.co,null,Seattle,US,2026-06-06 01:55:52
2026-06-06,ERP,Ember PlanLabs,+18065128944,hello@emberplanlabs.co,https://www.emberplanlabs.co,31,Sydney,AU,2026-06-06 03:41:16
2026-06-06,Medical,AtlasClinicCore,441-834-2380,info@atlascliniccore.com,atlascliniccore.com,27,Chicago,US,2026-06-06 01:17:17
2026-06-06,Medical,Harbor TriageLogic,+18983069042,N/A,https://www.harbortriagelogic.co,N/A,Boston,US,2026-06-06 04:00:38
2026-06-06,ERP,Bold FinSolutions,324-243-5185,hello@boldfinsolutions.com,https://www.boldfinsolutions.com,401,Amsterdam,NL,2026-06-06 04:02:09
2026-06-06,LMS,Orbit SkillWorks,767-483-9571,info@orbitskillworks.com,https://www.orbitskillworks.com,46,Phoenix,US,2026-06-06 06:04:30
2026-06-06,ERP,LatticeResourceHub,+1 (344) 797-9422,info@latticeresourcehub.co,latticeresourcehub.co,8,Hyderabad,IN,2026-06-06 03:14:10
2026-06-06,HR,Iron ShiftSync,7225811319,contact@ironshiftsync.io,https://ironshiftsync.io,887,Amsterdam,NL,2026-06-06 01:40:53
2026-06-06,Medical,SilverPatientHub,4542687940,sales@silverpatienthub.com,https://silverpatienthub.com,8,Amsterdam,NL,2026-06-06 05:11:27
2026-06-06,LMS,ClearCourse Sync,964-289-6304,contact@clearcoursesync.net,https://www.clearcoursesync.net,,Phoenix,US,2026-06-06 05:39:29
2026-06-06,HR,JuniperPerformTech,02884392196,sales@juniperperformtech.com,https://www.juniperperformtech.com,39,Leeds,UK,2026-06-06 05:23:32
2026-06-06,HR,UmbraPayroll Desk,(323) 698-6282,hello@umbrapayrolldesk.com,https://umbrapayrolldesk.com,20,Calgary,CA,2026-06-06 06:25:43
2026-06-06,MSP Platform,North TicketSoft,+14713091077,info@northticketsoft.com,https://northticketsoft.com,252,Boston,US,2026-06-06 02:05:47
2026-06-06,Legal,CedarMatter Desk,617-420-0891,sales@cedarmatterdesk.io,https://www.cedarmatterdesk.io,25,Sydney,AU,2026-06-06 05:35:44
2026-06-06,HR,Juniper RosterWorks,+14024155256,contact@juniperrosterworks.com,https://www.juniperrosterworks.com,689,Chicago,US,2026-06-06 06:56:46
2026-06-06,Medical,Golden ClinicCloud,949-874-1244,contact@goldencliniccloud.com,https://goldencliniccloud.com,89,Denver,US,2026-06-06 05:04:41
2026-06-06,HR,IndigoBenefit Base,1-905-480-8284,contact@indigobenefitbase.com,https://www.indigobenefitbase.com,298,Phoenix,US,2026-06-06 03:22:40
2026-06-06,Medical,ArchVital Soft,03546110436,contact@archvitalsoft.com,https://www.archvitalsoft.com,78,Boston,US,2026-06-06 04:48:16
2026-06-06,Medical,OnyxClinicSync,(888) 500-7291,contact@onyxclinicsync.com,https://www.onyxclinicsync.com,466,Sydney,AU,2026-06-06 05:14:50
2026-06-06,MSP Platform,Blue NodeFlow,(810) 881-2148,sales@bluenodeflow.com,https://www.bluenodeflow.com,-,Toronto,CA,2026-06-06 01:53:17
2026-06-06,HR,Delta BenefitPoint,(332) 268-3874,contact@deltabenefitpoint.net,https://www.deltabenefitpoint.net,210,Tampa,US,2026-06-06 04:47:06
2026-06-06,HR,VeloOnboardDynamics,(498) 410-9443,contact@veloonboarddynamics.com,https://www.veloonboarddynamics.com,930,Austin,US,2026-06-06 01:39:00
2026-06-06,Medical,UmbraPulseApp,5874487106 ext. 31,hello@umbrapulseapp.com,umbrapulseapp.com,19,Raleigh,US,2026-06-06 03:10:33
2026-06-06,MSP Platform,ZenUptimeSphere,9097025136,info@zenuptimesphere.com,https://zenuptimesphere.com,17,Pune,IN,2026-06-06 06:26:00
2026-06-06,ERP,CorePlan Point,(889) 789-9592,info@coreplanpoint.co,https://www.coreplanpoint.co,6,Phoenix,US,2026-06-06 05:56:42
2026-06-06,Medical,Falcon PulseApp,+17149901832,info@falconpulseapp.io,https://www.falconpulseapp.io,500,Atlanta,US,2026-06-06 03:21:29
2026-06-06,ERP,FusionChain Works,+1 (610) 712-0556,-,https://www.fusionchainworks.io,205,Chicago,US,2026-06-06 05:33:09
2026-06-06,Medical,GraniteCare Desk,3708960443,info@granitecaredesk.com,https://granitecaredesk.com,229,Munich,DE,2026-06-06 05:45:31
2026-06-06,MSP Platform,ArchPatch Point,9745252345,contact@archpatchpoint.com,https://www.archpatchpoint.com,465,Raleigh,US,2026-06-06 04:36:40
2026-06-06,Medical,EmberMedApp,594-490-9021,hello@embermedapp.com,https://www.embermedapp.com,20,Melbourne,AU,2026-06-06 03:34:38
2026-06-06,HR,AnchorBenefit Labs,759.638.6654,info@anchorbenefitlabs.com,https://anchorbenefitlabs.com,227,Austin,US,2026-06-06 02:13:11
2026-06-06,ERP,GraniteChainSolutions,(658) 434-5881,sales@granitechainsolutions.net,https://granitechainsolutions.net,1724,Manchester,UK,2026-06-06 06:12:48
2026-06-06,ERP,HarborChainLabs,6923040835,hello@harborchainlabs.com,https://www.harborchainlabs.com,8,Columbus,US,2026-06-06 02:58:40
2026-06-06,MSP Platform,PivotEndpoint Flow,+15163929265,contact@pivotendpointflow.net,https://www.pivotendpointflow.net,4507,Toronto,CA,2026-06-06 01:45:14
2026-06-06,HR,Ridgeway Onboard Consulting Group,(960) 675-4436,contact@ridgewayonboardconsultinggroup.com,https://www.ridgewayonboardconsultinggroup.com,10,Seattle,US,2026-06-06 01:04:28
2026-06-06,HR,MetaCultureSphere,+17374277832 ext. 70,hello@metaculturesphere.com,https://www.metaculturesphere.com,99,Manchester,UK,2026-06-06 06:14:43
2026-06-06,Medical,IronMed Flow,711.460.8046 ext. 90,contact@ironmedflow.com,ironmedflow.com,317,Denver,US,2026-06-06 05:11:44
2026-06-06,HR,Summit BenefitSoft,(825) 399-2297,hello@summitbenefitsoft.io,https://www.summitbenefitsoft.io,11,Manchester,UK,2026-06-06 02:08:12
2026-06-06,ERP,ClearPlan Sync,+12662096519,hello@clearplansync.com,clearplansync.com,52,Raleigh,US,2026-06-06 04:21:18
2026-06-06,HR,TrueTalent Desk,(875) 748-7409,contact@truetalentdesk.com,https://www.truetalentdesk.com,61,Munich,DE,2026-06-06 01:38:00
2026-06-06,Legal,ApexLawPlatform,+1 (332) 490-5533 ext. 9,info@apexlawplatform.com,https://www.apexlawplatform.com,39,Austin,US,2026-06-06 04:26:54
2026-06-06,Legal,GraniteCompliSync,401-557-0557,sales@granitecomplisync.io,https://granitecomplisync.io,235,Phoenix,US,2026-06-06 01:03:47
2026-06-06,ERP,FusionBatch Desk,469-651-5464,contact@fusionbatchdesk.com,fusionbatchdesk.com,481,Phoenix,US,2026-06-06 05:01:19
2026-06-06,HR,BlueRoster Flow,239-898-8505,sales@bluerosterflow.com,https://www.bluerosterflow.com,7,Atlanta,US,2026-06-06 06:09:55
2026-06-06,Legal,Omni ClausePoint,03814756827,contact@omniclausepoint.com,https://www.omniclausepoint.com,92,Seattle,US,2026-06-06 04:40:13
2026-06-06,Medical,Beacon PulsePoint,835-801-2429,hello@beaconpulsepoint.com,https://www.beaconpulsepoint.com,95,Atlanta,US,2026-06-06 05:26:45
2026-06-06,MSP Platform,RavenNodeBase,(968) 317-3105,hello@ravennodebase.io,https://www.ravennodebase.io,28,Sydney,AU,2026-06-06 01:02:49
2026-06-06,Legal,Ember CounselSoft,(877) 372-3730 ext. 79,hello@embercounselsoft.io,https://www.embercounselsoft.io,229,Atlanta,US,2026-06-06 06:15:24
2026-06-06,Legal,Raven CounselSync,690-368-0272,sales@ravencounselsync.com,https://ravencounselsync.com,284,Sydney,AU,2026-06-06 03:43:58
2026-06-06,Medical,Lumen PatientSphere,244-240-7428,hello@lumenpatientsphere.com,lumenpatientsphere.com,389,Melbourne,AU,2026-06-06 05:06:03
2026-06-06,LMS,FalconTutorLabs,03485618234,-,https://www.falcontutorlabs.com,23,Pune,IN,2026-06-06 02:12:30
2026-06-06,HR,LumenPeopleTech,(745) 559-5039,sales@lumenpeopletech.com,https://www.lumenpeopletech.com,73,Tampa,US,2026-06-06 03:25:15
2026-06-06,HR,VeloCultureBase,659-949-9315,info@veloculturebase.com,veloculturebase.com,93,Tampa,US,2026-06-06 02:55:08
2026-06-06,MSP Platform,PivotStackSphere,+17605857371,contact@pivotstacksphere.co,https://www.pivotstacksphere.co,150,Dublin,IE,2026-06-06 03:49:18
2026-06-06,HR,WillowTalentFlow’s,7332951851,info@willowtalentflow.com,https://www.willowtalentflow.com,89,Tampa,US,2026-06-06 05:56:36
2026-06-06,ERP,Harbor OpsCloud,744.209.2352,contact@harboropscloud.net,https://www.harboropscloud.net,22,Chicago,US,2026-06-06 06:51:06
2026-06-06,MSP Platform,XenonEndpointPlatform,1-770-970-5052,-,https://www.xenonendpointplatform.co,14,Raleigh,US,2026-06-06 04:30:48
2026-06-06,ERP,Cobalt StockSuite,1-335-349-3934,contact@cobaltstocksuite.io,https://cobaltstocksuite.io,689,Hyderabad,IN,2026-06-06 01:20:46
2026-06-06,HR,AltaRoster Platform,+18385734608 ext. 2,contact@altarosterplatform.com,https://www.altarosterplatform.com,31,Denver,US,2026-06-06 01:46:22
2026-06-06,Medical,CrestClinicCore,5087612460 ext. 87,sales@crestcliniccore.com,https://crestcliniccore.com,39,Hyderabad,IN,2026-06-06 04:44:01
2026-06-06,HR,KeystoneCulture Core,327.788.1694,info@keystoneculturecore.com,keystoneculturecore.com,36,Seattle,US,2026-06-06 04:04:50
2026-06-06,Medical,IronVitalPoint,07426000281,hello@ironvitalpoint.com,https://ironvitalpoint.com,877,Hyderabad,IN,2026-06-06 03:04:28
2026-06-06,LMS,QuartzQuiz Sphere,+1 (855) 276-2365,sales@quartzquizsphere.com,https://www.quartzquizsphere.com,16,Raleigh,US,2026-06-06 05:22:10
2026-06-06,MSP Platform,AltaNet Core,+13445254056,hello@altanetcore.com,https://www.altanetcore.com,162,Dublin,IE,2026-06-06 05:23:39
2026-06-06,ERP,LatticeForge Soft,4134147701,sales@latticeforgesoft.com,https://www.latticeforgesoft.com,8,Atlanta,US,2026-06-06 06:07:05
2026-06-06,ERP,LumenLedger Point,1-891-492-2985,info@lumenledgerpoint.io,https://www.lumenledgerpoint.io,19,Austin,US,2026-06-06 02:29:59
2026-06-06,MSP Platform,RidgewayGrid Cloud,734.930.8828,hello@ridgewaygridcloud.io,https://www.ridgewaygridcloud.io,15,Vancouver,CA,2026-06-06 04:59:20
2026-06-06,MSP Platform,GraniteNodeCloud,369.324.1060,info@granitenodecloud.com,https://www.granitenodecloud.com,53,Seattle,US,2026-06-06 06:01:56
2026-06-06,ERP,EmberOrderSphere,1-710-440-7400,hello@emberordersphere.io,https://emberordersphere.io,449,Chicago,US,2026-06-06 01:01:56
2026-06-06,Legal,AltaMatter Solutions,+19518968352,sales@altamattersolutions.net,https://www.altamattersolutions.net,568,Calgary,CA,2026-06-06 04:00:05
2026-06-06,Legal,Juniper CompliLabs,+16537296442,hello@junipercomplilabs.com,https://www.junipercomplilabs.com,22,Boston,US,2026-06-06 06:39:27
2026-06-06,MSP Platform,VistaEndpointPoint’s,1-544-623-0935,info@vistaendpointpoint.co,https://www.vistaendpointpoint.co,42,Islamabad,PK,2026-06-06 02:55:46
2026-06-06,Medical,NimbusTriage Sphere,+16144919098,sales@nimbustriagesphere.com,https://www.nimbustriagesphere.com,24,Tampa,US,2026-06-06 02:46:01
2026-06-06,ERP,Ember StockSphere,+18462610725,sales@emberstocksphere.net,emberstocksphere.net,20,Phoenix,US,2026-06-06 02:25:33
2026-06-06,Legal,Quantum CaseLogic,3246617633,info@quantumcaselogic.io,quantumcaselogic.io,16,Pune,IN,2026-06-06 05:17:44
2026-06-06,HR,Onyx CulturePoint,308.605.0006,contact@onyxculturepoint.io,https://www.onyxculturepoint.io,1827,Atlanta,US,2026-06-06 03:06:51
2026-06-06,ERP,PolarisLedgerFlow,+13195494038,info@polarisledgerflow.com,https://www.polarisledgerflow.com,33,Seattle,US,2026-06-06 02:59:16
2026-06-06,MSP Platform,Keystone EndpointLabs,(578) 282-9095,contact@keystoneendpointlabs.net,https://keystoneendpointlabs.net,58,Atlanta,US,2026-06-06 01:39:58
2026-06-06,Medical,RapidRx Works,203.649.0438,sales@rapidrxworks.co,rapidrxworks.co,2064,Austin,US,2026-06-06 02:46:39
2026-06-06,ERP,CobaltChain Sync,624.638.8872,-,https://www.cobaltchainsync.net,130,Austin,US,2026-06-06 01:54:54
2026-06-06,MSP Platform,MetaNode Systems,9198408900,sales@metanodesystems.net,https://www.metanodesystems.net,91,Raleigh,US,2026-06-06 03:36:26
2026-06-06,HR,SummitPerformFlow,+16896520402,hello@summitperformflow.net,https://www.summitperformflow.net,360,Phoenix,US,2026-06-06 05:31:56
2026-06-06,Legal,ArchCounsel Systems,1-733-746-8950,sales@archcounselsystems.net,archcounselsystems.net,297,Chicago,US,2026-06-06 06:43:01
2026-06-06,LMS,Pioneer TrainSystems,1-216-815-6837,info@pioneertrainsystems.io,pioneertrainsystems.io,6,Atlanta,US,2026-06-06 05:18:02
2026-06-06,MSP Platform,NovaNetFlow,08325581113,contact@novanetflow.com,novanetflow.com,217,Calgary,CA,2026-06-06 03:52:51
2026-06-06,MSP Platform,GraniteRemoteFlow,1-243-241-4369,hello@graniteremoteflow.com,https://www.graniteremoteflow.com,720,Columbus,US,2026-06-06 01:27:55
2026-06-06,ERP,Zen Ops Consulting Group,681.550.1026,contact@zenopsconsultinggroup.com,https://www.zenopsconsultinggroup.com,31,Columbus,US,2026-06-06 03:24:46
2026-06-06,LMS,QuantumTrainSphere,6952471087,sales@quantumtrainsphere.com,quantumtrainsphere.com,40,Munich,DE,2026-06-06 01:57:11
2026-06-06,Legal,TidalCounselSphere,463-827-7948,contact@tidalcounselsphere.com,https://www.tidalcounselsphere.com,19,Sydney,AU,2026-06-06 04:42:16
2026-06-06,Legal,CoreFilingCore,716-863-4425,info@corefilingcore.com,https://www.corefilingcore.com,95,Amsterdam,NL,2026-06-06 04:43:24
2026-06-06,Legal,Xenon Filing Talent Agency,(775) 312-7204,null,https://xenonfilingtalentagency.com,97,Leeds,UK,2026-06-06 01:45:27
2026-06-06,Legal,Polaris ClauseLabs,225.549.3126,sales@polarisclauselabs.com,https://www.polarisclauselabs.com,85,Seattle,US,2026-06-06 04:45:02
2026-06-06,ERP,Silver Ops Consultants,354.443.4491,hello@silveropsconsultants.com,https://www.silveropsconsultants.com,231,Manchester,UK,2026-06-06 04:40:15
2026-06-06,ERP,QuantumResource Desk,(512) 925-5083,contact@quantumresourcedesk.io,quantumresourcedesk.io,44,Vancouver,CA,2026-06-06 04:44:32
2026-06-06,MSP Platform,CrownNode Suite,1-252-827-8649 ext. 27,sales@crownnodesuite.com,https://www.crownnodesuite.com,193,London,UK,2026-06-06 06:35:45
2026-06-06,HR,Prime BenefitLabs,783.275.1783,info@primebenefitlabs.com,primebenefitlabs.com,,Munich,DE,2026-06-06 01:40:11
2026-06-06,HR,VertexShiftCloud,+17595519187,sales@vertexshiftcloud.com,https://vertexshiftcloud.com,51,London,UK,2026-06-06 02:05:33
2026-06-06,Medical,QuartzRx Suite,842.267.4575,info@quartzrxsuite.io,https://www.quartzrxsuite.io,842,Boston,US,2026-06-06 06:20:36
2026-06-06,ERP,TrueOps Platform,907.889.8266,sales@trueopsplatform.com,https://www.trueopsplatform.com,86,Sydney,AU,2026-06-06 06:40:16
2026-06-06,HR,Blue TalentPlatform,1-213-346-9491,contact@bluetalentplatform.com,https://bluetalentplatform.com,657,Melbourne,AU,2026-06-06 06:21:27
2026-06-06,MSP Platform,Harbor StackSphere,1-754-235-6012 ext. 76,info@harborstacksphere.com,https://www.harborstacksphere.com,13,Atlanta,US,2026-06-06 04:13:06
2026-06-06,LMS,LumenTutor Core,+14285110790,info@lumentutorcore.com,https://lumentutorcore.com,17,Phoenix,US,2026-06-06 04:27:31
2026-06-06,HR,NovaRoster Tech,(823) 218-8532 ext. 77,contact@novarostertech.com,https://www.novarostertech.com,137,Tampa,US,2026-06-06 05:58:37
2026-06-06,Medical,Cedar RxSync,1-607-848-6487,contact@cedarrxsync.io,cedarrxsync.io,166,Phoenix,US,2026-06-06 05:57:17
2026-06-06,Legal,CoreCase Point,+17178726828,contact@corecasepoint.com,https://www.corecasepoint.com,36,London,UK,2026-06-06 04:36:06
2026-06-06,HR,Delta PayrollSoft,(508) 810-9623,contact@deltapayrollsoft.net,https://www.deltapayrollsoft.net,10,Seattle,US,2026-06-06 03:15:16
2026-06-06,MSP Platform,UmbraTickét Hub,213-838-0284,info@umbratickethub.io,https://www.umbratickethub.io,40,Munich,DE,2026-06-06 01:46:05
2026-06-06,ERP,VeloBatch Sync,+1 (522) 522-6890 ext. 50,contact@velobatchsync.com,velobatchsync.com,58,Seattle,US,2026-06-06 02:15:28
2026-06-06,Medical,Lattice Patient Recruiting,+18453478002,info@latticepatientrecruiting.com,https://www.latticepatientrecruiting.com,32,Denver,US,2026-06-06 05:14:21
2026-06-06,ERP,Velo Batch Talent Agency,(549) 321-0604,hello@velobatchtalentagency.com,https://www.velobatchtalentagency.com,19,Leeds,UK,2026-06-06 02:24:02
2026-06-06,LMS,Vertex SkillBase,(356) 243-3197 ext. 8,N/A,https://www.vertexskillbase.io,70,Munich,DE,2026-06-06 03:57:39
2026-06-06,ERP,SummitFinCloud,+1 (350) 274-5024,sales@summitfincloud.com,https://www.summitfincloud.com,121,Seattle,US,2026-06-06 04:47:36
2026-06-06,Medical,RidgeTriageDesk,474.837.4449,info@ridgetriagedesk.co,https://www.ridgetriagedesk.co,32,Chicago,US,2026-06-06 02:23:42
2026-06-06,HR,Ridgeway People Talent Agency,(754) 353-0106,hello@ridgewaypeopletalentagency.com,https://www.ridgewaypeopletalentagency.com,70,Atlanta,US,2026-06-06 05:00:22
2026-06-06,LMS,UmbraTutor Core,600.810.7852,sales@umbratutorcore.com,https://www.umbratutorcore.com,765,Amsterdam,NL,2026-06-06 01:56:20
2026-06-06,Legal,BoldFiling Sphere,545-844-0703,sales@boldfilingsphere.io,https://boldfilingsphere.io,69,Austin,US,2026-06-06 06:21:46
2026-06-06,HR,Ridgeway ShiftCore,+14946369714,sales@ridgewayshiftcore.co,https://ridgewayshiftcore.co,16,Chicago,US,2026-06-06 02:53:48
2026-06-06,Legal,NorthClauseSolutions,05138682668,hello@northclausesolutions.co,northclausesolutions.co,18,Phoenix,US,2026-06-06 06:21:54
2026-06-06,ERP,Sable OpsCloud,810-851-6708,info@sableopscloud.com,https://sableopscloud.com,11,Vancouver,CA,2026-06-06 04:27:20
2026-06-06,ERP,VistaOrderSuite’s,(297) 618-5811,contact@vistaordersuite.com,https://www.vistaordersuite.com,37,Raleigh,US,2026-06-06 06:18:29
2026-06-06,HR,Zen TeamHub,(691) 540-7207,info@zenteamhub.com,https://www.zenteamhub.com,24,Austin,US,2026-06-06 03:12:24
2026-06-06,ERP,GraniteChain Platform,+14167185707,contact@granitechainplatform.com,https://www.granitechainplatform.com,16,Toronto,CA,2026-06-06 06:53:29
2026-06-06,MSP Platform,WillowNet Hub,332-278-4047,hello@willownethub.com,https://www.willownethub.com,4005,Denver,US,2026-06-06 03:05:33
2026-06-06,HR,Rapid OnboardFlow,796.560.5051,hello@rapidonboardflow.co,rapidonboardflow.co,19,Atlanta,US,2026-06-06 04:57:01
2026-06-06,ERP,CrownFinCore,+1 (541) 367-1214,contact@crownfincore.io,https://crownfincore.io,14,Toronto,CA,2026-06-06 04:59:53
2026-06-06,LMS,GoldenQuizFlow,3853322560,contact@goldenquizflow.io,goldenquizflow.io,267,Phoenix,US,2026-06-06 01:42:38
2026-06-06,MSP Platform,NovaEndpoint Sync,336-371-9131,sales@novaendpointsync.com,https://www.novaendpointsync.com,469,Atlanta,US,2026-06-06 01:41:25
2026-06-06,ERP,OrbitOpsCloud,728-571-5942,hello@orbitopscloud.com,https://www.orbitopscloud.com,16,Munich,DE,2026-06-06 06:28:38
2026-06-06,Medical,TidalHealthSystems,+19588619811,sales@tidalhealthsystems.io,tidalhealthsystems.io,28,Seattle,US,2026-06-06 05:36:24
2026-06-06,MSP Platform,Vista NetHub,1-821-520-1472,hello@vistanethub.com,vistanethub.com,16,Columbus,US,2026-06-06 02:31:40
2026-06-06,Medical,GoldenClinic Dynamics,+1 (483) 317-8098,-,https://www.goldenclinicdynamics.co,9,Atlanta,US,2026-06-06 02:22:56
2026-06-06,LMS,VeloQuiz Desk,+1 (881) 734-8415,contact@veloquizdesk.io,https://www.veloquizdesk.io,3784,Atlanta,US,2026-06-06 01:48:30
2026-06-06,Medical,RidgewayClinicTech,447.586.9553,info@ridgewayclinictech.com,https://www.ridgewayclinictech.com,7,Austin,US,2026-06-06 04:49:42
2026-06-06,Legal,FusionCounsel Suite,03615114989,info@fusioncounselsuite.co,https://www.fusioncounselsuite.co,284,Boston,US,2026-06-06 03:08:28
2026-06-06,HR,WillowBenefitDynamics,07234359810,info@willowbenefitdynamics.com,https://www.willowbenefitdynamics.com,245,Denver,US,2026-06-06 03:56:55
2026-06-06,HR,PivotTeamCore,(812) 563-1791,sales@pivotteamcore.com,pivotteamcore.com,71,Boston,US,2026-06-06 01:15:17
2026-06-06,ERP,PrimeFin Soft,593-218-1793,hello@primefinsoft.com,https://www.primefinsoft.com,14,Leeds,UK,2026-06-06 04:48:30
2026-06-06,HR,ZenPerformSolutions,(670) 602-8695,-,zenperformsolutions.co,4537,Pune,IN,2026-06-06 04:46:36
2026-06-06,Medical,BeaconMed Systems,398-915-2353,hello@beaconmedsystems.io,https://www.beaconmedsystems.io,84,Columbus,US,2026-06-06 06:37:01
2026-06-06,Legal,LatticeClauseSoft,731.624.6157,sales@latticeclausesoft.com,https://latticeclausesoft.com,107,Denver,US,2026-06-06 05:18:43
2026-06-06,Medical,Mosaic CareSphere,+1 (270) 865-1868,hello@mosaiccaresphere.com,https://www.mosaiccaresphere.com,63,Calgary,CA,2026-06-06 06:39:26
2026-06-06,Medical,RidgePatient Sphere,662-293-1017,contact@ridgepatientsphere.io,https://www.ridgepatientsphere.io,6,Raleigh,US,2026-06-06 03:58:15
2026-06-06,Legal,CrestBriefApp,545-772-4092,hello@crestbriefapp.net,https://www.crestbriefapp.net,200,Vancouver,CA,2026-06-06 02:59:05
2026-06-06,MSP Platform,Meta PatchDynamics,+19704113722,hello@metapatchdynamics.com,https://www.metapatchdynamics.com,40,Boston,US,2026-06-06 03:08:51
2026-06-06,ERP,QuantumForge App,286-236-2641,info@quantumforgeapp.com,https://quantumforgeapp.com,47,Austin,US,2026-06-06 01:31:47
2026-06-06,ERP,Meta PlanSuite,06429031169,info@metaplansuite.com,https://www.metaplansuite.com,,Phoenix,US,2026-06-06 06:39:39
2026-06-06,ERP,Alta StockWorks,454-931-3855,hello@altastockworks.com,https://www.altastockworks.com,4211,Melbourne,AU,2026-06-06 02:02:12
2026-06-06,ERP,JuniperPlanDesk,(558) 494-5238,sales@juniperplandesk.io,https://juniperplandesk.io,459,Chicago,US,2026-06-06 02:41:12
2026-06-06,ERP,SummitForge Core,(969) 213-1700,sales@summitforgecore.io,https://www.summitforgecore.io,803,Columbus,US,2026-06-06 03:26:05
2026-06-06,ERP,DeltaForgeWorks,(539) 804-1942,hello@deltaforgeworks.com,https://www.deltaforgeworks.com,223,Atlanta,US,2026-06-06 01:43:50
2026-06-06,Medical,FusionMed Logic,+1 (745) 211-1491,info@fusionmedlogic.com,https://fusionmedlogic.com,59,N/A,US,2026-06-06 03:23:07
2026-06-06,ERP,PolarisChainWorks,3642771937,sales@polarischainworks.co,https://polarischainworks.co,212,Hyderabad,IN,2026-06-06 04:11:56
2026-06-06,MSP Platform,MetaNode Desk,856-988-7473,contact@metanodedesk.co,https://www.metanodedesk.co,220,Bengaluru,IN,2026-06-06 02:28:14
2026-06-06,MSP Platform,VertexPatchHub,5017934388,sales@vertexpatchhub.net,https://www.vertexpatchhub.net,217,Berlin,DE,2026-06-06 06:54:47
2026-06-06,HR,Core PayrollApp,217-812-7221,hello@corepayrollapp.com,https://www.corepayrollapp.com,166,Atlanta,US,2026-06-06 03:27:16
2026-06-06,MSP Platform,FalconEndpointSync,1-911-932-4762,info@falconendpointsync.net,https://www.falconendpointsync.net,12,-,US,2026-06-06 06:07:01
2026-06-06,Medical,UmbraVitalSync,(504) 499-3878,info@umbravitalsync.com,https://www.umbravitalsync.com,34,Denver,US,2026-06-06 01:59:22
2026-06-06,LMS,HarborLessonCore,9324494093 ext. 14,contact@harborlessoncore.com,https://www.harborlessoncore.com,35,Denver,US,2026-06-06 04:57:34
2026-06-06,MSP Platform,Omni RemoteDesk,+14558722922,info@omniremotedesk.net,https://omniremotedesk.net,239,Vancouver,CA,2026-06-06 06:28:24
2026-06-06,ERP,SilverChainDynamics,762-563-4289,contact@silverchaindynamics.com,https://www.silverchaindynamics.com,5,Hyderabad,IN,2026-06-06 02:56:52
2026-06-06,Medical,AnchorTriage Suite,(514) 944-6166,sales@anchortriagesuite.com,https://www.anchortriagesuite.com,32,Columbus,US,2026-06-06 04:27:49
2026-06-06,MSP Platform,BeaconStack Suite,+14906998262 ext. 83,hello@beaconstacksuite.io,https://www.beaconstacksuite.io,605,Phoenix,US,2026-06-06 03:40:16
2026-06-06,ERP,Delta Resource BPO Services,+13699679316,contact@deltaresourcebposervices.com,deltaresourcebposervices.com,376,London,UK,2026-06-06 02:45:08
2026-06-06,ERP,Falcon ResourceCore,+18375248424,sales@falconresourcecore.io,https://falconresourcecore.io,68,Tampa,US,2026-06-06 06:53:42
2026-06-06,HR,BoldPayrollApp,526-420-6217,info@boldpayrollapp.com,https://boldpayrollapp.com,88,Denver,US,2026-06-06 02:44:37
2026-06-06,HR,NimbusRosterCloud,+1 (620) 242-5369,sales@nimbusrostercloud.io,https://www.nimbusrostercloud.io,84,Columbus,US,2026-06-06 02:41:40
2026-06-06,HR,Clear BenefitWorks,(693) 764-8030,contact@clearbenefitworks.com,https://www.clearbenefitworks.com,287,Seattle,US,2026-06-06 05:03:28
2026-06-06,Medical,Nimbus MedPoint,508-404-7519 ext. 2,hello@nimbusmedpoint.com,https://www.nimbusmedpoint.com,14,Denver,US,2026-06-06 05:34:16
2026-06-06,MSP Platform,TrueEndpoint Suite,(528) 299-5237,contact@trueendpointsuite.net,https://trueendpointsuite.net,161,Phoenix,US,2026-06-06 05:58:05
2026-06-06,HR,UmbraBenefitSuite,518-589-6412,sales@umbrabenefitsuite.com,https://www.umbrabenefitsuite.com,9,London,UK,2026-06-06 03:54:39
2026-06-06,HR,Willow PerformDynamics,575.736.9623,hello@willowperformdynamics.com,https://www.willowperformdynamics.com,165,Austin,US,2026-06-06 02:32:27
2026-06-06,ERP,BoldChainLogic,+19894166904,sales@boldchainlogic.co,https://www.boldchainlogic.co,5,Atlanta,US,2026-06-06 02:26:03
2026-06-06,HR,BeaconPerform Labs,214-493-7294,contact@beaconperformlabs.com,https://beaconperformlabs.com,778,Seattle,US,2026-06-06 03:34:23
2026-06-06,Medical,Prime PulseWorks,(881) 449-2486 ext. 21,hello@primepulseworks.com,https://www.primepulseworks.com,11,Vancouver,CA,2026-06-06 06:03:38
2026-06-06,HR,FusionShift Works,423-735-3570,sales@fusionshiftworks.com,https://fusionshiftworks.com,72,Phoenix,US,2026-06-06 04:35:17
2026-06-06,LMS,GranitePath Base,+1 (664) 899-4969,hello@granitepathbase.net,https://www.granitepathbase.net,172,Pune,IN,2026-06-06 05:32:03
2026-06-06,Legal,ZephyrClause Works,276-859-9850,sales@zephyrclauseworks.com,https://www.zephyrclauseworks.com,5,Columbus,US,2026-06-06 04:32:40
2026-06-06,HR,RavenTeam Flow,(843) 665-3590,contact@raventeamflow.com,https://www.raventeamflow.com,1675,Dublin,IE,2026-06-06 01:48:02
2026-06-06,MSP Platform,IndigoRemote Tech,+13839049336,sales@indigoremotetech.com,https://www.indigoremotetech.com,957,Toronto,CA,2026-06-06 04:20:07
2026-06-06,HR,CrownOnboard Logic,798.484.9353,sales@crownonboardlogic.io,https://www.crownonboardlogic.io,19,Raleigh,US,2026-06-06 01:15:16
2026-06-06,Medical,ZenVitalApp,(229) 743-7017,sales@zenvitalapp.com,https://zenvitalapp.com,11,Austin,US,2026-06-06 05:39:10
2026-06-06,ERP,FalconStock Dynamics,399-972-2948 ext. 13,hello@falconstockdynamics.net,https://www.falconstockdynamics.net,171,Calgary,CA,2026-06-06 03:47:15
2026-06-06,Medical,BrightPulse Labs,(858) 593-5429,contact@brightpulselabs.com,https://www.brightpulselabs.com,2980,Melbourne,AU,2026-06-06 03:35:33
2026-06-06,ERP,VertexStockPlatform,05014393388,sales@vertexstockplatform.co,https://www.vertexstockplatform.co,84,Sydney,AU,2026-06-06 05:27:58
2026-06-06,Legal,ClearClause Soft,+13754513640,hello@clearclausesoft.com,clearclausesoft.com,19,Columbus,US,2026-06-06 03:27:43
2026-06-06,ERP,Fusion ResourceSphere,807.928.5808 ext. 67,contact@fusionresourcesphere.com,fusionresourcesphere.com,93,Columbus,US,2026-06-06 03:13:35
2026-06-06,ERP,VeloPlan Logic,(346) 777-1757,info@veloplanlogic.com,veloplanlogic.com,9,Bengaluru,IN,2026-06-06 01:46:58
2026-06-06,Legal,TrueMatterDesk,(830) 740-6044,sales@truematterdesk.co,truematterdesk.co,1295,Toronto,CA,2026-06-06 02:56:54
2026-06-06,Medical,LatticeMed Tech,9115808109,sales@latticemedtech.com,latticemedtech.com,78,Dublin,IE,2026-06-06 03:25:56
2026-06-06,Legal,CrestBriefPlatform,+1 (800) 513-5405,info@crestbriefplatform.co,https://www.crestbriefplatform.co,32,Denver,US,2026-06-06 06:39:07
2026-06-06,Medical,OmniTriage Desk,+1 (227) 375-1570,info@omnitriagedesk.com,https://www.omnitriagedesk.com,128,Austin,US,2026-06-06 03:43:56
2026-06-06,HR,SilverTalent Systems,7938557485,contact@silvertalentsystems.com,https://www.silvertalentsystems.com,52,Seattle,US,2026-06-06 02:00:26
2026-06-06,Legal,AtlasFilingPoint,+13636376744,sales@atlasfilingpoint.io,atlasfilingpoint.io,599,Tampa,US,2026-06-06 04:50:27
2026-06-06,Medical,Falcon PulseSphere,+15285511816,hello@falconpulsesphere.com,https://www.falconpulsesphere.com,55,Seattle,US,2026-06-06 04:45:27
2026-06-06,Medical,OmniCareLogic,1-702-743-0734,info@omnicarelogic.com,https://www.omnicarelogic.com,-,Dublin,IE,2026-06-06 05:20:40
2026-06-06,Medical,LumenPatientSync,(698) 884-4785,sales@lumenpatientsync.com,https://www.lumenpatientsync.com,22,Pune,IN,2026-06-06 05:57:38
2026-06-06,Medical,Vista MedBase,3202840461,sales@vistamedbase.io,vistamedbase.io,6,Austin,US,2026-06-06 01:02:11
2026-06-06,Legal,PivotFiling’s Solutions,539.951.5261,hello@pivotfilingsolutions.co,https://www.pivotfilingsolutions.co,48,Hyderabad,IN,2026-06-06 04:50:44
2026-06-06,HR,BlueShift Cloud,756.583.9818,info@blueshiftcloud.com,https://www.blueshiftcloud.com,16,Dublin,IE,2026-06-06 02:15:28
2026-06-06,LMS,Alta Lesson Manpower Services,(312) 634-8862,hello@altalessonmanpowerservices.io,https://altalessonmanpowerservices.io,5,Amsterdam,NL,2026-06-06 03:08:14
2026-06-06,Medical,Rapid ClinicBase,+14034735335,info@rapidclinicbase.com,https://www.rapidclinicbase.com,19,Pune,IN,2026-06-06 01:42:09
2026-06-06,ERP,CobaltLedgerWorks,359.666.9224,info@cobaltledgerworks.io,https://www.cobaltledgerworks.io,462,Amsterdam,NL,2026-06-06 04:28:55
2026-06-06,ERP,BrightLedger Logic,4673371998,hello@brightledgerlogic.io,https://www.brightledgerlogic.io,49,Columbus,US,2026-06-06 05:13:31
2026-06-06,Legal,NorthCase Dynamics,1-970-661-9864,sales@northcasedynamics.com,northcasedynamics.com,10,Denver,US,2026-06-06 01:15:18
2026-06-06,Medical,ClearPatientBase,+18123956998,contact@clearpatientbase.co,https://www.clearpatientbase.co,105,Berlin,DE,2026-06-06 01:13:34
2026-06-06,ERP,BoldLedgerCore,7817348851,hello@boldledgercore.com,https://boldledgercore.com,49,Singapore,SG,2026-06-06 06:43:09
2026-06-06,HR,SilverPeopleSphere,974-496-4305,contact@silverpeoplesphere.io,https://www.silverpeoplesphere.io,N/A,Tampa,US,2026-06-06 06:07:29
2026-06-06,MSP Platform,MetaNetDynamics,1-640-647-7837,sales@metanetdynamics.com,https://www.metanetdynamics.com,335,Singapore,SG,2026-06-06 04:23:53
2026-06-06,ERP,GoldenBenefit Soft,+13289351142,-,https://goldenbenefitsoft.io,31,Atlanta,US,2026-06-06 02:28:11
2026-06-06,Medical,NimbusChart Systems,06764330983,info@nimbuschartsystems.com,nimbuschartsystems.com,10,Bengaluru,IN,2026-06-06 02:22:51
2026-06-06,Medical,Granite MedPlatform,+1 (500) 253-2003,,https://granitemedplatform.com,115,Melbourne,AU,2026-06-06 02:28:06
2026-06-06,Medical,Vertex CareSuite,(303) 331-6752,hello@vertexcaresuite.co,https://www.vertexcaresuite.co,48,London,UK,2026-06-06 03:52:35
2026-06-06,HR,QuantumTeamApp,(847) 859-4288,hello@quantumteamapp.io,https://www.quantumteamapp.io,53,Denver,US,2026-06-06 03:17:53
2026-06-06,ERP,IronForgeSuite,(654) 423-9997,info@ironforgesuite.com,https://www.ironforgesuite.com,78,Seattle,US,2026-06-06 02:46:27
2026-06-06,ERP,VistaStock Sync,601-368-8299,hello@vistastocksync.io,https://www.vistastocksync.io,41,Columbus,US,2026-06-06 02:23:04
2026-06-06,HR,SummitTeamDynamics,(222) 745-8700,contact@summitteamdynamics.io,summitteamdynamics.io,82,Atlanta,US,2026-06-06 06:04:18
2026-06-06,Legal,CrownCase Systems,368-489-2445 ext. 70,contact@crowncasesystems.com,https://www.crowncasesystems.com,26,Atlanta,US,2026-06-06 03:16:26
2026-06-06,Legal,ZephyrVerdict Works,262-874-1188,hello@zephyrverdictworks.com,https://www.zephyrverdictworks.com,5,Sydney,AU,2026-06-06 05:39:19
2026-06-06,HR,PivotPayroll Suite,(584) 433-4474,info@pivotpayrollsuite.com,https://www.pivotpayrollsuite.com,14,Columbus,US,2026-06-06 05:41:05
2026-06-06,ERP,OrbitOrderCloud,(904) 483-6418,hello@orbitordercloud.com,https://www.orbitordercloud.com,8,Singapore,SG,2026-06-06 02:35:20
2026-06-06,MSP Platform,IndigoStackHub,(861) 830-0987 ext. 46,hello@indigostackhub.com,https://www.indigostackhub.com,80,Chicago,US,2026-06-06 06:47:14
2026-06-06,LMS,KeystoneClause Base,9252262326,sales@keystoneclausebase.io,https://www.keystoneclausebase.io,37,Boston,US,2026-06-06 02:05:45
2026-06-06,Medical,Sable VitalDynamics,427.772.3715,contact@sablevitaldynamics.io,sablevitaldynamics.io,13,London,UK,2026-06-06 02:09:46
2026-06-06,ERP,SilverStockPlatform,6428755003,hello@silverstockplatform.com,https://www.silverstockplatform.com,82,Hyderabad,IN,2026-06-06 02:46:37
2026-06-06,ERP,PivotStock Logic,801-611-1694,hello@pivotstocklogic.com,pivotstocklogic.com,10,Boston,US,2026-06-06 01:51:46
2026-06-06,LMS,Raven LearnLabs,544.662.2045,N/A,https://www.ravenlearnlabs.io,6,Chicago,US,2026-06-06 02:05:51
2026-06-06,MSP Platform,FalconRemoteSoft,(374) 680-5497 ext. 6,sales@falconremotesoft.com,https://www.falconremotesoft.com,4314,Tampa,US,2026-06-06 06:39:56
2026-06-06,HR,TrueShiftPlatform,6948223663,info@trueshiftplatform.net,https://trueshiftplatform.net,17,Munich,DE,2026-06-06 04:31:08
2026-06-06,Medical,North VitalTech,1-890-892-6058,sales@northvitaltech.io,northvitaltech.io,126,Boston,US,2026-06-06 01:01:21
2026-06-06,LMS,FusionLearnSphere,(479) 725-2498,sales@fusionlearnsphere.com,https://www.fusionlearnsphere.com,5,Dublin,IE,2026-06-06 04:44:43
2026-06-06,MSP Platform,NovaEndpoint Suite,04574797252,sales@novaendpointsuite.co,https://www.novaendpointsuite.co,74,Dublin,IE,2026-06-06 01:00:33
2026-06-06,Medical,Vertex CareSoft,(578) 318-9109,hello@vertexcaresoft.com,https://vertexcaresoft.com,241,Austin,US,2026-06-06 04:21:06
2026-06-06,HR,True TeamSoft,+18813365720,hello@trueteamsoft.io,https://www.trueteamsoft.io,342,Hyderabad,IN,2026-06-06 04:37:38
2026-06-06,HR,CrownPayroll Soft,+16789727899,hello@crownpayrollsoft.net,https://www.crownpayrollsoft.net,16,Leeds,UK,2026-06-06 02:36:46
2026-06-06,Legal,GraniteDocketApp,+1 (295) 389-5940,contact@granitedocketapp.io,https://www.granitedocketapp.io,133,Tampa,US,2026-06-06 03:49:50
2026-06-06,Medical,GoldenClinic’s Solutions,(908) 936-1233,contact@goldenclinicsolutions.com,https://www.goldenclinicsolutions.com,43,Atlanta,US,2026-06-06 01:53:51
2026-06-06,Legal,Apex CaseLogic,(541) 720-6794,contact@apexcaselogic.com,https://apexcaselogic.com,175,Atlanta,US,2026-06-06 05:41:44
2026-06-06,ERP,BoldOps Logic,(708) 278-8929 ext. 30,info@boldopslogic.net,boldopslogic.net,13,Toronto,CA,2026-06-06 04:28:00
2026-06-06,Medical,TidalHealth Sphere,(391) 992-1796,sales@tidalhealthsphere.com,https://www.tidalhealthsphere.com,5,Raleigh,US,2026-06-06 03:56:21
2026-06-06,Medical,Atlas TriagePoint,+1 (341) 464-5988,sales@atlastriagepoint.net,https://www.atlastriagepoint.net,298,Berlin,DE,2026-06-06 04:48:04
2026-06-06,ERP,Silver EndpointWorks,589-654-7411,null,https://www.silverendpointworks.com,21,Raleigh,US,2026-06-06 06:26:06
2026-06-06,MSP Platform,SabléTicketSolutions,335.693.3225,hello@sableticketsolutions.com,https://www.sableticketsolutions.com,132,Atlanta,US,2026-06-06 01:40:14
2026-06-06,Medical,Alta RxDesk,869.702.3804 ext. 27,contact@altarxdesk.io,https://www.altarxdesk.io,45,Chicago,US,2026-06-06 05:39:50
2026-06-06,MSP Platform,OmniNetCloud,(474) 365-6864,sales@omninetcloud.com,https://www.omninetcloud.com,601,Denver,US,2026-06-06 06:59:54
2026-06-06,MSP Platform,PolarisTicket’s App,+18114985429 ext. 63,sales@polaristicketapp.io,https://www.polaristicketapp.io,16,Phoenix,US,2026-06-06 03:41:29
2026-06-06,Legal,PivotCounsel Core,413-379-5867,contact@pivotcounselcore.com,https://www.pivotcounselcore.com,96,Boston,US,2026-06-06 04:06:33
2026-06-06,Legal,MetaBriefTech,437-688-3586,info@metabrieftech.com,https://www.metabrieftech.com,49,Austin,US,2026-06-06 02:18:06
2026-06-06,ERP,TidalPlanPlatform,845-539-0491,hello@tidalplanplatform.com,https://www.tidalplanplatform.com,9,Melbourne,AU,2026-06-06 06:37:52
2026-06-06,ERP,UmbraResourceCloud,409-645-2732,sales@umbraresourcecloud.com,umbraresourcecloud.com,731,Berlin,DE,2026-06-06 01:13:00
2026-06-06,HR,Bright PeopleCore,7593012138,hello@brightpeoplecore.co,https://www.brightpeoplecore.co,14,Phoenix,US,2026-06-06 02:09:58
2026-06-06,HR,XenonCulture Systems,755.289.3089,info@xenonculturesystems.com,https://xenonculturesystems.com,99,Seattle,US,2026-06-06 06:36:07
2026-06-06,MSP Platform,KeystoneTicket Suite,+17903343192,info@keystoneticketsuite.com,https://www.keystoneticketsuite.com,416,Boston,US,2026-06-06 06:51:19
2026-06-06,Legal,CrownMatter Labs,1-482-759-7709 ext. 44,contact@crownmatterlabs.co,https://www.crownmatterlabs.co,456,Boston,US,2026-06-06 01:09:42
2026-06-06,ERP,Atlas OrderDesk,+1 (639) 636-7064,contact@atlasorderdesk.net,https://atlasorderdesk.net,917,Atlanta,US,2026-06-06 06:39:33
2026-06-06,MSP Platform,Quantum StackSphere,+17262777156 ext. 57,hello@quantumstacksphere.io,https://www.quantumstacksphere.io,850,Tampa,US,2026-06-06 03:43:53
2026-06-06,Medical,Nimbus ChartDynamics,9555256639,info@nimbuschartdynamics.net,https://www.nimbuschartdynamics.net,347,Berlin,DE,2026-06-06 02:33:36
2026-06-06,Legal,FusionVerdict Core,(284) 275-6617,sales@fusionverdictcore.com,https://fusionverdictcore.com,15,Amsterdam,NL,2026-06-06 01:29:43
2026-06-06,LMS,OrbitSkillLabs,+1 (449) 262-6011 ext. 25,hello@orbitskilllabs.co,https://www.orbitskilllabs.co,702,Tampa,US,2026-06-06 03:11:10
2026-06-06,LMS,BlueTutorCore,1-947-643-7755,contact@bluetutorcore.net,https://www.bluetutorcore.net,707,Raleigh,US,2026-06-06 01:00:13
2026-06-06,HR,JuniperBenefit Works,2373853186,sales@juniperbenefitworks.co,https://juniperbenefitworks.co,60,Chicago,US,2026-06-06 03:45:17
2026-06-06,Medical,Pioneer MedLogic,815-267-3070,info@pioneermedlogic.io,https://www.pioneermedlogic.io,8,Chicago,US,2026-06-06 06:52:24
2026-06-06,ERP,MosaicOrder Sync,531.543.7689,info@mosaicordersync.io,https://mosaicordersync.io,7,Austin,US,2026-06-06 02:11:57
2026-06-06,ERP,Vista OpsDynamics,1-682-367-0841 ext. 18,hello@vistaopsdynamics.com,https://www.vistaopsdynamics.com,170,Leeds,UK,2026-06-06 04:26:13
2026-06-06,ERP,RavenTrain Point,3952395341,sales@raventrainpoint.io,https://raventrainpoint.io,659,Chicago,US,2026-06-06 06:25:28
2026-06-06,LMS,BeaconLessonDesk,424.745.0490,contact@beaconlessondesk.com,https://www.beaconlessondesk.com,54,Leeds,UK,2026-06-06 02:53:33
2026-06-06,Medical,Cobalt HealthLabs,+14089860797,info@cobalthealthlabs.io,https://cobalthealthlabs.io,18,Columbus,US,2026-06-06 02:24:14
2026-06-06,ERP,AnchorLedgerPoint,847-644-9401,sales@anchorledgerpoint.io,https://www.anchorledgerpoint.io,16,Tampa,US,2026-06-06 05:42:23
2026-06-06,Medical,OrbitRxSuite,+12955967590,hello@orbitrxsuite.io,https://www.orbitrxsuite.io,34,Phoenix,US,2026-06-06 02:09:09
2026-06-06,ERP,Sable BatchPoint,(735) 972-4411,hello@sablebatchpoint.com,sablebatchpoint.com,10,Leeds,UK,2026-06-06 06:09:10
2026-06-06,Medical,AnchorClinic Core,531-419-4503,info@anchorcliniccore.io,https://www.anchorcliniccore.io,46,Columbus,US,2026-06-06 01:45:30
2026-06-06,MSP Platform,Nova PatchTech,(872) 658-3004,info@novapatchtech.io,https://novapatchtech.io,651,Phoenix,US,2026-06-06 06:32:23
2026-06-06,HR,ZephyrCulture Sync,7299140098,hello@zephyrculturesync.com,zephyrculturesync.com,10,Vancouver,CA,2026-06-06 04:34:20
2026-06-06,ERP,Apex ForgeSystems,+16465826971,sales@apexforgesystems.com,https://apexforgesystems.com,42,Hyderabad,IN,2026-06-06 02:05:27
2026-06-06,MSP Platform,True FilingWorks,(905) 355-1670,info@truefilingworks.co,truefilingworks.co,N/A,London,UK,2026-06-06 02:23:19
2026-06-06,Medical,WillowHealth Sync,1-461-764-3530,info@willowhealthsync.com,https://www.willowhealthsync.com,61,Leeds,UK,2026-06-06 02:39:02
2026-06-06,HR,TidalOnboard Point,(670) 892-1353,sales@tidalonboardpoint.io,tidalonboardpoint.io,339,Denver,US,2026-06-06 02:47:52
2026-06-06,LMS,ZephyrTutor Suite,+1 (822) 447-1119,sales@zephyrtutorsuite.io,zephyrtutorsuite.io,102,Melbourne,AU,2026-06-06 01:00:41
2026-06-06,HR,Quartz Culture Talent Agency,6512110340,sales@quartzculturetalentagency.io,https://quartzculturetalentagency.io,465,Denver,US,2026-06-06 03:18:43
2026-06-06,Medical,VistaClinic Hub,665.446.0167,info@vistaclinichub.co,https://www.vistaclinichub.co,45,Austin,US,2026-06-06 01:20:48
2026-06-06,MSP Platform,OmniRemoteApp,(530) 907-8877,sales@omniremoteapp.co,https://www.omniremoteapp.co,697,Boston,US,2026-06-06 06:12:30
2026-06-06,MSP Platform,Cobalt TicketLabs,(282) 970-2207,hello@cobaltticketlabs.com,https://www.cobaltticketlabs.com,36,Denver,US,2026-06-06 01:56:45
2026-06-06,MSP Platform,Crown NodeDynamics,263-569-5217,info@crownnodedynamics.com,https://www.crownnodedynamics.com,14,Seattle,US,2026-06-06 01:53:43
2026-06-06,Medical,BrightChart Tech,09015227464,info@brightcharttech.io,https://www.brightcharttech.io,129,Karachi,PK,2026-06-06 01:22:44
2026-06-06,Medical,TidalChartLabs,1-860-809-3469,hello@tidalchartlabs.io,https://www.tidalchartlabs.io,12,Phoenix,US,2026-06-06 01:35:36
2026-06-06,MSP Platform,Willow NodeSystems,457.811.8743,sales@willownodesystems.co,https://www.willownodesystems.co,233,Vancouver,CA,2026-06-06 04:21:23
2026-06-06,HR,QuartzCulture Desk,+17946156365,contact@quartzculturedesk.co,https://quartzculturedesk.co,6,Melbourne,AU,2026-06-06 05:46:54
2026-06-06,Legal,BrightFilingFlow,313-209-3054,hello@brightfilingflow.io,https://www.brightfilingflow.io,22,Columbus,US,2026-06-06 05:56:44
2026-06-06,Legal,RidgeVerdictPlatform,+1 (515) 853-2015,sales@ridgeverdictplatform.com,https://ridgeverdictplatform.com,-,-,US,2026-06-06 05:28:03
2026-06-06,ERP,Keystone BatchSphere,+16512671704,N/A,https://keystonebatchsphere.io,178,Atlanta,US,2026-06-06 02:20:25
2026-06-06,Legal,Keystone CultureSoft,326.996.0879,info@keystoneculturesoft.co,https://www.keystoneculturesoft.co,-,Atlanta,US,2026-06-06 04:19:38
2026-06-06,Medical,TruePulse Systems,544-324-6333,contact@truepulsesystems.com,https://truepulsesystems.com,263,Manchester,UK,2026-06-06 06:22:17
2026-06-06,Medical,Harbor PatientTech,+13117294163,hello@harborpatienttech.io,harborpatienttech.io,67,Boston,US,2026-06-06 05:02:50
2026-06-06,MSP Platform,Keystone PatchCore,1-418-768-3029,sales@keystonepatchcore.com,keystonepatchcore.com,35,Melbourne,AU,2026-06-06 03:16:13
2026-06-06,HR,Umbra Shift Consultants,+15572945305,sales@umbrashiftconsultants.com,https://www.umbrashiftconsultants.com,137,Sydney,AU,2026-06-06 03:44:56
2026-06-06,ERP,NovaFinSolutions,481-857-0733 ext. 59,hello@novafinsolutions.com,https://www.novafinsolutions.com,785,Austin,US,2026-06-06 01:53:06
2026-06-06,Medical,CorePatientSync,217.620.8999,contact@corepatientsync.co,https://corepatientsync.co,179,Amsterdam,NL,2026-06-06 01:42:48
2026-06-06,ERP,FusionResourceSync,(685) 636-8158,sales@fusionresourcesync.io,https://www.fusionresourcesync.io,230,Hyderabad,IN,2026-06-06 05:11:28
2026-06-06,Medical,BoldPulse Logic,+12042429211,sales@boldpulselogic.co,https://www.boldpulselogic.co,28,Austin,US,2026-06-06 05:49:57
2026-06-06,HR,Silver RosterLogic,6763144629,contact@silverrosterlogic.com,https://www.silverrosterlogic.com,null,Denver,US,2026-06-06 06:17:41
2026-06-06,MSP Platform,LatticeGrid’s Labs,9139552182,contact@latticegridlabs.com,https://latticegridlabs.com,127,Seattle,US,2026-06-06 03:48:06
2026-06-06,Legal,ArchFiling Platform,7414312945 ext. 70,sales@archfilingplatform.co,archfilingplatform.co,165,Atlanta,US,2026-06-06 05:49:21
2026-06-06,Medical,Omni’s PatientTech,293.861.2526,info@omnipatienttech.co,https://www.omnipatienttech.co,84,Austin,US,2026-06-06 01:37:24
2026-06-06,ERP,GraniteStock Flow,1-619-479-5993,hello@granitestockflow.com,granitestockflow.com,10,Boston,US,2026-06-06 06:19:44
2026-06-06,ERP,IronFin Base,482.707.4801 ext. 26,sales@ironfinbase.com,https://www.ironfinbase.com,100,Manchester,UK,2026-06-06 02:43:10
2026-06-06,Legal,Clear CounselApp,727-851-3577,contact@clearcounselapp.com,https://www.clearcounselapp.com,218,Calgary,CA,2026-06-06 04:15:17
2026-06-06,MSP Platform,BoldStack Dynamics,831-290-3337,-,https://www.boldstackdynamics.com,54,Manchester,UK,2026-06-06 06:19:59
2026-06-06,Medical,Indigo CareApp,824.887.3129 ext. 66,contact@indigocareapp.com,https://indigocareapp.com,35,Seattle,US,2026-06-06 06:25:36
2026-06-06,HR,Onyx RosterCloud,+13497436825,sales@onyxrostercloud.io,onyxrostercloud.io,64,Calgary,CA,2026-06-06 04:56:28
2026-06-06,Legal,PolarisVerdictCloud,375.246.1688,sales@polarisverdictcloud.com,https://www.polarisverdictcloud.com,1663,Seattle,US,2026-06-06 04:00:13
2026-06-06,ERP,SableFinCloud,+12048723339,contact@sablefincloud.net,https://www.sablefincloud.net,1922,Chicago,US,2026-06-06 01:35:22
2026-06-06,Legal,PrimeClauseApp,586-563-0298,info@primeclauseapp.co,https://primeclauseapp.co,463,Boston,US,2026-06-06 05:04:53
2026-06-06,Medical,CobaltTriage Hub,1-270-912-7344 ext. 66,contact@cobalttriagehub.co,https://www.cobalttriagehub.co,15,Austin,US,2026-06-06 03:21:53
2026-06-06,ERP,IronFin Logic,402-233-3513,info@ironfinlogic.com,https://ironfinlogic.com,219,Calgary,CA,2026-06-06 06:10:33
2026-06-06,HR,Golden’s TeamFlow,+13397414019,info@goldenteamflow.co,goldenteamflow.co,753,Columbus,US,2026-06-06 01:59:18
2026-06-06,Medical,Cobalt Clinic Manpower Services,(740) 936-9553,hello@cobaltclinicmanpowerservices.com,https://cobaltclinicmanpowerservices.com,459,Manchester,UK,2026-06-06 04:58:23
2026-06-06,Medical,VertexCare Sync,1-828-434-8644,contact@vertexcaresync.net,https://www.vertexcaresync.net,94,London,UK,2026-06-06 06:58:02
2026-06-06,Legal,Atlas VerdictSolutions,(833) 485-0317,sales@atlasverdictsolutions.com,atlasverdictsolutions.com,47,Manchester,UK,2026-06-06 05:16:20
2026-06-06,Medical,VeloClinic Logic,1-609-475-3660,contact@velocliniclogic.com,https://www.velocliniclogic.com,-,Manchester,UK,2026-06-06 03:21:07
2026-06-06,Legal,SilverCase Suite,643.636.9848,sales@silvercasesuite.net,https://silvercasesuite.net,489,Phoenix,US,2026-06-06 04:21:16
2026-06-06,ERP,North StockSoft,(741) 555-5796,hello@northstocksoft.com,https://www.northstocksoft.com,755,Chicago,US,2026-06-06 06:23:26
2026-06-06,HR,UmbraPayroll Sync,395-901-5717,info@umbrapayrollsync.com,umbrapayrollsync.com,9,Calgary,CA,2026-06-06 05:09:10
2026-06-06,ERP,Onyx Fin Manpower Services,(298) 943-9827,info@onyxfinmanpowerservices.io,https://www.onyxfinmanpowerservices.io,547,Toronto,CA,2026-06-06 02:47:32
2026-06-06,HR,XenonPeopleSolutions,+1 (604) 965-0143,hello@xenonpeoplesolutions.com,https://www.xenonpeoplesolutions.com,42,Tampa,US,2026-06-06 05:59:46
2026-06-06,ERP,Ridgeway PlanLogic,989.676.4413,sales@ridgewayplanlogic.co,https://ridgewayplanlogic.co,972,Columbus,US,2026-06-06 05:43:31
2026-06-06,Medical,OnyxPatientApp,6012928114,info@onyxpatientapp.com,https://www.onyxpatientapp.com,17,Munich,DE,2026-06-06 02:06:02
2026-06-06,ERP,ZephyrResourceHub,7848045670,hello@zephyrresourcehub.io,https://www.zephyrresourcehub.io,14,Atlanta,US,2026-06-06 03:49:58
2026-06-06,HR,Vertex PeoplePoint,364.293.9511,info@vertexpeoplepoint.com,https://vertexpeoplepoint.com,45,Denver,US,2026-06-06 04:16:31
2026-06-06,HR,Willow PerformDesk,2083825654,info@willowperformdesk.com,https://www.willowperformdesk.com,19,Munich,DE,2026-06-06 01:14:48
2026-06-06,HR,LatticeTalentApp,(694) 645-1386,info@latticetalentapp.com,https://www.latticetalentapp.com,144,Munich,DE,2026-06-06 02:35:27
2026-06-06,ERP,Vertex OrderDynamics,604.526.5847,contact@vertexorderdynamics.com,https://vertexorderdynamics.com,5,Phoenix,US,2026-06-06 06:02:41
2026-06-06,ERP,Zen OpsSphere,8898865089,info@zenopssphere.com,https://zenopssphere.com,25,Raleigh,US,2026-06-06 04:25:31
2026-06-06,ERP,TrueChain Sphere,03068322031,contact@truechainsphere.com,https://www.truechainsphere.com,13,Hyderabad,IN,2026-06-06 06:21:56
2026-06-06,HR,Omni PerformFlow,474.876.9227,contact@omniperformflow.com,https://www.omniperformflow.com,46,Seattle,US,2026-06-06 02:41:58
2026-06-06,ERP,Golden LedgerWorks,(573) 223-9122,contact@goldenledgerworks.io,https://goldenledgerworks.io,15,Denver,US,2026-06-06 04:36:32
2026-06-06,Medical,CobaltClinic Cloud,(582) 625-8800,info@cobaltcliniccloud.net,https://cobaltcliniccloud.net,12,Raleigh,US,2026-06-06 04:25:37
2026-06-06,ERP,MosaicBatchCore,+13142733462,sales@mosaicbatchcore.co,https://www.mosaicbatchcore.co,13,Austin,US,2026-06-06 05:30:52
2026-06-06,MSP Platform,BlueNodeLabs,+12054110427 ext. 3,hello@bluenodelabs.io,https://www.bluenodelabs.io,28,Seattle,US,2026-06-06 03:33:37
2026-06-06,MSP Platform,RapidPatch Point,+19679807677,contact@rapidpatchpoint.com,https://rapidpatchpoint.com,412,Seattle,US,2026-06-06 05:21:33
2026-06-06,Legal,IronBriefLabs,+14963121895,contact@ironbrieflabs.io,https://www.ironbrieflabs.io,8,Columbus,US,2026-06-06 03:47:57
2026-06-06,Legal,Mosaic CaseApp,1-468-672-2577,contact@mosaiccaseapp.co,https://www.mosaiccaseapp.co,153,Manchester,UK,2026-06-06 03:36:11
2026-06-06,ERP,OnyxChainPlatform,1-785-624-8383,sales@onyxchainplatform.net,https://www.onyxchainplatform.net,63,London,UK,2026-06-06 05:12:23
2026-06-06,HR,Iron BenefitSolutions,+12789320649,info@ironbenefitsolutions.io,https://www.ironbenefitsolutions.io,382,Leeds,UK,2026-06-06 02:42:26
2026-06-06,Legal,Lumen BriefBase,(314) 461-0772,hello@lumenbriefbase.co,https://www.lumenbriefbase.co,2832,Chicago,US,2026-06-06 02:17:58
2026-06-06,Medical,CrestHealth Works,(311) 393-1756,hello@cresthealthworks.com,https://cresthealthworks.com,18,Calgary,CA,2026-06-06 03:47:28
2026-06-06,ERP,Vertex ForgeSync,3285685518,hello@vertexforgesync.com,vertexforgesync.com,49,Austin,US,2026-06-06 06:33:19
2026-06-06,ERP,Falcon ForgePlatform,(640) 899-4052,contact@falconforgeplatform.com,falconforgeplatform.com,8,Austin,US,2026-06-06 04:23:42
2026-06-06,HR,SilverTeamSphere,(630) 615-4100,hello@silverteamsphere.com,https://www.silverteamsphere.com,9,Melbourne,AU,2026-06-06 01:52:45
2026-06-06,MSP Platform,FalconUptime Point,+13584653822,info@falconuptimepoint.net,falconuptimepoint.net,21,Tampa,US,2026-06-06 05:22:20
2026-06-06,ERP,LumenOrder Systems,951.502.6049,sales@lumenordersystems.com,https://www.lumenordersystems.com,3134,Pune,IN,2026-06-06 05:02:33
2026-06-06,MSP Platform,AltaPatchWorks,(656) 281-4273 ext. 85,info@altapatchworks.io,https://altapatchworks.io,17,Amsterdam,NL,2026-06-06 02:29:38
2026-06-06,Medical,RapidHealthLabs,1-393-227-6472,sales@rapidhealthlabs.io,https://www.rapidhealthlabs.io,,Sydney,AU,2026-06-06 06:08:01
2026-06-06,HR,IndigoPayroll Desk,+14316083442,contact@indigopayrolldesk.com,https://indigopayrolldesk.com,null,Seattle,US,2026-06-06 06:43:53
2026-06-06,ERP,Iron PlanBase,+19465019421,info@ironplanbase.com,https://www.ironplanbase.com,66,Boston,US,2026-06-06 05:30:38
2026-06-06,Legal,Indigo CounselLabs,577.480.6939,sales@indigocounsellabs.com,https://www.indigocounsellabs.com,19,Munich,DE,2026-06-06 06:26:39
2026-06-06,MSP Platform,Omni EndpointSphere,384.553.8610,contact@omniendpointsphere.com,https://www.omniendpointsphere.com,96,Tampa,US,2026-06-06 02:01:53
2026-06-06,Legal,SableMatter Base,(747) 700-1295 ext. 89,sales@sablematterbase.com,sablematterbase.com,78,Melbourne,AU,2026-06-06 06:17:54
2026-06-06,Legal,CobaltDocket Cloud,682.452.4327,info@cobaltdocketcloud.io,https://www.cobaltdocketcloud.io,144,Manchester,UK,2026-06-06 04:18:32
2026-06-06,Legal,PivotCounselSync,1-793-279-3670,contact@pivotcounselsync.com,https://www.pivotcounselsync.com,619,Columbus,US,2026-06-06 03:53:06
2026-06-06,ERP,MetaLedgerApp,(630) 492-3077,contact@metaledgerapp.com,https://www.metaledgerapp.com,63,Columbus,US,2026-06-06 03:34:01
2026-06-06,HR,SableTalent Solutions,295-550-3144 ext. 20,info@sabletalentsolutions.io,https://www.sabletalentsolutions.io,6,London,UK,2026-06-06 02:24:01
2026-06-06,ERP,GraniteFin Flow,(641) 876-2597,contact@granitefinflow.com,https://www.granitefinflow.com,,Denver,US,2026-06-06 03:06:43
2026-06-06,Legal,GraniteDocket Suite,+15448277384,hello@granitedocketsuite.com,https://www.granitedocketsuite.com,15,Calgary,CA,2026-06-06 05:35:40
2026-06-06,Legal,PolarisCompli Cloud,+1 (528) 782-5020,info@polariscomplicloud.net,polariscomplicloud.net,799,London,UK,2026-06-06 05:09:16
2026-06-06,Medical,UmbraCare Platform,+16525174806,hello@umbracareplatform.com,https://www.umbracareplatform.com,293,Dublin,IE,2026-06-06 04:11:02
2026-06-06,ERP,RavenForgePoint,474.505.9642,contact@ravenforgepoint.com,https://ravenforgepoint.com,516,Boston,US,2026-06-06 01:27:20
2026-06-06,ERP,Lattice OpsPoint,6519734038,info@latticeopspoint.com,https://latticeopspoint.com,33,Phoenix,US,2026-06-06 02:35:30
2026-06-06,MSP Platform,Ridgeway NodeFlow,894.944.9759,info@ridgewaynodeflow.com,https://ridgewaynodeflow.com,5,Tampa,US,2026-06-06 02:14:10
2026-06-06,ERP,Golden PlanSoft,+1 (396) 741-2457 ext. 31,info@goldenplansoft.com,https://www.goldenplansoft.com,18,Seattle,US,2026-06-06 03:43:17
2026-06-06,Medical,SilverHealthLogic,+1 (463) 886-7888,contact@silverhealthlogic.co,https://www.silverhealthlogic.co,166,Calgary,CA,2026-06-06 05:29:13
2026-06-06,ERP,RavenPlan Sphere,9823684367,sales@ravenplansphere.com,https://www.ravenplansphere.com,10,Seattle,US,2026-06-06 03:38:49
2026-06-06,MSP Platform,Ridge StackLogic,(607) 555-8564,contact@ridgestacklogic.net,https://www.ridgestacklogic.net,49,Atlanta,US,2026-06-06 04:58:11
2026-06-06,HR,BoldOnboard Tech,+1 (603) 305-6426,info@boldonboardtech.com,https://www.boldonboardtech.com,19,-,CA,2026-06-06 03:14:05
2026-06-06,LMS,QuantumMentor Platform,839.246.8105,N/A,https://quantummentorplatform.com,349,London,UK,2026-06-06 01:20:07
2026-06-06,Medical,FusionPulse Core,(525) 753-2977,info@fusionpulsecore.com,https://fusionpulsecore.com,75,Seattle,US,2026-06-06 06:09:27
2026-06-06,HR,QuantumCultureHub,+18637900555,hello@quantumculturehub.co,https://www.quantumculturehub.co,25,Atlanta,US,2026-06-06 02:41:31
2026-06-06,MSP Platform,GraniteStack Core,(319) 859-2458,contact@granitestackcore.com,granitestackcore.com,79,Karachi,PK,2026-06-06 06:40:06
2026-06-06,HR,Quantum PeopleSystems,642-455-1991,sales@quantumpeoplesystems.com,https://www.quantumpeoplesystems.com,66,Austin,US,2026-06-06 02:43:55
2026-06-06,Legal,TrueLawApp,733-837-7313,contact@truelawapp.com,https://truelawapp.com,null,Boston,US,2026-06-06 05:36:36
2026-06-06,MSP Platform,BrightUptime Hub,1-534-917-5676,hello@brightuptimehub.com,https://www.brightuptimehub.com,47,Sydney,AU,2026-06-06 04:37:55
2026-06-06,HR,Velo CultureLabs,8023253885,contact@veloculturelabs.com,https://www.veloculturelabs.com,67,Dublin,IE,2026-06-06 05:54:29
2026-06-06,LMS,MosaicLearnSync,+1 (794) 484-6279,sales@mosaiclearnsync.com,https://www.mosaiclearnsync.com,34,Berlin,DE,2026-06-06 02:01:00
2026-06-06,ERP,Solid LedgerFlow,(960) 803-5977,sales@solidledgerflow.com,https://www.solidledgerflow.com,18,Toronto,CA,2026-06-06 04:07:28
2026-06-06,LMS,Meta LearnWorks,+14972963545,hello@metalearnworks.co,https://metalearnworks.co,38,Phoenix,US,2026-06-06 04:52:57
2026-06-06,MSP Platform,RidgewayUptime Dynamics,+19638662939,sales@ridgewayuptimedynamics.io,https://www.ridgewayuptimedynamics.io,61,Phoenix,US,2026-06-06 01:54:55
2026-06-06,ERP,VistaForge Sphere,02278264136,sales@vistaforgesphere.io,https://www.vistaforgesphere.io,85,Chicago,US,2026-06-06 03:43:36
2026-06-06,Medical,TruePulseSuite,260.741.2723,hello@truepulsesuite.com,https://www.truepulsesuite.com,18,Denver,US,2026-06-06 02:54:59
2026-06-06,ERP,Velo FinLabs,02046357904,sales@velofinlabs.com,https://www.velofinlabs.com,334,Seattle,US,2026-06-06 05:33:22
2026-06-06,MSP Platform,Arch NodeLabs,5949338899,info@archnodelabs.com,archnodelabs.com,null,Atlanta,US,2026-06-06 06:43:19
2026-06-06,MSP Platform,IndigoPatchPoint,703.992.0281,info@indigopatchpoint.com,https://www.indigopatchpoint.com,4669,Denver,US,2026-06-06 02:43:50
2026-06-06,LMS,OnyxMentorBase,+13415706789,info@onyxmentorbase.io,https://www.onyxmentorbase.io,25,Atlanta,US,2026-06-06 01:49:28
2026-06-06,MSP Platform,NovaUptime Flow,(931) 357-3567,hello@novauptimeflow.com,https://www.novauptimeflow.com,17,Tampa,US,2026-06-06 06:05:19
2026-06-06,HR,NimbusRoster Flow,(548) 295-1796,contact@nimbusrosterflow.net,nimbusrosterflow.net,618,London,UK,2026-06-06 04:42:48
2026-06-06,MSP Platform,Fusion NetHub,+19098380766,contact@fusionnethub.io,https://fusionnethub.io,9,Raleigh,US,2026-06-06 05:48:38
2026-06-06,Legal,HarborVerdictDesk,743.716.7758,sales@harborverdictdesk.com,https://harborverdictdesk.com,19,Atlanta,US,2026-06-06 05:45:55
2026-06-06,ERP,Fusion OpsSuite,894-725-5382,sales@fusionopssuite.com,fusionopssuite.com,65,Raleigh,US,2026-06-06 03:59:04
2026-06-06,Medical,Bright Pulse Consultants,(734) 203-2170,contact@brightpulseconsultants.com,https://www.brightpulseconsultants.com,31,Denver,US,2026-06-06 01:17:28
2026-06-06,ERP,Quartz Plan Consulting Group,513-240-9852,info@quartzplanconsultinggroup.com,https://quartzplanconsultinggroup.com,32,Seattle,US,2026-06-06 05:11:35
2026-06-06,ERP,VertexOps Systems,904-867-9310,contact@vertexopssystems.com,https://www.vertexopssystems.com,118,Denver,US,2026-06-06 04:30:35
2026-06-06,Medical,Raven PatientSoft,+12486468157,N/A,https://www.ravenpatientsoft.com,14,Tampa,US,2026-06-06 06:21:36
2026-06-06,MSP Platform,Cobalt TicketHub,249-886-1630,hello@cobalttickethub.io,https://cobalttickethub.io,824,Phoenix,US,2026-06-06 03:29:52
2026-06-06,MSP Platform,KeystoneRemoteDesk,917-421-8173,hello@keystoneremotedesk.io,https://www.keystoneremotedesk.io,38,Boston,US,2026-06-06 02:38:07
2026-06-06,ERP,ZenForge Soft,476-245-6888,contact@zenforgesoft.com,https://zenforgesoft.com,12,Pune,IN,2026-06-06 03:28:33
2026-06-06,ERP,FalconPlanFlow,6195418107,sales@falconplanflow.io,falconplanflow.io,38,London,UK,2026-06-06 02:46:03
2026-06-06,Medical,FusionTriageTech,413-714-5129,hello@fusiontriagetech.io,https://www.fusiontriagetech.io,742,Pune,IN,2026-06-06 05:23:26
2026-06-06,Medical,Solid FilingFlow,(631) 460-7831 ext. 42,sales@solidfilingflow.net,https://www.solidfilingflow.net,19,Bengaluru,IN,2026-06-06 03:56:34
2026-06-06,Medical,SableRx’s Labs,7883677673,contact@sablerxlabs.com,https://www.sablerxlabs.com,31,Tampa,US,2026-06-06 05:33:05
2026-06-06,ERP,VertexResourceSolutions,796-423-5806,hello@vertexresourcesolutions.com,https://www.vertexresourcesolutions.com,410,Columbus,US,2026-06-06 01:41:09
2026-06-06,Legal,Arch ClauseTech,+1 (863) 885-7952,null,https://www.archclausetech.com,17,Manchester,UK,2026-06-06 03:01:03
2026-06-06,Legal,LumenMatterSolutions,+13852676155,contact@lumenmattersolutions.com,https://www.lumenmattersolutions.com,10,Columbus,US,2026-06-06 06:49:51
2026-06-06,LMS,Quantum CourseSoft,1-715-808-2625,hello@quantumcoursesoft.net,https://www.quantumcoursesoft.net,931,Tampa,US,2026-06-06 05:25:49
2026-06-06,HR,Beacon RosterSystems,+19539351748,sales@beaconrostersystems.com,https://beaconrostersystems.com,8,Hyderabad,IN,2026-06-06 04:37:47
2026-06-06,HR,WillowRosterSolutions,411-616-7646 ext. 30,sales@willowrostersolutions.com,https://www.willowrostersolutions.com,66,Calgary,CA,2026-06-06 03:38:03
2026-06-06,ERP,BeaconOps Soft,552-831-2146,contact@beaconopssoft.net,https://www.beaconopssoft.net,215,Raleigh,US,2026-06-06 06:18:33
2026-06-06,ERP,ArchOrder’s Core,2087280553,hello@archordercore.com,https://www.archordercore.com,149,Tampa,US,2026-06-06 04:37:18
2026-06-06,MSP Platform,XenonRemoteSystems,6632170288,sales@xenonremotesystems.com,https://www.xenonremotesystems.com,2904,Austin,US,2026-06-06 01:33:24
2026-06-06,ERP,Fusion ChainTech,751.805.0800,hello@fusionchaintech.net,https://www.fusionchaintech.net,249,Sydney,AU,2026-06-06 04:45:31
2026-06-06,MSP Platform,Tidal RemoteBase,(763) 244-6091,hello@tidalremotebase.com,tidalremotebase.com,18,Melbourne,AU,2026-06-06 05:42:41
2026-06-06,Legal,MosaicFilingHub,(568) 942-9405,info@mosaicfilinghub.com,https://www.mosaicfilinghub.com,58,Seattle,US,2026-06-06 02:44:45
2026-06-06,MSP Platform,Tidal StackBase,+12414397691,sales@tidalstackbase.io,https://tidalstackbase.io,15,Atlanta,US,2026-06-06 03:26:22
2026-06-06,ERP,Anchor OpsPoint,2895637867,hello@anchoropspoint.com,https://www.anchoropspoint.com,207,Sydney,AU,2026-06-06 01:14:38
2026-06-06,Medical,BeaconVital Suite,(802) 485-3214,sales@beaconvitalsuite.io,https://www.beaconvitalsuite.io,31,Singapore,SG,2026-06-06 05:27:58
2026-06-06,LMS,CedarPath Core,05045765727 ext. 90,info@cedarpathcore.co,https://www.cedarpathcore.co,18,Phoenix,US,2026-06-06 02:08:17
2026-06-06,HR,Sable Payroll Staffing,+12295094419,sales@sablepayrollstaffing.com,https://www.sablepayrollstaffing.com,81,Amsterdam,NL,2026-06-06 06:08:56
2026-06-06,Legal,AnchorLawWorks,7736144681,info@anchorlawworks.com,https://anchorlawworks.com,26,Calgary,CA,2026-06-06 01:52:57
2026-06-06,ERP,Pioneer FinSolutions,(549) 911-7816,contact@pioneerfinsolutions.com,https://www.pioneerfinsolutions.com,40,Leeds,UK,2026-06-06 04:15:42
2026-06-06,MSP Platform,VeloNode Logic,(514) 236-5299,info@velonodelogic.com,https://www.velonodelogic.com,54,Denver,US,2026-06-06 03:01:06
2026-06-06,MSP Platform,TidalEndpoint Cloud,1-204-927-4316 ext. 26,hello@tidalendpointcloud.com,https://www.tidalendpointcloud.com,632,Amsterdam,NL,2026-06-06 01:06:20
2026-06-06,MSP Platform,BeaconPatch Sync,+15297867585 ext. 25,contact@beaconpatchsync.com,https://www.beaconpatchsync.com,285,Dublin,IE,2026-06-06 01:00:19
2026-06-06,MSP Platform,VertexStackBase,(408) 651-1761,info@vertexstackbase.io,https://www.vertexstackbase.io,9,Denver,US,2026-06-06 04:49:00
2026-06-06,Legal,OrbitMatter Desk,665-559-9740,hello@orbitmatterdesk.com,orbitmatterdesk.com,4582,Melbourne,AU,2026-06-06 01:17:45
2026-06-06,ERP,PrimeOpsDynamics,796-578-9804,contact@primeopsdynamics.co,https://www.primeopsdynamics.co,85,Sydney,AU,2026-06-06 03:08:05
2026-06-06,ERP,Velo Batch Manpower Services,(503) 679-7367,contact@velobatchmanpowerservices.com,https://velobatchmanpowerservices.com,5,Phoenix,US,2026-06-06 03:36:20
2026-06-06,Legal,PrimeDocketFlow,(837) 308-5476,hello@primedocketflow.com,https://www.primedocketflow.com,N/A,Bengaluru,IN,2026-06-06 01:04:56
2026-06-06,LMS,BeaconTrainTech,3265123833,hello@beacontraintech.io,https://www.beacontraintech.io,260,Atlanta,US,2026-06-06 03:52:07
2026-06-06,Legal,NimbusCompliFlow,(858) 839-7489,hello@nimbuscompliflow.com,https://www.nimbuscompliflow.com,42,Tampa,US,2026-06-06 05:01:22
2026-06-06,Medical,RavenPulse Flow,+15089193577,sales@ravenpulseflow.io,https://www.ravenpulseflow.io,485,-,IN,2026-06-06 06:39:39
2026-06-06,Medical,ZephyrHealthBase,+19867405866,contact@zephyrhealthbase.com,https://www.zephyrhealthbase.com,7,Columbus,US,2026-06-06 05:43:50
2026-06-06,MSP Platform,Granite MonitorLogic,5775953355,contact@granitemonitorlogic.co,https://www.granitemonitorlogic.co,40,Amsterdam,NL,2026-06-06 06:47:50
2026-06-06,ERP,QuartzForge Works,675-551-1673 ext. 79,contact@quartzforgeworks.com,https://www.quartzforgeworks.com,24,Calgary,CA,2026-06-06 06:42:14
2026-06-06,ERP,ApexOpsWorks,1-608-227-1417,info@apexopsworks.com,https://www.apexopsworks.com,14,Phoenix,US,2026-06-06 06:38:50
2026-06-06,HR,RidgewayRoster Logic,529-250-8516,contact@ridgewayrosterlogic.io,https://www.ridgewayrosterlogic.io,928,Chicago,US,2026-06-06 04:24:43
2026-06-06,Medical,OrbitHealth Cloud,+1 (698) 639-4617,contact@orbithealthcloud.com,https://www.orbithealthcloud.com,10,Denver,US,2026-06-06 01:57:15
2026-06-06,MSP Platform,Alta TicketApp,6303727851,,https://www.altaticketapp.io,14,Atlanta,US,2026-06-06 05:44:36
2026-06-06,ERP,FalconForge Sphere,+1 (510) 825-0815,sales@falconforgesphere.com,falconforgesphere.com,6,Raleigh,US,2026-06-06 02:35:18
2026-06-06,Legal,GoldenMatterHub,(925) 542-8935,hello@goldenmatterhub.com,https://goldenmatterhub.com,5,Austin,US,2026-06-06 05:17:24
2026-06-06,Legal,PivotCase Point,(210) 594-5228,hello@pivotcasepoint.com,https://www.pivotcasepoint.com,8,Dublin,IE,2026-06-06 05:26:25
2026-06-06,ERP,CrestLedger Works,+19577893820,hello@crestledgerworks.com,https://www.crestledgerworks.com,52,Karachi,PK,2026-06-06 04:35:56
2026-06-06,LMS,Lattice SkillSync,+15955024882,sales@latticeskillsync.com,https://www.latticeskillsync.com,89,Seattle,US,2026-06-06 04:13:57
2026-06-06,Medical,AtlasClinic Desk,7287501070,hello@atlasclinicdesk.com,atlasclinicdesk.com,52,Atlanta,US,2026-06-06 06:43:55
2026-06-06,Legal,Clear LawCore,223-552-3609,contact@clearlawcore.io,https://www.clearlawcore.io,90,Raleigh,US,2026-06-06 05:11:22
2026-06-06,HR,Xenon BenefitBase,+13826669657,hello@xenonbenefitbase.io,https://xenonbenefitbase.io,477,Chicago,US,2026-06-06 05:20:07
2026-06-06,MSP Platform,Bright GridSphere,(639) 341-4650,contact@brightgridsphere.com,https://www.brightgridsphere.com,12,Melbourne,AU,2026-06-06 05:56:14
2026-06-06,MSP Platform,Raven GridSphere,220-486-5092,hello@ravengridsphere.com,https://www.ravengridsphere.com,497,Melbourne,AU,2026-06-06 03:24:21
2026-06-06,HR,Iron BenefitFlow,208-573-5086,contact@ironbenefitflow.io,https://ironbenefitflow.io,527,Austin,US,2026-06-06 02:33:45
2026-06-06,ERP,Juniper OpsCore,+13262399343,info@juniperopscore.com,https://www.juniperopscore.com,N/A,Munich,DE,2026-06-06 06:35:04
2026-06-06,HR,IronShift Sphere,1-639-863-9836,sales@ironshiftsphere.io,https://www.ironshiftsphere.io,31,Denver,US,2026-06-06 02:27:40
2026-06-06,MSP Platform,TruePatch Labs,687-712-7737,hello@truepatchlabs.co,https://www.truepatchlabs.co,18,Tampa,US,2026-06-06 04:23:26
2026-06-06,Medical,AltaMed Sync,422.236.0989 ext. 52,hello@altamedsync.io,https://www.altamedsync.io,41,Boston,US,2026-06-06 06:14:28
2026-06-06,ERP,BrightPlanFlow,+18048007640,sales@brightplanflow.com,https://www.brightplanflow.com,135,Amsterdam,NL,2026-06-06 01:25:07
2026-06-06,Medical,Nimbus HealthPoint,887-383-6027,sales@nimbushealthpoint.com,https://www.nimbushealthpoint.com,11,Seattle,US,2026-06-06 05:39:21
2026-06-06,Medical,FalconRx Solutions,08059859242,hello@falconrxsolutions.com,https://www.falconrxsolutions.com,132,Karachi,PK,2026-06-06 02:18:33
2026-06-06,MSP Platform,ZephyrNodeSync,3736926024,contact@zephyrnodesync.com,https://www.zephyrnodesync.com,49,Vancouver,CA,2026-06-06 01:09:05
2026-06-06,Medical,RidgeRx Systems,210-962-3448,contact@ridgerxsystems.net,https://ridgerxsystems.net,50,Raleigh,US,2026-06-06 02:09:53
2026-06-06,LMS,Falcon CohortSync,644.866.8552,sales@falconcohortsync.io,https://www.falconcohortsync.io,5,Raleigh,US,2026-06-06 01:23:05
2026-06-06,HR,UmbraPeople App,+16493268569,contact@umbrapeopleapp.net,umbrapeopleapp.net,36,Denver,US,2026-06-06 04:23:57
2026-06-06,ERP,BeaconOpsPoint,985.235.4035 ext. 19,info@beaconopspoint.com,https://www.beaconopspoint.com,237,Munich,DE,2026-06-06 06:32:44
2026-06-06,Legal,LatticeMatterSystems,+19702258470,hello@latticemattersystems.com,https://latticemattersystems.com,54,Melbourne,AU,2026-06-06 04:57:38
2026-06-06,MSP Platform,NimbusNet Systems,+1 (976) 822-6008,hello@nimbusnetsystems.co,https://www.nimbusnetsystems.co,56,Atlanta,US,2026-06-06 04:44:05
2026-06-06,HR,ArchTalentLabs,1-866-421-2092,hello@archtalentlabs.io,https://www.archtalentlabs.io,18,Denver,US,2026-06-06 06:52:49
2026-06-06,Medical,Delta ClinicFlow,(776) 494-9738,info@deltaclinicflow.net,https://www.deltaclinicflow.net,418,Phoenix,US,2026-06-06 04:54:33
2026-06-06,HR,Ember BenefitSuite,+13348692115,contact@emberbenefitsuite.com,https://emberbenefitsuite.com,1104,Islamabad,PK,2026-06-06 02:26:41
2026-06-06,MSP Platform,DeltaRemote Cloud,483-548-3758,sales@deltaremotecloud.com,https://www.deltaremotecloud.com,24,Phoenix,US,2026-06-06 01:42:30
2026-06-06,Medical,Juniper TriageDynamics,886-745-8543,info@junipertriagedynamics.com,https://www.junipertriagedynamics.com,29,Tampa,US,2026-06-06 06:46:52
2026-06-06,HR,Alta PeopleFlow,+1 (832) 762-7877,contact@altapeopleflow.com,https://altapeopleflow.com,8,Melbourne,AU,2026-06-06 01:03:03
2026-06-06,LMS,Meta Mentor BPO Services,(736) 413-7638,hello@metamentorbposervices.com,metamentorbposervices.com,50,Tampa,US,2026-06-06 01:33:38
2026-06-06,Legal,Velo CaseSystems,03693519745,contact@velocasesystems.com,https://velocasesystems.com,26,Phoenix,US,2026-06-06 05:02:28
2026-06-06,HR,HaloShift Systems,1-505-607-4993,hello@haloshiftsystems.com,https://www.haloshiftsystems.com,491,Tampa,US,2026-06-06 04:36:25
2026-06-06,ERP,KeystoneOps Flow,521-242-7085,hello@keystoneopsflow.com,https://www.keystoneopsflow.com,481,Tampa,US,2026-06-06 02:14:28
2026-06-06,ERP,Crown PlanSync,+1 (479) 209-4627,sales@crownplansync.com,https://www.crownplansync.com,67,Singapore,SG,2026-06-06 04:08:02
2026-06-06,HR,Summit PerformSuite,1-244-414-3471,hello@summitperformsuite.io,https://www.summitperformsuite.io,88,Melbourne,AU,2026-06-06 04:26:31
2026-06-06,MSP Platform,HarborRemote Dynamics,(265) 646-4766,contact@harborremotedynamics.com,https://www.harborremotedynamics.com,14,Munich,DE,2026-06-06 06:46:42
2026-06-06,ERP,Zephyr ResourceDynamics,(297) 795-9337,contact@zephyrresourcedynamics.com,https://www.zephyrresourcedynamics.com,337,Denver,US,2026-06-06 02:01:28
2026-06-06,HR,JuniperPayrollSoft,8534347134,info@juniperpayrollsoft.com,https://juniperpayrollsoft.com,726,Columbus,US,2026-06-06 05:22:32
2026-06-06,LMS,ZenTrainDesk,(326) 406-2889,contact@zentraindesk.net,https://zentraindesk.net,62,Seattle,US,2026-06-06 02:21:44
2026-06-06,Medical,GoldenClinic Desk,+14532165203,sales@goldenclinicdesk.net,goldenclinicdesk.net,15,Berlin,DE,2026-06-06 01:56:46
2026-06-06,Legal,SolidCounsel Flow,(238) 569-9308,sales@solidcounselflow.com,solidcounselflow.com,2569,Raleigh,US,2026-06-06 03:30:33
2026-06-06,ERP,IndigoResource Flow,(276) 579-2008,contact@indigoresourceflow.com,https://www.indigoresourceflow.com,123,Boston,US,2026-06-06 02:19:49
2026-06-06,MSP Platform,VeloNetWorks,1-804-265-9040,sales@velonetworks.com,https://www.velonetworks.com,87,Seattle,US,2026-06-06 05:53:55
2026-06-06,HR,Fusion PerformSphere,+1 (653) 532-9107,contact@fusionperformsphere.com,https://fusionperformsphere.com,137,Sydney,AU,2026-06-06 02:39:10
2026-06-06,HR,Cobalt OnboardDynamics,(462) 985-6576,hello@cobaltonboarddynamics.co,https://cobaltonboarddynamics.co,77,Chicago,US,2026-06-06 02:46:33
2026-06-06,LMS,Ridgeway LessonFlow,607.299.4637,info@ridgewaylessonflow.com,https://ridgewaylessonflow.com,15,Raleigh,US,2026-06-06 06:56:33
2026-06-06,ERP,Ridge TalentCore,1-568-613-5832,sales@ridgetalentcore.io,https://www.ridgetalentcore.io,566,Columbus,US,2026-06-06 03:17:05
2026-06-06,ERP,TrueStock Tech,(357) 445-8870,hello@truestocktech.io,https://truestocktech.io,512,Hyderabad,IN,2026-06-06 01:00:13
2026-06-06,ERP,Raven ChainApp,670.399.5590,contact@ravenchainapp.com,https://www.ravenchainapp.com,185,Denver,US,2026-06-06 03:05:34
2026-06-06,MSP Platform,JuniperNode Point,431-270-5021,contact@junipernodepoint.io,https://www.junipernodepoint.io,17,Raleigh,US,2026-06-06 06:48:15
2026-06-06,HR,BluePerformFlow,897.305.1146,contact@blueperformflow.io,https://www.blueperformflow.io,3713,Atlanta,US,2026-06-06 04:45:53
2026-06-06,ERP,BeaconOrder Systems,(395) 888-3468,hello@beaconordersystems.com,https://www.beaconordersystems.com,322,Bengaluru,IN,2026-06-06 01:05:01
2026-06-06,HR,Tidal TalentPlatform,07205646443,N/A,https://www.tidaltalentplatform.com,6,Austin,US,2026-06-06 01:45:18
2026-06-06,Medical,AnchorPatient Desk,554.344.4937,sales@anchorpatientdesk.com,anchorpatientdesk.com,42,Pune,IN,2026-06-06 01:57:11
2026-06-06,Legal,Xenon DocketDynamics,+1 (306) 888-7190,info@xenondocketdynamics.com,https://xenondocketdynamics.com,304,Chicago,US,2026-06-06 03:03:02
2026-06-06,HR,Zephyr ShiftDesk,(940) 395-0589,sales@zephyrshiftdesk.net,https://www.zephyrshiftdesk.net,174,Columbus,US,2026-06-06 01:38:33
2026-06-06,Medical,GoldenCare Sync,1-298-324-6761,info@goldencaresync.com,https://www.goldencaresync.com,502,Tampa,US,2026-06-06 06:47:52
2026-06-06,HR,Onyx PerformLogic,(275) 217-7872,sales@onyxperformlogic.com,https://www.onyxperformlogic.com,85,Tampa,US,2026-06-06 03:16:02
2026-06-06,ERP,WillowForgeSystems,(662) 436-3776,info@willowforgesystems.com,https://www.willowforgesystems.com,67,Austin,US,2026-06-06 05:27:06
2026-06-06,ERP,Beacon BatchPoint,765.687.7270,sales@beaconbatchpoint.net,https://www.beaconbatchpoint.net,18,Melbourne,AU,2026-06-06 04:23:37
2026-06-06,MSP Platform,EmberPatchSphere,590-342-1883 ext. 77,hello@emberpatchsphere.com,emberpatchsphere.com,36,Chicago,US,2026-06-06 01:52:31
2026-06-06,LMS,UmbraTutor Base,+13692162716,contact@umbratutorbase.net,https://umbratutorbase.net,80,Seattle,US,2026-06-06 01:45:08
2026-06-06,LMS,TrueMentor Platform,(914) 264-7671,sales@truementorplatform.io,https://truementorplatform.io,2573,Boston,US,2026-06-06 04:35:33
2026-06-06,Medical,ZephyrCare Sync,2046417838,info@zephyrcaresync.net,https://www.zephyrcaresync.net,N/A,Columbus,US,2026-06-06 01:31:45
2026-06-06,LMS,JuniperSkill Suite,+12557298913,contact@juniperskillsuite.co,https://www.juniperskillsuite.co,201,Seattle,US,2026-06-06 06:32:35
2026-06-06,Legal,Fusion CaseSync,5004028939,contact@fusioncasesync.com,https://www.fusioncasesync.com,25,Boston,US,2026-06-06 03:53:24
2026-06-06,MSP Platform,FusionStackFlow,(632) 207-2333,N/A,fusionstackflow.co,963,Seattle,US,2026-06-06 03:36:57
2026-06-06,Legal,SableMatter Desk,(277) 530-8111,contact@sablematterdesk.io,sablematterdesk.io,7,Sydney,AU,2026-06-06 02:56:39
2026-06-06,HR,BeaconRosterSystems,02027806084,info@beaconrostersystems.com,https://www.beaconrostersystems.com,203,Columbus,US,2026-06-06 05:45:17
2026-06-06,Medical,Xenon Patient Recruiting,224-981-0142,sales@xenonpatientrecruiting.co,xenonpatientrecruiting.co,23,Bengaluru,IN,2026-06-06 03:05:09
2026-06-06,ERP,CrownForge Cloud,382-970-7291,sales@crownforgecloud.co,https://www.crownforgecloud.co,266,Austin,US,2026-06-06 06:25:48
2026-06-06,Medical,Sable VitalDesk,241-855-1845,info@sablevitaldesk.com,https://www.sablevitaldesk.com,6,Atlanta,US,2026-06-06 02:32:20
2026-06-06,HR,HaloUptime Flow,498.834.7153,hello@halouptimeflow.net,https://www.halouptimeflow.net,408,Chicago,US,2026-06-06 04:14:31
2026-06-06,Legal,AtlasBriefPoint,283-762-1038,sales@atlasbriefpoint.com,https://atlasbriefpoint.com,77,Islamabad,PK,2026-06-06 05:38:06
2026-06-06,HR,GraniteRoster’s Works,(237) 906-6172,sales@graniterosterworks.com,https://www.graniterosterworks.com,17,Seattle,US,2026-06-06 04:34:02
2026-06-06,Legal,Zen VerdictWorks,+1 (403) 300-3620,sales@zenverdictworks.com,zenverdictworks.com,68,Seattle,US,2026-06-06 02:41:52
2026-06-06,MSP Platform,Iron StackCore,+15643465405,contact@ironstackcore.com,https://www.ironstackcore.com,500,Seattle,US,2026-06-06 01:22:45
2026-06-06,Legal,ZephyrCounsel App,+17038100017,contact@zephyrcounselapp.com,https://www.zephyrcounselapp.com,427,London,UK,2026-06-06 02:16:57
2026-06-06,HR,GraniteTeamFlow,09047513341,info@graniteteamflow.com,https://graniteteamflow.com,29,Vancouver,CA,2026-06-06 01:04:48
2026-06-06,HR,CrownPeoplePoint,775-300-7513,info@crownpeoplepoint.com,https://www.crownpeoplepoint.com,787,Atlanta,US,2026-06-06 04:45:04
2026-06-06,Legal,HaloDocketLogic,(298) 923-6813,contact@halodocketlogic.com,https://www.halodocketlogic.com,11,Columbus,US,2026-06-06 04:20:09
2026-06-06,ERP,PivotBatch Point,+17468171559,info@pivotbatchpoint.io,https://www.pivotbatchpoint.io,11,Denver,US,2026-06-06 02:55:41
2026-06-06,HR,LatticeShift Core,1-652-640-3951,sales@latticeshiftcore.com,https://www.latticeshiftcore.com,6,Phoenix,US,2026-06-06 03:51:37
2026-06-06,Legal,Apex FilingTech,+14363864467,hello@apexfilingtech.co,https://www.apexfilingtech.co,56,-,US,2026-06-06 06:54:13
2026-06-06,MSP Platform,RidgeMonitor Sphere,+14739679338 ext. 78,contact@ridgemonitorsphere.co,ridgemonitorsphere.co,4726,Calgary,CA,2026-06-06 02:22:40
2026-06-06,HR,ZephyrBenefitSoft,+12526761576,sales@zephyrbenefitsoft.com,https://zephyrbenefitsoft.com,-,Boston,US,2026-06-06 05:26:33
2026-06-06,HR,ZephyrCultureSolutions,+19444378949,sales@zephyrculturesolutions.io,https://www.zephyrculturesolutions.io,985,London,UK,2026-06-06 04:39:27
2026-06-06,ERP,Nova OrderDynamics,+1 (509) 462-3087,sales@novaorderdynamics.com,https://novaorderdynamics.com,751,Toronto,CA,2026-06-06 03:37:29
2026-06-06,HR,OrbitTalent Cloud,(811) 366-7302,info@orbittalentcloud.io,https://www.orbittalentcloud.io,83,Vancouver,CA,2026-06-06 01:35:42
2026-06-06,Medical,SummitVital Sync,6584210733,contact@summitvitalsync.com,https://www.summitvitalsync.com,15,Pune,IN,2026-06-06 01:43:43
2026-06-06,Legal,Clear ClauseCore,1-229-272-9619,contact@clearclausecore.com,https://www.clearclausecore.com,11,Boston,US,2026-06-06 06:44:09
2026-06-06,Legal,SableMatterPoint,5748462290 ext. 21,sales@sablematterpoint.com,sablematterpoint.com,40,Calgary,CA,2026-06-06 03:22:57
2026-06-06,MSP Platform,HarborMonitorDynamics,588.833.1545,info@harbormonitordynamics.com,https://www.harbormonitordynamics.com,67,Lahore,PK,2026-06-06 02:58:36
2026-06-06,Legal,Willow Verdict Talent Agency,+16539670652,-,https://www.willowverdicttalentagency.com,9,London,UK,2026-06-06 01:45:04
2026-06-06,MSP Platform,IndigoMonitorSoft,827-686-9834,contact@indigomonitorsoft.co,https://www.indigomonitorsoft.co,109,Chicago,US,2026-06-06 01:15:52
2026-06-06,ERP,Sable OrderLabs,866-876-3018,info@sableorderlabs.com,https://sableorderlabs.com,90,Dublin,IE,2026-06-06 01:18:26
2026-06-06,HR,AnchorPeopleTech,5329925258,sales@anchorpeopletech.io,https://www.anchorpeopletech.io,15,Phoenix,US,2026-06-06 01:35:14
2026-06-06,ERP,RidgewayStockSolutions,(391) 432-2418,hello@ridgewaystocksolutions.com,https://www.ridgewaystocksolutions.com,17,London,UK,2026-06-06 01:21:41
2026-06-06,HR,Harbor OnboardSphere,4416376010,contact@harboronboardsphere.co,https://www.harboronboardsphere.co,30,Chicago,US,2026-06-06 03:34:26
2026-06-06,ERP,ClearChain Hub,(429) 365-0822,contact@clearchainhub.com,https://www.clearchainhub.com,301,Amsterdam,NL,2026-06-06 01:58:33
2026-06-06,Medical,Quantum HealthWorks,256.234.4223,hello@quantumhealthworks.co,https://quantumhealthworks.co,38,Calgary,CA,2026-06-06 06:25:08
2026-06-06,Medical,MosaicHealth’s Tech,253-443-8579,hello@mosaichealthtech.com,https://mosaichealthtech.com,16,Columbus,US,2026-06-06 01:49:44
2026-06-06,HR,ArchCulture Works,4163639973,contact@archcultureworks.com,https://www.archcultureworks.com,636,Singapore,SG,2026-06-06 05:41:14
2026-06-06,Medical,FusionTriage Solutions,1-794-739-5689,sales@fusiontriagesolutions.net,https://www.fusiontriagesolutions.net,24,Sydney,AU,2026-06-06 06:18:47
2026-06-06,ERP,SummitPlan Sphere,5388546961,sales@summitplansphere.io,https://www.summitplansphere.io,5,Phoenix,US,2026-06-06 01:31:12
2026-06-06,ERP,Indigo OrderLogic,514.991.8929,hello@indigoorderlogic.co,https://www.indigoorderlogic.co,913,Seattle,US,2026-06-06 01:24:38
2026-06-06,MSP Platform,OrbitTicket Suite,3182313887,sales@orbitticketsuite.co,orbitticketsuite.co,16,Tampa,US,2026-06-06 06:03:14
2026-06-06,Legal,TidalLawLabs,+18648527874,contact@tidallawlabs.com,https://www.tidallawlabs.com,91,Hyderabad,IN,2026-06-06 03:41:57
2026-06-06,MSP Platform,TruePatchCore,1-319-244-6456,info@truepatchcore.net,https://truepatchcore.net,983,Amsterdam,NL,2026-06-06 05:54:42
2026-06-06,MSP Platform,Alta StackLogic,(972) 317-0946,hello@altastacklogic.com,https://www.altastacklogic.com,61,Tampa,US,2026-06-06 05:01:29
2026-06-06,MSP Platform,BlueNodeSync,+1 (630) 479-1850,hello@bluenodesync.io,https://www.bluenodesync.io,12,Denver,US,2026-06-06 03:39:32
2026-06-06,MSP Platform,LatticeTicket Suite,1-331-606-4143,hello@latticeticketsuite.io,https://www.latticeticketsuite.io,49,Amsterdam,NL,2026-06-06 03:57:42
2026-06-06,Medical,FusionPatientCloud,1-828-427-6076,sales@fusionpatientcloud.net,https://www.fusionpatientcloud.net,73,London,UK,2026-06-06 03:20:12
2026-06-06,Medical,Bright VitalLogic,(248) 975-3150,info@brightvitallogic.io,https://www.brightvitallogic.io,23,Pune,IN,2026-06-06 05:42:28
2026-06-06,Legal,PioneerCounsel Soft,1-691-331-2958,sales@pioneercounselsoft.io,https://www.pioneercounselsoft.io,459,Munich,DE,2026-06-06 03:02:03
2026-06-06,LMS,Sablé LessonBase,920-783-4238,contact@sablelessonbase.com,https://sablelessonbase.com,16,Melbourne,AU,2026-06-06 01:00:44
2026-06-06,HR,Bold TeamSuite,3335874775 ext. 9,info@boldteamsuite.com,https://www.boldteamsuite.com,93,Raleigh,US,2026-06-06 03:00:47
2026-06-06,LMS,Bright LearnSuite,(876) 602-5316,hello@brightlearnsuite.com,brightlearnsuite.com,3434,Hyderabad,IN,2026-06-06 02:44:40
2026-06-06,HR,OrbitCultureDynamics,+18675898194,sales@orbitculturedynamics.net,https://www.orbitculturedynamics.net,11,Dublin,IE,2026-06-06 04:40:19
2026-06-06,HR,Ridge TalentCloud,+16735615538,hello@ridgetalentcloud.com,https://www.ridgetalentcloud.com,459,Atlanta,US,2026-06-06 01:01:35
2026-06-06,Medical,TrueHealthSystems,920.999.5072,info@truehealthsystems.com,truehealthsystems.com,48,Sydney,AU,2026-06-06 01:14:07
2026-06-06,ERP,ClearStock Cloud,(885) 838-0910,sales@clearstockcloud.com,https://www.clearstockcloud.com,127,Columbus,US,2026-06-06 03:14:52
2026-06-06,Legal,GraniteDocket App,778.401.7226,sales@granitedocketapp.com,https://granitedocketapp.com,424,Raleigh,US,2026-06-06 04:45:44
2026-06-06,ERP,RidgeOrderSoft,+1 (432) 244-5257 ext. 4,hello@ridgeordersoft.com,ridgeordersoft.com,45,Melbourne,AU,2026-06-06 06:30:54
2026-06-06,Legal,OmniCompli Dynamics,740.356.6051,-,https://omnicomplidynamics.com,51,Seattle,US,2026-06-06 04:20:45
2026-06-06,ERP,OmniBatchFlow,+1 (235) 899-4912,hello@omnibatchflow.com,https://www.omnibatchflow.com,119,Chicago,US,2026-06-06 06:43:14
2026-06-06,Medical,ZenRxSync,8882036666,hello@zenrxsync.net,https://www.zenrxsync.net,31,Boston,US,2026-06-06 03:36:50
2026-06-06,HR,Prime CultureBase,(664) 613-8041,hello@primeculturebase.com,https://www.primeculturebase.com,9,Austin,US,2026-06-06 04:18:49
2026-06-06,HR,True PayrollTech,9797621649 ext. 45,sales@truepayrolltech.com,https://www.truepayrolltech.com,323,Denver,US,2026-06-06 04:23:47
2026-06-06,HR,Apex CultureLogic,(452) 659-6849,sales@apexculturelogic.com,https://www.apexculturelogic.com,1108,Pune,IN,2026-06-06 03:14:25
2026-06-06,HR,Pioneer TeamPoint,(369) 706-3374,contact@pioneerteampoint.net,https://www.pioneerteampoint.net,36,Denver,US,2026-06-06 01:02:34
2026-06-06,ERP,NorthResourceSync,+13005210173,contact@northresourcesync.com,https://northresourcesync.com,1087,Bengaluru,IN,2026-06-06 02:03:35
2026-06-06,MSP Platform,North PatchSystems,706-491-9730,sales@northpatchsystems.com,northpatchsystems.com,144,Denver,US,2026-06-06 03:55:20
2026-06-06,ERP,AnchorFinFlow,(922) 366-5973,-,https://www.anchorfinflow.com,119,Atlanta,US,2026-06-06 06:13:23
2026-06-06,ERP,EmberOrder Works,+18938968614,sales@emberorderworks.com,https://www.emberorderworks.com,634,Phoenix,US,2026-06-06 05:59:18
2026-06-06,HR,Meta BenefitSuite,1-203-231-2090,sales@metabenefitsuite.net,https://metabenefitsuite.net,73,Munich,DE,2026-06-06 04:26:35
2026-06-06,ERP,QuantumOrder Sphere,5455903151,sales@quantumordersphere.com,https://www.quantumordersphere.com,350,Seattle,US,2026-06-06 05:11:48
2026-06-06,ERP,Umbra OpsSuite,+18864057487,info@umbraopssuite.io,https://www.umbraopssuite.io,8,Chicago,US,2026-06-06 04:01:31
2026-06-06,MSP Platform,Cedar PatchSoft,902-962-6229,sales@cedarpatchsoft.com,cedarpatchsoft.com,135,Atlanta,US,2026-06-06 06:04:16
2026-06-06,HR,Meta ShiftPoint,+12092401435,hello@metashiftpoint.com,https://metashiftpoint.com,17,Vancouver,CA,2026-06-06 05:39:14
2026-06-06,HR,FusionRoster App,989-957-8266,sales@fusionrosterapp.io,https://www.fusionrosterapp.io,48,Amsterdam,NL,2026-06-06 04:56:48
2026-06-06,ERP,Ridge PlanSphere,+17499185226,contact@ridgeplansphere.io,ridgeplansphere.io,60,Manchester,UK,2026-06-06 04:01:46
2026-06-06,HR,KeystoneCulture Sphere,216.974.8410,hello@keystoneculturesphere.com,https://www.keystoneculturesphere.com,273,Chicago,US,2026-06-06 06:01:25
2026-06-06,ERP,NorthStock Cloud,955-474-5432 ext. 93,contact@northstockcloud.com,https://www.northstockcloud.com,140,Chicago,US,2026-06-06 01:30:48
2026-06-06,ERP,Falcon ForgeFlow,297-866-3438,info@falconforgeflow.com,https://www.falconforgeflow.com,41,Leeds,UK,2026-06-06 05:11:26
2026-06-06,MSP Platform,HaloUptime Logic,1-777-774-4757,hello@halouptimelogic.com,https://www.halouptimelogic.com,97,Calgary,CA,2026-06-06 06:50:25
2026-06-06,Legal,Xenon DocketHub,(325) 368-5945,hello@xenondockethub.io,https://xenondockethub.io,20,Austin,US,2026-06-06 01:19:14
2026-06-06,ERP,WillowPlanDynamics,+17408994624,contact@willowplandynamics.com,https://www.willowplandynamics.com,6,Dublin,IE,2026-06-06 04:43:00
2026-06-06,HR,SilverShift Soft,572.827.5050,contact@silvershiftsoft.net,https://www.silvershiftsoft.net,555,Munich,DE,2026-06-06 01:46:00
2026-06-06,Legal,Lattice DocketSoft,800.964.3789,contact@latticedocketsoft.com,https://www.latticedocketsoft.com,-,Atlanta,US,2026-06-06 01:40:34
2026-06-06,Medical,Xenon PulseSphere,(597) 826-4551,sales@xenonpulsesphere.com,https://www.xenonpulsesphere.com,344,Manchester,UK,2026-06-06 02:19:49
2026-06-06,MSP Platform,OnyxNode Labs,(954) 424-2861,hello@onyxnodelabs.com,https://www.onyxnodelabs.com,195,Atlanta,US,2026-06-06 01:26:12
2026-06-06,HR,Summit RosterHub,777-344-9201,hello@summitrosterhub.com,https://www.summitrosterhub.com,351,Raleigh,US,2026-06-06 01:13:01
2026-06-06,ERP,CrownBatchWorks,+1 (701) 806-3196,hello@crownbatchworks.com,https://crownbatchworks.com,24,Phoenix,US,2026-06-06 03:43:56
2026-06-06,HR,PolarisTalentSync,487.338.1259,info@polaristalentsync.io,https://polaristalentsync.io,193,Tampa,US,2026-06-06 01:24:49
2026-06-06,ERP,CobaltBatch Dynamics,273-582-5248,null,cobaltbatchdynamics.com,13,Columbus,US,2026-06-06 01:05:57
2026-06-06,Medical,HaloChart Logic,+19172103910,hello@halochartlogic.com,https://www.halochartlogic.com,21,Amsterdam,NL,2026-06-06 01:17:36
2026-06-06,MSP Platform,Crest NodePoint,1-304-477-7422,hello@crestnodepoint.com,https://www.crestnodepoint.com,13,Seattle,US,2026-06-06 02:12:23
2026-06-06,LMS,Onyx QuizFlow,773-855-4342,info@onyxquizflow.net,https://onyxquizflow.net,269,Tampa,US,2026-06-06 01:22:04
2026-06-06,Medical,RavenPulseTech,7208079283,info@ravenpulsetech.io,ravenpulsetech.io,749,Atlanta,US,2026-06-06 01:16:18
2026-06-06,Medical,TidalTriageTech,609.801.9010,hello@tidaltriagetech.com,https://www.tidaltriagetech.com,1579,London,UK,2026-06-06 01:01:03
2026-06-06,HR,AtlasPeople App,+1 (309) 682-3218,sales@atlaspeopleapp.io,https://atlaspeopleapp.io,50,Raleigh,US,2026-06-06 04:52:31
2026-06-06,ERP,SummitStock Desk,468-724-9406,hello@summitstockdesk.com,https://summitstockdesk.com,194,Calgary,CA,2026-06-06 03:01:13
2026-06-06,Medical,Onyx ChartPlatform,5496924088,info@onyxchartplatform.io,https://www.onyxchartplatform.io,9,Boston,US,2026-06-06 01:04:04
2026-06-06,ERP,NimbusLedger Soft,(813) 272-3821,sales@nimbusledgersoft.co,https://www.nimbusledgersoft.co,17,Berlin,DE,2026-06-06 04:45:15
2026-06-06,Medical,FalconClinic Sphere,683-304-7520,contact@falconclinicsphere.com,https://www.falconclinicsphere.com,43,London,UK,2026-06-06 04:32:09
2026-06-06,ERP,OrbitPlanHub,(305) 349-6993,contact@orbitplanhub.io,https://www.orbitplanhub.io,398,Raleigh,US,2026-06-06 04:53:00
2026-06-06,Medical,Fusion MedSolutions,1-355-831-2045,sales@fusionmedsolutions.net,https://fusionmedsolutions.net,44,Sydney,AU,2026-06-06 06:35:17
2026-06-06,LMS,KeystoneTrain Base,+15298589657,sales@keystonetrainbase.com,https://keystonetrainbase.com,14,London,UK,2026-06-06 01:11:04
2026-06-06,MSP Platform,Clear PatchSystems,474-293-1704,info@clearpatchsystems.com,https://clearpatchsystems.com,335,Columbus,US,2026-06-06 04:46:25
2026-06-06,ERP,Nimbus PlanTech,540-375-3299,sales@nimbusplantech.io,https://nimbusplantech.io,13,Raleigh,US,2026-06-06 05:52:57
2026-06-06,MSP Platform,WillowUptimeSolutions,04647022612,sales@willowuptimesolutions.net,https://www.willowuptimesolutions.net,53,Melbourne,AU,2026-06-06 06:30:12
2026-06-06,Legal,EmberVerdictWorks,(956) 277-6126,contact@emberverdictworks.co,https://www.emberverdictworks.co,14,Austin,US,2026-06-06 03:36:58
2026-06-06,ERP,Bright FinPlatform,+18969431647,sales@brightfinplatform.com,https://brightfinplatform.com,51,Boston,US,2026-06-06 02:15:15
2026-06-06,LMS,NovaQuiz Suite,216-776-3114,info@novaquizsuite.com,https://www.novaquizsuite.com,16,London,UK,2026-06-06 05:23:58
2026-06-06,HR,SableTalentCloud,(743) 603-5415,sales@sabletalentcloud.com,https://www.sabletalentcloud.com,49,Pune,IN,2026-06-06 06:48:41
2026-06-06,HR,CoreTeamApp,9543405059,hello@coreteamapp.co,https://www.coreteamapp.co,56,Raleigh,US,2026-06-06 01:46:41
2026-06-06,HR,JuniperShiftCore,(441) 625-7337,sales@junipershiftcore.co,https://www.junipershiftcore.co,19,Boston,US,2026-06-06 01:40:41
2026-06-06,HR,SilverPerform Suite,1-279-624-0294,hello@silverperformsuite.io,silverperformsuite.io,16,Islamabad,PK,2026-06-06 02:10:38
2026-06-06,HR,Delta CultureDesk,525.575.3394,N/A,https://deltaculturedesk.net,null,Manchester,UK,2026-06-06 01:10:58
2026-06-06,MSP Platform,VertexNetSync,+1 (218) 644-1077,hello@vertexnetsync.io,vertexnetsync.io,69,Austin,US,2026-06-06 01:01:10
2026-06-06,MSP Platform,EmberNetBase,499.897.3297,contact@embernetbase.io,https://www.embernetbase.io,454,Phoenix,US,2026-06-06 06:44:05
2026-06-06,HR,PrimeShiftSolutions,(298) 474-6183,info@primeshiftsolutions.com,primeshiftsolutions.com,63,Sydney,AU,2026-06-06 02:31:39
2026-06-06,HR,Rapid TeamCloud,629-552-2025,sales@rapidteamcloud.com,https://www.rapidteamcloud.com,8,Raleigh,US,2026-06-06 05:17:47
2026-06-06,Medical,Xenon CareApp,271-996-0096,info@xenoncareapp.com,https://www.xenoncareapp.com,3445,Bengaluru,IN,2026-06-06 04:28:03
2026-06-06,HR,VeloPayroll Sphere,259.980.9089,hello@velopayrollsphere.com,https://www.velopayrollsphere.com,11,Seattle,US,2026-06-06 05:38:13
2026-06-06,Medical,VeloRx Systems,1-655-505-8940 ext. 75,info@velorxsystems.com,velorxsystems.com,23,Seattle,US,2026-06-06 01:59:57
2026-06-06,MSP Platform,Nova Remote Talent Agency,(696) 209-7631 ext. 28,sales@novaremotetalentagency.co,https://www.novaremotetalentagency.co,26,Manchester,UK,2026-06-06 02:28:17
2026-06-06,HR,Crown TeamDynamics,+17983393363,hello@crownteamdynamics.io,https://www.crownteamdynamics.io,147,Tampa,US,2026-06-06 03:02:56
2026-06-06,HR,VistaRosterDynamics,(638) 676-9135,sales@vistarosterdynamics.io,https://www.vistarosterdynamics.io,10,London,UK,2026-06-06 03:38:48
2026-06-06,HR,ZephyrCulture Cloud,850-243-4998,contact@zephyrculturecloud.io,zephyrculturecloud.io,405,Raleigh,US,2026-06-06 02:12:57
2026-06-06,ERP,IronChain Platform,+14742569553,info@ironchainplatform.com,https://ironchainplatform.com,56,Austin,US,2026-06-06 01:02:38
2026-06-06,MSP Platform,TidalNodeSoft,704-538-8253,info@tidalnodesoft.io,https://www.tidalnodesoft.io,46,Phoenix,US,2026-06-06 04:40:54
2026-06-06,ERP,SolidChainLogic,870-695-2025,sales@solidchainlogic.com,solidchainlogic.com,38,Manchester,UK,2026-06-06 01:57:13
2026-06-06,ERP,Core ChainSystems,08095941911,contact@corechainsystems.com,https://www.corechainsystems.com,14,Columbus,US,2026-06-06 02:18:03
2026-06-06,ERP,QuantumLedger Solutions,881-615-7189,contact@quantumledgersolutions.com,https://www.quantumledgersolutions.com,179,Manchester,UK,2026-06-06 02:20:51
2026-06-06,LMS,MosaicCourseSoft,1-751-677-0696,contact@mosaiccoursesoft.com,mosaiccoursesoft.com,189,Seattle,US,2026-06-06 02:37:16
2026-06-06,MSP Platform,Anchor StackSync,500-281-9738,hello@anchorstacksync.com,anchorstacksync.com,47,Vancouver,CA,2026-06-06 01:14:09
2026-06-06,HR,Pivot TeamDesk,489.618.6973,hello@pivotteamdesk.com,https://pivotteamdesk.com,15,Amsterdam,NL,2026-06-06 06:08:23
2026-06-06,ERP,MetaPlan Point,+15886407973,sales@metaplanpoint.net,metaplanpoint.net,474,Austin,US,2026-06-06 01:26:38
2026-06-06,Legal,KeystoneFiling Hub,4213663638,info@keystonefilinghub.com,https://www.keystonefilinghub.com,156,Tampa,US,2026-06-06 04:05:56
2026-06-06,ERP,Juniper Chain Talent Agency,(819) 994-0760,info@juniperchaintalentagency.co,juniperchaintalentagency.co,85,Boston,US,2026-06-06 02:55:23
2026-06-06,ERP,SilverPlan Sphere,864-549-4117,info@silverplansphere.io,https://www.silverplansphere.io,20,Columbus,US,2026-06-06 04:12:37
2026-06-06,Medical,BluePatient Base,1-736-368-9542,hello@bluepatientbase.com,https://www.bluepatientbase.com,455,Melbourne,AU,2026-06-06 01:39:55
2026-06-06,HR,RidgewayPeopleSync,(384) 221-7817,sales@ridgewaypeoplesync.com,https://www.ridgewaypeoplesync.com,16,Phoenix,US,2026-06-06 02:27:23
2026-06-06,ERP,BrightLedger Dynamics,5939631214,contact@brightledgerdynamics.com,https://www.brightledgerdynamics.com,15,Calgary,CA,2026-06-06 05:51:27
2026-06-06,ERP,Falcon LedgerSuite,214-290-1059,info@falconledgersuite.io,https://www.falconledgersuite.io,47,Hyderabad,IN,2026-06-06 02:26:15
2026-06-06,Legal,AnchorFilingSoft,783-561-2402,contact@anchorfilingsoft.com,https://anchorfilingsoft.com,17,Melbourne,AU,2026-06-06 03:45:35
2026-06-06,ERP,AltaForgeDesk,5633863497,contact@altaforgedesk.com,https://altaforgedesk.com,98,Seattle,US,2026-06-06 05:47:54
2026-06-06,Legal,LatticeClause Core,763-803-2613,contact@latticeclausecore.com,https://latticeclausecore.com,213,Tampa,US,2026-06-06 05:33:35
2026-06-06,Legal,Core Clause Consultants,785-757-7430,sales@coreclauseconsultants.io,https://www.coreclauseconsultants.io,21,Sydney,AU,2026-06-06 04:32:57
2026-06-06,Legal,FusionCounselHub,(454) 452-5315,-,https://www.fusioncounselhub.com,33,Atlanta,US,2026-06-06 05:08:23
2026-06-06,HR,Lattice ShiftBase,659-335-2974,hello@latticeshiftbase.net,https://www.latticeshiftbase.net,42,Leeds,UK,2026-06-06 01:10:05
2026-06-06,HR,ZephyrTeamSuite,+16594868046,sales@zephyrteamsuite.io,zephyrteamsuite.io,401,Chicago,US,2026-06-06 02:57:56
2026-06-06,Medical,CrownHealthDesk,+18188239577,contact@crownhealthdesk.com,crownhealthdesk.com,40,Vancouver,CA,2026-06-06 02:00:13
2026-06-06,Legal,True MatterTech,2634576310 ext. 83,info@truemattertech.com,truemattertech.com,293,Manchester,UK,2026-06-06 06:08:20
2026-06-06,Legal,BrightClausePlatform,1-950-806-1134 ext. 17,sales@brightclauseplatform.io,https://www.brightclauseplatform.io,11,Toronto,CA,2026-06-06 06:05:19
2026-06-06,Medical,AtlasHealth Sphere,+17486909346,hello@atlashealthsphere.net,https://www.atlashealthsphere.net,22,Vancouver,CA,2026-06-06 06:04:06
2026-06-06,Medical,VertexPulse Point,4573998420,info@vertexpulsepoint.net,https://www.vertexpulsepoint.net,86,Munich,DE,2026-06-06 05:16:48
2026-06-06,MSP Platform,TidalNode Tech,468.678.2417,info@tidalnodetech.io,https://www.tidalnodetech.io,67,Manchester,UK,2026-06-06 05:03:38
2026-06-06,ERP,Omni FinApp,+12536783869,contact@omnifinapp.com,https://omnifinapp.com,30,Denver,US,2026-06-06 02:59:03
2026-06-06,ERP,Arch StockLogic,2695084851,info@archstocklogic.io,https://www.archstocklogic.io,545,Raleigh,US,2026-06-06 01:20:25
2026-06-06,Legal,LatticeDocket Logic,05475146964,hello@latticedocketlogic.com,https://www.latticedocketlogic.com,158,Singapore,SG,2026-06-06 06:42:23
2026-06-06,Medical,Bold PatientSolutions,566-408-2070 ext. 14,N/A,https://boldpatientsolutions.com,178,Toronto,CA,2026-06-06 05:12:04
2026-06-06,LMS,Blue PerformSystems,7383012237,info@blueperformsystems.com,https://www.blueperformsystems.com,N/A,Leeds,UK,2026-06-06 05:32:55
2026-06-06,Medical,VertexHealthDynamics,986-648-6197,info@vertexhealthdynamics.com,vertexhealthdynamics.com,21,London,UK,2026-06-06 05:48:25
2026-06-06,MSP Platform,ArchTicket Flow,(211) 598-0803 ext. 44,sales@archticketflow.net,https://www.archticketflow.net,442,Austin,US,2026-06-06 01:56:57
2026-06-06,MSP Platform,Vista NodeCore,+13349604155,contact@vistanodecore.net,https://www.vistanodecore.net,320,Munich,DE,2026-06-06 02:38:14
2026-06-06,Medical,ClearPatient Platform,(359) 411-0909,sales@clearpatientplatform.co,https://clearpatientplatform.co,42,Austin,US,2026-06-06 05:43:49
2026-06-06,LMS,Summit CoursePlatform,6896054822,hello@summitcourseplatform.com,https://www.summitcourseplatform.com,26,Denver,US,2026-06-06 04:03:29
2026-06-06,Medical,AtlasChart Soft,688-312-5465 ext. 50,null,https://atlaschartsoft.com,18,Seattle,US,2026-06-06 02:04:33
2026-06-06,HR,CrestCulture Hub,+1 (678) 846-5475,sales@crestculturehub.io,https://crestculturehub.io,155,Hyderabad,IN,2026-06-06 04:54:31
2026-06-06,ERP,Clear ResourceLogic,+18075579878 ext. 6,sales@clearresourcelogic.com,clearresourcelogic.com,257,Karachi,PK,2026-06-06 02:04:10
2026-06-06,HR,Crest PerformSphere,+1 (848) 887-3136,contact@crestperformsphere.com,https://crestperformsphere.com,6,Raleigh,US,2026-06-06 01:10:32
2026-06-06,MSP Platform,SolidPatch Dynamics,8863141598,contact@solidpatchdynamics.com,https://solidpatchdynamics.com,24,Phoenix,US,2026-06-06 06:21:11
2026-06-06,HR,GoldenPerformLogic,7964088737,sales@goldenperformlogic.io,https://www.goldenperformlogic.io,30,Raleigh,US,2026-06-06 02:39:25
2026-06-06,ERP,LatticePlanWorks,+13539964530 ext. 76,N/A,https://www.latticeplanworks.com,97,Leeds,UK,2026-06-06 04:03:31
2026-06-06,Medical,PivotPulse Sync,+1 (309) 399-3883 ext. 99,contact@pivotpulsesync.net,https://pivotpulsesync.net,6,Dublin,IE,2026-06-06 02:15:40
2026-06-06,MSP Platform,Arch EndpointApp,737-624-2904,sales@archendpointapp.com,https://archendpointapp.com,260,Boston,US,2026-06-06 05:21:22
2026-06-06,MSP Platform,AnchorPatch Solutions,673-585-1693,contact@anchorpatchsolutions.io,https://www.anchorpatchsolutions.io,21,Chicago,US,2026-06-06 01:03:13
2026-06-06,Medical,LatticePulse Suite,+1 (201) 868-7969,hello@latticepulsesuite.com,https://www.latticepulsesuite.com,65,Chicago,US,2026-06-06 01:11:00
2026-06-06,ERP,Tidal ChainPlatform,08105275542,info@tidalchainplatform.com,https://tidalchainplatform.com,10,Hyderabad,IN,2026-06-06 06:51:03
2026-06-06,Medical,Lumen ChartSuite,289-638-8429,sales@lumenchartsuite.net,lumenchartsuite.net,146,Hyderabad,IN,2026-06-06 01:48:30
2026-06-06,ERP,PolarisStockSphere,1-408-707-6891,sales@polarisstocksphere.com,https://www.polarisstocksphere.com,22,,AU,2026-06-06 06:29:01
2026-06-06,MSP Platform,MetaNetHub,207.221.3984,sales@metanethub.com,https://www.metanethub.com,189,Amsterdam,NL,2026-06-06 05:51:38
2026-06-06,ERP,Nimbus BatchWorks,+19838581476,sales@nimbusbatchworks.io,https://www.nimbusbatchworks.io,21,Lahore,PK,2026-06-06 03:41:47
2026-06-06,Legal,ArchCase Cloud,277-798-2483,contact@archcasecloud.com,https://archcasecloud.com,291,Tampa,US,2026-06-06 01:24:36
2026-06-06,HR,BoldPayrollCloud,5036789484,contact@boldpayrollcloud.com,https://www.boldpayrollcloud.com,124,Columbus,US,2026-06-06 02:05:11
2026-06-06,LMS,WillowLessonLogic,(585) 310-5889 ext. 74,info@willowlessonlogic.com,willowlessonlogic.com,87,Denver,US,2026-06-06 06:12:01
2026-06-06,MSP Platform,Summit TicketWorks,+1 (658) 326-8590,hello@summitticketworks.com,https://www.summitticketworks.com,97,Calgary,CA,2026-06-06 02:43:23
2026-06-06,MSP Platform,Mosaic UptimeDynamics,635-529-8631,info@mosaicuptimedynamics.com,https://www.mosaicuptimedynamics.com,499,Denver,US,2026-06-06 06:45:45
2026-06-06,Medical,VertexHealth Sphere,597-869-0147 ext. 86,contact@vertexhealthsphere.net,https://www.vertexhealthsphere.net,32,Chicago,US,2026-06-06 02:38:41
2026-06-06,MSP Platform,VeloNodeFlow,+14305773158,sales@velonodeflow.com,https://www.velonodeflow.com,448,Amsterdam,NL,2026-06-06 02:00:39
2026-06-06,MSP Platform,Prime RemoteCore,494-921-2600,sales@primeremotecore.com,https://www.primeremotecore.com,878,Atlanta,US,2026-06-06 01:01:57
2026-06-06,Medical,Alta ChartDynamics,663-957-2507,sales@altachartdynamics.net,https://www.altachartdynamics.net,8,Munich,DE,2026-06-06 05:22:08
2026-06-06,ERP,PivotFin Core,284-925-3925,hello@pivotfincore.com,https://pivotfincore.com,479,Boston,US,2026-06-06 03:33:44
2026-06-06,Medical,NorthChartLogic,732-369-4730 ext. 50,hello@northchartlogic.com,https://www.northchartlogic.com,10,Bengaluru,IN,2026-06-06 03:04:20
2026-06-06,LMS,WillowPathCore,525.921.2056,sales@willowpathcore.com,willowpathcore.com,11,Austin,US,2026-06-06 03:05:10
2026-06-06,MSP Platform,OrbitNet Platform,8122016970,info@orbitnetplatform.net,https://www.orbitnetplatform.net,4728,Toronto,CA,2026-06-06 04:17:40
2026-06-06,MSP Platform,Pioneer TicketWorks,+15636426419,info@pioneerticketworks.com,https://www.pioneerticketworks.com,119,Manchester,UK,2026-06-06 03:27:37
2026-06-06,Legal,AnchorFiling Point,+16616512861,contact@anchorfilingpoint.io,https://www.anchorfilingpoint.io,35,Manchester,UK,2026-06-06 01:53:39
2026-06-06,ERP,GraniteOrder Core,927.823.5223 ext. 48,hello@graniteordercore.com,https://www.graniteordercore.com,49,Atlanta,US,2026-06-06 06:01:41
2026-06-06,HR,Juniper BenefitDesk,894-449-4040,info@juniperbenefitdesk.io,https://www.juniperbenefitdesk.io,122,Atlanta,US,2026-06-06 03:45:57
2026-06-06,ERP,Summit OpsSphere,6426649535,info@summitopssphere.io,https://www.summitopssphere.io,408,Pune,IN,2026-06-06 04:40:47
2026-06-06,Legal,ZephyrCompliDynamics,870.454.4109,info@zephyrcomplidynamics.net,https://zephyrcomplidynamics.net,18,Columbus,US,2026-06-06 03:59:15
2026-06-06,Medical,TrueHealthSphere,754.972.6701,sales@truehealthsphere.io,https://www.truehealthsphere.io,120,Manchester,UK,2026-06-06 05:11:39
2026-06-06,Medical,Summit CareDesk,+17957825658,sales@summitcaredesk.com,https://www.summitcaredesk.com,14,Dublin,IE,2026-06-06 01:36:23
2026-06-06,HR,OrbitPerformSphere,(849) 230-3584,sales@orbitperformsphere.com,https://www.orbitperformsphere.com,10,Raleigh,US,2026-06-06 05:16:07
2026-06-06,ERP,ArchFin Suite,(891) 777-9357,sales@archfinsuite.com,https://archfinsuite.com,356,Melbourne,AU,2026-06-06 01:16:02
2026-06-06,HR,Onyx TeamSync,+12676068415,contact@onyxteamsync.com,https://onyxteamsync.com,445,Leeds,UK,2026-06-06 01:18:58
2026-06-06,MSP Platform,ZenNode Sync,1-857-627-7681,hello@zennodesync.io,https://zennodesync.io,615,Austin,US,2026-06-06 02:01:03
2026-06-06,Legal,North MatterDynamics,+14634996410,hello@northmatterdynamics.com,https://northmatterdynamics.com,34,Chicago,US,2026-06-06 02:09:59
2026-06-06,HR,OnyxTalentSuite,934-550-4245,sales@onyxtalentsuite.net,https://www.onyxtalentsuite.net,3815,Columbus,US,2026-06-06 02:21:03
2026-06-06,Medical,Meta HealthSuite,752-276-3247 ext. 93,hello@metahealthsuite.com,https://www.metahealthsuite.com,607,Chicago,US,2026-06-06 02:44:38
2026-06-06,MSP Platform,RidgewayTicket Sphere,06252197771,contact@ridgewayticketsphere.co,https://ridgewayticketsphere.co,50,Tampa,US,2026-06-06 04:35:53
2026-06-06,HR,Blue PerformSystems,1-738-301-2237,info@blueperformsystems.com,https://blueperformsystems.com,28,Leeds,UK,2026-06-06 01:11:21
2026-06-06,Medical,LumenTriage Tech,(438) 887-3648,sales@lumentriagetech.io,https://www.lumentriagetech.io,210,Karachi,PK,2026-06-06 05:29:10
2026-06-06,MSP Platform,Blue StackSystems,6594566220,sales@bluestacksystems.com,https://bluestacksystems.com,89,Denver,US,2026-06-06 06:01:48
2026-06-06,HR,Bold TalentApp,(499) 624-1234,hello@boldtalentapp.com,https://boldtalentapp.com,11,Boston,US,2026-06-06 06:22:30
2026-06-06,Medical,CrownCare Base,1-412-745-4703,info@crowncarebase.co,https://www.crowncarebase.co,9,Columbus,US,2026-06-06 05:06:26
2026-06-06,HR,Halo OnboardBase,650-766-6055,hello@haloonboardbase.io,https://haloonboardbase.io,37,Toronto,CA,2026-06-06 01:19:16
2026-06-06,HR,Crest PerformDynamics,390-380-9108,info@crestperformdynamics.com,https://www.crestperformdynamics.com,12,Lahore,PK,2026-06-06 04:00:04
2026-06-06,LMS,Iron CourseCore,902-577-5244,N/A,https://ironcoursecore.com,992,Berlin,DE,2026-06-06 03:34:01
2026-06-06,HR,Ridgeway RosterCore,+19642801822,contact@ridgewayrostercore.com,https://www.ridgewayrostercore.com,490,Vancouver,CA,2026-06-06 04:04:25
2026-06-06,Medical,CobaltMedCore,551-726-6583,hello@cobaltmedcore.com,https://www.cobaltmedcore.com,199,Chicago,US,2026-06-06 03:58:06
2026-06-06,HR,JuniperBenefitSphere,485-471-9629,sales@juniperbenefitsphere.io,https://juniperbenefitsphere.io,15,Phoenix,US,2026-06-06 04:00:55
2026-06-06,Legal,Halo FilingSync,03173119982,sales@halofilingsync.com,https://www.halofilingsync.com,22,London,UK,2026-06-06 05:40:35
2026-06-06,HR,HaloPlanCloud,1-500-360-1530,info@haloplancloud.net,https://www.haloplancloud.net,97,Seattle,US,2026-06-06 05:21:42
2026-06-06,HR,Willow OnboardCloud,+13803901383,hello@willowonboardcloud.io,https://www.willowonboardcloud.io,883,Denver,US,2026-06-06 03:21:16
2026-06-06,HR,VistaTeam Platform,+17646372067,hello@vistateamplatform.com,https://vistateamplatform.com,8,Raleigh,US,2026-06-06 02:04:06
2026-06-06,ERP,Zen Ledger Staffing,+16338985863,hello@zenledgerstaffing.io,zenledgerstaffing.io,73,Raleigh,US,2026-06-06 06:02:20
2026-06-06,MSP Platform,Pivot RemoteLabs,742-391-7482,sales@pivotremotelabs.com,https://www.pivotremotelabs.com,13,Toronto,CA,2026-06-06 02:46:47
2026-06-06,MSP Platform,Indigo Remote Outsourcing,641.268.6912,info@indigoremoteoutsourcing.com,https://indigoremoteoutsourcing.com,49,Columbus,US,2026-06-06 03:43:54
2026-06-06,MSP Platform,MosaicNodeSystems,503-417-6225,sales@mosaicnodesystems.net,mosaicnodesystems.net,44,Austin,US,2026-06-06 01:59:06
2026-06-06,HR,Polaris PeopleFlow,+16163902987,contact@polarispeopleflow.io,https://www.polarispeopleflow.io,75,Tampa,US,2026-06-06 03:11:24
2026-06-06,MSP Platform,Halo NodePlatform,(607) 453-4089,sales@halonodeplatform.co,https://www.halonodeplatform.co,12,Austin,US,2026-06-06 02:29:41
2026-06-06,Medical,Lumen RxPlatform,561.700.0636,sales@lumenrxplatform.net,lumenrxplatform.net,57,Seattle,US,2026-06-06 05:09:19
2026-06-06,HR,UmbraPerform Solutions,(321) 928-3630,contact@umbraperformsolutions.net,https://www.umbraperformsolutions.net,1464,Seattle,US,2026-06-06 01:28:38
2026-06-06,MSP Platform,DeltaPatch Systems,+14838540370,info@deltapatchsystems.com,https://www.deltapatchsystems.com,204,Tampa,US,2026-06-06 02:22:12
2026-06-06,Legal,SableClause Logic,1-822-262-9131,contact@sableclauselogic.net,https://sableclauselogic.net,82,Dublin,IE,2026-06-06 06:07:53
2026-06-06,HR,CoreRoster Systems,+18477470466,info@corerostersystems.com,corerostersystems.com,46,Raleigh,US,2026-06-06 05:24:30
2026-06-06,HR,AtlasPeoplePoint,04097792557,sales@atlaspeoplepoint.com,https://www.atlaspeoplepoint.com,137,Raleigh,US,2026-06-06 06:28:16
2026-06-06,Medical,OmniClinicCore,6824121424,sales@omnicliniccore.net,https://www.omnicliniccore.net,14,Vancouver,CA,2026-06-06 03:51:44
2026-06-06,ERP,IndigoBatch Suite,+1 (827) 600-6515,info@indigobatchsuite.io,https://www.indigobatchsuite.io,18,Raleigh,US,2026-06-06 04:03:44
2026-06-06,ERP,Atlas Stock BPO Services,561-846-5719,contact@atlasstockbposervices.io,https://www.atlasstockbposervices.io,217,Raleigh,US,2026-06-06 01:55:25
2026-06-06,Medical,Summit ClinicLogic,+19569670711,contact@summitcliniclogic.net,summitcliniclogic.net,70,Tampa,US,2026-06-06 05:54:45
2026-06-06,Medical,QuantumMedDynamics,1-982-812-8422,sales@quantummeddynamics.co,https://www.quantummeddynamics.co,29,Denver,US,2026-06-06 06:17:18
2026-06-06,Medical,DeltaCareLabs,1-271-642-7235,info@deltacarelabs.com,https://www.deltacarelabs.com,76,Columbus,US,2026-06-06 05:54:01
2026-06-06,ERP,VistaFin Soft,1-691-758-0461,sales@vistafinsoft.net,https://www.vistafinsoft.net,20,Leeds,UK,2026-06-06 01:22:14
2026-06-06,HR,ClearShiftApp,366-963-9117,info@clearshiftapp.com,https://clearshiftapp.com,38,Atlanta,US,2026-06-06 05:53:45
2026-06-06,HR,Ridgeway CultureSphere,3757770018,info@ridgewayculturesphere.io,https://www.ridgewayculturesphere.io,13,Manchester,UK,2026-06-06 06:26:55
2026-06-06,ERP,HaloResourceLabs,1-800-785-7409,info@haloresourcelabs.com,https://haloresourcelabs.com,8,Austin,US,2026-06-06 06:01:42
2026-06-06,MSP Platform,Apex GridDesk,899-746-5896,hello@apexgriddesk.com,https://apexgriddesk.com,93,Boston,US,2026-06-06 03:27:25
2026-06-06,MSP Platform,ZephyrNodeTech,668-786-7949 ext. 53,sales@zephyrnodetech.com,https://www.zephyrnodetech.com,46,Atlanta,US,2026-06-06 06:23:38
2026-06-06,ERP,HarborChainCloud,+1 (554) 245-5717,contact@harborchaincloud.io,https://harborchaincloud.io,280,Toronto,CA,2026-06-06 01:26:57
2026-06-06,ERP,Juniper FinTech,267-983-6949,contact@juniperfintech.io,juniperfintech.io,89,Calgary,CA,2026-06-06 06:42:47
2026-06-06,Medical,Meta PatientPoint,664-629-2455,sales@metapatientpoint.com,https://www.metapatientpoint.com,5,Chicago,US,2026-06-06 05:28:10
2026-06-06,Medical,HarborMed Tech,1-761-229-7101,info@harbormedtech.com,https://harbormedtech.com,44,Atlanta,US,2026-06-06 06:05:57
2026-06-06,Medical,RavenHealthDesk,1-795-891-8239,contact@ravenhealthdesk.com,ravenhealthdesk.com,143,Islamabad,PK,2026-06-06 02:22:24
2026-06-06,HR,AltaCulture Hub,738-821-2294,info@altaculturehub.com,https://www.altaculturehub.com,18,Bengaluru,IN,2026-06-06 04:25:50
2026-06-06,Medical,CrestRx Core,+1 (985) 323-3122,info@crestrxcore.com,https://www.crestrxcore.com,55,Columbus,US,2026-06-06 03:33:50
2026-06-06,ERP,GraniteResourcePoint,828.438.6096,info@graniteresourcepoint.com,https://graniteresourcepoint.com,67,Chicago,US,2026-06-06 05:37:59
2026-06-06,Medical,Delta PulsePoint,+13566575289 ext. 88,contact@deltapulsepoint.com,https://www.deltapulsepoint.com,N/A,Atlanta,US,2026-06-06 06:58:00
2026-06-06,MSP Platform,AnchorEndpoint Sphere,326.418.2182,hello@anchorendpointsphere.com,https://anchorendpointsphere.com,550,Columbus,US,2026-06-06 03:15:28
2026-06-06,MSP Platform,MetaPatch Labs,643.724.6376,sales@metapatchlabs.io,https://www.metapatchlabs.io,9,Melbourne,AU,2026-06-06 01:55:28
2026-06-06,ERP,SilverChain Desk,(670) 227-2805,info@silverchaindesk.com,https://www.silverchaindesk.com,8,Dublin,IE,2026-06-06 05:34:35
2026-06-06,ERP,BrightForgeLogic,633-770-7572,-,brightforgelogic.com,411,Manchester,UK,2026-06-06 02:42:44
2026-06-06,Medical,JuniperChartFlow,814-836-8386,info@juniperchartflow.com,https://www.juniperchartflow.com,9,Dublin,IE,2026-06-06 01:45:43
2026-06-06,ERP,QuantumOrder Tech,3845470935,info@quantumordertech.com,https://quantumordertech.com,48,Sydney,AU,2026-06-06 06:54:40
2026-06-06,ERP,RidgeOrder Cloud,+19745890900,contact@ridgeordercloud.com,https://ridgeordercloud.com,914,Toronto,CA,2026-06-06 03:07:28
2026-06-06,HR,Anchor TeamHub,1-238-529-9068,hello@anchorteamhub.com,https://www.anchorteamhub.com,12,Atlanta,US,2026-06-06 02:30:06
2026-06-06,ERP,FusionForgeSuite,1-331-695-8037,sales@fusionforgesuite.io,https://www.fusionforgesuite.io,38,Austin,US,2026-06-06 06:17:34
2026-06-06,ERP,AnchorStockSphere,(363) 951-4558,contact@anchorstocksphere.com,https://anchorstocksphere.com,36,Denver,US,2026-06-06 03:17:56
2026-06-06,HR,CedarPeople Suite,(659) 779-6479,hello@cedarpeoplesuite.com,https://cedarpeoplesuite.com,40,Phoenix,US,2026-06-06 01:43:35
2026-06-06,Legal,SableVerdictSolutions,(281) 936-9068,info@sableverdictsolutions.io,https://www.sableverdictsolutions.io,21,Columbus,US,2026-06-06 03:53:44
2026-06-06,ERP,AnchorFin Suite,4275532047,sales@anchorfinsuite.co,https://anchorfinsuite.co,11,Amsterdam,NL,2026-06-06 01:20:28
2026-06-06,ERP,North Ops Consultants,6862449604,hello@northopsconsultants.io,northopsconsultants.io,3880,Phoenix,US,2026-06-06 05:48:36
2026-06-06,MSP Platform,Golden NodeSuite,+18823405277,info@goldennodesuite.com,goldennodesuite.com,449,Atlanta,US,2026-06-06 01:16:59
2026-06-06,ERP,FusionOrderCore,(522) 304-7834,hello@fusionordercore.io,https://www.fusionordercore.io,180,Phoenix,US,2026-06-06 06:02:11
2026-06-06,Medical,CedarCare Sync,786.509.1569,info@cedarcaresync.net,https://cedarcaresync.net,902,Vancouver,CA,2026-06-06 04:41:46
2026-06-06,MSP Platform,ZenGridCloud,7339350383,contact@zengridcloud.com,https://www.zengridcloud.com,380,Austin,US,2026-06-06 06:42:28
2026-06-06,HR,OmniTeam Cloud,(291) 501-8027,contact@omniteamcloud.net,https://www.omniteamcloud.net,22,Raleigh,US,2026-06-06 04:53:40
2026-06-06,LMS,OnyxCohort Works,980-227-6805,sales@onyxcohortworks.com,https://onyxcohortworks.com,96,Boston,US,2026-06-06 01:28:15
2026-06-06,Medical,RapidCarePlatform,(676) 737-7426,-,rapidcareplatform.co,12,Islamabad,PK,2026-06-06 04:41:09
2026-06-06,Legal,SummitCase Platform,258-833-9468,info@summitcaseplatform.com,https://www.summitcaseplatform.com,20,Manchester,UK,2026-06-06 01:29:08
2026-06-06,HR,GraniteRoster Base,253.467.4777,info@graniterosterbase.io,graniterosterbase.io,20,Denver,US,2026-06-06 02:32:37
2026-06-06,Medical,Indigo PatientApp,(484) 675-6522,sales@indigopatientapp.com,https://indigopatientapp.com,15,Atlanta,US,2026-06-06 06:05:53
2026-06-06,MSP Platform,Arch PatchLogic,1-872-963-0078,info@archpatchlogic.com,https://www.archpatchlogic.com,99,Berlin,DE,2026-06-06 03:32:23
2026-06-06,Medical,DeltaPlan Cloud,+14262699968,contact@deltaplancloud.io,deltaplancloud.io,638,Seattle,US,2026-06-06 02:34:50
2026-06-06,ERP,Crest StockSolutions,+12555921631,info@creststocksolutions.com,https://www.creststocksolutions.com,-,Sydney,AU,2026-06-06 03:20:27
2026-06-06,LMS,UmbraTutor Sphere,(693) 388-0488,hello@umbratutorsphere.com,https://www.umbratutorsphere.com,696,Columbus,US,2026-06-06 06:56:40
2026-06-06,ERP,Juniper MonitorSync,9709059467,contact@junipermonitorsync.net,https://www.junipermonitorsync.net,14,Dublin,IE,2026-06-06 02:36:12
2026-06-06,Legal,IndigoCompliSoft,7735302280,hello@indigocomplisoft.com,indigocomplisoft.com,6,Atlanta,US,2026-06-06 01:58:27
2026-06-06,Legal,EmberClauseHub,1-750-599-5747,hello@emberclausehub.io,https://emberclausehub.io,19,null,UK,2026-06-06 06:59:23
2026-06-06,ERP,SummitFin Cloud,+1 (237) 616-7273,info@summitfincloud.com,https://summitfincloud.com,596,Bengaluru,IN,2026-06-06 04:39:14
2026-06-06,Medical,NovaCareSuite,+14549001644,info@novacaresuite.io,https://www.novacaresuite.io,142,Bengaluru,IN,2026-06-06 05:08:34
2026-06-06,Medical,Summit MedSuite,+17066274610,sales@summitmedsuite.io,https://www.summitmedsuite.io,200,Tampa,US,2026-06-06 04:39:06
2026-06-06,Medical,TrueVital Systems,1-863-638-4583,contact@truevitalsystems.co,https://www.truevitalsystems.co,38,Atlanta,US,2026-06-06 04:00:22
2026-06-06,ERP,True StockSoft,2222515336,hello@truestocksoft.com,https://www.truestocksoft.com,37,Amsterdam,NL,2026-06-06 06:44:17
2026-06-06,MSP Platform,UmbraPatch Works,7309516885,hello@umbrapatchworks.com,https://www.umbrapatchworks.com,807,Tampa,US,2026-06-06 06:59:15
2026-06-06,Legal,BrightChart Sync,798-842-8826,info@brightchartsync.co,https://www.brightchartsync.co,17,Raleigh,US,2026-06-06 05:30:30
2026-06-06,MSP Platform,NimbusStack Labs,+15319137294,info@nimbusstacklabs.com,https://nimbusstacklabs.com,35,Dublin,IE,2026-06-06 05:57:47
2026-06-06,LMS,GoldenLearnHub,+1 (633) 556-1998,info@goldenlearnhub.co,https://www.goldenlearnhub.co,189,Berlin,DE,2026-06-06 05:32:51
2026-06-06,Legal,LatticeCompli Tech,6083423809,contact@latticecomplitech.com,https://latticecomplitech.com,196,Denver,US,2026-06-06 04:23:26
2026-06-06,MSP Platform,Orbit GridWorks,(466) 356-9948,hello@orbitgridworks.com,https://orbitgridworks.com,20,Tampa,US,2026-06-06 06:07:33
2026-06-06,MSP Platform,Halo StackSphere,+1 (527) 578-1475,sales@halostacksphere.com,https://www.halostacksphere.com,345,Vancouver,CA,2026-06-06 05:29:23
2026-06-06,Medical,Core ClinicSync,06788939014,contact@coreclinicsync.co,https://www.coreclinicsync.co,5,Columbus,US,2026-06-06 06:17:11
2026-06-06,ERP,Vista PlanLogic,(524) 402-6327 ext. 24,sales@vistaplanlogic.com,https://www.vistaplanlogic.com,47,Calgary,CA,2026-06-06 06:20:00
2026-06-06,Legal,Lumen MatterApp,(671) 965-1452,sales@lumenmatterapp.com,https://www.lumenmatterapp.com,-,Singapore,SG,2026-06-06 06:21:46
2026-06-06,Medical,True PulsePoint,919-483-4846,hello@truepulsepoint.io,https://www.truepulsepoint.io,18,Phoenix,US,2026-06-06 01:16:56
2026-06-06,MSP Platform,RidgewayTicket Core,+1 (561) 903-8542,hello@ridgewayticketcore.com,https://ridgewayticketcore.com,13,Lahore,PK,2026-06-06 05:06:46
2026-06-06,Legal,Zen VerdictDesk,341-707-5281,sales@zenverdictdesk.io,https://www.zenverdictdesk.io,308,Dublin,IE,2026-06-06 06:06:38
2026-06-06,ERP,TrueOpsSolutions,+1 (306) 603-9677,contact@trueopssolutions.io,https://www.trueopssolutions.io,19,Lahore,PK,2026-06-06 02:03:22
2026-06-06,HR,XenonTeamPlatform,1-535-206-9259,sales@xenonteamplatform.com,https://www.xenonteamplatform.com,242,Columbus,US,2026-06-06 01:49:56
2026-06-06,ERP,Crown LedgerCloud,+1 (252) 544-3661,hello@crownledgercloud.com,https://www.crownledgercloud.com,31,Singapore,SG,2026-06-06 03:47:45
2026-06-06,Legal,UmbraBrief’s Sync,(414) 573-6179,contact@umbrabriefsync.com,https://umbrabriefsync.com,29,Phoenix,US,2026-06-06 02:41:59
2026-06-06,Legal,AtlasLawBase,636-280-6338,,https://www.atlaslawbase.io,6,Amsterdam,NL,2026-06-06 03:58:52
2026-06-06,HR,Ridgeway PayrollSystems,530-374-1820,info@ridgewaypayrollsystems.com,https://www.ridgewaypayrollsystems.com,null,Austin,US,2026-06-06 04:47:29
2026-06-06,Medical,RidgePatient Soft,1-672-507-9492,info@ridgepatientsoft.com,https://ridgepatientsoft.com,74,Pune,IN,2026-06-06 05:56:55
2026-06-06,MSP Platform,Zephyr PatchSync,(487) 604-3262,info@zephyrpatchsync.co,https://www.zephyrpatchsync.co,45,Columbus,US,2026-06-06 05:15:20
2026-06-06,HR,VertexBenefit Dynamics,2743748356,contact@vertexbenefitdynamics.co,https://www.vertexbenefitdynamics.co,72,Manchester,UK,2026-06-06 03:36:59
2026-06-06,Legal,SableLaw Soft,1-684-893-3671,sales@sablelawsoft.co,https://www.sablelawsoft.co,78,Austin,US,2026-06-06 03:54:25
2026-06-06,Medical,Keystone TriageSoft,382-871-0201,sales@keystonetriagesoft.com,https://www.keystonetriagesoft.com,191,Denver,US,2026-06-06 04:20:48
2026-06-06,ERP,LumenPlan Core,434.260.6350,info@lumenplancore.com,lumenplancore.com,45,Phoenix,US,2026-06-06 04:01:23
2026-06-06,HR,BeaconPerformSystems,1-775-705-4221,contact@beaconperformsystems.com,https://beaconperformsystems.com,412,Hyderabad,IN,2026-06-06 01:07:14
2026-06-06,MSP Platform,ClearRemotePoint,+17108879289,contact@clearremotepoint.net,clearremotepoint.net,31,Raleigh,US,2026-06-06 06:22:11
2026-06-06,Medical,Meta TriageSystems,1-843-725-6635 ext. 24,hello@metatriagesystems.com,https://www.metatriagesystems.com,91,Chicago,US,2026-06-06 03:58:48
2026-06-06,ERP,CedarBatch’s Suite,943.848.8136,hello@cedarbatchsuite.com,https://www.cedarbatchsuite.com,22,Lahore,PK,2026-06-06 05:35:25
2026-06-06,MSP Platform,SummitMonitor Soft,(901) 396-0098,info@summitmonitorsoft.com,https://www.summitmonitorsoft.com,6,Karachi,PK,2026-06-06 03:33:59
2026-06-06,ERP,Rapid ChainTech,+18763362431,hello@rapidchaintech.com,https://rapidchaintech.com,944,Tampa,US,2026-06-06 04:00:01
2026-06-06,ERP,AltaLedgerFlow,422.351.0381,sales@altaledgerflow.com,https://www.altaledgerflow.com,33,Leeds,UK,2026-06-06 05:46:33
2026-06-06,HR,NorthPeopleLabs,579-688-6444 ext. 38,-,https://northpeoplelabs.com,22,Seattle,US,2026-06-06 02:39:16
2026-06-06,ERP,NimbusOpsDynamics,551.507.0331,null,https://www.nimbusopsdynamics.co,32,Columbus,US,2026-06-06 01:47:41
2026-06-06,ERP,Tidal StockLabs,(814) 862-9166,info@tidalstocklabs.net,https://www.tidalstocklabs.net,28,Atlanta,US,2026-06-06 03:42:54
2026-06-06,ERP,SableForge Dynamics,373.299.6383,sales@sableforgedynamics.co,https://www.sableforgedynamics.co,241,Boston,US,2026-06-06 03:29:12
2026-06-06,Medical,RavenRosterPoint,(811) 517-8673,-,https://www.ravenrosterpoint.co,3546,Singapore,SG,2026-06-06 05:06:12
2026-06-06,HR,IndigoTalent Core,861.827.8336,info@indigotalentcore.io,https://www.indigotalentcore.io,19,Raleigh,US,2026-06-06 03:56:30
2026-06-06,ERP,GoldenChain Tech,+1 (817) 663-1104,hello@goldenchaintech.com,https://www.goldenchaintech.com,25,Singapore,SG,2026-06-06 04:21:29
2026-06-06,Legal,Apex FilingWorks,696.444.0042,contact@apexfilingworks.io,https://www.apexfilingworks.io,908,Melbourne,AU,2026-06-06 03:33:44
2026-06-06,Medical,BrightRxSuite’s,(538) 463-8918 ext. 11,sales@brightrxsuite.com,brightrxsuite.com,475,Boston,US,2026-06-06 04:25:21
2026-06-06,HR,IronRoster Labs,+18444563118 ext. 31,sales@ironrosterlabs.com,https://www.ironrosterlabs.com,10,Atlanta,US,2026-06-06 03:17:24
2026-06-06,Legal,VistaFilingBase,1-902-921-9466,info@vistafilingbase.com,https://vistafilingbase.com,318,Bengaluru,IN,2026-06-06 01:30:52
2026-06-06,Medical,AltaChartCore,(611) 886-6077,info@altachartcore.net,https://altachartcore.net,6,Karachi,PK,2026-06-06 02:52:14
2026-06-06,ERP,Juniper StockPoint Inc.,1-859-660-1608,info@juniperstockpoint.net,https://www.juniperstockpoint.net,18,Islamabad,PK,2026-06-06 05:51:33
2026-06-06,Medical,QuartzClinicFlow,(775) 837-2537,sales@quartzclinicflow.com,https://www.quartzclinicflow.com,10,Sydney,AU,2026-06-06 02:31:40
2026-06-06,HR,TidalTeam Sphere,6437878141,sales@tidalteamsphere.com,https://www.tidalteamsphere.com,661,Boston,US,2026-06-06 06:31:03
2026-06-06,ERP,Willow ForgeSystems,553-713-7643,info@willowforgesystems.io,willowforgesystems.io,8,Amsterdam,NL,2026-06-06 02:36:54
2026-06-06,MSP Platform,Lumen NetWorks,6924567189,contact@lumennetworks.com,lumennetworks.com,209,Chicago,US,2026-06-06 02:16:34
2026-06-06,Legal,Summit CaseSoft,517-812-8883,info@summitcasesoft.com,https://www.summitcasesoft.com,1417,London,UK,2026-06-06 02:16:21
2026-06-06,Medical,Granite MedDynamics,+17142135665,sales@granitemeddynamics.com,https://www.granitemeddynamics.com,16,Melbourne,AU,2026-06-06 06:38:48
2026-06-06,Medical,OrbitHealth Base,881.967.1840,info@orbithealthbase.com,https://www.orbithealthbase.com,47,Singapore,SG,2026-06-06 04:38:44
2026-06-06,HR,Meta TalentBase,(516) 238-5976,contact@metatalentbase.com,https://www.metatalentbase.com,27,Vancouver,CA,2026-06-06 03:11:16
2026-06-06,Legal,IronBriefFlow,500-669-3995,info@ironbriefflow.io,ironbriefflow.io,N/A,Manchester,UK,2026-06-06 04:13:45
2026-06-06,ERP,SummitOps Cloud,228-367-2335,sales@summitopscloud.co,https://www.summitopscloud.co,404,Chicago,US,2026-06-06 03:11:14
2026-06-06,Medical,CrestPulse Platform,479.590.0571,hello@crestpulseplatform.com,https://www.crestpulseplatform.com,58,London,UK,2026-06-06 03:17:24
2026-06-06,MSP Platform,ZephyrUptime Labs,766-637-8568,sales@zephyruptimelabs.io,zephyruptimelabs.io,9,Raleigh,US,2026-06-06 02:29:36
2026-06-06,MSP Platform,ApexPatchLabs,(262) 639-9900,sales@apexpatchlabs.com,https://apexpatchlabs.com,355,Melbourne,AU,2026-06-06 06:32:47
2026-06-06,HR,LumenPayroll Solutions,6969195815,contact@lumenpayrollsolutions.io,https://lumenpayrollsolutions.io,201,Manchester,UK,2026-06-06 03:19:15
2026-06-06,ERP,VertexChainHub,(971) 203-0420,hello@vertexchainhub.com,https://www.vertexchainhub.com,685,Vancouver,CA,2026-06-06 06:09:50
2026-06-06,ERP,HaloPlanCloud,(500) 360-1530,info@haloplancloud.net,haloplancloud.net,97,Seattle,US,2026-06-06 01:59:46
2026-06-06,Medical,Ridgé PulseDynamics,249-665-6353,contact@ridgepulsedynamics.com,https://www.ridgepulsedynamics.com,44,Denver,US,2026-06-06 03:44:19
2026-06-06,Medical,XenonHealthBase,(421) 900-9057,hello@xenonhealthbase.com,https://www.xenonhealthbase.com,14,Columbus,US,2026-06-06 05:25:20
2026-06-06,ERP,Polaris PlanApp,836.362.2303,info@polarisplanapp.io,polarisplanapp.io,1326,Bengaluru,IN,2026-06-06 06:19:06
2026-06-06,Legal,Atlas ClauseSuite,(585) 433-2803,sales@atlasclausesuite.com,https://www.atlasclausesuite.com,13,Amsterdam,NL,2026-06-06 05:49:02
2026-06-06,LMS,RapidCourse Tech,07966057451,hello@rapidcoursetech.net,https://www.rapidcoursetech.net,10,Leeds,UK,2026-06-06 05:32:40
2026-06-06,ERP,Ridgeway OrderSphere,778-469-2813,contact@ridgewayordersphere.io,https://www.ridgewayordersphere.io,33,Seattle,US,2026-06-06 05:26:55
2026-06-06,HR,NorthRosterDynamics,09553295012,sales@northrosterdynamics.co,https://northrosterdynamics.co,55,Calgary,CA,2026-06-06 01:45:23
2026-06-06,ERP,RapidBatch Solutions,(271) 937-5853,,https://rapidbatchsolutions.com,35,Amsterdam,NL,2026-06-06 01:22:12
2026-06-06,HR,HaloPerformLabs,(225) 966-8650,sales@haloperformlabs.co,https://www.haloperformlabs.co,995,Seattle,US,2026-06-06 05:04:54
2026-06-06,ERP,Polaris OrderLogic,846-852-6196,sales@polarisorderlogic.com,https://www.polarisorderlogic.com,103,Leeds,UK,2026-06-06 02:16:40
2026-06-06,HR,SilverOnboard App,347-676-4218,sales@silveronboardapp.com,https://www.silveronboardapp.com,33,Raleigh,US,2026-06-06 04:40:33
2026-06-06,HR,MetaBenefit Base,+1 (667) 411-5156,hello@metabenefitbase.co,https://metabenefitbase.co,null,Raleigh,US,2026-06-06 02:56:59
2026-06-06,HR,Cobalt Payroll Consultants,728.964.5949,info@cobaltpayrollconsultants.com,https://www.cobaltpayrollconsultants.com,354,Phoenix,US,2026-06-06 06:14:04
2026-06-06,ERP,Blue LedgerTech,+12137276486,hello@blueledgertech.com,https://www.blueledgertech.com,12,Boston,US,2026-06-06 03:41:44
2026-06-06,ERP,NorthOps Flow,+1 (914) 928-4767,info@northopsflow.co,https://www.northopsflow.co,95,Amsterdam,NL,2026-06-06 02:12:12
2026-06-06,ERP,ArchOps Desk,+14138850179,contact@archopsdesk.com,archopsdesk.com,476,Atlanta,US,2026-06-06 03:31:11
2026-06-06,HR,Zephyr PerformCore,1-638-493-5546,,https://www.zephyrperformcore.io,14,Boston,US,2026-06-06 06:01:10
2026-06-06,Medical,RidgeMed Sphere,(810) 269-8096,contact@ridgemedsphere.io,ridgemedsphere.io,533,Lahore,PK,2026-06-06 06:10:32
2026-06-06,HR,ClearBenefit Base,8935568038,sales@clearbenefitbase.net,clearbenefitbase.net,11,Amsterdam,NL,2026-06-06 06:58:17
2026-06-06,ERP,Orbit ForgeTech,5747594748,sales@orbitforgetech.com,https://www.orbitforgetech.com,14,Atlanta,US,2026-06-06 05:24:46
2026-06-06,HR,BeaconOnboardLogic,(417) 977-2590,info@beacononboardlogic.com,https://beacononboardlogic.com,46,Austin,US,2026-06-06 06:24:53
2026-06-06,MSP Platform,Bold RemoteHub,+1 (697) 714-3285,sales@boldremotehub.co,https://boldremotehub.co,19,Austin,US,2026-06-06 01:36:22
2026-06-06,Legal,ZenClauseDynamics,(691) 338-9979,hello@zenclausedynamics.com,https://www.zenclausedynamics.com,35,Austin,US,2026-06-06 03:20:35
2026-06-06,Medical,LatticeChart Sync,410-764-8693,contact@latticechartsync.io,https://www.latticechartsync.io,20,Dublin,IE,2026-06-06 06:13:28
2026-06-06,Legal,SilverClause Cloud,+19539903038,sales@silverclausecloud.com,silverclausecloud.com,17,Chicago,US,2026-06-06 02:25:08
2026-06-06,MSP Platform,SolidEndpoint Base,(862) 564-2696,sales@solidendpointbase.io,https://www.solidendpointbase.io,61,Vancouver,CA,2026-06-06 04:01:01
2026-06-06,Medical,SolidClinic Flow,+18719765429,info@solidclinicflow.io,solidclinicflow.io,N/A,Melbourne,AU,2026-06-06 02:59:41
2026-06-06,ERP,BlueChain Logic,(637) 605-9302,sales@bluechainlogic.com,https://www.bluechainlogic.com,297,Tampa,US,2026-06-06 04:38:54
2026-06-06,MSP Platform,Beacon Ticket BPO Services,770.565.4679,info@beaconticketbposervices.co,https://www.beaconticketbposervices.co,8,Hyderabad,IN,2026-06-06 01:26:26
2026-06-06,Medical,LumenClinicSolutions,(499) 349-4667,info@lumenclinicsolutions.com,lumenclinicsolutions.com,7,Vancouver,CA,2026-06-06 05:14:47
2026-06-06,HR,RapidRoster Labs,+18913951961,hello@rapidrosterlabs.net,https://rapidrosterlabs.net,N/A,Boston,US,2026-06-06 01:06:04
2026-06-06,ERP,Polaris Chain Talent Agency,(335) 321-9137,sales@polarischaintalentagency.com,polarischaintalentagency.com,-,Calgary,CA,2026-06-06 01:35:06
2026-06-06,Legal,OmniFiling Flow,(243) 325-0283,info@omnifilingflow.com,https://www.omnifilingflow.com,462,Seattle,US,2026-06-06 04:56:28
2026-06-06,Legal,VeloCompliCloud,1-523-941-1169,hello@velocomplicloud.io,velocomplicloud.io,28,Chicago,US,2026-06-06 02:27:33
2026-06-06,Medical,HaloCareCloud,765-856-1110,hello@halocarecloud.io,https://halocarecloud.io,20,Phoenix,US,2026-06-06 04:54:42
2026-06-06,Medical,Halo Patient Manpower Services,956.625.1370,info@halopatientmanpowerservices.com,https://www.halopatientmanpowerservices.com,40,Karachi,PK,2026-06-06 03:00:51
2026-06-06,Medical,BoldTriage Suite,(367) 552-0057,contact@boldtriagesuite.com,boldtriagesuite.com,7,Chicago,US,2026-06-06 01:19:48
2026-06-06,ERP,Clear Resource Consultants,3858615384,contact@clearresourceconsultants.net,https://www.clearresourceconsultants.net,23,Columbus,US,2026-06-06 05:49:22
2026-06-06,ERP,JuniperResourceSystems,362-263-3478,contact@juniperresourcesystems.com,https://juniperresourcesystems.com,209,Calgary,CA,2026-06-06 05:27:14
2026-06-06,ERP,Cobalt OrderLabs,+1 (809) 341-4842,contact@cobaltorderlabs.com,https://www.cobaltorderlabs.com,217,Chicago,US,2026-06-06 02:33:46
2026-06-06,MSP Platform,RidgewayUptimeSphere,+19629857855,info@ridgewayuptimesphere.com,ridgewayuptimesphere.com,249,Atlanta,US,2026-06-06 02:40:35
2026-06-06,ERP,Mosaic OpsApp,(928) 642-6719,contact@mosaicopsapp.com,https://www.mosaicopsapp.com,2610,Columbus,US,2026-06-06 02:06:52
2026-06-06,Medical,Blue CareCore,768.970.0703,N/A,https://www.bluecarecore.io,79,Raleigh,US,2026-06-06 02:56:35
2026-06-06,ERP,Blue OrderSystems,(379) 204-7846,hello@blueordersystems.io,https://www.blueordersystems.io,18,Atlanta,US,2026-06-06 02:12:51
2026-06-06,ERP,Orbit LedgerBase,(907) 711-1613,hello@orbitledgerbase.io,https://www.orbitledgerbase.io,12,Denver,US,2026-06-06 04:39:49
2026-06-06,Medical,Ridgeway HealthDynamics,261.239.2095 ext. 83,hello@ridgewayhealthdynamics.com,https://ridgewayhealthdynamics.com,8,Singapore,SG,2026-06-06 04:15:04
2026-06-06,ERP,GraniteFin Core,+1 (389) 906-0576 ext. 47,contact@granitefincore.com,granitefincore.com,172,Columbus,US,2026-06-06 05:30:02
2026-06-06,Medical,Delta ChartTech,(236) 730-1090,hello@deltacharttech.com,https://www.deltacharttech.com,14,Austin,US,2026-06-06 04:32:58
2026-06-06,HR,CrownShiftSolutions,+15385878914,contact@crownshiftsolutions.com,https://www.crownshiftsolutions.com,99,Singapore,SG,2026-06-06 02:04:59
2026-06-06,HR,Lumen TalentLogic,(602) 927-6665 ext. 39,info@lumentalentlogic.io,https://www.lumentalentlogic.io,32,Columbus,US,2026-06-06 02:44:15
2026-06-06,MSP Platform,RapidNet Base,+14885332411,info@rapidnetbase.com,https://www.rapidnetbase.com,16,Berlin,DE,2026-06-06 02:49:50
2026-06-06,ERP,GoldenOpsDynamics,3685587115,N/A,https://www.goldenopsdynamics.net,424,Austin,US,2026-06-06 01:14:36
2026-06-06,HR,Omni TalentDesk,385-639-5726,info@omnitalentdesk.com,https://www.omnitalentdesk.com,3163,Chicago,US,2026-06-06 01:20:32
2026-06-06,MSP Platform,Golden EndpointFlow,(377) 525-3584,sales@goldenendpointflow.com,https://www.goldenendpointflow.com,119,Chicago,US,2026-06-06 01:21:44
2026-06-06,Medical,Cedar TalentLabs,886-927-6544,info@cedartalentlabs.com,https://www.cedartalentlabs.com,3134,Islamabad,PK,2026-06-06 01:25:56
2026-06-06,MSP Platform,OnyxNode Core Inc.,6927429618 ext. 98,hello@onyxnodecore.io,https://www.onyxnodecore.io,175,Raleigh,US,2026-06-06 04:42:08
2026-06-06,MSP Platform,RidgeMonitor App,+16943176464,info@ridgemonitorapp.com,https://www.ridgemonitorapp.com,7,Seattle,US,2026-06-06 01:34:27
2026-06-06,HR,Bright Talent Consultants,+13756611609 ext. 75,info@brighttalentconsultants.io,https://www.brighttalentconsultants.io,37,Denver,US,2026-06-06 02:32:38
2026-06-06,ERP,Meta ResourceDynamics,(779) 381-3332,sales@metaresourcedynamics.com,https://www.metaresourcedynamics.com,184,Phoenix,US,2026-06-06 04:46:54
2026-06-06,ERP,IndigoBatchPoint,(717) 351-7797,info@indigobatchpoint.co,https://www.indigobatchpoint.co,372,Berlin,DE,2026-06-06 04:15:33
2026-06-06,Legal,VertexCompliSync,441.493.3744,contact@vertexcomplisync.com,https://www.vertexcomplisync.com,58,Raleigh,US,2026-06-06 01:18:39
2026-06-06,ERP,MosaicStock Flow,420-912-2296,hello@mosaicstockflow.com,https://www.mosaicstockflow.com,91,Austin,US,2026-06-06 06:56:29
2026-06-06,ERP,Zephyr FinPoint,+12592629490,hello@zephyrfinpoint.io,https://www.zephyrfinpoint.io,37,Chicago,US,2026-06-06 03:04:05
2026-06-06,Medical,NorthChartCore,+15098076392,sales@northchartcore.io,https://northchartcore.io,254,Denver,US,2026-06-06 02:06:38
2026-06-06,Medical,SummitPulse Point,951-705-0706,contact@summitpulsepoint.com,https://www.summitpulsepoint.com,20,Denver,US,2026-06-06 02:00:00
2026-06-06,HR,Beacon PeopleLabs,(249) 355-5285,info@beaconpeoplelabs.com,https://www.beaconpeoplelabs.com,23,Tampa,US,2026-06-06 04:33:40
2026-06-06,HR,Silver RosterApp,293-610-1896,contact@silverrosterapp.com,https://silverrosterapp.com,85,Toronto,CA,2026-06-06 06:08:45
2026-06-06,Medical,RavenTriage Soft,801-310-6920,sales@raventriagesoft.com,raventriagesoft.com,,Raleigh,US,2026-06-06 01:18:03
2026-06-06,Legal,KeystoneVerdict Platform,(933) 597-1846,info@keystoneverdictplatform.io,https://www.keystoneverdictplatform.io,25,Austin,US,2026-06-06 04:59:36
2026-06-06,ERP,TrueForge Hub,+14272693771,contact@trueforgehub.com,https://www.trueforgehub.com,78,Boston,US,2026-06-06 01:56:04
2026-06-06,Legal,CedarLawBase,(347) 390-3412,hello@cedarlawbase.com,https://www.cedarlawbase.com,339,Dublin,IE,2026-06-06 06:11:02
2026-06-06,Medical,NorthVitalBase,705.383.5981 ext. 74,contact@northvitalbase.com,https://northvitalbase.com,28,Toronto,CA,2026-06-06 02:33:53
2026-06-06,MSP Platform,TrueEndpointCloud,+16278727331,info@trueendpointcloud.com,trueendpointcloud.com,16,Tampa,US,2026-06-06 03:57:03
2026-06-06,ERP,TidalOps Logic,1-225-707-5106,contact@tidalopslogic.io,https://www.tidalopslogic.io,20,Columbus,US,2026-06-06 01:01:10
2026-06-06,MSP Platform,OmniPatchSync,+15453120573,hello@omnipatchsync.io,https://www.omnipatchsync.io,748,Chicago,US,2026-06-06 05:45:25
2026-06-06,Medical,OrbitVitalCore,+1 (371) 294-8387,hello@orbitvitalcore.com,https://orbitvitalcore.com,141,Berlin,DE,2026-06-06 06:25:55
2026-06-06,Medical,Core TriageFlow,(423) 639-5514,info@coretriageflow.com,https://www.coretriageflow.com,177,Austin,US,2026-06-06 06:30:19
2026-06-06,Medical,BoldMed Desk,557.263.2499,contact@boldmeddesk.com,https://boldmeddesk.com,15,Raleigh,US,2026-06-06 04:22:21
2026-06-06,Medical,TidalPatientSoft,3939942165,info@tidalpatientsoft.com,tidalpatientsoft.com,883,Hyderabad,IN,2026-06-06 02:26:14
2026-06-06,ERP,ClearResource Suite,+12494128741,info@clearresourcesuite.net,https://www.clearresourcesuite.net,176,Dublin,IE,2026-06-06 03:09:01
2026-06-06,HR,WillowPayroll Flow,+14735380477,info@willowpayrollflow.com,willowpayrollflow.com,15,Tampa,US,2026-06-06 01:07:53
2026-06-06,ERP,SableBatchSolutions,(830) 401-5079,hello@sablebatchsolutions.com,https://sablebatchsolutions.com,85,Atlanta,US,2026-06-06 06:01:30
2026-06-06,MSP Platform,TidalRemoteTech,(642) 528-4276,contact@tidalremotetech.net,https://tidalremotetech.net,149,Atlanta,US,2026-06-06 02:19:13
2026-06-06,HR,Iron TeamDynamics,+15334497148,sales@ironteamdynamics.io,https://www.ironteamdynamics.io,73,Austin,US,2026-06-06 05:35:57
2026-06-06,ERP,Zephyr TriageSystems,330-921-4294,sales@zephyrtriagesystems.com,https://zephyrtriagesystems.com,128,Boston,US,2026-06-06 03:22:38
2026-06-06,MSP Platform,VertexStack Desk,+16654859642,sales@vertexstackdesk.com,vertexstackdesk.com,31,Tampa,US,2026-06-06 05:15:22
2026-06-06,MSP Platform,NimbusRemoteDynamics,1-846-668-3808,N/A,https://nimbusremotedynamics.io,27,London,UK,2026-06-06 01:49:02
2026-06-06,HR,DeltaPayrollSolutions,+19798935940,contact@deltapayrollsolutions.com,https://deltapayrollsolutions.com,360,,CA,2026-06-06 04:21:08
2026-06-06,MSP Platform,QuartzEndpoint Flow,(597) 257-3069,info@quartzendpointflow.com,https://www.quartzendpointflow.com,516,Denver,US,2026-06-06 05:25:27
2026-06-06,Medical,CrestPulseCore,(753) 899-0476,hello@crestpulsecore.io,https://crestpulsecore.io,7,Phoenix,US,2026-06-06 05:54:26
2026-06-06,ERP,HaloPlan Works,(256) 875-3074,hello@haloplanworks.com,https://www.haloplanworks.com,7,Chicago,US,2026-06-06 02:12:24
2026-06-06,ERP,Nimbus ResourceCore,(879) 616-1859,info@nimbusresourcecore.co,https://www.nimbusresourcecore.co,30,Munich,DE,2026-06-06 04:35:58
2026-06-06,HR,SilverTalentCore,1-796-340-1301,contact@silvertalentcore.com,https://www.silvertalentcore.com,776,Calgary,CA,2026-06-06 03:56:10
2026-06-06,Medical,AnchorRxSolutions,+1 (985) 355-8019,hello@anchorrxsolutions.com,https://anchorrxsolutions.com,2438,Leeds,UK,2026-06-06 03:56:31
2026-06-06,ERP,GraniteFin Labs,+1 (489) 512-9069,sales@granitefinlabs.io,granitefinlabs.io,50,Chicago,US,2026-06-06 03:27:02
2026-06-06,LMS,Raven TrainWorks,(401) 755-4407,info@raventrainworks.com,https://raventrainworks.com,120,Denver,US,2026-06-06 03:07:34
2026-06-06,ERP,Xenon OrderSoft,4762993324,sales@xenonordersoft.com,https://xenonordersoft.com,247,Columbus,US,2026-06-06 05:00:04
2026-06-06,HR,Falcon PeopleCloud,(648) 258-7989,info@falconpeoplecloud.io,https://falconpeoplecloud.io,69,Tampa,US,2026-06-06 04:21:28
2026-06-06,HR,Zephyr PerformHub,(446) 346-9776,info@zephyrperformhub.com,zephyrperformhub.com,152,Boston,US,2026-06-06 05:09:38
2026-06-06,ERP,PrimeForge Logic,(682) 701-4842,contact@primeforgelogic.com,primeforgelogic.com,187,Berlin,DE,2026-06-06 03:28:52
2026-06-06,HR,PioneerOnboardCloud,1-711-495-7376,hello@pioneeronboardcloud.com,https://www.pioneeronboardcloud.com,212,Pune,IN,2026-06-06 03:01:29
2026-06-06,ERP,LatticeChain Soft,1-669-445-5807,hello@latticechainsoft.com,latticechainsoft.com,41,Denver,US,2026-06-06 01:47:58
2026-06-06,ERP,Nova StockWorks,(612) 666-7074,info@novastockworks.io,novastockworks.io,330,Leeds,UK,2026-06-06 04:13:27
2026-06-06,ERP,FusionLedger Solutions,(520) 388-5346,sales@fusionledgersolutions.com,https://www.fusionledgersolutions.com,N/A,Seattle,US,2026-06-06 03:46:01
2026-06-06,ERP,GraniteFin Solutions,+1 (479) 726-2342,contact@granitefinsolutions.com,https://granitefinsolutions.com,34,Chicago,US,2026-06-06 04:27:11
2026-06-06,Medical,Bright MedWorks,913-634-4944 ext. 35,contact@brightmedworks.com,https://brightmedworks.com,58,Columbus,US,2026-06-06 05:27:49
2026-06-06,Medical,VistaRxLogic,534-943-5202,hello@vistarxlogic.com,https://www.vistarxlogic.com,440,Sydney,AU,2026-06-06 06:29:33
2026-06-06,ERP,BrightForgeSphere,586.887.4268,sales@brightforgesphere.com,https://www.brightforgesphere.com,19,Seattle,US,2026-06-06 02:51:57
2026-06-06,MSP Platform,ZephyrGrid App,690-590-5137,sales@zephyrgridapp.io,https://www.zephyrgridapp.io,65,Austin,US,2026-06-06 05:59:42
2026-06-06,ERP,ZenChain Desk,607-774-5047,info@zenchaindesk.com,zenchaindesk.com,30,Tampa,US,2026-06-06 02:58:47
2026-06-06,Medical,IronChartSystems,07689299005,info@ironchartsystems.com,https://www.ironchartsystems.com,59,Amsterdam,NL,2026-06-06 05:05:11
2026-06-06,ERP,MetaChainSystems,+14464156567,hello@metachainsystems.net,https://metachainsystems.net,354,Austin,US,2026-06-06 02:32:38
2026-06-06,HR,Raven OnboardDesk,(625) 826-0353,contact@ravenonboarddesk.net,https://www.ravenonboarddesk.net,946,Tampa,US,2026-06-06 02:39:28
2026-06-06,HR,Willow TeamSolutions,732-415-9084,hello@willowteamsolutions.com,https://www.willowteamsolutions.com,6,Seattle,US,2026-06-06 06:27:40
2026-06-06,MSP Platform,OrbitRemoteSuite,7018877136,info@orbitremotesuite.co,https://www.orbitremotesuite.co,396,Atlanta,US,2026-06-06 03:17:24
2026-06-06,Medical,Clear RxLogic,(279) 453-3689,contact@clearrxlogic.net,https://www.clearrxlogic.net,8,Sydney,AU,2026-06-06 02:34:35
2026-06-06,Legal,BoldDocket Labs,630-926-5982,sales@bolddocketlabs.io,https://bolddocketlabs.io,452,Columbus,US,2026-06-06 03:25:15
2026-06-06,LMS,TrueTrain Platform,1-711-842-4535,contact@truetrainplatform.net,https://www.truetrainplatform.net,1756,Atlanta,US,2026-06-06 06:52:04
2026-06-06,Legal,AnchorCompliCore,407-895-6613,sales@anchorcomplicore.net,https://anchorcomplicore.net,207,London,UK,2026-06-06 05:40:46
2026-06-06,HR,IronTeam Sphere,+1 (636) 575-1451,sales@ironteamsphere.com,https://ironteamsphere.com,10,Denver,US,2026-06-06 02:16:08
2026-06-06,Legal,CedarCompli Logic,+18098036324,contact@cedarcomplilogic.net,https://www.cedarcomplilogic.net,25,Seattle,US,2026-06-06 05:56:03
2026-06-06,HR,Lattice ResourceDesk,1-478-458-3026,hello@latticeresourcedesk.net,https://www.latticeresourcedesk.net,5,Manchester,UK,2026-06-06 02:54:35
2026-06-06,HR,VistaRosterSolutions,(912) 825-0357,contact@vistarostersolutions.com,https://www.vistarostersolutions.com,16,Chicago,US,2026-06-06 03:52:00
2026-06-06,ERP,BlueResourcePlatform,+1 (857) 664-5030,info@blueresourceplatform.com,https://www.blueresourceplatform.com,20,Austin,US,2026-06-06 02:40:47
2026-06-06,Legal,UmbraCase Flow,208-595-7010,sales@umbracaseflow.com,https://www.umbracaseflow.com,8,Denver,US,2026-06-06 05:30:35
2026-06-06,Medical,BrightTriageLogic,(571) 473-9863,info@brighttriagelogic.com,https://www.brighttriagelogic.com,39,Singapore,SG,2026-06-06 04:53:23
2026-06-06,HR,Anchor OnboardHub,+12354982539,sales@anchoronboardhub.co,https://www.anchoronboardhub.co,393,Karachi,PK,2026-06-06 02:45:50
2026-06-06,ERP,NimbusFinSoft,586.874.9170,info@nimbusfinsoft.io,https://www.nimbusfinsoft.io,49,Phoenix,US,2026-06-06 03:36:32
2026-06-06,Legal,NimbusCounsel Labs,(801) 400-7243,hello@nimbuscounsellabs.com,https://www.nimbuscounsellabs.com,236,Atlanta,US,2026-06-06 06:07:18
2026-06-06,MSP Platform,MosaicRemoteLabs,+19283672851,contact@mosaicremotelabs.com,https://mosaicremotelabs.com,58,Tampa,US,2026-06-06 05:20:41
2026-06-06,Legal,Iron VerdictCore,687-869-7828,N/A,ironverdictcore.com,458,Boston,US,2026-06-06 01:32:31
2026-06-06,Medical,ZenRx Cloud,1-898-243-4664,sales@zenrxcloud.com,zenrxcloud.com,639,Manchester,UK,2026-06-06 06:48:19
2026-06-06,LMS,AnchorMentorApp,8053284016,hello@anchormentorapp.com,https://www.anchormentorapp.com,93,Boston,US,2026-06-06 02:28:48
2026-06-06,ERP,Mosaic StockSolutions,(493) 747-1109,sales@mosaicstocksolutions.com,https://mosaicstocksolutions.com,151,London,UK,2026-06-06 02:19:35
2026-06-06,MSP Platform,SolidRemote Flow,(890) 886-4570,sales@solidremoteflow.net,https://www.solidremoteflow.net,4610,Raleigh,US,2026-06-06 04:35:03
2026-06-06,HR,AtlasTeam Platform,247.307.5403,contact@atlasteamplatform.co,atlasteamplatform.co,44,Tampa,US,2026-06-06 05:04:11
2026-06-06,ERP,BrightLedger Cloud,+15474537376,hello@brightledgercloud.com,https://www.brightledgercloud.com,63,Raleigh,US,2026-06-06 01:25:49
2026-06-06,HR,CrownPerformHub,1-565-472-9585,contact@crownperformhub.co,https://crownperformhub.co,28,Raleigh,US,2026-06-06 03:20:32
2026-06-06,HR,EmberPerformSystems,(716) 703-3144,contact@emberperformsystems.io,https://emberperformsystems.io,71,Melbourne,AU,2026-06-06 03:12:15
2026-06-06,MSP Platform,MosaicNet Point,(683) 963-8616,hello@mosaicnetpoint.com,https://www.mosaicnetpoint.com,10,Denver,US,2026-06-06 06:36:17
2026-06-06,HR,NorthPerform Hub,+14614814672,hello@northperformhub.co,https://www.northperformhub.co,30,Vancouver,CA,2026-06-06 05:30:53
2026-06-06,MSP Platform,BrightMonitor App,+18048150752,sales@brightmonitorapp.co,https://brightmonitorapp.co,7,Munich,DE,2026-06-06 03:11:36
2026-06-06,LMS,Golden Learn Talent Agency,977.900.4809,info@goldenlearntalentagency.io,goldenlearntalentagency.io,98,London,UK,2026-06-06 04:02:37
2026-06-06,ERP,FusionForge Cloud,(570) 930-7679,hello@fusionforgecloud.com,https://www.fusionforgecloud.com,14,Melbourne,AU,2026-06-06 06:12:20
2026-06-06,Medical,Solid CareWorks,872-668-3357 ext. 24,sales@solidcareworks.io,https://solidcareworks.io,498,Phoenix,US,2026-06-06 03:00:18
2026-06-06,ERP,Arch PlanTech,+17519492941,info@archplantech.com,https://archplantech.com,421,-,US,2026-06-06 04:59:25
2026-06-06,Legal,PivotBrief Flow,240-657-2472,hello@pivotbriefflow.com,https://www.pivotbriefflow.com,91,Atlanta,US,2026-06-06 05:45:52
2026-06-06,Medical,NovaCare Systems,+15814870285,hello@novacaresystems.com,https://www.novacaresystems.com,219,Boston,US,2026-06-06 02:03:19
2026-06-06,HR,North OnboardHub,684.755.6532,contact@northonboardhub.net,https://northonboardhub.net,31,Vancouver,CA,2026-06-06 02:10:01
2026-06-06,ERP,HaloBatch Flow,488.502.0362,sales@halobatchflow.co,https://halobatchflow.co,42,Seattle,US,2026-06-06 01:04:29
2026-06-06,HR,Beacon Talent Recruiting,(676) 620-3068,info@beacontalentrecruiting.com,beacontalentrecruiting.com,758,Raleigh,US,2026-06-06 01:13:24
2026-06-06,ERP,NimbusResource Dynamics,896.437.9802,info@nimbusresourcedynamics.io,https://www.nimbusresourcedynamics.io,41,Toronto,CA,2026-06-06 03:47:02
2026-06-06,Legal,Harbor ClauseBase,6558765727,hello@harborclausebase.io,https://www.harborclausebase.io,497,Vancouver,CA,2026-06-06 02:02:26
2026-06-06,HR,Crown BenefitTech,(845) 272-3983,contact@crownbenefittech.com,https://crownbenefittech.com,8,Denver,US,2026-06-06 06:13:38
2026-06-06,ERP,PolarisPlanSystems,+1 (894) 540-8683 ext. 67,contact@polarisplansystems.co,https://www.polarisplansystems.co,4532,Phoenix,US,2026-06-06 06:43:13
2026-06-06,ERP,RavenStockCore,(863) 386-2091,contact@ravenstockcore.com,https://ravenstockcore.com,16,Austin,US,2026-06-06 02:15:24
2026-06-06,MSP Platform,QuantumNet Cloud,08084000558,hello@quantumnetcloud.com,quantumnetcloud.com,14,Vancouver,CA,2026-06-06 06:52:05
2026-06-06,Medical,Bold VitalSuite,+1 (390) 884-1731,sales@boldvitalsuite.co,https://www.boldvitalsuite.co,20,Chicago,US,2026-06-06 04:45:36
2026-06-06,MSP Platform,KeystoneRemoteBase,1-647-630-0474,contact@keystoneremotebase.net,https://keystoneremotebase.net,629,Sydney,AU,2026-06-06 05:09:16
2026-06-06,HR,Onyx BenefitSphere,(646) 314-1386,N/A,https://onyxbenefitsphere.com,25,Austin,US,2026-06-06 06:10:38
2026-06-06,MSP Platform,OmniStackCloud,(683) 736-8618,info@omnistackcloud.co,https://omnistackcloud.co,628,Sydney,AU,2026-06-06 01:25:58
2026-06-06,ERP,Rapid PlanDynamics,(612) 748-6088,N/A,https://rapidplandynamics.com,35,Atlanta,US,2026-06-06 06:19:55
2026-06-06,Legal,BlueFiling’s Labs,410.403.4430,contact@bluefilinglabs.com,https://bluefilinglabs.com,65,Atlanta,US,2026-06-06 01:50:03
2026-06-06,HR,Lumen PayrollSync,6167523352,hello@lumenpayrollsync.com,https://www.lumenpayrollsync.com,1511,Calgary,CA,2026-06-06 05:59:20
2026-06-06,MSP Platform,IndigoTicket Labs,645.605.5145,hello@indigoticketlabs.com,https://www.indigoticketlabs.com,13,Phoenix,US,2026-06-06 03:24:15
2026-06-06,HR,Polaris CultureHub,1-459-816-9369,info@polarisculturehub.net,https://www.polarisculturehub.net,5,Pune,IN,2026-06-06 05:46:44
2026-06-06,Medical,Beacon CareCloud,3859304135,sales@beaconcarecloud.io,https://beaconcarecloud.io,321,Austin,US,2026-06-06 03:08:39
2026-06-06,HR,Sable OnboardApp,4704961658,contact@sableonboardapp.com,https://www.sableonboardapp.com,1536,Phoenix,US,2026-06-06 05:49:19
2026-06-06,ERP,QuartzOpsApp,3994573698,contact@quartzopsapp.io,quartzopsapp.io,59,Raleigh,US,2026-06-06 06:49:32
2026-06-06,LMS,OrbitCourseLabs,496.596.3457,-,https://orbitcourselabs.com,7,Austin,US,2026-06-06 03:02:03
2026-06-06,ERP,True BatchCore,594-616-5080 ext. 70,null,https://truebatchcore.net,838,Atlanta,US,2026-06-06 02:19:20
2026-06-06,ERP,ClearBatchWorks,1-576-725-0447,info@clearbatchworks.io,clearbatchworks.io,217,Columbus,US,2026-06-06 06:11:10
2026-06-06,ERP,PioneerLedgerWorks,677-818-2584,hello@pioneerledgerworks.com,https://www.pioneerledgerworks.com,21,Singapore,SG,2026-06-06 05:06:21
2026-06-06,ERP,VistaFinSystems,713-890-5736,info@vistafinsystems.com,https://www.vistafinsystems.com,8,Toronto,CA,2026-06-06 02:18:37
2026-06-06,Medical,OnyxClinic Sphere,+1 (314) 381-0234,contact@onyxclinicsphere.net,https://www.onyxclinicsphere.net,9,Leeds,UK,2026-06-06 05:49:26
2026-06-06,Medical,AtlasMedWorks,582-431-5634,sales@atlasmedworks.com,atlasmedworks.com,9,Columbus,US,2026-06-06 03:17:16
2026-06-06,ERP,LatticeLedger Tech,+18356732053,info@latticeledgertech.com,https://www.latticeledgertech.com,12,Columbus,US,2026-06-06 06:32:33
2026-06-06,Legal,Arch CompliDesk,969-278-4614,hello@archcomplidesk.com,archcomplidesk.com,42,Toronto,CA,2026-06-06 01:13:17
2026-06-06,HR,GranitePayrollCore,(553) 989-8599,contact@granitepayrollcore.io,https://www.granitepayrollcore.io,37,Boston,US,2026-06-06 05:21:14
2026-06-06,HR,IronPayroll Core,+13126044540,hello@ironpayrollcore.com,https://ironpayrollcore.com,110,Denver,US,2026-06-06 02:36:19
2026-06-06,ERP,GoldenStock Sync,1-422-491-9953,contact@goldenstocksync.com,https://www.goldenstocksync.com,5,Boston,US,2026-06-06 04:09:13
2026-06-06,MSP Platform,QuantumUptimeSync,553-229-5931,sales@quantumuptimesync.io,https://quantumuptimesync.io,361,Munich,DE,2026-06-06 05:11:55
2026-06-06,MSP Platform,EmberNode Point,608-801-4074,contact@embernodepoint.io,https://embernodepoint.io,100,Phoenix,US,2026-06-06 06:29:52
2026-06-06,Legal,QuartzCompliApp,1-331-242-4776,hello@quartzcompliapp.net,https://quartzcompliapp.net,91,Bengaluru,IN,2026-06-06 04:15:44
2026-06-06,Legal,Arch LawPoint,264-592-1343,info@archlawpoint.co,https://www.archlawpoint.co,20,Amsterdam,NL,2026-06-06 03:23:55
2026-06-06,Medical,Onyx PulseSoft,665-935-1959,hello@onyxpulsesoft.com,https://www.onyxpulsesoft.com,16,Vancouver,CA,2026-06-06 06:48:08
2026-06-06,HR,DeltaPerform Soft,7659152055,info@deltaperformsoft.com,https://www.deltaperformsoft.com,153,Austin,US,2026-06-06 02:29:30
2026-06-06,Medical,SolidPulse Sync,+16466503910,info@solidpulsesync.com,https://solidpulsesync.com,13,Vancouver,CA,2026-06-06 05:48:53
2026-06-06,LMS,HaloLessonPlatform,(607) 784-0917,info@halolessonplatform.io,https://www.halolessonplatform.io,49,Boston,US,2026-06-06 04:49:58
2026-06-06,HR,IndigoShift Point,796-532-0442,info@indigoshiftpoint.io,https://indigoshiftpoint.io,70,Leeds,UK,2026-06-06 04:35:29
2026-06-06,LMS,ArchPath Suite,871.392.0739 ext. 65,sales@archpathsuite.com,archpathsuite.com,912,Hyderabad,IN,2026-06-06 01:04:48
2026-06-06,MSP Platform,RapidMonitorPoint,570-968-1544,hello@rapidmonitorpoint.net,https://rapidmonitorpoint.net,1966,Bengaluru,IN,2026-06-06 06:03:13
2026-06-06,Legal,Golden VerdictSoft,+12608175849,info@goldenverdictsoft.com,https://www.goldenverdictsoft.com,97,Raleigh,US,2026-06-06 02:52:25
2026-06-06,ERP,Cedar Resource Consultants,213.361.1536,hello@cedarresourceconsultants.com,https://www.cedarresourceconsultants.com,7,Columbus,US,2026-06-06 05:07:00
2026-06-06,ERP,CrestPlanSphere,+18469031063 ext. 59,contact@crestplansphere.com,https://crestplansphere.com,20,Boston,US,2026-06-06 06:38:06
2026-06-06,ERP,XenonOrderCloud,1-890-527-2070,info@xenonordercloud.com,https://www.xenonordercloud.com,7,Leeds,UK,2026-06-06 04:45:26
2026-06-06,Medical,PolarisHealth App,890-651-6929,contact@polarishealthapp.com,https://www.polarishealthapp.com,,Austin,US,2026-06-06 03:49:54
2026-06-06,ERP,OrbitStock Hub,(408) 987-5946,contact@orbitstockhub.com,https://www.orbitstockhub.com,83,Austin,US,2026-06-06 02:05:31
2026-06-06,HR,OrbitPeopleDesk,03658000006,contact@orbitpeopledesk.net,https://www.orbitpeopledesk.net,91,Manchester,UK,2026-06-06 06:45:18
2026-06-06,MSP Platform,Bright RemoteFlow,8304023687 ext. 74,info@brightremoteflow.io,https://brightremoteflow.io,80,Melbourne,AU,2026-06-06 06:41:48
2026-06-06,ERP,Golden PlanCloud,312-993-7641,contact@goldenplancloud.com,goldenplancloud.com,20,Raleigh,US,2026-06-06 05:06:54
2026-06-06,ERP,CoreOrder Systems,+1 (684) 845-5704,contact@coreordersystems.com,https://coreordersystems.com,529,Chicago,US,2026-06-06 04:51:39
2026-06-06,MSP Platform,MetaTicket Core,(596) 894-7745,contact@metaticketcore.com,https://www.metaticketcore.com,10,Austin,US,2026-06-06 02:20:34
2026-06-06,MSP Platform,TidalPatchTech,+16925200844,info@tidalpatchtech.com,https://tidalpatchtech.com,13,Phoenix,US,2026-06-06 02:06:23
2026-06-06,MSP Platform,GoldenUptimeCore,409.936.3432 ext. 92,info@goldenuptimecore.com,https://www.goldenuptimecore.com,134,Sydney,AU,2026-06-06 03:44:13
2026-06-06,Medical,ClearPatientSuite,1-329-823-3866 ext. 22,info@clearpatientsuite.com,clearpatientsuite.com,157,Phoenix,US,2026-06-06 03:07:12
2026-06-06,ERP,Cedar OpsSuite,4416943437,sales@cedaropssuite.com,https://www.cedaropssuite.com,86,Seattle,US,2026-06-06 04:05:39
2026-06-06,ERP,UmbraVitalCore,+13404766410,contact@umbravitalcore.com,umbravitalcore.com,73,Denver,US,2026-06-06 06:08:55
2026-06-06,Medical,Granite MedSync,738-279-1470,info@granitemedsync.com,https://www.granitemedsync.com,137,Atlanta,US,2026-06-06 01:31:47
2026-06-06,Medical,GraniteTriage Systems,(609) 914-0921,contact@granitetriagesystems.com,https://granitetriagesystems.com,24,Islamabad,PK,2026-06-06 03:46:48
2026-06-06,Legal,VeloClause Point,2745576860,info@veloclausepoint.com,veloclausepoint.com,997,Phoenix,US,2026-06-06 02:48:29
2026-06-06,ERP,Blue ResourceLogic,5817384225,sales@blueresourcelogic.net,https://www.blueresourcelogic.net,93,Munich,DE,2026-06-06 06:26:07
2026-06-06,MSP Platform,Zen Node BPO Services,824-471-0445,info@zennodebposervices.io,https://www.zennodebposervices.io,34,Berlin,DE,2026-06-06 01:49:40
2026-06-06,ERP,SableResource Point,1-780-856-5221,info@sableresourcepoint.com,sableresourcepoint.com,93,Melbourne,AU,2026-06-06 01:47:12
2026-06-06,Medical,Core TriageSuite,(905) 667-5500,sales@coretriagesuite.co,https://www.coretriagesuite.co,1368,Manchester,UK,2026-06-06 04:23:56
2026-06-06,ERP,Arch OpsSphere,+15573336109,sales@archopssphere.com,https://www.archopssphere.com,35,Phoenix,US,2026-06-06 03:56:43
2026-06-06,HR,CrestRosterSuite,930-566-9658,sales@crestrostersuite.com,https://crestrostersuite.com,24,Raleigh,US,2026-06-06 06:50:47
2026-06-06,Legal,CrownFilingLogic,(849) 315-9100,sales@crownfilinglogic.com,https://www.crownfilinglogic.com,50,Berlin,DE,2026-06-06 06:17:03
2026-06-06,MSP Platform,Pivot TicketSolutions,1-363-725-3479 ext. 22,sales@pivotticketsolutions.com,pivotticketsolutions.com,26,Chicago,US,2026-06-06 01:39:35
2026-06-06,Medical,BeaconPatient Sphere,+1 (822) 871-8094,info@beaconpatientsphere.net,https://www.beaconpatientsphere.net,24,Austin,US,2026-06-06 04:23:15
2026-06-06,MSP Platform,Onyx Grid Staffing,837-340-2893,contact@onyxgridstaffing.com,onyxgridstaffing.com,370,Phoenix,US,2026-06-06 05:06:25
2026-06-06,MSP Platform,RavenNode Cloud,1-357-723-1207,info@ravennodecloud.io,https://www.ravennodecloud.io,5,Chicago,US,2026-06-06 02:54:10
2026-06-06,ERP,Keystone LedgerPlatform,6619536462,hello@keystoneledgerplatform.co,https://www.keystoneledgerplatform.co,49,Manchester,UK,2026-06-06 02:20:19
2026-06-06,Medical,DeltaMedApp,297.774.3569,hello@deltamedapp.com,https://www.deltamedapp.com,35,Raleigh,US,2026-06-06 02:11:49
2026-06-06,LMS,Prime CourseSoft,489.844.3394,info@primecoursesoft.com,primecoursesoft.com,82,Leeds,UK,2026-06-06 03:01:18
2026-06-06,HR,UmbraRosterApp,523.759.0433,sales@umbrarosterapp.com,https://www.umbrarosterapp.com,314,Atlanta,US,2026-06-06 06:19:37
2026-06-06,HR,IronOnboardCore,07933167495,info@irononboardcore.io,https://www.irononboardcore.io,9,Munich,DE,2026-06-06 06:54:49
2026-06-06,Medical,IndigoPulseBase,(385) 938-9496,hello@indigopulsebase.com,https://indigopulsebase.com,148,Calgary,CA,2026-06-06 05:00:50
2026-06-06,Medical,Halo TriageHub,(252) 667-1314,N/A,halotriagehub.io,17,Columbus,US,2026-06-06 01:47:34
2026-06-06,Medical,Nova PatientSoft,4065262986,sales@novapatientsoft.com,https://novapatientsoft.com,465,Manchester,UK,2026-06-06 02:47:25
2026-06-06,ERP,TidalPlan Soft,8167932549,hello@tidalplansoft.com,https://www.tidalplansoft.com,19,Columbus,US,2026-06-06 03:35:06
2026-06-06,HR,RapidShift Hub,(768) 579-8933,contact@rapidshifthub.net,https://www.rapidshifthub.net,16,Boston,US,2026-06-06 01:12:37
2026-06-06,HR,GraniteTalent Base,+13307042250,sales@granitetalentbase.com,https://www.granitetalentbase.com,232,Austin,US,2026-06-06 05:49:14
2026-06-06,ERP,Omni OrderSphere,+15969290977 ext. 92,sales@omniordersphere.com,https://www.omniordersphere.com,406,Manchester,UK,2026-06-06 04:50:54
2026-06-06,ERP,CrestFin Point,637-277-9699,-,https://www.crestfinpoint.com,35,Atlanta,US,2026-06-06 03:58:49
2026-06-06,Legal,FalconLawDesk,(624) 983-9005,contact@falconlawdesk.com,https://falconlawdesk.com,50,Austin,US,2026-06-06 04:41:38
2026-06-06,HR,NimbusOnboard Point,5403670050,sales@nimbusonboardpoint.com,https://nimbusonboardpoint.com,37,Phoenix,US,2026-06-06 02:03:06
2026-06-06,MSP Platform,JuniperPatchTech,(635) 255-5848,hello@juniperpatchtech.com,https://juniperpatchtech.com,40,Boston,US,2026-06-06 02:08:21
2026-06-06,HR,True TalentSphere,660.835.5573,hello@truetalentsphere.co,https://www.truetalentsphere.co,17,Austin,US,2026-06-06 05:28:01
2026-06-06,HR,Vertex OnboardLogic,870-729-2591,sales@vertexonboardlogic.co,https://www.vertexonboardlogic.co,33,Phoenix,US,2026-06-06 05:37:27
2026-06-06,ERP,Apex PlanSync,748-479-5524,hello@apexplansync.com,https://www.apexplansync.com,10,null,US,2026-06-06 05:02:48
2026-06-06,Medical,Sable MedWorks,659-867-1540,contact@sablemedworks.net,https://www.sablemedworks.net,40,Manchester,UK,2026-06-06 01:08:36
2026-06-06,Medical,VertexTriage Suite,670-505-5398,info@vertextriagesuite.com,https://www.vertextriagesuite.com,13,Singapore,SG,2026-06-06 06:54:40
2026-06-06,HR,CedarRosterSphere,+13603542689,info@cedarrostersphere.com,https://www.cedarrostersphere.com,31,London,UK,2026-06-06 01:36:35
2026-06-06,Legal,Onyx ClauseSphere,764.884.0449,info@onyxclausesphere.com,https://www.onyxclausesphere.com,14,Atlanta,US,2026-06-06 01:02:21
2026-06-06,HR,Tidal TalentSync,7755666713,sales@tidaltalentsync.com,https://www.tidaltalentsync.com,17,Phoenix,US,2026-06-06 02:31:30
2026-06-06,Legal,DeltaCompliPoint,1-783-825-1116,sales@deltacomplipoint.io,https://www.deltacomplipoint.io,12,Seattle,US,2026-06-06 04:39:56
2026-06-06,MSP Platform,QuantumNet Desk Solutions LLC,(747) 733-3491,contact@quantumnetdesk.com,https://www.quantumnetdesk.com,349,Vancouver,CA,2026-06-06 05:38:33
2026-06-06,HR,QuantumOnboardSystems,803-225-2116,info@quantumonboardsystems.com,https://www.quantumonboardsystems.com,388,Denver,US,2026-06-06 02:20:46
2026-06-06,HR,Bright CultureWorks,844-557-6390,sales@brightcultureworks.com,https://brightcultureworks.com,10,Raleigh,US,2026-06-06 01:03:16
2026-06-06,Medical,Falcon VitalSync,627-960-2440,sales@falconvitalsync.com,falconvitalsync.com,98,Seattle,US,2026-06-06 05:17:31
2026-06-06,Medical,VertexPatientWorks,5982089634,sales@vertexpatientworks.io,https://www.vertexpatientworks.io,33,Denver,US,2026-06-06 01:31:56
2026-06-06,MSP Platform,North NetSolutions,4116502579,contact@northnetsolutions.co,https://northnetsolutions.co,21,Phoenix,US,2026-06-06 06:33:04
2026-06-06,HR,LatticeTeam Systems,(981) 459-1951 ext. 17,sales@latticeteamsystems.net,https://www.latticeteamsystems.net,26,Chicago,US,2026-06-06 04:55:14
2026-06-06,ERP,IndigoPlanPlatform,417-947-2311,contact@indigoplanplatform.com,https://www.indigoplanplatform.com,220,Manchester,UK,2026-06-06 03:20:18
2026-06-06,Legal,Raven ClauseLabs,(832) 830-1990,hello@ravenclauselabs.net,https://www.ravenclauselabs.net,167,London,UK,2026-06-06 06:00:53
2026-06-06,HR,Iron TalentSoft,07017088361,hello@irontalentsoft.co,https://www.irontalentsoft.co,220,N/A,CA,2026-06-06 02:55:47
2026-06-06,Medical,Quantum TriageApp,+1 (851) 650-7864,sales@quantumtriageapp.io,quantumtriageapp.io,145,Raleigh,US,2026-06-06 01:45:37
2026-06-06,HR,SummitTalentWorks,1-854-845-7994,info@summittalentworks.co,https://www.summittalentworks.co,42,Phoenix,US,2026-06-06 02:30:56
2026-06-06,Medical,Pioneer CareSoft,(853) 723-9842,info@pioneercaresoft.com,https://www.pioneercaresoft.com,45,Pune,IN,2026-06-06 03:55:21
2026-06-06,ERP,Bright OpsSuite,1-454-223-4696,info@brightopssuite.com,https://brightopssuite.com,3347,Amsterdam,NL,2026-06-06 05:46:42
2026-06-06,ERP,NorthForgeHub,856.496.9243,info@northforgehub.co,https://www.northforgehub.co,358,Phoenix,US,2026-06-06 06:33:26
2026-06-06,Legal,Halo DocketFlow,+14938668969,info@halodocketflow.net,halodocketflow.net,314,Denver,US,2026-06-06 06:51:20
2026-06-06,Medical,BlueVitalLogic,+19879961981,info@bluevitallogic.com,bluevitallogic.com,12,Bengaluru,IN,2026-06-06 06:58:47
2026-06-06,ERP,SilverOpsLogic,+18788739272,contact@silveropslogic.co,https://www.silveropslogic.co,38,Seattle,US,2026-06-06 02:33:14
2026-06-06,MSP Platform,AnchorEndpoint Core,(663) 997-4180,info@anchorendpointcore.com,https://anchorendpointcore.com,6,London,UK,2026-06-06 05:28:12
2026-06-06,ERP,CedarLedger Works,+1 (706) 302-4979,hello@cedarledgerworks.co,https://www.cedarledgerworks.co,380,Melbourne,AU,2026-06-06 02:52:14
2026-06-06,LMS,IronRoster Tech,723-338-0848,info@ironrostertech.com,https://ironrostertech.com,364,Chicago,US,2026-06-06 01:37:40
2026-06-06,ERP,XenonOpsCore,(412) 756-4111,hello@xenonopscore.com,https://www.xenonopscore.com,766,Seattle,US,2026-06-06 02:03:51
2026-06-06,HR,LumenRoster Sync,+16116652801 ext. 47,info@lumenrostersync.com,https://www.lumenrostersync.com,912,Denver,US,2026-06-06 06:12:28
2026-06-06,Legal,Quartz CounselHub,+13975018074,contact@quartzcounselhub.com,https://www.quartzcounselhub.com,81,Atlanta,US,2026-06-06 06:50:18
2026-06-06,ERP,Arch Resource Consulting Group,6528542623,info@archresourceconsultinggroup.com,https://www.archresourceconsultinggroup.com,37,Hyderabad,IN,2026-06-06 04:18:57
2026-06-06,Medical,BrightChart Sync,1-798-842-8826,info@brightchartsync.co,https://www.brightchartsync.co,17,Raleigh,US,2026-06-06 03:33:05
2026-06-06,Legal,Solid DocketSolutions,889.486.0588,-,https://www.soliddocketsolutions.net,39,Atlanta,US,2026-06-06 04:11:10
2026-06-06,Medical,TidalTriageDesk,(409) 509-7640,hello@tidaltriagedesk.io,https://www.tidaltriagedesk.io,689,Chicago,US,2026-06-06 01:38:05
2026-06-06,MSP Platform,IndigoStackSphere,(345) 242-2438,contact@indigostacksphere.com,indigostacksphere.com,56,Toronto,CA,2026-06-06 04:49:02
2026-06-06,Legal,Falcon DocketSoft,890-488-7904,hello@falcondocketsoft.co,https://www.falcondocketsoft.co,10,Toronto,CA,2026-06-06 05:28:53
2026-06-06,ERP,Vertex ChainSoft,(520) 256-8446,contact@vertexchainsoft.co,vertexchainsoft.co,567,Seattle,US,2026-06-06 03:43:49
2026-06-06,HR,ZenTeam Flow,(985) 386-5401,info@zenteamflow.co,https://www.zenteamflow.co,20,Austin,US,2026-06-06 06:43:28
2026-06-06,Legal,Indigo FilingFlow,(939) 738-3961,hello@indigofilingflow.net,indigofilingflow.net,29,Tampa,US,2026-06-06 03:08:59
2026-06-06,Legal,DeltaClause Logic,7846806995,,https://www.deltaclauselogic.com,null,London,UK,2026-06-06 04:41:57
2026-06-06,Medical,Rapid ChartPoint,+14007079260,contact@rapidchartpoint.com,https://www.rapidchartpoint.com,22,Phoenix,US,2026-06-06 04:25:13
2026-06-06,ERP,Pivot FinDynamics,(579) 702-3536,info@pivotfindynamics.net,https://pivotfindynamics.net,373,Phoenix,US,2026-06-06 05:45:14
2026-06-06,MSP Platform,CrownStackSystems,356-731-3382,contact@crownstacksystems.co,https://www.crownstacksystems.co,21,Raleigh,US,2026-06-06 04:09:40
2026-06-06,HR,CedarPayrollSolutions,490.842.8635,hello@cedarpayrollsolutions.com,https://www.cedarpayrollsolutions.com,44,Munich,DE,2026-06-06 03:12:48
2026-06-06,HR,Cedar’s PayrollHub,1-431-490-2651,N/A,https://www.cedarpayrollhub.net,69,Amsterdam,NL,2026-06-06 05:53:46
2026-06-06,Legal,UmbraDocket Point,769-304-3972,hello@umbradocketpoint.io,https://www.umbradocketpoint.io,29,Raleigh,US,2026-06-06 06:11:08
2026-06-06,HR,VertexBenefit Tech,829-921-2468,sales@vertexbenefittech.com,https://vertexbenefittech.com,12,Phoenix,US,2026-06-06 06:16:47
2026-06-06,ERP,NorthBatch Works,04579999075,hello@northbatchworks.com,https://northbatchworks.com,83,Amsterdam,NL,2026-06-06 01:26:17
2026-06-06,Legal,ZenFiling Sphere,488-884-9252,sales@zenfilingsphere.io,https://zenfilingsphere.io,50,Tampa,US,2026-06-06 03:31:21
2026-06-06,ERP,Apex StockBase,1-403-405-4579,sales@apexstockbase.com,https://apexstockbase.com,178,Seattle,US,2026-06-06 02:12:17
2026-06-06,MSP Platform,TrueEndpointSuite,(743) 967-6265,sales@trueendpointsuite.com,https://trueendpointsuite.com,46,Tampa,US,2026-06-06 02:30:08
2026-06-06,HR,QuartzPerformDesk,889-338-4180,sales@quartzperformdesk.co,https://www.quartzperformdesk.co,14,Tampa,US,2026-06-06 05:52:54
2026-06-06,Medical,Golden RxDesk,+14635068252 ext. 60,info@goldenrxdesk.co,https://www.goldenrxdesk.co,20,Melbourne,AU,2026-06-06 03:52:07
2026-06-06,HR,BeaconCultureApp,9534603734,hello@beaconcultureapp.com,https://www.beaconcultureapp.com,43,Melbourne,AU,2026-06-06 03:14:23
2026-06-06,ERP,MosaicLedger App,(710) 650-0079,hello@mosaicledgerapp.io,https://www.mosaicledgerapp.io,329,Manchester,UK,2026-06-06 06:01:30
2026-06-06,HR,Quantum PeopleCore,1-986-347-8281,sales@quantumpeoplecore.com,https://www.quantumpeoplecore.com,728,Raleigh,US,2026-06-06 05:40:52
2026-06-06,ERP,DeltaForgeApp,(894) 496-3492,-,https://www.deltaforgeapp.com,87,Sydney,AU,2026-06-06 02:41:34
2026-06-06,HR,Xenon PayrollSphere,703-919-8854,contact@xenonpayrollsphere.com,https://www.xenonpayrollsphere.com,135,Seattle,US,2026-06-06 03:47:48
2026-06-06,Legal,True Brief Manpower Services,(415) 239-2745,sales@truebriefmanpowerservices.co,truebriefmanpowerservices.co,73,London,UK,2026-06-06 06:06:19
2026-06-06,MSP Platform,LatticeNodeHub,(615) 247-9492,hello@latticenodehub.com,latticenodehub.com,409,Singapore,SG,2026-06-06 05:04:44
2026-06-06,Legal,Bold VerdictPoint,1-763-874-9350,contact@boldverdictpoint.co,https://boldverdictpoint.co,16,Raleigh,US,2026-06-06 03:46:52
2026-06-06,LMS,AnchorLesson Base,(866) 385-4431,info@anchorlessonbase.com,https://www.anchorlessonbase.com,233,Berlin,DE,2026-06-06 03:42:59
2026-06-06,MSP Platform,Apex StackLogic,1-766-890-9189,contact@apexstacklogic.net,apexstacklogic.net,9,Phoenix,US,2026-06-06 04:33:32
2026-06-06,ERP,Quantum BatchSync,04758402671,null,quantumbatchsync.com,722,Vancouver,CA,2026-06-06 01:04:16
2026-06-06,HR,PolarisPerformSphere,924-963-3035 ext. 46,hello@polarisperformsphere.co,https://polarisperformsphere.co,221,Seattle,US,2026-06-06 05:24:40
2026-06-06,ERP,MosaicResource Cloud,02422661354,contact@mosaicresourcecloud.com,https://www.mosaicresourcecloud.com,254,Columbus,US,2026-06-06 03:17:56
2026-06-06,ERP,PrimeFinSolutions,6128929584,info@primefinsolutions.net,https://www.primefinsolutions.net,16,Leeds,UK,2026-06-06 04:55:39
2026-06-06,Medical,Crest MedDesk,(305) 831-9410,contact@crestmeddesk.net,https://www.crestmeddesk.net,44,Austin,US,2026-06-06 05:31:59
2026-06-06,ERP,PrimeForgeSphere,+13777108331,hello@primeforgesphere.com,https://www.primeforgesphere.com,421,Phoenix,US,2026-06-06 03:01:44
2026-06-06,Legal,XenonCounselFlow,09476528442,hello@xenoncounselflow.com,https://www.xenoncounselflow.com,21,Seattle,US,2026-06-06 04:59:58
2026-06-06,HR,ZephyrCulture Point,484-527-4708,contact@zephyrculturepoint.com,https://www.zephyrculturepoint.com,26,Vancouver,CA,2026-06-06 03:57:39
2026-06-06,ERP,Golden OpsCore,(442) 799-3182,-,https://www.goldenopscore.com,10,Denver,US,2026-06-06 02:31:33
2026-06-06,HR,RidgeTalent Flow,+17295089696,contact@ridgetalentflow.com,https://www.ridgetalentflow.com,266,Columbus,US,2026-06-06 03:13:12
2026-06-06,ERP,XenonChainTech,(321) 432-7176,hello@xenonchaintech.io,https://www.xenonchaintech.io,,Denver,US,2026-06-06 06:47:50
2026-06-06,LMS,BoldQuiz Systems,957.592.8056,sales@boldquizsystems.net,https://boldquizsystems.net,16,Dublin,IE,2026-06-06 06:24:52
2026-06-06,ERP,EmberChain Desk,+12722510546,info@emberchaindesk.com,https://www.emberchaindesk.com,37,Raleigh,US,2026-06-06 04:01:28
2026-06-06,MSP Platform,BlueUptime Hub,(528) 710-9479,info@blueuptimehub.com,blueuptimehub.com,395,Chicago,US,2026-06-06 06:50:15
2026-06-06,ERP,Harbor FinHub,881-752-2121,info@harborfinhub.com,https://www.harborfinhub.com,270,Austin,US,2026-06-06 01:57:33
2026-06-06,ERP,AtlasPlan Flow,574.667.3999,info@atlasplanflow.com,https://atlasplanflow.com,14,Leeds,UK,2026-06-06 01:20:19
2026-06-06,HR,VistaPayrollSuite,+18667575285 ext. 12,hello@vistapayrollsuite.co,https://vistapayrollsuite.co,125,Chicago,US,2026-06-06 01:41:53
2026-06-06,MSP Platform,Falcon PatchSuite,223-526-2076,hello@falconpatchsuite.com,https://www.falconpatchsuite.com,21,Vancouver,CA,2026-06-06 04:27:10
2026-06-06,Medical,ApexPulse Solutions,669-889-2145,N/A,apexpulsesolutions.io,777,London,UK,2026-06-06 04:09:48
2026-06-06,MSP Platform,SableStackWorks,+12076493584,contact@sablestackworks.net,https://www.sablestackworks.net,883,Chicago,US,2026-06-06 05:22:22
2026-06-06,Medical,LumenChart App,355-307-4781 ext. 44,contact@lumenchartapp.io,lumenchartapp.io,133,Tampa,US,2026-06-06 01:20:56
2026-06-06,Medical,Polaris MedPoint,(983) 953-8336 ext. 98,contact@polarismedpoint.io,https://www.polarismedpoint.io,7,Boston,US,2026-06-06 03:50:46
2026-06-06,HR,IronOnboardDesk,333-785-3308,info@irononboarddesk.com,https://www.irononboarddesk.com,2426,Tampa,US,2026-06-06 06:26:00
2026-06-06,ERP,SilverPlan Flow,(497) 796-7261,info@silverplanflow.co,https://silverplanflow.co,93,Columbus,US,2026-06-06 03:14:39
2026-06-06,ERP,NimbusStock Logic,(302) 564-4693,sales@nimbusstocklogic.com,nimbusstocklogic.com,17,Raleigh,US,2026-06-06 01:42:27
2026-06-06,Legal,CrownFilingCore,210-684-4591,info@crownfilingcore.com,https://www.crownfilingcore.com,33,London,UK,2026-06-06 03:13:37
2026-06-06,ERP,Willow PlanCloud,05057164446,hello@willowplancloud.com,https://willowplancloud.com,,Denver,US,2026-06-06 06:25:04
2026-06-06,ERP,MosaicLedger Point,+1 (516) 215-1923,sales@mosaicledgerpoint.com,https://www.mosaicledgerpoint.com,18,Singapore,SG,2026-06-06 04:49:59
2026-06-06,Medical,NorthHealthPlatform,+14822094695,contact@northhealthplatform.com,https://www.northhealthplatform.com,54,Sydney,AU,2026-06-06 02:24:08
2026-06-06,ERP,RapidForgeTech,4353134729 ext. 29,contact@rapidforgetech.io,https://rapidforgetech.io,13,Denver,US,2026-06-06 05:27:25
2026-06-06,Medical,EmberRxCloud,+13857420039,contact@emberrxcloud.com,https://emberrxcloud.com,294,Toronto,CA,2026-06-06 05:37:22
2026-06-06,ERP,Ridge FinSystems,(602) 491-0930,hello@ridgefinsystems.io,https://www.ridgefinsystems.io,99,Tampa,US,2026-06-06 06:11:02
2026-06-06,Medical,Willow TriageSphere,(488) 430-5126,sales@willowtriagesphere.com,willowtriagesphere.com,3995,Leeds,UK,2026-06-06 04:58:35
2026-06-06,MSP Platform,Summit TicketPoint,+14676437027,contact@summitticketpoint.com,https://summitticketpoint.com,34,Dublin,IE,2026-06-06 04:30:40
2026-06-06,HR,Cedar CultureSoft,+18856694794,info@cedarculturesoft.com,https://www.cedarculturesoft.com,42,Boston,US,2026-06-06 02:27:31
2026-06-06,HR,CobaltOnboard Labs,2753737944,hello@cobaltonboardlabs.com,https://www.cobaltonboardlabs.com,40,Calgary,CA,2026-06-06 01:43:41
2026-06-06,ERP,Alta OpsPlatform,+13988590111,sales@altaopsplatform.com,altaopsplatform.com,83,Raleigh,US,2026-06-06 05:44:37
2026-06-06,ERP,Xenon OpsSuite,207-208-7280,contact@xenonopssuite.io,https://www.xenonopssuite.io,154,Singapore,SG,2026-06-06 02:42:58
2026-06-06,HR,NorthTalent’s Logic,4876006256,info@northtalentlogic.net,https://www.northtalentlogic.net,12,Pune,IN,2026-06-06 05:17:35
2026-06-06,HR,ArchTalént Flow,5176691248,hello@archtalentflow.com,https://www.archtalentflow.com,28,Atlanta,US,2026-06-06 01:17:50
2026-06-06,ERP,PrimeLedger Sphere,+17497337351,hello@primeledgersphere.com,primeledgersphere.com,73,Calgary,CA,2026-06-06 06:45:49
2026-06-06,HR,CoreCultureHub,(901) 900-4419 ext. 72,sales@coreculturehub.com,https://www.coreculturehub.com,12,Raleigh,US,2026-06-06 05:36:24
2026-06-06,ERP,Clear ResourceDesk,896-271-7201,hello@clearresourcedesk.com,https://www.clearresourcedesk.com,423,Chicago,US,2026-06-06 05:39:51
2026-06-06,ERP,Core ResourceApp,641-485-7949,,https://www.coreresourceapp.com,3578,Atlanta,US,2026-06-06 02:05:03
2026-06-06,ERP,Prime PlanBase,1-790-342-7845 ext. 21,hello@primeplanbase.net,https://primeplanbase.net,250,Amsterdam,NL,2026-06-06 01:06:40
2026-06-06,HR,VertexTeam Platform,531.273.4647,contact@vertexteamplatform.net,vertexteamplatform.net,34,Calgary,CA,2026-06-06 06:07:18
2026-06-06,Legal,Ember MatterBase,589-911-4357,sales@embermatterbase.com,https://www.embermatterbase.com,44,Phoenix,US,2026-06-06 03:17:56
2026-06-06,Medical,Mosaic HealthApp,(738) 736-6549,sales@mosaichealthapp.net,mosaichealthapp.net,15,Munich,DE,2026-06-06 02:56:29
2026-06-06,Medical,QuartzMedLabs,+1 (276) 857-1839,contact@quartzmedlabs.com,quartzmedlabs.com,N/A,Amsterdam,NL,2026-06-06 06:39:29
2026-06-06,Medical,Quartz ChartCore,1-725-674-1865,contact@quartzchartcore.io,https://www.quartzchartcore.io,17,Tampa,US,2026-06-06 01:32:57
2026-06-06,Medical,TidalCareDesk,7402316648 ext. 57,sales@tidalcaredesk.io,https://tidalcaredesk.io,817,Bengaluru,IN,2026-06-06 03:03:31
2026-06-06,ERP,WillowResourceWorks,866-783-6206,info@willowresourceworks.com,https://willowresourceworks.com,15,Singapore,SG,2026-06-06 02:48:02
2026-06-06,MSP Platform,FusionNode Sync,+17496472279,hello@fusionnodesync.io,https://www.fusionnodesync.io,952,Atlanta,US,2026-06-06 06:03:40
2026-06-06,Legal,TidalCompliFlow,553-965-6089,info@tidalcompliflow.com,https://www.tidalcompliflow.com,29,Sydney,AU,2026-06-06 02:04:39
2026-06-06,HR,HaloPeopleHub,740-352-4526,info@halopeoplehub.net,https://www.halopeoplehub.net,384,Pune,IN,2026-06-06 03:17:55
2026-06-06,ERP,SolidBatch’s Platform,556.759.6804,hello@solidbatchplatform.com,https://www.solidbatchplatform.com,29,London,UK,2026-06-06 05:06:33
2026-06-06,ERP,VistaPlanSolutions,+13397927116 ext. 12,info@vistaplansolutions.com,https://www.vistaplansolutions.com,263,Chicago,US,2026-06-06 02:29:24
2026-06-06,MSP Platform,ArchStackHub,+1 (268) 495-1584,info@archstackhub.com,https://www.archstackhub.com,241,Boston,US,2026-06-06 04:27:18
2026-06-06,HR,PolarisCultureCloud,2128453390,contact@polarisculturecloud.co,polarisculturecloud.co,184,Phoenix,US,2026-06-06 05:57:35
2026-06-06,ERP,ZenLedger Hub,557-555-9726,contact@zenledgerhub.co,https://www.zenledgerhub.co,5,Tampa,US,2026-06-06 06:23:12
2026-06-06,ERP,Clear OpsSuite,(547) 268-0808,hello@clearopssuite.com,https://clearopssuite.com,377,Dublin,IE,2026-06-06 01:36:21
2026-06-06,MSP Platform,BoldRemoteFlow,(317) 391-3063,hello@boldremoteflow.net,https://www.boldremoteflow.net,102,Columbus,US,2026-06-06 04:44:14
2026-06-06,ERP,Raven BatchSolutions,5238841255,sales@ravenbatchsolutions.co,https://www.ravenbatchsolutions.co,42,Dublin,IE,2026-06-06 04:35:35
2026-06-06,Medical,Indigo Patient Staffing,9869074579,contact@indigopatientstaffing.io,https://indigopatientstaffing.io,277,Chicago,US,2026-06-06 05:12:25
2026-06-06,Medical,JuniperPatientHub,686-912-7252,hello@juniperpatienthub.io,https://juniperpatienthub.io,33,Chicago,US,2026-06-06 05:28:36
2026-06-06,LMS,IndigoTutor Works,+16045130614,info@indigotutorworks.io,https://www.indigotutorworks.io,32,Dublin,IE,2026-06-06 04:34:47
2026-06-06,ERP,Lattice ResourceDesk,(478) 458-3026,hello@latticeresourcedesk.net,https://www.latticeresourcedesk.net,5,Manchester,UK,2026-06-06 02:20:59
2026-06-06,Medical,True PatientSuite,973-790-9773,hello@truepatientsuite.com,https://truepatientsuite.com,88,N/A,US,2026-06-06 05:00:53
2026-06-06,HR,Zen ShiftLogic,(273) 297-3508,hello@zenshiftlogic.io,https://www.zenshiftlogic.io,909,Toronto,CA,2026-06-06 01:22:44
2026-06-06,ERP,NorthLedger App,(869) 775-9566,sales@northledgerapp.com,https://www.northledgerapp.com,null,Lahore,PK,2026-06-06 06:37:25
2026-06-06,HR,RidgewayPayrollDesk,908.545.4435 ext. 70,sales@ridgewaypayrolldesk.com,https://ridgewaypayrolldesk.com,18,Atlanta,US,2026-06-06 05:28:18
2026-06-06,LMS,QuantumLearn Labs,(667) 391-6904,info@quantumlearnlabs.net,https://www.quantumlearnlabs.net,62,Chicago,US,2026-06-06 03:06:49
2026-06-06,Medical,NovaClinic Dynamics,699.555.6078 ext. 99,,https://novaclinicdynamics.io,34,Denver,US,2026-06-06 06:49:36
2026-06-06,ERP,Nova ForgeBase,310-204-3238,sales@novaforgebase.com,https://www.novaforgebase.com,203,Boston,US,2026-06-06 01:00:30
2026-06-06,Medical,JuniperVitalSystems,9778392523,hello@junipervitalsystems.com,https://junipervitalsystems.com,82,Tampa,US,2026-06-06 01:01:42
2026-06-06,ERP,NovaFinSystéms,(618) 716-1291,contact@novafinsystems.com,https://www.novafinsystems.com,126,Atlanta,US,2026-06-06 05:56:35
2026-06-06,MSP Platform,Bright EndpointBase,(468) 489-2389,sales@brightendpointbase.net,https://www.brightendpointbase.net,231,Singapore,SG,2026-06-06 04:39:53
2026-06-06,HR,Arch OnboardBase,759.380.7827,sales@archonboardbase.com,archonboardbase.com,88,Columbus,US,2026-06-06 03:53:04
2026-06-06,HR,Anchor OnboardTech,263.583.3076 ext. 30,null,https://www.anchoronboardtech.io,35,Denver,US,2026-06-06 01:36:59
2026-06-06,ERP,RidgewayStockSphere,+16562562468,contact@ridgewaystocksphere.com,https://www.ridgewaystocksphere.com,134,Austin,US,2026-06-06 03:00:41
2026-06-06,MSP Platform,XenonNet App,+15986863583,sales@xenonnetapp.io,xenonnetapp.io,16,Tampa,US,2026-06-06 03:32:35
2026-06-06,LMS,DeltaSkillPlatform,(803) 643-8876,hello@deltaskillplatform.io,https://www.deltaskillplatform.io,25,Atlanta,US,2026-06-06 03:44:00
2026-06-06,ERP,Anchor FinDesk,934-235-9388,sales@anchorfindesk.com,https://anchorfindesk.com,3483,Seattle,US,2026-06-06 02:06:29
2026-06-06,HR,NimbusShiftDesk,+18029777318,hello@nimbusshiftdesk.co,https://www.nimbusshiftdesk.co,135,Dublin,IE,2026-06-06 03:14:59
2026-06-06,ERP,GraniteBatch Desk,(210) 220-1163,info@granitebatchdesk.io,https://www.granitebatchdesk.io,75,Raleigh,US,2026-06-06 03:27:37
2026-06-06,Medical,RidgeMedApp,756.831.1939,hello@ridgemedapp.com,https://www.ridgemedapp.com,190,Phoenix,US,2026-06-06 03:19:21
2026-06-06,LMS,RidgewayTutor Platform,+17116317824,hello@ridgewaytutorplatform.com,https://www.ridgewaytutorplatform.com,755,Toronto,CA,2026-06-06 06:23:54
2026-06-06,HR,Quartz Culture Manpower Services,6536403734,contact@quartzculturemanpowerservices.io,https://quartzculturemanpowerservices.io,90,Phoenix,US,2026-06-06 03:57:48
2026-06-06,Medical,PioneerVital Systems,649-622-0080,hello@pioneervitalsystems.co,https://www.pioneervitalsystems.co,13,Atlanta,US,2026-06-06 01:53:23
2026-06-06,Legal,UmbraBrief Hub,1-215-622-9873 ext. 76,contact@umbrabriefhub.io,https://umbrabriefhub.io,163,,US,2026-06-06 04:15:45
2026-06-06,HR,OrbitOnboardLogic,389.435.4686,sales@orbitonboardlogic.co,orbitonboardlogic.co,140,Berlin,DE,2026-06-06 06:32:38
2026-06-06,MSP Platform,Ember EndpointBase,+17813415701,hello@emberendpointbase.com,https://emberendpointbase.com,93,Denver,US,2026-06-06 01:48:13
2026-06-06,Medical,OmniVitalSolutions,444-649-4373 ext. 2,contact@omnivitalsolutions.co,https://www.omnivitalsolutions.co,9,Melbourne,AU,2026-06-06 01:42:03
2026-06-06,HR,SableBenefitSphere,298-384-4374,,sablebenefitsphere.co,191,Columbus,US,2026-06-06 01:34:17
2026-06-06,MSP Platform,ZenGrid Hub,664-414-1141,contact@zengridhub.com,https://zengridhub.com,18,Calgary,CA,2026-06-06 03:47:46
2026-06-06,HR,ZephyrOnboard Core,(884) 652-4507,sales@zephyronboardcore.com,zephyronboardcore.com,75,null,DE,2026-06-06 04:13:21
2026-06-06,HR,GoldenPerform Suite,+14696439463,contact@goldenperformsuite.com,https://www.goldenperformsuite.com,220,Atlanta,US,2026-06-06 05:37:16
2026-06-06,Legal,IronVerdictPlatform,+1 (981) 768-1095,hello@ironverdictplatform.com,ironverdictplatform.com,11,Phoenix,US,2026-06-06 01:03:23
2026-06-06,MSP Platform,AnchorStackDynamics,+1 (646) 655-8704,info@anchorstackdynamics.com,https://www.anchorstackdynamics.com,76,Seattle,US,2026-06-06 04:35:48
2026-06-06,ERP,IndigoLedger Logic,(389) 774-1510,contact@indigoledgerlogic.com,https://indigoledgerlogic.com,31,London,UK,2026-06-06 03:13:07
2026-06-06,Medical,WillowPatient Soft,9324280274,sales@willowpatientsoft.com,willowpatientsoft.com,29,Chicago,US,2026-06-06 06:48:19
2026-06-06,Medical,VertexPatient Desk,315-875-8615,hello@vertexpatientdesk.net,https://www.vertexpatientdesk.net,19,Atlanta,US,2026-06-06 02:18:22
2026-06-06,Medical,MetaChart Base,+14048415397 ext. 99,info@metachartbase.com,https://metachartbase.com,2032,Columbus,US,2026-06-06 06:44:41
2026-06-06,HR,Pioneer TalentBase,2236845408,hello@pioneertalentbase.co,https://www.pioneertalentbase.co,16,Tampa,US,2026-06-06 06:22:11
2026-06-06,ERP,CrestOrderSuite,253.201.7509,contact@crestordersuite.com,https://crestordersuite.com,14,Manchester,UK,2026-06-06 01:48:54
2026-06-06,Legal,XenonBriefTech,(299) 802-3999,,https://xenonbrieftech.com,70,Denver,US,2026-06-06 03:13:34
2026-06-06,HR,RapidCulture Labs,686.208.2386,sales@rapidculturelabs.com,rapidculturelabs.com,20,Denver,US,2026-06-06 03:32:17
2026-06-06,Medical,FalconCare Hub,+16872690405,contact@falconcarehub.com,https://falconcarehub.com,17,Leeds,UK,2026-06-06 05:52:16
2026-06-06,Legal,AtlasCompli Flow,361-722-5217,contact@atlascompliflow.net,https://atlascompliflow.net,17,Raleigh,US,2026-06-06 06:08:34
2026-06-06,Legal,KeystoneVerdictHub,679-937-7054,sales@keystoneverdicthub.net,https://www.keystoneverdicthub.net,47,Columbus,US,2026-06-06 01:42:36
2026-06-06,ERP,Zephyr StockCloud,1-741-666-9139,contact@zephyrstockcloud.com,https://www.zephyrstockcloud.com,600,Boston,US,2026-06-06 03:50:49
2026-06-06,ERP,VeloFin Core,1-851-966-3870,sales@velofincore.io,velofincore.io,60,Melbourne,AU,2026-06-06 06:17:00
2026-06-06,MSP Platform,RavenUptimeFlow,(358) 742-8209,info@ravenuptimeflow.com,https://www.ravenuptimeflow.com,282,Berlin,DE,2026-06-06 01:31:16
2026-06-06,ERP,TrueLedger Systems,1-499-387-4028 ext. 30,contact@trueledgersystems.com,https://www.trueledgersystems.com,158,Austin,US,2026-06-06 06:55:19
2026-06-06,Medical,ArchTriageSync,+17809220106,sales@archtriagesync.com,https://archtriagesync.com,18,Seattle,US,2026-06-06 02:37:22
2026-06-06,ERP,IndigoFin Suite,+1 (505) 474-4754,sales@indigofinsuite.com,https://indigofinsuite.com,518,Austin,US,2026-06-06 06:58:45
2026-06-06,Medical,PioneerVital Tech,1-468-803-2002,hello@pioneervitaltech.com,https://www.pioneervitaltech.com,112,Raleigh,US,2026-06-06 06:36:30
2026-06-06,LMS,SolidLearn Sync,1-855-933-2822,contact@solidlearnsync.com,https://solidlearnsync.com,15,Austin,US,2026-06-06 01:32:29
2026-06-06,HR,SabléCulturePlatform,9678240780,hello@sablecultureplatform.com,https://www.sablecultureplatform.com,25,N/A,CA,2026-06-06 03:21:16
2026-06-06,MSP Platform,DeltaStackTech,298-909-7780,hello@deltastacktech.com,https://www.deltastacktech.com,37,Toronto,CA,2026-06-06 06:46:19
2026-06-06,Medical,NovaClinicSystems,1-957-392-8179,sales@novaclinicsystems.com,https://novaclinicsystems.com,7,Phoenix,US,2026-06-06 02:13:11
2026-06-06,ERP,BlueStock Works,237.769.6577,,https://bluestockworks.com,10,Seattle,US,2026-06-06 03:47:41
2026-06-06,ERP,PolarisChain Logic,+17129836922,sales@polarischainlogic.io,https://www.polarischainlogic.io,28,Leeds,UK,2026-06-06 01:33:00
2026-06-06,Legal,Indigo DocketSync,969.404.3724,info@indigodocketsync.net,https://indigodocketsync.net,188,Chicago,US,2026-06-06 05:28:51
2026-06-06,Medical,PivotMed Sync,9566600329,info@pivotmedsync.com,pivotmedsync.com,4636,Austin,US,2026-06-06 03:02:08
2026-06-06,MSP Platform,FusionTicketBase,1-770-746-8384,sales@fusionticketbase.net,https://www.fusionticketbase.net,18,Columbus,US,2026-06-06 01:37:09
2026-06-06,ERP,PioneerForgePoint,(759) 961-5721,info@pioneerforgepoint.com,https://www.pioneerforgepoint.com,225,Tampa,US,2026-06-06 05:30:56
2026-06-06,MSP Platform,ZephyrNode Sync,(555) 290-0104,hello@zephyrnodesync.io,https://www.zephyrnodesync.io,18,Boston,US,2026-06-06 05:17:57
2026-06-06,Medical,NimbusHealth Soft,1-688-903-7804,contact@nimbushealthsoft.io,https://www.nimbushealthsoft.io,31,Melbourne,AU,2026-06-06 06:40:59
2026-06-06,MSP Platform,RidgeEndpoint Desk,204-628-3899,contact@ridgeendpointdesk.io,https://www.ridgeendpointdesk.io,6,Raleigh,US,2026-06-06 01:42:24
2026-06-06,ERP,QuantumPlanSolutions,(252) 597-5270,info@quantumplansolutions.net,https://www.quantumplansolutions.net,78,Toronto,CA,2026-06-06 03:54:41
2026-06-06,ERP,Bright ChainTech,+13585818775,hello@brightchaintech.com,https://www.brightchaintech.com,12,Austin,US,2026-06-06 06:34:07
2026-06-06,HR,CobaltOnboard Flow,8928184089,info@cobaltonboardflow.com,https://www.cobaltonboardflow.com,16,London,UK,2026-06-06 04:35:45
2026-06-06,Legal,Falcon CompliSystems,(636) 305-1782,info@falconcomplisystems.com,https://www.falconcomplisystems.com,346,Vancouver,CA,2026-06-06 02:02:05
2026-06-06,MSP Platform,ClearStack Works,1-812-837-2558,contact@clearstackworks.com,https://www.clearstackworks.com,8,Manchester,UK,2026-06-06 01:10:42
2026-06-06,Legal,BeaconVerdict Systems,486.905.8922,contact@beaconverdictsystems.net,https://www.beaconverdictsystems.net,30,Columbus,US,2026-06-06 03:56:20
2026-06-06,LMS,PionéerLessonSystems,04115670431,hello@pioneerlessonsystems.com,https://www.pioneerlessonsystems.com,26,Denver,US,2026-06-06 02:09:43
2026-06-06,HR,ArchOnboard Cloud,485-796-7216,info@archonboardcloud.com,https://www.archonboardcloud.com,35,Amsterdam,NL,2026-06-06 02:42:01
2026-06-06,ERP,IronForge Cloud,+17548737781,hello@ironforgecloud.com,https://www.ironforgecloud.com,7,Denver,US,2026-06-06 03:07:20
2026-06-06,HR,AnchorTeam Works,9353089249 ext. 36,info@anchorteamworks.net,https://anchorteamworks.net,86,Columbus,US,2026-06-06 04:47:14
2026-06-06,ERP,Halo LedgerSuite,+1 (495) 586-5241,hello@haloledgersuite.com,haloledgersuite.com,99,Phoenix,US,2026-06-06 02:46:26
2026-06-06,Medical,Bright TriageWorks,(943) 266-0727,contact@brighttriageworks.com,https://brighttriageworks.com,178,Phoenix,US,2026-06-06 03:38:38
2026-06-06,HR,Iron CultureSolutions,7594527727,contact@ironculturesolutions.io,https://www.ironculturesolutions.io,42,Munich,DE,2026-06-06 05:47:34
2026-06-06,MSP Platform,HaloUptime Flow,(498) 834-7153,hello@halouptimeflow.net,https://www.halouptimeflow.net,408,Chicago,US,2026-06-06 06:45:44
2026-06-06,Legal,AnchorVerdictDesk,(224) 847-6314,contact@anchorverdictdesk.com,https://www.anchorverdictdesk.com,12,Islamabad,PK,2026-06-06 06:30:57
2026-06-06,Medical,Ember TriageTech,744-773-7428,hello@embertriagetech.com,https://embertriagetech.com,15,Raleigh,US,2026-06-06 02:20:32
2026-06-06,ERP,JuniperLedger Flow,(289) 808-0138,hello@juniperledgerflow.com,https://www.juniperledgerflow.com,399,Raleigh,US,2026-06-06 04:32:05
2026-06-06,ERP,Atlas ForgePoint,(590) 702-3219,sales@atlasforgepoint.com,https://atlasforgepoint.com,238,Columbus,US,2026-06-06 04:13:27
2026-06-06,Medical,Golden PulseLogic,(617) 317-4899,hello@goldenpulselogic.co,https://goldenpulselogic.co,288,Munich,DE,2026-06-06 01:54:34
2026-06-06,MSP Platform,IndigoNetDesk,+18929948285,contact@indigonetdesk.com,indigonetdesk.com,230,Chicago,US,2026-06-06 06:47:07
2026-06-06,ERP,Fusion OrderApp,213-766-9073,hello@fusionorderapp.com,https://www.fusionorderapp.com,91,Atlanta,US,2026-06-06 06:52:13
2026-06-06,Legal,XenonCompli Works,+14423361561,hello@xenoncompliworks.com,https://xenoncompliworks.com,24,Tampa,US,2026-06-06 05:40:03
2026-06-06,Legal,Crest DocketPoint,+1 (467) 708-5856,hello@crestdocketpoint.com,https://crestdocketpoint.com,106,Atlanta,US,2026-06-06 01:33:05
2026-06-06,MSP Platform,PolarisUptime Systems,1-414-888-1585,sales@polarisuptimesystems.com,https://www.polarisuptimesystems.com,401,Lahore,PK,2026-06-06 01:12:30
2026-06-06,HR,TidalTeamSuite,+19216082276,contact@tidalteamsuite.com,https://www.tidalteamsuite.com,12,Bengaluru,IN,2026-06-06 03:04:15
2026-06-06,MSP Platform,Polaris GridCore,1-630-212-6707,contact@polarisgridcore.com,https://polarisgridcore.com,39,Phoenix,US,2026-06-06 02:06:19
2026-06-06,ERP,KeystoneOps Labs,806-266-2486,hello@keystoneopslabs.io,https://www.keystoneopslabs.io,127,London,UK,2026-06-06 06:18:26
2026-06-06,Legal,Lattice BriefWorks,211-540-0222,-,https://www.latticebriefworks.com,10,Leeds,UK,2026-06-06 03:18:45
2026-06-06,Legal,Delta MatterSystems,+12759704567,null,https://www.deltamattersystems.io,564,Columbus,US,2026-06-06 03:06:09
2026-06-06,Medical,CrownVital Suite,+1 (356) 708-5795,sales@crownvitalsuite.com,https://www.crownvitalsuite.com,5,Atlanta,US,2026-06-06 05:28:04
2026-06-06,ERP,CoreBatchCore,+1 (486) 851-7760,sales@corebatchcore.io,https://corebatchcore.io,8,Raleigh,US,2026-06-06 06:36:11
2026-06-06,HR,ApexPayrollApp,+17368065235,contact@apexpayrollapp.co,https://www.apexpayrollapp.co,266,Pune,IN,2026-06-06 02:33:39
2026-06-06,MSP Platform,IronNodeBase,285-848-0470,info@ironnodebase.com,https://www.ironnodebase.com,73,Columbus,US,2026-06-06 04:43:53
2026-06-06,MSP Platform,Lattice EndpointApp,1-622-217-3127,contact@latticeendpointapp.io,https://www.latticeendpointapp.io,49,Atlanta,US,2026-06-06 02:01:42
2026-06-06,ERP,Pioneer ChainDynamics,+15209195223,info@pioneerchaindynamics.com,https://www.pioneerchaindynamics.com,761,Boston,US,2026-06-06 06:27:01
2026-06-06,ERP,OnyxStockDesk,+15886616635 ext. 69,sales@onyxstockdesk.com,https://www.onyxstockdesk.com,484,Amsterdam,NL,2026-06-06 06:20:01
2026-06-06,ERP,CrestResourceLogic,+13422805542,sales@crestresourcelogic.com,https://crestresourcelogic.com,14,Chicago,US,2026-06-06 04:54:55
2026-06-06,LMS,RidgeTutor Sync,+19268234107,info@ridgetutorsync.com,https://www.ridgetutorsync.com,21,Amsterdam,NL,2026-06-06 03:51:46
2026-06-06,MSP Platform,PolarisStack Point,(749) 379-4868,hello@polarisstackpoint.net,https://www.polarisstackpoint.net,5,Pune,IN,2026-06-06 06:36:44
2026-06-06,ERP,Tidal OrderCore,408.697.7367,hello@tidalordercore.com,https://tidalordercore.com,4599,Raleigh,US,2026-06-06 04:51:49
2026-06-06,HR,Raven ShiftCore,387.221.4869,hello@ravenshiftcore.com,https://www.ravenshiftcore.com,9,Raleigh,US,2026-06-06 01:15:35
2026-06-06,MSP Platform,True StackDesk,9613747995,contact@truestackdesk.io,truestackdesk.io,7,Singapore,SG,2026-06-06 01:25:54
2026-06-06,Medical,Granite Patient Manpower Services,+18765886406,sales@granitepatientmanpowerservices.co,https://www.granitepatientmanpowerservices.co,20,Phoenix,US,2026-06-06 06:37:00
2026-06-06,ERP,RidgeChainSolutions,3274287748,sales@ridgechainsolutions.com,https://www.ridgechainsolutions.com,701,Tampa,US,2026-06-06 01:36:03
2026-06-06,MSP Platform,Halo StackDesk,5712655173,hello@halostackdesk.net,halostackdesk.net,11,Tampa,US,2026-06-06 04:40:38
2026-06-06,ERP,PivotFin Hub,(804) 830-4153,hello@pivotfinhub.io,https://www.pivotfinhub.io,13,Hyderabad,IN,2026-06-06 04:47:04
2026-06-06,HR,Velo Perform Staffing,227.298.4788,hello@veloperformstaffing.io,https://www.veloperformstaffing.io,109,Toronto,CA,2026-06-06 03:45:11
2026-06-06,Legal,Ridgeway FilingTech,(740) 992-0274 ext. 51,info@ridgewayfilingtech.net,ridgewayfilingtech.net,1544,Amsterdam,NL,2026-06-06 02:09:52
2026-06-06,HR,UmbraPayrollLogic,887-533-8585,contact@umbrapayrolllogic.com,https://www.umbrapayrolllogic.com,554,Atlanta,US,2026-06-06 06:32:13
2026-06-06,ERP,CrownBatch Desk,(417) 640-8680,sales@crownbatchdesk.co,https://crownbatchdesk.co,249,Tampa,US,2026-06-06 06:07:54
2026-06-06,Medical,LumenRx Systems,09495129801,sales@lumenrxsystems.net,https://www.lumenrxsystems.net,888,Raleigh,US,2026-06-06 01:45:19
2026-06-06,HR,HarborPayrollPoint,+19028395421,sales@harborpayrollpoint.com,https://harborpayrollpoint.com,,Melbourne,AU,2026-06-06 03:31:05
2026-06-06,LMS,CrestMentorLogic,860-879-6193,sales@crestmentorlogic.com,https://www.crestmentorlogic.com,68,Boston,US,2026-06-06 05:40:15
2026-06-06,Medical,IronHealthSphere,420-821-5913,info@ironhealthsphere.com,https://www.ironhealthsphere.com,8,Islamabad,PK,2026-06-06 01:53:06
2026-06-06,MSP Platform,JuniperUptime Labs,07224844500,sales@juniperuptimelabs.net,https://www.juniperuptimelabs.net,529,Denver,US,2026-06-06 04:21:22
2026-06-06,ERP,RapidOps Flow,708-683-3061,sales@rapidopsflow.com,https://www.rapidopsflow.com,-,Tampa,US,2026-06-06 02:00:43
2026-06-06,ERP,AnchorForge Tech,(647) 924-3098,hello@anchorforgetech.com,https://www.anchorforgetech.com,227,Leeds,UK,2026-06-06 01:06:10
2026-06-06,HR,Umbra OnboardTech,300-391-4956,sales@umbraonboardtech.com,umbraonboardtech.com,N/A,Toronto,CA,2026-06-06 02:14:58
2026-06-06,HR,RidgeTalent Labs,9632118187,sales@ridgetalentlabs.com,https://ridgetalentlabs.com,185,Denver,US,2026-06-06 04:52:04
2026-06-06,MSP Platform,RavenTicketBase,(226) 512-2703,hello@raventicketbase.com,https://www.raventicketbase.com,8,Atlanta,US,2026-06-06 06:18:47
2026-06-06,MSP Platform,ZephyrEndpoint Works,767-666-0600,info@zephyrendpointworks.com,https://www.zephyrendpointworks.com,234,Boston,US,2026-06-06 06:10:25
2026-06-06,LMS,SilverTrainApp,503-786-5978,info@silvertrainapp.com,silvertrainapp.com,3697,Phoenix,US,2026-06-06 04:47:41
2026-06-06,ERP,PrimeChainDesk,+15216979338,hello@primechaindesk.com,https://www.primechaindesk.com,19,Columbus,US,2026-06-06 02:13:39
2026-06-06,MSP Platform,RidgeNet Soft,747-238-4818 ext. 57,contact@ridgenetsoft.com,https://www.ridgenetsoft.com,461,Melbourne,AU,2026-06-06 04:10:36
2026-06-06,HR,CrownPeopleSystems,9389017518,contact@crownpeoplesystems.com,https://crownpeoplesystems.com,8,Dublin,IE,2026-06-06 02:05:09
2026-06-06,ERP,IronForgeCloud,959.921.3246 ext. 33,sales@ironforgecloud.co,https://www.ironforgecloud.co,45,Raleigh,US,2026-06-06 05:56:15
2026-06-06,MSP Platform,Silver RemotePlatform,560.657.7789,contact@silverremoteplatform.com,https://silverremoteplatform.com,74,Columbus,US,2026-06-06 01:30:36
2026-06-06,ERP,SilverBatch Base,+17526795346,hello@silverbatchbase.com,https://www.silverbatchbase.com,46,Columbus,US,2026-06-06 01:45:03
2026-06-06,MSP Platform,VeloGridSoft,+12583199741,hello@velogridsoft.io,velogridsoft.io,89,Tampa,US,2026-06-06 01:28:07
2026-06-06,ERP,PolarisStockSystems,578.779.8732,info@polarisstocksystems.com,polarisstocksystems.com,564,Denver,US,2026-06-06 02:04:40
2026-06-06,Medical,IndigoRosterTech,621-728-3181,contact@indigorostertech.io,https://www.indigorostertech.io,8,Toronto,CA,2026-06-06 01:43:38
2026-06-06,HR,ApexShift Soft,+1 (246) 523-5177,hello@apexshiftsoft.com,https://www.apexshiftsoft.com,36,Boston,US,2026-06-06 03:33:16
2026-06-06,Medical,Umbra PulseLogic,534-421-1338,contact@umbrapulselogic.com,https://www.umbrapulselogic.com,516,Phoenix,US,2026-06-06 05:56:34
2026-06-06,Medical,Omni VitalPlatform,7283240024,info@omnivitalplatform.co,https://omnivitalplatform.co,84,Raleigh,US,2026-06-06 03:13:41
2026-06-06,Legal,Zen CounselPoint,647.948.8273,hello@zencounselpoint.com,https://zencounselpoint.com,226,Chicago,US,2026-06-06 03:16:46
2026-06-06,HR,Golden ShiftCore,(666) 360-5916,hello@goldenshiftcore.io,https://www.goldenshiftcore.io,77,Munich,DE,2026-06-06 02:59:47
2026-06-06,LMS,BrightCohortPlatform,1-745-477-7761,info@brightcohortplatform.io,https://www.brightcohortplatform.io,1228,Chicago,US,2026-06-06 05:30:57
2026-06-06,ERP,PrimeBatch Systems,+1 (473) 691-2141,hello@primebatchsystems.com,https://www.primebatchsystems.com,46,Chicago,US,2026-06-06 05:29:14
2026-06-06,Legal,Vertex CounselHub,+19453278365,sales@vertexcounselhub.com,https://www.vertexcounselhub.com,50,Phoenix,US,2026-06-06 02:43:49
2026-06-06,ERP,RavenForgeFlow,297-614-2188,sales@ravenforgeflow.io,https://www.ravenforgeflow.io,256,London,UK,2026-06-06 01:45:30
2026-06-06,Medical,TrueRx Systems,+13407793770,hello@truerxsystems.co,https://www.truerxsystems.co,18,Denver,US,2026-06-06 02:26:01
2026-06-06,LMS,RidgewayTutor Suite,472.561.8657,contact@ridgewaytutorsuite.net,https://www.ridgewaytutorsuite.net,36,Seattle,US,2026-06-06 01:52:47
2026-06-06,MSP Platform,FusionRemoteSystems,1-275-237-9918,hello@fusionremotesystems.com,https://www.fusionremotesystems.com,239,Austin,US,2026-06-06 02:02:24
2026-06-06,MSP Platform,SilvérEndpointPlatform,+13883623996,hello@silverendpointplatform.io,silverendpointplatform.io,305,N/A,UK,2026-06-06 03:27:11
2026-06-06,MSP Platform,Juniper MonitorSync,+19709059467,contact@junipermonitorsync.net,junipermonitorsync.net,14,Dublin,IE,2026-06-06 02:08:07
2026-06-06,HR,DeltaCulturePoint,7952631056,sales@deltaculturepoint.net,https://www.deltaculturepoint.net,77,Amsterdam,NL,2026-06-06 06:34:19
2026-06-06,ERP,Omni ForgePoint,512-581-9309,hello@omniforgepoint.net,omniforgepoint.net,36,Bengaluru,IN,2026-06-06 05:28:02
2026-06-06,ERP,ApexBatch Sphere,+15197418898,sales@apexbatchsphere.co,https://www.apexbatchsphere.co,631,Phoenix,US,2026-06-06 02:10:42
2026-06-06,ERP,Lattice PlanDesk,(739) 656-4090,hello@latticeplandesk.com,https://www.latticeplandesk.com,3270,Austin,US,2026-06-06 02:11:00
2026-06-06,ERP,MosaicPlanTech,+15458263873,hello@mosaicplantech.io,https://www.mosaicplantech.io,60,Phoenix,US,2026-06-06 04:27:26
2026-06-06,Legal,CrestBriefLabs,9459668646,hello@crestbrieflabs.co,https://www.crestbrieflabs.co,17,Raleigh,US,2026-06-06 06:10:53
2026-06-06,HR,NimbusRoster Sync,320-901-5428,info@nimbusrostersync.com,https://www.nimbusrostersync.com,4001,Dublin,IE,2026-06-06 02:59:06
2026-06-06,HR,Indigo ShiftSphere,434-401-2036,sales@indigoshiftsphere.net,https://www.indigoshiftsphere.net,283,Berlin,DE,2026-06-06 02:06:59
2026-06-06,MSP Platform,Prime MonitorPlatform,5602654981,contact@primemonitorplatform.com,https://www.primemonitorplatform.com,21,Phoenix,US,2026-06-06 03:20:31
2026-06-06,Medical,Falcon CareLogic,619-919-0030,sales@falconcarelogic.com,https://falconcarelogic.com,32,Toronto,CA,2026-06-06 05:56:04
2026-06-06,HR,OnyxCulture Cloud,(621) 448-1436,sales@onyxculturecloud.com,https://onyxculturecloud.com,687,Islamabad,PK,2026-06-06 05:37:02
2026-06-06,ERP,NorthBatchLogic’s,4456147531,info@northbatchlogic.com,https://www.northbatchlogic.com,29,Sydney,AU,2026-06-06 06:43:16
2026-06-06,ERP,SableOpsPlatform,(916) 658-1545,hello@sableopsplatform.com,sableopsplatform.com,182,Raleigh,US,2026-06-06 03:58:54
2026-06-06,Legal,WillowMatter Hub,(317) 540-8565,sales@willowmatterhub.com,https://willowmatterhub.com,10,Boston,US,2026-06-06 05:52:27
2026-06-06,Legal,LumenVerdictLabs,6942053516,info@lumenverdictlabs.com,https://www.lumenverdictlabs.com,4035,Vancouver,CA,2026-06-06 06:41:19
2026-06-06,Legal,BlueCounsel Base,1-785-818-1250,contact@bluecounselbase.com,https://www.bluecounselbase.com,12,Pune,IN,2026-06-06 05:19:44
2026-06-06,Medical,KeystoneVital Cloud,683-787-9097,hello@keystonevitalcloud.io,keystonevitalcloud.io,781,Sydney,AU,2026-06-06 05:04:02
2026-06-06,ERP,North ForgéSolutions,3063013131,sales@northforgesolutions.com,https://northforgesolutions.com,52,Munich,DE,2026-06-06 02:37:02
2026-06-06,Legal,SolidDocketBase,(360) 775-1892 ext. 46,hello@soliddocketbase.net,https://soliddocketbase.net,46,Columbus,US,2026-06-06 06:35:28
2026-06-06,ERP,JuniperLedger Works,+15486003782,contact@juniperledgerworks.com,https://www.juniperledgerworks.com,24,Boston,US,2026-06-06 01:55:54
2026-06-06,ERP,VistaBatchPoint,220-438-2608,info@vistabatchpoint.com,vistabatchpoint.com,65,Boston,US,2026-06-06 01:48:13
2026-06-06,Legal,CedarClauseCloud,(346) 862-9373,sales@cedarclausecloud.co,https://www.cedarclausecloud.co,145,Atlanta,US,2026-06-06 04:33:08
2026-06-06,Legal,ArchBriefDesk,+1 (512) 603-7721,sales@archbriefdesk.com,https://www.archbriefdesk.com,40,Munich,DE,2026-06-06 05:20:01
2026-06-06,ERP,LumenPlan Desk,4148758357,info@lumenplandesk.com,lumenplandesk.com,215,Tampa,US,2026-06-06 01:57:35
2026-06-06,MSP Platform,CedarMonitor Sync,824-594-7419 ext. 75,hello@cedarmonitorsync.com,https://www.cedarmonitorsync.com,956,Phoenix,US,2026-06-06 02:05:10
2026-06-06,ERP,FalconChainPlatform,+16688333088,contact@falconchainplatform.com,https://www.falconchainplatform.com,13,Atlanta,US,2026-06-06 04:49:26
2026-06-06,HR,ZephyrShiftLabs,395.590.1285,sales@zephyrshiftlabs.co,https://zephyrshiftlabs.co,22,Melbourne,AU,2026-06-06 04:24:54
2026-06-06,ERP,HaloOps Sphere,+1 (982) 988-6301,info@haloopssphere.co,https://www.haloopssphere.co,7,London,UK,2026-06-06 06:29:25
2026-06-06,ERP,FusionBatchDesk,696.952.8984,-,https://www.fusionbatchdesk.com,330,Raleigh,US,2026-06-06 05:04:02
2026-06-06,ERP,KeystoneOps Sphere,+12876858702,sales@keystoneopssphere.io,https://www.keystoneopssphere.io,7,Dublin,IE,2026-06-06 02:42:33
2026-06-06,Medical,North ClinicSuite,+17404763399,sales@northclinicsuite.com,https://northclinicsuite.com,6,Seattle,US,2026-06-06 01:59:41
2026-06-06,Medical,Willow VitalWorks,6437446638 ext. 6,info@willowvitalworks.com,https://www.willowvitalworks.com,528,Denver,US,2026-06-06 03:13:46
2026-06-06,LMS,HarborPath Solutions,+18232312071 ext. 62,sales@harborpathsolutions.com,https://www.harborpathsolutions.com,93,Denver,US,2026-06-06 05:16:27
2026-06-06,HR,HarborShift Works,1-962-833-5437,hello@harborshiftworks.co,https://harborshiftworks.co,43,Amsterdam,NL,2026-06-06 01:07:43
2026-06-06,ERP,NovaPlan App,+1 (738) 385-5613,contact@novaplanapp.com,https://novaplanapp.com,39,London,UK,2026-06-06 05:39:59
2026-06-06,ERP,LumenForge Base,1-908-439-1975,info@lumenforgebase.com,https://www.lumenforgebase.com,934,London,UK,2026-06-06 01:21:29
2026-06-06,ERP,VistaOps Tech,+14716513311,-,https://www.vistaopstech.co,38,Phoenix,US,2026-06-06 06:39:15
2026-06-06,ERP,AnchorBatch Dynamics,222.625.5642,info@anchorbatchdynamics.com,https://anchorbatchdynamics.com,32,Columbus,US,2026-06-06 04:12:37
2026-06-06,HR,BoldTeamCloud,+12203469616,info@boldteamcloud.com,boldteamcloud.com,100,Phoenix,US,2026-06-06 02:36:46
2026-06-06,HR,Juniper PerformCore,+1 (949) 722-4555,info@juniperperformcore.net,https://juniperperformcore.net,248,Columbus,US,2026-06-06 02:37:02
2026-06-06,Legal,SolidMatterDynamics,+1 (968) 539-9052,info@solidmatterdynamics.io,https://solidmatterdynamics.io,77,Chicago,US,2026-06-06 05:36:46
2026-06-06,HR,ZephyrShift Desk,842-753-0837,hello@zephyrshiftdesk.com,https://www.zephyrshiftdesk.com,8,Chicago,US,2026-06-06 03:45:00
2026-06-06,HR,Sable RosterWorks,(481) 296-0163,contact@sablerosterworks.com,https://www.sablerosterworks.com,232,Denver,US,2026-06-06 03:50:28
2026-06-06,MSP Platform,Bold RemoteDesk,8247077343,sales@boldremotedesk.com,https://www.boldremotedesk.com,382,Denver,US,2026-06-06 05:05:55
2026-06-06,HR,ZenTalentPlatform,516-786-8493,sales@zentalentplatform.com,https://www.zentalentplatform.com,35,null,US,2026-06-06 05:56:37
2026-06-06,ERP,BrightResource App,(576) 756-2281,contact@brightresourceapp.co,https://www.brightresourceapp.co,37,Amsterdam,NL,2026-06-06 05:26:24
2026-06-06,Medical,OmniMed Logic,(756) 330-6020,contact@omnimedlogic.com,https://omnimedlogic.com,4710,Dublin,IE,2026-06-06 06:34:30
2026-06-06,MSP Platform,RidgewayNodeWorks,(290) 304-4348,sales@ridgewaynodeworks.com,ridgewaynodeworks.com,81,Tampa,US,2026-06-06 02:24:45
2026-06-06,ERP,Sable ResourceSync,+17315564660,sales@sableresourcesync.com,https://www.sableresourcesync.com,8,Seattle,US,2026-06-06 05:47:55
2026-06-06,Legal,Meta ClauseApp,+17606369679 ext. 73,hello@metaclauseapp.com,metaclauseapp.com,88,Phoenix,US,2026-06-06 06:50:21
2026-06-06,ERP,SolidChainTech,+1 (553) 259-1566,info@solidchaintech.com,https://www.solidchaintech.com,543,Atlanta,US,2026-06-06 01:03:44
2026-06-06,HR,Meta PayrollDynamics,+13625859153,sales@metapayrolldynamics.co,https://www.metapayrolldynamics.co,38,Atlanta,US,2026-06-06 01:53:14
2026-06-06,Medical,PioneerMedDesk,+1 (444) 318-5794,contact@pioneermeddesk.io,pioneermeddesk.io,206,Calgary,CA,2026-06-06 04:03:56
2026-06-06,Legal,BoldClauseLogic,+1 (440) 614-4333,info@boldclauselogic.com,https://www.boldclauselogic.com,469,N/A,US,2026-06-06 05:05:58
2026-06-06,HR,NovaTalent Soft,+12933909762,info@novatalentsoft.com,https://www.novatalentsoft.com,426,Calgary,CA,2026-06-06 06:54:36
2026-06-06,Medical,RidgeRxLabs,(941) 969-9719 ext. 99,,https://www.ridgerxlabs.com,32,Singapore,SG,2026-06-06 05:03:56
2026-06-06,Medical,Keystone CarePoint,+15559246457 ext. 68,info@keystonecarepoint.com,keystonecarepoint.com,16,Denver,US,2026-06-06 05:18:43
2026-06-06,Legal,HarborCaseCloud,899.715.8088,info@harborcasecloud.io,https://www.harborcasecloud.io,99,Pune,IN,2026-06-06 06:46:22
2026-06-06,MSP Platform,Crown UptimeTech,+1 (232) 251-0240,hello@crownuptimetech.net,https://www.crownuptimetech.net,N/A,Leeds,UK,2026-06-06 03:25:36
2026-06-06,MSP Platform,Iron Node Manpower Services,08185933801,info@ironnodemanpowerservices.io,ironnodemanpowerservices.io,8,Denver,US,2026-06-06 01:01:13
2026-06-06,LMS,KeystoneSkillPoint,(464) 480-7207,hello@keystoneskillpoint.com,https://keystoneskillpoint.com,192,Boston,US,2026-06-06 01:20:55
2026-06-06,HR,BeaconRoster Core,279-746-5486,hello@beaconrostercore.co,https://beaconrostercore.co,70,Phoenix,US,2026-06-06 04:32:05
2026-06-06,ERP,Xenon FinPoint,733-374-4300,null,https://www.xenonfinpoint.com,175,Boston,US,2026-06-06 02:29:08
2026-06-06,Medical,VertexChart Base,713.419.5923,contact@vertexchartbase.com,https://vertexchartbase.com,24,Chicago,US,2026-06-06 03:32:31
2026-06-06,LMS,Nova SkillTech,+13864210909,info@novaskilltech.co,novaskilltech.co,480,Hyderabad,IN,2026-06-06 04:48:51
2026-06-06,Legal,Pivot BriefCore,7166889545,hello@pivotbriefcore.com,https://pivotbriefcore.com,51,Phoenix,US,2026-06-06 04:48:14
2026-06-06,Legal,TidalFilingPoint,263.508.0882,hello@tidalfilingpoint.io,https://www.tidalfilingpoint.io,82,Toronto,CA,2026-06-06 02:08:54
2026-06-06,Legal,BeaconCase Base,433-243-2792,info@beaconcasebase.io,https://www.beaconcasebase.io,259,Chicago,US,2026-06-06 04:09:27
2026-06-06,MSP Platform,HarborMonitorLogic,1-780-979-5080,hello@harbormonitorlogic.com,https://www.harbormonitorlogic.com,848,Denver,US,2026-06-06 05:49:19
2026-06-06,HR,BoldPayrollDynamics,8243452480,info@boldpayrolldynamics.com,https://www.boldpayrolldynamics.com,125,Tampa,US,2026-06-06 04:32:31
2026-06-06,MSP Platform,ArchNodePoint,547-637-3946,contact@archnodepoint.io,archnodepoint.io,846,Boston,US,2026-06-06 01:36:25
2026-06-06,Medical,Pivot ChartSystems,975-936-4075,info@pivotchartsystems.com,https://www.pivotchartsystems.com,432,Chicago,US,2026-06-06 04:36:35
2026-06-06,HR,QuantumTeam Logic,(865) 578-6628,info@quantumteamlogic.co,https://www.quantumteamlogic.co,4211,Phoenix,US,2026-06-06 05:55:40
2026-06-06,MSP Platform,IronStack Sync,664-585-6072,sales@ironstacksync.com,https://ironstacksync.com,207,Phoenix,US,2026-06-06 03:35:27
2026-06-06,Legal,Lumen VerdictSync,+14227519940,info@lumenverdictsync.co,https://www.lumenverdictsync.co,57,Austin,US,2026-06-06 01:33:49
2026-06-06,Medical,Onyx HealthTech,1-350-419-1505,sales@onyxhealthtech.io,https://www.onyxhealthtech.io,14,Atlanta,US,2026-06-06 05:14:20
2026-06-06,HR,XenonShift Sync,+18888494529,info@xenonshiftsync.com,https://xenonshiftsync.com,455,Chicago,US,2026-06-06 04:05:42
2026-06-06,MSP Platform,True MonitorHub,+1 (576) 313-3956,sales@truemonitorhub.net,https://www.truemonitorhub.net,240,Atlanta,US,2026-06-06 03:31:07
2026-06-06,ERP,Bold PlanTech,+18757858563 ext. 48,contact@boldplantech.com,https://www.boldplantech.com,47,Tampa,US,2026-06-06 02:05:40
2026-06-06,ERP,RidgeOpsFlow,(323) 238-1876,info@ridgeopsflow.com,https://www.ridgeopsflow.com,95,Atlanta,US,2026-06-06 04:49:51
2026-06-06,HR,Lattice OnboardSoft,+18455010538,info@latticeonboardsoft.co,https://latticeonboardsoft.co,18,Vancouver,CA,2026-06-06 04:23:09
2026-06-06,Legal,SableCompliDesk,906-508-8522,contact@sablecomplidesk.io,https://www.sablecomplidesk.io,209,Atlanta,US,2026-06-06 04:28:27
2026-06-06,HR,Polaris BenefitFlow,6664014676,contact@polarisbenefitflow.co,polarisbenefitflow.co,35,Melbourne,AU,2026-06-06 01:10:17
2026-06-06,Medical,ZephyrPatient Point,1-609-298-6403,hello@zephyrpatientpoint.com,zephyrpatientpoint.com,359,Columbus,US,2026-06-06 01:31:02
2026-06-06,Medical,VeloClinicDynamics,+13074148094,contact@veloclinicdynamics.com,https://www.veloclinicdynamics.com,572,,US,2026-06-06 06:16:00
2026-06-06,ERP,Silver Chain Recruiting,1-564-992-3197,null,https://www.silverchainrecruiting.com,24,Raleigh,US,2026-06-06 06:15:49
2026-06-06,ERP,CrownOrderPlatform,1-945-999-0867,hello@crownorderplatform.net,https://www.crownorderplatform.net,25,Amsterdam,NL,2026-06-06 02:34:04
2026-06-06,HR,OnyxTeam Solutions,(722) 650-7995,info@onyxteamsolutions.com,https://www.onyxteamsolutions.com,2276,Denver,US,2026-06-06 04:28:50
2026-06-06,HR,Lattice PeopleLogic,4037973789,sales@latticepeoplelogic.com,https://www.latticepeoplelogic.com,36,N/A,US,2026-06-06 02:53:31
2026-06-06,LMS,RidgeMentor Sync,+19486231614,N/A,https://www.ridgementorsync.io,45,Tampa,US,2026-06-06 05:22:25
2026-06-06,ERP,Beacon ResourceCore,+1 (468) 352-0985 ext. 24,hello@beaconresourcecore.com,https://www.beaconresourcecore.com,884,Atlanta,US,2026-06-06 06:39:49
2026-06-06,Legal,True FilingWorks,+19053551670,info@truefilingworks.co,https://www.truefilingworks.co,21,London,UK,2026-06-06 02:21:37
2026-06-06,ERP,Ridgeway Resource Talent Agency,+15608736152,sales@ridgewayresourcetalentagency.io,https://www.ridgewayresourcetalentagency.io,720,Sydney,AU,2026-06-06 05:09:23
2026-06-06,Medical,RidgewayRx Logic,238-268-1274,info@ridgewayrxlogic.com,https://www.ridgewayrxlogic.com,76,Leeds,UK,2026-06-06 06:13:15
2026-06-06,ERP,Beacon OrderSoft,792.919.3426,contact@beaconordersoft.com,https://www.beaconordersoft.com,12,Amsterdam,NL,2026-06-06 05:30:57
2026-06-06,Legal,MosaicBrief Platform,8564199065,hello@mosaicbriefplatform.co,mosaicbriefplatform.co,43,Phoenix,US,2026-06-06 03:20:27
2026-06-06,ERP,OnyxPlan Logic,526.478.5649,hello@onyxplanlogic.com,https://www.onyxplanlogic.com,113,Lahore,PK,2026-06-06 05:17:06
2026-06-06,ERP,Quartz PlanHub,(852) 625-5144,contact@quartzplanhub.com,https://www.quartzplanhub.com,106,Columbus,US,2026-06-06 01:48:17
2026-06-06,ERP,PivotResource Logic,750-956-7144,sales@pivotresourcelogic.io,https://www.pivotresourcelogic.io,26,Atlanta,US,2026-06-06 02:50:51
2026-06-06,HR,CedarOnboardSoft’s,+1 (867) 491-0329,sales@cedaronboardsoft.com,https://www.cedaronboardsoft.com,15,Manchester,UK,2026-06-06 01:19:33
2026-06-06,MSP Platform,SummitRemote Soft,1-831-811-1332,sales@summitremotesoft.io,https://www.summitremotesoft.io,2332,Berlin,DE,2026-06-06 03:34:08
2026-06-06,ERP,Xenon FinDesk,664-376-7835 ext. 84,hello@xenonfindesk.com,https://www.xenonfindesk.com,20,Lahore,PK,2026-06-06 02:47:16
2026-06-06,ERP,IndigoChain Sync,444-428-3193,sales@indigochainsync.com,indigochainsync.com,40,Manchester,UK,2026-06-06 04:03:10
2026-06-06,Legal,Beacon LawSystems,(229) 871-1206,sales@beaconlawsystems.net,https://beaconlawsystems.net,55,Chicago,US,2026-06-06 03:20:30
2026-06-06,Legal,ZenCounselPoint,275-368-8240,hello@zencounselpoint.com,https://zencounselpoint.com,49,Columbus,US,2026-06-06 02:43:08
2026-06-06,ERP,BrightPlanSoft,+18992341350,hello@brightplansoft.com,https://www.brightplansoft.com,63,Raleigh,US,2026-06-06 03:02:46
2026-06-06,HR,ClearCulture Dynamics,236-538-4523,sales@clearculturedynamics.com,https://www.clearculturedynamics.com,49,Manchester,UK,2026-06-06 06:01:01
2026-06-06,HR,IronTalentLogic,659.635.1674,contact@irontalentlogic.com,https://www.irontalentlogic.com,117,Raleigh,US,2026-06-06 06:48:24
2026-06-06,ERP,SolidPlanFlow,+1 (903) 647-1112,info@solidplanflow.io,https://solidplanflow.io,190,London,UK,2026-06-06 03:29:39
2026-06-06,LMS,NorthPath Flow,864.490.8196,sales@northpathflow.io,https://northpathflow.io,142,London,UK,2026-06-06 04:35:19
2026-06-06,HR,Golden BenefitLabs,+1 (855) 503-7445,sales@goldenbenefitlabs.co,https://goldenbenefitlabs.co,42,Atlanta,US,2026-06-06 02:45:59
2026-06-06,Medical,Silver PatientSphere,263-301-8735,N/A,https://www.silverpatientsphere.io,114,Leeds,UK,2026-06-06 03:06:30
2026-06-06,HR,FalconCulture Dynamics,+1 (251) 650-7670,info@falconculturedynamics.io,https://falconculturedynamics.io,300,Atlanta,US,2026-06-06 01:58:58
2026-06-06,HR,PrimeShiftDynamics,303-806-5690,contact@primeshiftdynamics.io,https://www.primeshiftdynamics.io,66,Denver,US,2026-06-06 02:28:19
2026-06-06,Legal,Orbit CompliCloud,912-352-9234,info@orbitcomplicloud.com,https://www.orbitcomplicloud.com,7,Manchester,UK,2026-06-06 05:10:41
2026-06-06,HR,GraniteCulture Point,3538530588,hello@graniteculturepoint.co,https://www.graniteculturepoint.co,12,Berlin,DE,2026-06-06 03:00:08
2026-06-06,Medical,SolidClinic Hub,231-787-0301,info@solidclinichub.com,https://www.solidclinichub.com,16,Vancouver,CA,2026-06-06 02:29:32
2026-06-06,ERP,Quartz BatchSoft,+14325302808,info@quartzbatchsoft.co,https://www.quartzbatchsoft.co,194,Boston,US,2026-06-06 01:55:30
2026-06-06,ERP,Rapid ResourceFlow,612.451.4772,contact@rapidresourceflow.io,https://www.rapidresourceflow.io,179,Amsterdam,NL,2026-06-06 03:02:48
2026-06-06,ERP,KeystonePlanSystems,1-651-201-6277,hello@keystoneplansystems.com,https://keystoneplansystems.com,196,Boston,US,2026-06-06 06:12:47
2026-06-06,MSP Platform,NimbusGridSuite,(395) 950-0488,sales@nimbusgridsuite.com,https://www.nimbusgridsuite.com,29,Chicago,US,2026-06-06 03:23:16
2026-06-06,ERP,Alta BatchLogic,(896) 322-6006 ext. 94,null,https://www.altabatchlogic.com,197,Atlanta,US,2026-06-06 03:44:18
2026-06-06,ERP,HarborResourceLogic,489-359-3152,contact@harborresourcelogic.io,https://www.harborresourcelogic.io,75,Chicago,US,2026-06-06 02:25:10
2026-06-06,LMS,PivotLearnLabs,+18946162861,hello@pivotlearnlabs.com,https://www.pivotlearnlabs.com,73,Singapore,SG,2026-06-06 03:25:27
2026-06-06,ERP,Orbit Resource Manpower Services,1-879-368-8648,sales@orbitresourcemanpowerservices.com,https://www.orbitresourcemanpowerservices.com,176,Hyderabad,IN,2026-06-06 02:04:36
2026-06-06,MSP Platform,Onyx GridSuite,6573123223,sales@onyxgridsuite.co,https://www.onyxgridsuite.co,40,Dublin,IE,2026-06-06 06:33:17
2026-06-06,ERP,Cedar BatchPoint,(208) 663-1161,hello@cedarbatchpoint.com,https://www.cedarbatchpoint.com,68,Seattle,US,2026-06-06 06:13:24
2026-06-06,MSP Platform,Ember StackTech,1-398-584-2833 ext. 6,info@emberstacktech.com,https://emberstacktech.com,21,Columbus,US,2026-06-06 01:55:10
2026-06-06,Medical,KeystoneVitalFlow,(920) 470-3635,contact@keystonevitalflow.io,https://www.keystonevitalflow.io,5,London,UK,2026-06-06 02:59:51
2026-06-06,Medical,PioneerPulseSolutions,+1 (681) 462-5995,contact@pioneerpulsesolutions.com,https://pioneerpulsesolutions.com,129,Denver,US,2026-06-06 02:27:30
2026-06-06,Legal,Granite Clause Recruiting,(459) 224-3576,sales@graniteclauserecruiting.io,graniteclauserecruiting.io,null,Dublin,IE,2026-06-06 01:42:19
2026-06-06,MSP Platform,ClearNetSync,1-239-349-7229,contact@clearnetsync.com,clearnetsync.com,9,Seattle,US,2026-06-06 05:49:00
2026-06-06,HR,RidgeCulture Sphere,860-814-4605,sales@ridgeculturesphere.com,https://www.ridgeculturesphere.com,22,Seattle,US,2026-06-06 06:51:15
2026-06-06,ERP,SummitBatch Dynamics,+15028908829 ext. 65,contact@summitbatchdynamics.io,https://www.summitbatchdynamics.io,19,Chicago,US,2026-06-06 01:18:42
2026-06-06,Medical,HaloRx Works,9436186839,hello@halorxworks.com,https://www.halorxworks.com,249,Hyderabad,IN,2026-06-06 02:35:20
2026-06-06,Legal,ArchDocket Core,+1 (331) 653-0002,contact@archdocketcore.io,https://www.archdocketcore.io,62,Chicago,US,2026-06-06 01:41:40
2026-06-06,ERP,OrbitPlanPlatform,727-222-7061,info@orbitplanplatform.io,https://www.orbitplanplatform.io,57,Atlanta,US,2026-06-06 03:33:49
2026-06-06,ERP,TidalOps Hub,887-769-5877,sales@tidalopshub.com,tidalopshub.com,316,Austin,US,2026-06-06 04:31:15
2026-06-06,Medical,FusionVital Logic,06212366581,contact@fusionvitallogic.com,https://www.fusionvitallogic.com,88,Seattle,US,2026-06-06 04:41:57
2026-06-06,MSP Platform,GoldenEndpoint Soft,1-754-954-7299 ext. 33,sales@goldenendpointsoft.com,https://goldenendpointsoft.com,null,Atlanta,US,2026-06-06 02:02:00
2026-06-06,Legal,OrbitCounselTech,06787879802,contact@orbitcounseltech.com,https://www.orbitcounseltech.com,14,Chicago,US,2026-06-06 06:12:35
2026-06-06,MSP Platform,Tidal NetSuite,345.872.3382,sales@tidalnetsuite.com,https://tidalnetsuite.com,35,Sydney,AU,2026-06-06 03:32:47
2026-06-06,Medical,Clear MedLogic,334-508-9159,contact@clearmedlogic.io,https://www.clearmedlogic.io,361,Toronto,CA,2026-06-06 06:21:15
2026-06-06,ERP,Vista OpsDesk,1-230-999-8673,info@vistaopsdesk.com,https://www.vistaopsdesk.com,7,Seattle,US,2026-06-06 03:43:25
2026-06-06,ERP,PolarisForge Desk,03749627953,hello@polarisforgedesk.com,https://polarisforgedesk.com,184,Denver,US,2026-06-06 02:32:01
2026-06-06,HR,ArchTalentSphere,+1 (487) 588-2510,hello@archtalentsphere.io,https://archtalentsphere.io,157,Hyderabad,IN,2026-06-06 02:36:46
2026-06-06,LMS,OrbitCourse Systems,355.694.6178,hello@orbitcoursesystems.co,orbitcoursesystems.co,24,Chicago,US,2026-06-06 01:38:10
2026-06-06,LMS,QuantumMentorApp,+15409885965,info@quantummentorapp.io,https://quantummentorapp.io,26,Denver,US,2026-06-06 05:34:27
2026-06-06,LMS,NorthCohortBase,1-556-441-9346,contact@northcohortbase.com,https://www.northcohortbase.com,9,Singapore,SG,2026-06-06 04:37:28
2026-06-06,HR,AltaTalent App,488-591-2314,hello@altatalentapp.co,https://altatalentapp.co,52,Austin,US,2026-06-06 01:04:47
2026-06-06,Medical,Zen PatientSphere,+13235312713,sales@zenpatientsphere.co,https://www.zenpatientsphere.co,987,Denver,US,2026-06-06 01:10:06
2026-06-06,Legal,Vertex FilingSoft,5944520045,hello@vertexfilingsoft.co,vertexfilingsoft.co,13,Tampa,US,2026-06-06 05:03:46
2026-06-06,HR,ClearTeamSoft,(274) 581-0887,info@clearteamsoft.com,https://www.clearteamsoft.com,12,Dublin,IE,2026-06-06 03:45:34
2026-06-06,MSP Platform,Core NetSolutions,906.656.4450,info@corenetsolutions.net,https://www.corenetsolutions.net,96,Raleigh,US,2026-06-06 06:36:51
2026-06-06,ERP,Ridgeway LedgerSuite,773-494-5778,sales@ridgewayledgersuite.com,ridgewayledgersuite.com,9,Austin,US,2026-06-06 04:56:09
2026-06-06,HR,Summit PeopleCore,204-577-9562,info@summitpeoplecore.net,summitpeoplecore.net,413,Columbus,US,2026-06-06 01:01:01
2026-06-06,Medical,Atlas ChartSync,802.423.7855,contact@atlaschartsync.io,https://www.atlaschartsync.io,170,Chicago,US,2026-06-06 06:13:25
2026-06-06,ERP,Raven FinPlatform,+14443082587,hello@ravenfinplatform.io,https://www.ravenfinplatform.io,89,Karachi,PK,2026-06-06 02:36:02
2026-06-06,ERP,CoreFin Hub,(869) 862-8516,hello@corefinhub.io,https://www.corefinhub.io,11,Raleigh,US,2026-06-06 02:19:43
2026-06-06,ERP,PivotFin Sphere,(471) 630-3368,hello@pivotfinsphere.com,https://pivotfinsphere.com,28,Munich,DE,2026-06-06 04:03:12
2026-06-06,ERP,FusionBatchDynamics,+1 (342) 460-6435,contact@fusionbatchdynamics.com,https://www.fusionbatchdynamics.com,78,Melbourne,AU,2026-06-06 03:01:28
2026-06-06,HR,Lattice PayrollPoint,+14428558175,contact@latticepayrollpoint.co,https://www.latticepayrollpoint.co,219,Chicago,US,2026-06-06 06:02:14
2026-06-06,ERP,PivotForge Sphere,+16086791513,hello@pivotforgesphere.com,https://www.pivotforgesphere.com,923,Leeds,UK,2026-06-06 06:10:20
2026-06-06,ERP,IronForge Desk,+1 (816) 545-3855,hello@ironforgedesk.com,https://www.ironforgedesk.com,22,Dublin,IE,2026-06-06 06:35:57
2026-06-06,Legal,CedarFiling Flow,+1 (796) 514-8476,sales@cedarfilingflow.net,https://www.cedarfilingflow.net,954,Chicago,US,2026-06-06 01:33:13
2026-06-06,Medical,FusionCare Solutions,242-568-8901,sales@fusioncaresolutions.com,https://www.fusioncaresolutions.com,475,Singapore,SG,2026-06-06 01:00:21
2026-06-06,Medical,Quartz RxSystems,225-669-3244,sales@quartzrxsystems.io,quartzrxsystems.io,47,Chicago,US,2026-06-06 01:57:25
2026-06-06,ERP,KeystonePlanTech,350-603-5256,sales@keystoneplantech.com,https://www.keystoneplantech.com,41,Phoenix,US,2026-06-06 06:13:47
2026-06-06,Medical,WillowTriage Core,(546) 662-7936,sales@willowtriagecore.co,https://www.willowtriagecore.co,233,Phoenix,US,2026-06-06 04:41:59
2026-06-06,MSP Platform,DeltaRemote Labs,(555) 771-2770,info@deltaremotelabs.com,https://www.deltaremotelabs.com,53,Pune,IN,2026-06-06 03:38:29
2026-06-06,MSP Platform,DeltaUptime Systems,334-896-2261,sales@deltauptimesystems.com,https://deltauptimesystems.com,136,Denver,US,2026-06-06 03:30:49
2026-06-06,Medical,Arch PatientSphere,(411) 268-9374,sales@archpatientsphere.com,https://www.archpatientsphere.com,240,Atlanta,US,2026-06-06 02:52:51
2026-06-06,ERP,Harbor BatchLabs,642-528-9441,info@harborbatchlabs.com,https://www.harborbatchlabs.com,38,Atlanta,US,2026-06-06 02:27:27
2026-06-06,ERP,WillowPlanSuite,706-996-1800,contact@willowplansuite.com,https://willowplansuite.com,779,Boston,US,2026-06-06 04:10:48
2026-06-06,ERP,VistaStockPlatform,(365) 350-8325 ext. 4,info@vistastockplatform.com,https://www.vistastockplatform.com,838,Islamabad,PK,2026-06-06 01:19:34
2026-06-06,Legal,RidgewayBrief Base,+16829513690,hello@ridgewaybriefbase.co,https://www.ridgewaybriefbase.co,124,Islamabad,PK,2026-06-06 01:19:02
2026-06-06,ERP,MosaicOrderSync,+13506306409,info@mosaicordersync.com,https://mosaicordersync.com,244,Leeds,UK,2026-06-06 01:36:48
2026-06-06,Medical,Blue PulseCloud,+14832023787,contact@bluepulsecloud.com,https://bluepulsecloud.com,392,N/A,PK,2026-06-06 02:46:56
2026-06-06,ERP,CedarLedger Labs,1-399-550-2990,N/A,https://cedarledgerlabs.io,719,Raleigh,US,2026-06-06 01:33:54
2026-06-06,HR,SolidCultureSystems,410-285-0064,info@solidculturesystems.com,https://solidculturesystems.com,121,Raleigh,US,2026-06-06 01:08:38
2026-06-06,MSP Platform,Rapid GridPoint,1-912-689-4407,sales@rapidgridpoint.com,https://www.rapidgridpoint.com,8,Atlanta,US,2026-06-06 03:10:37
2026-06-06,ERP,CrownOrder Sphere,(520) 454-3194,N/A,crownordersphere.io,80,Austin,US,2026-06-06 02:22:13
2026-06-06,ERP,BoldForge Soft,(840) 803-6207,contact@boldforgesoft.com,https://boldforgesoft.com,28,Atlanta,US,2026-06-06 01:29:52
2026-06-06,ERP,Pivot ResourceCloud,+1 (645) 487-4179,sales@pivotresourcecloud.io,https://pivotresourcecloud.io,94,Hyderabad,IN,2026-06-06 06:32:24
2026-06-06,ERP,ZephyrResourceTech,3345618078,sales@zephyrresourcetech.co,https://zephyrresourcetech.co,173,Atlanta,US,2026-06-06 06:21:11
2026-06-06,ERP,Atlas BatchSuite,+1 (979) 386-8469,info@atlasbatchsuite.io,https://atlasbatchsuite.io,754,Raleigh,US,2026-06-06 02:50:33
2026-06-06,Medical,Delta Patient Staffing,+19809648886,hello@deltapatientstaffing.com,https://www.deltapatientstaffing.com,10,Boston,US,2026-06-06 01:34:28
2026-06-06,ERP,Sable ForgeWorks,1-326-982-7621,sales@sableforgeworks.co,https://www.sableforgeworks.co,13,Raleigh,US,2026-06-06 05:25:56
2026-06-06,HR,Velo BenefitWorks,1-813-992-0216,info@velobenefitworks.co,velobenefitworks.co,20,Calgary,CA,2026-06-06 01:01:00
2026-06-06,ERP,NovaLedger Desk,1-681-648-8734,contact@novaledgerdesk.com,https://novaledgerdesk.com,985,,US,2026-06-06 02:24:09
2026-06-06,ERP,NorthResource Hub,2907172658,hello@northresourcehub.com,https://www.northresourcehub.com,940,Raleigh,US,2026-06-06 02:25:06
2026-06-06,Medical,Keystone CareLabs,+16415632298,info@keystonecarelabs.com,https://www.keystonecarelabs.com,6,Toronto,CA,2026-06-06 03:30:15
2026-06-06,Medical,CedarClinic Logic,+19478620912,info@cedarcliniclogic.com,https://www.cedarcliniclogic.com,20,Columbus,US,2026-06-06 05:14:40
2026-06-06,ERP,NovaLedger Sphere,8825548344,hello@novaledgersphere.com,https://www.novaledgersphere.com,2402,Munich,DE,2026-06-06 03:26:01
2026-06-06,Medical,Zen Med Talent Agency,+18566657922,info@zenmedtalentagency.com,https://zenmedtalentagency.com,45,Tampa,US,2026-06-06 03:57:49
2026-06-06,HR,XenonTalent Suite,1-573-656-6985,contact@xenontalentsuite.com,https://www.xenontalentsuite.com,3696,Austin,US,2026-06-06 04:01:23
2026-06-06,HR,Halo PerformSuite,(268) 938-2577,info@haloperformsuite.net,https://haloperformsuite.net,67,Boston,US,2026-06-06 03:38:22
2026-06-06,HR,Halo OnboardCore,522.577.8560,info@haloonboardcore.com,https://www.haloonboardcore.com,20,Boston,US,2026-06-06 01:03:58
2026-06-06,HR,VertexCultureTech,2703842267,contact@vertexculturetech.com,https://www.vertexculturetech.com,32,Sydney,AU,2026-06-06 02:41:10
2026-06-06,Medical,Zephyr PulseHub,617.839.6172,sales@zephyrpulsehub.net,https://www.zephyrpulsehub.net,485,Tampa,US,2026-06-06 06:04:24
2026-06-06,LMS,ClearCohort Desk,(875) 823-7240,info@clearcohortdesk.com,https://www.clearcohortdesk.com,27,Seattle,US,2026-06-06 05:38:05
2026-06-06,HR,Quartz RosterSolutions,520-812-5078,hello@quartzrostersolutions.com,https://quartzrostersolutions.com,null,Denver,US,2026-06-06 05:31:36
2026-06-06,MSP Platform,RidgewayEndpoint Logic,(736) 501-8353,contact@ridgewayendpointlogic.com,https://www.ridgewayendpointlogic.com,50,Columbus,US,2026-06-06 06:33:27
2026-06-06,ERP,NorthFinHub,7946122863,N/A,https://northfinhub.com,2532,-,US,2026-06-06 05:21:49
2026-06-06,Medical,FusionRxSphere,286-965-4238,hello@fusionrxsphere.net,https://www.fusionrxsphere.net,73,Austin,US,2026-06-06 02:55:09
2026-06-06,ERP,TidalChainWorks,+14338424704,info@tidalchainworks.com,https://www.tidalchainworks.com,83,Berlin,DE,2026-06-06 02:10:31
2026-06-06,MSP Platform,SableRemote Point,905.587.3677 ext. 25,sales@sableremotepoint.com,sableremotepoint.com,10,Melbourne,AU,2026-06-06 02:44:16
2026-06-06,Legal,Alta CounsélDesk,8863712208,info@altacounseldesk.net,altacounseldesk.net,60,Manchester,UK,2026-06-06 04:36:37
2026-06-06,Medical,RapidTriageSync,216-285-2486,sales@rapidtriagesync.net,https://www.rapidtriagesync.net,184,Boston,US,2026-06-06 03:53:37
2026-06-06,Medical,Tidal CareDynamics,+1 (939) 724-3162,hello@tidalcaredynamics.com,https://www.tidalcaredynamics.com,218,Amsterdam,NL,2026-06-06 05:01:52
2026-06-06,MSP Platform,CrestHealth Works,3113931756 ext. 37,hello@cresthealthworks.com,https://cresthealthworks.com,18,Calgary,CA,2026-06-06 06:52:06
2026-06-06,Legal,Anchor Matter Staffing,7846945965,info@anchormatterstaffing.net,https://www.anchormatterstaffing.net,84,Manchester,UK,2026-06-06 02:07:00
2026-06-06,LMS,VeloTutor Point,588-751-7837,sales@velotutorpoint.io,https://www.velotutorpoint.io,14,Calgary,CA,2026-06-06 02:37:47
2026-06-06,ERP,UmbraResource Solutions,+18568051201,hello@umbraresourcesolutions.net,https://www.umbraresourcesolutions.net,42,Seattle,US,2026-06-06 05:45:28
2026-06-06,ERP,Pivot BatchLogic,(239) 802-0176,contact@pivotbatchlogic.io,https://www.pivotbatchlogic.io,812,Islamabad,PK,2026-06-06 01:39:21
2026-06-06,Medical,Clear Pulse Recruiting,386.575.1451,contact@clearpulserecruiting.com,https://www.clearpulserecruiting.com,988,Atlanta,US,2026-06-06 02:57:04
2026-06-06,MSP Platform,Crown TicketBase,+16536663334,contact@crownticketbase.co,crownticketbase.co,95,Singapore,SG,2026-06-06 04:59:01
2026-06-06,LMS,XenonMentorLogic,218-640-2458,contact@xenonmentorlogic.com,https://xenonmentorlogic.com,,London,UK,2026-06-06 02:09:50
2026-06-06,ERP,Juniper OrderDynamics,+15406511672,contact@juniperorderdynamics.com,https://www.juniperorderdynamics.com,39,Denver,US,2026-06-06 01:11:15
2026-06-06,Legal,AtlasCase Hub,1-538-426-0943,info@atlascasehub.co,https://atlascasehub.co,826,Dublin,IE,2026-06-06 02:47:18
2026-06-06,MSP Platform,SableRemoteSolutions,+15148390032,hello@sableremotesolutions.io,https://sableremotesolutions.io,,Raleigh,US,2026-06-06 01:23:27
2026-06-06,Medical,LumenCare Labs,(362) 541-3387,contact@lumencarelabs.io,https://www.lumencarelabs.io,744,Singapore,SG,2026-06-06 05:19:11
2026-06-06,MSP Platform,AnchorMonitor Tech,1-394-542-9264,sales@anchormonitortech.com,https://anchormonitortech.com,134,Raleigh,US,2026-06-06 06:01:23
2026-06-06,MSP Platform,Willow UptimeLogic,668.223.6332 ext. 8,sales@willowuptimelogic.co,https://willowuptimelogic.co,77,Phoenix,US,2026-06-06 03:16:26
2026-06-06,HR,AltaCulture Sync,570-232-4575,sales@altaculturesync.com,https://www.altaculturesync.com,219,Austin,US,2026-06-06 02:50:12
2026-06-06,MSP Platform,PivotNet Solutions,+16899221519 ext. 44,info@pivotnetsolutions.com,https://www.pivotnetsolutions.com,21,Phoenix,US,2026-06-06 03:53:01
2026-06-06,Legal,SummitBriefApp,506.540.4870,contact@summitbriefapp.net,https://www.summitbriefapp.net,72,Singapore,SG,2026-06-06 04:44:32
2026-06-06,ERP,PrimeForge Solutions,503-431-6470,contact@primeforgesolutions.net,https://www.primeforgesolutions.net,141,Austin,US,2026-06-06 03:39:27
2026-06-06,Legal,JuniperCompliPoint,607-634-9024,contact@junipercomplipoint.com,https://www.junipercomplipoint.com,89,Melbourne,AU,2026-06-06 04:40:54
2026-06-06,MSP Platform,DeltaMonitorCore,645-469-0694 ext. 59,info@deltamonitorcore.com,https://deltamonitorcore.com,11,Austin,US,2026-06-06 03:04:54
2026-06-06,HR,NovaPayrollFlow,217-518-5181,contact@novapayrollflow.io,https://www.novapayrollflow.io,106,Sydney,AU,2026-06-06 03:35:47
2026-06-06,Medical,BoldPatient Sphere,+13314638755,info@boldpatientsphere.io,https://www.boldpatientsphere.io,445,Denver,US,2026-06-06 02:42:30
2026-06-06,HR,Umbra OnboardLogic,(387) 609-8367,info@umbraonboardlogic.com,umbraonboardlogic.com,80,Chicago,US,2026-06-06 06:57:23
2026-06-06,Medical,Cedar VitalLogic,410-715-0585,contact@cedarvitallogic.com,https://www.cedarvitallogic.com,73,Raleigh,US,2026-06-06 06:08:07
2026-06-06,Medical,Xenon ShiftHub,1-345-354-5498,hello@xenonshifthub.com,https://www.xenonshifthub.com,694,Boston,US,2026-06-06 04:12:28
2026-06-06,Medical,ApexClinicDynamics,+16904704296,hello@apexclinicdynamics.co,https://apexclinicdynamics.co,185,Tampa,US,2026-06-06 01:36:31
2026-06-06,Medical,BrightRx Sync,(391) 420-7654,contact@brightrxsync.com,https://www.brightrxsync.com,70,Raleigh,US,2026-06-06 02:01:32
2026-06-06,ERP,CrestStock Base,893.849.3056,contact@creststockbase.com,https://www.creststockbase.com,94,Columbus,US,2026-06-06 02:20:00
2026-06-06,ERP,CrestOrderSoft,+1 (253) 455-2569,sales@crestordersoft.com,https://crestordersoft.com,32,Phoenix,US,2026-06-06 04:24:42
2026-06-06,MSP Platform,Umbra EndpointSphere,+1 (217) 722-6850,contact@umbraendpointsphere.co,umbraendpointsphere.co,,Denver,US,2026-06-06 04:09:32
2026-06-06,ERP,HarborLedgerSolutions,718-543-3050,contact@harborledgersolutions.com,https://www.harborledgersolutions.com,101,Seattle,US,2026-06-06 03:31:57
2026-06-06,ERP,BoldOpsLogic,747.300.1432,hello@boldopslogic.com,https://boldopslogic.com,573,Phoenix,US,2026-06-06 03:40:12
2026-06-06,Medical,DeltaRxLogic,202-989-6363,contact@deltarxlogic.com,https://www.deltarxlogic.com,24,Seattle,US,2026-06-06 01:52:53
2026-06-06,MSP Platform,SolidRemoteDynamics,783-946-0702,sales@solidremotedynamics.co,solidremotedynamics.co,100,Pune,IN,2026-06-06 05:28:29
2026-06-06,ERP,JuniperFin Works,1-925-554-2164,sales@juniperfinworks.com,https://juniperfinworks.com,3275,Amsterdam,NL,2026-06-06 06:29:29
2026-06-06,ERP,OrbitForge Labs,795-886-9429,contact@orbitforgelabs.com,https://www.orbitforgelabs.com,333,Dublin,IE,2026-06-06 06:50:54
2026-06-06,ERP,Clear PlanSuite,1-540-497-4816,info@clearplansuite.com,https://www.clearplansuite.com,11,Leeds,UK,2026-06-06 05:20:00
2026-06-06,HR,NovaBenefit Flow,568-479-7095,contact@novabenefitflow.io,https://www.novabenefitflow.io,41,Denver,US,2026-06-06 01:36:54
2026-06-06,ERP,GraniteStockApp,506-831-7029,contact@granitestockapp.com,granitestockapp.com,46,Columbus,US,2026-06-06 04:21:50
2026-06-06,Legal,Core CaseApp,3499214342,hello@corecaseapp.net,https://www.corecaseapp.net,33,-,US,2026-06-06 04:21:23
2026-06-06,Medical,RavenClinic App,1-886-209-1297,sales@ravenclinicapp.net,https://www.ravenclinicapp.net,7,Toronto,CA,2026-06-06 05:12:51
2026-06-06,ERP,RapidForgeFlow,491.600.7578,sales@rapidforgeflow.com,rapidforgeflow.com,405,Atlanta,US,2026-06-06 02:30:41
2026-06-06,Medical,OmniCare Suite,512.893.2233,contact@omnicaresuite.io,https://omnicaresuite.io,156,Melbourne,AU,2026-06-06 02:11:21
2026-06-06,ERP,Clear LedgerDynamics,(673) 472-0994,hello@clearledgerdynamics.net,https://www.clearledgerdynamics.net,-,Phoenix,US,2026-06-06 06:18:16
2026-06-06,Medical,Delta TriageHub,(506) 549-5330,,https://deltatriagehub.com,93,Denver,US,2026-06-06 05:42:41
2026-06-06,HR,Apex TalentDesk,+14949998502,contact@apextalentdesk.net,https://apextalentdesk.net,4411,Boston,US,2026-06-06 02:34:39
2026-06-06,Legal,Iron BriefCore,2693944610,hello@ironbriefcore.co,https://www.ironbriefcore.co,247,Chicago,US,2026-06-06 05:29:35
2026-06-06,ERP,QuantumFinFlow,+18219492131,,https://www.quantumfinflow.com,40,Boston,US,2026-06-06 03:30:35
2026-06-06,Medical,GraniteTriage App,1-685-573-7319,info@granitetriageapp.com,https://www.granitetriageapp.com,346,Atlanta,US,2026-06-06 02:33:25
2026-06-06,HR,BrightRoster Logic,410-342-0756,,https://brightrosterlogic.com,77,Tampa,US,2026-06-06 06:33:08
2026-06-06,Legal,CoreVerdictSuite,959-392-4732 ext. 13,contact@coreverdictsuite.com,https://coreverdictsuite.com,13,Pune,IN,2026-06-06 02:32:32
2026-06-06,MSP Platform,Polaris RemoteSolutions,326-797-4049,info@polarisremotesolutions.co,https://www.polarisremotesolutions.co,19,Columbus,US,2026-06-06 05:47:26
2026-06-06,LMS,GoldenTrainSystems,4013697490,hello@goldentrainsystems.net,https://www.goldentrainsystems.net,35,Austin,US,2026-06-06 04:27:07
2026-06-06,MSP Platform,HaloGrid Sync,(891) 730-3540,sales@halogridsync.io,https://halogridsync.io,34,Vancouver,CA,2026-06-06 05:51:32
2026-06-06,Legal,ClearDocketFlow,287.292.4487,contact@cleardocketflow.com,cleardocketflow.com,78,Singapore,SG,2026-06-06 04:54:00
2026-06-06,HR,HarborTeam Point,289-245-8029,contact@harborteampoint.com,https://www.harborteampoint.com,362,Singapore,SG,2026-06-06 04:03:20
2026-06-06,Legal,Cedar CaseSystems,(949) 686-7886,info@cedarcasesystems.com,https://www.cedarcasesystems.com,9,Austin,US,2026-06-06 06:53:31
2026-06-06,Medical,EmberCareFlow,614-362-0016,hello@embercareflow.com,https://embercareflow.com,130,Seattle,US,2026-06-06 03:44:22
2026-06-06,Medical,Keystone Health Manpower Services,355.881.5130,sales@keystonehealthmanpowerservices.net,https://www.keystonehealthmanpowerservices.net,410,Tampa,US,2026-06-06 02:30:48
2026-06-06,ERP,NovaStock Flow,231-487-1304,info@novastockflow.io,https://www.novastockflow.io,189,Raleigh,US,2026-06-06 06:23:04
2026-06-06,Medical,RidgeChart Labs,+15768676252,hello@ridgechartlabs.co,ridgechartlabs.co,19,Toronto,CA,2026-06-06 03:25:52
2026-06-06,Medical,Fusion VitalPoint,+19126851534,info@fusionvitalpoint.co,https://www.fusionvitalpoint.co,2881,Atlanta,US,2026-06-06 06:57:41
2026-06-06,ERP,Zen OpsSystems,723-454-8428,info@zenopssystems.com,https://zenopssystems.com,5,Atlanta,US,2026-06-06 06:39:45
2026-06-06,MSP Platform,AnchorStackSphere,(347) 442-4141,hello@anchorstacksphere.io,https://www.anchorstacksphere.io,287,Dublin,IE,2026-06-06 02:23:10
2026-06-06,HR,Keystone Onboard Consultants,1-431-530-5444,hello@keystoneonboardconsultants.com,keystoneonboardconsultants.com,47,Lahore,PK,2026-06-06 05:17:14
2026-06-06,Medical,ClearMedLogic,6605631845,info@clearmedlogic.com,https://clearmedlogic.com,45,Columbus,US,2026-06-06 05:28:40
2026-06-06,ERP,FalconTutorLabs,348.561.8234,contact@falcontutorlabs.com,https://www.falcontutorlabs.com,23,Pune,IN,2026-06-06 05:24:34
2026-06-06,Medical,RidgePatientFlow,6072332675,sales@ridgepatientflow.com,https://www.ridgepatientflow.com,188,Boston,US,2026-06-06 05:33:09
2026-06-06,ERP,Rapid StockTech,(369) 455-3503,sales@rapidstocktech.com,https://rapidstocktech.com,485,Denver,US,2026-06-06 01:10:23
2026-06-06,LMS,ZephyrTutorPlatform,(240) 892-1630,contact@zephyrtutorplatform.net,https://www.zephyrtutorplatform.net,17,Singapore,SG,2026-06-06 04:42:16
2026-06-06,HR,IronOnboard Systems,871.550.2289,contact@irononboardsystems.com,https://www.irononboardsystems.com,364,Austin,US,2026-06-06 02:47:46
2026-06-06,ERP,Silver Plan BPO Services,+17838330379,sales@silverplanbposervices.com,https://www.silverplanbposervices.com,58,Denver,US,2026-06-06 05:28:36
2026-06-06,MSP Platform,JuniperMonitorSuite,(376) 603-8472,hello@junipermonitorsuite.com,https://junipermonitorsuite.com,22,Phoenix,US,2026-06-06 03:25:33
2026-06-06,MSP Platform,Velo PatchSoft,1-330-609-8450,sales@velopatchsoft.io,velopatchsoft.io,61,Columbus,US,2026-06-06 03:52:40
2026-06-06,LMS,Mosaic CohortPlatform,+19533119961,sales@mosaiccohortplatform.com,https://www.mosaiccohortplatform.com,184,Seattle,US,2026-06-06 02:33:14
2026-06-06,Medical,Raven PatientBase,1-549-510-8464,hello@ravenpatientbase.io,https://www.ravenpatientbase.io,15,Austin,US,2026-06-06 03:11:17
2026-06-06,MSP Platform,ApexRemote’s Desk,(827) 340-8606,hello@apexremotedesk.com,https://www.apexremotedesk.com,62,Dublin,IE,2026-06-06 05:54:28
2026-06-06,ERP,Pioneer Forge Outsourcing,351.290.2014 ext. 41,sales@pioneerforgeoutsourcing.com,https://www.pioneerforgeoutsourcing.com,53,Berlin,DE,2026-06-06 06:38:07
2026-06-06,HR,Vista RosterWorks,1-623-431-9193,info@vistarosterworks.net,https://www.vistarosterworks.net,65,Pune,IN,2026-06-06 04:27:19
2026-06-06,HR,NovaBenefitBase,05662697674,sales@novabenefitbase.com,https://www.novabenefitbase.com,713,Calgary,CA,2026-06-06 05:44:37
2026-06-06,MSP Platform,RapidGridSync,+17356887512,hello@rapidgridsync.co,https://www.rapidgridsync.co,28,Sydney,AU,2026-06-06 03:45:39
2026-06-06,Medical,Nimbus HealthFlow,1-275-501-1054,sales@nimbushealthflow.io,nimbushealthflow.io,15,Leeds,UK,2026-06-06 04:26:34
2026-06-06,ERP,BrightPlanApp,1-647-350-8977,info@brightplanapp.io,https://brightplanapp.io,-,Dublin,IE,2026-06-06 03:46:49
2026-06-06,MSP Platform,RidgeNodeFlow,3586287614,info@ridgenodeflow.com,ridgenodeflow.com,755,Amsterdam,NL,2026-06-06 02:16:37
2026-06-06,Legal,Omni Verdict Manpower Services,555-978-2481,sales@omniverdictmanpowerservices.com,https://www.omniverdictmanpowerservices.com,266,Austin,US,2026-06-06 04:39:44
2026-06-06,MSP Platform,Meta RemoteSoft,3488331944,hello@metaremotesoft.io,https://www.metaremotesoft.io,813,Amsterdam,NL,2026-06-06 06:54:29
2026-06-06,LMS,Cedar MentorCore,+16752788700,sales@cedarmentorcore.com,https://www.cedarmentorcore.com,95,Atlanta,US,2026-06-06 04:23:38
2026-06-06,Medical,VistaVitalSuite,8688839820,hello@vistavitalsuite.com,https://www.vistavitalsuite.com,202,Atlanta,US,2026-06-06 01:17:18
2026-06-06,Legal,OmniFilingApp,550-234-9453,contact@omnifilingapp.io,https://www.omnifilingapp.io,7,Dublin,IE,2026-06-06 05:21:26
2026-06-06,ERP,Solid PlanSync,+17367321413,hello@solidplansync.com,solidplansync.com,211,Austin,US,2026-06-06 02:46:17
2026-06-06,Legal,CoreCompli Base,03854110140 ext. 31,sales@corecomplibase.io,corecomplibase.io,5,Melbourne,AU,2026-06-06 04:19:20
2026-06-06,ERP,LumenPlanBase,7942226281,info@lumenplanbase.net,lumenplanbase.net,617,Columbus,US,2026-06-06 04:33:07
2026-06-06,LMS,Raven PerformCloud,(793) 847-5118,info@ravenperformcloud.com,https://ravenperformcloud.com,46,Raleigh,US,2026-06-06 06:34:52
2026-06-06,MSP Platform,Core NodeCore,543-246-1301,hello@corenodecore.com,https://www.corenodecore.com,12,Denver,US,2026-06-06 01:17:08
2026-06-06,Legal,MosaicClause Desk,(853) 544-8344,info@mosaicclausedesk.com,mosaicclausedesk.com,311,Calgary,CA,2026-06-06 02:31:48
2026-06-06,Medical,TidalMed Works,1-277-421-2303,hello@tidalmedworks.com,https://tidalmedworks.com,198,Amsterdam,NL,2026-06-06 03:24:48
2026-06-06,LMS,FalconLearn App,5113365928,contact@falconlearnapp.io,falconlearnapp.io,927,Phoenix,US,2026-06-06 02:26:14
2026-06-06,Medical,IronTriage Desk,(454) 255-3882,contact@irontriagedesk.com,https://www.irontriagedesk.com,24,Chicago,US,2026-06-06 01:16:12
2026-06-06,Medical,Beacon ChartLabs,+1 (374) 374-5094,contact@beaconchartlabs.net,https://www.beaconchartlabs.net,15,Columbus,US,2026-06-06 03:49:33
2026-06-06,Medical,RidgeChart Flow,(975) 257-0299,N/A,ridgechartflow.co,57,Columbus,US,2026-06-06 06:34:21
2026-06-06,ERP,FalconChain Solutions,587-344-9633,hello@falconchainsolutions.co,falconchainsolutions.co,545,Phoenix,US,2026-06-06 05:56:12
2026-06-06,HR,RapidPeople Core,+1 (619) 314-5323,sales@rapidpeoplecore.net,https://www.rapidpeoplecore.net,42,Atlanta,US,2026-06-06 02:31:36
2026-06-06,MSP Platform,Tidal UptimeSoft,(212) 460-4598,info@tidaluptimesoft.co,tidaluptimesoft.co,3261,Phoenix,US,2026-06-06 06:54:24
2026-06-06,ERP,AltaChain Core,442.356.4885,sales@altachaincore.net,https://www.altachaincore.net,40,Tampa,US,2026-06-06 06:54:45
2026-06-06,Legal,PivotVerdict Cloud,(458) 962-2809,info@pivotverdictcloud.com,https://www.pivotverdictcloud.com,5,Seattle,US,2026-06-06 06:25:13
2026-06-06,MSP Platform,NimbusRemoteCore,1-918-844-9083,info@nimbusremotecore.com,https://www.nimbusremotecore.com,482,Seattle,US,2026-06-06 06:11:17
2026-06-06,Medical,ZenTriage Solutions,(556) 293-5914,contact@zentriagesolutions.io,https://www.zentriagesolutions.io,20,Denver,US,2026-06-06 02:52:44
2026-06-06,Medical,GoldenHealth Solutions,908-500-2942 ext. 45,sales@goldenhealthsolutions.com,https://goldenhealthsolutions.com,211,Karachi,PK,2026-06-06 02:18:27
2026-06-06,Medical,Pioneer PulseDynamics,8318830622,contact@pioneerpulsedynamics.com,https://pioneerpulsedynamics.com,81,Seattle,US,2026-06-06 01:44:04
2026-06-06,ERP,HarborOps Platform,8377186853 ext. 91,sales@harboropsplatform.com,https://harboropsplatform.com,99,Leeds,UK,2026-06-06 06:17:28
2026-06-06,HR,DeltaTeam Point,256.762.0411,info@deltateampoint.com,https://www.deltateampoint.com,394,Columbus,US,2026-06-06 01:53:55
2026-06-06,ERP,QuantumOps Cloud,7464357912,info@quantumopscloud.com,https://www.quantumopscloud.com,14,Seattle,US,2026-06-06 03:46:17
2026-06-06,Medical,Zephyr CareCloud,+19308353550,contact@zephyrcarecloud.co,https://www.zephyrcarecloud.co,68,Manchester,UK,2026-06-06 04:04:24
2026-06-06,ERP,SummitOrderApp,+17685143323,hello@summitorderapp.com,https://www.summitorderapp.com,20,Chicago,US,2026-06-06 02:35:33
2026-06-06,HR,PrimePayroll Platform,(591) 558-7667,sales@primepayrollplatform.com,https://www.primepayrollplatform.com,795,Boston,US,2026-06-06 06:24:54
2026-06-06,ERP,Pioneer LedgerApp,(337) 765-4310,info@pioneerledgerapp.com,https://www.pioneerledgerapp.com,196,N/A,US,2026-06-06 05:10:56
2026-06-06,HR,Orbit PerformSuite,742.959.0670,sales@orbitperformsuite.net,https://orbitperformsuite.net,421,Vancouver,CA,2026-06-06 06:41:49
2026-06-06,ERP,CedarForge Sync,373-696-4449,info@cedarforgesync.net,https://www.cedarforgesync.net,15,Tampa,US,2026-06-06 04:45:27
2026-06-06,Legal,VertexLaw Platform,+1 (939) 235-9154,info@vertexlawplatform.com,https://www.vertexlawplatform.com,19,Raleigh,US,2026-06-06 06:11:28
2026-06-06,LMS,UmbraTutorHub,3643502778,hello@umbratutorhub.com,https://www.umbratutorhub.com,60,Columbus,US,2026-06-06 02:45:42
2026-06-06,ERP,LatticeBatchSoft,973-804-0514,hello@latticebatchsoft.com,https://www.latticebatchsoft.com,9,Berlin,DE,2026-06-06 05:50:09
2026-06-06,MSP Platform,AnchorRemoteLogic,(515) 946-3789,contact@anchorremotelogic.io,https://www.anchorremotelogic.io,70,Atlanta,US,2026-06-06 03:23:29
2026-06-06,Legal,JuniperBriefTech,+19363031578,contact@juniperbrieftech.io,https://www.juniperbrieftech.io,5,Chicago,US,2026-06-06 05:58:36
2026-06-06,ERP,BrightFin Base,278-822-2419,sales@brightfinbase.net,https://www.brightfinbase.net,446,Austin,US,2026-06-06 06:52:48
2026-06-06,Legal,SilverCounsel App,1-244-582-2241,info@silvercounselapp.io,https://www.silvercounselapp.io,7,Boston,US,2026-06-06 03:49:20
2026-06-06,HR,Quantum CultureTech,+19446599771,sales@quantumculturetech.com,https://quantumculturetech.com,43,Bengaluru,IN,2026-06-06 01:58:35
2026-06-06,HR,ZephyrPayrollHub,(822) 374-7245,sales@zephyrpayrollhub.co,https://www.zephyrpayrollhub.co,175,Vancouver,CA,2026-06-06 03:00:50
2026-06-06,Medical,Mosaic TriageHub,(335) 214-3441,hello@mosaictriagehub.com,https://www.mosaictriagehub.com,null,Seattle,US,2026-06-06 05:21:55
2026-06-06,ERP,RidgeOps Suite,5225002106,info@ridgeopssuite.io,https://www.ridgeopssuite.io,16,Singapore,SG,2026-06-06 05:15:32
2026-06-06,HR,Anchor TeamCore,(849) 486-2455,sales@anchorteamcore.com,https://www.anchorteamcore.com,19,Calgary,CA,2026-06-06 04:25:16
2026-06-06,HR,PioneerShiftCloud’s,(612) 241-4752,info@pioneershiftcloud.com,https://pioneershiftcloud.com,41,Atlanta,US,2026-06-06 02:17:54
2026-06-06,HR,XenonTalent Solutions,591-811-3183,hello@xenontalentsolutions.com,https://www.xenontalentsolutions.com,6,Boston,US,2026-06-06 02:00:25
2026-06-06,MSP Platform,Granite NetLogic,662.263.2352,info@granitenetlogic.com,granitenetlogic.com,82,Toronto,CA,2026-06-06 04:41:40
2026-06-06,LMS,True PathSoft,2165486628,contact@truepathsoft.com,https://www.truepathsoft.com,93,Manchester,UK,2026-06-06 02:24:08
2026-06-06,ERP,UmbraOrder Sphere,8738955781,sales@umbraordersphere.com,umbraordersphere.com,672,Columbus,US,2026-06-06 05:36:16
2026-06-06,MSP Platform,BeaconRemoteSolutions,+1 (653) 298-3563,info@beaconremotesolutions.io,https://beaconremotesolutions.io,52,Seattle,US,2026-06-06 03:25:17
2026-06-06,Medical,Silver RxSolutions,+15953209368,sales@silverrxsolutions.co,https://www.silverrxsolutions.co,245,Boston,US,2026-06-06 03:58:39
2026-06-06,Legal,Polaris VerdictPoint,398-391-8689,info@polarisverdictpoint.com,https://www.polarisverdictpoint.com,671,-,DE,2026-06-06 06:55:31
2026-06-06,Legal,OnyxCompliSoft,(968) 247-7404,contact@onyxcomplisoft.com,onyxcomplisoft.com,228,Dublin,IE,2026-06-06 04:30:55
2026-06-06,ERP,Zen LedgerWorks,+18573906466,hello@zenledgerworks.com,https://www.zenledgerworks.com,56,Dublin,IE,2026-06-06 02:35:33
2026-06-06,HR,Iron OnboardTech,(592) 937-2319,contact@irononboardtech.co,https://www.irononboardtech.co,-,London,UK,2026-06-06 04:53:31
2026-06-06,ERP,Delta OpsApp,647.594.2555,hello@deltaopsapp.com,https://www.deltaopsapp.com,10,Pune,IN,2026-06-06 05:12:11
2026-06-06,MSP Platform,Ember PatchSolutions,521-432-3889,info@emberpatchsolutions.com,emberpatchsolutions.com,187,Chicago,US,2026-06-06 06:02:35
2026-06-06,ERP,QuantumFin App,(644) 827-1061 ext. 36,contact@quantumfinapp.com,https://www.quantumfinapp.com,944,Denver,US,2026-06-06 06:08:34
2026-06-06,Legal,LumenVerdictPoint,388-841-7546,info@lumenverdictpoint.com,https://www.lumenverdictpoint.com,14,Columbus,US,2026-06-06 05:37:19
2026-06-06,MSP Platform,TidalEndpoint Sphere,282-203-4179,info@tidalendpointsphere.com,https://www.tidalendpointsphere.com,5,Columbus,US,2026-06-06 05:58:27
2026-06-06,Medical,ApexCare Dynamics,978-865-3914,sales@apexcaredynamics.com,https://www.apexcaredynamics.com,93,London,UK,2026-06-06 06:25:15
2026-06-06,MSP Platform,ZenPatch Desk,+1 (566) 872-9441,hello@zenpatchdesk.com,https://www.zenpatchdesk.com,18,Manchester,UK,2026-06-06 03:43:49
2026-06-06,HR,JuniperMonitorSuite,+1 (376) 603-8472,hello@junipermonitorsuite.com,https://www.junipermonitorsuite.com,22,Phoenix,US,2026-06-06 06:22:41
2026-06-06,MSP Platform,BlueTicket Sync,(426) 557-3008,hello@blueticketsync.com,https://blueticketsync.com,93,Lahore,PK,2026-06-06 03:52:08
2026-06-06,Medical,AtlasHealth Point,304-696-9627,contact@atlashealthpoint.com,https://atlashealthpoint.com,871,Seattle,US,2026-06-06 03:32:49
2026-06-06,Medical,Ridge CareSolutions,+13002424507,sales@ridgecaresolutions.com,ridgecaresolutions.com,40,Phoenix,US,2026-06-06 05:49:41
2026-06-06,HR,FalconTalent Sync,+19017946434,contact@falcontalentsync.com,https://www.falcontalentsync.com,7,Hyderabad,IN,2026-06-06 05:50:09
2026-06-06,HR,MosaicBénefit Platform,868.498.8753,,https://mosaicbenefitplatform.net,66,Boston,US,2026-06-06 02:59:29
2026-06-06,Legal,GraniteMatter Hub,468-635-7248,hello@granitematterhub.net,https://granitematterhub.net,39,Leeds,UK,2026-06-06 02:03:07
2026-06-06,Legal,RapidVerdict Dynamics,(707) 701-2350 ext. 67,hello@rapidverdictdynamics.co,rapidverdictdynamics.co,221,Seattle,US,2026-06-06 01:43:28
2026-06-06,MSP Platform,Halo NetFlow,517.729.2478,info@halonetflow.io,https://www.halonetflow.io,27,London,UK,2026-06-06 02:54:15
2026-06-06,Legal,AnchorCompli Desk,5596844854,hello@anchorcomplidesk.com,https://anchorcomplidesk.com,84,Toronto,CA,2026-06-06 04:13:44
2026-06-06,ERP,UmbraForge Suite,503-509-8596,sales@umbraforgesuite.io,https://www.umbraforgesuite.io,19,Sydney,AU,2026-06-06 04:30:25
2026-06-06,Legal,NimbusClauseCloud,430-471-7754,hello@nimbusclausecloud.com,https://nimbusclausecloud.com,647,Manchester,UK,2026-06-06 01:53:22
2026-06-06,Medical,Apex TriageSoft,677-927-1855,sales@apextriagesoft.com,https://www.apextriagesoft.com,207,Columbus,US,2026-06-06 05:56:40
2026-06-06,Medical,Umbra ClinicHub,694-850-5911,sales@umbraclinichub.io,umbraclinichub.io,189,Austin,US,2026-06-06 05:15:35
2026-06-06,MSP Platform,Polaris RemoteSuite,219-707-7160,info@polarisremotesuite.io,https://polarisremotesuite.io,880,Pune,IN,2026-06-06 06:56:59
2026-06-06,ERP,NovaPlanDynamics,(516) 661-8502,info@novaplandynamics.co,https://www.novaplandynamics.co,60,Austin,US,2026-06-06 05:11:54
2026-06-06,Medical,QuartzPatient Labs,3902219766,sales@quartzpatientlabs.io,https://www.quartzpatientlabs.io,169,Tampa,US,2026-06-06 06:36:24
2026-06-06,Medical,Ember RxWorks,05157476567,sales@emberrxworks.com,https://emberrxworks.com,178,London,UK,2026-06-06 02:27:40
2026-06-06,Legal,MetaLawSystems,+19814048255,info@metalawsystems.com,https://www.metalawsystems.com,231,Sydney,AU,2026-06-06 05:26:23
2026-06-06,Medical,CrownClinic Platform,+15094724798,sales@crownclinicplatform.com,https://www.crownclinicplatform.com,91,Toronto,CA,2026-06-06 04:52:08
2026-06-06,Medical,OrbitCare Point,(975) 672-0986,sales@orbitcarepoint.co,https://www.orbitcarepoint.co,74,Karachi,PK,2026-06-06 02:20:10
2026-06-06,MSP Platform,LatticeUptime Cloud,410-435-0985 ext. 69,info@latticeuptimecloud.net,https://www.latticeuptimecloud.net,20,Melbourne,AU,2026-06-06 01:14:56
2026-06-06,MSP Platform,ArchGrid Systems,+16804540681,contact@archgridsystems.com,https://www.archgridsystems.com,null,Tampa,US,2026-06-06 03:28:35
2026-06-06,Medical,BoldRxCloud,+17379741236,sales@boldrxcloud.com,https://boldrxcloud.com,48,Austin,US,2026-06-06 03:52:01
2026-06-06,MSP Platform,HarborUptimeCore,405-310-0210,info@harboruptimecore.com,https://www.harboruptimecore.com,7,Lahore,PK,2026-06-06 06:31:49
2026-06-06,Medical,NovaMed Sphere,972-285-0358,sales@novamedsphere.com,https://www.novamedsphere.com,532,Phoenix,US,2026-06-06 06:07:49
2026-06-06,ERP,VeloForge Suite,+15983885676,hello@veloforgesuite.com,https://www.veloforgesuite.com,174,Tampa,US,2026-06-06 04:40:59
2026-06-06,MSP Platform,BoldNetDesk,7966856171,hello@boldnetdesk.com,https://www.boldnetdesk.com,53,Raleigh,US,2026-06-06 01:33:35
2026-06-06,ERP,ZenChain Flow,07696520586,info@zenchainflow.com,https://zenchainflow.com,7,Columbus,US,2026-06-06 04:42:42
2026-06-06,Medical,AltaPatientTech,521-977-4728,contact@altapatienttech.net,https://www.altapatienttech.net,790,Atlanta,US,2026-06-06 04:11:03
2026-06-06,ERP,NovaFinFlow,1-279-231-5906,contact@novafinflow.com,https://novafinflow.com,26,London,UK,2026-06-06 02:34:34
2026-06-06,MSP Platform,Orbit NetSphere,409-782-1650,sales@orbitnetsphere.com,https://orbitnetsphere.com,21,Sydney,AU,2026-06-06 02:10:55
2026-06-06,Medical,Alta RxFlow,+15695931116,hello@altarxflow.com,https://www.altarxflow.com,8,Hyderabad,IN,2026-06-06 04:43:26
2026-06-06,MSP Platform,RidgewayEndpoint Sphere,9354096606,sales@ridgewayendpointsphere.com,https://ridgewayendpointsphere.com,261,Raleigh,US,2026-06-06 01:55:56
2026-06-06,HR,RavenRosterPoint,811.517.8673,hello@ravenrosterpoint.co,ravenrosterpoint.co,3546,Singapore,SG,2026-06-06 02:33:40
2026-06-06,ERP,IndigoPlan Base,(804) 311-4367,sales@indigoplanbase.net,https://indigoplanbase.net,412,Boston,US,2026-06-06 06:13:35
2026-06-06,ERP,VeloOpsSystems,+16822693300,sales@veloopssystems.com,https://www.veloopssystems.com,56,Tampa,US,2026-06-06 01:24:35
2026-06-06,ERP,OnyxLedger Base,658-452-8772,-,onyxledgerbase.com,35,Pune,IN,2026-06-06 05:41:44
2026-06-06,LMS,LatticePathSphere,(331) 216-2412,sales@latticepathsphere.net,https://latticepathsphere.net,77,Columbus,US,2026-06-06 04:52:29
2026-06-06,HR,WillowTeam Labs,+12244665510 ext. 85,sales@willowteamlabs.com,https://www.willowteamlabs.com,,Toronto,CA,2026-06-06 01:01:22
2026-06-06,ERP,FusionForgeLogic,02346651250,hello@fusionforgelogic.io,fusionforgelogic.io,8,Leeds,UK,2026-06-06 03:50:52
2026-06-06,HR,MosaicPerformDesk,1-949-507-9936,info@mosaicperformdesk.com,https://mosaicperformdesk.com,619,Dublin,IE,2026-06-06 05:19:40
2026-06-06,HR,VertexTeam Logic,305-767-6566,sales@vertexteamlogic.io,https://www.vertexteamlogic.io,88,Phoenix,US,2026-06-06 04:39:26
2026-06-06,ERP,VistaOrderSoft,643.220.5380,hello@vistaordersoft.com,https://www.vistaordersoft.com,168,Boston,US,2026-06-06 01:37:23
2026-06-06,ERP,Solid StockSystems,958-374-9732,info@solidstocksystems.com,https://solidstocksystems.com,33,Bengaluru,IN,2026-06-06 06:38:30
2026-06-06,HR,BeaconPeopleTech,+1 (525) 312-9362,hello@beaconpeopletech.io,https://www.beaconpeopletech.io,83,Raleigh,US,2026-06-06 03:32:42
2026-06-06,ERP,RidgewayForge Suite,228-207-7978,hello@ridgewayforgesuite.com,https://www.ridgewayforgesuite.com,20,Austin,US,2026-06-06 03:00:38
2026-06-06,Legal,NimbusLaw Sphere,+18807340563,info@nimbuslawsphere.com,https://www.nimbuslawsphere.com,4402,Seattle,US,2026-06-06 04:39:14
2026-06-06,Legal,KeystoneDocket App,661.427.0086,contact@keystonedocketapp.net,https://www.keystonedocketapp.net,4651,Seattle,US,2026-06-06 02:54:55
2026-06-06,ERP,HaloChain Suite,751.401.6152,info@halochainsuite.io,halochainsuite.io,3446,Chicago,US,2026-06-06 01:41:26
2026-06-06,ERP,Crest ResourceDynamics,965.330.3131,info@crestresourcedynamics.com,https://crestresourcedynamics.com,6,Atlanta,US,2026-06-06 04:22:42
2026-06-06,ERP,CrestBatch Dynamics,+15729018606 ext. 56,-,https://www.crestbatchdynamics.com,224,Pune,IN,2026-06-06 01:21:12
2026-06-06,HR,HarborShiftPlatform,646.259.3143,info@harborshiftplatform.com,harborshiftplatform.com,9,Denver,US,2026-06-06 04:33:30
2026-06-06,Legal,BrightBrief Desk,881.872.0702,info@brightbriefdesk.co,https://www.brightbriefdesk.co,48,Austin,US,2026-06-06 04:07:09
2026-06-06,Medical,CrestPatientSuite,708-601-6311,sales@crestpatientsuite.com,https://www.crestpatientsuite.com,20,Seattle,US,2026-06-06 06:41:37
2026-06-06,ERP,PolarisOps Hub,1-455-428-5315,contact@polarisopshub.net,https://www.polarisopshub.net,32,Vancouver,CA,2026-06-06 06:02:10
2026-06-06,HR,Pioneer PayrollSolutions,03185276062,sales@pioneerpayrollsolutions.com,https://www.pioneerpayrollsolutions.com,6,Denver,US,2026-06-06 03:24:41
2026-06-06,HR,LatticeRoster Soft,702-641-9147,contact@latticerostersoft.co,https://latticerostersoft.co,6,Tampa,US,2026-06-06 05:02:09
2026-06-06,ERP,LatticeResourceSoft,(400) 595-8620,sales@latticeresourcesoft.com,https://www.latticeresourcesoft.com,41,N/A,US,2026-06-06 02:27:41
2026-06-06,HR,SilverCulture Soft,(888) 407-0668,contact@silverculturesoft.com,https://www.silverculturesoft.com,9,Tampa,US,2026-06-06 06:10:45
2026-06-06,Medical,CedarRxHub,1-694-228-2219,sales@cedarrxhub.io,https://www.cedarrxhub.io,270,Seattle,US,2026-06-06 05:27:03
2026-06-06,HR,VertexBenefit Desk,833-330-2535,hello@vertexbenefitdesk.com,https://vertexbenefitdesk.com,700,Seattle,US,2026-06-06 03:10:51
2026-06-06,HR,AltaBenefit Solutions,398-710-8943,sales@altabenefitsolutions.com,https://altabenefitsolutions.com,48,Seattle,US,2026-06-06 02:43:13
2026-06-06,HR,PolarisPeople Sync,404-402-2462,contact@polarispeoplesync.com,https://polarispeoplesync.com,151,Columbus,US,2026-06-06 01:03:43
2026-06-06,MSP Platform,Silver GridFlow,400-707-3854 ext. 69,hello@silvergridflow.net,https://www.silvergridflow.net,478,Atlanta,US,2026-06-06 01:58:19
2026-06-06,HR,FusionPayrollPoint,+1 (362) 283-2223,hello@fusionpayrollpoint.com,https://fusionpayrollpoint.com,3459,Chicago,US,2026-06-06 06:26:34
2026-06-06,HR,LatticePerform Systems,(628) 846-2764,contact@latticeperformsystems.com,https://www.latticeperformsystems.com,254,Boston,US,2026-06-06 05:10:43
2026-06-06,ERP,OmniStockDesk,423.494.7401,hello@omnistockdesk.com,https://omnistockdesk.com,50,Raleigh,US,2026-06-06 02:52:12
2026-06-06,Medical,Clear CareSuite,938.662.3809,sales@clearcaresuite.co,https://www.clearcaresuite.co,8,Lahore,PK,2026-06-06 01:20:04
2026-06-06,ERP,MetaChainPlatform,+1 (939) 697-3943,hello@metachainplatform.com,metachainplatform.com,1189,Phoenix,US,2026-06-06 02:39:55
2026-06-06,ERP,Pioneer FinTech,(760) 923-1485,contact@pioneerfintech.com,https://www.pioneerfintech.com,13,Austin,US,2026-06-06 01:53:59
2026-06-06,LMS,IndigoCourseTech,(889) 312-3635,hello@indigocoursetech.com,https://www.indigocoursetech.com,8,Chicago,US,2026-06-06 04:14:07
2026-06-06,LMS,VertexQuiz Labs,1-989-699-7309 ext. 43,info@vertexquizlabs.com,https://vertexquizlabs.com,90,Boston,US,2026-06-06 02:02:47
2026-06-06,Medical,ZenPulse Platform,+18765613831,contact@zenpulseplatform.com,zenpulseplatform.com,65,Leeds,UK,2026-06-06 05:57:26
2026-06-06,HR,NovaShift Works,476.412.2832 ext. 35,-,novashiftworks.io,26,Calgary,CA,2026-06-06 06:46:13
2026-06-06,LMS,HarborQuizLabs,(226) 793-1379,info@harborquizlabs.com,https://www.harborquizlabs.com,170,Leeds,UK,2026-06-06 02:19:32
2026-06-06,ERP,RidgeChainPlatform,+19305117819,sales@ridgechainplatform.com,https://www.ridgechainplatform.com,20,Raleigh,US,2026-06-06 04:47:20
2026-06-06,MSP Platform,RapidStackDynamics,06676610666,info@rapidstackdynamics.com,https://www.rapidstackdynamics.com,21,Phoenix,US,2026-06-06 06:26:06
2026-06-06,Medical,PrimePatient Solutions,+16159168915,sales@primepatientsolutions.com,https://primepatientsolutions.com,164,Denver,US,2026-06-06 06:07:12
2026-06-06,Legal,QuantumCaseSoft,280-471-0176,hello@quantumcasesoft.co,https://quantumcasesoft.co,478,Tampa,US,2026-06-06 02:21:30
2026-06-06,LMS,Ember QuizHub,694-755-8644,info@emberquizhub.com,https://www.emberquizhub.com,10,Singapore,SG,2026-06-06 03:45:36
2026-06-06,Medical,PioneerPulseCloud,1-324-431-6282,contact@pioneerpulsecloud.com,https://pioneerpulsecloud.com,14,Denver,US,2026-06-06 06:45:09
2026-06-06,Medical,Juniper PulsePoint,+19457257631,contact@juniperpulsepoint.com,https://juniperpulsepoint.com,19,Amsterdam,NL,2026-06-06 01:39:18
2026-06-06,ERP,Polaris LedgerSolutions,884.539.7599,info@polarisledgersolutions.co,https://www.polarisledgersolutions.co,14,Chicago,US,2026-06-06 03:39:29
2026-06-06,ERP,UmbraPlan Works,1-562-683-2714,contact@umbraplanworks.com,https://www.umbraplanworks.com,1684,Phoenix,US,2026-06-06 02:54:32
2026-06-06,ERP,CrownLedgerSync,+1 (905) 262-9507,hello@crownledgersync.net,https://crownledgersync.net,65,Sydney,AU,2026-06-06 02:44:22
2026-06-06,MSP Platform,Quantum RemoteSoft,940-546-9420,info@quantumremotesoft.net,https://quantumremotesoft.net,49,,US,2026-06-06 01:02:32
2026-06-06,MSP Platform,RavenStack Solutions,+12812057169,contact@ravenstacksolutions.com,https://www.ravenstacksolutions.com,219,Berlin,DE,2026-06-06 02:05:35
2026-06-06,ERP,QuantumOrderApp,8424058425,info@quantumorderapp.co,https://quantumorderapp.co,37,Phoenix,US,2026-06-06 04:13:54
2026-06-06,HR,Bright Roster Consultants,543-511-4935,info@brightrosterconsultants.io,brightrosterconsultants.io,169,Denver,US,2026-06-06 03:40:13
2026-06-06,Medical,LumenPatientBase,327-677-0881,N/A,https://www.lumenpatientbase.com,30,Karachi,PK,2026-06-06 06:48:21
2026-06-06,ERP,XenonForge Works,+18119500538,info@xenonforgeworks.io,https://www.xenonforgeworks.io,35,Chicago,US,2026-06-06 03:56:22
2026-06-06,HR,Core PayrollDesk,(888) 474-7213,sales@corepayrolldesk.io,https://www.corepayrolldesk.io,15,Phoenix,US,2026-06-06 05:53:28
2026-06-06,ERP,AltaChainPoint’s,(824) 338-2459,sales@altachainpoint.com,https://altachainpoint.com,697,Melbourne,AU,2026-06-06 06:09:59
2026-06-06,Legal,PolarisDocketPoint’s,4995611953,contact@polarisdocketpoint.com,https://www.polarisdocketpoint.com,69,Phoenix,US,2026-06-06 05:51:05
2026-06-06,HR,Solid PeopleSphere,(525) 268-2347,contact@solidpeoplesphere.com,https://www.solidpeoplesphere.com,475,Toronto,CA,2026-06-06 04:06:44
2026-06-06,ERP,VeloPlan Tech,(682) 219-0704,info@veloplantech.com,veloplantech.com,48,Denver,US,2026-06-06 03:35:53
2026-06-06,ERP,ZephyrBatchSphere,+18869324459,sales@zephyrbatchsphere.com,zephyrbatchsphere.com,95,Tampa,US,2026-06-06 06:21:01
2026-06-06,ERP,Iron StockSystems,595.674.8583,contact@ironstocksystems.io,https://www.ironstocksystems.io,11,Tampa,US,2026-06-06 01:07:30
2026-06-06,Medical,MosaicVital Soft,1-859-337-2381,contact@mosaicvitalsoft.co,mosaicvitalsoft.co,847,Austin,US,2026-06-06 04:49:11
2026-06-06,HR,North BenefitDesk,1-952-495-5426,info@northbenefitdesk.com,https://www.northbenefitdesk.com,null,Vancouver,CA,2026-06-06 01:27:46
2026-06-06,ERP,PrimeOps Hub,407.288.1093,info@primeopshub.com,https://www.primeopshub.com,88,Dublin,IE,2026-06-06 03:26:23
2026-06-06,Medical,RidgewayClinicCore,507.693.0369,sales@ridgewaycliniccore.co,https://www.ridgewaycliniccore.co,16,Atlanta,US,2026-06-06 02:20:39
2026-06-06,HR,Onyx StackBase,295-959-3287,info@onyxstackbase.net,https://onyxstackbase.net,21,Columbus,US,2026-06-06 01:27:15
2026-06-06,Medical,True PulseApp,+1 (427) 350-9651,sales@truepulseapp.com,truepulseapp.com,95,Chicago,US,2026-06-06 06:40:54
2026-06-06,HR,Quantum PayrollSoft,440-793-8050,contact@quantumpayrollsoft.com,https://www.quantumpayrollsoft.com,10,Sydney,AU,2026-06-06 04:38:08
2026-06-06,Medical,CobaltPatientBase,878-664-4580,hello@cobaltpatientbase.com,https://cobaltpatientbase.com,226,Columbus,US,2026-06-06 03:54:46
2026-06-06,HR,Alta BenefitWorks,+18323377447,contact@altabenefitworks.com,altabenefitworks.com,340,Denver,US,2026-06-06 03:29:29
2026-06-06,MSP Platform,MosaicUptime Core,+12707700729,sales@mosaicuptimecore.com,https://www.mosaicuptimecore.com,16,Munich,DE,2026-06-06 01:39:06
2026-06-06,Legal,Nova CompliPoint,1-505-755-6181,sales@novacomplipoint.io,https://novacomplipoint.io,470,Raleigh,US,2026-06-06 05:41:11
2026-06-06,Medical,QuantumVital Hub,1-711-884-2362,info@quantumvitalhub.com,https://quantumvitalhub.com,963,Manchester,UK,2026-06-06 05:01:03
2026-06-06,LMS,BlueLessonSphere,+12064249362,sales@bluelessonsphere.io,https://www.bluelessonsphere.io,454,Columbus,US,2026-06-06 02:35:15
2026-06-06,ERP,Meta OrderLogic,+17502363656,info@metaorderlogic.com,https://metaorderlogic.com,40,Columbus,US,2026-06-06 03:01:43
2026-06-06,Legal,Arch Docket Staffing,06532484322,,https://www.archdocketstaffing.com,2962,Columbus,US,2026-06-06 06:01:43
2026-06-06,Legal,RidgewayFilingTech,283.389.4576,N/A,https://www.ridgewayfilingtech.io,63,Manchester,UK,2026-06-06 03:05:23
2026-06-06,Medical,Apex VitalSoft,(770) 365-3582,hello@apexvitalsoft.net,https://www.apexvitalsoft.net,78,N/A,US,2026-06-06 02:09:29
2026-06-06,LMS,AtlasTutor Tech,(822) 731-1687 ext. 52,sales@atlastutortech.com,https://www.atlastutortech.com,28,Boston,US,2026-06-06 02:31:48
2026-06-06,Medical,Mosaic ClinicDesk,1-954-342-3474,sales@mosaicclinicdesk.io,https://mosaicclinicdesk.io,42,,AU,2026-06-06 03:56:19
2026-06-06,Legal,OrbitVerdictSoft,(591) 839-7251,hello@orbitverdictsoft.net,orbitverdictsoft.net,7,Toronto,CA,2026-06-06 02:07:01
2026-06-06,ERP,VertexForge Hub,1-610-495-8026,N/A,https://www.vertexforgehub.com,12,Austin,US,2026-06-06 01:40:26
2026-06-06,HR,GoldenRoster Base,+16313448884,contact@goldenrosterbase.co,goldenrosterbase.co,670,Tampa,US,2026-06-06 03:33:39
2026-06-06,MSP Platform,EmberNodePlatform,564.387.3410,hello@embernodeplatform.io,https://www.embernodeplatform.io,46,Boston,US,2026-06-06 05:32:43
2026-06-06,ERP,Crest PlanApp,8784246339 ext. 79,info@crestplanapp.com,crestplanapp.com,27,Austin,US,2026-06-06 06:07:53
2026-06-06,HR,IronBenefitBase,+19807507808,contact@ironbenefitbase.com,https://ironbenefitbase.com,5,Singapore,SG,2026-06-06 05:26:42
2026-06-06,HR,SableTeamLogic,+19144036021 ext. 73,hello@sableteamlogic.com,https://sableteamlogic.com,792,Austin,US,2026-06-06 02:14:47
2026-06-06,HR,PrimePeople Point,(633) 394-9059,sales@primepeoplepoint.com,https://primepeoplepoint.com,229,Karachi,PK,2026-06-06 02:34:05
2026-06-06,ERP,Nova OrderSync,+16832937979,info@novaordersync.com,https://novaordersync.com,274,Boston,US,2026-06-06 05:52:29
2026-06-06,ERP,EmberOrder Solutions,+1 (618) 295-8915,info@emberordersolutions.io,https://www.emberordersolutions.io,51,Boston,US,2026-06-06 04:03:33
2026-06-06,Medical,PolarisCareDynamics,(795) 895-8003,hello@polariscaredynamics.com,https://polariscaredynamics.com,24,Seattle,US,2026-06-06 05:02:31
2026-06-06,ERP,ApexBatch Tech,+18803147376,sales@apexbatchtech.com,https://www.apexbatchtech.com,324,Denver,US,2026-06-06 01:13:09
2026-06-06,Medical,Umbra TriageHub,+15068497215,info@umbratriagehub.co,https://umbratriagehub.co,37,Amsterdam,NL,2026-06-06 06:25:08
2026-06-06,ERP,Vista Ledger Staffing,(214) 410-7290,info@vistaledgerstaffing.io,vistaledgerstaffing.io,81,Munich,DE,2026-06-06 03:41:54
2026-06-06,MSP Platform,CrestTicketDesk,9032509480,contact@crestticketdesk.com,https://www.crestticketdesk.com,442,Chicago,US,2026-06-06 05:16:37
2026-06-06,ERP,Meta FinCore,238-391-1710,info@metafincore.io,https://metafincore.io,50,Phoenix,US,2026-06-06 01:45:22
2026-06-06,Medical,PivotCare Works,339.526.0197 ext. 33,hello@pivotcareworks.com,https://www.pivotcareworks.com,239,Munich,DE,2026-06-06 02:45:42
2026-06-06,ERP,VistaPlanApp,583.205.2403,info@vistaplanapp.com,https://vistaplanapp.com,16,Islamabad,PK,2026-06-06 03:08:37
2026-06-06,MSP Platform,LatticeTicket Labs,+17702170151,sales@latticeticketlabs.com,https://www.latticeticketlabs.com,12,Raleigh,US,2026-06-06 02:49:07
2026-06-06,ERP,PolarisChainCloud,(218) 374-4705,hello@polarischaincloud.co,https://polarischaincloud.co,768,Phoenix,US,2026-06-06 04:39:43
2026-06-06,HR,Indigo PayrollSolutions,2523388293,contact@indigopayrollsolutions.com,https://www.indigopayrollsolutions.com,131,Austin,US,2026-06-06 06:24:16
2026-06-06,Medical,NorthChart Systems,+19497002664,info@northchartsystems.com,https://www.northchartsystems.com,196,Raleigh,US,2026-06-06 06:42:17
2026-06-06,ERP,BoldResourceTech,+14426894997,contact@boldresourcetech.com,https://www.boldresourcetech.com,15,Seattle,US,2026-06-06 05:03:50
2026-06-06,ERP,Nimbus ForgeCloud,664.446.9982,info@nimbusforgecloud.io,nimbusforgecloud.io,37,Seattle,US,2026-06-06 01:43:13
2026-06-06,Medical,HarborMedSoft,292-487-3003,contact@harbormedsoft.com,https://www.harbormedsoft.com,9,Seattle,US,2026-06-06 01:02:51
2026-06-06,HR,VeloPerform Hub,831-687-6312,hello@veloperformhub.co,https://www.veloperformhub.co,114,Columbus,US,2026-06-06 03:29:50
2026-06-06,Legal,Core DocketTech,+16338507711,hello@coredockettech.com,https://coredockettech.com,60,Singapore,SG,2026-06-06 04:59:05
2026-06-06,Legal,ArchVital Soft,354.611.0436,contact@archvitalsoft.com,https://www.archvitalsoft.com,78,Boston,US,2026-06-06 05:33:25
2026-06-06,ERP,TidalLedgerCore,8699686369,info@tidalledgercore.com,https://www.tidalledgercore.com,12,Singapore,SG,2026-06-06 06:54:56
2026-06-06,LMS,Core LearnDesk,724.935.3284,sales@corelearndesk.com,https://www.corelearndesk.com,14,Pune,IN,2026-06-06 06:19:58
2026-06-06,Legal,Polaris VerdictDynamics,(983) 864-4434,hello@polarisverdictdynamics.com,https://polarisverdictdynamics.com,155,Phoenix,US,2026-06-06 06:41:34
2026-06-06,Legal,SableLawSphere,+13017305513,contact@sablelawsphere.io,https://www.sablelawsphere.io,104,Raleigh,US,2026-06-06 01:03:06
2026-06-06,Medical,RidgewayHealth App,+15439621817 ext. 61,contact@ridgewayhealthapp.com,https://www.ridgewayhealthapp.com,26,Austin,US,2026-06-06 03:29:45
2026-06-06,MSP Platform,UmbraTicketWorks,1-873-425-5642,contact@umbraticketworks.io,https://www.umbraticketworks.io,52,London,UK,2026-06-06 02:20:10
2026-06-06,MSP Platform,Beacon NodeDynamics,519-524-3459,N/A,https://www.beaconnodedynamics.io,437,Manchester,UK,2026-06-06 06:18:10
2026-06-06,Medical,Quantum ClinicLogic,3607587398,contact@quantumcliniclogic.com,https://www.quantumcliniclogic.com,25,Sydney,AU,2026-06-06 06:17:27
2026-06-06,Medical,RidgeMedWorks,645.783.4160,hello@ridgemedworks.com,https://www.ridgemedworks.com,799,Manchester,UK,2026-06-06 06:05:51
2026-06-06,Medical,RidgePulsePoint,(556) 832-5943,contact@ridgepulsepoint.com,https://www.ridgepulsepoint.com,94,Raleigh,US,2026-06-06 06:16:03
2026-06-06,Medical,LatticeRxWorks,+18914405002,hello@latticerxworks.net,https://www.latticerxworks.net,16,Denver,US,2026-06-06 04:24:29
2026-06-06,HR,OmniOnboardHub,+13797410275,,https://www.omnionboardhub.io,847,Melbourne,AU,2026-06-06 05:24:36
2026-06-06,Legal,NovaBrief Works,(433) 822-3687 ext. 95,hello@novabriefworks.net,https://novabriefworks.net,N/A,Raleigh,US,2026-06-06 04:12:55
2026-06-06,Legal,RapidDocket Flow,+15582566772,hello@rapiddocketflow.co,https://rapiddocketflow.co,39,Seattle,US,2026-06-06 01:25:38
2026-06-06,Medical,PivotPulse Cloud,3623026891,info@pivotpulsecloud.com,https://pivotpulsecloud.com,15,Raleigh,US,2026-06-06 04:49:49
2026-06-06,ERP,Ridge LedgerLabs,+1 (787) 765-3679 ext. 28,sales@ridgeledgerlabs.com,ridgeledgerlabs.com,58,Singapore,SG,2026-06-06 06:42:23
2026-06-06,HR,PolarisBenefitSoft,04642893359,info@polarisbenefitsoft.co,https://www.polarisbenefitsoft.co,65,Atlanta,US,2026-06-06 04:26:28
2026-06-06,Legal,RavenLaw Base,384-397-3679,sales@ravenlawbase.co,https://ravenlawbase.co,33,Columbus,US,2026-06-06 03:53:02
2026-06-06,HR,Quartz BenefitBase,3095660594,sales@quartzbenefitbase.com,https://www.quartzbenefitbase.com,15,Karachi,PK,2026-06-06 05:59:31
2026-06-06,Legal,Quartz’s CounselPlatform,682-922-9303,info@quartzcounselplatform.co,https://quartzcounselplatform.co,2839,Atlanta,US,2026-06-06 06:53:29
2026-06-06,Legal,Silver DocketLogic,641-539-0777,hello@silverdocketlogic.com,silverdocketlogic.com,1225,Melbourne,AU,2026-06-06 01:02:44
2026-06-06,Medical,Cobalt ClinicHub,769-522-6217,sales@cobaltclinichub.co,https://www.cobaltclinichub.co,34,Chicago,US,2026-06-06 02:56:15
2026-06-06,MSP Platform,PrimeEndpoint Desk,(691) 388-5111,hello@primeendpointdesk.com,https://www.primeendpointdesk.com,356,Chicago,US,2026-06-06 02:17:19
2026-06-06,Medical,AtlasPulse Sync,04704082535,hello@atlaspulsesync.com,https://www.atlaspulsesync.com,44,Vancouver,CA,2026-06-06 02:57:21
2026-06-06,LMS,RidgePathDynamics,(880) 813-6805,contact@ridgepathdynamics.com,https://www.ridgepathdynamics.com,40,Hyderabad,IN,2026-06-06 03:48:22
2026-06-06,Legal,PivotFilingHub,+1 (583) 797-6807,hello@pivotfilinghub.com,https://www.pivotfilinghub.com,13,-,US,2026-06-06 02:37:43
2026-06-06,MSP Platform,Velo RemoteSystems,(980) 449-9276,contact@veloremotesystems.co,veloremotesystems.co,9,Atlanta,US,2026-06-06 05:07:45
2026-06-06,ERP,Granite Ops Staffing,458-587-9124,info@graniteopsstaffing.com,https://graniteopsstaffing.com,31,Raleigh,US,2026-06-06 05:46:10
2026-06-06,HR,Delta CultureSolutions,(271) 621-1974,contact@deltaculturesolutions.com,https://www.deltaculturesolutions.com,404,Munich,DE,2026-06-06 04:57:54
2026-06-06,LMS,Indigo CareApp,8248873129,contact@indigocareapp.com,https://www.indigocareapp.com,35,Seattle,US,2026-06-06 03:40:03
2026-06-06,ERP,Crown StockLogic,309.973.7071,hello@crownstocklogic.net,https://www.crownstocklogic.net,121,Atlanta,US,2026-06-06 03:42:19
2026-06-06,ERP,VistaForgeLabs,3207804989,hello@vistaforgelabs.com,https://vistaforgelabs.com,94,Singapore,SG,2026-06-06 03:57:46
2026-06-06,ERP,ArchLedgerSuite,(594) 947-8806,sales@archledgersuite.net,https://archledgersuite.net,61,Chicago,US,2026-06-06 01:01:00
2026-06-06,Medical,Zen CareDynamics,+16345755906,contact@zencaredynamics.com,https://www.zencaredynamics.com,14,Hyderabad,IN,2026-06-06 02:15:47
2026-06-06,HR,ZephyrShift Works,(828) 950-1639,info@zephyrshiftworks.io,https://www.zephyrshiftworks.io,,Chicago,US,2026-06-06 03:35:37
2026-06-06,ERP,IronLedgerSync,722-241-7897,,https://www.ironledgersync.io,9,Boston,US,2026-06-06 04:25:59
2026-06-06,Legal,Orbit MatterCloud,+1 (408) 409-3490,-,https://www.orbitmattercloud.net,94,Atlanta,US,2026-06-06 04:38:50
2026-06-06,MSP Platform,ZenStack Sphere,8439532047,contact@zenstacksphere.io,https://www.zenstacksphere.io,512,Austin,US,2026-06-06 03:29:11
2026-06-06,ERP,Tidal LedgerTech,9057250046,N/A,https://www.tidalledgertech.io,86,Atlanta,US,2026-06-06 06:12:24
2026-06-06,ERP,PioneerLedgerSoft,+16437179991,contact@pioneerledgersoft.com,https://pioneerledgersoft.com,11,Chicago,US,2026-06-06 06:08:37
2026-06-06,Medical,Ember Care Talent Agency,(418) 690-1827,contact@embercaretalentagency.io,https://embercaretalentagency.io,246,Columbus,US,2026-06-06 06:53:21
2026-06-06,MSP Platform,IndigoStack’s Solutions,1-635-967-6452,-,https://www.indigostacksolutions.net,46,Atlanta,US,2026-06-06 04:41:19
2026-06-06,HR,SummitPerformSuite,4218012809,sales@summitperformsuite.net,https://summitperformsuite.net,89,Bengaluru,IN,2026-06-06 03:41:31
2026-06-06,ERP,AnchorResource Systems,+12149020349,hello@anchorresourcesystems.io,https://www.anchorresourcesystems.io,19,Seattle,US,2026-06-06 01:34:36
2026-06-06,Legal,Raven ClauseHub,794-410-3073,sales@ravenclausehub.co,https://www.ravenclausehub.co,16,Seattle,US,2026-06-06 01:59:24
2026-06-06,LMS,Vista PathApp,225.654.7416,info@vistapathapp.net,https://vistapathapp.net,74,Manchester,UK,2026-06-06 03:21:11
2026-06-06,Legal,NovaBrief Cloud,+1 (219) 660-1518,info@novabriefcloud.com,https://www.novabriefcloud.com,14,Phoenix,US,2026-06-06 03:54:05
2026-06-06,HR,Harbor RosterApp,1-534-758-1556,sales@harborrosterapp.com,https://www.harborrosterapp.com,153,Atlanta,US,2026-06-06 03:08:04
2026-06-06,HR,HaloTalentSolutions,1-237-224-5213,sales@halotalentsolutions.com,https://www.halotalentsolutions.com,163,Pune,IN,2026-06-06 03:47:00
2026-06-06,ERP,Juniper OpsSoft,913.325.2148,info@juniperopssoft.com,https://juniperopssoft.com,19,Amsterdam,NL,2026-06-06 04:43:21
2026-06-06,ERP,Meta ForgeDesk,3476589603,sales@metaforgedesk.net,https://www.metaforgedesk.net,7,Phoenix,US,2026-06-06 02:35:39
2026-06-06,ERP,Nimbus OpsApp,687-942-7820,contact@nimbusopsapp.com,https://www.nimbusopsapp.com,735,Manchester,UK,2026-06-06 04:05:04
2026-06-06,ERP,NorthOrder Tech,+17159743574,contact@northordertech.co,https://www.northordertech.co,180,Denver,US,2026-06-06 05:00:58
2026-06-06,HR,HarborBenefit Cloud,+1 (424) 748-5517,sales@harborbenefitcloud.com,https://www.harborbenefitcloud.com,105,Austin,US,2026-06-06 02:07:47
2026-06-06,Legal,VistaBrief Base,973-774-9004,contact@vistabriefbase.io,https://vistabriefbase.io,274,Dublin,IE,2026-06-06 06:33:01
2026-06-06,Legal,Beacon CasePoint,+18884576485,info@beaconcasepoint.com,https://www.beaconcasepoint.com,40,Vancouver,CA,2026-06-06 04:36:37
2026-06-06,MSP Platform,Lumen TriageDesk,+18107109428 ext. 28,sales@lumentriagedesk.com,https://www.lumentriagedesk.com,38,Tampa,US,2026-06-06 04:58:44
2026-06-06,Legal,RidgewayClauseDynamics,(836) 508-7770 ext. 98,contact@ridgewayclausedynamics.com,https://www.ridgewayclausedynamics.com,842,Seattle,US,2026-06-06 05:14:07
2026-06-06,MSP Platform,LumenRemoteWorks,631.889.4004,sales@lumenremoteworks.co,https://www.lumenremoteworks.co,339,Berlin,DE,2026-06-06 03:11:02
2026-06-06,ERP,QuantumFin Core,245-644-3749,contact@quantumfincore.com,https://www.quantumfincore.com,27,Tampa,US,2026-06-06 06:16:54
2026-06-06,Legal,Crown VerdictBase,527-466-3531,hello@crownverdictbase.io,https://crownverdictbase.io,104,Singapore,SG,2026-06-06 03:50:45
2026-06-06,Legal,ApexBrief Sync,(326) 502-6966,hello@apexbriefsync.com,https://www.apexbriefsync.com,32,Chicago,US,2026-06-06 02:19:11
2026-06-06,ERP,JuniperPlan Solutions,4894530607,-,https://juniperplansolutions.com,252,Boston,US,2026-06-06 02:57:20
2026-06-06,ERP,EmberPlan Core,1-567-734-8914,hello@emberplancore.co,https://emberplancore.co,35,Seattle,US,2026-06-06 02:07:42
2026-06-06,HR,Raven ShiftHub,(600) 728-8201 ext. 74,contact@ravenshifthub.net,https://ravenshifthub.net,4444,Seattle,US,2026-06-06 02:41:59
2026-06-06,ERP,FalconFinSystems,6759431539,info@falconfinsystems.co,https://www.falconfinsystems.co,3691,Denver,US,2026-06-06 02:39:42
2026-06-06,HR,Anchor TeamCloud,(554) 816-9344,hello@anchorteamcloud.com,https://www.anchorteamcloud.com,13,Seattle,US,2026-06-06 05:27:49
2026-06-06,Legal,VertexMatterCloud,+17878707790,contact@vertexmattercloud.net,https://www.vertexmattercloud.net,5,Austin,US,2026-06-06 03:02:20
2026-06-06,Legal,RapidFilingSoft,+17227605008,sales@rapidfilingsoft.com,https://www.rapidfilingsoft.com,562,Vancouver,CA,2026-06-06 05:04:35
2026-06-06,Legal,VeloDocket Works,6106804842,contact@velodocketworks.io,https://velodocketworks.io,9,Manchester,UK,2026-06-06 05:16:31
2026-06-06,ERP,BlueBatch Labs,+12273442570,hello@bluebatchlabs.io,https://bluebatchlabs.io,456,Tampa,US,2026-06-06 01:09:44
2026-06-06,Medical,QuartzPulse Hub,+16964319446,sales@quartzpulsehub.io,https://www.quartzpulsehub.io,3149,Tampa,US,2026-06-06 06:57:47
2026-06-06,ERP,RapidForgeSync,1-441-941-7849,info@rapidforgesync.com,rapidforgesync.com,N/A,Singapore,SG,2026-06-06 01:19:27
2026-06-06,ERP,Crest StockLogic,+1 (957) 409-0194,sales@creststocklogic.com,https://www.creststocklogic.com,18,Phoenix,US,2026-06-06 03:33:56
2026-06-06,Medical,VistaVitalCloud,07237126465,hello@vistavitalcloud.net,https://vistavitalcloud.net,197,Leeds,UK,2026-06-06 06:41:28
2026-06-06,Legal,Keystone LawPlatform,617-429-8777,N/A,keystonelawplatform.com,82,Pune,IN,2026-06-06 04:50:36
2026-06-06,Medical,Delta MedDesk,(913) 700-3922,info@deltameddesk.com,https://www.deltameddesk.com,2181,Vancouver,CA,2026-06-06 03:33:18
2026-06-06,Medical,Nova MedDesk,(731) 817-1478,hello@novameddesk.co,https://www.novameddesk.co,13,Toronto,CA,2026-06-06 06:37:30
2026-06-06,HR,DeltaTeamFlow,252-839-4325 ext. 78,contact@deltateamflow.com,https://www.deltateamflow.com,91,Tampa,US,2026-06-06 01:49:26
2026-06-06,HR,Fusion PeopleCore,(708) 930-3708 ext. 83,contact@fusionpeoplecore.io,https://www.fusionpeoplecore.io,166,Chicago,US,2026-06-06 03:38:42
2026-06-06,MSP Platform,NovaGridCloud,292-636-8648,info@novagridcloud.com,https://www.novagridcloud.com,66,Tampa,US,2026-06-06 03:12:44
2026-06-06,HR,PolarisOnboard Labs,+16728389424,hello@polarisonboardlabs.com,https://www.polarisonboardlabs.com,48,Boston,US,2026-06-06 06:18:16
2026-06-06,ERP,WillowOrderPoint,(728) 682-3847,hello@willoworderpoint.com,willoworderpoint.com,18,Austin,US,2026-06-06 03:30:35
2026-06-06,ERP,XenonLedgerTech,403-265-0986,contact@xenonledgertech.io,https://www.xenonledgertech.io,23,Austin,US,2026-06-06 01:50:08
2026-06-06,ERP,Arch ForgeWorks,(578) 370-0896,hello@archforgeworks.com,https://www.archforgeworks.com,4653,Singapore,SG,2026-06-06 06:42:23
2026-06-06,Legal,LatticeMatterPlatform’s,+15182755574,sales@latticematterplatform.com,latticematterplatform.com,31,Lahore,PK,2026-06-06 05:59:50
2026-06-06,LMS,Juniper CohortFlow,(701) 296-7299,hello@junipercohortflow.com,junipercohortflow.com,86,Tampa,US,2026-06-06 02:22:01
2026-06-06,ERP,Core ChainSoft,+12683837897,hello@corechainsoft.com,https://www.corechainsoft.com,4789,Calgary,CA,2026-06-06 05:22:57
2026-06-06,MSP Platform,ClearTicketPlatform,+16124784025,info@clearticketplatform.com,https://www.clearticketplatform.com,66,Columbus,US,2026-06-06 01:30:37
2026-06-06,MSP Platform,RidgeStack Labs,07662417061,info@ridgestacklabs.com,ridgestacklabs.com,29,Singapore,SG,2026-06-06 04:37:46
2026-06-06,ERP,Summit PlanSoft,380.837.1712,hello@summitplansoft.com,https://www.summitplansoft.com,19,Seattle,US,2026-06-06 02:16:05
2026-06-06,ERP,NimbusChain Suite,546-995-1924 ext. 13,contact@nimbuschainsuite.com,https://nimbuschainsuite.com,31,Tampa,US,2026-06-06 02:23:20
2026-06-06,MSP Platform,TidalTicket Solutions,684-983-7727,contact@tidalticketsolutions.co,https://www.tidalticketsolutions.co,,Amsterdam,NL,2026-06-06 03:06:22
2026-06-06,ERP,TruePlan Platform,(436) 693-6193,contact@trueplanplatform.com,https://www.trueplanplatform.com,6,Atlanta,US,2026-06-06 01:56:19
2026-06-06,Legal,Halo VerdictWorks,+1 (471) 844-2440,sales@haloverdictworks.com,haloverdictworks.com,594,Tampa,US,2026-06-06 04:33:15
2026-06-06,HR,Lattice PayrollFlow,418.462.0935,hello@latticepayrollflow.com,latticepayrollflow.com,14,Raleigh,US,2026-06-06 02:59:35
2026-06-06,Medical,CoreClinicLabs,309.337.8877,hello@corecliniclabs.com,https://corecliniclabs.com,24,Raleigh,US,2026-06-06 01:06:49
2026-06-06,Legal,OnyxVerdict App,502-577-1581,info@onyxverdictapp.com,https://onyxverdictapp.com,238,Boston,US,2026-06-06 06:11:24
2026-06-06,ERP,MetaStock Logic,(822) 387-5880,info@metastocklogic.net,https://metastocklogic.net,48,Columbus,US,2026-06-06 03:54:30
2026-06-06,Legal,EmberBriefApp,+12078462205,sales@emberbriefapp.io,https://www.emberbriefapp.io,422,Manchester,UK,2026-06-06 01:44:56
2026-06-06,HR,ArchPayrollDynamics,(883) 994-4015,contact@archpayrolldynamics.com,archpayrolldynamics.com,917,Seattle,US,2026-06-06 06:32:48
2026-06-06,LMS,Crown Course Consulting Group,+1 (930) 569-5771 ext. 86,sales@crowncourseconsultinggroup.com,https://www.crowncourseconsultinggroup.com,156,Melbourne,AU,2026-06-06 01:00:29
2026-06-06,ERP,Ridge OpsPoint,(971) 853-2144,hello@ridgeopspoint.com,https://www.ridgeopspoint.com,61,Denver,US,2026-06-06 01:14:31
2026-06-06,ERP,Solid ChainHub,+1 (285) 379-7786,info@solidchainhub.io,https://www.solidchainhub.io,54,Toronto,CA,2026-06-06 01:57:32
2026-06-06,Legal,Apex CaseLabs,(312) 663-7182,contact@apexcaselabs.com,https://www.apexcaselabs.com,48,Singapore,SG,2026-06-06 04:01:29
2026-06-06,MSP Platform,Omni UptimeTech,608-346-9552,hello@omniuptimetech.com,https://www.omniuptimetech.com,67,Chicago,US,2026-06-06 01:50:17
2026-06-06,Medical,NimbusClinicSoft,+17373374215,hello@nimbusclinicsoft.com,https://nimbusclinicsoft.com,15,Dublin,IE,2026-06-06 03:06:03
2026-06-06,HR,UmbraPerform Tech,(463) 664-7821,hello@umbraperformtech.com,umbraperformtech.com,628,Islamabad,PK,2026-06-06 05:43:20
2026-06-06,Medical,Nova RxLabs,+16322794858,info@novarxlabs.co,https://www.novarxlabs.co,100,Seattle,US,2026-06-06 05:20:35
2026-06-06,ERP,CedarPlanLabs,+18482872058,contact@cedarplanlabs.io,https://www.cedarplanlabs.io,12,Atlanta,US,2026-06-06 04:19:13
2026-06-06,ERP,AltaResource Solutions,+16513192729,hello@altaresourcesolutions.co,https://www.altaresourcesolutions.co,45,Columbus,US,2026-06-06 01:30:24
2026-06-06,Medical,FusionTriage Systems,4706190657,hello@fusiontriagesystems.com,https://www.fusiontriagesystems.com,3352,Sydney,AU,2026-06-06 02:19:41
2026-06-06,LMS,BrightMentorSphere,7046059501,contact@brightmentorsphere.com,https://brightmentorsphere.com,87,Atlanta,US,2026-06-06 01:36:04
2026-06-06,Legal,TidalMatter Suite,+14258110719,contact@tidalmattersuite.io,https://tidalmattersuite.io,222,Raleigh,US,2026-06-06 02:29:45
2026-06-06,Legal,Ridge LawSoft,(409) 488-8222,info@ridgelawsoft.com,https://www.ridgelawsoft.com,24,Dublin,IE,2026-06-06 01:08:20
2026-06-06,Medical,Anchor PulseSuite,(909) 253-6948,info@anchorpulsesuite.com,anchorpulsesuite.com,9,Leeds,UK,2026-06-06 04:52:00
2026-06-06,MSP Platform,North Node Staffing,+18476323912,sales@northnodestaffing.com,https://www.northnodestaffing.com,107,Phoenix,US,2026-06-06 03:13:31
2026-06-06,ERP,Lumen StockDesk,631.950.1895,info@lumenstockdesk.net,https://lumenstockdesk.net,11,Seattle,US,2026-06-06 03:55:06
2026-06-06,Medical,NovaCare Base,(653) 742-5935 ext. 64,hello@novacarebase.io,https://www.novacarebase.io,608,Vancouver,CA,2026-06-06 01:22:33
2026-06-06,MSP Platform,Alta PatchTech,1-290-612-3371,null,https://www.altapatchtech.com,396,Melbourne,AU,2026-06-06 05:19:07
2026-06-06,LMS,TidalSkill Soft,218.583.3963,contact@tidalskillsoft.co,https://www.tidalskillsoft.co,26,Austin,US,2026-06-06 04:56:36
2026-06-06,Legal,PivotLawDesk,(906) 283-2589,info@pivotlawdesk.com,https://www.pivotlawdesk.com,565,Chicago,US,2026-06-06 03:09:33
2026-06-06,HR,CoreOnboard Sphere,(398) 844-5490,hello@coreonboardsphere.com,https://coreonboardsphere.com,772,Raleigh,US,2026-06-06 02:46:18
2026-06-06,MSP Platform,ZenNodeCore,(247) 654-8834,info@zennodecore.com,https://www.zennodecore.com,15,London,UK,2026-06-06 03:59:08
2026-06-06,HR,XenonTalent Dynamics,(773) 980-7304,info@xenontalentdynamics.com,https://www.xenontalentdynamics.com,112,Raleigh,US,2026-06-06 06:40:09
2026-06-06,ERP,QuartzResourceDynamics,472-482-8990,contact@quartzresourcedynamics.co,quartzresourcedynamics.co,1530,Boston,US,2026-06-06 03:50:20
2026-06-06,ERP,CobaltFinCore,2648654767,sales@cobaltfincore.com,https://cobaltfincore.com,89,Tampa,US,2026-06-06 01:00:02
2026-06-06,HR,Sable PeopleSync,+1 (283) 418-2470,N/A,https://sablepeoplesync.com,5,Bengaluru,IN,2026-06-06 04:03:50
2026-06-06,ERP,QuartzPlanCore,+19318204452,contact@quartzplancore.net,https://www.quartzplancore.net,5,Calgary,CA,2026-06-06 02:33:36
2026-06-06,Medical,Harbor PatientSoft,(971) 961-8084,hello@harborpatientsoft.com,https://harborpatientsoft.com,N/A,Atlanta,US,2026-06-06 03:02:09
2026-06-06,LMS,OrbitLessonLogic,(691) 752-6860,sales@orbitlessonlogic.co,https://orbitlessonlogic.co,93,Denver,US,2026-06-06 06:07:24
2026-06-06,Medical,Harbor RxCore,+18902992420,contact@harborrxcore.com,https://harborrxcore.com,117,Tampa,US,2026-06-06 02:54:06
2026-06-06,MSP Platform,Juniper GridCloud,431-743-2753,contact@junipergridcloud.com,https://junipergridcloud.com,25,Denver,US,2026-06-06 02:11:42
2026-06-06,HR,MosaicPerform Point,524-938-9263,sales@mosaicperformpoint.io,https://mosaicperformpoint.io,140,Columbus,US,2026-06-06 05:13:06
2026-06-06,MSP Platform,PrimeNode Sync,(956) 388-4728,hello@primenodesync.com,https://www.primenodesync.com,null,London,UK,2026-06-06 01:18:55
2026-06-06,HR,Lumen CultureCore,+13595982074,info@lumenculturecore.com,https://www.lumenculturecore.com,17,London,UK,2026-06-06 01:38:32
2026-06-06,MSP Platform,Indigo EndpointWorks,+1 (984) 315-2039,info@indigoendpointworks.com,https://www.indigoendpointworks.com,null,Austin,US,2026-06-06 02:37:26
2026-06-06,Legal,OrbitCompli Cloud,517-644-2599,contact@orbitcomplicloud.com,https://orbitcomplicloud.com,4212,Amsterdam,NL,2026-06-06 03:07:20
2026-06-06,ERP,VertexOps Desk,261-245-5594,info@vertexopsdesk.com,https://vertexopsdesk.com,5,Dublin,IE,2026-06-06 06:16:14
2026-06-06,ERP,Beacon FinTech,06637658127,info@beaconfintech.com,https://www.beaconfintech.com,10,Calgary,CA,2026-06-06 01:05:11
2026-06-06,MSP Platform,Tidal EndpointPoint,1-963-518-5242,-,https://tidalendpointpoint.co,195,Boston,US,2026-06-06 06:45:50
2026-06-06,Medical,Tidal ClinicDesk,1-300-567-5602,info@tidalclinicdesk.io,https://www.tidalclinicdesk.io,55,Seattle,US,2026-06-06 03:06:53
2026-06-06,MSP Platform,BlueNode Flow,(445) 533-1481,info@bluenodeflow.co,https://www.bluenodeflow.co,191,Calgary,CA,2026-06-06 02:04:37
2026-06-06,HR,NorthPayroll Platform,+1 (873) 362-8825,hello@northpayrollplatform.com,https://www.northpayrollplatform.com,204,Singapore,SG,2026-06-06 06:03:23
2026-06-06,HR,Crest ShiftCloud,+18256958128,sales@crestshiftcloud.com,https://www.crestshiftcloud.com,362,Karachi,PK,2026-06-06 02:02:36
2026-06-06,Medical,TrueRxApp,(500) 914-0394,info@truerxapp.co,truerxapp.co,57,Chicago,US,2026-06-06 02:04:47
2026-06-06,Medical,Apex MedBase,1-812-621-8957,N/A,https://www.apexmedbase.co,744,Denver,US,2026-06-06 04:48:34
2026-06-06,ERP,IronFin Point,+13217554007,contact@ironfinpoint.com,https://ironfinpoint.com,496,N/A,DE,2026-06-06 04:20:19
2026-06-06,Medical,PolarisClinicPlatform’s,+15165755045,contact@polarisclinicplatform.com,https://www.polarisclinicplatform.com,61,Sydney,AU,2026-06-06 01:01:25
2026-06-06,MSP Platform,Granite PatchApp,+12663987502,info@granitepatchapp.io,granitepatchapp.io,16,Austin,US,2026-06-06 03:17:34
2026-06-06,HR,NimbusOnboardSolutions,08707823450,info@nimbusonboardsolutions.co,nimbusonboardsolutions.co,1120,Phoenix,US,2026-06-06 03:41:00
2026-06-06,ERP,Nimbus’s OpsWorks,9386132453,-,https://www.nimbusopsworks.com,26,Calgary,CA,2026-06-06 01:29:57
2026-06-06,Legal,BrightFilingLabs,698-459-3909,info@brightfilinglabs.io,https://www.brightfilinglabs.io,7,Sydney,AU,2026-06-06 06:48:40
2026-06-06,HR,Xenon OnboardSync,6767193490,sales@xenononboardsync.co,https://www.xenononboardsync.co,141,Sydney,AU,2026-06-06 04:22:11
2026-06-06,ERP,AltaResource Works,(665) 718-0284,hello@altaresourceworks.com,https://altaresourceworks.com,88,Atlanta,US,2026-06-06 03:15:08
2026-06-06,HR,Nimbus PeopleDynamics,7584445672,sales@nimbuspeopledynamics.com,https://www.nimbuspeopledynamics.com,372,Atlanta,US,2026-06-06 05:56:15
2026-06-06,Legal,QuartzCompliHub,(279) 882-5007,info@quartzcomplihub.com,https://www.quartzcomplihub.com,5,Islamabad,PK,2026-06-06 05:22:23
2026-06-06,Medical,Solid ClinicSphere,1-288-669-5744,contact@solidclinicsphere.com,solidclinicsphere.com,90,Atlanta,US,2026-06-06 05:35:56
2026-06-06,Legal,RidgeFiling Solutions,+15676199659,sales@ridgefilingsolutions.co,https://www.ridgefilingsolutions.co,73,Dublin,IE,2026-06-06 01:38:04
2026-06-06,Legal,ZenDocketDynamics,751.700.5977,null,https://zendocketdynamics.com,204,Melbourne,AU,2026-06-06 01:20:11
2026-06-06,HR,UmbraRoster App,311.662.2226,info@umbrarosterapp.com,https://umbrarosterapp.com,806,Toronto,CA,2026-06-06 02:20:35
2026-06-06,Medical,SummitChart Desk,840-736-1677,hello@summitchartdesk.com,https://www.summitchartdesk.com,765,Boston,US,2026-06-06 01:04:24
2026-06-06,MSP Platform,PolarisUptime Sphere,254-620-1023,hello@polarisuptimesphere.co,https://polarisuptimesphere.co,79,London,UK,2026-06-06 03:30:46
2026-06-06,MSP Platform,BeaconGrid Sync,(395) 711-3205,info@beacongridsync.io,https://www.beacongridsync.io,150,Islamabad,PK,2026-06-06 03:15:02
2026-06-06,Medical,Pioneer HealthDynamics,219.487.6178,N/A,pioneerhealthdynamics.io,27,Vancouver,CA,2026-06-06 01:13:00
2026-06-06,Legal,Quantum VerdictLabs,(626) 912-3467,contact@quantumverdictlabs.co,https://www.quantumverdictlabs.co,66,Chicago,US,2026-06-06 06:03:38
2026-06-06,LMS,Cobalt TrainTech,+1 (788) 537-2449,info@cobalttraintech.co,cobalttraintech.co,124,Tampa,US,2026-06-06 05:25:35
2026-06-06,MSP Platform,NimbusTicket Solutions,(442) 267-0306,hello@nimbusticketsolutions.net,https://www.nimbusticketsolutions.net,6,Raleigh,US,2026-06-06 01:20:01
2026-06-06,ERP,BrightOrder Dynamics,+19095432329,sales@brightorderdynamics.io,https://brightorderdynamics.io,20,Austin,US,2026-06-06 02:33:41
2026-06-06,Legal,Harbor OnboardSphere,(441) 637-6010,contact@harboronboardsphere.co,https://harboronboardsphere.co,30,Chicago,US,2026-06-06 01:57:27
2026-06-06,ERP,Orbit ChainPlatform,02262282109,sales@orbitchainplatform.com,https://www.orbitchainplatform.com,34,Raleigh,US,2026-06-06 02:34:40
2026-06-06,HR,SolidTalentFlow,4366463542,info@solidtalentflow.com,https://www.solidtalentflow.com,196,Phoenix,US,2026-06-06 05:34:17
2026-06-06,Medical,IndigoPatient Sync,351-588-6870,contact@indigopatientsync.com,https://indigopatientsync.com,282,London,UK,2026-06-06 03:30:18
2026-06-06,ERP,Vertex ForgeLogic,979-284-5648,info@vertexforgelogic.com,https://www.vertexforgelogic.com,21,Tampa,US,2026-06-06 01:01:31
2026-06-06,HR,XenonBenefit Soft,803-912-2452,sales@xenonbenefitsoft.io,https://www.xenonbenefitsoft.io,1031,Seattle,US,2026-06-06 01:34:16
2026-06-06,Medical,Anchor TriageTech,+18714709800,sales@anchortriagetech.com,https://anchortriagetech.com,27,Sydney,AU,2026-06-06 01:47:59
2026-06-06,MSP Platform,HarborNode Works,1-547-871-8048,info@harbornodeworks.com,https://harbornodeworks.com,114,Chicago,US,2026-06-06 05:56:26
2026-06-06,ERP,AtlasOpsSolutions,864.259.8967,sales@atlasopssolutions.io,https://www.atlasopssolutions.io,12,Amsterdam,NL,2026-06-06 01:26:48
2026-06-06,MSP Platform,RavenRemoteSuite,872-893-2045,sales@ravenremotesuite.com,https://ravenremotesuite.com,278,Leeds,UK,2026-06-06 04:38:14
2026-06-06,MSP Platform,OrbitGrid Solutions,+16934453966,sales@orbitgridsolutions.net,https://orbitgridsolutions.net,19,Atlanta,US,2026-06-06 03:54:38
2026-06-06,ERP,ZephyrStock Logic,+1 (838) 900-4996,contact@zephyrstocklogic.com,https://www.zephyrstocklogic.com,20,Columbus,US,2026-06-06 06:34:54
2026-06-06,Medical,VistaCareDynamics,404.683.9000,hello@vistacaredynamics.com,https://vistacaredynamics.com,145,Singapore,SG,2026-06-06 01:54:17
2026-06-06,MSP Platform,PivotGrid Base,739-989-5124,info@pivotgridbase.io,https://pivotgridbase.io,43,Boston,US,2026-06-06 06:05:40
2026-06-06,ERP,Nova BatchSystems,08077100486,info@novabatchsystems.co,https://novabatchsystems.co,41,Raleigh,US,2026-06-06 05:34:55
2026-06-06,LMS,IronLearn Labs,5253371118,hello@ironlearnlabs.com,https://www.ironlearnlabs.com,50,Denver,US,2026-06-06 03:27:39
2026-06-06,HR,ClearPerform Works,379.972.9655,hello@clearperformworks.co,https://www.clearperformworks.co,25,Sydney,AU,2026-06-06 04:25:34
2026-06-06,Medical,CedarCare Systems,(880) 624-3305,sales@cedarcaresystems.io,cedarcaresystems.io,12,Tampa,US,2026-06-06 03:10:26
2026-06-06,Medical,Nova RxCore,+1 (395) 885-1182,sales@novarxcore.io,https://www.novarxcore.io,21,Phoenix,US,2026-06-06 02:58:26
2026-06-06,MSP Platform,FalconEndpoint Logic,7198324312 ext. 57,info@falconendpointlogic.com,https://www.falconendpointlogic.com,267,Melbourne,AU,2026-06-06 04:49:52
2026-06-06,ERP,BrightBatch Labs,+1 (359) 438-1597,contact@brightbatchlabs.com,https://www.brightbatchlabs.com,31,Chicago,US,2026-06-06 06:07:44
2026-06-06,ERP,GraniteStockCore,+1 (954) 997-2298,hello@granitestockcore.com,https://www.granitestockcore.com,60,Tampa,US,2026-06-06 01:29:31
2026-06-06,Legal,CedarDocket Dynamics,9045271921,contact@cedardocketdynamics.com,https://www.cedardocketdynamics.com,17,Chicago,US,2026-06-06 05:35:19
2026-06-06,HR,GraniteBenefitLogic,(219) 739-9466,hello@granitebenefitlogic.io,https://granitebenefitlogic.io,51,Columbus,US,2026-06-06 02:55:39
2026-06-06,HR,UmbraRoster Sync,+16304231698,contact@umbrarostersync.net,umbrarostersync.net,,Bengaluru,IN,2026-06-06 06:57:51
2026-06-06,Medical,Mosaic HealthDynamics,(568) 651-2778,info@mosaichealthdynamics.com,https://mosaichealthdynamics.com,457,Chicago,US,2026-06-06 04:14:27
2026-06-06,Medical,GraniteVitalSync,+18799094483 ext. 60,hello@granitevitalsync.io,https://www.granitevitalsync.io,-,Manchester,UK,2026-06-06 02:30:42
2026-06-06,HR,SilverOnboard’s Soft,3116016887 ext. 29,hello@silveronboardsoft.com,silveronboardsoft.com,3179,Sydney,AU,2026-06-06 05:28:53
2026-06-06,Legal,Fusion CompliLabs,932-266-2946,contact@fusioncomplilabs.com,https://www.fusioncomplilabs.com,29,Columbus,US,2026-06-06 03:36:31
2026-06-06,MSP Platform,SilverMonitorSphere,+18676198374,sales@silvermonitorsphere.io,https://silvermonitorsphere.io,17,London,UK,2026-06-06 06:22:48
2026-06-06,Medical,VistaHealth Point,7889443980,hello@vistahealthpoint.co,https://www.vistahealthpoint.co,85,Phoenix,US,2026-06-06 05:51:53
2026-06-06,ERP,VeloBatchCloud,1-725-571-8618,sales@velobatchcloud.com,https://www.velobatchcloud.com,60,Austin,US,2026-06-06 05:29:33
2026-06-06,ERP,FusionOrder Tech,732-970-9724,sales@fusionordertech.com,https://www.fusionordertech.com,47,Calgary,CA,2026-06-06 01:27:36
2026-06-06,ERP,Golden ResourceCloud,+12955683319,contact@goldenresourcecloud.co,goldenresourcecloud.co,6,Sydney,AU,2026-06-06 01:27:24
2026-06-06,LMS,Meta QuizCore,(965) 498-2358,contact@metaquizcore.com,https://www.metaquizcore.com,55,Tampa,US,2026-06-06 06:50:15
2026-06-06,MSP Platform,Arch RemoteSolutions,7212448830,info@archremotesolutions.com,https://www.archremotesolutions.com,317,London,UK,2026-06-06 03:40:10
2026-06-06,HR,ArchPayroll Hub,+15208667639,info@archpayrollhub.co,https://archpayrollhub.co,20,Seattle,US,2026-06-06 01:59:09
2026-06-06,HR,Cedar BenefitTech,+18794914342 ext. 6,sales@cedarbenefittech.com,https://cedarbenefittech.com,35,Phoenix,US,2026-06-06 02:42:38
2026-06-06,MSP Platform,RidgeMonitorSuite,640-891-9323,hello@ridgemonitorsuite.com,https://ridgemonitorsuite.com,47,Seattle,US,2026-06-06 04:39:06
2026-06-06,ERP,TidalBatchTech,+19609046099 ext. 63,sales@tidalbatchtech.com,https://tidalbatchtech.com,7,Atlanta,US,2026-06-06 01:10:36
2026-06-06,Medical,Raven VitalLogic,(700) 514-3273,contact@ravenvitallogic.com,ravenvitallogic.com,494,Vancouver,CA,2026-06-06 06:43:28
2026-06-06,ERP,Quartz ChainCloud,1-619-569-7114 ext. 85,contact@quartzchaincloud.io,https://www.quartzchaincloud.io,143,Dublin,IE,2026-06-06 01:09:17
2026-06-06,HR,Prime PerformDynamics,+16952597331,info@primeperformdynamics.net,primeperformdynamics.net,161,Denver,US,2026-06-06 04:06:37
2026-06-06,ERP,SableStockSuite,397-951-3667,sales@sablestocksuite.co,sablestocksuite.co,463,Austin,US,2026-06-06 04:29:13
2026-06-06,LMS,PrimeCourse Cloud,+1 (267) 236-1347,info@primecoursecloud.io,https://primecoursecloud.io,22,Austin,US,2026-06-06 04:01:05
2026-06-06,HR,ZenPeopleFlow,+12914338958,sales@zenpeopleflow.com,https://zenpeopleflow.com,687,Seattle,US,2026-06-06 04:03:18
2026-06-06,Medical,Quartz HealthBase,719-708-3286,hello@quartzhealthbase.com,https://www.quartzhealthbase.com,34,Raleigh,US,2026-06-06 03:13:51
2026-06-06,Medical,CedarCare Tech,478-215-9955,contact@cedarcaretech.com,cedarcaretech.com,42,Raleigh,US,2026-06-06 04:06:17
2026-06-06,HR,North BenefitApp,(943) 737-9839,contact@northbenefitapp.com,https://www.northbenefitapp.com,76,Chicago,US,2026-06-06 04:55:56
2026-06-06,Legal,BeaconCounselSolutions,376-365-4598,contact@beaconcounselsolutions.com,beaconcounselsolutions.com,31,Leeds,UK,2026-06-06 05:41:23
2026-06-06,ERP,Fusion’s PlanDynamics,1-635-399-4738,sales@fusionplandynamics.com,https://www.fusionplandynamics.com,6,Manchester,UK,2026-06-06 06:03:54
2026-06-06,LMS,PioneerCourseSoft,1-760-657-1087,sales@pioneercoursesoft.com,https://pioneercoursesoft.com,33,Islamabad,PK,2026-06-06 06:45:34
2026-06-06,Medical,FusionTriage Works,(862) 573-9598,contact@fusiontriageworks.com,https://fusiontriageworks.com,185,Tampa,US,2026-06-06 06:17:44
2026-06-06,HR,Harbor ShiftFlow,1-251-725-5121,sales@harborshiftflow.com,https://www.harborshiftflow.com,9,Leeds,UK,2026-06-06 03:13:40
2026-06-06,ERP,SolidOps Core,1-288-894-6052,hello@solidopscore.io,https://www.solidopscore.io,111,Amsterdam,NL,2026-06-06 02:08:00
2026-06-06,ERP,Ember PlanSystems,(313) 345-8424,sales@emberplansystems.com,https://www.emberplansystems.com,103,Tampa,US,2026-06-06 01:28:51
2026-06-06,HR,RapidCultureSync,(620) 894-7742,info@rapidculturesync.com,https://www.rapidculturesync.com,4946,Lahore,PK,2026-06-06 01:11:38
2026-06-06,Medical,Zen Health Recruiting,797-889-3527,info@zenhealthrecruiting.co,https://www.zenhealthrecruiting.co,43,Phoenix,US,2026-06-06 03:35:29
2026-06-06,LMS,Raven TutorApp,(561) 450-4944,sales@raventutorapp.io,https://www.raventutorapp.io,495,Phoenix,US,2026-06-06 06:59:12
2026-06-06,HR,AtlasTeam Desk,1-649-599-9491,hello@atlasteamdesk.net,https://www.atlasteamdesk.net,10,Boston,US,2026-06-06 02:09:26
2026-06-06,Legal,UmbraDocket Sphere,+15818734502,contact@umbradocketsphere.com,https://www.umbradocketsphere.com,5,Phoenix,US,2026-06-06 02:38:09
2026-06-06,HR,Mosaic BenefitCloud,675.792.4237,hello@mosaicbenefitcloud.com,https://www.mosaicbenefitcloud.com,699,London,UK,2026-06-06 01:07:03
2026-06-06,Legal,Quartz ClauseLogic,+1 (233) 312-7657,info@quartzclauselogic.io,https://quartzclauselogic.io,285,Atlanta,US,2026-06-06 05:26:02
2026-06-06,HR,Crest ShiftBase,1-912-830-0265,sales@crestshiftbase.com,crestshiftbase.com,33,Chicago,US,2026-06-06 04:29:02
2026-06-06,ERP,Harbor ForgeSync,790-349-4337,hello@harborforgesync.io,https://harborforgesync.io,554,Raleigh,US,2026-06-06 01:14:11
2026-06-06,HR,Keystone TeamDesk,9619689440,hello@keystoneteamdesk.com,https://keystoneteamdesk.com,156,Chicago,US,2026-06-06 03:18:28
2026-06-06,ERP,Raven Batch Outsourcing,232-362-1044,hello@ravenbatchoutsourcing.io,https://www.ravenbatchoutsourcing.io,18,Chicago,US,2026-06-06 02:04:05
2026-06-06,HR,FalconRosterSystems,651-599-3742 ext. 88,contact@falconrostersystems.com,https://falconrostersystems.com,10,Amsterdam,NL,2026-06-06 06:25:01
2026-06-06,ERP,Nova FinApp,974-567-3815,info@novafinapp.com,https://www.novafinapp.com,17,Sydney,AU,2026-06-06 06:06:33
2026-06-06,ERP,Omni ChainDesk,811.248.4095 ext. 29,contact@omnichaindesk.com,https://www.omnichaindesk.com,31,Manchester,UK,2026-06-06 02:19:09
2026-06-06,HR,NovaRoster Dynamics,790-748-6552,hello@novarosterdynamics.io,https://www.novarosterdynamics.io,10,Boston,US,2026-06-06 06:45:00
2026-06-06,Medical,Bright HealthSync,(313) 754-5353,,https://www.brighthealthsync.co,16,Sydney,AU,2026-06-06 05:11:55
2026-06-06,Medical,AnchorMedPoint,280-741-5494,hello@anchormedpoint.com,https://www.anchormedpoint.com,53,Toronto,CA,2026-06-06 01:56:58
2026-06-06,HR,Onyx PayrollWorks,+14698200511,info@onyxpayrollworks.io,https://www.onyxpayrollworks.io,147,Columbus,US,2026-06-06 04:39:38
2026-06-06,Medical,FalconTriage Sync,+18017700649,sales@falcontriagesync.net,https://www.falcontriagesync.net,19,Pune,IN,2026-06-06 05:39:44
2026-06-06,HR,Indigo PeopleSync,1-270-723-1543,contact@indigopeoplesync.com,https://indigopeoplesync.com,68,Melbourne,AU,2026-06-06 06:12:17
2026-06-06,Medical,WillowChartPoint,(296) 999-5668,sales@willowchartpoint.com,willowchartpoint.com,91,Denver,US,2026-06-06 01:51:12
2026-06-06,ERP,Orbit ChainWorks,(538) 551-3378,sales@orbitchainworks.com,orbitchainworks.com,138,London,UK,2026-06-06 02:56:13
2026-06-06,HR,IronTeamWorks,+13732650832 ext. 32,info@ironteamworks.io,https://www.ironteamworks.io,13,Toronto,CA,2026-06-06 02:18:10
2026-06-06,ERP,Alta BatchTech,(899) 355-7531,contact@altabatchtech.com,https://www.altabatchtech.com,797,Islamabad,PK,2026-06-06 05:55:09
2026-06-06,LMS,Crown PathSoft,(909) 992-4420,contact@crownpathsoft.com,https://www.crownpathsoft.com,34,Hyderabad,IN,2026-06-06 05:36:41
2026-06-06,MSP Platform,Quartz NodeWorks,1-952-486-9241,hello@quartznodeworks.co,quartznodeworks.co,1744,Islamabad,PK,2026-06-06 06:05:55
2026-06-06,Medical,Sable PatientCore,(482) 876-0498,info@sablepatientcore.com,https://www.sablepatientcore.com,294,Hyderabad,IN,2026-06-06 02:50:03
2026-06-06,LMS,Anchor TeamHub,(238) 529-9068,hello@anchorteamhub.com,https://www.anchorteamhub.com,12,Atlanta,US,2026-06-06 02:03:48
2026-06-06,Medical,VistaMed Sphere,04212896498,hello@vistamedsphere.com,https://vistamedsphere.com,46,London,UK,2026-06-06 02:50:28
2026-06-06,Medical,Raven ChartDesk,839-425-9383,hello@ravenchartdesk.com,https://ravenchartdesk.com,300,Leeds,UK,2026-06-06 03:54:10
2026-06-06,HR,FusionResource Hub,941.408.2472,hello@fusionresourcehub.com,https://www.fusionresourcehub.com,9,Melbourne,AU,2026-06-06 01:21:52
2026-06-06,MSP Platform,PolarisGrid Dynamics,774-590-5031,info@polarisgriddynamics.com,https://polarisgriddynamics.com,16,Denver,US,2026-06-06 06:35:14
2026-06-06,Medical,Willow RxTech,1-248-387-7381,contact@willowrxtech.io,https://willowrxtech.io,111,Columbus,US,2026-06-06 01:27:53
2026-06-06,HR,TruePerformHub,273-778-6324 ext. 4,hello@trueperformhub.com,https://www.trueperformhub.com,72,Boston,US,2026-06-06 02:54:27
2026-06-06,Medical,OnyxPatient Cloud,+12818183535,hello@onyxpatientcloud.com,https://www.onyxpatientcloud.com,202,Atlanta,US,2026-06-06 05:20:59
2026-06-06,HR,Vista TeamPlatform,3345863843,info@vistateamplatform.com,https://vistateamplatform.com,97,Boston,US,2026-06-06 01:56:13
2026-06-06,MSP Platform,PioneerTicketFlow,987.615.1412,hello@pioneerticketflow.com,https://pioneerticketflow.com,21,Bengaluru,IN,2026-06-06 02:53:31
2026-06-06,ERP,Omni OpsSync,789.995.1183 ext. 92,contact@omniopssync.net,https://www.omniopssync.net,447,Columbus,US,2026-06-06 03:21:22
2026-06-06,LMS,Lumen SkillFlow,+13625337730,info@lumenskillflow.com,https://www.lumenskillflow.com,49,Columbus,US,2026-06-06 04:48:01
2026-06-06,ERP,Apex BatchDynamics,+13159926369,contact@apexbatchdynamics.com,https://www.apexbatchdynamics.com,18,Phoenix,US,2026-06-06 01:42:22
2026-06-06,ERP,FalconFinBase,1-378-764-0936,contact@falconfinbase.com,https://www.falconfinbase.com,3776,Boston,US,2026-06-06 04:01:26
2026-06-06,HR,TruePeople Labs,+13855855888,hello@truepeoplelabs.com,https://www.truepeoplelabs.com,77,Vancouver,CA,2026-06-06 03:04:25
2026-06-06,MSP Platform,ApexEndpointLabs,1-574-322-6856,sales@apexendpointlabs.io,https://www.apexendpointlabs.io,17,Raleigh,US,2026-06-06 03:41:27
2026-06-06,ERP,BeaconForge Sphere,3225407400,sales@beaconforgesphere.io,https://beaconforgesphere.io,7,Phoenix,US,2026-06-06 06:38:43
2026-06-06,LMS,RidgewayQuiz App,596.863.8215,info@ridgewayquizapp.com,https://www.ridgewayquizapp.com,28,Phoenix,US,2026-06-06 04:44:33
2026-06-06,HR,AltaPeopleTech,1-956-469-6038 ext. 16,hello@altapeopletech.com,https://www.altapeopletech.com,26,Raleigh,US,2026-06-06 06:37:02
2026-06-06,Legal,OrbitLawSync,(228) 286-2014,hello@orbitlawsync.co,https://www.orbitlawsync.co,5,Columbus,US,2026-06-06 02:26:29
2026-06-06,ERP,BrightPlanHub,+19736728955,contact@brightplanhub.io,https://brightplanhub.io,50,Tampa,US,2026-06-06 01:31:38
2026-06-06,Legal,IndigoFilingHub,(713) 793-3630,contact@indigofilinghub.co,https://indigofilinghub.co,459,Raleigh,US,2026-06-06 02:21:57
2026-06-06,MSP Platform,True UptimeSoft,742.968.0293,sales@trueuptimesoft.com,https://trueuptimesoft.com,2878,Chicago,US,2026-06-06 03:47:43
2026-06-06,ERP,Nova BatchBase,504-902-3082,info@novabatchbase.com,https://www.novabatchbase.com,138,Tampa,US,2026-06-06 05:03:48
2026-06-06,ERP,Alta StockBase,234-276-5551,info@altastockbase.net,altastockbase.net,265,Boston,US,2026-06-06 04:09:58
2026-06-06,ERP,North LedgerCore,+16024294814,sales@northledgercore.co,https://northledgercore.co,171,Toronto,CA,2026-06-06 02:34:08
2026-06-06,MSP Platform,MetaUptimeLogic,1-503-239-6553,contact@metauptimelogic.io,metauptimelogic.io,999,Singapore,SG,2026-06-06 05:22:38
2026-06-06,Medical,Mosaic HealthPlatform,+13933383143,sales@mosaichealthplatform.net,https://www.mosaichealthplatform.net,707,Austin,US,2026-06-06 06:23:27
2026-06-06,MSP Platform,LumenUptimeCore,401-225-5721,info@lumenuptimecore.io,https://www.lumenuptimecore.io,24,Chicago,US,2026-06-06 01:12:37
2026-06-06,Legal,Blue CaseSolutions,+12026669024,sales@bluecasesolutions.com,https://www.bluecasesolutions.com,17,Sydney,AU,2026-06-06 06:17:19
2026-06-06,Legal,Apex CaseBase,(706) 212-5492,contact@apexcasebase.co,https://www.apexcasebase.co,407,Seattle,US,2026-06-06 03:30:00
2026-06-06,Medical,Apex MedSystems,+1 (234) 630-5600,sales@apexmedsystems.com,apexmedsystems.com,38,Munich,DE,2026-06-06 01:35:43
2026-06-06,HR,KeystonePerform Suite,251.742.3970,contact@keystoneperformsuite.com,https://www.keystoneperformsuite.com,576,Calgary,CA,2026-06-06 04:33:50
2026-06-06,Medical,PolarisCareSoft,+13332270787,info@polariscaresoft.com,polariscaresoft.com,140,Dublin,IE,2026-06-06 03:16:05
2026-06-06,Legal,SilverFiling Flow,(551) 490-8824 ext. 32,contact@silverfilingflow.io,https://www.silverfilingflow.io,11,Melbourne,AU,2026-06-06 02:17:29
2026-06-06,LMS,Iron TrainSync,(514) 464-2811,info@irontrainsync.com,https://irontrainsync.com,28,Raleigh,US,2026-06-06 03:09:38
2026-06-06,HR,Xenon BenefitTech,976.349.6660,contact@xenonbenefittech.net,https://www.xenonbenefittech.net,11,Phoenix,US,2026-06-06 03:57:43
2026-06-06,LMS,GoldenSkillCloud,8359433136,hello@goldenskillcloud.com,https://www.goldenskillcloud.com,44,Raleigh,US,2026-06-06 02:24:35
2026-06-06,MSP Platform,BoldGridDesk,+12875130007,contact@boldgriddesk.com,boldgriddesk.com,14,Hyderabad,IN,2026-06-06 04:13:23
2026-06-06,HR,Nimbus BenefitApp,+16859476683,contact@nimbusbenefitapp.com,nimbusbenefitapp.com,31,Columbus,US,2026-06-06 03:25:38
2026-06-06,Legal,ZephyrVerdict Core,243-855-3022,hello@zephyrverdictcore.io,https://zephyrverdictcore.io,97,Phoenix,US,2026-06-06 01:17:23
2026-06-06,ERP,PivotBatchLabs,(727) 413-5000,hello@pivotbatchlabs.com,https://www.pivotbatchlabs.com,35,Denver,US,2026-06-06 04:22:03
2026-06-06,MSP Platform,Nimbus NetPlatform,489-568-5891,sales@nimbusnetplatform.com,https://nimbusnetplatform.com,27,Singapore,SG,2026-06-06 01:47:38
2026-06-06,LMS,Silver CourseLogic,1-664-928-0127,contact@silvercourselogic.io,https://www.silvercourselogic.io,17,Atlanta,US,2026-06-06 02:03:46
2026-06-06,ERP,Cobalt PlanTech,504.838.1878,sales@cobaltplantech.net,https://www.cobaltplantech.net,639,Chicago,US,2026-06-06 01:54:02
2026-06-06,ERP,LumenResource Logic,(917) 487-2412,hello@lumenresourcelogic.co,https://www.lumenresourcelogic.co,11,Amsterdam,NL,2026-06-06 06:23:35
2026-06-06,Legal,OnyxClause Logic,(637) 713-5642,info@onyxclauselogic.com,https://onyxclauselogic.com,97,Seattle,US,2026-06-06 02:36:18
2026-06-06,ERP,RapidBatch Dynamics,(507) 235-7537,contact@rapidbatchdynamics.net,https://www.rapidbatchdynamics.net,20,Islamabad,PK,2026-06-06 02:17:40
2026-06-06,HR,Atlas PerformSphere,+14205801663,contact@atlasperformsphere.io,https://atlasperformsphere.io,58,Seattle,US,2026-06-06 05:49:53
2026-06-06,HR,NovaRosterLogic,(297) 635-4365 ext. 23,hello@novarosterlogic.com,https://novarosterlogic.com,341,Denver,US,2026-06-06 01:47:41
2026-06-06,MSP Platform,AnchorStack Logic,491.295.5937,sales@anchorstacklogic.co,https://www.anchorstacklogic.co,39,Manchester,UK,2026-06-06 03:23:10
2026-06-06,Medical,RidgeHealth Soft,+19123965718,hello@ridgehealthsoft.com,https://ridgehealthsoft.com,84,Calgary,CA,2026-06-06 02:13:37
2026-06-06,HR,SolidShift Base,(468) 780-2908,hello@solidshiftbase.com,solidshiftbase.com,69,Manchester,UK,2026-06-06 02:59:25
2026-06-06,ERP,SolidFinDesk,+1 (939) 417-4721,hello@solidfindesk.com,https://www.solidfindesk.com,13,Sydney,AU,2026-06-06 03:29:09
2026-06-06,Medical,Quantum ChartBase,1-758-884-0476,hello@quantumchartbase.com,https://www.quantumchartbase.com,593,Pune,IN,2026-06-06 01:52:11
2026-06-06,Medical,ZephyrCareSoft,258-962-9803,hello@zephyrcaresoft.net,https://zephyrcaresoft.net,30,Columbus,US,2026-06-06 04:19:38
2026-06-06,Legal,BeaconClause Soft,(724) 581-6752,contact@beaconclausesoft.co,https://www.beaconclausesoft.co,186,Raleigh,US,2026-06-06 04:51:13
2026-06-06,Medical,Velo RxSystems,+17204379046,hello@velorxsystems.com,https://www.velorxsystems.com,179,Melbourne,AU,2026-06-06 06:46:26
2026-06-06,Legal,Omni LawDesk,3069356379,contact@omnilawdesk.com,https://www.omnilawdesk.com,4329,Melbourne,AU,2026-06-06 04:42:04
2026-06-06,ERP,IronResourceLogic,5297514749 ext. 11,info@ironresourcelogic.net,https://www.ironresourcelogic.net,92,Atlanta,US,2026-06-06 06:21:38
2026-06-06,Legal,AtlasCaseSphere,1-867-576-2060,hello@atlascasesphere.net,https://www.atlascasesphere.net,null,Phoenix,US,2026-06-06 05:25:11
2026-06-06,Medical,Bright VitalFlow,(352) 924-4460,sales@brightvitalflow.io,brightvitalflow.io,490,Chicago,US,2026-06-06 04:28:16
2026-06-06,ERP,BrightBatch Suite,1-883-615-5799,contact@brightbatchsuite.io,https://brightbatchsuite.io,451,Manchester,UK,2026-06-06 06:07:24
2026-06-06,ERP,IndigoChain Tech,+1 (507) 410-2532,hello@indigochaintech.com,https://www.indigochaintech.com,2012,Chicago,US,2026-06-06 04:04:28
2026-06-06,MSP Platform,BeaconMonitorFlow,472-860-3710,hello@beaconmonitorflow.com,https://beaconmonitorflow.com,94,Boston,US,2026-06-06 04:26:38
2026-06-06,MSP Platform,CrownMonitorDesk,769-494-2838,hello@crownmonitordesk.io,https://www.crownmonitordesk.io,7,Munich,DE,2026-06-06 06:14:29
2026-06-06,MSP Platform,Beacon PatchPoint,(793) 356-9566,hello@beaconpatchpoint.com,https://www.beaconpatchpoint.com,1491,N/A,CA,2026-06-06 02:59:35
2026-06-06,ERP,QuartzLedger’s Suite,1-375-467-1425,sales@quartzledgersuite.com,https://www.quartzledgersuite.com,24,Toronto,CA,2026-06-06 06:56:12
2026-06-06,HR,QuartzShift Platform,5079253998,info@quartzshiftplatform.com,https://www.quartzshiftplatform.com,11,Boston,US,2026-06-06 03:42:13
2026-06-06,LMS,Atlas LearnPoint,335-467-7909,info@atlaslearnpoint.co,https://www.atlaslearnpoint.co,531,Leeds,UK,2026-06-06 03:26:06
2026-06-06,ERP,NovaStock Cloud,924-416-0635,hello@novastockcloud.co,https://www.novastockcloud.co,,Sydney,AU,2026-06-06 02:46:17
2026-06-06,ERP,CedarFin Works,5649305403,info@cedarfinworks.com,https://www.cedarfinworks.com,114,Dublin,IE,2026-06-06 04:58:32
2026-06-06,Legal,Zen VerdictTech,806-970-5690,info@zenverdicttech.com,https://www.zenverdicttech.com,7,Denver,US,2026-06-06 06:24:36
2026-06-06,HR,HarborPeopleSuite,620-731-4242 ext. 76,hello@harborpeoplesuite.net,https://www.harborpeoplesuite.net,258,Dublin,IE,2026-06-06 02:54:37
2026-06-06,MSP Platform,PivotEndpoint Core,5953931889,N/A,https://www.pivotendpointcore.co,12,Manchester,UK,2026-06-06 03:33:52
2026-06-06,Legal,PivotClause Point,318-228-1347,sales@pivotclausepoint.com,https://www.pivotclausepoint.com,508,Austin,US,2026-06-06 06:47:21
2026-06-06,ERP,PivotForgeSync,+1 (937) 661-4978,hello@pivotforgesync.net,https://www.pivotforgesync.net,463,Melbourne,AU,2026-06-06 03:32:58
2026-06-06,ERP,FusionForgeDynamics,+13048670055,hello@fusionforgedynamics.com,https://fusionforgedynamics.com,50,Karachi,PK,2026-06-06 06:43:21
2026-06-06,Legal,CrownDocket Systems,+12463267090,contact@crowndocketsystems.io,crowndocketsystems.io,283,Amsterdam,NL,2026-06-06 06:58:54
2026-06-06,Legal,FusionMatterCore,(702) 616-3117,sales@fusionmattercore.net,https://www.fusionmattercore.net,3346,Austin,US,2026-06-06 05:06:25
2026-06-06,Medical,AltaPatient Suite,+16475279641,contact@altapatientsuite.com,https://altapatientsuite.com,52,Raleigh,US,2026-06-06 03:49:48
2026-06-06,Medical,JuniperPatient Point,1-923-782-9999,contact@juniperpatientpoint.com,https://www.juniperpatientpoint.com,35,Columbus,US,2026-06-06 05:03:52
2026-06-06,MSP Platform,CrownEndpointApp,(626) 593-4674,sales@crownendpointapp.com,https://crownendpointapp.com,63,Raleigh,US,2026-06-06 04:44:49
2026-06-06,ERP,CrestResource Soft,(596) 676-7246,hello@crestresourcesoft.com,https://crestresourcesoft.com,59,Phoenix,US,2026-06-06 06:36:11
2026-06-06,Medical,BlueMedFlow,1-235-557-1010,info@bluemedflow.com,https://www.bluemedflow.com,95,Toronto,CA,2026-06-06 02:37:37
2026-06-06,Legal,Core LawSync,848-770-1827,sales@corelawsync.com,https://corelawsync.com,402,Melbourne,AU,2026-06-06 02:13:22
2026-06-06,Medical,QuantumMedHub,+12955953100,sales@quantummedhub.com,https://quantummedhub.com,151,Columbus,US,2026-06-06 05:35:08
2026-06-06,ERP,MetaFin Labs,(382) 307-5187,hello@metafinlabs.net,https://www.metafinlabs.net,-,Chicago,US,2026-06-06 04:42:58
2026-06-06,MSP Platform,QuartzStack Sphere,668-202-9983,info@quartzstacksphere.com,https://quartzstacksphere.com,21,Denver,US,2026-06-06 02:20:21
2026-06-06,MSP Platform,FusionMonitorFlow,+14172190417,hello@fusionmonitorflow.com,https://www.fusionmonitorflow.com,73,London,UK,2026-06-06 05:03:39
2026-06-06,MSP Platform,Falcon Uptime Outsourcing,+15138767628,sales@falconuptimeoutsourcing.com,https://www.falconuptimeoutsourcing.com,33,Calgary,CA,2026-06-06 01:47:59
2026-06-06,HR,OnyxPerformCore,797.241.3029,contact@onyxperformcore.com,onyxperformcore.com,325,Denver,US,2026-06-06 03:17:35
2026-06-06,Medical,TrueCare Systems,783-651-7684,info@truecaresystems.com,https://truecaresystems.com,100,Manchester,UK,2026-06-06 02:27:33
2026-06-06,Medical,AnchorVital Core,+1 (922) 696-7282,info@anchorvitalcore.com,https://www.anchorvitalcore.com,3058,Denver,US,2026-06-06 05:08:04
2026-06-06,Legal,Omni VerdictDesk,(707) 661-3295,hello@omniverdictdesk.com,https://www.omniverdictdesk.com,N/A,Denver,US,2026-06-06 02:07:50
2026-06-06,ERP,Nimbus OrderWorks,(531) 962-7526,hello@nimbusorderworks.co,https://www.nimbusorderworks.co,22,Denver,US,2026-06-06 03:30:45
2026-06-06,Legal,Delta VerdictSuite,5624816582,contact@deltaverdictsuite.io,deltaverdictsuite.io,905,Columbus,US,2026-06-06 04:53:33
2026-06-06,MSP Platform,Falcon NodeLogic,569-316-1039,contact@falconnodelogic.com,falconnodelogic.com,N/A,Manchester,UK,2026-06-06 02:30:59
2026-06-06,ERP,DeltaChainLabs,+14744932420 ext. 97,-,deltachainlabs.com,450,Seattle,US,2026-06-06 03:50:14
2026-06-06,ERP,Clear ForgeBase,(831) 722-6881,info@clearforgebase.com,clearforgebase.com,252,London,UK,2026-06-06 06:14:59
2026-06-06,Medical,Tidal MedBase,1-630-332-0074,sales@tidalmedbase.io,https://www.tidalmedbase.io,197,Columbus,US,2026-06-06 06:11:21
2026-06-06,HR,Apex PeopleDesk,+17716800786,info@apexpeopledesk.io,apexpeopledesk.io,21,-,UK,2026-06-06 05:07:01
2026-06-06,MSP Platform,Zen NodePoint,439.346.2873,contact@zennodepoint.com,https://www.zennodepoint.com,30,Leeds,UK,2026-06-06 03:34:11
2026-06-06,ERP,Umbra FinCore,417-928-1484,sales@umbrafincore.com,https://umbrafincore.com,359,Seattle,US,2026-06-06 02:24:16
2026-06-06,ERP,GraniteChain Systems,9429075193,info@granitechainsystems.com,https://granitechainsystems.com,34,Boston,US,2026-06-06 05:44:39
2026-06-06,Medical,Nimbus TriageFlow,496-508-0891,sales@nimbustriageflow.io,https://nimbustriageflow.io,47,Raleigh,US,2026-06-06 06:05:48
2026-06-06,Medical,QuartzPulse Logic,416-832-6296 ext. 77,sales@quartzpulselogic.com,https://www.quartzpulselogic.com,17,Denver,US,2026-06-06 03:03:52
2026-06-06,ERP,Golden FinApp,3868285994,hello@goldenfinapp.com,https://www.goldenfinapp.com,1145,Chicago,US,2026-06-06 06:18:47
2026-06-06,Medical,Keystone’s VitalLogic,923-907-9488,contact@keystonevitallogic.com,keystonevitallogic.com,43,Boston,US,2026-06-06 04:15:54
2026-06-06,Medical,TrueHealthDesk,(485) 543-5802 ext. 39,info@truehealthdesk.com,truehealthdesk.com,361,London,UK,2026-06-06 02:05:26
2026-06-06,HR,BlueCultureCore,1-881-389-1342,info@blueculturecore.com,https://blueculturecore.com,32,Melbourne,AU,2026-06-06 06:19:21
2026-06-06,ERP,Zen OpsDynamics,1-840-493-8922,sales@zenopsdynamics.com,https://www.zenopsdynamics.com,,Phoenix,US,2026-06-06 01:40:41
2026-06-06,ERP,PolarisForge Flow,8413480623,contact@polarisforgeflow.com,polarisforgeflow.com,28,Leeds,UK,2026-06-06 04:51:56
2026-06-06,ERP,Iron StockSync,2823261539,N/A,https://www.ironstocksync.com,863,Munich,DE,2026-06-06 05:00:04
2026-06-06,Legal,CedarMatter Base,+1 (363) 523-3630,contact@cedarmatterbase.com,https://www.cedarmatterbase.com,233,Raleigh,US,2026-06-06 01:59:19
2026-06-06,LMS,CoréTutorSuite,(614) 300-5681,contact@coretutorsuite.net,https://coretutorsuite.net,88,Hyderabad,IN,2026-06-06 04:22:22
2026-06-06,ERP,Core LedgerCore,606-931-0275,info@coreledgercore.com,coreledgercore.com,51,Chicago,US,2026-06-06 02:44:24
2026-06-06,Medical,IronVitalSystems,+17415945759,info@ironvitalsystems.com,https://ironvitalsystems.com,266,Columbus,US,2026-06-06 01:21:53
2026-06-06,ERP,IronOps Point,879-792-3435,contact@ironopspoint.net,https://www.ironopspoint.net,91,Atlanta,US,2026-06-06 01:22:53
2026-06-06,Medical,BlueClinic Solutions,4038338587,info@blueclinicsolutions.com,blueclinicsolutions.com,8,Seattle,US,2026-06-06 01:00:11
2026-06-06,Legal,AltaCase Solutions,08196814243 ext. 61,contact@altacasesolutions.com,https://altacasesolutions.com,52,Seattle,US,2026-06-06 03:23:24
2026-06-06,HR,NorthPayrollCore,(543) 238-1572,info@northpayrollcore.co,northpayrollcore.co,373,Atlanta,US,2026-06-06 03:24:15
2026-06-06,Legal,RavenVerdict Tech,+18176039312 ext. 96,hello@ravenverdicttech.com,https://www.ravenverdicttech.com,20,Denver,US,2026-06-06 05:57:59
2026-06-06,Legal,AltaBriefSystems,338.705.9131 ext. 50,sales@altabriefsystems.net,altabriefsystems.net,68,Seattle,US,2026-06-06 06:32:10
2026-06-06,MSP Platform,UmbraTicket Soft,215-319-9188,N/A,https://www.umbraticketsoft.io,311,Dublin,IE,2026-06-06 06:45:05
2026-06-06,ERP,TrueOpsPlatform,3807732174,sales@trueopsplatform.net,https://www.trueopsplatform.net,20,Leeds,UK,2026-06-06 01:57:51
2026-06-06,Medical,IndigoTriageDynamics,1-691-574-1065,info@indigotriagedynamics.io,indigotriagedynamics.io,42,Phoenix,US,2026-06-06 01:08:36
2026-06-06,ERP,RapidChain Suite,319.736.1159,contact@rapidchainsuite.com,https://www.rapidchainsuite.com,807,Raleigh,US,2026-06-06 01:28:59
2026-06-06,ERP,Juniper FinApp,949-589-4980,sales@juniperfinapp.io,https://www.juniperfinapp.io,18,Columbus,US,2026-06-06 06:37:14
2026-06-06,HR,ApexRoster App,395-465-9656,sales@apexrosterapp.io,https://www.apexrosterapp.io,21,Denver,US,2026-06-06 01:08:34
2026-06-06,Medical,Vista VitalSystems,(455) 743-0551,hello@vistavitalsystems.net,https://vistavitalsystems.net,237,Boston,US,2026-06-06 03:15:40
2026-06-06,ERP,Velo OrderDesk,+17545955610,sales@veloorderdesk.io,https://www.veloorderdesk.io,421,Raleigh,US,2026-06-06 03:48:06
2026-06-06,HR,PolarisTeamSystems,(825) 500-0205,contact@polaristeamsystems.io,https://www.polaristeamsystems.io,996,Pune,IN,2026-06-06 05:31:58
2026-06-06,Legal,HarborCounselSync,949-612-0932,sales@harborcounselsync.io,https://www.harborcounselsync.io,122,Vancouver,CA,2026-06-06 04:33:29
2026-06-06,Legal,FalconVerdict Core,554.516.2130 ext. 29,sales@falconverdictcore.io,https://falconverdictcore.io,89,Chicago,US,2026-06-06 04:12:43
2026-06-06,Medical,Xenon PulseSolutions,7943297441,hello@xenonpulsesolutions.io,https://www.xenonpulsesolutions.io,44,Raleigh,US,2026-06-06 04:56:10
2026-06-06,ERP,QuartzStockApp,(416) 996-4152,sales@quartzstockapp.com,https://quartzstockapp.com,46,Manchester,UK,2026-06-06 06:32:30
2026-06-06,Medical,GraniteClinic Platform,662-561-4867,sales@graniteclinicplatform.com,https://www.graniteclinicplatform.com,106,Amsterdam,NL,2026-06-06 06:01:37
2026-06-06,HR,VeloRoster Systems,802.406.2171,contact@velorostersystems.co,https://velorostersystems.co,434,Seattle,US,2026-06-06 03:49:47
2026-06-06,Medical,Umbra PatientPoint,02063453432,contact@umbrapatientpoint.com,https://www.umbrapatientpoint.com,78,Atlanta,US,2026-06-06 01:39:45
2026-06-06,ERP,GraniteOpsFlow,+15433827706,contact@graniteopsflow.com,https://www.graniteopsflow.com,2861,Atlanta,US,2026-06-06 05:29:24
2026-06-06,ERP,PrimeOps Labs,+15827756978,info@primeopslabs.io,primeopslabs.io,,Hyderabad,IN,2026-06-06 06:26:28
2026-06-06,HR,Silver CultureWorks,+1 (347) 686-6288,info@silvercultureworks.net,https://silvercultureworks.net,294,Raleigh,US,2026-06-06 02:23:37
2026-06-06,ERP,True ChainLabs,(825) 419-4341,contact@truechainlabs.com,https://www.truechainlabs.com,745,Seattle,US,2026-06-06 06:21:32
2026-06-06,HR,OmniTalentFlow,351-740-4367,contact@omnitalentflow.com,https://www.omnitalentflow.com,,London,UK,2026-06-06 02:27:34
2026-06-06,Legal,Xenon VerdictSolutions,+16274573507,hello@xenonverdictsolutions.io,https://www.xenonverdictsolutions.io,970,Denver,US,2026-06-06 03:16:26
2026-06-06,MSP Platform,Crest StackCloud,+14679866464,sales@creststackcloud.com,https://creststackcloud.com,51,London,UK,2026-06-06 02:44:35
2026-06-06,MSP Platform,Bright UptimeWorks,+1 (301) 423-2781,contact@brightuptimeworks.com,https://www.brightuptimeworks.com,109,Singapore,SG,2026-06-06 02:54:14
2026-06-06,ERP,CoreOrderDesk,+19727345930,contact@coreorderdesk.com,https://www.coreorderdesk.com,13,Melbourne,AU,2026-06-06 02:52:58
2026-06-06,Medical,Vertex VitalHub,961-682-5643,info@vertexvitalhub.com,https://vertexvitalhub.com,13,Hyderabad,IN,2026-06-06 02:26:02
2026-06-06,Legal,BeaconBriefBase,5643518203,contact@beaconbriefbase.net,https://beaconbriefbase.net,11,Melbourne,AU,2026-06-06 02:56:41
2026-06-06,Legal,MetaMatter App,(696) 594-7092,hello@metamatterapp.com,https://www.metamatterapp.com,30,London,UK,2026-06-06 03:36:04
2026-06-06,ERP,ArchPlanDesk,986-832-4454 ext. 5,hello@archplandesk.com,https://www.archplandesk.com,36,Seattle,US,2026-06-06 06:53:03
2026-06-06,MSP Platform,EmberNode Base,(242) 311-8796,info@embernodebase.com,https://embernodebase.com,407,Karachi,PK,2026-06-06 01:36:14
2026-06-06,Legal,PolarisBrief Hub,1-349-394-5466,sales@polarisbriefhub.io,https://www.polarisbriefhub.io,493,Phoenix,US,2026-06-06 03:55:37
2026-06-06,ERP,BeaconResourceLogic,(691) 487-0164,info@beaconresourcelogic.com,https://beaconresourcelogic.com,39,Calgary,CA,2026-06-06 03:09:23
2026-06-06,Medical,KeystoneChartSolutions,(741) 694-9631,sales@keystonechartsolutions.com,https://www.keystonechartsolutions.com,46,Amsterdam,NL,2026-06-06 06:31:02
2026-06-06,HR,Alta VerdictDynamics,(255) 382-8997,contact@altaverdictdynamics.com,altaverdictdynamics.com,150,Leeds,UK,2026-06-06 04:00:55
2026-06-06,ERP,Quartz ForgeSuite,+19362465196,hello@quartzforgesuite.com,https://www.quartzforgesuite.com,7,Seattle,US,2026-06-06 06:36:50
2026-06-06,Medical,IndigoClinic Core,504-632-6172,sales@indigocliniccore.com,https://indigocliniccore.com,11,Boston,US,2026-06-06 02:37:35
2026-06-06,ERP,Quartz BatchCloud,+1 (497) 759-9693 ext. 99,info@quartzbatchcloud.com,https://quartzbatchcloud.com,74,Seattle,US,2026-06-06 04:49:21
2026-06-06,Medical,Zephyr PulseWorks,(778) 393-1142,hello@zephyrpulseworks.com,zephyrpulseworks.com,64,Columbus,US,2026-06-06 05:43:13
2026-06-06,HR,Crest BenefitSystems,812.371.8899,info@crestbenefitsystems.io,https://crestbenefitsystems.io,69,Boston,US,2026-06-06 03:35:01
2026-06-06,Medical,CrownClinicSync,421-314-4628,sales@crownclinicsync.net,https://crownclinicsync.net,31,Atlanta,US,2026-06-06 02:42:10
2026-06-06,HR,IronPayroll Dynamics,(747) 353-8059,contact@ironpayrolldynamics.com,ironpayrolldynamics.com,490,Calgary,CA,2026-06-06 03:10:40
2026-06-06,ERP,Bold OpsFlow,(489) 619-9002,sales@boldopsflow.com,https://www.boldopsflow.com,109,Phoenix,US,2026-06-06 03:36:51
2026-06-06,HR,ZenBenefitCloud’s,07688615407,hello@zenbenefitcloud.net,https://www.zenbenefitcloud.net,20,Seattle,US,2026-06-06 03:51:05
2026-06-06,Legal,GoldenVerdict Cloud,+13985619252,contact@goldenverdictcloud.com,https://goldenverdictcloud.com,5,Chicago,US,2026-06-06 01:36:44
2026-06-06,HR,DeltaTalent Sphere,534.928.5126,info@deltatalentsphere.io,https://www.deltatalentsphere.io,9,Vancouver,CA,2026-06-06 04:54:13
2026-06-06,LMS,Lattice CoursePlatform,1-252-477-9437,contact@latticecourseplatform.io,https://www.latticecourseplatform.io,817,Manchester,UK,2026-06-06 03:59:02
2026-06-06,HR,Iron PayrollDesk,+17534706208,contact@ironpayrolldesk.com,https://www.ironpayrolldesk.com,14,Raleigh,US,2026-06-06 04:16:32
2026-06-06,MSP Platform,PolarisGridPlatform,1-810-836-5661,hello@polarisgridplatform.co,https://www.polarisgridplatform.co,271,Leeds,UK,2026-06-06 01:04:07
2026-06-06,Medical,Ember VitalSoft,1-842-760-3459,info@embervitalsoft.com,embervitalsoft.com,37,Phoenix,US,2026-06-06 05:17:33
2026-06-06,ERP,CedarOrder Flow,(806) 551-1168,contact@cedarorderflow.com,https://www.cedarorderflow.com,16,Atlanta,US,2026-06-06 04:54:40
2026-06-06,ERP,HarborLedger Flow,(432) 347-6745,sales@harborledgerflow.com,https://www.harborledgerflow.com,491,Chicago,US,2026-06-06 02:13:13
2026-06-06,HR,ApexPeople Systems,(739) 456-0145 ext. 15,sales@apexpeoplesystems.com,apexpeoplesystems.com,11,Boston,US,2026-06-06 04:35:57
2026-06-06,ERP,ZephyrStockPoint,8027831363,sales@zephyrstockpoint.com,https://www.zephyrstockpoint.com,191,London,UK,2026-06-06 02:15:27
2026-06-06,HR,AnchorOnboard Core,364-329-9518,info@anchoronboardcore.com,https://www.anchoronboardcore.com,210,Chicago,US,2026-06-06 05:14:33
2026-06-06,Legal,KeystoneClause Base,9252262326,sales@keystoneclausebase.io,https://keystoneclausebase.io,37,Boston,US,2026-06-06 04:34:03
2026-06-06,MSP Platform,GraniteEndpoint Solutions,5063744034,contact@graniteendpointsolutions.io,https://www.graniteendpointsolutions.io,10,Boston,US,2026-06-06 03:11:47
2026-06-06,HR,Apex RosterBase,+1 (933) 680-7408 ext. 47,sales@apexrosterbase.com,https://www.apexrosterbase.com,56,Denver,US,2026-06-06 03:59:30
2026-06-06,HR,RavenRoster Suite,426.481.6707,,https://www.ravenrostersuite.io,201,Tampa,US,2026-06-06 04:35:20
2026-06-06,Medical,Lumen HealthLabs,+16847030174,hello@lumenhealthlabs.com,lumenhealthlabs.com,13,Austin,US,2026-06-06 06:54:12
2026-06-06,ERP,CedarLedger App,(902) 715-3480,N/A,https://www.cedarledgerapp.io,32,Phoenix,US,2026-06-06 05:56:52
2026-06-06,LMS,Zephyr Course Consultants,+13067843234,hello@zephyrcourseconsultants.io,https://zephyrcourseconsultants.io,35,Singapore,SG,2026-06-06 01:45:11
2026-06-06,HR,Nimbus TalentDynamics,534-611-3635,info@nimbustalentdynamics.co,nimbustalentdynamics.co,467,London,UK,2026-06-06 06:45:36
2026-06-06,Medical,SilverTriage Sphere,+18442501269,hello@silvertriagesphere.net,https://www.silvertriagesphere.net,18,Phoenix,US,2026-06-06 06:39:24
2026-06-06,LMS,CoreLesson Works,725-751-9084,hello@corelessonworks.com,https://www.corelessonworks.com,296,Phoenix,US,2026-06-06 05:33:25
2026-06-06,MSP Platform,Cobalt Uptime Consultants,5983776265,hello@cobaltuptimeconsultants.com,https://www.cobaltuptimeconsultants.com,829,Hyderabad,IN,2026-06-06 02:02:46
2026-06-06,MSP Platform,Lumen NodeHub,+16806198343,hello@lumennodehub.com,https://www.lumennodehub.com,28,Amsterdam,NL,2026-06-06 05:06:25
2026-06-06,MSP Platform,MosaicUptime Systems,1-627-420-6456,-,https://www.mosaicuptimesystems.co,563,Calgary,CA,2026-06-06 03:50:54
2026-06-06,LMS,Alta TutorSoft,+1 (911) 402-1578,info@altatutorsoft.com,https://www.altatutorsoft.com,11,Boston,US,2026-06-06 05:16:19
2026-06-06,ERP,PivotOps Works,1-598-751-9043,info@pivotopsworks.com,https://www.pivotopsworks.com,166,Austin,US,2026-06-06 01:11:07
2026-06-06,MSP Platform,TrueUptimeBase,963.846.7557 ext. 20,contact@trueuptimebase.io,https://www.trueuptimebase.io,667,Berlin,DE,2026-06-06 06:57:00
2026-06-06,Legal,ApexMatterSoft,1-415-693-7293 ext. 10,contact@apexmattersoft.net,https://apexmattersoft.net,6,London,UK,2026-06-06 04:31:11
2026-06-06,Medical,Vista HealthSphere,(556) 654-4004 ext. 68,sales@vistahealthsphere.co,https://vistahealthsphere.co,883,Berlin,DE,2026-06-06 06:13:57
2026-06-06,Legal,ArchFilingWorks,(776) 862-6815,contact@archfilingworks.com,https://www.archfilingworks.com,12,Columbus,US,2026-06-06 06:18:38
2026-06-06,HR,Crown PeopleLabs,1-432-513-3331,contact@crownpeoplelabs.com,crownpeoplelabs.com,30,Denver,US,2026-06-06 01:14:05
2026-06-06,Medical,Anchor TriageFlow,(728) 338-8327,sales@anchortriageflow.net,https://www.anchortriageflow.net,233,Columbus,US,2026-06-06 06:47:35
2026-06-06,MSP Platform,KeystoneEndpoint App,(765) 627-5654,contact@keystoneendpointapp.io,https://keystoneendpointapp.io,13,Dublin,IE,2026-06-06 03:05:00
2026-06-06,Medical,MosaicCare App,9473926667,hello@mosaiccareapp.io,mosaiccareapp.io,23,Seattle,US,2026-06-06 02:58:06
2026-06-06,Legal,JuniperClauseSphere,+12355237462 ext. 10,sales@juniperclausesphere.com,https://www.juniperclausesphere.com,9,Raleigh,US,2026-06-06 02:59:40
2026-06-06,MSP Platform,Quartz StackWorks,1-574-336-4028,hello@quartzstackworks.com,quartzstackworks.com,351,Austin,US,2026-06-06 02:14:53
2026-06-06,MSP Platform,Cedar MonitorSolutions,6843189236,hello@cedarmonitorsolutions.io,https://cedarmonitorsolutions.io,33,Denver,US,2026-06-06 04:37:19
2026-06-06,ERP,NimbusForge Solutions,+19142637111,contact@nimbusforgesolutions.io,nimbusforgesolutions.io,14,N/A,US,2026-06-06 01:23:14
2026-06-06,HR,Raven PeopleApp,+19079271026,sales@ravenpeopleapp.com,https://www.ravenpeopleapp.com,76,Chicago,US,2026-06-06 01:41:40
2026-06-06,LMS,PioneerClause Works,1-428-628-3862,hello@pioneerclauseworks.io,https://pioneerclauseworks.io,95,Tampa,US,2026-06-06 03:13:25
2026-06-06,Medical,FalconCareSphere,624-415-5354,info@falconcaresphere.com,https://www.falconcaresphere.com,135,Raleigh,US,2026-06-06 02:20:04
2026-06-06,ERP,PivotOrder Sync,706.399.5468 ext. 59,info@pivotordersync.com,https://pivotordersync.com,217,Phoenix,US,2026-06-06 01:08:16
2026-06-06,Medical,Granite CareSolutions,949-240-0804,info@granitecaresolutions.net,https://www.granitecaresolutions.net,19,Sydney,AU,2026-06-06 01:07:39
2026-06-06,MSP Platform,Crest PatchSuite,1-907-278-5918 ext. 54,info@crestpatchsuite.com,crestpatchsuite.com,9,Chicago,US,2026-06-06 01:20:55
2026-06-06,ERP,PolarisFinDesk,1-805-664-2169,sales@polarisfindesk.com,https://polarisfindesk.com,2098,Karachi,PK,2026-06-06 04:49:37
2026-06-06,MSP Platform,RidgewayGridDesk,(939) 520-0960,sales@ridgewaygriddesk.com,https://www.ridgewaygriddesk.com,43,Dublin,IE,2026-06-06 03:46:27
2026-06-06,ERP,RavenOps Labs,1-715-792-5719,contact@ravenopslabs.com,https://ravenopslabs.com,60,Phoenix,US,2026-06-06 04:04:13
2026-06-06,HR,RavenPeople Sphere,8699465852,info@ravenpeoplesphere.co,https://www.ravenpeoplesphere.co,15,Seattle,US,2026-06-06 03:01:00
2026-06-06,HR,Polaris PayrollSuite,+1 (224) 682-8162 ext. 37,hello@polarispayrollsuite.co,https://www.polarispayrollsuite.co,161,Boston,US,2026-06-06 04:21:24
2026-06-06,HR,CedarTeamCloud,+1 (295) 346-1900,info@cedarteamcloud.com,https://www.cedarteamcloud.com,92,London,UK,2026-06-06 04:52:55
2026-06-06,Medical,Clear PatientSphere,378-683-4163 ext. 6,-,https://www.clearpatientsphere.co,93,Melbourne,AU,2026-06-06 04:54:30
2026-06-06,Medical,Vista MedPlatform,2158880263,info@vistamedplatform.io,vistamedplatform.io,34,Boston,US,2026-06-06 03:05:31
2026-06-06,Medical,Silver VitalSystems,1-288-909-9105,contact@silvervitalsystems.com,https://www.silvervitalsystems.com,23,Denver,US,2026-06-06 05:23:18
2026-06-06,Medical,DeltaMed Point,(683) 812-1338,info@deltamedpoint.io,https://deltamedpoint.io,17,Berlin,DE,2026-06-06 06:47:10
2026-06-06,LMS,BeaconQuiz Base,+1 (967) 234-2604,info@beaconquizbase.com,https://www.beaconquizbase.com,380,Columbus,US,2026-06-06 05:27:52
2026-06-06,HR,Fusion RosterDesk,+17158400338,sales@fusionrosterdesk.co,https://www.fusionrosterdesk.co,8,Singapore,SG,2026-06-06 01:04:52
2026-06-06,HR,Velo RosterHub,(235) 332-2741,hello@velorosterhub.com,https://www.velorosterhub.com,496,Boston,US,2026-06-06 04:39:34
2026-06-06,HR,JuniperCulture Suite,1-936-816-6610,contact@juniperculturesuite.com,juniperculturesuite.com,4376,Berlin,DE,2026-06-06 02:18:14
2026-06-06,Medical,Beacon RxDesk,231-517-4476 ext. 40,sales@beaconrxdesk.co,https://beaconrxdesk.co,23,Phoenix,US,2026-06-06 04:49:20
2026-06-06,HR,RavenPayrollLogic,+17108485225,sales@ravenpayrolllogic.com,https://www.ravenpayrolllogic.com,77,Denver,US,2026-06-06 05:42:37
2026-06-06,MSP Platform,SableStackApp,613-913-0575,hello@sablestackapp.com,https://www.sablestackapp.com,18,-,US,2026-06-06 02:38:34
2026-06-06,MSP Platform,TrueUptimeTech,+18065934070,N/A,https://www.trueuptimetech.com,100,Phoenix,US,2026-06-06 04:04:12
2026-06-06,MSP Platform,FusionNetCloud’s,685-508-8832,hello@fusionnetcloud.io,https://www.fusionnetcloud.io,47,Denver,US,2026-06-06 04:54:59
2026-06-06,Medical,MetaClinic Cloud,+1 (819) 786-0306,contact@metacliniccloud.com,https://www.metacliniccloud.com,285,London,UK,2026-06-06 01:39:26
2026-06-06,Medical,OmniVital Logic,+17575427977,hello@omnivitallogic.com,https://www.omnivitallogic.com,5,Tampa,US,2026-06-06 04:42:56
2026-06-06,Legal,XenonBriefFlow,8078230343,contact@xenonbriefflow.com,https://www.xenonbriefflow.com,2235,Amsterdam,NL,2026-06-06 06:44:20
2026-06-06,Medical,GoldenClinicSphere,(527) 484-7110,info@goldenclinicsphere.com,https://goldenclinicsphere.com,27,Manchester,UK,2026-06-06 05:17:41
2026-06-06,HR,DeltaCultureCloud’s,574.777.4508,hello@deltaculturecloud.com,https://deltaculturecloud.com,10,Denver,US,2026-06-06 04:18:38
2026-06-06,ERP,Silver BatchCloud,(908) 834-3695,sales@silverbatchcloud.com,https://silverbatchcloud.com,19,Austin,US,2026-06-06 06:43:33
2026-06-06,Medical,Velo PatientHub,406-711-9583 ext. 64,info@velopatienthub.com,https://www.velopatienthub.com,128,Chicago,US,2026-06-06 02:42:58
2026-06-06,ERP,RapidResource Sphere,3653143811,info@rapidresourcesphere.com,rapidresourcesphere.com,10,-,US,2026-06-06 03:49:34
2026-06-06,LMS,ArchCourse Base,(626) 401-0440,sales@archcoursebase.com,https://archcoursebase.com,68,Raleigh,US,2026-06-06 05:24:48
2026-06-06,Medical,PrimeCareSuite,(284) 742-6995 ext. 40,hello@primecaresuite.com,primecaresuite.com,29,Raleigh,US,2026-06-06 05:00:13
2026-06-06,ERP,PivotOps Sync,5714821857,hello@pivotopssync.com,https://www.pivotopssync.com,30,Boston,US,2026-06-06 01:24:15
2026-06-06,MSP Platform,IndigoNet Labs,1-892-295-5271,hello@indigonetlabs.com,https://indigonetlabs.com,214,Austin,US,2026-06-06 06:59:15
2026-06-06,Medical,NimbusPatient Systems,258.446.0947,sales@nimbuspatientsystems.com,https://www.nimbuspatientsystems.com,28,Raleigh,US,2026-06-06 04:23:56
2026-06-06,Medical,NimbusMedCloud,+17844604328,contact@nimbusmedcloud.com,https://www.nimbusmedcloud.com,46,Boston,US,2026-06-06 05:16:09
2026-06-06,MSP Platform,RapidRemoteDynamics,1-430-522-6430,contact@rapidremotedynamics.io,rapidremotedynamics.io,139,Raleigh,US,2026-06-06 05:07:32
2026-06-06,ERP,Silver ChainCore,345.747.7884,hello@silverchaincore.com,https://silverchaincore.com,6,Amsterdam,NL,2026-06-06 05:20:21
2026-06-06,HR,Core PerformPoint,04544799357,sales@coreperformpoint.com,https://coreperformpoint.com,23,Seattle,US,2026-06-06 03:37:36
2026-06-06,Medical,ZenChartLabs,812-520-4039,info@zenchartlabs.net,https://www.zenchartlabs.net,35,Melbourne,AU,2026-06-06 02:01:49
2026-06-06,HR,TrueTeam Cloud,(657) 767-9619,info@trueteamcloud.io,trueteamcloud.io,17,Atlanta,US,2026-06-06 02:43:08
2026-06-06,MSP Platform,LatticeStackApp,1-916-521-7920,hello@latticestackapp.co,https://latticestackapp.co,2689,Dublin,IE,2026-06-06 01:33:03
2026-06-06,HR,Meta PerformLogic,1-363-730-7947,sales@metaperformlogic.com,https://metaperformlogic.com,487,Calgary,CA,2026-06-06 02:47:24
2026-06-06,HR,JuniperOnboard Point,06497361094,info@juniperonboardpoint.co,https://www.juniperonboardpoint.co,8,Melbourne,AU,2026-06-06 05:43:00
2026-06-06,LMS,Clear SkillHub,+14813635676,info@clearskillhub.net,https://www.clearskillhub.net,5,Atlanta,US,2026-06-06 05:13:43
2026-06-06,Medical,AltaTriage Labs,966-667-1086,info@altatriagelabs.net,https://altatriagelabs.net,30,Boston,US,2026-06-06 01:25:27
2026-06-06,Medical,Beacon HealthLogic,(884) 863-1725,contact@beaconhealthlogic.io,https://beaconhealthlogic.io,43,Columbus,US,2026-06-06 03:15:34
2026-06-06,MSP Platform,Omni MonitorHub,684-229-7350,contact@omnimonitorhub.com,https://www.omnimonitorhub.com,456,Vancouver,CA,2026-06-06 06:11:46
2026-06-06,ERP,CrownOps’s Flow,855-250-9190,contact@crownopsflow.com,https://www.crownopsflow.com,207,Boston,US,2026-06-06 05:14:14
2026-06-06,ERP,RidgewayFin Sphere,6174308689,sales@ridgewayfinsphere.com,https://www.ridgewayfinsphere.com,12,Pune,IN,2026-06-06 02:31:05
2026-06-06,HR,MetaPerformTech,(283) 748-3932,hello@metaperformtech.net,metaperformtech.net,109,Bengaluru,IN,2026-06-06 01:08:33
2026-06-06,Legal,Rapid FilingSoft,(519) 590-3738,hello@rapidfilingsoft.com,https://www.rapidfilingsoft.com,13,Phoenix,US,2026-06-06 06:51:39
2026-06-06,ERP,RidgewayOpsLogic,260-417-4625,hello@ridgewayopslogic.com,https://ridgewayopslogic.com,28,Tampa,US,2026-06-06 04:48:47
2026-06-06,MSP Platform,Cedar GridWorks,8186941630,contact@cedargridworks.com,https://www.cedargridworks.com,167,Seattle,US,2026-06-06 04:10:26
2026-06-06,HR,HaloPeople Point,1-596-472-8325,hello@halopeoplepoint.io,https://halopeoplepoint.io,36,Toronto,CA,2026-06-06 01:41:32
2026-06-06,MSP Platform,RidgewayStack Point,(746) 807-1549,hello@ridgewaystackpoint.net,https://www.ridgewaystackpoint.net,815,Hyderabad,IN,2026-06-06 06:58:39
2026-06-06,MSP Platform,RapidStack Hub,609-616-9157,null,https://www.rapidstackhub.com,79,Atlanta,US,2026-06-06 04:13:14
2026-06-06,ERP,Raven Forge Consultants,05876624240,hello@ravenforgeconsultants.io,https://www.ravenforgeconsultants.io,74,Melbourne,AU,2026-06-06 06:19:03
2026-06-06,ERP,RavenStock Systems,(208) 833-2006,contact@ravenstocksystems.io,https://www.ravenstocksystems.io,5,Chicago,US,2026-06-06 02:50:59
2026-06-06,ERP,Lumen OrderHub,+18196820750,contact@lumenorderhub.com,lumenorderhub.com,8,Vancouver,CA,2026-06-06 01:52:13
2026-06-06,MSP Platform,Delta StackSolutions,505-846-2950,sales@deltastacksolutions.com,https://www.deltastacksolutions.com,9,Manchester,UK,2026-06-06 06:19:59
2026-06-06,Medical,GoldenVitalSystems,(372) 313-6258,contact@goldenvitalsystems.com,https://www.goldenvitalsystems.com,39,Atlanta,US,2026-06-06 01:17:39
2026-06-06,MSP Platform,AtlasNet Tech,(477) 652-4757,hello@atlasnettech.com,https://www.atlasnettech.com,49,Dublin,IE,2026-06-06 05:14:40
2026-06-06,HR,RidgeOnboardCore,+17474597627,contact@ridgeonboardcore.net,https://ridgeonboardcore.net,65,London,UK,2026-06-06 06:04:34
2026-06-06,HR,BrightPeoplePlatform,1-242-919-9777 ext. 87,sales@brightpeopleplatform.io,https://www.brightpeopleplatform.io,329,Denver,US,2026-06-06 03:36:16
2026-06-06,Medical,CoreClinic Sphere,323-537-2781,sales@coreclinicsphere.com,coreclinicsphere.com,25,Seattle,US,2026-06-06 01:09:16
2026-06-06,HR,Fusion OnboardFlow,+18325026012,info@fusiononboardflow.io,https://www.fusiononboardflow.io,3766,Phoenix,US,2026-06-06 06:02:24
2026-06-06,Medical,Apex MedPlatform,+19837679123,hello@apexmedplatform.com,https://www.apexmedplatform.com,19,Seattle,US,2026-06-06 03:37:39
2026-06-06,HR,OnyxPerform Platform,819-470-7122,-,https://onyxperformplatform.net,20,Vancouver,CA,2026-06-06 05:39:06
2026-06-06,ERP,Ember Order Staffing,09736230296,contact@emberorderstaffing.net,https://www.emberorderstaffing.net,318,Chicago,US,2026-06-06 02:15:24
2026-06-06,ERP,BlueClauseSoft,(286) 970-1835,hello@blueclausesoft.io,https://blueclausesoft.io,378,Boston,US,2026-06-06 06:39:20
2026-06-06,HR,HaloPayrollDynamics,+1 (325) 429-2822,info@halopayrolldynamics.com,https://www.halopayrolldynamics.com,951,Sydney,AU,2026-06-06 05:33:42
2026-06-06,HR,VistaCulture Flow,8483356055,contact@vistacultureflow.co,https://www.vistacultureflow.co,165,Seattle,US,2026-06-06 06:17:16
2026-06-06,MSP Platform,Blue GridLogic,928-202-9639,sales@bluegridlogic.com,https://www.bluegridlogic.com,7,Berlin,DE,2026-06-06 05:42:33
2026-06-06,Legal,RapidCase Solutions,+16226764162,hello@rapidcasesolutions.com,https://rapidcasesolutions.com,39,Amsterdam,NL,2026-06-06 06:06:10
2026-06-06,MSP Platform,LatticeNode Soft,741-591-2454,hello@latticenodesoft.io,https://latticenodesoft.io,30,Phoenix,US,2026-06-06 01:24:55
2026-06-06,Medical,NimbusTriageCloud,(430) 899-1446,hello@nimbustriagecloud.co,https://www.nimbustriagecloud.co,9,Manchester,UK,2026-06-06 01:20:38
2026-06-06,Medical,Blue PulseSync,(772) 999-0616,info@bluepulsesync.io,https://bluepulsesync.io,40,Phoenix,US,2026-06-06 06:39:09
2026-06-06,Medical,CobaltPulseSuite,+17053684596,info@cobaltpulsesuite.com,https://www.cobaltpulsesuite.com,50,Denver,US,2026-06-06 04:31:50
2026-06-06,ERP,Lattice OpsPlatform,6212061884,contact@latticeopsplatform.com,https://www.latticeopsplatform.com,7,Karachi,PK,2026-06-06 04:01:47
2026-06-06,MSP Platform,Crest MonitorSoft,(836) 364-3224,sales@crestmonitorsoft.com,https://www.crestmonitorsoft.com,114,Manchester,UK,2026-06-06 04:01:16
2026-06-06,MSP Platform,LumenStackPoint,(504) 918-6738,contact@lumenstackpoint.io,https://www.lumenstackpoint.io,239,Boston,US,2026-06-06 02:39:21
2026-06-06,ERP,OrbitOrder Core,872.415.7752,contact@orbitordercore.com,https://www.orbitordercore.com,337,Atlanta,US,2026-06-06 06:24:01
2026-06-06,ERP,VistaLedger Platform,236-941-4092,info@vistaledgerplatform.co,https://www.vistaledgerplatform.co,104,Columbus,US,2026-06-06 03:30:52
2026-06-06,HR,WillowPerformLabs,(771) 274-6035,sales@willowperformlabs.com,https://www.willowperformlabs.com,82,Columbus,US,2026-06-06 01:58:40
2026-06-06,MSP Platform,HarborNet’s Flow,(246) 328-9953,info@harbornetflow.io,https://harbornetflow.io,415,London,UK,2026-06-06 03:13:42
2026-06-06,Medical,BeaconCareWorks,2966292094,contact@beaconcareworks.com,https://www.beaconcareworks.com,2004,Chicago,US,2026-06-06 05:58:40
2026-06-06,Legal,Nimbus CaseSync,+16788333828,sales@nimbuscasesync.com,https://www.nimbuscasesync.com,266,London,UK,2026-06-06 04:26:33
2026-06-06,ERP,IronResourceCloud,+16692980660,sales@ironresourcecloud.com,ironresourcecloud.com,469,Atlanta,US,2026-06-06 05:22:44
2026-06-06,HR,NovaPeople Soft,797-770-8440,sales@novapeoplesoft.com,https://www.novapeoplesoft.com,127,Tampa,US,2026-06-06 06:11:50
2026-06-06,Medical,Umbra ClinicSoft,+16603523980,hello@umbraclinicsoft.com,https://www.umbraclinicsoft.com,8,Boston,US,2026-06-06 06:16:57
2026-06-06,Medical,GoldenPatient Flow,(641) 664-0328,hello@goldenpatientflow.io,https://goldenpatientflow.io,20,Melbourne,AU,2026-06-06 02:36:20
2026-06-06,HR,UmbraPeople Flow,1-374-983-5429,hello@umbrapeopleflow.com,https://www.umbrapeopleflow.com,16,Boston,US,2026-06-06 02:24:33
2026-06-06,HR,NorthBenefit Works,542.983.3224,info@northbenefitworks.net,https://www.northbenefitworks.net,349,Pune,IN,2026-06-06 02:16:33
2026-06-06,HR,Willow CultureApp,217-251-7277,info@willowcultureapp.io,https://www.willowcultureapp.io,9,Denver,US,2026-06-06 03:50:27
2026-06-06,MSP Platform,SilverStackPlatform,+14568604740,hello@silverstackplatform.com,silverstackplatform.com,270,Boston,US,2026-06-06 05:26:11
2026-06-06,Medical,Meta ChartLogic,+18485594151,contact@metachartlogic.io,https://www.metachartlogic.io,6,Austin,US,2026-06-06 02:59:10
2026-06-06,Medical,Alta MedPoint,675-887-3462,sales@altamedpoint.com,https://www.altamedpoint.com,3661,Raleigh,US,2026-06-06 05:15:29
2026-06-06,Medical,TrueTriage Tech,+1 (531) 520-2127,contact@truetriagetech.com,https://www.truetriagetech.com,N/A,Seattle,US,2026-06-06 05:42:17
2026-06-06,MSP Platform,VistaPatch Suite,9042506398,hello@vistapatchsuite.io,https://www.vistapatchsuite.io,171,Tampa,US,2026-06-06 04:10:40
2026-06-06,Legal,Meta BriefSync,+18519461680,contact@metabriefsync.com,https://metabriefsync.com,67,Austin,US,2026-06-06 05:30:27
2026-06-06,ERP,GraniteStockSuite,(381) 362-4230,sales@granitestocksuite.co,https://www.granitestocksuite.co,72,London,UK,2026-06-06 05:25:06
2026-06-06,ERP,BeaconFin Works,857-524-3837,contact@beaconfinworks.co,beaconfinworks.co,31,Atlanta,US,2026-06-06 06:15:23
2026-06-06,ERP,PioneerChain Labs,+13845331971,contact@pioneerchainlabs.io,https://pioneerchainlabs.io,1239,Atlanta,US,2026-06-06 05:20:39
2026-06-06,Legal,BrightMatter Cloud,+1 (757) 640-6921,sales@brightmattercloud.io,https://brightmattercloud.io,18,Phoenix,US,2026-06-06 05:06:36
2026-06-06,ERP,DeltaChain Systems,(954) 482-9758,sales@deltachainsystems.co,https://www.deltachainsystems.co,553,Chicago,US,2026-06-06 04:32:25
2026-06-06,Legal,Granite CompliSuite,398-414-5749,info@granitecomplisuite.com,https://granitecomplisuite.com,393,Boston,US,2026-06-06 02:33:13
2026-06-06,HR,Raven TalentCore,549-899-1858,contact@raventalentcore.com,raventalentcore.com,123,Raleigh,US,2026-06-06 06:19:51
2026-06-06,MSP Platform,CobaltStack Dynamics,7408508051,info@cobaltstackdynamics.com,https://www.cobaltstackdynamics.com,131,Singapore,SG,2026-06-06 05:15:40
2026-06-06,ERP,Bold ForgeWorks,5736275630,info@boldforgeworks.net,https://boldforgeworks.net,11,London,UK,2026-06-06 06:32:26
2026-06-06,MSP Platform,ApexUptimeSuite,4466316273,info@apexuptimesuite.com,https://www.apexuptimesuite.com,12,Raleigh,US,2026-06-06 06:56:17
2026-06-06,MSP Platform,ZephyrMonitor Base,(964) 793-3971,contact@zephyrmonitorbase.com,https://www.zephyrmonitorbase.com,50,Sydney,AU,2026-06-06 02:46:57
2026-06-06,Medical,GraniteCare Hub,8625656744,,https://www.granitecarehub.net,84,Hyderabad,IN,2026-06-06 01:03:21
2026-06-06,HR,Ridgeway PayrollFlow,+16777055628,contact@ridgewaypayrollflow.co,https://www.ridgewaypayrollflow.co,107,Chicago,US,2026-06-06 06:17:40
2026-06-06,ERP,GraniteStockDesk,+15196896144,contact@granitestockdesk.co,https://www.granitestockdesk.co,288,Vancouver,CA,2026-06-06 01:01:53
2026-06-06,ERP,BeaconPlan Cloud,(864) 327-3055,info@beaconplancloud.com,https://beaconplancloud.com,218,Munich,DE,2026-06-06 04:13:28
2026-06-06,Legal,Tidal CompliLogic,746-720-0894,hello@tidalcomplilogic.com,https://tidalcomplilogic.com,18,Pune,IN,2026-06-06 02:04:04
2026-06-06,MSP Platform,Bright NetDesk,(679) 395-9879,hello@brightnetdesk.com,https://brightnetdesk.com,87,Chicago,US,2026-06-06 06:57:43
2026-06-06,HR,CrownCulture Tech,1-778-511-3413,N/A,https://www.crownculturetech.co,429,Columbus,US,2026-06-06 01:09:34
2026-06-06,MSP Platform,Falcon NetWorks,(218) 643-9092,contact@falconnetworks.com,falconnetworks.com,302,Singapore,SG,2026-06-06 05:52:26
2026-06-06,ERP,KeystoneForge Desk,+15035525425,hello@keystoneforgedesk.com,https://keystoneforgedesk.com,19,Toronto,CA,2026-06-06 04:45:38
2026-06-06,HR,GraniteBenefitBase,1-584-787-4217,info@granitebenefitbase.com,https://granitebenefitbase.com,855,Toronto,CA,2026-06-06 04:35:53
2026-06-06,ERP,Nimbus ChainLogic,07289979528,hello@nimbuschainlogic.io,https://www.nimbuschainlogic.io,2332,Chicago,US,2026-06-06 03:01:44
2026-06-06,HR,Crest PayrollSolutions,654-624-2722,hello@crestpayrollsolutions.net,crestpayrollsolutions.net,27,Austin,US,2026-06-06 05:13:59
2026-06-06,Legal,NorthMatter Hub,350-403-8374,sales@northmatterhub.io,https://www.northmatterhub.io,135,Seattle,US,2026-06-06 01:04:23
2026-06-06,MSP Platform,Nimbus MonitorCore,+16377465815,hello@nimbusmonitorcore.com,https://www.nimbusmonitorcore.com,38,Phoenix,US,2026-06-06 04:09:22
2026-06-06,HR,Raven PerformCloud,793-847-5118,info@ravenperformcloud.com,https://ravenperformcloud.com,null,Raleigh,US,2026-06-06 03:12:55
2026-06-06,Medical,Umbra ClinicLabs,245-782-8209,sales@umbracliniclabs.io,https://www.umbracliniclabs.io,19,Denver,US,2026-06-06 04:49:36
2026-06-06,HR,TrueTalentLogic,+13786602451,info@truetalentlogic.com,truetalentlogic.com,12,Amsterdam,NL,2026-06-06 05:13:42
2026-06-06,ERP,Prime LedgerSphere,7452847517,contact@primeledgersphere.com,https://www.primeledgersphere.com,859,Phoenix,US,2026-06-06 05:50:10
2026-06-06,ERP,Nimbus FinApp,275-386-9168,hello@nimbusfinapp.net,nimbusfinapp.net,54,Atlanta,US,2026-06-06 02:36:31
2026-06-06,ERP,Ridge OpsSphere,+19129659123,contact@ridgeopssphere.com,ridgeopssphere.com,96,Calgary,CA,2026-06-06 01:13:28
2026-06-06,ERP,Orbit ForgeBase,(950) 812-9603,contact@orbitforgebase.com,orbitforgebase.com,11,Columbus,US,2026-06-06 06:57:32
2026-06-06,HR,DeltaTeam Solutions,686.631.9782,hello@deltateamsolutions.com,https://deltateamsolutions.com,83,London,UK,2026-06-06 04:53:52
2026-06-06,MSP Platform,AnchorRemoteWorks,(676) 518-8002,hello@anchorremoteworks.com,https://anchorremoteworks.com,311,Raleigh,US,2026-06-06 01:44:18
2026-06-06,MSP Platform,Silver NetSuite,+13527224968 ext. 56,-,https://www.silvernetsuite.com,10,London,UK,2026-06-06 02:56:28
2026-06-06,HR,VeloOnboard Core,1-453-662-8913,hello@veloonboardcore.com,https://www.veloonboardcore.com,129,Chicago,US,2026-06-06 06:18:03
2026-06-06,Medical,SilverClinic Core,4262616811,sales@silvercliniccore.com,https://www.silvercliniccore.com,78,Chicago,US,2026-06-06 02:55:33
2026-06-06,MSP Platform,BlueStackDesk,+1 (779) 567-7644,sales@bluestackdesk.co,https://www.bluestackdesk.co,29,Denver,US,2026-06-06 02:17:49
2026-06-06,Legal,BeaconFilingLabs,736.970.6016,sales@beaconfilinglabs.co,https://www.beaconfilinglabs.co,8,Raleigh,US,2026-06-06 06:20:57
2026-06-06,ERP,PrimeBatch Dynamics,452-371-5412,sales@primebatchdynamics.com,https://www.primebatchdynamics.com,23,Raleigh,US,2026-06-06 06:30:19
2026-06-06,MSP Platform,SolidNode Systems,+16582943679,hello@solidnodesystems.com,https://solidnodesystems.com,7,Phoenix,US,2026-06-06 05:38:17
2026-06-06,ERP,GraniteBatchSuite,(799) 516-3868,info@granitebatchsuite.io,https://www.granitebatchsuite.io,29,Boston,US,2026-06-06 06:51:04
2026-06-06,HR,CrestPayrollPlatform,7669839634,contact@crestpayrollplatform.com,https://www.crestpayrollplatform.com,67,Atlanta,US,2026-06-06 03:22:59
2026-06-06,Legal,Velo CaseTech,+1 (419) 802-6328,info@velocasetech.co,https://www.velocasetech.co,77,Berlin,DE,2026-06-06 06:34:15
2026-06-06,HR,TidalShiftSolutions,441-322-9694,info@tidalshiftsolutions.io,https://www.tidalshiftsolutions.io,2897,Berlin,DE,2026-06-06 04:28:43
2026-06-06,Legal,FusionCounsel Systems,8014199130,hello@fusioncounselsystems.io,https://www.fusioncounselsystems.io,9,Chicago,US,2026-06-06 04:41:48
2026-06-06,MSP Platform,PrimePatch Point,+14057245058,hello@primepatchpoint.com,https://www.primepatchpoint.com,10,Boston,US,2026-06-06 06:18:24
2026-06-06,ERP,Raven ChainDesk,526.456.7141,hello@ravenchaindesk.com,https://www.ravenchaindesk.com,387,Boston,US,2026-06-06 06:38:18
2026-06-06,Medical,Silver ChartDynamics,(245) 614-1701,hello@silverchartdynamics.net,https://www.silverchartdynamics.net,411,Sydney,AU,2026-06-06 04:12:39
2026-06-06,HR,NovaRosterBase,(788) 815-5682,contact@novarosterbase.com,https://novarosterbase.com,46,Karachi,PK,2026-06-06 02:29:23
2026-06-06,MSP Platform,ClearStackLabs,+12972328962,hello@clearstacklabs.com,https://clearstacklabs.com,24,Sydney,AU,2026-06-06 06:22:36
2026-06-06,HR,WillowBenefitCore,263-368-9678,info@willowbenefitcore.com,https://www.willowbenefitcore.com,16,Phoenix,US,2026-06-06 02:08:53
2026-06-06,Medical,BoldChainLogic,(989) 416-6904,sales@boldchainlogic.co,https://www.boldchainlogic.co,5,Atlanta,US,2026-06-06 03:26:28
2026-06-06,MSP Platform,Iron StackBase,622-882-2124,hello@ironstackbase.io,https://ironstackbase.io,31,Phoenix,US,2026-06-06 04:46:08
2026-06-06,ERP,Xenon ResourceSystems,570-412-4676,hello@xenonresourcesystems.co,https://xenonresourcesystems.co,27,Tampa,US,2026-06-06 03:14:56
2026-06-06,Medical,NovaPulseTech,(311) 212-5662 ext. 46,hello@novapulsetech.com,https://www.novapulsetech.com,34,Tampa,US,2026-06-06 06:26:34
2026-06-06,ERP,Raven PlanApp,8485793872,contact@ravenplanapp.com,https://www.ravenplanapp.com,243,Phoenix,US,2026-06-06 06:16:41
2026-06-06,MSP Platform,FalconStackTech,+14419665683 ext. 34,hello@falconstacktech.com,https://www.falconstacktech.com,17,Austin,US,2026-06-06 01:31:41
2026-06-06,Legal,Bright ClauseLabs,7102497395,null,brightclauselabs.io,77,Columbus,US,2026-06-06 06:58:33
2026-06-06,MSP Platform,VertexGrid Works,+1 (633) 960-4429 ext. 29,sales@vertexgridworks.io,https://www.vertexgridworks.io,99,Seattle,US,2026-06-06 04:27:13
2026-06-06,Medical,Clear ClinicPoint,(895) 932-6818,contact@clearclinicpoint.com,https://www.clearclinicpoint.com,816,Austin,US,2026-06-06 02:17:29
2026-06-06,ERP,RidgePlan App,+19324497181,info@ridgeplanapp.com,https://www.ridgeplanapp.com,5,Seattle,US,2026-06-06 03:14:23
2026-06-06,ERP,TrueFin’s Soft,6555222952,contact@truefinsoft.com,https://truefinsoft.com,15,Singapore,SG,2026-06-06 05:20:51
2026-06-06,MSP Platform,Xenon RemoteCloud,06894739857,hello@xenonremotecloud.com,https://xenonremotecloud.com,36,Raleigh,US,2026-06-06 02:40:59
2026-06-06,HR,Apex CultureSync,1-873-552-9173 ext. 36,info@apexculturesync.io,https://apexculturesync.io,7,Hyderabad,IN,2026-06-06 01:50:38
2026-06-06,HR,Crest RosterSystems,341-775-4507,contact@crestrostersystems.com,https://www.crestrostersystems.com,66,Munich,DE,2026-06-06 03:46:28
2026-06-06,Medical,VistaPatient Sphere,9859593731 ext. 20,sales@vistapatientsphere.com,https://vistapatientsphere.com,45,Raleigh,US,2026-06-06 06:28:34
2026-06-06,LMS,CedarCourseDynamics,(970) 315-0988,null,https://www.cedarcoursedynamics.co,5,Tampa,US,2026-06-06 01:56:32
2026-06-06,MSP Platform,CobaltGrid Sync,1-824-851-6766,hello@cobaltgridsync.co,https://www.cobaltgridsync.co,155,Seattle,US,2026-06-06 04:37:17
2026-06-06,ERP,Beacon ForgeCloud,(812) 813-0021,sales@beaconforgecloud.io,https://www.beaconforgecloud.io,62,Phoenix,US,2026-06-06 06:30:26
2026-06-06,ERP,NimbusOpsFlow,430-738-4317,info@nimbusopsflow.io,https://nimbusopsflow.io,162,Denver,US,2026-06-06 04:42:51
2026-06-06,HR,Golden PeoplePoint,(367) 808-7059,contact@goldenpeoplepoint.com,https://www.goldenpeoplepoint.com,245,Leeds,UK,2026-06-06 02:51:38
2026-06-06,HR,BlueTeam Dynamics,4625199732,info@blueteamdynamics.io,https://blueteamdynamics.io,58,Columbus,US,2026-06-06 02:21:05
2026-06-06,Legal,IndigoCase Base,398-385-8497,sales@indigocasebase.com,indigocasebase.com,101,Raleigh,US,2026-06-06 04:21:03
2026-06-06,MSP Platform,Solid GridCore,4633198506,hello@solidgridcore.net,https://solidgridcore.net,329,Columbus,US,2026-06-06 06:32:27
2026-06-06,Legal,OrbitClauseDynamics,(432) 486-8489,contact@orbitclausedynamics.com,https://www.orbitclausedynamics.com,13,Sydney,AU,2026-06-06 04:23:49
2026-06-06,Medical,Raven RxSolutions,9892559082,info@ravenrxsolutions.com,https://ravenrxsolutions.com,299,Dublin,IE,2026-06-06 04:36:41
2026-06-06,ERP,Zen Resource Consultants,8558703600,hello@zenresourceconsultants.io,https://www.zenresourceconsultants.io,122,Denver,US,2026-06-06 01:52:30
2026-06-06,MSP Platform,Arch Node Manpower Services,(281) 530-2589 ext. 9,sales@archnodemanpowerservices.io,https://www.archnodemanpowerservices.io,464,London,UK,2026-06-06 02:51:44
2026-06-06,Medical,ClearHealthSolutions,964-460-5688,contact@clearhealthsolutions.com,https://www.clearhealthsolutions.com,17,Munich,DE,2026-06-06 02:47:41
2026-06-06,Legal,Velo DocketLogic,1-336-684-2782,contact@velodocketlogic.com,https://www.velodocketlogic.com,205,Atlanta,US,2026-06-06 01:32:51
2026-06-06,Medical,Pivot HealthSystems,+1 (398) 706-1840,hello@pivothealthsystems.net,https://www.pivothealthsystems.net,24,Seattle,US,2026-06-06 05:35:09
2026-06-06,MSP Platform,ApexEndpoint Labs,+18715551290,hello@apexendpointlabs.com,https://www.apexendpointlabs.com,5,Sydney,AU,2026-06-06 01:45:39
2026-06-06,Legal,Delta MatterDesk,+13366424916 ext. 4,info@deltamatterdesk.com,deltamatterdesk.com,6,Seattle,US,2026-06-06 02:16:29
2026-06-06,Legal,Meta Brief Recruiting,+1 (541) 932-0069,hello@metabriefrecruiting.com,https://www.metabriefrecruiting.com,12,Pune,IN,2026-06-06 05:11:31
2026-06-06,Medical,BeaconCareDesk,(644) 366-9475,hello@beaconcaredesk.com,beaconcaredesk.com,217,Seattle,US,2026-06-06 03:40:41
2026-06-06,HR,EmberPerformSolutions,238.902.4141,contact@emberperformsolutions.com,emberperformsolutions.com,112,Leeds,UK,2026-06-06 04:46:22
2026-06-06,MSP Platform,Fusion Patch Consultants,(718) 620-9688,contact@fusionpatchconsultants.io,fusionpatchconsultants.io,N/A,Tampa,US,2026-06-06 03:41:58
2026-06-06,HR,Granite RosterDesk,566-679-2100,sales@graniterosterdesk.co,https://www.graniterosterdesk.co,48,Chicago,US,2026-06-06 02:13:23
2026-06-06,ERP,Summit ChainSphere,1-885-302-6541,hello@summitchainsphere.com,https://summitchainsphere.com,20,Leeds,UK,2026-06-06 02:45:26
2026-06-06,HR,SilverBenefit Suite,(599) 555-9229 ext. 54,hello@silverbenefitsuite.net,https://silverbenefitsuite.net,78,Denver,US,2026-06-06 06:57:36
2026-06-06,MSP Platform,MetaEndpointDynamics,(401) 814-4347,sales@metaendpointdynamics.net,https://www.metaendpointdynamics.net,313,Dublin,IE,2026-06-06 04:54:13
2026-06-06,Legal,Clear BriefSync,+16188154374,sales@clearbriefsync.com,clearbriefsync.com,78,London,UK,2026-06-06 03:38:45
2026-06-06,ERP,RidgewayForge Flow,718-428-0518,sales@ridgewayforgeflow.io,https://ridgewayforgeflow.io,13,Denver,US,2026-06-06 02:22:04
2026-06-06,Legal,Solid FilingFlow,+1 (631) 460-7831,sales@solidfilingflow.net,https://solidfilingflow.net,19,Bengaluru,IN,2026-06-06 02:05:43
2026-06-06,HR,KeystoneTeamLogic,6843513793,sales@keystoneteamlogic.com,https://keystoneteamlogic.com,19,Boston,US,2026-06-06 05:07:34
2026-06-06,HR,HarborBenefit Suite,(801) 783-6715,info@harborbenefitsuite.com,https://www.harborbenefitsuite.com,44,Manchester,UK,2026-06-06 02:43:43
2026-06-06,HR,Velo ShiftLogic,504-697-2692,info@veloshiftlogic.com,https://www.veloshiftlogic.com,15,Columbus,US,2026-06-06 06:54:34
2026-06-06,HR,WillowTalent Desk,3648620967,info@willowtalentdesk.com,https://www.willowtalentdesk.com,12,Atlanta,US,2026-06-06 03:18:20
2026-06-06,Legal,Bold CounselCloud,285.753.9144 ext. 89,hello@boldcounselcloud.io,https://www.boldcounselcloud.io,482,Phoenix,US,2026-06-06 02:58:12
2026-06-06,ERP,Umbra Chain BPO Services,(858) 985-2192,N/A,https://umbrachainbposervices.com,-,Tampa,US,2026-06-06 06:25:13
2026-06-06,Medical,ApexPatient Works,7437323085,hello@apexpatientworks.io,https://www.apexpatientworks.io,74,Seattle,US,2026-06-06 03:10:34
2026-06-06,ERP,Orbit StockSystems,3484483895,sales@orbitstocksystems.com,https://www.orbitstocksystems.com,208,Denver,US,2026-06-06 05:51:21
2026-06-06,HR,DeltaBenefit Suite,6999473008,contact@deltabenefitsuite.com,https://deltabenefitsuite.com,638,Columbus,US,2026-06-06 05:44:53
2026-06-06,ERP,Pivot Batch Outsourcing,+1 (290) 854-5235,-,https://www.pivotbatchoutsourcing.com,17,Phoenix,US,2026-06-06 02:25:33
2026-06-06,HR,PioneerCulture Labs,+1 (562) 766-7481,hello@pioneerculturelabs.io,https://www.pioneerculturelabs.io,429,Seattle,US,2026-06-06 04:28:29
2026-06-06,HR,Vertex CultureLabs,+13854947313,sales@vertexculturelabs.io,https://www.vertexculturelabs.io,24,Seattle,US,2026-06-06 02:38:06
2026-06-06,Legal,OnyxDocketDynamics,(354) 435-1104,hello@onyxdocketdynamics.com,https://onyxdocketdynamics.com,351,Atlanta,US,2026-06-06 02:14:50
2026-06-06,ERP,SilverOpsLabs,365-772-2538,contact@silveropslabs.io,silveropslabs.io,207,Dublin,IE,2026-06-06 05:18:32
2026-06-06,Medical,Quartz Med Consultants,495-786-1221,hello@quartzmedconsultants.com,https://www.quartzmedconsultants.com,9999999,Tampa,US,2026-06-06 05:23:02
2026-06-06,Legal,RidgeClause Solutions,9576727916,sales@ridgeclausesolutions.com,ridgeclausesolutions.com,792,Austin,US,2026-06-06 03:11:19
2026-06-06,MSP Platform,UmbraUptimePoint,312.845.0454 ext. 42,hello@umbrauptimepoint.com,https://www.umbrauptimepoint.com,143,Islamabad,PK,2026-06-06 04:06:12
2026-06-06,HR,Anchor CultureSuite,(424) 442-1426,info@anchorculturesuite.io,https://www.anchorculturesuite.io,N/A,Melbourne,AU,2026-06-06 04:38:35
2026-06-06,HR,Bright PeopleWorks,511-814-6346,hello@brightpeopleworks.io,https://www.brightpeopleworks.io,294,Denver,US,2026-06-06 03:17:10
2026-06-06,Medical,SolidTriageBase,439-906-9571,contact@solidtriagebase.com,https://www.solidtriagebase.com,445,London,UK,2026-06-06 02:20:42
2026-06-06,Medical,PolarisTriageWorks,(805) 267-2314,info@polaristriageworks.com,https://www.polaristriageworks.com,82,Berlin,DE,2026-06-06 02:30:10
2026-06-06,HR,TidalTeam Suite,8118582496,info@tidalteamsuite.com,https://www.tidalteamsuite.com,300,Hyderabad,IN,2026-06-06 02:20:20
2026-06-06,HR,Quantum RosterSystems,4317414947,sales@quantumrostersystems.com,https://quantumrostersystems.com,25,Leeds,UK,2026-06-06 02:14:24
2026-06-06,Medical,WillowChartDesk,715.853.2270 ext. 98,info@willowchartdesk.com,https://willowchartdesk.com,3986,,US,2026-06-06 05:31:52
2026-06-06,Medical,VeloClinic Soft,655.395.5176,info@veloclinicsoft.com,https://www.veloclinicsoft.com,94,Boston,US,2026-06-06 04:11:47
2026-06-06,MSP Platform,BoldStack Base,697-444-4004,contact@boldstackbase.io,boldstackbase.io,489,Bengaluru,IN,2026-06-06 06:11:49
2026-06-06,Legal,HarborLawPlatform,234-444-2807,hello@harborlawplatform.com,https://www.harborlawplatform.com,18,Columbus,US,2026-06-06 04:45:29
2026-06-06,MSP Platform,MetaEndpoint Dynamics,304.912.2808,sales@metaendpointdynamics.io,https://www.metaendpointdynamics.io,13,Seattle,US,2026-06-06 04:41:16
2026-06-06,MSP Platform,ZenMonitor Flow,350-864-3673,sales@zenmonitorflow.io,https://zenmonitorflow.io,42,Raleigh,US,2026-06-06 02:03:59
2026-06-06,HR,PivotTalent Cloud,+12588149941,contact@pivottalentcloud.com,https://www.pivottalentcloud.com,160,Tampa,US,2026-06-06 04:40:56
2026-06-06,Legal,NovaMatter Base,(444) 600-0417,sales@novamatterbase.co,https://www.novamatterbase.co,878,Raleigh,US,2026-06-06 01:31:44
2026-06-06,LMS,Keystone TutorSuite,9616012065 ext. 91,hello@keystonetutorsuite.com,https://keystonetutorsuite.com,376,Austin,US,2026-06-06 06:24:08
2026-06-06,Medical,Cedar PulseDesk,+13548841335,-,https://cedarpulsedesk.com,19,Austin,US,2026-06-06 01:12:27
2026-06-06,MSP Platform,CoreEndpoint Core,+1 (577) 485-0460,contact@coreendpointcore.com,https://www.coreendpointcore.com,634,Vancouver,CA,2026-06-06 02:58:01
2026-06-06,HR,GraniteShiftPlatform,+16977438976,info@graniteshiftplatform.com,https://graniteshiftplatform.com,62,Columbus,US,2026-06-06 04:21:26
2026-06-06,HR,LatticePayroll Labs,6284509391,contact@latticepayrolllabs.com,https://www.latticepayrolllabs.com,9,Vancouver,CA,2026-06-06 01:00:09
2026-06-06,MSP Platform,RidgeMonitorLogic,(921) 809-6585 ext. 73,hello@ridgemonitorlogic.com,ridgemonitorlogic.com,893,Phoenix,US,2026-06-06 04:32:09
2026-06-06,HR,SilverTalentSync,(426) 850-4789,hello@silvertalentsync.com,https://www.silvertalentsync.com,913,Sydney,AU,2026-06-06 02:23:27
2026-06-06,LMS,PolarisMentorSolutions,(630) 759-5021,sales@polarismentorsolutions.co,https://www.polarismentorsolutions.co,1341,Austin,US,2026-06-06 06:45:34
2026-06-06,Medical,AtlasCare Labs,+1 (330) 817-7177,contact@atlascarelabs.com,atlascarelabs.com,475,Atlanta,US,2026-06-06 06:03:09
2026-06-06,ERP,SableChain Soft,901.797.7441,hello@sablechainsoft.com,https://www.sablechainsoft.com,824,Tampa,US,2026-06-06 05:40:03
2026-06-06,HR,DeltaPeople Soft,713-328-4010,contact@deltapeoplesoft.com,https://www.deltapeoplesoft.com,107,Raleigh,US,2026-06-06 05:18:15
2026-06-06,MSP Platform,SummitTicket Dynamics,253-966-3495,info@summitticketdynamics.com,summitticketdynamics.com,199,Chicago,US,2026-06-06 04:11:48
2026-06-06,ERP,IronBatchSystems,(271) 612-5403,info@ironbatchsystems.com,https://www.ironbatchsystems.com,125,Phoenix,US,2026-06-06 06:16:01
2026-06-06,ERP,AnchorPlan Tech,429.568.2080,contact@anchorplantech.com,https://anchorplantech.com,863,Boston,US,2026-06-06 02:42:09
2026-06-06,Medical,Clear Health Staffing,581-842-2959 ext. 6,sales@clearhealthstaffing.co,https://clearhealthstaffing.co,63,Columbus,US,2026-06-06 02:43:58
2026-06-06,HR,PolarisPeople Tech,732-281-4695,sales@polarispeopletech.com,https://polarispeopletech.com,-,Amsterdam,NL,2026-06-06 03:03:46
2026-06-06,Medical,MetaRxSync,1-883-499-9221,sales@metarxsync.com,https://metarxsync.com,202,Islamabad,PK,2026-06-06 02:29:40
2026-06-06,HR,OnyxPeople App,(494) 494-5208,info@onyxpeopleapp.net,https://www.onyxpeopleapp.net,6,Columbus,US,2026-06-06 04:24:43
2026-06-06,LMS,Apex SkillSoft,+16883801742,hello@apexskillsoft.com,https://www.apexskillsoft.com,37,Munich,DE,2026-06-06 01:03:34
2026-06-06,ERP,PolarisShiftDesk,(688) 629-2747,sales@polarisshiftdesk.com,https://www.polarisshiftdesk.com,977,Chicago,US,2026-06-06 01:41:22
2026-06-06,MSP Platform,ApexMonitorSuite,330-476-3314,contact@apexmonitorsuite.co,https://www.apexmonitorsuite.co,1429,Calgary,CA,2026-06-06 05:11:38
2026-06-06,Medical,Anchor ClinicLabs,6837336680,sales@anchorcliniclabs.com,https://www.anchorcliniclabs.com,12,Leeds,UK,2026-06-06 03:43:41
2026-06-06,Legal,TruéCompli Hub,(709) 200-1034 ext. 34,info@truecomplihub.net,truecomplihub.net,21,Manchester,UK,2026-06-06 04:50:05
2026-06-06,MSP Platform,Fusion Remote Manpower Services,495-947-3622,contact@fusionremotemanpowerservices.io,https://www.fusionremotemanpowerservices.io,17,Singapore,SG,2026-06-06 01:36:57
2026-06-06,HR,Granite BenefitPlatform,5039869361 ext. 4,info@granitebenefitplatform.com,https://www.granitebenefitplatform.com,17,Denver,US,2026-06-06 02:23:21
2026-06-06,Medical,NimbusVital App,1-788-666-7993,hello@nimbusvitalapp.com,https://www.nimbusvitalapp.com,35,Dublin,IE,2026-06-06 05:03:44
2026-06-06,ERP,ArchOpsHub,+17667280069,sales@archopshub.com,https://archopshub.com,12,Tampa,US,2026-06-06 03:00:33
2026-06-06,ERP,Ridge ForgeCloud,5327802546,contact@ridgeforgecloud.io,https://www.ridgeforgecloud.io,142,Denver,US,2026-06-06 04:35:12
2026-06-06,Legal,CobaltMatter Core,477-363-2900,hello@cobaltmattercore.com,https://www.cobaltmattercore.com,45,Austin,US,2026-06-06 03:34:42
2026-06-06,MSP Platform,Nimbus MonitorWorks,8202107057,hello@nimbusmonitorworks.com,https://www.nimbusmonitorworks.com,15,Phoenix,US,2026-06-06 03:44:54
2026-06-06,ERP,PrimeFin Core,+1 (770) 716-4227,hello@primefincore.com,https://www.primefincore.com,41,Denver,US,2026-06-06 06:32:44
2026-06-06,MSP Platform,Onyx Stack BPO Services,492.273.9228,contact@onyxstackbposervices.net,https://onyxstackbposervices.net,43,Pune,IN,2026-06-06 06:23:52
2026-06-06,ERP,Core ResourceLogic,623.343.3027,info@coreresourcelogic.io,https://www.coreresourcelogic.io,508,Columbus,US,2026-06-06 05:36:59
2026-06-06,ERP,IndigoChain Labs,260-959-4262,sales@indigochainlabs.com,indigochainlabs.com,275,Austin,US,2026-06-06 02:29:15
2026-06-06,ERP,True OpsTech,962-681-5694,hello@trueopstech.com,https://www.trueopstech.com,20,Tampa,US,2026-06-06 06:11:40
2026-06-06,ERP,Golden ResourceHub,796-377-7535,sales@goldenresourcehub.io,goldenresourcehub.io,19,Atlanta,US,2026-06-06 06:48:29
2026-06-06,MSP Platform,BoldGridFlow,353.860.7305,contact@boldgridflow.com,boldgridflow.com,6,Columbus,US,2026-06-06 01:32:32
2026-06-06,HR,FusionCulture Base,630-952-1128,info@fusionculturebase.com,https://www.fusionculturebase.com,226,London,UK,2026-06-06 04:32:45
2026-06-06,MSP Platform,Lumén EndpointDesk,+13365067797,hello@lumenendpointdesk.com,https://lumenendpointdesk.com,123,Amsterdam,NL,2026-06-06 06:25:52
2026-06-06,Legal,Falcon DocketDynamics,3388305068,contact@falcondocketdynamics.com,https://www.falcondocketdynamics.com,32,Atlanta,US,2026-06-06 01:55:33
2026-06-06,ERP,BrightForge Base,+1 (659) 474-0826,info@brightforgebase.net,https://www.brightforgebase.net,559,Chicago,US,2026-06-06 06:27:24
2026-06-06,MSP Platform,Alta Stack Manpower Services,1-648-609-0408,sales@altastackmanpowerservices.com,https://www.altastackmanpowerservices.com,27,Singapore,SG,2026-06-06 04:05:25
2026-06-06,Legal,NorthCounselSuite,1-956-424-2315,sales@northcounselsuite.net,https://www.northcounselsuite.net,141,Berlin,DE,2026-06-06 04:01:33
2026-06-06,Medical,Rapid MedBase,+1 (323) 630-9736,hello@rapidmedbase.com,https://www.rapidmedbase.com,27,Melbourne,AU,2026-06-06 02:58:39
2026-06-06,Legal,TidalLawHub,(467) 423-6612,contact@tidallawhub.io,https://tidallawhub.io,8,Amsterdam,NL,2026-06-06 01:17:11
2026-06-06,LMS,EmberLessonDesk,+15883597227 ext. 61,info@emberlessondesk.io,https://www.emberlessondesk.io,222,Boston,US,2026-06-06 03:58:27
2026-06-06,HR,JuniperOnboardApp,767-333-4234,sales@juniperonboardapp.net,https://www.juniperonboardapp.net,7,Lahore,PK,2026-06-06 01:29:58
2026-06-06,Legal,CedarVerdict Flow,483-662-5208,sales@cedarverdictflow.co,cedarverdictflow.co,32,Denver,US,2026-06-06 04:35:28
2026-06-06,HR,Delta BenefitPlatform,1-690-555-7777,sales@deltabenefitplatform.com,https://deltabenefitplatform.com,131,Pune,IN,2026-06-06 03:17:02
2026-06-06,MSP Platform,BoldNet Soft,+16712136577,sales@boldnetsoft.com,https://www.boldnetsoft.com,363,Manchester,UK,2026-06-06 03:26:49
2026-06-06,MSP Platform,BeaconStack Base,451-466-6746,info@beaconstackbase.com,https://beaconstackbase.com,47,Phoenix,US,2026-06-06 02:01:55
2026-06-06,ERP,NimbusPlanSync,6415787917,contact@nimbusplansync.co,https://www.nimbusplansync.co,47,Pune,IN,2026-06-06 01:09:23
2026-06-06,HR,Crest TeamHub,357.353.3355,info@crestteamhub.com,https://www.crestteamhub.com,21,Sydney,AU,2026-06-06 05:54:18
2026-06-06,HR,OmniRosterLogic,979.779.6865,info@omnirosterlogic.com,https://www.omnirosterlogic.com,51,Columbus,US,2026-06-06 05:58:33
2026-06-06,HR,CrownTalent Desk,+16232792592,info@crowntalentdesk.com,https://crowntalentdesk.com,,Boston,US,2026-06-06 04:04:27
2026-06-06,Legal,FalconFiling Sphere,323.622.3572,contact@falconfilingsphere.com,https://www.falconfilingsphere.com,429,Vancouver,CA,2026-06-06 03:09:07
2026-06-06,HR,ZenTeam Base,(379) 933-2821,info@zenteambase.com,zenteambase.com,46,Boston,US,2026-06-06 01:45:18
2026-06-06,Medical,CedarTriagePoint,1-974-680-5978,contact@cedartriagepoint.co,https://cedartriagepoint.co,1660,Denver,US,2026-06-06 04:33:14
2026-06-06,ERP,Blue BatchWorks,3114928077,contact@bluebatchworks.io,https://www.bluebatchworks.io,61,Amsterdam,NL,2026-06-06 01:40:58
2026-06-06,HR,SableStackApp,613.913.0575,hello@sablestackapp.com,https://www.sablestackapp.com,18,Tampa,US,2026-06-06 06:29:21
2026-06-06,ERP,Quartz ChainFlow,(847) 324-6194,hello@quartzchainflow.com,https://www.quartzchainflow.com,166,Toronto,CA,2026-06-06 02:25:52
2026-06-06,Medical,Raven ClinicLogic,694.866.5603,info@ravencliniclogic.com,https://www.ravencliniclogic.com,126,Vancouver,CA,2026-06-06 03:04:55
2026-06-06,MSP Platform,Quantum StackFlow,245-373-2432,contact@quantumstackflow.io,https://www.quantumstackflow.io,522,Sydney,AU,2026-06-06 04:35:54
2026-06-06,MSP Platform,Nova EndpointSphere,+12319194198,contact@novaendpointsphere.io,https://www.novaendpointsphere.io,18,Leeds,UK,2026-06-06 03:15:28
2026-06-06,ERP,BlueOrderApp,(375) 823-9592,hello@blueorderapp.com,blueorderapp.com,45,Karachi,PK,2026-06-06 04:11:05
2026-06-06,HR,AnchorPayrollBase,(793) 991-2723,contact@anchorpayrollbase.net,https://www.anchorpayrollbase.net,745,Calgary,CA,2026-06-06 05:58:17
2026-06-06,HR,Cedar PeopleDesk,(346) 970-7743,sales@cedarpeopledesk.com,https://www.cedarpeopledesk.com,334,Atlanta,US,2026-06-06 05:54:38
2026-06-06,Legal,IronCounselWorks,1-961-891-9367,contact@ironcounselworks.com,https://www.ironcounselworks.com,50,Seattle,US,2026-06-06 02:03:56
2026-06-06,Medical,CedarClinicCloud,(466) 467-2867,hello@cedarcliniccloud.com,cedarcliniccloud.com,48,Boston,US,2026-06-06 04:17:59
2026-06-06,LMS,KeystoneCourse Flow,549-300-5368,info@keystonecourseflow.com,https://www.keystonecourseflow.com,19,Sydney,AU,2026-06-06 01:48:01
2026-06-06,Legal,FusionVerdict Sync,(419) 426-2561,contact@fusionverdictsync.com,https://www.fusionverdictsync.com,237,Berlin,DE,2026-06-06 05:29:28
2026-06-06,Legal,FusionCounselTech,+1 (981) 202-9274,sales@fusioncounseltech.net,fusioncounseltech.net,20,London,UK,2026-06-06 01:04:57
2026-06-06,Medical,Nova MedPlatform,918-501-1950,hello@novamedplatform.com,https://www.novamedplatform.com,223,Hyderabad,IN,2026-06-06 01:43:06
2026-06-06,MSP Platform,FusionMonitorBase,(282) 505-5316,contact@fusionmonitorbase.net,https://www.fusionmonitorbase.net,10,Austin,US,2026-06-06 02:02:57
2026-06-06,ERP,GraniteOpsSphere,985.241.3539,info@graniteopssphere.com,graniteopssphere.com,69,Phoenix,US,2026-06-06 06:04:19
2026-06-06,MSP Platform,ZephyrStackSystems,550.929.9427,info@zephyrstacksystems.net,https://www.zephyrstacksystems.net,19,Boston,US,2026-06-06 02:58:18
2026-06-06,ERP,HaloStockTech,09149707481 ext. 21,contact@halostocktech.com,https://halostocktech.com,372,Atlanta,US,2026-06-06 01:13:13
2026-06-06,MSP Platform,Halo TicketHub,+15224963405,info@halotickethub.com,https://www.halotickethub.com,14,Atlanta,US,2026-06-06 03:27:48
2026-06-06,MSP Platform,XenonMonitor Tech,9412480254,contact@xenonmonitortech.io,https://www.xenonmonitortech.io,784,Sydney,AU,2026-06-06 02:02:35
2026-06-06,MSP Platform,GoldenNetSystems,+12404077168,hello@goldennetsystems.com,goldennetsystems.com,92,Manchester,UK,2026-06-06 03:59:11
2026-06-06,Medical,Onyx CareLogic,+13182692774,info@onyxcarelogic.net,https://www.onyxcarelogic.net,5,Bengaluru,IN,2026-06-06 04:00:10
2026-06-06,LMS,Delta Skill Consulting Group,+1 (210) 301-9454,contact@deltaskillconsultinggroup.net,https://deltaskillconsultinggroup.net,34,Columbus,US,2026-06-06 03:08:27
2026-06-06,Legal,WillowCompliDynamics,(255) 771-5021,info@willowcomplidynamics.com,https://www.willowcomplidynamics.com,359,Denver,US,2026-06-06 03:58:54
2026-06-06,HR,BrightCulture Labs,548.332.6067,contact@brightculturelabs.io,https://www.brightculturelabs.io,368,Boston,US,2026-06-06 02:15:26
2026-06-06,Legal,Core CompliDynamics,227-498-7152,info@corecomplidynamics.com,https://corecomplidynamics.com,86,Atlanta,US,2026-06-06 04:43:36
2026-06-06,Legal,FusionDocketDynamics,+14738367321 ext. 85,contact@fusiondocketdynamics.io,fusiondocketdynamics.io,311,Boston,US,2026-06-06 01:33:18
2026-06-06,ERP,BlueOrderSuite,966.540.6556,contact@blueordersuite.com,https://www.blueordersuite.com,203,Vancouver,CA,2026-06-06 02:30:22
2026-06-06,ERP,Atlas BatchLabs,1-462-851-6324,sales@atlasbatchlabs.com,https://www.atlasbatchlabs.com,456,Bengaluru,IN,2026-06-06 02:12:35
2026-06-06,HR,CoreBenefitLabs,(949) 516-8481 ext. 22,info@corebenefitlabs.com,https://corebenefitlabs.com,225,Raleigh,US,2026-06-06 02:58:37
2026-06-06,ERP,SilverBatch Flow,+18809744528,info@silverbatchflow.com,https://www.silverbatchflow.com,55,Dublin,IE,2026-06-06 01:15:57
2026-06-06,MSP Platform,RavenUptime Dynamics,1-363-255-0435,sales@ravenuptimedynamics.com,https://ravenuptimedynamics.com,59,Raleigh,US,2026-06-06 02:06:39
2026-06-06,ERP,PrimeChainSoft’s,(357) 236-3118,contact@primechainsoft.io,https://www.primechainsoft.io,31,-,US,2026-06-06 03:27:47
2026-06-06,ERP,RavenOrder Core,(261) 725-5533 ext. 41,info@ravenordercore.com,ravenordercore.com,843,Seattle,US,2026-06-06 03:55:10
2026-06-06,LMS,Anchor LessonPoint,393.915.7429,hello@anchorlessonpoint.com,https://www.anchorlessonpoint.com,11,Singapore,SG,2026-06-06 02:32:58
2026-06-06,ERP,Raven BatchFlow,(676) 795-6881,contact@ravenbatchflow.com,https://ravenbatchflow.com,196,Phoenix,US,2026-06-06 04:55:07
2026-06-06,ERP,XenonForgeWorks,700-527-9523,hello@xenonforgeworks.com,xenonforgeworks.com,58,Austin,US,2026-06-06 01:45:08
2026-06-06,ERP,Solid ResourceSystems,+18096223311,sales@solidresourcesystems.com,https://www.solidresourcesystems.com,76,Phoenix,US,2026-06-06 06:11:13
2026-06-06,Legal,Golden CasePoint,(590) 587-5445,hello@goldencasepoint.com,https://goldencasepoint.com,46,Boston,US,2026-06-06 03:04:43
2026-06-06,HR,PrimePerformSolutions,(539) 876-0569,hello@primeperformsolutions.co,https://www.primeperformsolutions.co,32,Denver,US,2026-06-06 03:11:45
2026-06-06,MSP Platform,NimbusNet Tech,7223582481,hello@nimbusnettech.io,https://nimbusnettech.io,22,Atlanta,US,2026-06-06 02:49:23
2026-06-06,LMS,TidalQuiz App,1-293-530-7559,hello@tidalquizapp.io,https://www.tidalquizapp.io,323,Tampa,US,2026-06-06 02:41:32
2026-06-06,MSP Platform,DeltaPatch Sync,(795) 497-4454,info@deltapatchsync.io,https://www.deltapatchsync.io,495,Columbus,US,2026-06-06 04:33:14
2026-06-06,MSP Platform,North StackFlow,+12824613086,sales@northstackflow.com,https://www.northstackflow.com,659,Austin,US,2026-06-06 04:17:19
2026-06-06,ERP,ArchOpsSuite,478.733.9940,info@archopssuite.io,https://www.archopssuite.io,317,Vancouver,CA,2026-06-06 04:33:32
2026-06-06,Legal,PivotLawDynamics,7024076756,hello@pivotlawdynamics.com,https://www.pivotlawdynamics.com,11,Munich,DE,2026-06-06 04:45:19
2026-06-06,Legal,KeystoneDocketLabs,1-205-205-3878,contact@keystonedocketlabs.com,https://www.keystonedocketlabs.com,28,Seattle,US,2026-06-06 06:54:27
2026-06-06,ERP,RapidOrderSolutions,(712) 667-0186,hello@rapidordersolutions.co,https://rapidordersolutions.co,28,Columbus,US,2026-06-06 03:14:49
2026-06-06,MSP Platform,ArchStackSuite,4388085066 ext. 2,sales@archstacksuite.com,https://www.archstacksuite.com,95,Austin,US,2026-06-06 01:05:57
2026-06-06,ERP,Apex ResourceSuite,+14326289415,hello@apexresourcesuite.com,https://www.apexresourcesuite.com,61,Phoenix,US,2026-06-06 01:10:40
2026-06-06,Legal,NimbusClauseLabs,2874596961,info@nimbusclauselabs.com,https://nimbusclauselabs.com,185,Toronto,CA,2026-06-06 06:54:36
2026-06-06,ERP,Vertex OpsTech,+1 (274) 498-6069,info@vertexopstech.com,https://vertexopstech.com,13,Chicago,US,2026-06-06 03:04:49
2026-06-06,Legal,Iron CounselDynamics,280.969.2884,contact@ironcounseldynamics.com,https://www.ironcounseldynamics.com,26,Hyderabad,IN,2026-06-06 06:03:58
2026-06-06,ERP,Sablé BatchFlow,1-576-371-0519,info@sablebatchflow.co,https://www.sablebatchflow.co,12,Phoenix,US,2026-06-06 01:49:17
2026-06-06,HR,HaloRoster Hub,(946) 261-9798,info@halorosterhub.com,https://www.halorosterhub.com,12,Atlanta,US,2026-06-06 06:28:21
2026-06-06,Medical,EmberRx Dynamics,1-814-812-1137,info@emberrxdynamics.io,https://www.emberrxdynamics.io,29,Boston,US,2026-06-06 02:30:06
2026-06-06,Medical,BeaconCareSphere,262-707-5709,contact@beaconcaresphere.io,https://beaconcaresphere.io,20,Austin,US,2026-06-06 03:03:35
2026-06-06,MSP Platform,Halo TicketCore,(591) 916-5460,hello@haloticketcore.co,https://haloticketcore.co,3622,Seattle,US,2026-06-06 02:45:11
2026-06-06,HR,ZephyrBenefitSolutions,+18562863817,,https://www.zephyrbenefitsolutions.io,13,Raleigh,US,2026-06-06 02:54:01
2026-06-06,Legal,Delta LawCore,(713) 600-0974,info@deltalawcore.com,https://www.deltalawcore.com,180,Raleigh,US,2026-06-06 03:36:55
2026-06-06,Legal,CrestVerdict Systems,+13893255495,info@crestverdictsystems.com,https://www.crestverdictsystems.com,31,Amsterdam,NL,2026-06-06 02:58:25
2026-06-06,ERP,AnchorForge Works,(516) 478-8847,info@anchorforgeworks.co,https://www.anchorforgeworks.co,15,Denver,US,2026-06-06 06:41:17
2026-06-06,LMS,Anchor LessonSuite,(704) 616-9247,sales@anchorlessonsuite.com,https://www.anchorlessonsuite.com,80,Tampa,US,2026-06-06 01:16:22
2026-06-06,Legal,Cedar DocketCloud,06945988778,hello@cedardocketcloud.com,https://www.cedardocketcloud.com,498,Amsterdam,NL,2026-06-06 06:44:36
2026-06-06,HR,VeloOnboard Soft,203.855.1551,hello@veloonboardsoft.io,https://veloonboardsoft.io,500,Boston,US,2026-06-06 06:25:48
2026-06-06,Legal,AltaClause Core,874-698-2121 ext. 51,contact@altaclausecore.com,https://altaclausecore.com,7,Berlin,DE,2026-06-06 05:33:33
2026-06-06,Medical,ZephyrMed Sync,3418802262,-,https://zephyrmedsync.net,63,Tampa,US,2026-06-06 06:42:01
2026-06-06,ERP,ArchPlanSoft,358.676.8977,hello@archplansoft.net,https://www.archplansoft.net,31,Raleigh,US,2026-06-06 04:04:01
2026-06-06,HR,Velo PayrollSync,282.475.0791,hello@velopayrollsync.io,velopayrollsync.io,40,Phoenix,US,2026-06-06 05:18:12
2026-06-06,LMS,North OnboardHub,684.755.6532,contact@northonboardhub.net,https://www.northonboardhub.net,31,Vancouver,CA,2026-06-06 02:11:40
2026-06-06,Legal,OrbitVerdict Suite,972-945-0663,info@orbitverdictsuite.co,orbitverdictsuite.co,235,Chicago,US,2026-06-06 06:36:27
2026-06-06,ERP,LumenPlanSuite,322-927-5231,info@lumenplansuite.com,lumenplansuite.com,2867,Denver,US,2026-06-06 04:37:26
2026-06-06,Medical,RavenMedSphere,5496709304,hello@ravenmedsphere.com,https://ravenmedsphere.com,54,Calgary,CA,2026-06-06 01:02:26
2026-06-06,ERP,Umbra OrderPlatform,288-423-1500,hello@umbraorderplatform.com,https://www.umbraorderplatform.com,343,Atlanta,US,2026-06-06 04:01:19
2026-06-06,HR,HaloTeamSystems,7905463339,contact@haloteamsystems.com,https://www.haloteamsystems.com,86,Melbourne,AU,2026-06-06 03:47:14
2026-06-06,ERP,SilverLedger Desk,+1 (799) 312-4221,hello@silverledgerdesk.io,https://silverledgerdesk.io,22,Austin,US,2026-06-06 06:23:25
2026-06-06,MSP Platform,Vista EndpointSync,538.836.1125,hello@vistaendpointsync.com,https://www.vistaendpointsync.com,31,Dublin,IE,2026-06-06 02:49:49
2026-06-06,ERP,Rapid Batch Consultants,(688) 375-7084,hello@rapidbatchconsultants.net,https://rapidbatchconsultants.net,947,Raleigh,US,2026-06-06 02:42:20
2026-06-06,Legal,Nova CulturePoint,(923) 941-5415,info@novaculturepoint.com,https://www.novaculturepoint.com,205,Tampa,US,2026-06-06 03:27:41
2026-06-06,ERP,Golden OpsPlatform,930-314-7396,sales@goldenopsplatform.net,https://www.goldenopsplatform.net,930,Vancouver,CA,2026-06-06 04:24:35
2026-06-06,Medical,FalconChartSuite,588.292.1267,hello@falconchartsuite.com,https://www.falconchartsuite.com,299,Boston,US,2026-06-06 06:35:32
2026-06-06,ERP,GoldenFinCore,669-320-1451,-,https://goldenfincore.com,121,Munich,DE,2026-06-06 02:09:48
2026-06-06,Medical,SolidPatient Sphere,519.714.4421,info@solidpatientsphere.co,https://www.solidpatientsphere.co,54,Chicago,US,2026-06-06 01:52:18
2026-06-06,Legal,Meta MatterBase,766-739-8206,contact@metamatterbase.com,metamatterbase.com,15,Boston,US,2026-06-06 06:57:04
2026-06-06,HR,FalconPayroll Core,(711) 767-8320,info@falconpayrollcore.com,https://www.falconpayrollcore.com,30,Denver,US,2026-06-06 02:39:47
2026-06-06,HR,PolarisShiftDesk,688.629.2747,sales@polarisshiftdesk.com,https://www.polarisshiftdesk.com,977,Chicago,US,2026-06-06 06:33:11
2026-06-06,Medical,Cobalt PulseTech,(809) 844-2231,sales@cobaltpulsetech.net,https://cobaltpulsetech.net,147,Columbus,US,2026-06-06 05:33:16
2026-06-06,LMS,Nimbus MentorSphere,831-682-2020,sales@nimbusmentorsphere.io,nimbusmentorsphere.io,16,Raleigh,US,2026-06-06 04:15:39
2026-06-06,HR,PioneerPeople Sync,+19073126870 ext. 80,contact@pioneerpeoplesync.com,https://www.pioneerpeoplesync.com,486,Atlanta,US,2026-06-06 05:14:22
2026-06-06,Medical,QuantumChart Solutions,550.215.1564,hello@quantumchartsolutions.com,https://www.quantumchartsolutions.com,17,,US,2026-06-06 06:03:36
2026-06-06,LMS,ClearTrain Cloud,+1 (230) 892-8904,contact@cleartraincloud.com,https://www.cleartraincloud.com,90,Leeds,UK,2026-06-06 01:45:01
2026-06-06,MSP Platform,RidgewayStack Dynamics,938-424-5363,info@ridgewaystackdynamics.com,ridgewaystackdynamics.com,94,Boston,US,2026-06-06 01:28:34
2026-06-06,Legal,AtlasDocketSolutions,705-609-9151,sales@atlasdocketsolutions.com,https://www.atlasdocketsolutions.com,50,Vancouver,CA,2026-06-06 06:43:09
2026-06-06,HR,Delta PeoplePlatform,(716) 869-6763,,https://www.deltapeopleplatform.io,13,Atlanta,US,2026-06-06 01:59:56
2026-06-06,HR,Omni OnboardPoint,+1 (781) 361-4626,info@omnionboardpoint.io,https://www.omnionboardpoint.io,69,Lahore,PK,2026-06-06 03:48:22
2026-06-06,MSP Platform,Delta TicketSphere,319-240-9036,sales@deltaticketsphere.com,https://www.deltaticketsphere.com,23,Tampa,US,2026-06-06 06:30:10
2026-06-06,Medical,NovaChartBase,950.228.2107,sales@novachartbase.com,https://www.novachartbase.com,45,Boston,US,2026-06-06 01:21:51
2026-06-06,HR,DeltaRoster Platform,310-752-2802,contact@deltarosterplatform.co,https://deltarosterplatform.co,73,Chicago,US,2026-06-06 02:01:55
2026-06-06,MSP Platform,Nimbus PatchHub,551-655-2041,info@nimbuspatchhub.io,https://www.nimbuspatchhub.io,64,Denver,US,2026-06-06 06:18:53
2026-06-06,MSP Platform,CobaltPatchSync,542-928-6972 ext. 97,contact@cobaltpatchsync.com,https://cobaltpatchsync.com,32,Manchester,UK,2026-06-06 05:44:04
2026-06-06,ERP,Pivot ResourceHub,+1 (490) 325-1326,contact@pivotresourcehub.io,pivotresourcehub.io,57,Melbourne,AU,2026-06-06 04:02:20
2026-06-06,HR,IronPayrollApp,(970) 382-6641,contact@ironpayrollapp.com,https://www.ironpayrollapp.com,71,Boston,US,2026-06-06 05:28:28
2026-06-06,ERP,CrestStockSolutions,590-588-8694,contact@creststocksolutions.com,https://www.creststocksolutions.com,550,Raleigh,US,2026-06-06 02:40:27
2026-06-06,MSP Platform,NovaStack Logic,1-758-674-1559,-,https://www.novastacklogic.co,5,Karachi,PK,2026-06-06 06:54:06
2026-06-06,HR,True TalentWorks,+17246352587,hello@truetalentworks.com,truetalentworks.com,68,Seattle,US,2026-06-06 04:09:27
2026-06-06,Legal,Clear VerdictTech,890.447.3629,contact@clearverdicttech.com,https://www.clearverdicttech.com,283,Toronto,CA,2026-06-06 05:23:16
2026-06-06,MSP Platform,PolarisEndpointSystems,751-615-1816,contact@polarisendpointsystems.com,https://polarisendpointsystems.com,340,Austin,US,2026-06-06 05:37:20
2026-06-06,Legal,SableCounselPlatform,665.419.4760,contact@sablecounselplatform.com,https://www.sablecounselplatform.com,117,Denver,US,2026-06-06 04:12:43
2026-06-06,HR,Vertex PerformFlow,956-864-8273,hello@vertexperformflow.com,https://www.vertexperformflow.com,48,Seattle,US,2026-06-06 01:42:34
2026-06-06,MSP Platform,Keystone NodeWorks,1-629-550-8699,info@keystonenodeworks.com,https://www.keystonenodeworks.com,158,Chicago,US,2026-06-06 02:43:28
2026-06-06,ERP,NimbusPlan’s Soft,(356) 551-5321,sales@nimbusplansoft.com,https://www.nimbusplansoft.com,59,Phoenix,US,2026-06-06 04:36:43
2026-06-06,ERP,Halo ForgeDesk,(456) 564-5370,info@haloforgedesk.com,https://www.haloforgedesk.com,12,Manchester,UK,2026-06-06 05:02:11
2026-06-06,HR,Crown BenefitLogic,(938) 468-3810,sales@crownbenefitlogic.com,https://www.crownbenefitlogic.com,16,Denver,US,2026-06-06 03:12:13
2026-06-06,MSP Platform,CedarNodeTech,(729) 480-3037,contact@cedarnodetech.co,https://www.cedarnodetech.co,37,Tampa,US,2026-06-06 03:48:40
2026-06-06,Medical,SummitPulseBase,1-675-366-9839,sales@summitpulsebase.net,https://summitpulsebase.net,1092,Chicago,US,2026-06-06 03:27:09
2026-06-06,Medical,PivotRx Tech,1-751-832-1802,null,https://www.pivotrxtech.net,473,Munich,DE,2026-06-06 04:13:38
2026-06-06,ERP,MetaPlan Base,9412589448,info@metaplanbase.com,metaplanbase.com,832,Raleigh,US,2026-06-06 01:11:36
2026-06-06,ERP,FalconStock Desk,6542949443,contact@falconstockdesk.net,https://www.falconstockdesk.net,173,Amsterdam,NL,2026-06-06 06:02:48
2026-06-06,HR,NorthOnboard Core,8236285408,sales@northonboardcore.com,northonboardcore.com,131,Boston,US,2026-06-06 05:01:03
2026-06-06,HR,RapidPayrollSphere,+14089235909 ext. 57,sales@rapidpayrollsphere.com,rapidpayrollsphere.com,235,London,UK,2026-06-06 06:26:21
2026-06-06,Medical,RapidVital Cloud,(235) 695-5103,info@rapidvitalcloud.com,https://rapidvitalcloud.com,7,Atlanta,US,2026-06-06 06:13:34
2026-06-06,ERP,Blue ForgeDesk,+1 (727) 335-4885,hello@blueforgedesk.io,https://www.blueforgedesk.io,484,Tampa,US,2026-06-06 02:18:56
2026-06-06,ERP,Bold ChainPlatform,1-969-217-1632,info@boldchainplatform.com,https://boldchainplatform.com,298,Chicago,US,2026-06-06 04:49:11
2026-06-06,ERP,Summit ResourceTech,(491) 874-0111,contact@summitresourcetech.net,https://www.summitresourcetech.net,1732,London,UK,2026-06-06 06:25:09
2026-06-06,Medical,BoldVitalApp,1-865-746-3219,contact@boldvitalapp.com,https://boldvitalapp.com,19,Denver,US,2026-06-06 06:58:03
2026-06-06,ERP,ZephyrStock Sync,(588) 492-4206,sales@zephyrstocksync.com,zephyrstocksync.com,15,Lahore,PK,2026-06-06 05:28:13
2026-06-06,Medical,Summit VitalSphere,+19839684022,hello@summitvitalsphere.com,https://summitvitalsphere.com,45,Tampa,US,2026-06-06 06:19:47
2026-06-06,ERP,PivotBatch Platform,1-818-796-7852,sales@pivotbatchplatform.com,https://www.pivotbatchplatform.com,88,Denver,US,2026-06-06 02:14:17
2026-06-06,MSP Platform,True PatchWorks,+15743419988,info@truepatchworks.io,https://www.truepatchworks.io,45,Chicago,US,2026-06-06 04:32:56
2026-06-06,MSP Platform,IndigoGridBase,+13682271961,contact@indigogridbase.net,https://www.indigogridbase.net,174,Berlin,DE,2026-06-06 05:39:05
2026-06-06,MSP Platform,Solid UptimeCore,481.692.0798,sales@soliduptimecore.com,https://www.soliduptimecore.com,56,Austin,US,2026-06-06 01:11:10
2026-06-06,ERP,XenonForgePoint,7058792827,info@xenonforgepoint.com,https://www.xenonforgepoint.com,96,Seattle,US,2026-06-06 04:57:19
2026-06-06,HR,Xenon TeamSoft,+13406762408,info@xenonteamsoft.com,https://www.xenonteamsoft.com,953,London,UK,2026-06-06 05:43:08
2026-06-06,ERP,Keystone BatchSoft,04777005303,sales@keystonebatchsoft.com,https://www.keystonebatchsoft.com,297,Islamabad,PK,2026-06-06 06:14:12
2026-06-06,Medical,PrimeVitalApp,910.550.7164,contact@primevitalapp.com,https://www.primevitalapp.com,52,Denver,US,2026-06-06 06:26:14
2026-06-06,ERP,BlueChainSphere,845-630-0359,hello@bluechainsphere.com,https://www.bluechainsphere.com,54,Chicago,US,2026-06-06 03:33:14
2026-06-06,ERP,BlueChainPoint,+13472793910,info@bluechainpoint.com,https://www.bluechainpoint.com,17,Columbus,US,2026-06-06 04:32:42
2026-06-06,Medical,SableCareDesk,(773) 989-3207,hello@sablecaredesk.com,https://www.sablecaredesk.com,86,Munich,DE,2026-06-06 02:11:53
2026-06-06,ERP,Falcon BatchHub,1-299-779-2442,N/A,falconbatchhub.com,49,Phoenix,US,2026-06-06 04:58:02
2026-06-06,Medical,PivotClinicSuite,+13488543510 ext. 28,sales@pivotclinicsuite.com,https://pivotclinicsuite.com,89,Atlanta,US,2026-06-06 02:13:46
2026-06-06,Legal,BoldCompli Platform,+19547042361,sales@boldcompliplatform.com,https://boldcompliplatform.com,79,London,UK,2026-06-06 05:24:12
2026-06-06,LMS,Bright SkillCore,(382) 964-3491,contact@brightskillcore.io,https://www.brightskillcore.io,11,Raleigh,US,2026-06-06 05:40:33
2026-06-06,LMS,JuniperLearnPlatform,1-425-982-5939,hello@juniperlearnplatform.io,https://juniperlearnplatform.io,39,Seattle,US,2026-06-06 06:19:56
2026-06-06,HR,Lumen TalentDesk,1-649-676-8518,contact@lumentalentdesk.com,https://www.lumentalentdesk.com,115,Austin,US,2026-06-06 01:00:33
2026-06-06,LMS,Zephyr LearnWorks,905.896.0536,sales@zephyrlearnworks.io,https://www.zephyrlearnworks.io,47,Manchester,UK,2026-06-06 03:51:51
2026-06-06,Medical,Mosaic VitalWorks,(295) 735-0800,contact@mosaicvitalworks.com,https://mosaicvitalworks.com,192,Pune,IN,2026-06-06 01:51:55
2026-06-06,Medical,RavenClinicSync,+12552086521,contact@ravenclinicsync.com,ravenclinicsync.com,15,Tampa,US,2026-06-06 05:16:54
2026-06-06,Legal,ClearFiling Sphere,1-368-509-9467,info@clearfilingsphere.com,https://clearfilingsphere.com,197,Boston,US,2026-06-06 05:25:48
2026-06-06,ERP,AtlasOrder Dynamics,709-508-4551,hello@atlasorderdynamics.net,https://www.atlasorderdynamics.net,75,Melbourne,AU,2026-06-06 01:07:16
2026-06-06,ERP,FusionOrderPoint,(487) 794-3963,sales@fusionorderpoint.com,https://www.fusionorderpoint.com,1929,Tampa,US,2026-06-06 01:04:33
2026-06-06,Medical,KeystonePulseLogic,+14342419834,info@keystonepulselogic.com,https://www.keystonepulselogic.com,49,Berlin,DE,2026-06-06 02:05:12
2026-06-06,ERP,Lumen FinSphere,244.255.3305 ext. 69,hello@lumenfinsphere.co,https://lumenfinsphere.co,35,Boston,US,2026-06-06 05:37:30
2026-06-06,Medical,Onyx VitalSync,597-796-5368,hello@onyxvitalsync.com,https://onyxvitalsync.com,12,Boston,US,2026-06-06 02:52:02
2026-06-06,HR,AtlasBenefit Works,(277) 947-7609,contact@atlasbenefitworks.io,https://atlasbenefitworks.io,29,Tampa,US,2026-06-06 04:46:38
2026-06-06,HR,FusionCulture Desk,6776860798,hello@fusionculturedesk.com,https://www.fusionculturedesk.com,90,Melbourne,AU,2026-06-06 03:59:54
2026-06-06,Medical,Crest PulsePlatform,1-951-643-2818,hello@crestpulseplatform.com,https://crestpulseplatform.com,null,Melbourne,AU,2026-06-06 03:30:24
2026-06-06,ERP,Pioneer FinBase,(247) 982-0237,contact@pioneerfinbase.com,pioneerfinbase.com,9,Columbus,US,2026-06-06 04:43:49
2026-06-06,MSP Platform,TidalUptimeTech,8949440511,sales@tidaluptimetech.net,https://www.tidaluptimetech.net,437,Boston,US,2026-06-06 01:51:44
2026-06-06,ERP,Harbor ForgePoint,776.203.2272 ext. 81,contact@harborforgepoint.com,https://www.harborforgepoint.com,70,Columbus,US,2026-06-06 03:10:28
2026-06-06,HR,Keystone BenefitLogic,377-252-0305,hello@keystonebenefitlogic.com,https://www.keystonebenefitlogic.com,105,Karachi,PK,2026-06-06 05:48:56
2026-06-06,Medical,Pivot VitalLogic,3246299939,sales@pivotvitallogic.io,https://pivotvitallogic.io,35,Seattle,US,2026-06-06 02:37:15
2026-06-06,MSP Platform,Nova OrderDynamics,(509) 462-3087,sales@novaorderdynamics.com,https://novaorderdynamics.com,751,Toronto,CA,2026-06-06 06:08:31
2026-06-06,MSP Platform,NovaUptimeSync,+1 (882) 874-8617,hello@novauptimesync.com,https://novauptimesync.com,93,Raleigh,US,2026-06-06 05:25:14
2026-06-06,HR,ZephyrBenefitSystems,+15978423002,contact@zephyrbenefitsystems.com,https://www.zephyrbenefitsystems.com,18,Raleigh,US,2026-06-06 01:10:39
2026-06-06,Legal,Pivot ClauseCore,+14449954708,sales@pivotclausecore.com,https://pivotclausecore.com,31,Amsterdam,NL,2026-06-06 04:16:54
2026-06-06,Legal,PioneerDocket Core,+16838792911,hello@pioneerdocketcore.com,https://www.pioneerdocketcore.com,45,Berlin,DE,2026-06-06 06:57:57
2026-06-06,ERP,CrownStockSystems,1-460-500-8061,null,crownstocksystems.co,28,Seattle,US,2026-06-06 04:06:13
2026-06-06,ERP,SolidFin Works,411.948.5123,sales@solidfinworks.com,https://www.solidfinworks.com,81,Leeds,UK,2026-06-06 02:38:54
2026-06-06,ERP,LumenChainFlow,07657789240,contact@lumenchainflow.net,https://lumenchainflow.net,164,Atlanta,US,2026-06-06 01:32:49
2026-06-06,MSP Platform,VeloUptime Base,08953129673,sales@velouptimebase.com,https://velouptimebase.com,216,Dublin,IE,2026-06-06 05:32:09
2026-06-06,ERP,RapidForge Flow,(657) 878-3800,contact@rapidforgeflow.com,https://rapidforgeflow.com,18,Munich,DE,2026-06-06 06:59:51
2026-06-06,MSP Platform,RidgeMonitor Dynamics,6664784788,sales@ridgemonitordynamics.com,https://www.ridgemonitordynamics.com,222,Melbourne,AU,2026-06-06 02:35:47
2026-06-06,Legal,Mosaic CounselApp,(710) 704-5896,contact@mosaiccounselapp.com,https://www.mosaiccounselapp.com,1967,Phoenix,US,2026-06-06 03:52:23
2026-06-06,MSP Platform,Zen Uptime BPO Services,1-528-229-2927,hello@zenuptimebposervices.com,https://www.zenuptimebposervices.com,18,Austin,US,2026-06-06 06:49:19
2026-06-06,HR,Quantum PeopleSphere,4497283964,hello@quantumpeoplesphere.io,https://www.quantumpeoplesphere.io,9,Phoenix,US,2026-06-06 02:39:07
2026-06-06,HR,PioneerPeopleSync,9498616906,sales@pioneerpeoplesync.com,https://www.pioneerpeoplesync.com,777,Atlanta,US,2026-06-06 01:31:51
2026-06-06,ERP,HarborLedger Hub,+1 (869) 944-3545,contact@harborledgerhub.com,https://www.harborledgerhub.com,464,Hyderabad,IN,2026-06-06 03:18:29
2026-06-06,Medical,Pivot CareDynamics,808-851-7649,hello@pivotcaredynamics.io,https://pivotcaredynamics.io,168,Columbus,US,2026-06-06 01:30:45
2026-06-06,ERP,SableChainWorks,+19528734202,info@sablechainworks.co,https://www.sablechainworks.co,885,Phoenix,US,2026-06-06 05:10:51
2026-06-06,LMS,Beacon CourseSync,(860) 649-7818,sales@beaconcoursesync.io,https://www.beaconcoursesync.io,850,Atlanta,US,2026-06-06 06:03:39
2026-06-06,Medical,Summit Med Consulting Group,312-906-3033,sales@summitmedconsultinggroup.com,summitmedconsultinggroup.com,71,Seattle,US,2026-06-06 06:57:05
2026-06-06,LMS,Keystone RxSuite,1-976-662-9289,,https://www.keystonerxsuite.io,169,Leeds,UK,2026-06-06 02:32:26
2026-06-06,HR,MosaicPayrollCore,(222) 723-1395,info@mosaicpayrollcore.com,https://www.mosaicpayrollcore.com,4921,Austin,US,2026-06-06 03:37:49
2026-06-06,MSP Platform,RidgeMonitorHub,(498) 843-7138,hello@ridgemonitorhub.co,https://www.ridgemonitorhub.co,25,Columbus,US,2026-06-06 04:41:27
2026-06-06,Legal,PivotCounsel Cloud,(311) 300-4257,sales@pivotcounselcloud.net,https://pivotcounselcloud.net,39,Boston,US,2026-06-06 06:43:29
2026-06-06,MSP Platform,Fusion PatchLabs,393-343-3404,contact@fusionpatchlabs.com,https://www.fusionpatchlabs.com,82,Denver,US,2026-06-06 05:54:11
2026-06-06,HR,Anchor PeopleSystems,846.821.9904,N/A,anchorpeoplesystems.com,43,Leeds,UK,2026-06-06 06:54:14
2026-06-06,Medical,CedarTriageLogic,1-421-651-6951 ext. 98,contact@cedartriagelogic.com,https://www.cedartriagelogic.com,368,Tampa,US,2026-06-06 04:13:31
2026-06-06,HR,IndigoPeople Soft,+16637797432,info@indigopeoplesoft.io,indigopeoplesoft.io,113,Leeds,UK,2026-06-06 06:19:16
2026-06-06,ERP,RidgeResource Cloud,594-754-2639,hello@ridgeresourcecloud.com,https://ridgeresourcecloud.com,128,Boston,US,2026-06-06 03:45:29
2026-06-06,Legal,Indigo MatterDynamics,(801) 274-5947,contact@indigomatterdynamics.com,https://www.indigomatterdynamics.com,97,Karachi,PK,2026-06-06 03:54:37
2026-06-06,MSP Platform,HarborUptimePoint,945.636.7442,info@harboruptimepoint.io,https://www.harboruptimepoint.io,373,Melbourne,AU,2026-06-06 05:13:14
2026-06-06,MSP Platform,FusionPatchSphere,04652819297,hello@fusionpatchsphere.co,https://www.fusionpatchsphere.co,243,Seattle,US,2026-06-06 03:57:42
2026-06-06,HR,LatticePerform Platform,728-851-2142,info@latticeperformplatform.co,https://www.latticeperformplatform.co,77,Seattle,US,2026-06-06 06:37:22
2026-06-06,MSP Platform,Omni NetPoint,+16286198456,sales@omninetpoint.com,https://www.omninetpoint.com,218,Melbourne,AU,2026-06-06 01:22:33
2026-06-06,HR,Cobalt BenefitBase,(915) 400-3246,hello@cobaltbenefitbase.com,https://cobaltbenefitbase.com,18,Bengaluru,IN,2026-06-06 02:00:19
2026-06-06,Legal,WillowDocket Labs,983-943-6940,hello@willowdocketlabs.net,https://www.willowdocketlabs.net,127,Tampa,US,2026-06-06 02:34:56
2026-06-06,HR,IronCultureSync,+1 (658) 557-2778 ext. 68,contact@ironculturesync.io,https://www.ironculturesync.io,82,London,UK,2026-06-06 02:16:06
2026-06-06,HR,BeaconTalentApp,428-328-9275,hello@beacontalentapp.io,https://www.beacontalentapp.io,436,Melbourne,AU,2026-06-06 06:51:10
2026-06-06,Legal,Indigo CompliApp,05338270130,sales@indigocompliapp.com,https://indigocompliapp.com,55,Seattle,US,2026-06-06 03:11:28
2026-06-06,MSP Platform,CobaltTicketCloud,545-745-8607,sales@cobaltticketcloud.com,cobaltticketcloud.com,1392,Vancouver,CA,2026-06-06 06:06:01
2026-06-06,MSP Platform,Ember TicketSystems,1-369-722-1271,hello@emberticketsystems.com,https://emberticketsystems.com,11,Seattle,US,2026-06-06 02:31:06
2026-06-06,MSP Platform,RidgeTicket Dynamics,+16968236814,sales@ridgeticketdynamics.com,https://www.ridgeticketdynamics.com,157,Chicago,US,2026-06-06 04:09:08
2026-06-06,Medical,Golden VitalLogic,(384) 941-5288,sales@goldenvitallogic.co,https://www.goldenvitallogic.co,45,Tampa,US,2026-06-06 03:41:22
2026-06-06,Legal,Prime CounselSolutions,+13822049311,info@primecounselsolutions.com,https://www.primecounselsolutions.com,234,Atlanta,US,2026-06-06 05:52:32
2026-06-06,ERP,BrightLedger Flow,05208591141 ext. 59,sales@brightledgerflow.io,https://brightledgerflow.io,2900,Austin,US,2026-06-06 01:01:59
2026-06-06,HR,EmberTeam Dynamics,2348659174,hello@emberteamdynamics.com,https://www.emberteamdynamics.com,18,Atlanta,US,2026-06-06 02:12:54
2026-06-06,ERP,SableChain Hub,5749868468,hello@sablechainhub.com,https://sablechainhub.com,8,Atlanta,US,2026-06-06 01:06:15
2026-06-06,MSP Platform,Quartz NetHub,+15045513476,info@quartznethub.com,https://www.quartznethub.com,214,null,DE,2026-06-06 02:15:44
2026-06-06,Medical,PrimePatientSolutions,679.840.6632,info@primepatientsolutions.co,https://primepatientsolutions.co,41,Tampa,US,2026-06-06 01:49:58
2026-06-06,MSP Platform,PioneerUptime Logic,7468992415,contact@pioneeruptimelogic.com,pioneeruptimelogic.com,12,Chicago,US,2026-06-06 02:12:50
2026-06-06,Legal,Anchor CounselPlatform,(310) 955-5703,contact@anchorcounselplatform.io,https://www.anchorcounselplatform.io,91,Chicago,US,2026-06-06 02:41:57
2026-06-06,HR,Raven PayrollPoint,+1 (297) 316-0696,hello@ravenpayrollpoint.com,https://www.ravenpayrollpoint.com,10,Boston,US,2026-06-06 03:14:22
2026-06-06,Medical,CrownChartSoft,+13945454959,contact@crownchartsoft.co,https://www.crownchartsoft.co,470,Austin,US,2026-06-06 03:31:30
2026-06-06,Medical,HaloTriage App,382.336.4984,contact@halotriageapp.com,halotriageapp.com,672,Raleigh,US,2026-06-06 02:09:08
2026-06-06,HR,Umbra RosterCore,836-946-1251,null,umbrarostercore.com,61,Atlanta,US,2026-06-06 03:17:08
2026-06-06,ERP,MetaLedger Dynamics,777.849.6667,hello@metaledgerdynamics.net,metaledgerdynamics.net,154,Chicago,US,2026-06-06 03:48:13
2026-06-06,MSP Platform,XenonNet Hub,(882) 799-6750 ext. 10,info@xenonnethub.net,https://www.xenonnethub.net,61,Tampa,US,2026-06-06 03:57:14
2026-06-06,HR,ZephyrTalentLogic,386-600-0165 ext. 9,info@zephyrtalentlogic.com,https://zephyrtalentlogic.com,47,Chicago,US,2026-06-06 03:16:52
2026-06-06,MSP Platform,MosaicRemote Soft,950-599-8098 ext. 95,sales@mosaicremotesoft.com,https://mosaicremotesoft.com,10,Toronto,CA,2026-06-06 03:59:34
2026-06-06,Legal,Sable MatterSphere,7867880760,contact@sablemattersphere.com,https://www.sablemattersphere.com,18,Denver,US,2026-06-06 03:29:26
2026-06-06,LMS,SummitMentorPoint,+13293418256,hello@summitmentorpoint.com,https://www.summitmentorpoint.com,4777,Denver,US,2026-06-06 02:36:09
2026-06-06,Legal,ApexLawCloud,7772773779,info@apexlawcloud.io,https://apexlawcloud.io,907,Columbus,US,2026-06-06 02:07:52
2026-06-06,MSP Platform,IronMonitor Dynamics,(719) 936-9122,hello@ironmonitordynamics.com,https://www.ironmonitordynamics.com,56,Atlanta,US,2026-06-06 02:15:38
2026-06-06,MSP Platform,QuartzNet Tech,524-382-6349 ext. 30,info@quartznettech.io,quartznettech.io,11,Chicago,US,2026-06-06 02:11:03
2026-06-06,HR,Rapid TalentHub,795.309.6418,sales@rapidtalenthub.com,https://rapidtalenthub.com,1047,Bengaluru,IN,2026-06-06 05:33:51
2026-06-06,MSP Platform,SableNetLabs,7628441866,info@sablenetlabs.co,https://sablenetlabs.co,95,Chicago,US,2026-06-06 01:29:23
2026-06-06,ERP,ArchChainFlow,6765552313,info@archchainflow.co,https://archchainflow.co,304,Austin,US,2026-06-06 06:21:45
2026-06-06,ERP,Lumen PlanBase,6405193561,info@lumenplanbase.com,https://lumenplanbase.com,18,Sydney,AU,2026-06-06 04:10:23
2026-06-06,Legal,Pivot Counsel Talent Agency,245-760-1132 ext. 43,contact@pivotcounseltalentagency.com,https://www.pivotcounseltalentagency.com,411,Vancouver,CA,2026-06-06 03:00:01
2026-06-06,HR,MosaicBenefitLabs,840-885-8211,info@mosaicbenefitlabs.com,https://mosaicbenefitlabs.com,639,Manchester,UK,2026-06-06 04:37:48
2026-06-06,Legal,ZephyrBrief Flow,+17732900559,sales@zephyrbriefflow.com,https://zephyrbriefflow.com,7,Melbourne,AU,2026-06-06 03:21:29
2026-06-06,ERP,SableOrder Sync,(800) 787-8245,contact@sableordersync.io,https://sableordersync.io,5,Austin,US,2026-06-06 01:55:00
2026-06-06,MSP Platform,ZephyrRemote Cloud,+18496243872,sales@zephyrremotecloud.net,zephyrremotecloud.net,14,Amsterdam,NL,2026-06-06 05:44:07
2026-06-06,Medical,GoldenClinicTech,+18203929985,hello@goldenclinictech.net,https://www.goldenclinictech.net,36,Boston,US,2026-06-06 05:16:40
2026-06-06,HR,Halo PayrollSuite,(328) 272-8198,sales@halopayrollsuite.com,halopayrollsuite.com,83,Atlanta,US,2026-06-06 01:15:03
2026-06-06,MSP Platform,XenonNodeTech Solutions LLC,673.781.2733,N/A,https://www.xenonnodetech.com,4159,Karachi,PK,2026-06-06 04:04:16
2026-06-06,MSP Platform,Prime EndpointSuite,9872818693 ext. 15,sales@primeendpointsuite.io,https://primeendpointsuite.io,873,Leeds,UK,2026-06-06 02:46:35
2026-06-06,HR,HaloOnboardSync,703.558.9194,contact@haloonboardsync.io,https://www.haloonboardsync.io,159,Chicago,US,2026-06-06 01:18:05
2026-06-06,Medical,Orbit Med Consultants,(669) 280-0885,contact@orbitmedconsultants.co,https://www.orbitmedconsultants.co,21,Chicago,US,2026-06-06 04:13:36
2026-06-06,ERP,Delta ForgeCloud,603.288.1126,hello@deltaforgecloud.io,https://www.deltaforgecloud.io,31,Austin,US,2026-06-06 03:30:33
2026-06-06,MSP Platform,BlueNodeCloud,887.737.0178,info@bluenodecloud.com,bluenodecloud.com,7,Boston,US,2026-06-06 04:37:25
2026-06-06,ERP,AltaOrderCore,8062238135,sales@altaordercore.com,https://www.altaordercore.com,165,Columbus,US,2026-06-06 02:14:26
2026-06-06,HR,GranitéTeam Point,+17787234780,contact@graniteteampoint.com,https://www.graniteteampoint.com,37,Dublin,IE,2026-06-06 02:30:19
2026-06-06,Medical,ApexHealth Logic,+1 (942) 405-2965,N/A,https://www.apexhealthlogic.com,100,Boston,US,2026-06-06 03:55:30
2026-06-06,HR,Arch ShiftSystems,+1 (773) 824-7888,info@archshiftsystems.com,https://archshiftsystems.com,92,Berlin,DE,2026-06-06 06:23:26
2026-06-06,ERP,XenonFin Flow,727-870-2932,sales@xenonfinflow.com,https://xenonfinflow.com,7,Toronto,CA,2026-06-06 03:56:47
2026-06-06,ERP,RidgePlan Cloud,1-981-691-4512,hello@ridgeplancloud.com,ridgeplancloud.com,19,Denver,US,2026-06-06 06:59:31
2026-06-06,ERP,NimbusBatch Logic,311.275.4898,hello@nimbusbatchlogic.io,https://www.nimbusbatchlogic.io,11,Seattle,US,2026-06-06 03:35:32
2026-06-06,MSP Platform,Anchor PatchCloud,3114552816,hello@anchorpatchcloud.io,anchorpatchcloud.io,432,Seattle,US,2026-06-06 06:17:36
2026-06-06,MSP Platform,Mosaic EndpointDesk,593-477-6984 ext. 81,sales@mosaicendpointdesk.com,https://www.mosaicendpointdesk.com,19,Denver,US,2026-06-06 02:59:38
2026-06-06,HR,Quartz TeamBase,7906518976,hello@quartzteambase.io,https://www.quartzteambase.io,null,Boston,US,2026-06-06 01:19:34
2026-06-06,MSP Platform,Blue GridSystems,(400) 837-6485,hello@bluegridsystems.com,https://bluegridsystems.com,142,Karachi,PK,2026-06-06 02:21:51
2026-06-06,MSP Platform,OnyxMonitor Logic,+12896139330,hello@onyxmonitorlogic.co,https://onyxmonitorlogic.co,56,Manchester,UK,2026-06-06 01:22:46
2026-06-06,HR,Halo PerformCore,434.998.0275,sales@haloperformcore.io,https://www.haloperformcore.io,178,Austin,US,2026-06-06 01:11:58
2026-06-06,MSP Platform,Harbor UptimeCore,667.612.4303,sales@harboruptimecore.com,harboruptimecore.com,68,Columbus,US,2026-06-06 01:44:44
2026-06-06,ERP,SummitOrder App,650-706-7306,sales@summitorderapp.co,https://summitorderapp.co,75,Phoenix,US,2026-06-06 04:13:19
2026-06-06,ERP,PrimeForge Soft,1-555-580-5340,info@primeforgesoft.io,https://primeforgesoft.io,500,Boston,US,2026-06-06 03:15:27
2026-06-06,LMS,NorthQuiz App,1-843-802-1208,hello@northquizapp.com,https://northquizapp.com,11,Manchester,UK,2026-06-06 04:46:54
2026-06-06,HR,ZenPayroll Labs,237-338-9221,-,zenpayrolllabs.com,12,Berlin,DE,2026-06-06 06:21:51
2026-06-06,Medical,Summit ClinicDynamics,458-566-8091,hello@summitclinicdynamics.com,https://summitclinicdynamics.com,845,Seattle,US,2026-06-06 05:53:09
2026-06-06,MSP Platform,PolarisMonitor Base,08094227674 ext. 26,hello@polarismonitorbase.com,https://www.polarismonitorbase.com,6,Atlanta,US,2026-06-06 06:51:02
2026-06-06,ERP,Blue BatchLogic,(352) 990-2454,sales@bluebatchlogic.co,https://www.bluebatchlogic.co,639,Austin,US,2026-06-06 02:07:42
2026-06-06,ERP,AltaChain Soft,742-449-5827,sales@altachainsoft.com,https://www.altachainsoft.com,526,Munich,DE,2026-06-06 02:53:01
2026-06-06,Medical,CrestHealthLabs,+13732552960,contact@cresthealthlabs.net,https://cresthealthlabs.net,20,Hyderabad,IN,2026-06-06 04:41:34
2026-06-06,HR,Halo TalentSphere,(738) 913-8017,contact@halotalentsphere.co,https://www.halotalentsphere.co,930,Chicago,US,2026-06-06 06:12:59
2026-06-06,MSP Platform,AtlasNode Soft,(377) 473-1202,sales@atlasnodesoft.com,https://www.atlasnodesoft.com,56,Hyderabad,IN,2026-06-06 06:53:02
2026-06-06,Legal,GoldenFiling Logic,485.379.9394,hello@goldenfilinglogic.com,https://www.goldenfilinglogic.com,24,Calgary,CA,2026-06-06 06:00:07
2026-06-06,Medical,IndigoCareLogic,9493005237,hello@indigocarelogic.com,https://www.indigocarelogic.com,15,Chicago,US,2026-06-06 04:21:39
2026-06-06,Legal,CrownBrief Cloud,2657251224,contact@crownbriefcloud.io,crownbriefcloud.io,18,Austin,US,2026-06-06 03:45:01
2026-06-06,HR,PrimePeople Works,204.626.6813,sales@primepeopleworks.io,https://www.primepeopleworks.io,43,Seattle,US,2026-06-06 05:55:12
2026-06-06,Medical,LatticePatient Labs,+16765689684,contact@latticepatientlabs.com,https://www.latticepatientlabs.com,31,Boston,US,2026-06-06 03:50:17
2026-06-06,MSP Platform,Silver StackDynamics,399-603-0099,sales@silverstackdynamics.io,https://www.silverstackdynamics.io,72,Phoenix,US,2026-06-06 05:54:56
2026-06-06,Medical,GoldenChartSuite,(532) 767-1699,,https://www.goldenchartsuite.io,,Dublin,IE,2026-06-06 01:48:16
2026-06-06,Legal,TrueBrief Sphere,413-384-9234,contact@truebriefsphere.io,https://www.truebriefsphere.io,11,Calgary,CA,2026-06-06 01:40:55
2026-06-06,Medical,Tidal MedSolutions,936-542-7154,sales@tidalmedsolutions.io,https://www.tidalmedsolutions.io,414,Phoenix,US,2026-06-06 02:39:09
2026-06-06,ERP,LumenForgePlatform,(836) 968-6844,sales@lumenforgeplatform.com,https://www.lumenforgeplatform.com,383,Pune,IN,2026-06-06 06:51:11
2026-06-06,HR,Umbra BenefitSystems,5084446428,contact@umbrabenefitsystems.io,https://umbrabenefitsystems.io,432,Karachi,PK,2026-06-06 01:13:23
2026-06-06,Medical,Lumen ClinicSync,267-968-1031 ext. 30,contact@lumenclinicsync.com,https://www.lumenclinicsync.com,2467,Chicago,US,2026-06-06 04:06:21
2026-06-06,Medical,Quartz TriageCloud,5992037329,sales@quartztriagecloud.io,https://quartztriagecloud.io,7,Tampa,US,2026-06-06 06:40:51
2026-06-06,Legal,Crest BriefPlatform,504-780-7240,contact@crestbriefplatform.com,https://www.crestbriefplatform.com,null,Melbourne,AU,2026-06-06 03:28:04
2026-06-06,ERP,Golden ChainCloud,+14958531900,contact@goldenchaincloud.com,goldenchaincloud.com,15,Seattle,US,2026-06-06 03:35:21
2026-06-06,ERP,UmbraLedger Platform,+16364461648,sales@umbraledgerplatform.com,https://umbraledgerplatform.com,14,Chicago,US,2026-06-06 04:27:29
2026-06-06,ERP,Nova ForgéTech,5493546554,-,https://www.novaforgetech.net,48,Columbus,US,2026-06-06 05:19:15
2026-06-06,ERP,SilverFin Dynamics,1-447-912-8531,N/A,silverfindynamics.io,71,London,UK,2026-06-06 01:50:24
2026-06-06,ERP,GoldenLedgerLogic,+1 (834) 585-7962,hello@goldenledgerlogic.com,https://www.goldenledgerlogic.com,47,Columbus,US,2026-06-06 06:44:06
2026-06-06,ERP,Alta ForgeSync,(966) 346-3322,contact@altaforgesync.com,altaforgesync.com,270,Seattle,US,2026-06-06 05:57:00
2026-06-06,MSP Platform,Crest GridPoint,+14382841936,hello@crestgridpoint.co,https://www.crestgridpoint.co,35,Columbus,US,2026-06-06 05:31:56
2026-06-06,Medical,EmberCare Dynamics,839-316-7994,info@embercaredynamics.io,https://embercaredynamics.io,90,Sydney,AU,2026-06-06 01:04:29
2026-06-06,ERP,Ridge OpsPlatform,(757) 909-0428,info@ridgeopsplatform.net,https://www.ridgeopsplatform.net,16,Atlanta,US,2026-06-06 04:42:22
2026-06-06,Legal,CrownLaw Core,(920) 827-8601,contact@crownlawcore.com,https://www.crownlawcore.com,55,Boston,US,2026-06-06 06:18:51
2026-06-06,MSP Platform,DeltaPatchApp,9203669473,hello@deltapatchapp.com,https://deltapatchapp.com,3724,Pune,IN,2026-06-06 01:53:41
2026-06-06,Legal,PrimeBrief Systems,8779219325,sales@primebriefsystems.io,https://www.primebriefsystems.io,182,Calgary,CA,2026-06-06 05:44:59
2026-06-06,ERP,RavenChainSync,(683) 203-7657,info@ravenchainsync.com,https://ravenchainsync.com,6,Chicago,US,2026-06-06 03:33:54
2026-06-06,Medical,Polaris PulsePoint,+19794111459,hello@polarispulsepoint.net,https://www.polarispulsepoint.net,3366,Columbus,US,2026-06-06 01:28:26
2026-06-06,Medical,Juniper ChartDynamics,636-345-5291,info@juniperchartdynamics.com,https://www.juniperchartdynamics.com,216,Columbus,US,2026-06-06 01:51:08
2026-06-06,HR,QuartzCultureSystems,1-582-240-3200,sales@quartzculturesystems.com,https://quartzculturesystems.com,-,Columbus,US,2026-06-06 02:17:13
2026-06-06,Medical,AtlasCare Sync,+15118208828 ext. 61,contact@atlascaresync.com,https://www.atlascaresync.com,12,Columbus,US,2026-06-06 03:29:27
2026-06-06,HR,Falcon ShiftPoint,849-364-8977 ext. 69,contact@falconshiftpoint.net,https://www.falconshiftpoint.net,2895,Pune,IN,2026-06-06 02:21:16
2026-06-06,HR,Prime PayrollDynamics,356-515-2002,info@primepayrolldynamics.com,https://primepayrolldynamics.com,19,Boston,US,2026-06-06 06:46:00
2026-06-06,ERP,Cedar ForgeBase,+1 (867) 596-8084,hello@cedarforgebase.io,https://www.cedarforgebase.io,233,Manchester,UK,2026-06-06 03:07:23
2026-06-06,Medical,Nimbus TriagéSphere,(926) 762-1236,contact@nimbustriagesphere.co,https://www.nimbustriagesphere.co,446,Phoenix,US,2026-06-06 02:40:27
2026-06-06,Medical,TrueClinic Base,1-860-741-8649,hello@trueclinicbase.com,https://trueclinicbase.com,1254,Raleigh,US,2026-06-06 03:48:02
2026-06-06,MSP Platform,OnyxRemoteDynamics,(223) 847-1163 ext. 64,contact@onyxremotedynamics.com,https://www.onyxremotedynamics.com,967,Hyderabad,IN,2026-06-06 01:32:57
2026-06-06,ERP,LatticeChain Sphere,390-810-7429,sales@latticechainsphere.io,https://www.latticechainsphere.io,1114,Munich,DE,2026-06-06 04:27:20
2026-06-06,ERP,Cobalt ChainHub,+14516269893,contact@cobaltchainhub.com,https://cobaltchainhub.com,274,Chicago,US,2026-06-06 06:44:26
2026-06-06,ERP,OmniPlanPoint,+1 (793) 585-8739,info@omniplanpoint.io,https://www.omniplanpoint.io,10,Columbus,US,2026-06-06 06:12:59
2026-06-06,HR,Golden OnboardSoft,853-448-1136,null,goldenonboardsoft.com,4300,Atlanta,US,2026-06-06 01:25:55
2026-06-06,Legal,OnyxBriefSync,+12693324924,sales@onyxbriefsync.com,onyxbriefsync.com,817,Phoenix,US,2026-06-06 01:03:42
2026-06-06,Medical,ClearChart Platform,896-322-5532,hello@clearchartplatform.com,https://clearchartplatform.com,97,Seattle,US,2026-06-06 06:50:21
2026-06-06,MSP Platform,EmberUptimeCore,(361) 600-3705,hello@emberuptimecore.io,https://www.emberuptimecore.io,933,Boston,US,2026-06-06 01:49:22
2026-06-06,Legal,QuartzFilingFlow,4724049845,contact@quartzfilingflow.co,quartzfilingflow.co,276,Tampa,US,2026-06-06 03:26:28
2026-06-06,Legal,CedarFiling Solutions,781.907.4380,hello@cedarfilingsolutions.com,https://www.cedarfilingsolutions.com,184,Chicago,US,2026-06-06 06:42:43
2026-06-06,ERP,BoldOrder Hub,(578) 473-4124 ext. 40,sales@boldorderhub.net,https://boldorderhub.net,39,Atlanta,US,2026-06-06 01:29:37
2026-06-06,ERP,AtlasResourceSync,+13092384014,sales@atlasresourcesync.co,https://atlasresourcesync.co,96,Phoenix,US,2026-06-06 05:47:01
2026-06-06,MSP Platform,Pioneer GridSystems,329.964.4583,contact@pioneergridsystems.com,https://pioneergridsystems.com,57,Austin,US,2026-06-06 06:51:47
2026-06-06,ERP,Cedar FinDynamics,977-558-4652,contact@cedarfindynamics.co,https://cedarfindynamics.co,20,Bengaluru,IN,2026-06-06 04:08:37
2026-06-06,ERP,Velo Ledger BPO Services,+12549150187 ext. 94,contact@veloledgerbposervices.com,https://veloledgerbposervices.com,521,Seattle,US,2026-06-06 05:15:46
2026-06-06,HR,EmberShift Solutions,914-786-4264,hello@embershiftsolutions.io,embershiftsolutions.io,36,Columbus,US,2026-06-06 03:12:12
2026-06-06,ERP,ZenOrder App,8724174179,hello@zenorderapp.com,https://www.zenorderapp.com,35,Tampa,US,2026-06-06 04:02:00
2026-06-06,ERP,FusionStock Dynamics,+1 (675) 420-3937,hello@fusionstockdynamics.com,https://fusionstockdynamics.com,4096,Chicago,US,2026-06-06 03:37:37
2026-06-06,Legal,Quartz DocketLogic,(871) 276-6783,sales@quartzdocketlogic.net,quartzdocketlogic.net,27,Raleigh,US,2026-06-06 05:27:34
2026-06-06,HR,Summit CultureCore,4676920815,sales@summitculturecore.com,https://summitculturecore.com,16,Tampa,US,2026-06-06 02:51:07
2026-06-06,HR,BeaconShiftFlow,+1 (708) 856-3706,sales@beaconshiftflow.com,https://www.beaconshiftflow.com,47,Columbus,US,2026-06-06 03:26:02
2026-06-06,MSP Platform,Nova Uptime Outsourcing,4784341666,sales@novauptimeoutsourcing.com,https://novauptimeoutsourcing.com,138,Seattle,US,2026-06-06 06:24:09
2026-06-06,ERP,Bright ForgeLabs,1-768-687-3015,info@brightforgelabs.com,https://www.brightforgelabs.com,223,Phoenix,US,2026-06-06 05:36:31
2026-06-06,MSP Platform,QuartzGridHub,526-423-6467 ext. 96,sales@quartzgridhub.com,https://quartzgridhub.com,49,Berlin,DE,2026-06-06 05:05:39
2026-06-06,ERP,Xenon ChainSolutions,(760) 358-4365,sales@xenonchainsolutions.io,https://www.xenonchainsolutions.io,805,Denver,US,2026-06-06 05:04:18
2026-06-06,Medical,Sable RxPlatform,924.667.1654,hello@sablerxplatform.com,https://www.sablerxplatform.com,6,Chicago,US,2026-06-06 02:32:04
2026-06-06,Medical,ZenPulse Logic,(745) 818-3427,hello@zenpulselogic.com,https://www.zenpulselogic.com,713,Seattle,US,2026-06-06 05:24:34
2026-06-06,HR,CrownBenefit Dynamics,9554469611,hello@crownbenefitdynamics.co,https://www.crownbenefitdynamics.co,14,Munich,DE,2026-06-06 05:39:18
2026-06-06,Medical,NorthMed Logic,402-422-2160,info@northmedlogic.io,https://northmedlogic.io,308,Atlanta,US,2026-06-06 03:20:30
2026-06-06,ERP,Clear StockHub,+18225110332,info@clearstockhub.com,https://clearstockhub.com,169,Seattle,US,2026-06-06 04:14:54
2026-06-06,Legal,Arch ClauseFlow,585-285-0844,info@archclauseflow.co,https://www.archclauseflow.co,398,-,US,2026-06-06 02:49:35
2026-06-06,ERP,LatticePlan Suite,(903) 960-8231,hello@latticeplansuite.io,https://www.latticeplansuite.io,10,Hyderabad,IN,2026-06-06 03:58:55
2026-06-06,Medical,RidgePatientCore,442.439.4684,sales@ridgepatientcore.net,ridgepatientcore.net,9,London,UK,2026-06-06 02:13:14
2026-06-06,Medical,VeloDocket Works,1-610-680-4842,contact@velodocketworks.io,https://velodocketworks.io,9,Manchester,UK,2026-06-06 03:13:51
2026-06-06,HR,CoreTalentFlow,4907751313,contact@coretalentflow.io,https://www.coretalentflow.io,44,London,UK,2026-06-06 01:09:31
2026-06-06,HR,Pivot PerformSphere,5456902956,sales@pivotperformsphere.co,https://www.pivotperformsphere.co,262,London,UK,2026-06-06 01:04:40
2026-06-06,HR,MosaicShift Solutions,895.377.5211,info@mosaicshiftsolutions.io,https://www.mosaicshiftsolutions.io,275,Columbus,US,2026-06-06 01:49:08
2026-06-06,ERP,ZenResource Hub,+15719656442,info@zenresourcehub.co,https://www.zenresourcehub.co,36,Austin,US,2026-06-06 03:27:21
2026-06-06,ERP,LatticeTriage Soft,6186868296,info@latticetriagesoft.co,https://www.latticetriagesoft.co,23,Atlanta,US,2026-06-06 05:28:50
2026-06-06,Medical,Clear VitalCloud,(783) 269-4211,info@clearvitalcloud.co,https://www.clearvitalcloud.co,102,Phoenix,US,2026-06-06 02:42:54
2026-06-06,MSP Platform,Bold StackSuite,(322) 285-5449 ext. 20,sales@boldstacksuite.com,https://www.boldstacksuite.com,941,Atlanta,US,2026-06-06 02:08:51
2026-06-06,Medical,PioneerCareDynamics,1-743-325-7943,null,https://www.pioneercaredynamics.com,66,Phoenix,US,2026-06-06 01:44:23
2026-06-06,MSP Platform,Polaris UptimePoint,+15364181285,sales@polarisuptimepoint.com,https://www.polarisuptimepoint.com,440,Berlin,DE,2026-06-06 04:23:39
2026-06-06,HR,Ridgeway PerformBase,988-759-3615,,ridgewayperformbase.io,995,Denver,US,2026-06-06 02:48:06
2026-06-06,Legal,SableVerdict Flow,732-810-8714,hello@sableverdictflow.io,sableverdictflow.io,18,Atlanta,US,2026-06-06 04:54:53
2026-06-06,ERP,Nova ForgePoint,2884555934,sales@novaforgepoint.com,novaforgepoint.com,189,Atlanta,US,2026-06-06 04:42:00
2026-06-06,ERP,HaloForgeDynamics,899-400-6288,sales@haloforgedynamics.com,https://www.haloforgedynamics.com,241,Sydney,AU,2026-06-06 02:16:16
2026-06-06,HR,PivotPayroll Sync,1-780-763-8617,contact@pivotpayrollsync.io,pivotpayrollsync.io,55,Leeds,UK,2026-06-06 06:07:12
2026-06-06,HR,NimbusRoster Base,702.960.8345,info@nimbusrosterbase.com,https://nimbusrosterbase.com,2290,Karachi,PK,2026-06-06 06:12:26
2026-06-06,Medical,Polaris HealthWorks,914.652.4642,sales@polarishealthworks.io,polarishealthworks.io,93,Chicago,US,2026-06-06 05:09:08
2026-06-06,Legal,XenonFilingTech,7207183534,hello@xenonfilingtech.co,https://www.xenonfilingtech.co,39,Bengaluru,IN,2026-06-06 02:38:24
2026-06-06,ERP,RidgePlan Suite,707.215.0567,sales@ridgeplansuite.com,https://ridgeplansuite.com,105,Boston,US,2026-06-06 04:07:27
2026-06-06,Medical,Keystone Patient Manpower Services,+16932517038,sales@keystonepatientmanpowerservices.com,https://keystonepatientmanpowerservices.com,54,Leeds,UK,2026-06-06 04:46:28
2026-06-06,Legal,Zephyr VerdictTech,1-776-303-4081,contact@zephyrverdicttech.io,https://zephyrverdicttech.io,12,Phoenix,US,2026-06-06 04:54:11
2026-06-06,Medical,TrueCareLabs,+1 (912) 224-1913,info@truecarelabs.io,https://www.truecarelabs.io,49,Raleigh,US,2026-06-06 02:14:08
2026-06-06,Legal,Alta VerdictCore,613-215-6846,sales@altaverdictcore.com,https://www.altaverdictcore.com,13,Columbus,US,2026-06-06 01:44:05
2026-06-06,MSP Platform,Crest StackHub,(762) 773-2778,hello@creststackhub.com,creststackhub.com,327,Seattle,US,2026-06-06 05:05:15
2026-06-06,ERP,RidgewayResource Desk,3193186339,sales@ridgewayresourcedesk.com,ridgewayresourcedesk.com,-,Boston,US,2026-06-06 04:52:01
2026-06-06,ERP,Bright PlanWorks,938.278.4991,hello@brightplanworks.com,brightplanworks.com,466,Vancouver,CA,2026-06-06 01:34:08
2026-06-06,ERP,IronBatchSphere,+13678346874,hello@ironbatchsphere.com,https://www.ironbatchsphere.com,880,Tampa,US,2026-06-06 03:12:31
2026-06-06,Medical,CoreHealthDesk,06446898944,contact@corehealthdesk.com,https://corehealthdesk.com,928,Tampa,US,2026-06-06 05:59:29
2026-06-06,Legal,FusionVerdict Point,2538635159,info@fusionverdictpoint.com,https://www.fusionverdictpoint.com,-,Boston,US,2026-06-06 02:52:13
2026-06-06,MSP Platform,NimbusEndpoint Base,4007995466,info@nimbusendpointbase.com,https://www.nimbusendpointbase.com,278,Columbus,US,2026-06-06 06:07:13
2026-06-06,Medical,Core MedHub,676.371.1469,info@coremedhub.com,coremedhub.com,15,Boston,US,2026-06-06 06:02:42
2026-06-06,MSP Platform,Vertex TicketDesk,+15115136177,contact@vertexticketdesk.com,https://www.vertexticketdesk.com,73,Columbus,US,2026-06-06 01:09:05
2026-06-06,MSP Platform,GraniteStackSoft,844.471.3426,contact@granitestacksoft.co,https://www.granitestacksoft.co,52,Melbourne,AU,2026-06-06 03:03:53
2026-06-06,Medical,Silver MedFlow,285-415-5239,info@silvermedflow.io,https://www.silvermedflow.io,21,Calgary,CA,2026-06-06 02:09:22
2026-06-06,LMS,Summit Mentor Talent Agency,589-477-5535,sales@summitmentortalentagency.net,https://www.summitmentortalentagency.net,10,Seattle,US,2026-06-06 05:52:27
2026-06-06,Medical,QuartzRxPlatform,346-566-8998 ext. 61,info@quartzrxplatform.com,https://www.quartzrxplatform.com,985,Manchester,UK,2026-06-06 03:28:02
2026-06-06,Medical,CobaltHealth Systems,8432029053,contact@cobalthealthsystems.com,https://www.cobalthealthsystems.com,185,Phoenix,US,2026-06-06 02:23:35
2026-06-06,MSP Platform,XenonUptime Sphere,(475) 595-7224,contact@xenonuptimesphere.com,https://www.xenonuptimesphere.com,641,Tampa,US,2026-06-06 03:42:12
2026-06-06,ERP,Crown LedgerPoint,947-923-2931,sales@crownledgerpoint.com,https://crownledgerpoint.com,38,Pune,IN,2026-06-06 06:43:54
2026-06-06,Medical,Mosaic ClinicFlow,541.653.5629,-,mosaicclinicflow.com,163,Phoenix,US,2026-06-06 04:59:32
2026-06-06,ERP,Golden ResourcePlatform,+18227124017,hello@goldenresourceplatform.com,goldenresourceplatform.com,744,Bengaluru,IN,2026-06-06 04:07:52
2026-06-06,Medical,BoldCareDynamics,(413) 925-1707,sales@boldcaredynamics.co,https://www.boldcaredynamics.co,54,Columbus,US,2026-06-06 01:49:11
2026-06-06,MSP Platform,Blue PatchWorks,(427) 797-6133,info@bluepatchworks.com,https://bluepatchworks.com,227,Amsterdam,NL,2026-06-06 05:31:34
2026-06-06,Medical,Summit ChartSystems,(873) 252-8466,contact@summitchartsystems.com,https://www.summitchartsystems.com,9,Boston,US,2026-06-06 01:07:10
2026-06-06,LMS,TidalPathPoint,1-739-909-7347,info@tidalpathpoint.com,tidalpathpoint.com,99,Bengaluru,IN,2026-06-06 03:34:11
2026-06-06,HR,SolidPerformPlatform,267-481-1046,sales@solidperformplatform.com,https://solidperformplatform.com,888,Singapore,SG,2026-06-06 04:26:45
2026-06-06,Legal,AtlasCaseSync,+12447493996,info@atlascasesync.com,atlascasesync.com,374,Dublin,IE,2026-06-06 02:26:15
2026-06-06,HR,XenonTeam Dynamics,(859) 786-9310,contact@xenonteamdynamics.com,https://www.xenonteamdynamics.com,22,Chicago,US,2026-06-06 02:53:17
2026-06-06,HR,MetaRoster Soft,(472) 412-9099,contact@metarostersoft.com,metarostersoft.com,337,Melbourne,AU,2026-06-06 06:10:01
2026-06-06,MSP Platform,UmbraRemoteSoft,963-725-8248,contact@umbraremotesoft.io,umbraremotesoft.io,110,Singapore,SG,2026-06-06 04:24:14
2026-06-06,Legal,Willow CompliDesk,6174887127,hello@willowcomplidesk.com,https://www.willowcomplidesk.com,131,Toronto,CA,2026-06-06 06:01:45
2026-06-06,MSP Platform,WillowNetHub,02405785124,sales@willownethub.io,https://willownethub.io,16,Phoenix,US,2026-06-06 01:48:54
2026-06-06,HR,NorthRoster Works,1-542-800-4667,info@northrosterworks.io,https://www.northrosterworks.io,291,Austin,US,2026-06-06 05:20:46
2026-06-06,HR,Rapid TalentWorks,1-297-280-1000,info@rapidtalentworks.net,https://rapidtalentworks.net,497,Manchester,UK,2026-06-06 05:49:59
2026-06-06,Legal,CoreMatter Suite,+12633547666,contact@coremattersuite.co,https://coremattersuite.co,8,Phoenix,US,2026-06-06 04:05:43
2026-06-06,LMS,Onyx MentorFlow,03082901796,contact@onyxmentorflow.com,onyxmentorflow.com,3360,Pune,IN,2026-06-06 03:08:07
2026-06-06,Legal,RidgeVerdictSolutions,310-870-3383,info@ridgeverdictsolutions.com,ridgeverdictsolutions.com,84,Lahore,PK,2026-06-06 02:40:14
2026-06-06,Medical,CobaltMed Systems,477.879.8458 ext. 55,info@cobaltmedsystems.com,https://www.cobaltmedsystems.com,77,Austin,US,2026-06-06 01:35:00
2026-06-06,LMS,BoldCohortSoft,+14408047471,sales@boldcohortsoft.com,https://www.boldcohortsoft.com,490,London,UK,2026-06-06 03:31:10
2026-06-06,MSP Platform,Falcon MonitorSync,(843) 608-5723,info@falconmonitorsync.com,https://www.falconmonitorsync.com,976,Leeds,UK,2026-06-06 01:14:35
2026-06-06,LMS,IronCohort Systems,(658) 593-2374,contact@ironcohortsystems.io,https://www.ironcohortsystems.io,443,Manchester,UK,2026-06-06 02:09:00
2026-06-06,MSP Platform,AtlasNodeApp,659-412-1163,contact@atlasnodeapp.com,https://atlasnodeapp.com,309,Leeds,UK,2026-06-06 04:29:30
2026-06-06,HR,ArchRoster Sync,+14417294562,info@archrostersync.io,https://www.archrostersync.io,28,Denver,US,2026-06-06 03:42:33
2026-06-06,MSP Platform,RapidRemote Hub,(933) 980-2764,info@rapidremotehub.com,https://www.rapidremotehub.com,7,Atlanta,US,2026-06-06 02:06:01
2026-06-06,HR,Xenon ShiftHub,345.354.5498,hello@xenonshifthub.com,xenonshifthub.com,694,Boston,US,2026-06-06 02:49:24
2026-06-06,Medical,Willow PulseSphere,866-813-0482,hello@willowpulsesphere.co,https://www.willowpulsesphere.co,15,London,UK,2026-06-06 04:08:41
2026-06-06,Legal,Bold FilingDynamics,+13906039475,sales@boldfilingdynamics.net,https://www.boldfilingdynamics.net,24,Denver,US,2026-06-06 04:41:40
2026-06-06,Legal,BeaconCase Core,(456) 559-9027,info@beaconcasecore.net,https://www.beaconcasecore.net,94,Boston,US,2026-06-06 01:03:49
2026-06-06,MSP Platform,AltaNetHub,(368) 221-6057,contact@altanethub.com,https://www.altanethub.com,411,Tampa,US,2026-06-06 01:38:29
2026-06-06,Legal,Beacon Law Outsourcing,3264299857,info@beaconlawoutsourcing.com,https://www.beaconlawoutsourcing.com,30,Munich,DE,2026-06-06 06:04:09
2026-06-06,Legal,LumenDocketLogic,838.881.5983,sales@lumendocketlogic.co,https://www.lumendocketlogic.co,775,Denver,US,2026-06-06 05:40:06
2026-06-06,MSP Platform,OmniStackSoft,03356236666,hello@omnistacksoft.com,https://www.omnistacksoft.com,41,Tampa,US,2026-06-06 04:16:16
2026-06-06,HR,KeystonePerformPlatform,4762919463,hello@keystoneperformplatform.com,keystoneperformplatform.com,10,Columbus,US,2026-06-06 02:29:07
2026-06-06,ERP,Delta OrderSoft,(721) 918-2973,hello@deltaordersoft.com,https://deltaordersoft.com,9,Bengaluru,IN,2026-06-06 03:15:37
2026-06-06,Legal,Clear CounselBase,270.740.7138,hello@clearcounselbase.co,https://www.clearcounselbase.co,126,Boston,US,2026-06-06 03:55:39
2026-06-06,Legal,OmniLawDesk,+1 (917) 670-9005,hello@omnilawdesk.com,https://www.omnilawdesk.com,15,Hyderabad,IN,2026-06-06 02:10:27
2026-06-06,Medical,VeloVitalApp,(710) 646-8387,contact@velovitalapp.com,https://www.velovitalapp.com,414,Chicago,US,2026-06-06 03:28:59
2026-06-06,HR,Cedar BenefitFlow,(835) 207-8737,sales@cedarbenefitflow.io,https://www.cedarbenefitflow.io,13,Atlanta,US,2026-06-06 05:25:41
2026-06-06,HR,IndigoBenefit Sync,4112781602,sales@indigobenefitsync.net,https://www.indigobenefitsync.net,121,N/A,US,2026-06-06 06:19:55
2026-06-06,LMS,PioneerCounsel Soft,(691) 331-2958,sales@pioneercounselsoft.io,https://pioneercounselsoft.io,459,Munich,DE,2026-06-06 06:58:55
2026-06-06,ERP,AltaPlan Solutions,(357) 802-2137,sales@altaplansolutions.io,https://altaplansolutions.io,170,Chicago,US,2026-06-06 05:11:00
2026-06-06,MSP Platform,ApexMonitor Core,7569993850,contact@apexmonitorcore.com,https://www.apexmonitorcore.com,2581,Boston,US,2026-06-06 04:07:26
2026-06-06,MSP Platform,Bright MonitorSystems,+15293577784,sales@brightmonitorsystems.com,https://www.brightmonitorsystems.com,162,Melbourne,AU,2026-06-06 02:42:33
2026-06-06,ERP,CrestOps Sync,7283486600,hello@crestopssync.com,https://www.crestopssync.com,2673,Berlin,DE,2026-06-06 06:52:33
2026-06-06,ERP,FusionLedgerHub,(984) 972-0961,info@fusionledgerhub.co,https://fusionledgerhub.co,318,Dublin,IE,2026-06-06 03:21:07
2026-06-06,LMS,CedarMentorTech,8202209450,info@cedarmentortech.co,https://www.cedarmentortech.co,81,Calgary,CA,2026-06-06 03:54:21
2026-06-06,HR,HaloRoster Platform,+12016888703,hello@halorosterplatform.com,https://halorosterplatform.com,191,London,UK,2026-06-06 05:14:49
2026-06-06,Medical,Fusion HealthPoint,(893) 374-0593,sales@fusionhealthpoint.io,fusionhealthpoint.io,157,Austin,US,2026-06-06 01:04:40
2026-06-06,LMS,ArchQuizPlatform,(557) 832-6971,info@archquizplatform.com,https://www.archquizplatform.com,880,Toronto,CA,2026-06-06 05:57:06
2026-06-06,MSP Platform,SolidPatchSystems,7514041508 ext. 36,info@solidpatchsystems.com,https://solidpatchsystems.com,26,Lahore,PK,2026-06-06 04:55:30
2026-06-06,Legal,DeltaFilingFlow,+1 (696) 855-5885,hello@deltafilingflow.io,https://www.deltafilingflow.io,199,Denver,US,2026-06-06 05:39:59
2026-06-06,MSP Platform,LumenPlanWorks,+1 (922) 246-1116,sales@lumenplanworks.net,https://www.lumenplanworks.net,13,Austin,US,2026-06-06 01:09:16
2026-06-06,HR,Quantum Team Talent Agency,508-325-6704,sales@quantumteamtalentagency.io,quantumteamtalentagency.io,48,Bengaluru,IN,2026-06-06 01:13:59
2026-06-06,ERP,IndigoOrderSoft,1-699-330-2378,sales@indigoordersoft.com,https://indigoordersoft.com,58,Austin,US,2026-06-06 05:39:05
2026-06-06,ERP,Orbit FinSolutions,380-948-0743,contact@orbitfinsolutions.com,https://orbitfinsolutions.com,23,Raleigh,US,2026-06-06 05:23:18
2026-06-06,LMS,Vertex QuizLabs,766.969.6205,contact@vertexquizlabs.com,vertexquizlabs.com,50,Berlin,DE,2026-06-06 05:35:54
2026-06-06,Legal,VeloDocket App,1-210-382-5240,info@velodocketapp.com,https://www.velodocketapp.com,13,Chicago,US,2026-06-06 02:13:04
2026-06-06,Legal,VistaVerdictCore,657-813-8861,info@vistaverdictcore.com,https://www.vistaverdictcore.com,546,London,UK,2026-06-06 02:58:42
2026-06-06,ERP,Umbra OpsSolutions,9442350268 ext. 45,sales@umbraopssolutions.com,https://www.umbraopssolutions.com,117,Columbus,US,2026-06-06 06:45:25
2026-06-06,ERP,VistaForge Logic,08817356903,contact@vistaforgelogic.co,https://www.vistaforgelogic.co,7,Seattle,US,2026-06-06 03:08:55
2026-06-06,ERP,Zen PlanHub,914-349-1719,info@zenplanhub.net,https://www.zenplanhub.net,15,Phoenix,US,2026-06-06 03:33:14
2026-06-06,Legal,Juniper CaseHub,6598193108,info@junipercasehub.io,https://www.junipercasehub.io,14,Hyderabad,IN,2026-06-06 01:21:52
2026-06-06,Legal,VeloCompli Soft,04376918823,info@velocomplisoft.com,https://www.velocomplisoft.com,16,Austin,US,2026-06-06 02:08:20
2026-06-06,ERP,AnchorBatchSolutions,(308) 412-0393,sales@anchorbatchsolutions.com,https://www.anchorbatchsolutions.com,7,Chicago,US,2026-06-06 05:14:07
2026-06-06,ERP,BlueOpsDesk,202.729.8090,info@blueopsdesk.com,https://www.blueopsdesk.com,18,London,UK,2026-06-06 02:47:16
2026-06-06,ERP,PioneerOrder Sync,8252934818,contact@pioneerordersync.io,https://www.pioneerordersync.io,945,Atlanta,US,2026-06-06 04:18:11
2026-06-06,Legal,TidalCounsel Base,398.696.5373,info@tidalcounselbase.com,https://tidalcounselbase.com,43,Phoenix,US,2026-06-06 04:11:21
2026-06-06,HR,CorePeople Works,806-577-2626,info@corepeopleworks.co,https://corepeopleworks.co,25,Phoenix,US,2026-06-06 02:07:40
2026-06-06,HR,PivotBenefit Base,(690) 313-3339,contact@pivotbenefitbase.com,https://pivotbenefitbase.com,11,Austin,US,2026-06-06 05:41:23
2026-06-06,HR,SummitTeamSphere,575-758-4557,contact@summitteamsphere.co,https://www.summitteamsphere.co,21,Denver,US,2026-06-06 02:45:04
2026-06-06,Legal,Ember TriageTech,(744) 773-7428,hello@embertriagetech.com,https://www.embertriagetech.com,15,Raleigh,US,2026-06-06 02:47:54
2026-06-06,ERP,WillowOrderLogic,6358727027,hello@willoworderlogic.com,https://www.willoworderlogic.com,-,Tampa,US,2026-06-06 05:17:26
2026-06-06,ERP,PivotOps Flow,+15843753040,contact@pivotopsflow.com,https://www.pivotopsflow.com,316,Boston,US,2026-06-06 01:13:51
2026-06-06,ERP,Prime StockSuite,+1 (309) 522-8161,info@primestocksuite.com,https://www.primestocksuite.com,42,Chicago,US,2026-06-06 04:20:56
2026-06-06,LMS,IronQuizFlow,339.252.9325,info@ironquizflow.io,https://www.ironquizflow.io,519,Seattle,US,2026-06-06 06:28:23
2026-06-06,HR,SummitPayroll Flow,(465) 485-4969 ext. 12,info@summitpayrollflow.com,https://summitpayrollflow.com,68,Raleigh,US,2026-06-06 06:47:46
2026-06-06,MSP Platform,North GridPoint,2778428887,contact@northgridpoint.com,northgridpoint.com,42,Columbus,US,2026-06-06 02:22:34
2026-06-06,Legal,Harbor Counsel Manpower Services,832-734-1995,hello@harborcounselmanpowerservices.co,https://www.harborcounselmanpowerservices.co,102,Atlanta,US,2026-06-06 06:30:41
2026-06-06,Legal,QuantumDocketBase,+1 (503) 811-2578,sales@quantumdocketbase.com,https://www.quantumdocketbase.com,111,Columbus,US,2026-06-06 02:29:29
2026-06-06,ERP,CrownPlanLogic’s,(676) 648-3491,hello@crownplanlogic.co,https://crownplanlogic.co,17,Hyderabad,IN,2026-06-06 04:50:49
2026-06-06,HR,CrestPeopleCloud,387-213-4325,sales@crestpeoplecloud.io,https://www.crestpeoplecloud.io,20,Atlanta,US,2026-06-06 01:24:48
2026-06-06,HR,ArchBenefitHub,06804630251,info@archbenefithub.com,https://archbenefithub.com,437,Leeds,UK,2026-06-06 06:33:11
2026-06-06,LMS,LumenLearnSphere,(273) 596-1265,sales@lumenlearnsphere.co,https://www.lumenlearnsphere.co,94,Amsterdam,NL,2026-06-06 05:56:50
2026-06-06,ERP,RidgewayForgeSystems,+15105193300,hello@ridgewayforgesystems.com,https://www.ridgewayforgesystems.com,75,Austin,US,2026-06-06 06:07:25
2026-06-06,Medical,RidgePulseSoft,657-973-2121,contact@ridgepulsesoft.com,https://www.ridgepulsesoft.com,128,Austin,US,2026-06-06 02:58:57
2026-06-06,Legal,Core BriefCloud,493.469.3569,info@corebriefcloud.co,https://corebriefcloud.co,866,N/A,US,2026-06-06 02:46:12
2026-06-06,Medical,Crest ChartDynamics,1-878-404-8740,info@crestchartdynamics.com,https://www.crestchartdynamics.com,122,Denver,US,2026-06-06 04:03:03
2026-06-06,ERP,Ember BatchBase,+1 (466) 946-3427,hello@emberbatchbase.io,https://www.emberbatchbase.io,8,Denver,US,2026-06-06 02:41:35
2026-06-06,LMS,Vista LearnFlow,(635) 959-5965,sales@vistalearnflow.com,https://www.vistalearnflow.com,296,N/A,US,2026-06-06 02:46:50
2026-06-06,MSP Platform,Beacon EndpointLogic Solutions LLC,931-439-6861,hello@beaconendpointlogic.com,https://beaconendpointlogic.com,49,Raleigh,US,2026-06-06 06:40:34
2026-06-06,MSP Platform,MosaicRemoteSync,1-893-493-9644,hello@mosaicremotesync.com,https://www.mosaicremotesync.com,3359,Amsterdam,NL,2026-06-06 01:23:18
2026-06-06,ERP,Sable LedgerHub,05035763813,sales@sableledgerhub.com,https://www.sableledgerhub.com,224,Phoenix,US,2026-06-06 04:32:01
2026-06-06,Legal,ZenCompli Sphere,932-927-1504,sales@zencomplisphere.com,https://www.zencomplisphere.com,38,Chicago,US,2026-06-06 03:07:34
2026-06-06,LMS,AnchorTrain Tech,1-404-637-6072,info@anchortraintech.io,https://www.anchortraintech.io,2149,Raleigh,US,2026-06-06 06:55:22
2026-06-06,ERP,RidgeChainSync,(433) 626-2436,hello@ridgechainsync.io,https://www.ridgechainsync.io,235,Toronto,CA,2026-06-06 01:03:29
2026-06-06,Medical,Clear PulseHub,(412) 557-8298,N/A,https://clearpulsehub.com,4496,Boston,US,2026-06-06 06:11:52
2026-06-06,LMS,KeystoneSkill Tech,959-328-7740,hello@keystoneskilltech.com,https://www.keystoneskilltech.com,14,Chicago,US,2026-06-06 05:54:19
2026-06-06,ERP,Lumen ForgeHub,4952144355,info@lumenforgehub.io,lumenforgehub.io,311,Sydney,AU,2026-06-06 04:26:21
2026-06-06,HR,IronTeam Works,1-249-427-2165,hello@ironteamworks.co,https://www.ironteamworks.co,185,Manchester,UK,2026-06-06 01:08:20
2026-06-06,HR,PrimeRoster Base,1-287-320-9101,sales@primerosterbase.co,https://www.primerosterbase.co,68,Chicago,US,2026-06-06 02:01:02
2026-06-06,ERP,Lattice ChainCore,(813) 602-0112,contact@latticechaincore.com,https://www.latticechaincore.com,95,Phoenix,US,2026-06-06 03:54:27
2026-06-06,HR,Solid ShiftLogic,600-598-1145,hello@solidshiftlogic.com,https://www.solidshiftlogic.com,78,London,UK,2026-06-06 02:28:06
2026-06-06,ERP,DeltaPlan Cloud,+14262699968,,https://deltaplancloud.io,638,Seattle,US,2026-06-06 01:32:46
2026-06-06,Medical,Lumen TriageDesk,1-810-710-9428,sales@lumentriagedesk.com,lumentriagedesk.com,38,Tampa,US,2026-06-06 03:41:01
2026-06-06,LMS,HaloTutorCloud,527-974-9349,info@halotutorcloud.com,https://www.halotutorcloud.com,49,Leeds,UK,2026-06-06 06:55:37
2026-06-06,Medical,CedarClinicCore,432.383.9614,sales@cedarcliniccore.io,https://www.cedarcliniccore.io,85,Amsterdam,NL,2026-06-06 05:34:08
2026-06-06,Medical,Cedar RxSphere,+1 (318) 293-9569,info@cedarrxsphere.io,https://www.cedarrxsphere.io,96,Tampa,US,2026-06-06 04:34:16
2026-06-06,HR,BluePerform Logic,(341) 619-9201,hello@blueperformlogic.com,https://www.blueperformlogic.com,41,Singapore,SG,2026-06-06 06:58:58
2026-06-06,Medical,JuniperTriageSync,5293693644,sales@junipertriagesync.com,https://www.junipertriagesync.com,18,Singapore,SG,2026-06-06 05:48:12
2026-06-06,ERP,LumenChain Hub,+1 (667) 966-5131,hello@lumenchainhub.com,https://www.lumenchainhub.com,50,Dublin,IE,2026-06-06 02:12:44
2026-06-06,ERP,NovaOrder Cloud,+1 (213) 552-5873,contact@novaordercloud.io,https://www.novaordercloud.io,N/A,Boston,US,2026-06-06 02:37:32
2026-06-06,LMS,CrownCoursePoint,(510) 646-5223,contact@crowncoursepoint.net,https://crowncoursepoint.net,147,Chicago,US,2026-06-06 06:01:25
2026-06-06,HR,NorthPeople Labs,666-803-1394,N/A,northpeoplelabs.com,372,Singapore,SG,2026-06-06 05:24:16
2026-06-06,Medical,PioneerPulse Labs,703-913-2372,info@pioneerpulselabs.co,https://www.pioneerpulselabs.co,12,Denver,US,2026-06-06 03:34:52
2026-06-06,HR,Granite Culture Consulting Group,777.917.4873,info@granitecultureconsultinggroup.com,granitecultureconsultinggroup.com,17,Phoenix,US,2026-06-06 02:46:28
2026-06-06,Medical,EmberChartSync,+1 (981) 639-1962,contact@emberchartsync.com,https://www.emberchartsync.com,41,Melbourne,AU,2026-06-06 06:57:00
2026-06-06,HR,Xenon Onboard Consulting Group,+16425649285,info@xenononboardconsultinggroup.net,https://xenononboardconsultinggroup.net,850,Calgary,CA,2026-06-06 01:10:04
2026-06-06,HR,TrueOnboardCore,(926) 609-2482,hello@trueonboardcore.com,https://trueonboardcore.com,347,Tampa,US,2026-06-06 01:02:33
2026-06-06,Medical,Fusion’s VitalBase,+16753093992,hello@fusionvitalbase.com,https://www.fusionvitalbase.com,9,Berlin,DE,2026-06-06 04:45:21
2026-06-06,HR,OmniOnboardPoint,710.717.1013,info@omnionboardpoint.com,https://www.omnionboardpoint.com,8,Calgary,CA,2026-06-06 01:16:36
2026-06-06,ERP,OnyxOrderBase,363.505.2597 ext. 63,contact@onyxorderbase.com,https://www.onyxorderbase.com,34,Boston,US,2026-06-06 06:43:10
2026-06-06,Medical,ApexPatient Core,841.267.7981,contact@apexpatientcore.com,https://www.apexpatientcore.com,23,Melbourne,AU,2026-06-06 03:58:17
2026-06-06,Medical,Blue ChartPoint,(716) 867-8580,contact@bluechartpoint.com,https://www.bluechartpoint.com,122,Austin,US,2026-06-06 01:36:28
2026-06-06,ERP,CedarChain’s Desk,854-700-8852,info@cedarchaindesk.io,https://www.cedarchaindesk.io,23,Austin,US,2026-06-06 05:48:43
2026-06-06,HR,VistaPayrollPoint,1-953-960-0158,contact@vistapayrollpoint.io,https://www.vistapayrollpoint.io,19,Boston,US,2026-06-06 05:11:34
2026-06-06,ERP,ClearFin Soft,371-959-4837,hello@clearfinsoft.com,https://www.clearfinsoft.com,489,Boston,US,2026-06-06 02:51:28
2026-06-06,ERP,Cobalt BatchSphere,+19888803588,info@cobaltbatchsphere.com,https://www.cobaltbatchsphere.com,704,Chicago,US,2026-06-06 02:30:09
2026-06-06,Legal,LumenDocket Flow,949-445-3418,info@lumendocketflow.com,https://lumendocketflow.com,357,Chicago,US,2026-06-06 04:07:28
2026-06-06,ERP,NorthForge Desk,1-571-493-6543,hello@northforgedesk.net,https://northforgedesk.net,772,Austin,US,2026-06-06 05:32:06
2026-06-06,Legal,Raven DocketCore,217.343.1365,contact@ravendocketcore.com,https://www.ravendocketcore.com,177,Denver,US,2026-06-06 06:38:21
2026-06-06,HR,BeaconBenefit Suite,1-373-424-0341,contact@beaconbenefitsuite.io,https://www.beaconbenefitsuite.io,242,Tampa,US,2026-06-06 02:16:16
2026-06-06,HR,Delta CultureSystems,+1 (865) 401-3186,contact@deltaculturesystems.io,https://www.deltaculturesystems.io,39,Denver,US,2026-06-06 06:17:27
2026-06-06,ERP,Vertex OpsPlatform,(661) 722-4602,sales@vertexopsplatform.com,https://vertexopsplatform.com,6,Munich,DE,2026-06-06 05:13:06
2026-06-06,ERP,SilverResource Dynamics,(835) 686-5269,info@silverresourcedynamics.com,https://silverresourcedynamics.com,24,Columbus,US,2026-06-06 03:02:49
2026-06-06,Medical,BrightRx Desk,(286) 730-8476,N/A,brightrxdesk.co,41,Phoenix,US,2026-06-06 05:38:20
2026-06-06,MSP Platform,Summit StackSphere,+16253177910,sales@summitstacksphere.com,https://www.summitstacksphere.com,13,Austin,US,2026-06-06 04:17:10
2026-06-06,ERP,VistaStock Cloud,418.214.7788,contact@vistastockcloud.com,https://vistastockcloud.com,258,Atlanta,US,2026-06-06 03:47:47
2026-06-06,LMS,PioneerPathSuite,240-736-0679,hello@pioneerpathsuite.com,https://pioneerpathsuite.com,20,,US,2026-06-06 01:02:21
2026-06-06,Medical,Rapid HealthHub,430-321-1726,info@rapidhealthhub.io,https://www.rapidhealthhub.io,33,Vancouver,CA,2026-06-06 03:09:23
2026-06-06,MSP Platform,ClearMonitorPlatform,274-819-2466,sales@clearmonitorplatform.com,https://clearmonitorplatform.com,123,Raleigh,US,2026-06-06 06:05:40
2026-06-06,Legal,XenonMatter Solutions,7656276472,contact@xenonmattersolutions.co,https://www.xenonmattersolutions.co,437,Sydney,AU,2026-06-06 06:13:53
2026-06-06,ERP,RidgeBatchTech,1-973-924-7096,info@ridgebatchtech.io,https://www.ridgebatchtech.io,352,London,UK,2026-06-06 03:34:29
2026-06-06,MSP Platform,ZenTicketLabs,+15769096454,info@zenticketlabs.com,https://www.zenticketlabs.com,143,Boston,US,2026-06-06 01:01:30
2026-06-06,Medical,Anchor TriagePlatform,624-624-4152,sales@anchortriageplatform.com,https://www.anchortriageplatform.com,850,Austin,US,2026-06-06 04:45:22
2026-06-06,Medical,CobaltClinic Tech,+16622842355,sales@cobaltclinictech.co,https://www.cobaltclinictech.co,15,Denver,US,2026-06-06 03:02:47
2026-06-06,HR,Falcon TalentSuite,668.490.9016,sales@falcontalentsuite.io,https://falcontalentsuite.io,177,Manchester,UK,2026-06-06 03:45:42
2026-06-06,LMS,HarborPathLogic,1-771-597-5092,hello@harborpathlogic.com,https://www.harborpathlogic.com,29,Sydney,AU,2026-06-06 05:09:54
2026-06-06,ERP,RidgeBatchHub,+13225357652,hello@ridgebatchhub.co,https://www.ridgebatchhub.co,8,Sydney,AU,2026-06-06 01:24:03
2026-06-06,Medical,VistaPatientBase,874-444-1711,contact@vistapatientbase.io,https://www.vistapatientbase.io,909,Austin,US,2026-06-06 06:43:52
2026-06-06,Legal,AnchorDocketApp,1-897-386-1072,info@anchordocketapp.io,anchordocketapp.io,16,Raleigh,US,2026-06-06 05:14:20
2026-06-06,ERP,EmberResourceBase,1-949-624-5735,-,https://www.emberresourcebase.com,318,Columbus,US,2026-06-06 04:14:04
2026-06-06,HR,OmniPeopleHub,891.831.2918,contact@omnipeoplehub.co,https://www.omnipeoplehub.co,18,Raleigh,US,2026-06-06 03:39:41
2026-06-06,Legal,Orbit LawApp,+19225645760,hello@orbitlawapp.com,https://www.orbitlawapp.com,60,Seattle,US,2026-06-06 03:31:02
2026-06-06,MSP Platform,AnchorEndpointFlow,244.670.2173,sales@anchorendpointflow.net,https://anchorendpointflow.net,34,Bengaluru,IN,2026-06-06 03:06:16
2026-06-06,ERP,Fusion StockFlow,(934) 485-5218,info@fusionstockflow.com,https://fusionstockflow.com,52,Austin,US,2026-06-06 06:40:16
2026-06-06,ERP,OrbitStock Works,+1 (243) 301-4659,hello@orbitstockworks.io,https://www.orbitstockworks.io,9,Islamabad,PK,2026-06-06 02:30:20
2026-06-06,Medical,PivotClinicWorks,(514) 424-9148,info@pivotclinicworks.io,https://www.pivotclinicworks.io,5,Dublin,IE,2026-06-06 04:14:13
2026-06-06,MSP Platform,NorthRemote Logic,+13187942089,info@northremotelogic.com,https://www.northremotelogic.com,33,Sydney,AU,2026-06-06 04:37:28
2026-06-06,HR,RavenPerformHub,616-893-7293,hello@ravenperformhub.com,https://www.ravenperformhub.com,33,Hyderabad,IN,2026-06-06 05:58:03
2026-06-06,Legal,CedarVerdict Point,8532348658,contact@cedarverdictpoint.com,https://cedarverdictpoint.com,132,Karachi,PK,2026-06-06 01:37:12
2026-06-06,ERP,SummitOps Soft,3957699696,hello@summitopssoft.com,https://www.summitopssoft.com,2139,Raleigh,US,2026-06-06 05:04:17
2026-06-06,LMS,Halo TrainApp,+1 (639) 377-2739,hello@halotrainapp.net,https://www.halotrainapp.net,776,Boston,US,2026-06-06 06:41:02
2026-06-06,Medical,Silver CarePoint,301-437-2520 ext. 45,sales@silvercarepoint.com,https://www.silvercarepoint.com,25,Tampa,US,2026-06-06 06:07:40
2026-06-06,HR,Golden TeamSync,+1 (220) 251-7924,sales@goldenteamsync.net,https://www.goldenteamsync.net,11,London,UK,2026-06-06 04:37:04
2026-06-06,Legal,Keystone BriefPoint,+12778445936,sales@keystonebriefpoint.com,keystonebriefpoint.com,132,Boston,US,2026-06-06 01:41:46
2026-06-06,MSP Platform,BoldPatch Flow,929-423-5492,sales@boldpatchflow.com,boldpatchflow.com,7,null,US,2026-06-06 01:44:55
2026-06-06,ERP,ApexLedgerHub,1-246-605-1183,contact@apexledgerhub.co,https://www.apexledgerhub.co,15,N/A,US,2026-06-06 02:21:45
2026-06-06,LMS,KeystoneLesson Labs,684.783.9075,info@keystonelessonlabs.co,https://www.keystonelessonlabs.co,371,Columbus,US,2026-06-06 06:46:18
2026-06-06,ERP,XenonForgeApp,6537659899,contact@xenonforgeapp.net,https://www.xenonforgeapp.net,67,Raleigh,US,2026-06-06 04:13:29
2026-06-06,ERP,CoreChain Core,914-909-5884,hello@corechaincore.com,https://www.corechaincore.com,14,Boston,US,2026-06-06 06:51:36
2026-06-06,HR,BoldOnboard Systems,1-876-790-2794,contact@boldonboardsystems.com,https://www.boldonboardsystems.com,106,Dublin,IE,2026-06-06 03:58:38
2026-06-06,Legal,TrueVerdictDesk,378.832.0281 ext. 87,contact@trueverdictdesk.com,https://trueverdictdesk.com,3351,Seattle,US,2026-06-06 03:08:21
2026-06-06,LMS,Omni PathPlatform,6844935488,info@omnipathplatform.com,https://omnipathplatform.com,26,Seattle,US,2026-06-06 03:25:34
2026-06-06,ERP,PioneerFin App,+19144831518,sales@pioneerfinapp.com,https://www.pioneerfinapp.com,433,Raleigh,US,2026-06-06 04:40:56
2026-06-06,HR,VistaShift Systems,(684) 326-4526,info@vistashiftsystems.com,https://www.vistashiftsystems.com,91,Columbus,US,2026-06-06 06:29:37
2026-06-06,ERP,Beacon ForgePlatform,1-675-255-1243,contact@beaconforgeplatform.co,https://beaconforgeplatform.co,344,Calgary,CA,2026-06-06 05:05:00
2026-06-06,HR,BoldTalent Systems,409-839-9144,null,https://boldtalentsystems.co,30,Berlin,DE,2026-06-06 05:41:15
2026-06-06,HR,CrownPeople Soft,(247) 310-4305,hello@crownpeoplesoft.com,https://www.crownpeoplesoft.com,164,Boston,US,2026-06-06 01:06:35
2026-06-06,ERP,LumenFinSphere,476-696-8209,info@lumenfinsphere.io,https://www.lumenfinsphere.io,20,Leeds,UK,2026-06-06 02:44:22
2026-06-06,HR,VeloOnboardSphere,2019500709,hello@veloonboardsphere.com,https://www.veloonboardsphere.com,370,Atlanta,US,2026-06-06 01:40:57
2026-06-06,HR,UmbraPeopleWorks,+17573965171,info@umbrapeopleworks.com,https://www.umbrapeopleworks.com,228,Amsterdam,NL,2026-06-06 06:00:34
2026-06-06,Legal,ApexClause Sync,+15986302164,contact@apexclausesync.com,https://www.apexclausesync.com,14,Calgary,CA,2026-06-06 01:37:20
2026-06-06,HR,Juniper PeopleCloud,(551) 325-5807,contact@juniperpeoplecloud.com,https://juniperpeoplecloud.com,391,Phoenix,US,2026-06-06 06:54:53
2026-06-06,ERP,Silver BatchBase,8405931691,contact@silverbatchbase.com,https://www.silverbatchbase.com,12,Boston,US,2026-06-06 05:44:31
2026-06-06,MSP Platform,Zephyr NetPoint,677.482.0419,info@zephyrnetpoint.com,https://zephyrnetpoint.com,4008,Amsterdam,NL,2026-06-06 05:38:00
2026-06-06,LMS,EmberLearn Base,(532) 297-2420,hello@emberlearnbase.net,https://www.emberlearnbase.net,37,Austin,US,2026-06-06 06:56:07
2026-06-06,HR,Anchor CultureSoft,809-581-6143,info@anchorculturesoft.io,https://www.anchorculturesoft.io,5,Atlanta,US,2026-06-06 05:29:35
2026-06-06,MSP Platform,Beacon NetSoft,385.926.6118,sales@beaconnetsoft.com,https://www.beaconnetsoft.com,13,Seattle,US,2026-06-06 05:42:27
2026-06-06,Medical,AnchorRx App,599-746-4857,hello@anchorrxapp.net,https://www.anchorrxapp.net,107,Columbus,US,2026-06-06 06:01:59
2026-06-06,ERP,CedarForgeCloud,5323311875,hello@cedarforgecloud.com,https://www.cedarforgecloud.com,26,London,UK,2026-06-06 02:31:09
2026-06-06,ERP,FalconFin Solutions,2185690226,hello@falconfinsolutions.com,https://falconfinsolutions.com,16,Columbus,US,2026-06-06 03:55:20
2026-06-06,MSP Platform,PioneerEndpoint Sync,(394) 362-7499,hello@pioneerendpointsync.com,https://www.pioneerendpointsync.com,70,Dublin,IE,2026-06-06 06:22:00
2026-06-06,Medical,Arch Pulse Staffing,880-905-1480,sales@archpulsestaffing.io,https://www.archpulsestaffing.io,289,Atlanta,US,2026-06-06 01:58:22
2026-06-06,Medical,BeaconHealth Platform,(250) 735-1377,sales@beaconhealthplatform.com,beaconhealthplatform.com,974,Boston,US,2026-06-06 02:59:00
2026-06-06,ERP,Tidal PlanSync,+13803773958,contact@tidalplansync.com,https://www.tidalplansync.com,194,Vancouver,CA,2026-06-06 06:56:27
2026-06-06,HR,TrueRosterLabs,(944) 982-0302,info@truerosterlabs.net,https://www.truerosterlabs.net,430,Chicago,US,2026-06-06 03:16:58
2026-06-06,Medical,PolarisMedTech,+13485689360,info@polarismedtech.com,https://www.polarismedtech.com,14,Phoenix,US,2026-06-06 06:01:17
2026-06-06,Medical,NovaTriage Labs,1-664-998-6413,hello@novatriagelabs.com,https://www.novatriagelabs.com,36,Raleigh,US,2026-06-06 02:27:45
2026-06-06,MSP Platform,Indigo RemoteLabs,854-851-4813,hello@indigoremotelabs.net,https://www.indigoremotelabs.net,34,Seattle,US,2026-06-06 01:58:46
2026-06-06,MSP Platform,GraniteMonitor Base,508-635-6572,sales@granitemonitorbase.io,https://granitemonitorbase.io,462,Boston,US,2026-06-06 06:21:42
2026-06-06,HR,Pioneer RosterHub,7903441642,N/A,https://www.pioneerrosterhub.com,95,Atlanta,US,2026-06-06 04:33:25
2026-06-06,ERP,OrbitFin Point,9459480648,contact@orbitfinpoint.com,https://orbitfinpoint.com,558,Pune,IN,2026-06-06 06:36:33
2026-06-06,HR,QuantumTalent Works,6968833021,sales@quantumtalentworks.co,quantumtalentworks.co,14,Chicago,US,2026-06-06 02:33:10
2026-06-06,LMS,OmniPath Flow,543.836.4778,contact@omnipathflow.com,https://omnipathflow.com,450,Calgary,CA,2026-06-06 04:49:05
2026-06-06,ERP,Tidal LedgerDynamics,+13106393409,info@tidalledgerdynamics.com,https://www.tidalledgerdynamics.com,37,Columbus,US,2026-06-06 01:36:04
2026-06-06,MSP Platform,WillowRemoteSystems,(827) 886-2772,sales@willowremotesystems.net,https://www.willowremotesystems.net,85,Columbus,US,2026-06-06 05:10:25
2026-06-06,HR,CedarShiftLabs,(218) 798-2307 ext. 32,sales@cedarshiftlabs.io,https://www.cedarshiftlabs.io,22,Melbourne,AU,2026-06-06 01:17:19
2026-06-06,ERP,QuartzResourceTech,+17437762259 ext. 79,contact@quartzresourcetech.com,https://quartzresourcetech.com,2050,Hyderabad,IN,2026-06-06 04:43:48
2026-06-06,Medical,Willow PulseDynamics,5265293032,sales@willowpulsedynamics.com,https://www.willowpulsedynamics.com,40,Phoenix,US,2026-06-06 01:05:52
2026-06-06,ERP,Sable FinLogic,+1 (744) 613-3256,sales@sablefinlogic.com,https://www.sablefinlogic.com,2796,Chicago,US,2026-06-06 02:55:26
2026-06-06,Legal,IronVerdictSphere,+19263558942,hello@ironverdictsphere.io,https://www.ironverdictsphere.io,6,Chicago,US,2026-06-06 04:03:17
2026-06-06,HR,Atlas TeamLabs,945.795.0131,info@atlasteamlabs.com,https://www.atlasteamlabs.com,303,London,UK,2026-06-06 01:25:03
2026-06-06,Legal,CrestCompliFlow,314.782.4836,sales@crestcompliflow.co,https://www.crestcompliflow.co,176,Sydney,AU,2026-06-06 04:54:43
2026-06-06,MSP Platform,Harbor NodeSolutions,(331) 355-7583,hello@harbornodesolutions.com,harbornodesolutions.com,135,Phoenix,US,2026-06-06 03:12:40
2026-06-06,ERP,NimbusStock Tech,+1 (280) 629-8489,info@nimbusstocktech.io,https://nimbusstocktech.io,319,Columbus,US,2026-06-06 01:43:05
2026-06-06,HR,JuniperPerform Sphere,5855739383 ext. 61,contact@juniperperformsphere.com,https://www.juniperperformsphere.com,1648,Boston,US,2026-06-06 04:49:07
2026-06-06,ERP,Pioneer LedgerBase,(548) 244-2896,sales@pioneerledgerbase.co,https://www.pioneerledgerbase.co,48,Chicago,US,2026-06-06 04:07:47
2026-06-06,Medical,GoldenVital Soft,271-237-4881,sales@goldenvitalsoft.com,https://www.goldenvitalsoft.com,66,Boston,US,2026-06-06 02:45:47
2026-06-06,Legal,Nimbus VerdictFlow,2777741404,info@nimbusverdictflow.net,https://www.nimbusverdictflow.net,789,Austin,US,2026-06-06 06:08:28
2026-06-06,ERP,OmniChainLabs,(914) 535-7513,sales@omnichainlabs.com,https://www.omnichainlabs.com,767,Amsterdam,NL,2026-06-06 05:49:34
2026-06-06,ERP,Silver ForgeSuite,362-225-3216,hello@silverforgesuite.com,https://www.silverforgesuite.com,12,Bengaluru,IN,2026-06-06 01:31:45
2026-06-06,Medical,TidalMedApp,+1 (385) 550-5775,hello@tidalmedapp.com,https://www.tidalmedapp.com,10,,US,2026-06-06 03:45:41
2026-06-06,MSP Platform,WillowGridDesk,(809) 852-8820,contact@willowgriddesk.co,willowgriddesk.co,5,Phoenix,US,2026-06-06 06:38:49
2026-06-06,MSP Platform,Velo Net Consultants,3795567582,contact@velonetconsultants.io,https://velonetconsultants.io,97,Atlanta,US,2026-06-06 05:27:33
2026-06-06,Legal,CrestCase Logic,679.886.3428,info@crestcaselogic.com,crestcaselogic.com,775,Melbourne,AU,2026-06-06 03:37:05
2026-06-06,Legal,Mosaic DocketSphere,+18957389821,hello@mosaicdocketsphere.com,https://mosaicdocketsphere.com,9,Tampa,US,2026-06-06 04:47:52
2026-06-06,HR,Vista PerformApp,+1 (666) 325-6883,sales@vistaperformapp.com,https://vistaperformapp.com,11,Singapore,SG,2026-06-06 04:48:54
2026-06-06,HR,SableShift Hub,264-254-5299,sales@sableshifthub.io,https://www.sableshifthub.io,10,Manchester,UK,2026-06-06 04:35:35
2026-06-06,HR,Ridge ShiftPlatform,+12545724343,sales@ridgeshiftplatform.com,https://www.ridgeshiftplatform.com,627,Leeds,UK,2026-06-06 06:04:29
2026-06-06,HR,Iron ShiftPoint,+18048832137,hello@ironshiftpoint.com,https://www.ironshiftpoint.com,43,Seattle,US,2026-06-06 05:30:12
2026-06-06,MSP Platform,ClearMonitorSphere,350-898-9304 ext. 43,hello@clearmonitorsphere.io,https://www.clearmonitorsphere.io,891,Seattle,US,2026-06-06 05:34:39
2026-06-06,MSP Platform,Bold’s UptimeTech,736.289.3139,contact@bolduptimetech.com,https://bolduptimetech.com,6,Sydney,AU,2026-06-06 04:12:38
2026-06-06,Legal,OrbitMatter Flow,(671) 898-4541,info@orbitmatterflow.com,https://orbitmatterflow.com,218,Dublin,IE,2026-06-06 01:55:39
2026-06-06,LMS,Pivot LessonCloud,(403) 758-9284,hello@pivotlessoncloud.io,https://www.pivotlessoncloud.io,140,Leeds,UK,2026-06-06 05:31:37
2026-06-06,LMS,Solid LessonSoft,(771) 419-8466,hello@solidlessonsoft.io,https://www.solidlessonsoft.io,403,Toronto,CA,2026-06-06 02:53:20
2026-06-06,Medical,QuantumVitalCloud,+14773696267,-,https://www.quantumvitalcloud.com,6,Seattle,US,2026-06-06 03:02:54
2026-06-06,ERP,Lumen ChainTech,+18313988483,hello@lumenchaintech.com,https://www.lumenchaintech.com,5,Raleigh,US,2026-06-06 03:41:40
2026-06-06,ERP,NimbusFin Dynamics,914.637.8807,info@nimbusfindynamics.io,https://www.nimbusfindynamics.io,22,Hyderabad,IN,2026-06-06 05:30:01
2026-06-06,MSP Platform,OmniTicketHub,+12423556542,sales@omnitickethub.com,omnitickethub.com,79,Austin,US,2026-06-06 02:04:51
2026-06-06,Medical,Atlas PulseBase,02594359268,sales@atlaspulsebase.com,atlaspulsebase.com,367,Tampa,US,2026-06-06 06:03:04
2026-06-06,HR,HarborCultureSphere,(714) 396-1407,hello@harborculturesphere.com,harborculturesphere.com,15,Vancouver,CA,2026-06-06 05:38:10
2026-06-06,LMS,RavenTrain Point,+13952395341,sales@raventrainpoint.io,https://www.raventrainpoint.io,659,Chicago,US,2026-06-06 03:10:03
2026-06-06,MSP Platform,Orbit RemoteSolutions,223.756.1624,info@orbitremotesolutions.com,https://orbitremotesolutions.com,167,Boston,US,2026-06-06 01:44:36
2026-06-06,Medical,OrbitHealth Point,912-875-6620,contact@orbithealthpoint.com,orbithealthpoint.com,15,Singapore,SG,2026-06-06 04:12:15
2026-06-06,Medical,PolarisChart Platform,608-703-6122,info@polarischartplatform.com,polarischartplatform.com,71,Amsterdam,NL,2026-06-06 01:57:35
2026-06-06,Legal,QuartzDocket Tech,887-549-7175,contact@quartzdockettech.com,quartzdockettech.com,323,Sydney,AU,2026-06-06 03:08:04
2026-06-06,Legal,CoreVerdictCloud,(497) 698-1376,sales@coreverdictcloud.com,https://coreverdictcloud.com,223,Denver,US,2026-06-06 02:39:27
2026-06-06,ERP,MosaicLedger Solutions,+1 (736) 897-1850,contact@mosaicledgersolutions.com,https://www.mosaicledgersolutions.com,24,Tampa,US,2026-06-06 03:43:11
2026-06-06,HR,Core PeopleSystems,550-786-5561,hello@corepeoplesystems.com,corepeoplesystems.com,801,Austin,US,2026-06-06 02:01:26
2026-06-06,ERP,RidgewayOps Sync,703-245-4831,contact@ridgewayopssync.io,https://www.ridgewayopssync.io,68,Amsterdam,NL,2026-06-06 02:47:46
2026-06-06,HR,MosaicPerform Sphere,8947790474,info@mosaicperformsphere.net,https://mosaicperformsphere.net,21,Austin,US,2026-06-06 06:01:44
2026-06-06,ERP,SableLedgerSphere,(533) 415-8753,sales@sableledgersphere.com,https://sableledgersphere.com,32,Austin,US,2026-06-06 01:23:28
2026-06-06,HR,GoldenBenefit Soft,03289351142,sales@goldenbenefitsoft.io,https://www.goldenbenefitsoft.io,31,null,US,2026-06-06 06:23:25
2026-06-06,HR,TrueBenefitSolutions,217-996-9605,sales@truebenefitsolutions.com,truebenefitsolutions.com,456,Tampa,US,2026-06-06 01:35:56
2026-06-06,ERP,MetaOps Works,+12512338996,hello@metaopsworks.com,https://metaopsworks.com,16,Raleigh,US,2026-06-06 03:48:43
2026-06-06,HR,NorthPayrollSoft,282-421-6886,hello@northpayrollsoft.io,https://www.northpayrollsoft.io,176,Chicago,US,2026-06-06 06:28:29
2026-06-06,Legal,Indigo LawApp,+14635161994,contact@indigolawapp.com,indigolawapp.com,527,Amsterdam,NL,2026-06-06 06:48:16
2026-06-06,Medical,BlueHealthSolutions,+17318883450,-,bluehealthsolutions.com,14,Chicago,US,2026-06-06 06:18:40
2026-06-06,HR,AnchorTalentSphere,372-322-2267,info@anchortalentsphere.com,https://www.anchortalentsphere.com,254,Lahore,PK,2026-06-06 04:52:59
2026-06-06,HR,TidalPayroll Works,+18844373106,sales@tidalpayrollworks.io,https://tidalpayrollworks.io,81,Boston,US,2026-06-06 02:37:24
2026-06-06,ERP,Clear PlanFlow,1-630-272-2770,info@clearplanflow.io,https://www.clearplanflow.io,296,Austin,US,2026-06-06 03:31:10
2026-06-06,ERP,Umbra BatchWorks,(591) 559-9055,,https://www.umbrabatchworks.net,70,Tampa,US,2026-06-06 02:58:18
2026-06-06,HR,Pivot PayrollTech,398-868-2840,contact@pivotpayrolltech.com,https://www.pivotpayrolltech.com,149,Toronto,CA,2026-06-06 04:13:15
2026-06-06,MSP Platform,Mosaic StackFlow,+15956532815,contact@mosaicstackflow.com,https://www.mosaicstackflow.com,3572,Phoenix,US,2026-06-06 03:25:59
2026-06-06,MSP Platform,RidgeStackDynamics,09245285861,info@ridgestackdynamics.io,ridgestackdynamics.io,446,Boston,US,2026-06-06 05:24:17
2026-06-06,MSP Platform,AnchorPatchCore,634-571-6534,hello@anchorpatchcore.com,https://anchorpatchcore.com,78,Karachi,PK,2026-06-06 02:30:57
2026-06-06,HR,RapidPeople Labs,822-405-5594,sales@rapidpeoplelabs.com,https://www.rapidpeoplelabs.com,90,Singapore,SG,2026-06-06 06:36:47
2026-06-06,ERP,Quantum Forge Consultants,(392) 424-7051,info@quantumforgeconsultants.com,https://www.quantumforgeconsultants.com,264,Denver,US,2026-06-06 01:28:26
2026-06-06,HR,RapidTeamSolutions,+1 (562) 520-9256,hello@rapidteamsolutions.co,https://rapidteamsolutions.co,73,Boston,US,2026-06-06 05:38:55
2026-06-06,Medical,KeystonePulseCloud,+19806151561,info@keystonepulsecloud.com,https://keystonepulsecloud.com,28,-,CA,2026-06-06 05:16:32
2026-06-06,ERP,WillowOrder Logic,504-338-3411,hello@willoworderlogic.com,https://www.willoworderlogic.com,20,Raleigh,US,2026-06-06 02:32:13
2026-06-06,ERP,GraniteBatchFlow,1-831-471-6271,contact@granitebatchflow.com,https://granitebatchflow.com,,Leeds,UK,2026-06-06 06:41:53
2026-06-06,Medical,OmniClinicPlatform,(661) 910-6269,info@omniclinicplatform.com,https://www.omniclinicplatform.com,63,Austin,US,2026-06-06 04:11:23
2026-06-06,HR,Lattice TalentSphere,+1 (847) 578-3106,info@latticetalentsphere.com,https://www.latticetalentsphere.com,300,Pune,IN,2026-06-06 02:27:29
2026-06-06,Medical,Anchor RxWorks,985-903-0017,contact@anchorrxworks.com,https://anchorrxworks.com,433,Amsterdam,NL,2026-06-06 06:06:18
2026-06-06,HR,Bright PerformLogic,+13194871519,hello@brightperformlogic.com,https://www.brightperformlogic.com,76,Boston,US,2026-06-06 04:39:56
2026-06-06,ERP,RavenOrderFlow,1-449-432-1361,-,https://www.ravenorderflow.io,91,Karachi,PK,2026-06-06 06:55:19
2026-06-06,Legal,ArchCounsel Logic,781-994-3587,sales@archcounsellogic.com,https://www.archcounsellogic.com,118,Raleigh,US,2026-06-06 03:24:25
2026-06-06,HR,GraniteTeamWorks,1-505-460-2273,contact@graniteteamworks.io,https://www.graniteteamworks.io,88,Denver,US,2026-06-06 06:41:04
2026-06-06,Medical,PivotMed Tech,743-368-6989,info@pivotmedtech.com,https://www.pivotmedtech.com,63,Raleigh,US,2026-06-06 06:10:25
2026-06-06,LMS,ArchTrainLabs,+1 (612) 718-4281,contact@archtrainlabs.com,https://www.archtrainlabs.com,2056,Tampa,US,2026-06-06 06:47:56
2026-06-06,HR,Zen FinApp,9106580969,sales@zenfinapp.com,https://zenfinapp.com,,Raleigh,US,2026-06-06 04:13:54
2026-06-06,Medical,Lattice RxPoint,214-904-2059 ext. 21,sales@latticerxpoint.com,https://latticerxpoint.com,356,Toronto,CA,2026-06-06 06:27:54
2026-06-06,Medical,Polaris MedWorks,1-923-403-3555,contact@polarismedworks.com,https://polarismedworks.com,18,-,UK,2026-06-06 03:15:33
2026-06-06,LMS,OnyxLearnWorks,960.292.4691,hello@onyxlearnworks.io,onyxlearnworks.io,17,Atlanta,US,2026-06-06 05:41:44
2026-06-06,ERP,TidalBatch Core,804-668-4081,hello@tidalbatchcore.io,https://tidalbatchcore.io,9,Seattle,US,2026-06-06 03:16:01
2026-06-06,HR,CobaltTalentCloud,+18608729502,hello@cobalttalentcloud.com,cobalttalentcloud.com,409,Austin,US,2026-06-06 01:32:38
2026-06-06,Legal,Core DocketLabs,+1 (779) 496-2444,contact@coredocketlabs.com,https://coredocketlabs.com,527,Munich,DE,2026-06-06 01:29:28
2026-06-06,HR,SilverPeopleFlow,2849550098,info@silverpeopleflow.com,https://www.silverpeopleflow.com,81,Atlanta,US,2026-06-06 06:06:07
2026-06-06,ERP,BrightBatchFlow,+12836295291,info@brightbatchflow.com,https://brightbatchflow.com,20,Denver,US,2026-06-06 03:25:02
2026-06-06,Legal,PrimeClause Point,841-598-3029,contact@primeclausepoint.com,https://www.primeclausepoint.com,232,Sydney,AU,2026-06-06 05:54:37
2026-06-06,Medical,CoreMedTech,659.290.1606,hello@coremedtech.co,https://coremedtech.co,,Denver,US,2026-06-06 03:54:59
2026-06-06,ERP,Atlas PlanApp,+13146305464,hello@atlasplanapp.com,https://www.atlasplanapp.com,69,Denver,US,2026-06-06 06:25:52
2026-06-06,MSP Platform,SolidEndpoint Cloud,05434129704,contact@solidendpointcloud.net,https://solidendpointcloud.net,13,Berlin,DE,2026-06-06 05:45:11
2026-06-06,MSP Platform,Zephyr StackBase,+16508840338,info@zephyrstackbase.com,https://www.zephyrstackbase.com,274,Seattle,US,2026-06-06 05:12:38
2026-06-06,Medical,True PulseSystems,1-530-999-7852 ext. 75,sales@truepulsesystems.com,https://www.truepulsesystems.com,42,Chicago,US,2026-06-06 01:32:42
2026-06-06,ERP,CobaltFin App,+12165517528,sales@cobaltfinapp.com,https://www.cobaltfinapp.com,18,Singapore,SG,2026-06-06 03:55:48
2026-06-06,Medical,HaloPatientApp,(607) 533-2065,info@halopatientapp.io,https://www.halopatientapp.io,9,Bengaluru,IN,2026-06-06 04:31:12
2026-06-06,ERP,FalconForgePlatform,920-329-0065,info@falconforgeplatform.io,https://www.falconforgeplatform.io,112,Atlanta,US,2026-06-06 04:33:53
2026-06-06,Legal,TidalFilingBase,+13072872406,contact@tidalfilingbase.com,https://www.tidalfilingbase.com,3202,Denver,US,2026-06-06 01:17:54
2026-06-06,Medical,Atlas Pulse Staffing,4206043260 ext. 79,info@atlaspulsestaffing.com,https://atlaspulsestaffing.com,92,Lahore,PK,2026-06-06 04:44:46
2026-06-06,ERP,Omni ResourceSuite,04497532125,sales@omniresourcesuite.io,omniresourcesuite.io,428,Denver,US,2026-06-06 02:01:51
2026-06-06,MSP Platform,ArchTicket Desk,+15658361317,info@archticketdesk.com,https://archticketdesk.com,167,London,UK,2026-06-06 05:54:06
2026-06-06,LMS,Zorvantek Learning Cloud,+15050199911 ext. 84,hello@zorvantek.io,https://zorvantek.io,37,Boise,US,2026-06-06 06:43:55
2026-06-06,MSP Platform,OnyxNet Dynamics,590-505-5637,sales@onyxnetdynamics.com,https://www.onyxnetdynamics.com,33,Phoenix,US,2026-06-06 06:39:38
2026-06-06,Legal,Silver DocketWorks,(788) 499-2936,contact@silverdocketworks.com,https://www.silverdocketworks.com,440,Boston,US,2026-06-06 03:17:55
2026-06-06,HR,Orbit CultureSuite,+13666271761,hello@orbitculturesuite.com,https://www.orbitculturesuite.com,42,Tampa,US,2026-06-06 02:30:01
2026-06-06,Medical,EmberChartWorks,6578936464,hello@emberchartworks.co,emberchartworks.co,210,London,UK,2026-06-06 06:26:12
2026-06-06,HR,RidgewayPerformCore,8635730401,info@ridgewayperformcore.com,https://www.ridgewayperformcore.com,239,Chicago,US,2026-06-06 03:43:54
2026-06-06,ERP,NovaForgeWorks,9588209467,info@novaforgeworks.com,https://www.novaforgeworks.com,46,Atlanta,US,2026-06-06 01:43:30
2026-06-06,LMS,UmbraSkill Sphére,487-583-5839,contact@umbraskillsphere.com,https://www.umbraskillsphere.com,798,Austin,US,2026-06-06 06:17:31
2026-06-06,Medical,Delta PatientSoft,+12302688337,contact@deltapatientsoft.io,https://deltapatientsoft.io,450,Atlanta,US,2026-06-06 02:39:28
2026-06-06,ERP,PioneerFinSoft,+1 (526) 569-0805,sales@pioneerfinsoft.io,https://www.pioneerfinsoft.io,9,Hyderabad,IN,2026-06-06 05:31:49
2026-06-06,MSP Platform,KeystoneRemote Flow,226-846-2507,sales@keystoneremoteflow.com,keystoneremoteflow.com,N/A,Leeds,UK,2026-06-06 01:43:37
2026-06-06,Medical,North HealthPlatform,567.405.7877,info@northhealthplatform.com,https://northhealthplatform.com,196,Sydney,AU,2026-06-06 03:53:38
2026-06-06,ERP,KeystoneChainSphere,+1 (708) 343-5331 ext. 92,hello@keystonechainsphere.com,keystonechainsphere.com,385,Vancouver,CA,2026-06-06 05:39:39
2026-06-06,LMS,Golden TutorWorks,06024995440,contact@goldentutorworks.io,https://www.goldentutorworks.io,42,Berlin,DE,2026-06-06 02:04:19
2026-06-06,Medical,HarborVital Systems,+14399702570,contact@harborvitalsystems.com,https://www.harborvitalsystems.com,230,Raleigh,US,2026-06-06 03:42:56
2026-06-06,ERP,GoldenLedgerSphere,1-561-927-8423,info@goldenledgersphere.com,https://www.goldenledgersphere.com,6,Phoenix,US,2026-06-06 02:08:36
2026-06-06,HR,BoldPeopleDesk,754.625.4220,sales@boldpeopledesk.co,https://www.boldpeopledesk.co,948,Tampa,US,2026-06-06 05:18:02
