scrape_date,category,company_name,phone,email,website,employee_count,city,country,scraped_at
2026-06-21,MSP Platform,GoldenStackSolutions,(338) 620-7689,hello@goldenstacksolutions.io,https://www.goldenstacksolutions.io,39,Bengaluru,IN,2026-06-21T02:24:43Z
2026-06-21,ERP,QuartzLedgerCore,+1 (584) 931-5955,info@quartzledgercore.io,https://www.quartzledgercore.io,95,Raleigh,US,2026-06-21T04:42:10Z
2026-06-21,Lgl,Velo CaseSystems,+13693519745,contact@velocasesystems.com,velocasesystems.com,26,Phoenix,US,2026-06-21T04:34:35Z
2026-06-21,Legal,OrbitDocketDynamics,+14197492797 ext. 85,hello@orbitdocketdynamics.com,https://www.orbitdocketdynamics.com,90,Amsterdam,NL,2026-06-21T01:19:50Z
2026-06-21,HR,ArchBenefitHub,6804630251 ext. 35,info@archbenefithub.com,https://www.archbenefithub.com,437,Leeds,UK,2026-06-21T05:33:57Z
2026-06-21,MSP Platform,Halo StackDesk,571-265-5173,hello@halostackdesk.net,https://www.halostackdesk.net,11,Tampa,US,2026-06-21T06:54:04Z
2026-06-21,Medical,RapidHealthSoft,+1 (615) 550-5522,info@rapidhealthsoft.com,https://www.rapidhealthsoft.com,4633,Chicago,US,2026-06-21T01:48:20Z
2026-06-21,Legal,Clear CaseSoft,+13874687754,hello@clearcasesoft.co,https://clearcasesoft.co,61,Austin,US,2026-06-21T02:17:17Z
2026-06-21,Medical,GraniteRxTech,(825) 820-8319,sales@graniterxtech.com,https://graniterxtech.com,411,London,UK,2026-06-21T05:15:24Z
2026-06-21,Legal,RidgeVerdictSolutions,3108703383,info@ridgeverdictsolutions.com,https://www.ridgeverdictsolutions.com,84,Lahore,PK,2026-06-21T02:00:34Z
2026-06-21,HR,BlueShift Core,+16639883248,contact@blueshiftcore.com,https://blueshiftcore.com,58,Sydney,AU,2026-06-21T03:11:45Z
2026-06-21,Medical,Omni CareSystems,04295747377,contact@omnicaresystems.io,https://www.omnicaresystems.io,9,Berlin,DE,2026-06-21T03:49:04Z
2026-06-21,MSP Platform,Ridge UptimeSuite,+15296144916,hello@ridgeuptimesuite.io,https://www.ridgeuptimesuite.io,N/A,Boston,US,2026-06-21T04:44:31Z
2026-06-21,LMS,Lattice SkillSync,595-502-4882,sales@latticeskillsync.com,https://www.latticeskillsync.com,89,Seattle,US,2026-06-21T03:32:50Z
2026-06-21,HR,Velo Perform Staffing,2272984788,hello@veloperformstaffing.io,https://www.veloperformstaffing.io,109,Toronto,CA,2026-06-21T01:28:48Z
2026-06-21,Medical,EmberPatient Sync,(657) 357-6456,sales@emberpatientsync.io,https://www.emberpatientsync.io,17,Tampa,US,2026-06-21T06:40:19Z
2026-06-21,MSP Platform,Vista NodeFlow,457-753-1201 ext. 67,info@vistanodeflow.com,https://www.vistanodeflow.com,895,Phoenix,US,2026-06-21T04:14:35Z
2026-06-21,HR,RapidRoster Tech,7598657839,hello@rapidrostertech.com,https://www.rapidrostertech.com,94,Bengaluru,IN,2026-06-21T01:17:22Z
2026-06-21,HR,BeaconCultureApp,+1 (953) 460-3734 ext. 85,hello@beaconcultureapp.com,https://www.beaconcultureapp.com,43,Melbourne,AU,2026-06-21T05:03:22Z
2026-06-21,HR,LatticeTalentSuite,(673) 352-4453,hello@latticetalentsuite.com,https://latticetalentsuite.com,27,Columbus,US,2026-06-21T02:24:39Z
2026-06-21,ERP,Vertex PlanLogic,(281) 454-3606,info@vertexplanlogic.co,https://www.vertexplanlogic.co,41,Hyderabad,IN,2026-06-21T01:46:22Z
2026-06-21,ERP,QuartzResourceTech,743-776-2259,contact@quartzresourcetech.com,https://www.quartzresourcetech.com,2050,Hyderabad,IN,2026-06-21T01:23:36Z
2026-06-21,Legal,KeystoneMatter Tech,704-917-1968,info@keystonemattertech.com,keystonemattertech.com,5,Columbus,US,2026-06-21T03:42:29Z
2026-06-21,Medical,Keystone PulseApp,(787) 304-9161,sales@keystonepulseapp.io,https://www.keystonepulseapp.io,8,Tampa,US,2026-06-21T06:11:37Z
2026-06-21,Medical,Bold HealthPoint,650-354-5929,sales@boldhealthpoint.com,boldhealthpoint.com,15,Dublin,IE,2026-06-21T02:25:15Z
2026-06-21,HR,GoldenPerformLogic,7964088737,sales@goldenperformlogic.io,https://www.goldenperformlogic.io,30,Raleigh,US,2026-06-21T06:34:09Z
2026-06-21,MSP Platform,ZephyrPatchCloud,+1 (506) 898-7120,sales@zephyrpatchcloud.io,https://zephyrpatchcloud.io,14,Vancouver,CA,2026-06-21T06:48:28Z
2026-06-21,Medical,KeystoneRxLabs,1-484-407-4899,hello@keystonerxlabs.net,https://www.keystonerxlabs.net,22,Seattle,US,2026-06-21T01:33:04Z
2026-06-21,MSP Platform,BrightUptime Hub,(534) 917-5676,hello@brightuptimehub.com,https://brightuptimehub.com,47,Sydney,AU,2026-06-21T03:45:30Z
2026-06-21,HR,Delta CultureSolutions,02716211974,contact@deltaculturesolutions.com,https://www.deltaculturesolutions.com,404,,DE,2026-06-21T02:32:31Z
2026-06-21,Medical,Mosaic HealthPlatform,(393) 338-3143,sales@mosaichealthplatform.net,https://mosaichealthplatform.net,707,N/A,US,2026-06-21T04:43:02Z
2026-06-21,ERP,CedarOrder Soft,610-353-8867,hello@cedarordersoft.com,cedarordersoft.com,485,Bengaluru,IN,2026-06-21T02:21:20Z
2026-06-21,Medical,Prime MedPoint,413-472-4759,hello@primemedpoint.com,https://www.primemedpoint.com,17,Toronto,CA,2026-06-21T04:22:57Z
2026-06-21,ERP,FusionOrderCore,(522) 304-7834,,https://www.fusionordercore.io,180,Phoenix,US,2026-06-21T02:20:39Z
2026-06-21,ERP,Arch OpsSphere,1-557-333-6109,sales@archopssphere.com,https://archopssphere.com,35,Phoenix,US,2026-06-21T06:53:55Z
2026-06-21,MSP Platform,BoldNodeCore,02347449797,hello@boldnodecore.com,https://www.boldnodecore.com,17,Tampa,US,2026-06-21T03:01:25Z
2026-06-21,Legal,BeaconCounselSolutions,(376) 365-4598,contact@beaconcounselsolutions.com,beaconcounselsolutions.com,31,Leeds,UK,2026-06-21T01:54:26Z
2026-06-21,ERP,Fusion OrderPoint,1-664-378-6821,contact@fusionorderpoint.com,https://fusionorderpoint.com,48,Denver,US,2026-06-21T03:35:20Z
2026-06-21,Medical,AltaPulse Core,(659) 362-5344,contact@altapulsecore.com,https://www.altapulsecore.com,13,Vancouver,CA,2026-06-21T06:25:43Z
2026-06-21,Medical,Anchor PatientSoft,4134727898,hello@anchorpatientsoft.io,https://www.anchorpatientsoft.io,20,Amsterdam,NL,2026-06-21T04:53:20Z
2026-06-21,legal,Juniper LawTech,865.279.2526,info@juniperlawtech.com,https://www.juniperlawtech.com,13,Tampa,US,2026-06-21T02:36:59Z
2026-06-21,Legal,LatticeDocket Cloud,+15454162872,,https://www.latticedocketcloud.com,5,Chicago,US,2026-06-21T04:12:54Z
2026-06-21,MSP Platform,OmniTicketHub,+12423556542,sales@omnitickethub.com,https://www.omnitickethub.com,79,Austin,US,2026-06-21T02:16:16Z
2026-06-21,Lgl,BrightDocketHub,850.289.0287,sales@brightdockethub.io,https://www.brightdockethub.io,25,Boston,US,2026-06-21T02:10:11Z
2026-06-21,ERP,OnyxOrderBase,363.505.2597,contact@onyxorderbase.com,https://onyxorderbase.com,34,Boston,US,2026-06-21T05:49:06Z
2026-06-21,Medical,ClearClinicApp,(569) 795-7483,sales@clearclinicapp.io,https://clearclinicapp.io,420,Tampa,US,2026-06-21T05:39:07Z
2026-06-21,HR,ZenBenefitLogic,685-751-0065,info@zenbenefitlogic.com,https://www.zenbenefitlogic.com,13,Pune,IN,2026-06-21T05:34:38Z
2026-06-21,ERP,AltaResource Solutions,6513192729,hello@altaresourcesolutions.co,https://www.altaresourcesolutions.co,45,Columbus,US,2026-06-21T01:18:50Z
2026-06-21,MSP Platform,RidgewayNet Core,2984755316,sales@ridgewaynetcore.io,ridgewaynetcore.io,48,Singapore,SG,2026-06-21T04:21:41Z
2026-06-21,Medical,PolarisClinicPlatform’s,5165755045,contact@polarisclinicplatform.com,https://www.polarisclinicplatform.com,61,Sydney,AU,2026-06-21T06:25:04Z
2026-06-21,Legal,Arch LawPoint,1-264-592-1343,info@archlawpoint.co,https://www.archlawpoint.co,20,Amsterdam,NL,2026-06-21T02:55:31Z
2026-06-21,MSP Platform,RidgewayMonitorWorks,1-215-214-5672,info@ridgewaymonitorworks.com,ridgewaymonitorworks.com,27,Manchester,UK,2026-06-21T04:28:57Z
2026-06-21,HR,OrbitShiftLogic,339.780.7637,hello@orbitshiftlogic.com,https://orbitshiftlogic.com,7,Denver,US,2026-06-21T04:48:39Z
2026-06-21,ERP,WillowStockTech,+15109001008,sales@willowstocktech.com,https://www.willowstocktech.com,98,Columbus,US,2026-06-21T02:40:43Z
2026-06-21,ERP,Atlas PlanSuite,3765989068,sales@atlasplansuite.io,atlasplansuite.io,16,Chicago,US,2026-06-21T03:47:44Z
2026-06-21,ERP,MosaicOps Sphere,07896493607,sales@mosaicopssphere.com,https://www.mosaicopssphere.com,144,Hyderabad,IN,2026-06-21T04:46:58Z
2026-06-21,HR,PolarisShiftHub,(332) 290-9954,sales@polarisshifthub.net,https://www.polarisshifthub.net,240,Boston,US,2026-06-21T04:14:29Z
2026-06-21,Medical,LatticeTriageLabs,+1 (829) 943-5743,info@latticetriagelabs.com,https://www.latticetriagelabs.com,448,Austin,US,2026-06-21T03:25:55Z
2026-06-21,ERP,BrightOrderSuite,+18576369958,contact@brightordersuite.com,https://www.brightordersuite.com,91,Tampa,US,2026-06-21T01:57:32Z
2026-06-21,Medical,HarborChartCloud’s,+14337380753 ext. 9,hello@harborchartcloud.com,https://www.harborchartcloud.com,11,Chicago,US,2026-06-21T04:00:09Z
2026-06-21,ERP,Meta PlanSuite,+16429031169,info@metaplansuite.com,https://www.metaplansuite.com,9,Phoenix,US,2026-06-21T03:39:24Z
2026-06-21,HR,NimbusPayrollApp,(916) 921-7685,contact@nimbuspayrollapp.com,https://nimbuspayrollapp.com,172,Denver,US,2026-06-21T05:09:42Z
2026-06-21,ERP,MosaicLedger Core,(811) 969-2639,contact@mosaicledgercore.net,https://www.mosaicledgercore.net,91,Raleigh,US,2026-06-21T01:19:25Z
2026-06-21,ERP,Bold ForgeWorks,1-573-627-5630,info@boldforgeworks.net,boldforgeworks.net,11,London,UK,2026-06-21T01:06:45Z
2026-06-21,HR,IndigoPayrollHub,468-213-0447,hello@indigopayrollhub.net,https://www.indigopayrollhub.net,27,Leeds,UK,2026-06-21T06:14:34Z
2026-06-21,Lgl,IronCounsel Sphere,05199723523,contact@ironcounselsphere.com,https://www.ironcounselsphere.com,126,Leeds,UK,2026-06-21T04:07:37Z
2026-06-21,Lgl,Alta VerdictCore,6132156846,sales@altaverdictcore.com,altaverdictcore.com,13,Columbus,US,2026-06-21T05:41:13Z
2026-06-21,LMS,SilverCourseSystems,204.613.2340,sales@silvercoursesystems.com,silvercoursesystems.com,641,Amsterdam,NL,2026-06-21T06:39:49Z
2026-06-21,legal,QuantumShift Labs,1-981-232-7078,hello@quantumshiftlabs.com,https://www.quantumshiftlabs.com,472,Leeds,UK,2026-06-21T05:01:07Z
2026-06-21,HR,AtlasPerform App,521.829.8685,sales@atlasperformapp.net,https://www.atlasperformapp.net,40,Seattle,US,2026-06-21T01:39:31Z
2026-06-21,HR,CobaltTalentCloud,(860) 872-9502,hello@cobalttalentcloud.com,https://www.cobalttalentcloud.com,409,N/A,US,2026-06-21T02:18:20Z
2026-06-21,ERP,Keystone OrderLabs,8195125201,hello@keystoneorderlabs.co,keystoneorderlabs.co,9,Lahore,PK,2026-06-21T01:02:34Z
2026-06-21,Medical,Zephyr CareDynamics,+15098983089 ext. 30,sales@zephyrcaredynamics.com,https://www.zephyrcaredynamics.com,32,Calgary,CA,2026-06-21T02:23:25Z
2026-06-21,MSP Platform,Beacon NodeDynamics,5195243459,sales@beaconnodedynamics.io,https://beaconnodedynamics.io,437,Manchester,UK,2026-06-21T01:56:39Z
2026-06-21,MSP Platform,Meta StackLogic,+1 (571) 843-4973,contact@metastacklogic.com,https://www.metastacklogic.com,26,Tampa,US,2026-06-21T02:50:36Z
2026-06-21,Legal,LumenLaw Labs,+13626532356,contact@lumenlawlabs.com,lumenlawlabs.com,12,Denver,US,2026-06-21T02:31:39Z
2026-06-21,ERP,Quantum Forge Consultants,+1 (392) 424-7051,info@quantumforgeconsultants.com,https://www.quantumforgeconsultants.com,264,Denver,US,2026-06-21T04:33:33Z
2026-06-21,ERP,CoreOpsCore,+1 (894) 231-2526,contact@coreopscore.com,https://www.coreopscore.com,216,Hyderabad,IN,2026-06-21T06:07:47Z
2026-06-21,HR,Silver RosterApp,293-610-1896,contact@silverrosterapp.com,https://www.silverrosterapp.com,85,Toronto,CA,2026-06-21T05:35:38Z
2026-06-21,Medical,Apex MedSystems,234-630-5600,-,https://www.apexmedsystems.com,38,Munich,DE,2026-06-21T05:21:21Z
2026-06-21,MSP Platform,MetaNode Systems,9198408900 ext. 6,N/A,https://www.metanodesystems.net,91,Raleigh,US,2026-06-21T02:58:29Z
2026-06-21,MSP Platform,GoldenStack Hub,+12942032221,sales@goldenstackhub.com,https://www.goldenstackhub.com,null,Toronto,CA,2026-06-21T02:08:56Z
2026-06-21,Medical,RidgewayPatient Point,3112061413,info@ridgewaypatientpoint.com,https://ridgewaypatientpoint.com,89,Austin,US,2026-06-21T05:26:03Z
2026-06-21,Medical,RavenPulseTech,+17208079283,info@ravenpulsetech.io,ravenpulsetech.io,749,Atlanta,US,2026-06-21T02:03:29Z
2026-06-21,Medical,KeystonePulseCloud,+19806151561 ext. 29,info@keystonepulsecloud.com,https://www.keystonepulsecloud.com,28,Vancouver,CA,2026-06-21T06:52:38Z
2026-06-21,HR,CobaltPerformApp,+1 (921) 914-5959,sales@cobaltperformapp.co,https://cobaltperformapp.co,89,Toronto,CA,2026-06-21T04:22:12Z
2026-06-21,Medical,CedarCare Tech,(478) 215-9955,contact@cedarcaretech.com,https://www.cedarcaretech.com,42,Raleigh,US,2026-06-21T02:35:08Z
2026-06-21,HR,Juniper PeopleSync,+18187532652,info@juniperpeoplesync.co,https://www.juniperpeoplesync.co,77,Tampa,US,2026-06-21T03:37:39Z
2026-06-21,Medical,OrbitChartDynamics,+16458488015,info@orbitchartdynamics.co,https://www.orbitchartdynamics.co,-,Seattle,US,2026-06-21T02:15:28Z
2026-06-21,HR,WillowRosterSolutions,(411) 616-7646,sales@willowrostersolutions.com,https://www.willowrostersolutions.com,66,Calgary,CA,2026-06-21T04:09:10Z
2026-06-21,ERP,UmbraFin Solutions,747-914-3940,hello@umbrafinsolutions.io,https://umbrafinsolutions.io,358,Seattle,US,2026-06-21T05:42:05Z
2026-06-21,MSP Platform,Crest NodeCloud,9148297954,null,crestnodecloud.com,19,Denver,US,2026-06-21T03:21:06Z
2026-06-21,Medical,VistaMed Sphere,+14212896498,hello@vistamedsphere.com,https://www.vistamedsphere.com,46,London,UK,2026-06-21T05:12:24Z
2026-06-21,ERP,Ridgeway Ledger Manpower Services,(791) 600-3900,info@ridgewayledgermanpowerservices.com,https://www.ridgewayledgermanpowerservices.com,15,London,UK,2026-06-21T03:25:20Z
2026-06-21,HR,AnchorPayroll Suite,05444832788,info@anchorpayrollsuite.com,https://www.anchorpayrollsuite.com,6,Seattle,US,2026-06-21T02:00:33Z
2026-06-21,Lgl,TruéCompli Hub,709-200-1034,info@truecomplihub.net,https://www.truecomplihub.net,21,Manchester,UK,2026-06-21T04:29:22Z
2026-06-21,MSP Platform,LatticeNet Solutions,759-991-6448,hello@latticenetsolutions.net,https://www.latticenetsolutions.net,16,Hyderabad,IN,2026-06-21T01:14:51Z
2026-06-21,Legal,QuantumCounselPoint,+1 (813) 239-4318,contact@quantumcounselpoint.com,https://www.quantumcounselpoint.com,5,N/A,US,2026-06-21T02:57:09Z
2026-06-21,MSP Platform,PioneerEndpoint Tech,+12347430246,hello@pioneerendpointtech.com,https://www.pioneerendpointtech.com,5,Austin,US,2026-06-21T02:36:06Z
2026-06-21,ERP,SummitOps Soft,395.769.9696,hello@summitopssoft.com,https://www.summitopssoft.com,2139,Raleigh,US,2026-06-21T03:26:39Z
2026-06-21,Medical,SummitChart Desk,8407361677,hello@summitchartdesk.com,https://www.summitchartdesk.com,765,Boston,US,2026-06-21T05:45:40Z
2026-06-21,Legal,PrimeFilingSphere,(463) 868-7984,info@primefilingsphere.io,https://primefilingsphere.io,163,Atlanta,US,2026-06-21T03:17:12Z
2026-06-21,Legal,AtlasDocketApp,1-930-446-1149,info@atlasdocketapp.com,https://www.atlasdocketapp.com,960,Boston,US,2026-06-21T04:34:05Z
2026-06-21,MSP Platform,TrueUptimeBase,(963) 846-7557,contact@trueuptimebase.io,https://trueuptimebase.io,667,Berlin,DE,2026-06-21T03:59:29Z
2026-06-21,ERP,GraniteFin Solutions,(479) 726-2342,contact@granitefinsolutions.com,https://www.granitefinsolutions.com,34,Chicago,US,2026-06-21T03:12:07Z
2026-06-21,HR,KeystoneCulture Core,327-788-1694,info@keystoneculturecore.com,keystoneculturecore.com,36,Seattle,US,2026-06-21T02:48:01Z
2026-06-21,HR,WillowRoster Solutions,+1 (954) 931-9886,info@willowrostersolutions.com,https://willowrostersolutions.com,39,Toronto,CA,2026-06-21T02:46:40Z
2026-06-21,Medical,PivotCare Works,339.526.0197,hello@pivotcareworks.com,pivotcareworks.com,239,Munich,DE,2026-06-21T02:06:55Z
2026-06-21,MSP Platform,UmbraMonitorApp,661.977.3632,hello@umbramonitorapp.com,https://umbramonitorapp.com,22,Raleigh,US,2026-06-21T04:29:05Z
2026-06-21,MSP Platform,RidgewayGrid Suite,9807184073,hello@ridgewaygridsuite.io,https://www.ridgewaygridsuite.io,91,Sydney,AU,2026-06-21T05:28:48Z
2026-06-21,Legal,Golden CompliSync,08733229329,info@goldencomplisync.com,https://goldencomplisync.com,48,Sydney,AU,2026-06-21T05:26:12Z
2026-06-21,HR,Blue TalentPlatform,2133469491,contact@bluetalentplatform.com,https://www.bluetalentplatform.com,657,Melbourne,AU,2026-06-21T01:06:21Z
2026-06-21,MSP Platform,RidgeNodeFlow,358-628-7614,info@ridgenodeflow.com,https://www.ridgenodeflow.com,755,Amsterdam,NL,2026-06-21T06:05:54Z
2026-06-21,HR,Pioneer RosterHub,(790) 344-1642,contact@pioneerrosterhub.com,https://pioneerrosterhub.com,95,Atlanta,US,2026-06-21T02:37:56Z
2026-06-21,HR,Fusion RosterDesk,(715) 840-0338,sales@fusionrosterdesk.co,https://fusionrosterdesk.co,8,Singapore,SG,2026-06-21T06:23:26Z
2026-06-21,MSP Platform,RidgewayPerform Logic,(548) 771-0627,info@ridgewayperformlogic.net,https://ridgewayperformlogic.net,112,Singapore,SG,2026-06-21T01:46:07Z
2026-06-21,MSP Platform,Keystone EndpointLabs,5782829095,contact@keystoneendpointlabs.net,https://www.keystoneendpointlabs.net,58,Atlanta,US,2026-06-21T06:04:54Z
2026-06-21,HR,Lumen CultureSuite,9242551861,contact@lumenculturesuite.co,https://lumenculturesuite.co,112,Atlanta,US,2026-06-21T06:05:26Z
2026-06-21,HR,VertexTeam Platform,1-531-273-4647,contact@vertexteamplatform.net,https://www.vertexteamplatform.net,34,Calgary,CA,2026-06-21T03:35:54Z
2026-06-21,HR,Indigo ShiftSphere,(434) 401-2036,sales@indigoshiftsphere.net,https://www.indigoshiftsphere.net,283,Berlin,DE,2026-06-21T04:25:10Z
2026-06-21,HR,Delta RosterSuite,+13553077978,contact@deltarostersuite.io,https://www.deltarostersuite.io,410,Tampa,US,2026-06-21T02:14:37Z
2026-06-21,ERP,Iron Forge Recruiting,8466313648,contact@ironforgerecruiting.com,ironforgerecruiting.com,83,Austin,US,2026-06-21T03:54:23Z
2026-06-21,Legal,Bold CompliPlatform,(488) 208-0696,sales@boldcompliplatform.com,https://www.boldcompliplatform.com,8,Phoenix,US,2026-06-21T02:19:04Z
2026-06-21,HR,SilverOnboard’s Soft,311.601.6887,hello@silveronboardsoft.com,https://www.silveronboardsoft.com,3179,Sydney,AU,2026-06-21T05:29:01Z
2026-06-21,ERP,NovaOrderFlow,(277) 430-7195,info@novaorderflow.io,https://novaorderflow.io,69,Toronto,CA,2026-06-21T02:29:47Z
2026-06-21,LMS,ClearQuiz App,+1 (236) 647-1376,info@clearquizapp.com,https://clearquizapp.com,358,Denver,US,2026-06-21T04:19:21Z
2026-06-21,Medical,QuantumMedDynamics,9828128422,sales@quantummeddynamics.co,https://www.quantummeddynamics.co,29,Denver,US,2026-06-21T04:55:16Z
2026-06-21,Medical,Crown PatientLabs,808-413-2436,sales@crownpatientlabs.com,https://www.crownpatientlabs.com,110,Leeds,UK,2026-06-21T03:20:51Z
2026-06-21,ERP,Falcon StockBase,860.963.5135,hello@falconstockbase.com,https://falconstockbase.com,447,Atlanta,US,2026-06-21T01:21:15Z
2026-06-21,Legal,VistaLawSystems,6727915178,contact@vistalawsystems.com,https://www.vistalawsystems.com,221,Phoenix,US,2026-06-21T03:38:09Z
2026-06-21,HR,IronOnboardDesk,333-785-3308,info@irononboarddesk.com,https://irononboarddesk.com,2426,Tampa,US,2026-06-21T06:20:01Z
2026-06-21,ERP,Zephyr FinPoint,1-259-262-9490,hello@zephyrfinpoint.io,https://www.zephyrfinpoint.io,37,Chicago,US,2026-06-21T05:48:57Z
2026-06-21,Medical,Granite MedPlatform,+1 (500) 253-2003,sales@granitemedplatform.com,https://granitemedplatform.com,115,Melbourne,AU,2026-06-21T01:30:09Z
2026-06-21,Medical,NovaHealth Desk,640-735-6991,sales@novahealthdesk.com,https://www.novahealthdesk.com,49,Denver,US,2026-06-21T02:48:32Z
2026-06-21,Medical,IndigoTriageDynamics,691.574.1065,info@indigotriagedynamics.io,https://www.indigotriagedynamics.io,42,Phoenix,US,2026-06-21T04:48:45Z
2026-06-21,MSP Platform,Halo PatchApp,534.993.2524,hello@halopatchapp.com,https://halopatchapp.com,37,Atlanta,US,2026-06-21T04:27:17Z
2026-06-21,Medical,Cedar PulsePoint,05374199034,info@cedarpulsepoint.com,https://www.cedarpulsepoint.com,13,Chicago,US,2026-06-21T02:13:31Z
2026-06-21,Medical,Polaris MedWorks,9234033555,contact@polarismedworks.com,polarismedworks.com,18,London,UK,2026-06-21T02:53:23Z
2026-06-21,Lgl,FalconVerdict Core,+15545162130,sales@falconverdictcore.io,https://www.falconverdictcore.io,89,Chicago,US,2026-06-21T04:36:59Z
2026-06-21,HR,LumenRoster Suite,833-707-3244,info@lumenrostersuite.net,https://www.lumenrostersuite.net,131,Phoenix,US,2026-06-21T02:19:53Z
2026-06-21,HR,AnchorBenefit Labs,759.638.6654,info@anchorbenefitlabs.com,anchorbenefitlabs.com,227,Austin,US,2026-06-21T04:59:18Z
2026-06-21,ERP,RapidForgeSuite,(708) 653-8103,contact@rapidforgesuite.io,https://www.rapidforgesuite.io,1431,-,US,2026-06-21T06:13:41Z
2026-06-21,ERP,Mosaic StockSoft,(278) 937-3912,contact@mosaicstocksoft.com,https://www.mosaicstocksoft.com,153,Tampa,US,2026-06-21T06:13:39Z
2026-06-21,Medical,SummitChart Sphere,626-632-7266 ext. 38,sales@summitchartsphere.com,https://www.summitchartsphere.com,12,Manchester,UK,2026-06-21T01:04:41Z
2026-06-21,MSP Platform,WillowStackCloud,1-326-924-0112,sales@willowstackcloud.io,willowstackcloud.io,47,Austin,US,2026-06-21T06:39:00Z
2026-06-21,Medical,Beacon CareCloud,1-385-930-4135,sales@beaconcarecloud.io,https://beaconcarecloud.io,321,Austin,US,2026-06-21T06:16:26Z
2026-06-21,MSP Platform,ZenRemoteDynamics,+19223178567,sales@zenremotedynamics.io,https://www.zenremotedynamics.io,5,Denver,US,2026-06-21T04:49:25Z
2026-06-21,legal,RidgewayBriefSphere,+17538804083,info@ridgewaybriefsphere.com,https://www.ridgewaybriefsphere.com,81,London,UK,2026-06-21T01:30:41Z
2026-06-21,HR,Blue PerformSphere,1-300-752-7406,sales@blueperformsphere.com,https://www.blueperformsphere.com,2971,Phoenix,US,2026-06-21T01:36:26Z
2026-06-21,HR,Pivot ShiftSuite,545-683-5510,info@pivotshiftsuite.com,https://www.pivotshiftsuite.com,439,Amsterdam,NL,2026-06-21T02:32:20Z
2026-06-21,ERP,IndigoFin Suite,(505) 474-4754,-,https://www.indigofinsuite.com,518,Austin,US,2026-06-21T05:25:08Z
2026-06-21,MSP Platform,HaloMonitorFlow’s,242-979-2929,contact@halomonitorflow.co,https://halomonitorflow.co,481,Raleigh,US,2026-06-21T04:17:37Z
2026-06-21,Legal,RavenCase Core,02195862979,contact@ravencasecore.io,https://ravencasecore.io,67,Leeds,UK,2026-06-21T05:08:54Z
2026-06-21,LMS,FalconTutorLabs,+13485618234,contact@falcontutorlabs.com,falcontutorlabs.com,23,Pune,IN,2026-06-21T03:13:15Z
2026-06-21,ERP,Arch ForgeFlow,+1 (485) 887-1744,contact@archforgeflow.com,https://www.archforgeflow.com,11,Calgary,CA,2026-06-21T05:47:52Z
2026-06-21,ERP,Zephyr StockCloud,+17416669139,contact@zephyrstockcloud.com,https://www.zephyrstockcloud.com,600,Boston,US,2026-06-21T02:31:07Z
2026-06-21,LMS,QuartzLessonHub,+19697008624,contact@quartzlessonhub.com,quartzlessonhub.com,86,Seattle,US,2026-06-21T04:56:57Z
2026-06-21,Medical,BoldVital’s Hub,+14562040765,info@boldvitalhub.com,https://boldvitalhub.com,368,Raleigh,US,2026-06-21T02:21:00Z
2026-06-21,Medical,NovaTriage Flow,+17393212306,info@novatriageflow.com,https://www.novatriageflow.com,428,Denver,US,2026-06-21T01:30:46Z
2026-06-21,Medical,SilverHealthSoft,1-630-307-5087,hello@silverhealthsoft.com,https://www.silverhealthsoft.com,37,Boston,US,2026-06-21T01:31:38Z
2026-06-21,HR,Halo CulturePoint,+18744537993,hello@haloculturepoint.com,https://www.haloculturepoint.com,29,Phoenix,US,2026-06-21T06:06:53Z
2026-06-21,Lgl,GraniteLawSoft,(392) 694-4278,sales@granitelawsoft.io,https://www.granitelawsoft.io,28,Chicago,US,2026-06-21T02:27:27Z
2026-06-21,Medical,ZenClinicSoft,550-778-1837,contact@zenclinicsoft.com,https://www.zenclinicsoft.com,295,Bengaluru,IN,2026-06-21T04:36:04Z
2026-06-21,ERP,Crest ResourceDynamics,+1 (965) 330-3131,info@crestresourcedynamics.com,https://www.crestresourcedynamics.com,6,Atlanta,US,2026-06-21T06:29:55Z
2026-06-21,Legal,CrownLaw Core,09208278601,contact@crownlawcore.com,https://www.crownlawcore.com,55,Boston,US,2026-06-21T04:28:56Z
2026-06-21,MSP Platform,ArchMonitor Suite,232-484-5016,info@archmonitorsuite.net,archmonitorsuite.net,143,Tampa,US,2026-06-21T03:30:49Z
2026-06-21,LEGAL ,BeaconFilingLabs,736-970-6016,sales@beaconfilinglabs.co,https://beaconfilinglabs.co,8,Raleigh,US,2026-06-21T06:19:00Z
2026-06-21,MSP Platform,XenonNet Hub,882-799-6750,info@xenonnethub.net,xenonnethub.net,61,Tampa,US,2026-06-21T04:20:46Z
2026-06-21,Medical,RidgeClinicLabs,+1 (692) 452-3801,sales@ridgecliniclabs.com,ridgecliniclabs.com,5,Manchester,UK,2026-06-21T05:38:18Z
2026-06-21,LMS,SolidLearnPlatform,676-506-2724 ext. 6,contact@solidlearnplatform.io,https://www.solidlearnplatform.io,N/A,Tampa,US,2026-06-21T01:21:11Z
2026-06-21,ERP,Sable ForgeHub,444-552-1772,contact@sableforgehub.com,sableforgehub.com,53,Vancouver,CA,2026-06-21T05:36:28Z
2026-06-21,HR,BlueRoster Solutions,(481) 265-5771,hello@bluerostersolutions.com,https://www.bluerostersolutions.com,105,Seattle,US,2026-06-21T03:09:22Z
2026-06-21,ERP,Lumen StockDesk,+16319501895,info@lumenstockdesk.net,https://www.lumenstockdesk.net,11,Seattle,US,2026-06-21T04:22:47Z
2026-06-21,HR,Bold PerformWorks,+17477322315,contact@boldperformworks.com,https://www.boldperformworks.com,133,Leeds,UK,2026-06-21T06:26:36Z
2026-06-21,LMS,RavenQuiz Flow,+19208750300,info@ravenquizflow.com,https://www.ravenquizflow.com,38,Chicago,US,2026-06-21T03:00:59Z
2026-06-21,HR,ClearBenefit Point,779.843.6632,hello@clearbenefitpoint.io,https://clearbenefitpoint.io,17,Leeds,UK,2026-06-21T06:10:38Z
2026-06-21,HR,CoreOnboard Sphere,(398) 844-5490,hello@coreonboardsphere.com,https://www.coreonboardsphere.com,772,Raleigh,US,2026-06-21T05:30:50Z
2026-06-21,HR,ArchTalentSphere,487-588-2510,,https://www.archtalentsphere.io,157,Hyderabad,IN,2026-06-21T04:21:36Z
2026-06-21,Medical,WillowClinicSphere,(408) 296-7106,contact@willowclinicsphere.io,https://willowclinicsphere.io,198,Manchester,UK,2026-06-21T02:54:53Z
2026-06-21,ERP,True LedgerTech,+1 (614) 904-1533,null,https://www.trueledgertech.co,834,Chicago,US,2026-06-21T02:47:53Z
2026-06-21,Medical,PrimeChartSoft’s,249.504.7353,contact@primechartsoft.com,https://www.primechartsoft.com,19,Pune,IN,2026-06-21T04:04:55Z
2026-06-21,Medical,Zephyr PatientFlow,5623054634,contact@zephyrpatientflow.com,https://zephyrpatientflow.com,N/A,Chicago,US,2026-06-21T03:50:14Z
2026-06-21,LMS,VertexTutor Flow,(674) 874-7183,hello@vertextutorflow.net,https://www.vertextutorflow.net,26,Phoenix,US,2026-06-21T01:44:39Z
2026-06-21,ERP,Sable BatchPoint,735.972.4411,hello@sablebatchpoint.com,https://www.sablebatchpoint.com,10,Leeds,UK,2026-06-21T03:09:32Z
2026-06-21,Medical,OrbitMedDesk,221-683-7037,contact@orbitmeddesk.com,https://orbitmeddesk.com,35,Chicago,US,2026-06-21T05:22:38Z
2026-06-21,LMS,ZenTrainDesk,1-326-406-2889,contact@zentraindesk.net,https://zentraindesk.net,62,Seattle,US,2026-06-21T01:17:49Z
2026-06-21,HR,Core PeopleSystems,+15507865561,hello@corepeoplesystems.com,https://www.corepeoplesystems.com,801,Austin,US,2026-06-21T05:30:00Z
2026-06-21,ERP,Iron PlanSphere,(688) 780-7922 ext. 15,sales@ironplansphere.com,ironplansphere.com,13,Raleigh,US,2026-06-21T04:06:27Z
2026-06-21,HR,Nimbus PayrollCore,829-210-9503 ext. 51,sales@nimbuspayrollcore.com,nimbuspayrollcore.com,1290,Raleigh,US,2026-06-21T03:57:45Z
2026-06-21,MSP Platform,Clear GridBase,639-415-9045,hello@cleargridbase.com,https://www.cleargridbase.com,11,Austin,US,2026-06-21T03:22:20Z
2026-06-21,ERP,CedarLedger Works,+1 (706) 302-4979,hello@cedarledgerworks.co,https://cedarledgerworks.co,380,Melbourne,AU,2026-06-21T01:47:56Z
2026-06-21,HR,Quantum PeopleSphere,4497283964,hello@quantumpeoplesphere.io,https://quantumpeoplesphere.io,9,Phoenix,US,2026-06-21T02:59:42Z
2026-06-21,ERP,FalconStock Desk,+16542949443,contact@falconstockdesk.net,falconstockdesk.net,173,Amsterdam,NL,2026-06-21T05:17:24Z
2026-06-21,MSP Platform,Alta Node BPO Services,+16478293011,info@altanodebposervices.co,https://www.altanodebposervices.co,209,Phoenix,US,2026-06-21T03:59:10Z
2026-06-21,Medical,CrestPulse Platform,479.590.0571,hello@crestpulseplatform.com,https://crestpulseplatform.com,58,London,UK,2026-06-21T01:13:41Z
2026-06-21,ERP,Crest PlanSync,6374085228,sales@crestplansync.com,https://crestplansync.com,927,Seattle,US,2026-06-21T06:36:05Z
2026-06-21,ERP,PrimeOps Labs,(582) 775-6978,info@primeopslabs.io,https://www.primeopslabs.io,250,Hyderabad,IN,2026-06-21T01:16:04Z
2026-06-21,Medical,RidgeRx Systems,1-210-962-3448,contact@ridgerxsystems.net,ridgerxsystems.net,50,Raleigh,US,2026-06-21T06:14:17Z
2026-06-21,ERP,WillowChainLogic,1-572-735-5557,sales@willowchainlogic.com,https://www.willowchainlogic.com,48,London,UK,2026-06-21T04:05:30Z
2026-06-21,legal,ArchCompli Suite,+14172997028,sales@archcomplisuite.co,https://www.archcomplisuite.co,19,Denver,US,2026-06-21T05:35:16Z
2026-06-21,ERP,GoldenChainHub,509.556.4928,info@goldenchainhub.io,https://www.goldenchainhub.io,-,Amsterdam,NL,2026-06-21T02:23:15Z
2026-06-21,Medical,RidgeMedWorks,(645) 783-4160,hello@ridgemedworks.com,https://www.ridgemedworks.com,799,Manchester,UK,2026-06-21T04:01:48Z
2026-06-21,ERP,GraniteBatch Desk,2102201163,info@granitebatchdesk.io,https://www.granitebatchdesk.io,75,Raleigh,US,2026-06-21T01:07:00Z
2026-06-21,legal,OrbitMatter Flow,671-898-4541,info@orbitmatterflow.com,https://www.orbitmatterflow.com,218,Dublin,IE,2026-06-21T02:55:30Z
2026-06-21,HR,NorthOnboard Core,+18236285408,sales@northonboardcore.com,https://www.northonboardcore.com,,Boston,US,2026-06-21T06:34:22Z
2026-06-21,MSP Platform,ClearTicketPlatform,612.478.4025,info@clearticketplatform.com,https://www.clearticketplatform.com,66,Columbus,US,2026-06-21T03:04:27Z
2026-06-21,HR,BlueShift Cloud,+1 (756) 583-9818,info@blueshiftcloud.com,https://blueshiftcloud.com,16,Dublin,IE,2026-06-21T03:49:33Z
2026-06-21,ERP,Summit OpsSphere,642-664-9535,info@summitopssphere.io,https://summitopssphere.io,408,Pune,IN,2026-06-21T04:34:47Z
2026-06-21,ERP,OnyxOrder Point,(476) 949-9484,hello@onyxorderpoint.co,onyxorderpoint.co,44,Seattle,US,2026-06-21T06:30:59Z
2026-06-21,HR,Nimbus PeopleDynamics,(758) 444-5672,sales@nimbuspeopledynamics.com,nimbuspeopledynamics.com,372,Atlanta,US,2026-06-21T01:41:28Z
2026-06-21,ERP,Cobalt PlanLogic,+17158547081,hello@cobaltplanlogic.com,https://www.cobaltplanlogic.com,18,Atlanta,US,2026-06-21T01:25:31Z
2026-06-21,MSP Platform,ZephyrMonitor Soft,326-993-1213,sales@zephyrmonitorsoft.io,zephyrmonitorsoft.io,57,Islamabad,PK,2026-06-21T06:30:14Z
2026-06-21,ERP,RapidStockSuite,(461) 684-7587,contact@rapidstocksuite.com,https://www.rapidstocksuite.com,804,Boston,US,2026-06-21T04:19:22Z
2026-06-21,LMS,Core LessonPoint,2108049465,-,https://www.corelessonpoint.com,,Raleigh,US,2026-06-21T03:05:37Z
2026-06-21,ERP,Clear StockDesk,(699) 519-6783,sales@clearstockdesk.com,https://clearstockdesk.com,33,Austin,US,2026-06-21T03:15:52Z
2026-06-21,Medical,VistaCaréTech,561-543-9725 ext. 82,sales@vistacaretech.com,https://www.vistacaretech.com,144,Tampa,US,2026-06-21T06:00:24Z
2026-06-21,LMS,OnyxMentorBase,341-570-6789,info@onyxmentorbase.io,https://www.onyxmentorbase.io,25,Atlanta,US,2026-06-21T04:38:11Z
2026-06-21,ERP,FusionOpsFlow,(906) 875-3133,contact@fusionopsflow.net,https://www.fusionopsflow.net,84,Amsterdam,NL,2026-06-21T01:29:52Z
2026-06-21,MSP Platform,True ClinicTech,1-774-491-7643,sales@trueclinictech.co,https://trueclinictech.co,151,Dublin,IE,2026-06-21T05:25:35Z
2026-06-21,HR,LatticeTalentApp,1-694-645-1386,info@latticetalentapp.com,latticetalentapp.com,144,Munich,DE,2026-06-21T04:51:32Z
2026-06-21,LMS,Beacon CourseSync,1-860-649-7818,sales@beaconcoursesync.io,https://www.beaconcoursesync.io,850,Atlanta,US,2026-06-21T06:22:31Z
2026-06-21,Lgl,Halo VerdictWorks,471-844-2440,sales@haloverdictworks.com,https://www.haloverdictworks.com,594,Tampa,US,2026-06-21T03:19:41Z
2026-06-21,Medical,Pivot CareDynamics,+18088517649,hello@pivotcaredynamics.io,https://www.pivotcaredynamics.io,168,Columbus,US,2026-06-21T04:20:29Z
2026-06-21,ERP,BrightOpsTech,8367437772 ext. 95,hello@brightopstech.io,https://www.brightopstech.io,18,Denver,US,2026-06-21T02:23:36Z
2026-06-21,LMS,Mosaic CohortPlatform,9533119961,sales@mosaiccohortplatform.com,https://mosaiccohortplatform.com,184,Seattle,US,2026-06-21T05:42:54Z
2026-06-21,Medical,RidgeRxSphere,4758054441,hello@ridgerxsphere.io,https://www.ridgerxsphere.io,826,Munich,DE,2026-06-21T02:23:58Z
2026-06-21,LMS,Meta QuizSphere,521-628-6247,contact@metaquizsphere.co,https://www.metaquizsphere.co,25,Munich,DE,2026-06-21T03:16:15Z
2026-06-21,legal,Quartz CompliSystems,03168932809,N/A,https://www.quartzcomplisystems.com,34,London,UK,2026-06-21T01:42:45Z
2026-06-21,HR,SolidPeople Platform,1-528-406-3756,hello@solidpeopleplatform.net,https://www.solidpeopleplatform.net,11,Vancouver,CA,2026-06-21T03:06:36Z
2026-06-21,ERP,Golden PlanApp,570-465-6985,contact@goldenplanapp.io,https://www.goldenplanapp.io,477,Manchester,UK,2026-06-21T02:26:37Z
2026-06-21,HR,SablePeople Soft,(426) 773-6711,hello@sablepeoplesoft.net,https://sablepeoplesoft.net,19,Boston,US,2026-06-21T03:35:11Z
2026-06-21,HR,Pioneer TeamPoint,3697063374,contact@pioneerteampoint.net,https://www.pioneerteampoint.net,-,Denver,US,2026-06-21T06:47:22Z
2026-06-21,ERP,Summit ResourceTech,1-491-874-0111,,https://www.summitresourcetech.net,1732,London,UK,2026-06-21T03:05:57Z
2026-06-21,MSP Platform,OmniStackCloud,683.736.8618,info@omnistackcloud.co,https://omnistackcloud.co,628,Sydney,AU,2026-06-21T05:40:29Z
2026-06-21,ERP,ApexFin Dynamics,(208) 597-7852,sales@apexfindynamics.com,https://apexfindynamics.com,838,Raleigh,US,2026-06-21T01:33:00Z
2026-06-21,MSP Platform,ZenGridCloud,+17339350383,contact@zengridcloud.com,https://www.zengridcloud.com,380,Austin,US,2026-06-21T02:29:34Z
2026-06-21,LMS,FusionLearnSphere,4797252498,sales@fusionlearnsphere.com,https://www.fusionlearnsphere.com,5,Dublin,IE,2026-06-21T02:08:10Z
2026-06-21,HR,AltaPeople Dynamics,976-756-8738,info@altapeopledynamics.com,https://www.altapeopledynamics.com,9,Raleigh,US,2026-06-21T06:47:38Z
2026-06-21,HR,Onyx StackBase,+1 (295) 959-3287,info@onyxstackbase.net,https://onyxstackbase.net,21,Columbus,US,2026-06-21T03:31:05Z
2026-06-21,Medical,OnyxClinic Soft,+1 (593) 636-8053,hello@onyxclinicsoft.net,https://onyxclinicsoft.net,19,Toronto,CA,2026-06-21T02:44:13Z
2026-06-21,LMS,RavenTrain Point,(395) 239-5341,sales@raventrainpoint.io,https://www.raventrainpoint.io,659,Chicago,US,2026-06-21T03:22:26Z
2026-06-21,Medical,JuniperTriageLabs,(308) 713-3237,contact@junipertriagelabs.com,https://www.junipertriagelabs.com,19,Tampa,US,2026-06-21T04:50:40Z
2026-06-21,HR,HarborCulturePlatform,+17617270084,contact@harborcultureplatform.io,https://www.harborcultureplatform.io,932,Dublin,IE,2026-06-21T05:37:30Z
2026-06-21,Medical,Summit MedSuite,+1 (706) 627-4610,sales@summitmedsuite.io,https://www.summitmedsuite.io,200,Tampa,US,2026-06-21T02:27:09Z
2026-06-21,Medical,OnyxPatientApp,(601) 292-8114 ext. 69,info@onyxpatientapp.com,https://www.onyxpatientapp.com,17,Munich,DE,2026-06-21T06:44:53Z
2026-06-21,Legal,Halo FilingSync,+13173119982,sales@halofilingsync.com,https://halofilingsync.com,22,London,UK,2026-06-21T05:37:56Z
2026-06-21,MSP Platform,HaloEndpointCloud,1-669-382-5452,contact@haloendpointcloud.io,https://www.haloendpointcloud.io,57,Atlanta,US,2026-06-21T01:37:30Z
2026-06-21,ERP,Nimbus FinApp,2753869168,hello@nimbusfinapp.net,https://www.nimbusfinapp.net,54,Atlanta,US,2026-06-21T04:34:09Z
2026-06-21,MSP Platform,CrestGrid Flow,471.319.5598,hello@crestgridflow.com,crestgridflow.com,90,Seattle,US,2026-06-21T06:42:50Z
2026-06-21,ERP,TrueChainWorks,+17873290529,sales@truechainworks.com,https://www.truechainworks.com,95,Phoenix,US,2026-06-21T05:41:25Z
2026-06-21,ERP,QuartzResource’s Suite,+19407901295,hello@quartzresourcesuite.io,quartzresourcesuite.io,21,Raleigh,US,2026-06-21T02:32:48Z
2026-06-21,MSP Platform,True NetSoft,378-374-3106,sales@truenetsoft.io,https://www.truenetsoft.io,243,Tampa,US,2026-06-21T02:36:40Z
2026-06-21,legal,HarborLawPlatform,234-444-2807,hello@harborlawplatform.com,https://www.harborlawplatform.com,18,Columbus,US,2026-06-21T03:37:43Z
2026-06-21,ERP,CrownOrder Core,294.837.3200,sales@crownordercore.io,https://www.crownordercore.io,94,Denver,US,2026-06-21T05:38:07Z
2026-06-21,MSP Platform,OnyxMonitor Systems,+13992459468,sales@onyxmonitorsystems.io,https://onyxmonitorsystems.io,5,Atlanta,US,2026-06-21T01:54:30Z
2026-06-21,ERP,Silver LedgerPlatform,239-342-0805,contact@silverledgerplatform.io,https://www.silverledgerplatform.io,10,Melbourne,AU,2026-06-21T05:24:52Z
2026-06-21,MSP Platform,BeaconRemoteSolutions,(653) 298-3563,info@beaconremotesolutions.io,https://beaconremotesolutions.io,52,,US,2026-06-21T06:50:39Z
2026-06-21,HR,EmberBenefitWorks,(891) 584-8027,contact@emberbenefitworks.io,https://emberbenefitworks.io,24,Chicago,US,2026-06-21T05:09:37Z
2026-06-21,MSP Platform,Omni UptimeTech,6083469552,hello@omniuptimetech.com,https://omniuptimetech.com,67,Chicago,US,2026-06-21T03:11:00Z
2026-06-21,legal,LatticeMatterPlatform’s,(518) 275-5574,sales@latticematterplatform.com,https://www.latticematterplatform.com,31,Lahore,PK,2026-06-21T04:38:58Z
2026-06-21,Medical,ZenClinicSync,479-240-9892,hello@zenclinicsync.com,https://www.zenclinicsync.com,565,Karachi,PK,2026-06-21T03:13:41Z
2026-06-21,HR,AltaBenefit Solutions,398-710-8943,sales@altabenefitsolutions.com,https://www.altabenefitsolutions.com,48,Seattle,US,2026-06-21T04:16:27Z
2026-06-21,Medical,Harbor CarePlatform,1-608-485-2639,info@harborcareplatform.com,harborcareplatform.com,2569,Manchester,UK,2026-06-21T05:19:12Z
2026-06-21,Medical,Nimbus Health Outsourcing,650-478-7348,null,https://nimbushealthoutsourcing.co,69,Seattle,US,2026-06-21T01:14:42Z
2026-06-21,Legal,SableClauseDesk,+19163837064,hello@sableclausedesk.com,https://www.sableclausedesk.com,128,Calgary,CA,2026-06-21T05:28:10Z
2026-06-21,Medical,Iron RxHub,7596700588,info@ironrxhub.com,https://www.ironrxhub.com,205,Denver,US,2026-06-21T03:55:25Z
2026-06-21,MSP Platform,NorthRemoteTech,1-463-436-9323,contact@northremotetech.io,https://www.northremotetech.io,3905,Phoenix,US,2026-06-21T03:20:05Z
2026-06-21,HR,Quartz BenefitLogic,+16478570249,null,https://www.quartzbenefitlogic.net,5,Phoenix,US,2026-06-21T02:38:08Z
2026-06-21,legal,Orbit LawApp,(922) 564-5760,hello@orbitlawapp.com,https://www.orbitlawapp.com,60,Seattle,US,2026-06-21T06:27:32Z
2026-06-21,MSP Platform,RapidStack Hub,6096169157,hello@rapidstackhub.com,https://www.rapidstackhub.com,79,Atlanta,US,2026-06-21T04:40:57Z
2026-06-21,Medical,UmbraVital Dynamics,+15312133608,info@umbravitaldynamics.com,https://www.umbravitaldynamics.com,83,Singapore,SG,2026-06-21T02:35:31Z
2026-06-21,Medical,BluePatient Soft,504-494-8020,sales@bluepatientsoft.com,https://bluepatientsoft.com,-,Tampa,US,2026-06-21T03:19:17Z
2026-06-21,HR,QuartzCulture Flow,(844) 544-7204,info@quartzcultureflow.io,quartzcultureflow.io,387,Seattle,US,2026-06-21T02:14:22Z
2026-06-21,ERP,Sable BatchApp,2632921893,hello@sablebatchapp.com,https://www.sablebatchapp.com,698,Denver,US,2026-06-21T03:10:43Z
2026-06-21,Medical,DeltaCareSuite,+1 (529) 566-8287,info@deltacaresuite.io,https://deltacaresuite.io,45,Munich,DE,2026-06-21T03:24:23Z
2026-06-21,HR,Vertex ShiftSphere,233-601-6135,contact@vertexshiftsphere.com,vertexshiftsphere.com,406,Seattle,US,2026-06-21T05:39:03Z
2026-06-21,ERP,OmniFin Logic,+17319614558,contact@omnifinlogic.io,https://www.omnifinlogic.io,50,Manchester,UK,2026-06-21T03:09:17Z
2026-06-21,ERP,CrestStockHub,909-242-8763,-,https://creststockhub.com,84,Atlanta,US,2026-06-21T04:28:36Z
2026-06-21,Lgl,BrightChart Sync,07988428826,info@brightchartsync.co,https://www.brightchartsync.co,,null,US,2026-06-21T06:16:07Z
2026-06-21,MSP Platform,PolarisUptime Sphere,254-620-1023,hello@polarisuptimesphere.co,https://polarisuptimesphere.co,79,London,UK,2026-06-21T06:31:07Z
2026-06-21,Medical,Nova PatientSoft,4065262986,sales@novapatientsoft.com,https://novapatientsoft.com,465,Manchester,UK,2026-06-21T02:50:52Z
2026-06-21,MSP Platform,PivotGridSoft,1-721-837-4870,sales@pivotgridsoft.io,https://www.pivotgridsoft.io,456,Tampa,US,2026-06-21T01:36:11Z
2026-06-21,LMS,QuartzQuiz Sphere,+18552762365,sales@quartzquizsphere.com,https://www.quartzquizsphere.com,16,Raleigh,US,2026-06-21T03:41:29Z
2026-06-21,Medical,Bright TriageWorks,(943) 266-0727,contact@brighttriageworks.com,https://www.brighttriageworks.com,178,Phoenix,US,2026-06-21T01:00:55Z
2026-06-21,ERP,Harbor PlanApp,(423) 755-3835,sales@harborplanapp.io,harborplanapp.io,192,Denver,US,2026-06-21T04:02:55Z
2026-06-21,HR,SolidTalentFlow,+14366463542,info@solidtalentflow.com,https://www.solidtalentflow.com,196,Phoenix,US,2026-06-21T06:19:01Z
2026-06-21,ERP,Silver BatchBase,+18405931691,contact@silverbatchbase.com,silverbatchbase.com,12,Boston,US,2026-06-21T03:26:58Z
2026-06-21,MSP Platform,Delta TicketSphere,319-240-9036,sales@deltaticketsphere.com,https://www.deltaticketsphere.com,23,Tampa,US,2026-06-21T06:11:34Z
2026-06-21,Medical,ClearTriage Cloud,1-894-373-4185,sales@cleartriagecloud.com,https://cleartriagecloud.com,21,Leeds,UK,2026-06-21T03:15:15Z
2026-06-21,MSP Platform,Iron StackCore,+15643465405,contact@ironstackcore.com,https://ironstackcore.com,500,Seattle,US,2026-06-21T05:23:32Z
2026-06-21,MSP Platform,QuartzStack Core,1-785-418-9223,hello@quartzstackcore.net,https://quartzstackcore.net,239,Sydney,AU,2026-06-21T02:39:51Z
2026-06-21,ERP,GraniteOrder Works,(265) 550-1447,info@graniteorderworks.io,https://www.graniteorderworks.io,7,Karachi,PK,2026-06-21T05:47:08Z
2026-06-21,MSP Platform,Fusion Remote Manpower Services,495-947-3622,contact@fusionremotemanpowerservices.io,https://www.fusionremotemanpowerservices.io,17,Singapore,SG,2026-06-21T06:48:03Z
2026-06-21,MSP Platform,Blue PatchWorks,1-427-797-6133,info@bluepatchworks.com,https://bluepatchworks.com,227,Amsterdam,NL,2026-06-21T06:41:44Z
2026-06-21,Medical,Prime ClinicCloud,(370) 946-9734,contact@primecliniccloud.io,https://www.primecliniccloud.io,405,Phoenix,US,2026-06-21T04:52:38Z
2026-06-21,Medical,CrownPatient Base,541.230.9471,contact@crownpatientbase.co,https://www.crownpatientbase.co,24,Munich,DE,2026-06-21T05:19:08Z
2026-06-21,HR,Arch Payroll Staffing,339-856-6617,contact@archpayrollstaffing.io,archpayrollstaffing.io,220,Columbus,US,2026-06-21T03:12:19Z
2026-06-21,Medical,SolidRxBase,1-243-627-3494,hello@solidrxbase.io,solidrxbase.io,969,Tampa,US,2026-06-21T05:39:15Z
2026-06-21,LEGAL ,PolarisVerdictCloud,+1 (375) 246-1688,sales@polarisverdictcloud.com,https://polarisverdictcloud.com,1663,Seattle,US,2026-06-21T06:36:57Z
2026-06-21,MSP Platform,Solid EndpointSync,1-801-277-2408,contact@solidendpointsync.co,https://www.solidendpointsync.co,958,Berlin,DE,2026-06-21T06:41:39Z
2026-06-21,HR,Apex Benefit Outsourcing,1-260-523-3265,N/A,https://apexbenefitoutsourcing.com,30,Denver,US,2026-06-21T03:28:33Z
2026-06-21,ERP,CoreResource Dynamics,276-902-6282,info@coreresourcedynamics.co,https://www.coreresourcedynamics.co,6,Chicago,US,2026-06-21T04:38:38Z
2026-06-21,Legal,CobaltDocket Cloud,+16824524327,info@cobaltdocketcloud.io,https://www.cobaltdocketcloud.io,144,Manchester,UK,2026-06-21T01:46:21Z
2026-06-21,ERP,Clear FinCore,730.464.3684 ext. 10,hello@clearfincore.co,https://clearfincore.co,28,Austin,US,2026-06-21T03:35:04Z
2026-06-21,MSP Platform,Crown TicketBase,+1 (653) 666-3334,contact@crownticketbase.co,https://www.crownticketbase.co,95,Singapore,SG,2026-06-21T04:17:28Z
2026-06-21,Medical,NovaTriage Labs,664-998-6413,hello@novatriagelabs.com,https://www.novatriagelabs.com,36,Raleigh,US,2026-06-21T05:37:28Z
2026-06-21,ERP,MosaicResource Cloud,(242) 266-1354,contact@mosaicresourcecloud.com,mosaicresourcecloud.com,254,Columbus,US,2026-06-21T04:06:45Z
2026-06-21,ERP,Velo StockDesk,(716) 234-0382,hello@velostockdesk.com,https://www.velostockdesk.com,115,Chicago,US,2026-06-21T04:29:41Z
2026-06-21,Medical,Blue PulseSync,772-999-0616,info@bluepulsesync.io,bluepulsesync.io,40,Phoenix,US,2026-06-21T03:38:06Z
2026-06-21,HR,Willow PerformDynamics,+1 (575) 736-9623,hello@willowperformdynamics.com,https://willowperformdynamics.com,165,Austin,US,2026-06-21T04:02:13Z
2026-06-21,Medical,Quartz PulseSoft,(948) 519-9256 ext. 38,hello@quartzpulsesoft.com,https://quartzpulsesoft.com,1575,Tampa,US,2026-06-21T06:01:28Z
2026-06-21,ERP,SilverOrderTech,1-245-218-1712,hello@silverordertech.com,silverordertech.com,402,Raleigh,US,2026-06-21T02:54:02Z
2026-06-21,HR,Fusion RosterSoft,+12875122711,hello@fusionrostersoft.com,https://www.fusionrostersoft.com,44,Vancouver,CA,2026-06-21T03:30:08Z
2026-06-21,ERP,NorthOpsFlow,(917) 448-8021 ext. 44,sales@northopsflow.co,https://www.northopsflow.co,6,Austin,US,2026-06-21T03:40:29Z
2026-06-21,HR,BoldShiftSphere,3513008997 ext. 21,info@boldshiftsphere.net,https://www.boldshiftsphere.net,26,Dublin,IE,2026-06-21T01:19:33Z
2026-06-21,ERP,BoldPlan Point,9169652810 ext. 48,sales@boldplanpoint.io,https://www.boldplanpoint.io,517,Boston,US,2026-06-21T06:00:07Z
2026-06-21,MSP Platform,IndigoTicket Labs,(645) 605-5145,hello@indigoticketlabs.com,https://www.indigoticketlabs.com,13,Phoenix,US,2026-06-21T03:18:42Z
2026-06-21,MSP Platform,BeaconRemote Suite,+17685146634,sales@beaconremotesuite.com,beaconremotesuite.com,null,Dublin,IE,2026-06-21T06:15:01Z
2026-06-21,HR,Fusion PeopleSoft,788.707.6791,hello@fusionpeoplesoft.io,https://fusionpeoplesoft.io,60,Chicago,US,2026-06-21T05:31:17Z
2026-06-21,HR,PrimePayroll Platform,05915587667,sales@primepayrollplatform.com,https://www.primepayrollplatform.com,795,Boston,US,2026-06-21T05:52:14Z
2026-06-21,LMS,HaloTutor Soft,+1 (315) 777-6864,contact@halotutorsoft.io,https://halotutorsoft.io,19,Boston,US,2026-06-21T05:03:55Z
2026-06-21,ERP,Blue LedgerTech,2137276486,hello@blueledgertech.com,https://www.blueledgertech.com,12,Boston,US,2026-06-21T04:54:27Z
2026-06-21,HR,VistaPayrollPoint,953-960-0158 ext. 12,contact@vistapayrollpoint.io,https://vistapayrollpoint.io,19,Boston,US,2026-06-21T03:53:32Z
2026-06-21,ERP,Golden StockBase,(754) 918-1947,sales@goldenstockbase.io,https://www.goldenstockbase.io,38,Chicago,US,2026-06-21T03:56:17Z
2026-06-21,ERP,IronForgeCloud,9599213246,sales@ironforgecloud.co,https://www.ironforgecloud.co,45,Raleigh,US,2026-06-21T06:21:24Z
2026-06-21,MSP Platform,Apex StackLogic,1-766-890-9189,contact@apexstacklogic.net,https://apexstacklogic.net,9,Phoenix,US,2026-06-21T04:46:14Z
2026-06-21,ERP,BeaconChainSystems,+1 (899) 733-9225,sales@beaconchainsystems.com,https://beaconchainsystems.com,51,Phoenix,US,2026-06-21T02:10:12Z
2026-06-21,ERP,FusionBatch Labs,203-515-5096,sales@fusionbatchlabs.com,https://www.fusionbatchlabs.com,10,Chicago,US,2026-06-21T06:50:06Z
2026-06-21,HR,ZenTeam Flow,985-386-5401,info@zenteamflow.co,https://www.zenteamflow.co,20,Austin,US,2026-06-21T06:13:35Z
2026-06-21,ERP,Raven PlanApp,848-579-3872,contact@ravenplanapp.com,https://ravenplanapp.com,243,Phoenix,US,2026-06-21T06:11:03Z
2026-06-21,ERP,CrestLedger Works,957-789-3820,hello@crestledgerworks.com,crestledgerworks.com,52,Karachi,PK,2026-06-21T05:10:28Z
2026-06-21,Medical,Umbra ClinicHub,+16948505911,sales@umbraclinichub.io,https://www.umbraclinichub.io,189,Austin,US,2026-06-21T05:44:32Z
2026-06-21,Medical,Nova MedDesk,07318171478,hello@novameddesk.co,https://novameddesk.co,13,Toronto,CA,2026-06-21T04:39:03Z
2026-06-21,Legal,Pivot BriefCore,1-716-688-9545,hello@pivotbriefcore.com,pivotbriefcore.com,51,Phoenix,US,2026-06-21T06:29:21Z
2026-06-21,HR,Sable PeopleSync,2834182470,sales@sablepeoplesync.com,sablepeoplesync.com,5,Bengaluru,IN,2026-06-21T06:23:39Z
2026-06-21,Medical,VertexHealthDynamics,+1 (986) 648-6197,info@vertexhealthdynamics.com,https://www.vertexhealthdynamics.com,21,London,UK,2026-06-21T05:13:01Z
2026-06-21,HR,Umbra People Talent Agency,8413576524,sales@umbrapeopletalentagency.com,https://www.umbrapeopletalentagency.com,1353,Pune,IN,2026-06-21T05:20:01Z
2026-06-21,HR,Falcon TalentSuite,+16684909016,sales@falcontalentsuite.io,https://www.falcontalentsuite.io,177,Manchester,UK,2026-06-21T05:52:01Z
2026-06-21,Medical,CedarClinicSystems,+1 (365) 456-3360,sales@cedarclinicsystems.com,https://www.cedarclinicsystems.com,33,Austin,US,2026-06-21T03:39:18Z
2026-06-21,HR,SableBenefit Soft,(269) 663-1967,info@sablebenefitsoft.io,sablebenefitsoft.io,20,Denver,US,2026-06-21T03:44:51Z
2026-06-21,ERP,QuantumFin Core,245-644-3749,contact@quantumfincore.com,https://www.quantumfincore.com,27,Tampa,US,2026-06-21T04:01:45Z
2026-06-21,Medical,OrbitRxDesk,(695) 751-3568,sales@orbitrxdesk.co,https://www.orbitrxdesk.co,116,Dublin,IE,2026-06-21T05:56:10Z
2026-06-21,LEGAL ,AltaCase Solutions,+1 (819) 681-4243,contact@altacasesolutions.com,https://www.altacasesolutions.com,52,Seattle,US,2026-06-21T05:06:11Z
2026-06-21,LMS,Halo TrainApp,(639) 377-2739,hello@halotrainapp.net,https://halotrainapp.net,776,Boston,US,2026-06-21T02:23:58Z
2026-06-21,Medical,CedarPulseApp,238-831-9062,contact@cedarpulseapp.io,https://www.cedarpulseapp.io,48,Austin,US,2026-06-21T02:42:24Z
2026-06-21,LMS,Kéystone QuizSuite,+19837787706,info@keystonequizsuite.com,https://www.keystonequizsuite.com,497,Atlanta,US,2026-06-21T06:42:43Z
2026-06-21,HR,Raven TeamSolutions,08258724986,hello@raventeamsolutions.net,https://raventeamsolutions.net,36,Pune,IN,2026-06-21T02:02:00Z
2026-06-21,ERP,FusionOrder Logic,(944) 807-6555,sales@fusionorderlogic.com,https://fusionorderlogic.com,12,Leeds,UK,2026-06-21T03:56:21Z
2026-06-21,Medical,NovaMedPoint,07433335336,hello@novamedpoint.io,https://novamedpoint.io,442,Denver,US,2026-06-21T04:16:19Z
2026-06-21,MSP Platform,Pioneer StackTech,+12048057347,contact@pioneerstacktech.co,https://pioneerstacktech.co,37,Chicago,US,2026-06-21T05:25:51Z
2026-06-21,HR,NimbusPeople Cloud,808-629-9444,sales@nimbuspeoplecloud.co,nimbuspeoplecloud.co,3999,-,NL,2026-06-21T04:49:23Z
2026-06-21,MSP Platform,Harbor TicketBase,09469530651,contact@harborticketbase.com,harborticketbase.com,572,Tampa,US,2026-06-21T06:12:15Z
2026-06-21,Medical,Core MedHub,(676) 371-1469 ext. 69,info@coremedhub.com,https://www.coremedhub.com,15,Boston,US,2026-06-21T01:36:06Z
2026-06-21,Medical,ZephyrPatient Point,+1 (609) 298-6403,hello@zephyrpatientpoint.com,zephyrpatientpoint.com,359,Columbus,US,2026-06-21T02:24:56Z
2026-06-21,Legal,BrightMonitor App,(804) 815-0752,sales@brightmonitorapp.co,https://www.brightmonitorapp.co,7,Munich,DE,2026-06-21T04:11:55Z
2026-06-21,ERP,Solid LedgerFlow,960-803-5977 ext. 77,sales@solidledgerflow.com,https://www.solidledgerflow.com,18,Toronto,CA,2026-06-21T04:58:17Z
2026-06-21,ERP,PioneerFin App,914.483.1518,sales@pioneerfinapp.com,https://www.pioneerfinapp.com,433,Raleigh,US,2026-06-21T05:26:59Z
2026-06-21,Medical,Fusion’s VitalBase,1-675-309-3992 ext. 97,hello@fusionvitalbase.com,https://fusionvitalbase.com,9,Berlin,DE,2026-06-21T01:42:57Z
2026-06-21,ERP,ArchFin Logic,(476) 952-4844,info@archfinlogic.com,https://www.archfinlogic.com,46,Vancouver,CA,2026-06-21T06:25:40Z
2026-06-21,Medical,Sable PatientCore,4828760498,info@sablepatientcore.com,https://www.sablepatientcore.com,294,Hyderabad,IN,2026-06-21T05:11:41Z
2026-06-21,Medical,PioneerChart Sphere,05173606307,hello@pioneerchartsphere.com,https://www.pioneerchartsphere.com,205,Columbus,US,2026-06-21T02:08:16Z
2026-06-21,HR,BrightCulture Labs,+15483326067,contact@brightculturelabs.io,https://www.brightculturelabs.io,368,Boston,US,2026-06-21T01:35:36Z
2026-06-21,Medical,Onyx ClinicCloud,+18228694928,hello@onyxcliniccloud.io,https://www.onyxcliniccloud.io,238,Berlin,DE,2026-06-21T05:38:41Z
2026-06-21,HR,ArchCulture Base,(426) 707-9812,sales@archculturebase.com,https://www.archculturebase.com,17,Austin,US,2026-06-21T03:25:00Z
2026-06-21,LMS,Anchor LessonBase,3737550555,sales@anchorlessonbase.co,https://www.anchorlessonbase.co,28,Singapore,SG,2026-06-21T03:26:58Z
2026-06-21,MSP Platform,ApexEndpointSolutions,452-807-5689,hello@apexendpointsolutions.co,https://apexendpointsolutions.co,125,Columbus,US,2026-06-21T05:08:47Z
2026-06-21,ERP,AnchorForgeSphere,(866) 635-4151,N/A,https://www.anchorforgesphere.com,29,Denver,US,2026-06-21T06:31:17Z
2026-06-21,ERP,LumenPlanWorks,9222461116,sales@lumenplanworks.net,https://lumenplanworks.net,13,Austin,US,2026-06-21T05:11:41Z
2026-06-21,MSP Platform,RidgeMonitor Dynamics,+16664784788,sales@ridgemonitordynamics.com,https://ridgemonitordynamics.com,222,Melbourne,AU,2026-06-21T06:36:39Z
2026-06-21,HR,RidgewayOnboardSolutions,736.716.0466,contact@ridgewayonboardsolutions.com,ridgewayonboardsolutions.com,445,Atlanta,US,2026-06-21T03:25:25Z
2026-06-21,Medical,PivotPulse Cloud,3623026891,info@pivotpulsecloud.com,https://www.pivotpulsecloud.com,15,Raleigh,US,2026-06-21T02:33:06Z
2026-06-21,LMS,GoldenRosterPoint,4958136809,sales@goldenrosterpoint.io,https://goldenrosterpoint.io,266,Columbus,US,2026-06-21T02:30:39Z
2026-06-21,Medical,Summit CareWorks,503-918-9184,hello@summitcareworks.io,summitcareworks.io,647,Chicago,US,2026-06-21T04:06:41Z
2026-06-21,ERP,Harbor ForgePoint,+1 (776) 203-2272,contact@harborforgepoint.com,https://www.harborforgepoint.com,70,Columbus,US,2026-06-21T04:13:13Z
2026-06-21,ERP,RidgePlan Suite,7072150567,sales@ridgeplansuite.com,https://www.ridgeplansuite.com,105,Boston,US,2026-06-21T04:29:02Z
2026-06-21,Medical,VistaHealth Point,+17889443980,hello@vistahealthpoint.co,vistahealthpoint.co,85,Phoenix,US,2026-06-21T02:25:10Z
2026-06-21,ERP,ApexChain Systems,(777) 882-4982,contact@apexchainsystems.net,https://www.apexchainsystems.net,2506,Hyderabad,IN,2026-06-21T03:03:57Z
2026-06-21,Medical,Zen OpsDynamics,+18404938922,sales@zenopsdynamics.com,zenopsdynamics.com,14,Phoenix,US,2026-06-21T04:31:26Z
2026-06-21,ERP,CobaltBatch Dynamics,(273) 582-5248,sales@cobaltbatchdynamics.com,https://www.cobaltbatchdynamics.com,13,Columbus,US,2026-06-21T04:57:59Z
2026-06-21,ERP,Umbra ResourceBase,(246) 665-5185,hello@umbraresourcebase.com,https://www.umbraresourcebase.com,8,Austin,US,2026-06-21T06:32:13Z
2026-06-21,ERP,PolarisOrder Platform,06242383488,hello@polarisorderplatform.com,https://www.polarisorderplatform.com,,Austin,US,2026-06-21T03:24:27Z
2026-06-21,HR,Ember BenefitSuite,1-334-869-2115,contact@emberbenefitsuite.com,https://www.emberbenefitsuite.com,1104,Islamabad,PK,2026-06-21T05:28:09Z
2026-06-21,HR,TidalOnboard Systems,(967) 357-0579,sales@tidalonboardsystems.io,https://tidalonboardsystems.io,123,Chicago,US,2026-06-21T04:38:08Z
2026-06-21,Legal,ApexFiling Tech,+17586570519,sales@apexfilingtech.co,apexfilingtech.co,22,Phoenix,US,2026-06-21T05:23:53Z
2026-06-21,ERP,Zephyr ForgeBase,579.431.8990,hello@zephyrforgebase.net,https://zephyrforgebase.net,25,Atlanta,US,2026-06-21T03:34:24Z
2026-06-21,MSP Platform,Zephyr NodeSystems,4568967958,contact@zephyrnodesystems.com,https://www.zephyrnodesystems.com,8,Melbourne,AU,2026-06-21T06:11:00Z
2026-06-21,ERP,NovaBatch Flow,(901) 453-1719,info@novabatchflow.net,https://www.novabatchflow.net,26,Atlanta,US,2026-06-21T03:25:00Z
2026-06-21,LMS,RapidCourse Tech,796-605-7451,hello@rapidcoursetech.net,https://www.rapidcoursetech.net,10,Leeds,UK,2026-06-21T01:27:50Z
2026-06-21,ERP,BoldBatchCore,(666) 972-8594 ext. 87,hello@boldbatchcore.com,https://www.boldbatchcore.com,112,Phoenix,US,2026-06-21T01:03:03Z
2026-06-21,ERP,Pioneer ChainBase,+12582035044,hello@pioneerchainbase.com,https://pioneerchainbase.com,9,London,UK,2026-06-21T03:37:05Z
2026-06-21,Medical,Zephyr PulsePoint,(810) 389-1209,hello@zephyrpulsepoint.io,https://www.zephyrpulsepoint.io,61,Raleigh,US,2026-06-21T02:56:41Z
2026-06-21,MSP Platform,RidgewayUptime Dynamics,9638662939,sales@ridgewayuptimedynamics.io,https://ridgewayuptimedynamics.io,61,Phoenix,US,2026-06-21T04:05:21Z
2026-06-21,ERP,Crest FinSync,247-886-2497,contact@crestfinsync.com,https://crestfinsync.com,18,Raleigh,US,2026-06-21T01:45:12Z
2026-06-21,LMS,QuantumMentorApp,540-988-5965,info@quantummentorapp.io,https://www.quantummentorapp.io,26,Denver,US,2026-06-21T04:40:47Z
2026-06-21,Medical,CrestPatient Core,284.809.3121,hello@crestpatientcore.com,https://crestpatientcore.com,35,Melbourne,AU,2026-06-21T01:22:21Z
2026-06-21,Medical,GranitePulseCloud,(624) 255-0904,sales@granitepulsecloud.com,https://www.granitepulsecloud.com,15,Austin,US,2026-06-21T06:43:15Z
2026-06-21,HR,HaloPeople Point,596-472-8325,hello@halopeoplepoint.io,https://www.halopeoplepoint.io,36,Toronto,CA,2026-06-21T04:12:09Z
2026-06-21,LMS,Ember QuizHub,(694) 755-8644,info@emberquizhub.com,https://www.emberquizhub.com,10,Singapore,SG,2026-06-21T05:29:45Z
2026-06-21,Medical,Crown PatientSoft,8197585786,info@crownpatientsoft.io,https://www.crownpatientsoft.io,38,Toronto,CA,2026-06-21T01:31:28Z
2026-06-21,ERP,Granite OpsPoint,288-461-9190,info@graniteopspoint.co,https://www.graniteopspoint.co,168,Lahore,PK,2026-06-21T06:24:49Z
2026-06-21,HR,TidalRoster Tech,+1 (923) 219-4991,sales@tidalrostertech.net,https://www.tidalrostertech.net,291,London,UK,2026-06-21T01:21:25Z
2026-06-21,HR,MetaCultureSphere,737-427-7832,hello@metaculturesphere.com,metaculturesphere.com,99,Manchester,UK,2026-06-21T03:56:51Z
2026-06-21,MSP Platform,Crown TicketLabs,(818) 457-1266,contact@crownticketlabs.io,crownticketlabs.io,26,Hyderabad,IN,2026-06-21T03:06:25Z
2026-06-21,MSP Platform,Nimbus NodeApp,(730) 332-8240 ext. 64,contact@nimbusnodeapp.com,https://nimbusnodeapp.com,21,Boston,US,2026-06-21T02:39:40Z
2026-06-21,MSP Platform,Atlas GridSuite,(896) 654-3593,contact@atlasgridsuite.io,https://www.atlasgridsuite.io,12,Atlanta,US,2026-06-21T04:06:56Z
2026-06-21,HR,ClearRoster Tech,723-769-3367,contact@clearrostertech.com,https://clearrostertech.com,100,Chicago,US,2026-06-21T05:29:33Z
2026-06-21,Medical,PivotClinic Solutions,+15587912463,contact@pivotclinicsolutions.io,https://pivotclinicsolutions.io,122,Berlin,DE,2026-06-21T03:46:51Z
2026-06-21,HR,PivotTalent Cloud,258-814-9941,contact@pivottalentcloud.com,https://www.pivottalentcloud.com,160,Tampa,US,2026-06-21T04:08:16Z
2026-06-21,ERP,Ridge ForgeCloud,5327802546,contact@ridgeforgecloud.io,https://www.ridgeforgecloud.io,142,Denver,US,2026-06-21T04:30:58Z
2026-06-21,HR,Tidal PerformPoint,(261) 518-9196,hello@tidalperformpoint.com,https://www.tidalperformpoint.com,24,Amsterdam,NL,2026-06-21T01:58:46Z
2026-06-21,Medical,ZephyrHealthBase,+19867405866,contact@zephyrhealthbase.com,https://www.zephyrhealthbase.com,7,Columbus,US,2026-06-21T04:29:18Z
2026-06-21,HR,NimbusOnboardSolutions,1-870-782-3450,info@nimbusonboardsolutions.co,nimbusonboardsolutions.co,1120,Phoenix,US,2026-06-21T03:30:21Z
2026-06-21,ERP,Orbit Ops BPO Services,890-918-8369,info@orbitopsbposervices.co,https://www.orbitopsbposervices.co,37,Chicago,US,2026-06-21T05:05:56Z
2026-06-21,ERP,CrestOpsHub,959-616-3876,sales@crestopshub.com,crestopshub.com,28,Denver,US,2026-06-21T02:41:26Z
2026-06-21,ERP,RavenForgePoint,+1 (474) 505-9642 ext. 47,contact@ravenforgepoint.com,https://ravenforgepoint.com,516,Boston,US,2026-06-21T05:16:02Z
2026-06-21,HR,PioneerPayroll Sphere,(628) 922-4536,contact@pioneerpayrollsphere.io,https://pioneerpayrollsphere.io,40,Seattle,US,2026-06-21T01:58:41Z
2026-06-21,MSP Platform,IndigoNet Platform,+1 (313) 939-2052,null,https://indigonetplatform.com,455,Phoenix,US,2026-06-21T06:16:57Z
2026-06-21,Medical,Nimbus MedPoint,+15084047519,hello@nimbusmedpoint.com,https://nimbusmedpoint.com,14,Denver,US,2026-06-21T02:04:44Z
2026-06-21,LMS,ClearTrain Cloud,2308928904,contact@cleartraincloud.com,https://www.cleartraincloud.com,90,Leeds,UK,2026-06-21T04:51:26Z
2026-06-21,Medical,Lumen HealthLabs,684-703-0174 ext. 14,hello@lumenhealthlabs.com,https://www.lumenhealthlabs.com,13,Austin,US,2026-06-21T04:53:40Z
2026-06-21,MSP Platform,TidalNetLabs,520-567-5611 ext. 56,sales@tidalnetlabs.com,https://www.tidalnetlabs.com,20,Singapore,SG,2026-06-21T03:15:13Z
2026-06-21,ERP,IndigoPlan Tech,(861) 688-0699,contact@indigoplantech.com,https://www.indigoplantech.com,17,Calgary,CA,2026-06-21T01:06:54Z
2026-06-21,ERP,SolidFin Works,4119485123,sales@solidfinworks.com,solidfinworks.com,81,Leeds,UK,2026-06-21T02:42:22Z
2026-06-21,HR,VertexPeoplePlatform,5148358495,info@vertexpeopleplatform.io,https://vertexpeopleplatform.io,769,Boston,US,2026-06-21T02:49:07Z
2026-06-21,MSP Platform,Nimbus Net Consultants,296-618-6014,contact@nimbusnetconsultants.co,nimbusnetconsultants.co,20,Pune,IN,2026-06-21T01:19:15Z
2026-06-21,legal,PolarisLaw Sphere,366-397-6816,sales@polarislawsphere.com,https://www.polarislawsphere.com,475,Pune,IN,2026-06-21T02:30:00Z
2026-06-21,Legal,XenonBriefDesk,+13979110747,info@xenonbriefdesk.io,https://www.xenonbriefdesk.io,3839,Melbourne,AU,2026-06-21T04:09:01Z
2026-06-21,Medical,Cobalt PulseTech,809-844-2231,sales@cobaltpulsetech.net,https://www.cobaltpulsetech.net,147,Columbus,US,2026-06-21T02:39:43Z
2026-06-21,MSP Platform,CoreMonitorSoft,2853140773,sales@coremonitorsoft.io,https://coremonitorsoft.io,34,Leeds,UK,2026-06-21T03:28:13Z
2026-06-21,ERP,TrueChainSync,(915) 825-2253,sales@truechainsync.com,truechainsync.com,29,Austin,US,2026-06-21T06:22:42Z
2026-06-21,MSP Platform,GraniteEndpoint Solutions,(506) 374-4034,contact@graniteendpointsolutions.io,https://www.graniteendpointsolutions.io,10,Boston,US,2026-06-21T02:23:50Z
2026-06-21,Medical,MosaicCareCore,+1 (702) 714-2820,contact@mosaiccarecore.io,https://mosaiccarecore.io,304,Calgary,CA,2026-06-21T04:01:51Z
2026-06-21,LMS,LumenMentorLabs,558-301-7224,info@lumenmentorlabs.com,https://lumenmentorlabs.com,39,Bengaluru,IN,2026-06-21T02:51:49Z
2026-06-21,HR,Granite CultureCloud,4366065730,sales@graniteculturecloud.com,https://www.graniteculturecloud.com,7,,UK,2026-06-21T05:28:05Z
2026-06-21,ERP,AnchorFinApp,(795) 301-4997,sales@anchorfinapp.com,https://www.anchorfinapp.com,15,Chicago,US,2026-06-21T02:16:38Z
2026-06-21,MSP Platform,AltaNetHub,1-368-221-6057,contact@altanethub.com,https://altanethub.com,411,Tampa,US,2026-06-21T01:30:14Z
2026-06-21,Legal,CedarClauseCloud,346-862-9373,sales@cedarclausecloud.co,https://www.cedarclausecloud.co,145,Atlanta,US,2026-06-21T03:10:50Z
2026-06-21,Medical,NorthVitalBase,(705) 383-5981,contact@northvitalbase.com,https://northvitalbase.com,28,Toronto,CA,2026-06-21T04:53:08Z
2026-06-21,MSP Platform,BrightNodeLogic,986-442-4189,info@brightnodelogic.net,brightnodelogic.net,17,Chicago,US,2026-06-21T02:32:16Z
2026-06-21,Medical,ApexRx Tech,1-933-283-1661,hello@apexrxtech.com,https://apexrxtech.com,47,Amsterdam,NL,2026-06-21T04:11:17Z
2026-06-21,LEGAL ,CoreVerdictSync,458-742-5922,contact@coreverdictsync.com,coreverdictsync.com,314,Columbus,US,2026-06-21T04:06:37Z
2026-06-21,ERP,GraniteChain Platform,1-416-718-5707,contact@granitechainplatform.com,https://www.granitechainplatform.com,16,Toronto,CA,2026-06-21T06:47:13Z
2026-06-21,ERP,Meta ForgeDesk,+13476589603,sales@metaforgedesk.net,metaforgedesk.net,7,Phoenix,US,2026-06-21T04:17:31Z
2026-06-21,ERP,SilverStock Systems,(331) 441-5524,sales@silverstocksystems.net,https://www.silverstocksystems.net,149,Vancouver,CA,2026-06-21T01:36:40Z
2026-06-21,MSP Platform,RidgeMonitorHub,498-843-7138,hello@ridgemonitorhub.co,https://ridgemonitorhub.co,25,Columbus,US,2026-06-21T06:56:23Z
2026-06-21,ERP,SableChainWorks,+1 (952) 873-4202,info@sablechainworks.co,sablechainworks.co,885,Phoenix,US,2026-06-21T06:17:58Z
2026-06-21,ERP,NimbusPlanLogic,835.688.6896,hello@nimbusplanlogic.com,nimbusplanlogic.com,163,Calgary,CA,2026-06-21T04:25:53Z
2026-06-21,Legal,UmbraDocketPoint,+1 (755) 273-8870,sales@umbradocketpoint.io,https://www.umbradocketpoint.io,43,Tampa,US,2026-06-21T03:10:27Z
2026-06-21,HR,Ridge TalentWorks,(310) 674-3726,info@ridgetalentworks.com,https://ridgetalentworks.com,224,Chicago,US,2026-06-21T05:11:11Z
2026-06-21,Medical,Iron PulseLabs,368.884.0718,sales@ironpulselabs.com,https://ironpulselabs.com,497,Columbus,US,2026-06-21T05:52:31Z
2026-06-21,MSP Platform,IronNode Flow,277-901-2176,hello@ironnodeflow.com,https://www.ironnodeflow.com,49,Columbus,US,2026-06-21T02:03:31Z
2026-06-21,Medical,BlueVitalLogic,1-987-996-1981,info@bluevitallogic.com,https://www.bluevitallogic.com,12,Bengaluru,IN,2026-06-21T01:42:13Z
2026-06-21,ERP,BeaconForge Sphere,(322) 540-7400,sales@beaconforgesphere.io,https://beaconforgesphere.io,7,Phoenix,US,2026-06-21T06:00:05Z
2026-06-21,LMS,ClearCourse Sync,+19642896304 ext. 55,contact@clearcoursesync.net,https://www.clearcoursesync.net,38,Phoenix,US,2026-06-21T06:12:36Z
2026-06-21,Legal,CobaltCase Point,745-392-5585,info@cobaltcasepoint.com,https://www.cobaltcasepoint.com,214,Hyderabad,IN,2026-06-21T02:12:48Z
2026-06-21,Medical,DeltaMedApp,(297) 774-3569,hello@deltamedapp.com,https://deltamedapp.com,35,Raleigh,US,2026-06-21T02:38:51Z
2026-06-21,Medical,BoldRx Systems,8455753370,sales@boldrxsystems.com,https://boldrxsystems.com,31,Raleigh,US,2026-06-21T03:17:38Z
2026-06-21,Medical,VistaHealth Hub,240.655.6466,contact@vistahealthhub.com,https://www.vistahealthhub.com,5,Singapore,SG,2026-06-21T06:47:57Z
2026-06-21,ERP,Nova ForgeSphere,665.518.2424,info@novaforgesphere.com,novaforgesphere.com,13,London,UK,2026-06-21T05:57:21Z
2026-06-21,Lgl,Meta MatterSuite,265-598-5220 ext. 17,info@metamattersuite.co,https://www.metamattersuite.co,425,Denver,US,2026-06-21T04:35:20Z
2026-06-21,HR,PrimeShiftDynamics,+1 (303) 806-5690,contact@primeshiftdynamics.io,primeshiftdynamics.io,66,Denver,US,2026-06-21T01:03:04Z
2026-06-21,HR,AnchorBenefitWorks,220.319.3902,sales@anchorbenefitworks.com,https://www.anchorbenefitworks.com,35,Dublin,IE,2026-06-21T05:46:05Z
2026-06-21,legal,EmberCounselSync,484-389-8304,info@embercounselsync.io,https://embercounselsync.io,17,Tampa,US,2026-06-21T03:07:27Z
2026-06-21,HR,Raven ShiftWorks,917-842-8961,sales@ravenshiftworks.io,https://ravenshiftworks.io,7,Raleigh,US,2026-06-21T02:43:57Z
2026-06-21,MSP Platform,OmniEndpoint Solutions,9264559416,sales@omniendpointsolutions.com,https://www.omniendpointsolutions.com,135,Dublin,IE,2026-06-21T02:08:14Z
2026-06-21,HR,RapidTeam Solutions,+17902924819,sales@rapidteamsolutions.com,rapidteamsolutions.com,419,Boston,US,2026-06-21T06:54:06Z
2026-06-21,Medical,IronTriageLogic,(591) 577-3525,info@irontriagelogic.com,https://www.irontriagelogic.com,77,Dublin,IE,2026-06-21T02:13:15Z
2026-06-21,LEGAL ,Vertex CounselHub,(945) 327-8365,sales@vertexcounselhub.com,https://www.vertexcounselhub.com,50,Phoenix,US,2026-06-21T01:07:30Z
2026-06-21,MSP Platform,CrownEndpointApp,6265934674,sales@crownendpointapp.com,https://www.crownendpointapp.com,63,Raleigh,US,2026-06-21T02:24:00Z
2026-06-21,ERP,Raven OpsSystems,756.252.4465,hello@ravenopssystems.co,https://www.ravenopssystems.co,44,Chicago,US,2026-06-21T01:23:58Z
2026-06-21,ERP,Zen LedgerWorks,857-390-6466,hello@zenledgerworks.com,https://www.zenledgerworks.com,56,Dublin,IE,2026-06-21T04:11:35Z
2026-06-21,LMS,Vertex QuizLabs,(766) 969-6205,N/A,https://www.vertexquizlabs.com,50,Berlin,DE,2026-06-21T04:20:38Z
2026-06-21,Medical,SolidChart Suite,08872345662,hello@solidchartsuite.com,https://www.solidchartsuite.com,42,Melbourne,AU,2026-06-21T05:28:58Z
2026-06-21,Medical,FalconCare Sync,777-864-0888 ext. 76,info@falconcaresync.co,https://www.falconcaresync.co,16,Bengaluru,IN,2026-06-21T02:01:40Z
2026-06-21,ERP,VistaPlanApp,583-205-2403,info@vistaplanapp.com,https://www.vistaplanapp.com,16,Islamabad,PK,2026-06-21T04:56:42Z
2026-06-21,HR,ClearTalentSoft,1-415-564-6290,sales@cleartalentsoft.com,https://www.cleartalentsoft.com,217,Austin,US,2026-06-21T01:10:12Z
2026-06-21,ERP,RapidForgeCloud,+1 (245) 259-1239,hello@rapidforgecloud.com,https://www.rapidforgecloud.com,485,Atlanta,US,2026-06-21T02:51:09Z
2026-06-21,legal,CrestClause Point,1-567-373-9613,hello@crestclausepoint.com,https://crestclausepoint.com,4733,Boston,US,2026-06-21T03:16:11Z
2026-06-21,MSP Platform,LumenRemoteHub,425-857-3297,contact@lumenremotehub.com,https://www.lumenremotehub.com,10,London,UK,2026-06-21T03:10:36Z
2026-06-21,MSP Platform,Velo RemoteSystems,09804499276,contact@veloremotesystems.co,https://www.veloremotesystems.co,9,Atlanta,US,2026-06-21T03:09:48Z
2026-06-21,MSP Platform,Zephyr PatchSync,+14876043262,info@zephyrpatchsync.co,https://www.zephyrpatchsync.co,45,Columbus,US,2026-06-21T01:37:29Z
2026-06-21,legal,Omni VerdictDesk,7076613295,hello@omniverdictdesk.com,https://www.omniverdictdesk.com,21,Denver,US,2026-06-21T04:58:01Z
2026-06-21,Medical,Velo PatientFlow,2795628046,contact@velopatientflow.io,velopatientflow.io,32,Tampa,US,2026-06-21T04:17:57Z
2026-06-21,ERP,MetaLedgerApp,(630) 492-3077,contact@metaledgerapp.com,https://www.metaledgerapp.com,63,-,US,2026-06-21T03:42:23Z
2026-06-21,ERP,Omni ChainDesk,1-811-248-4095,contact@omnichaindesk.com,https://www.omnichaindesk.com,31,Manchester,UK,2026-06-21T04:14:40Z
2026-06-21,ERP,CoreBatch App,+16949649263,contact@corebatchapp.io,https://www.corebatchapp.io,198,Melbourne,AU,2026-06-21T02:35:12Z
2026-06-21,LMS,HarborPathLogic,(771) 597-5092,hello@harborpathlogic.com,harborpathlogic.com,-,Sydney,AU,2026-06-21T05:38:34Z
2026-06-21,Legal,BoldCompliDésk,+16834344577,info@boldcomplidesk.co,https://www.boldcomplidesk.co,680,Amsterdam,NL,2026-06-21T01:32:14Z
2026-06-21,Legal,TidalCounsel Base,(398) 696-5373,info@tidalcounselbase.com,https://www.tidalcounselbase.com,43,Phoenix,US,2026-06-21T05:32:03Z
2026-06-21,ERP,AtlasStock Dynamics,6852831220,sales@atlasstockdynamics.com,https://www.atlasstockdynamics.com,108,Austin,US,2026-06-21T03:28:50Z
2026-06-21,HR,Bright TeamLogic,396-286-7390,hello@brightteamlogic.com,https://www.brightteamlogic.com,11,Bengaluru,IN,2026-06-21T04:21:46Z
2026-06-21,Medical,VistaCare Logic,1-339-856-5225,hello@vistacarelogic.com,https://vistacarelogic.com,58,Calgary,CA,2026-06-21T03:41:38Z
2026-06-21,legal,ApexCompli Desk,332-876-3119,sales@apexcomplidesk.io,https://www.apexcomplidesk.io,10,Boston,US,2026-06-21T06:25:08Z
2026-06-21,MSP Platform,Omni StackLabs,560-693-0409,sales@omnistacklabs.com,https://www.omnistacklabs.com,248,Raleigh,US,2026-06-21T06:31:24Z
2026-06-21,MSP Platform,RapidMonitorWorks,+1 (626) 601-1346,-,https://www.rapidmonitorworks.io,12,Hyderabad,IN,2026-06-21T01:48:59Z
2026-06-21,HR,Mosaic RosterApp,2659901345,info@mosaicrosterapp.com,https://www.mosaicrosterapp.com,24,Atlanta,US,2026-06-21T03:35:43Z
2026-06-21,HR,Granite BenefitPlatform,503.986.9361,info@granitebenefitplatform.com,https://granitebenefitplatform.com,17,-,US,2026-06-21T06:21:07Z
2026-06-21,ERP,Ember ChainFlow,09265713131,contact@emberchainflow.io,https://emberchainflow.io,46,Islamabad,PK,2026-06-21T02:14:34Z
2026-06-21,HR,IndigoOnboard Labs,+12452422382,sales@indigoonboardlabs.com,indigoonboardlabs.com,null,Atlanta,US,2026-06-21T06:38:51Z
2026-06-21,ERP,Meta ResourceBase,647-554-0153,contact@metaresourcebase.io,https://metaresourcebase.io,10,Seattle,US,2026-06-21T05:49:01Z
2026-06-21,ERP,IndigoChainDesk,446-754-9280,contact@indigochaindesk.com,https://www.indigochaindesk.com,111,Melbourne,AU,2026-06-21T05:41:08Z
2026-06-21,ERP,RidgePlan App,1-932-449-7181,info@ridgeplanapp.com,ridgeplanapp.com,5,Seattle,US,2026-06-21T04:40:57Z
2026-06-21,HR,LatticePerform Labs,577-599-7762,hello@latticeperformlabs.com,https://latticeperformlabs.com,7,Melbourne,AU,2026-06-21T05:33:13Z
2026-06-21,HR,Beacon TalentWorks,710.293.5762,N/A,https://www.beacontalentworks.io,3465,Seattle,US,2026-06-21T02:12:23Z
2026-06-21,Medical,NovaPatient Sphere,1-613-417-7322 ext. 66,info@novapatientsphere.com,https://www.novapatientsphere.com,98,Tampa,US,2026-06-21T04:10:18Z
2026-06-21,Medical,FalconCare Hub,1-687-269-0405,contact@falconcarehub.com,https://www.falconcarehub.com,17,Leeds,UK,2026-06-21T04:46:56Z
2026-06-21,HR,IronTeamWorks,373.265.0832,info@ironteamworks.io,ironteamworks.io,13,Toronto,CA,2026-06-21T05:27:25Z
2026-06-21,MSP Platform,SilverStackSystems,307-616-4146,info@silverstacksystems.io,https://www.silverstacksystems.io,240,Amsterdam,NL,2026-06-21T01:23:04Z
2026-06-21,ERP,TidalBatchTech,960.904.6099,sales@tidalbatchtech.com,tidalbatchtech.com,7,Atlanta,US,2026-06-21T03:18:30Z
2026-06-21,Medical,Vertex CareCloud,(709) 915-7169,sales@vertexcarecloud.com,https://www.vertexcarecloud.com,128,Chicago,US,2026-06-21T03:17:13Z
2026-06-21,Legal,FusionDocketDynamics,(473) 836-7321,contact@fusiondocketdynamics.io,https://www.fusiondocketdynamics.io,311,Boston,US,2026-06-21T03:59:30Z
2026-06-21,HR,ZenPerform Desk,1-762-926-3532,info@zenperformdesk.com,https://www.zenperformdesk.com,4582,Boston,US,2026-06-21T05:25:39Z
2026-06-21,Medical,NorthPatient Logic,662-956-0421,info@northpatientlogic.com,https://www.northpatientlogic.com,null,Austin,US,2026-06-21T06:32:21Z
2026-06-21,MSP Platform,Nova StackBase,984.922.7814,-,https://novastackbase.com,87,Amsterdam,NL,2026-06-21T05:01:58Z
2026-06-21,ERP,OmniChain Core,584.350.5230,info@omnichaincore.com,https://www.omnichaincore.com,183,Seattle,US,2026-06-21T06:50:12Z
2026-06-21,Legal,BlueCounsel Base,(785) 818-1250,contact@bluecounselbase.com,https://bluecounselbase.com,12,Pune,IN,2026-06-21T04:37:04Z
2026-06-21,Medical,CobaltHealthPoint,(745) 940-7363,info@cobalthealthpoint.co,cobalthealthpoint.co,71,Austin,US,2026-06-21T02:29:55Z
2026-06-21,MSP Platform,IndigoGridBase,368-227-1961,contact@indigogridbase.net,https://www.indigogridbase.net,174,Berlin,DE,2026-06-21T06:33:46Z
2026-06-21,Legal,TrueCounsel Cloud,06777246744,contact@truecounselcloud.io,https://www.truecounselcloud.io,154,Tampa,US,2026-06-21T05:01:57Z
2026-06-21,Medical,CoreRx Flow,8287287222,hello@corerxflow.io,https://www.corerxflow.io,30,Melbourne,AU,2026-06-21T01:03:31Z
2026-06-21,MSP Platform,CrownNode Labs,286-831-7405,contact@crownnodelabs.net,crownnodelabs.net,6,Hyderabad,IN,2026-06-21T04:44:37Z
2026-06-21,Medical,PivotTriageLabs,+12702466017,info@pivottriagelabs.co,https://pivottriagelabs.co,34,Bengaluru,IN,2026-06-21T01:21:46Z
2026-06-21,Medical,FalconClinicSync,+1 (737) 406-5659,,https://www.falconclinicsync.com,34,Dublin,IE,2026-06-21T02:57:53Z
2026-06-21,Legal,NorthFiling Systems,7052625218,info@northfilingsystems.io,https://www.northfilingsystems.io,518,Boston,US,2026-06-21T06:37:40Z
2026-06-21,MSP Platform,BeaconPatch Sync,529-786-7585,contact@beaconpatchsync.com,beaconpatchsync.com,285,Dublin,IE,2026-06-21T03:09:51Z
2026-06-21,Medical,NorthClinicDesk,925-468-7070,contact@northclinicdesk.com,https://www.northclinicdesk.com,722,Chicago,US,2026-06-21T01:07:46Z
2026-06-21,HR,CedarRosterSphere,360.354.2689,info@cedarrostersphere.com,cedarrostersphere.com,31,London,UK,2026-06-21T04:57:31Z
2026-06-21,HR,IronCultureSync,658-557-2778,contact@ironculturesync.io,https://www.ironculturesync.io,82,London,UK,2026-06-21T01:24:40Z
2026-06-21,Medical,ZenMed Desk,05135141196,contact@zenmeddesk.com,https://www.zenmeddesk.com,60,-,US,2026-06-21T04:30:47Z
2026-06-21,ERP,HarborChainDynamics,+16882898926,sales@harborchaindynamics.com,harborchaindynamics.com,145,Calgary,CA,2026-06-21T05:20:31Z
2026-06-21,HR,Orbit PeopleCloud,858.725.4775,sales@orbitpeoplecloud.com,https://www.orbitpeoplecloud.com,64,Manchester,UK,2026-06-21T01:14:57Z
2026-06-21,Medical,VeloTriageSphere,(552) 643-5130 ext. 41,hello@velotriagesphere.io,https://www.velotriagesphere.io,11,Boston,US,2026-06-21T04:12:22Z
2026-06-21,HR,CoreTalent Desk,264-644-8235,hello@coretalentdesk.com,https://coretalentdesk.com,86,Austin,US,2026-06-21T01:46:01Z
2026-06-21,ERP,Alta BatchTech,899.355.7531,contact@altabatchtech.com,altabatchtech.com,797,Islamabad,PK,2026-06-21T03:56:37Z
2026-06-21,LMS,Onyx QuizFlow,773.855.4342,info@onyxquizflow.net,https://onyxquizflow.net,269,Tampa,US,2026-06-21T06:02:00Z
2026-06-21,Legal,GoldenMatterHub,925-542-8935,hello@goldenmatterhub.com,https://www.goldenmatterhub.com,5,Austin,US,2026-06-21T01:52:17Z
2026-06-21,HR,Ridgeway ShiftCore,494-636-9714,sales@ridgewayshiftcore.co,ridgewayshiftcore.co,16,Chicago,US,2026-06-21T02:53:07Z
2026-06-21,MSP Platform,Crest GridSystems,+1 (311) 468-6640,sales@crestgridsystems.io,crestgridsystems.io,109,Leeds,UK,2026-06-21T01:58:34Z
2026-06-21,Medical,FusionMed Logic,7452111491,info@fusionmedlogic.com,https://fusionmedlogic.com,59,Raleigh,US,2026-06-21T03:35:02Z
2026-06-21,MSP Platform,TidalNodeSoft,+17045388253,info@tidalnodesoft.io,https://www.tidalnodesoft.io,46,Phoenix,US,2026-06-21T05:40:32Z
2026-06-21,ERP,PolarisLedgerFlow,3195494038,info@polarisledgerflow.com,https://www.polarisledgerflow.com,33,Seattle,US,2026-06-21T02:13:29Z
2026-06-21,Lgl,AnchorFiling Point,6616512861 ext. 57,contact@anchorfilingpoint.io,https://www.anchorfilingpoint.io,35,Manchester,UK,2026-06-21T02:51:07Z
2026-06-21,Medical,VistaCare Base,582.299.0713,hello@vistacarebase.com,https://www.vistacarebase.com,16,Phoenix,US,2026-06-21T03:50:43Z
2026-06-21,Lgl,Raven DocketCore,(217) 343-1365,contact@ravendocketcore.com,https://www.ravendocketcore.com,177,Denver,US,2026-06-21T01:50:48Z
2026-06-21,LMS,GraniteQuiz Soft,678-499-3542,contact@granitequizsoft.io,granitequizsoft.io,64,Melbourne,AU,2026-06-21T02:57:41Z
2026-06-21,Medical,LatticeClinic Point,854-509-7750,contact@latticeclinicpoint.com,https://latticeclinicpoint.com,179,Tampa,US,2026-06-21T03:42:19Z
2026-06-21,ERP,Core Resource Staffing,7856335313,info@coreresourcestaffing.com,https://www.coreresourcestaffing.com,212,Denver,US,2026-06-21T04:33:22Z
2026-06-21,Legal,ZephyrTeamSuite,6594868046,sales@zephyrteamsuite.io,https://zephyrteamsuite.io,401,Chicago,US,2026-06-21T04:25:30Z
2026-06-21,MSP Platform,AnchorNetLabs,5776573774,info@anchornetlabs.com,https://anchornetlabs.com,70,null,US,2026-06-21T03:42:07Z
2026-06-21,Legal,EmberBriefSolutions,914.937.1491,hello@emberbriefsolutions.co,https://www.emberbriefsolutions.co,66,Austin,US,2026-06-21T02:55:24Z
2026-06-21,ERP,AltaResourceSphere,(556) 775-6953,contact@altaresourcesphere.com,altaresourcesphere.com,35,Austin,US,2026-06-21T02:53:41Z
2026-06-21,HR,RapidCultureSync,(620) 894-7742,info@rapidculturesync.com,https://www.rapidculturesync.com,4946,Lahore,PK,2026-06-21T03:21:15Z
2026-06-21,HR,HaloPayrollDynamics,325-429-2822,info@halopayrolldynamics.com,https://www.halopayrolldynamics.com,951,Sydney,AU,2026-06-21T06:45:50Z
2026-06-21,HR,SummitPerformSuite,4218012809,sales@summitperformsuite.net,https://www.summitperformsuite.net,89,Bengaluru,IN,2026-06-21T06:59:16Z
2026-06-21,ERP,FalconOrder Core,+18963837917,info@falconordercore.com,https://www.falconordercore.com,81,Singapore,SG,2026-06-21T01:56:52Z
2026-06-21,MSP Platform,OmniNodeSuite,(815) 760-4794,contact@omninodesuite.com,https://www.omninodesuite.com,82,Sydney,AU,2026-06-21T05:10:23Z
2026-06-21,Medical,QuantumClinic Systems,489-540-0460,info@quantumclinicsystems.com,https://www.quantumclinicsystems.com,103,Denver,US,2026-06-21T04:33:23Z
2026-06-21,ERP,CrestResourceCloud,328-561-0969,hello@crestresourcecloud.com,https://www.crestresourcecloud.com,9,Melbourne,AU,2026-06-21T05:47:19Z
2026-06-21,ERP,NovaFinFlow,1-279-231-5906,contact@novafinflow.com,https://novafinflow.com,26,London,UK,2026-06-21T03:39:24Z
2026-06-21,HR,NorthOnboardFlow,753.680.0047,hello@northonboardflow.com,https://www.northonboardflow.com,61,Raleigh,US,2026-06-21T02:13:10Z
2026-06-21,ERP,Ember StockSphere,+18462610725,sales@emberstocksphere.net,https://www.emberstocksphere.net,20,Phoenix,US,2026-06-21T01:13:20Z
2026-06-21,HR,IronPayrollPlatform,1-237-395-5196,sales@ironpayrollplatform.co,https://ironpayrollplatform.co,-,Austin,US,2026-06-21T01:04:53Z
2026-06-21,MSP Platform,Halo StackWorks,1-415-813-7248,info@halostackworks.com,https://www.halostackworks.com,35,Austin,US,2026-06-21T04:27:32Z
2026-06-21,LMS,KeystoneSkill Tech,959-328-7740,hello@keystoneskilltech.com,https://keystoneskilltech.com,14,Chicago,US,2026-06-21T04:31:28Z
2026-06-21,ERP,QuartzPlanHub,429.752.7792 ext. 40,N/A,https://www.quartzplanhub.co,47,Boston,US,2026-06-21T01:05:21Z
2026-06-21,Legal,Velo DocketLogic,336-684-2782,contact@velodocketlogic.com,velodocketlogic.com,205,Atlanta,US,2026-06-21T04:20:30Z
2026-06-21,Medical,HaloTriage App,382-336-4984,contact@halotriageapp.com,https://halotriageapp.com,672,Raleigh,US,2026-06-21T02:31:06Z
2026-06-21,MSP Platform,OmniNetCloud,474-365-6864,sales@omninetcloud.com,https://omninetcloud.com,601,Denver,US,2026-06-21T03:11:09Z
2026-06-21,HR,MosaicRemoteSync,893.493.9644,hello@mosaicremotesync.com,https://www.mosaicremotesync.com,3359,Amsterdam,NL,2026-06-21T06:59:30Z
2026-06-21,HR,KeystoneCulture Sphere,+1 (216) 974-8410,hello@keystoneculturesphere.com,keystoneculturesphere.com,273,Chicago,US,2026-06-21T06:08:56Z
2026-06-21,LMS,ArchLearnPlatform,+15779879861,null,https://www.archlearnplatform.com,5,Tampa,US,2026-06-21T05:53:35Z
2026-06-21,LEGAL ,CoreVerdictSuite,9593924732,contact@coreverdictsuite.com,https://coreverdictsuite.com,13,Pune,IN,2026-06-21T05:01:03Z
2026-06-21,ERP,PolarisForge Point,+1 (621) 317-6949,N/A,https://www.polarisforgepoint.com,446,Atlanta,US,2026-06-21T04:08:09Z
2026-06-21,ERP,Atlas OpsCore,8122211508,sales@atlasopscore.com,https://atlasopscore.com,744,Islamabad,PK,2026-06-21T02:32:02Z
2026-06-21,Lgl,WillowCounselSuite,554.990.2569,hello@willowcounselsuite.com,https://www.willowcounselsuite.com,44,Boston,US,2026-06-21T03:38:41Z
2026-06-21,Medical,MosaicVital Soft,+18593372381,contact@mosaicvitalsoft.co,https://www.mosaicvitalsoft.co,847,Austin,US,2026-06-21T02:38:55Z
2026-06-21,MSP Platform,Core NodeSphere,910-820-3028,hello@corenodesphere.co,https://www.corenodesphere.co,21,Phoenix,US,2026-06-21T01:23:09Z
2026-06-21,LEGAL ,VeloCompliCloud,523-941-1169,hello@velocomplicloud.io,https://www.velocomplicloud.io,28,Chicago,US,2026-06-21T03:26:38Z
2026-06-21,LMS,Vertex SkillBase,(356) 243-3197,hello@vertexskillbase.io,https://www.vertexskillbase.io,70,Munich,DE,2026-06-21T04:26:13Z
2026-06-21,MSP Platform,OmniGrid Flow,616-695-5464,sales@omnigridflow.com,https://www.omnigridflow.com,25,Dublin,IE,2026-06-21T06:50:53Z
2026-06-21,ERP,Juniper OpsSoft,913-325-2148,info@juniperopssoft.com,https://juniperopssoft.com,19,Amsterdam,NL,2026-06-21T03:57:52Z
2026-06-21,HR,TrueBenefitSolutions,2179969605 ext. 82,sales@truebenefitsolutions.com,https://www.truebenefitsolutions.com,456,Tampa,US,2026-06-21T06:21:28Z
2026-06-21,MSP Platform,JuniperGridDesk,+1 (459) 633-4934,hello@junipergriddesk.com,https://www.junipergriddesk.com,12,Phoenix,US,2026-06-21T03:59:34Z
2026-06-21,Medical,Tidal CareSolutions,809-328-7895 ext. 28,info@tidalcaresolutions.com,https://www.tidalcaresolutions.com,23,Seattle,US,2026-06-21T05:56:08Z
2026-06-21,Medical,RidgePatient Soft,672.507.9492,info@ridgepatientsoft.com,https://www.ridgepatientsoft.com,74,Pune,IN,2026-06-21T05:48:20Z
2026-06-21,ERP,Granite ForgeBase,5668415282 ext. 83,sales@graniteforgebase.io,https://www.graniteforgebase.io,,Raleigh,US,2026-06-21T06:43:03Z
2026-06-21,HR,Falcon PeopleCloud,648-258-7989,info@falconpeoplecloud.io,falconpeoplecloud.io,69,Tampa,US,2026-06-21T05:06:16Z
2026-06-21,Legal,SilverVerdictWorks’s,776.631.8208,contact@silververdictworks.com,https://www.silververdictworks.com,74,Columbus,US,2026-06-21T01:56:53Z
2026-06-21,ERP,NorthBatchTech,(844) 702-0133,sales@northbatchtech.com,https://northbatchtech.com,177,Denver,US,2026-06-21T05:29:23Z
2026-06-21,Legal,Fusion MatterLogic,301-891-3147,hello@fusionmatterlogic.com,https://www.fusionmatterlogic.com,21,Chicago,US,2026-06-21T06:38:01Z
2026-06-21,Medical,HaloChart Logic,+19172103910,hello@halochartlogic.com,https://www.halochartlogic.com,21,Amsterdam,NL,2026-06-21T05:14:38Z
2026-06-21,ERP,GoldenForgeDesk,710-451-8018,hello@goldenforgedesk.com,https://goldenforgedesk.com,827,Lahore,PK,2026-06-21T05:24:33Z
2026-06-21,HR,PolarisCultureCloud,212.845.3390,contact@polarisculturecloud.co,https://polarisculturecloud.co,184,Phoenix,US,2026-06-21T06:59:23Z
2026-06-21,LMS,Alta Lesson Manpower Services,312-634-8862 ext. 34,hello@altalessonmanpowerservices.io,altalessonmanpowerservices.io,5,Amsterdam,NL,2026-06-21T06:18:39Z
2026-06-21,HR,OmniRoster Logic,4579385076,info@omnirosterlogic.com,https://www.omnirosterlogic.com,476,Dublin,IE,2026-06-21T05:40:49Z
2026-06-21,Medical,VeloMed Base,07152505963,info@velomedbase.net,https://www.velomedbase.net,N/A,Melbourne,AU,2026-06-21T05:00:19Z
2026-06-21,Medical,Bright MedWorks,913.634.4944,contact@brightmedworks.com,https://www.brightmedworks.com,58,Columbus,US,2026-06-21T05:56:15Z
2026-06-21,Medical,BlueRxPoint,765-495-6242,contact@bluerxpoint.co,https://www.bluerxpoint.co,42,Vancouver,CA,2026-06-21T06:34:35Z
2026-06-21,ERP,Crown OrderBase,1-568-216-7342,info@crownorderbase.com,https://www.crownorderbase.com,29,Singapore,SG,2026-06-21T04:45:54Z
2026-06-21,ERP,XenonOrder Logic,733-354-6116,info@xenonorderlogic.com,xenonorderlogic.com,2311,Atlanta,US,2026-06-21T06:45:54Z
2026-06-21,Legal,Mosaic CounselApp,7107045896,contact@mosaiccounselapp.com,https://mosaiccounselapp.com,1967,Phoenix,US,2026-06-21T04:35:58Z
2026-06-21,legal,TrueMatterDesk,830-740-6044,sales@truematterdesk.co,https://truematterdesk.co,1295,Toronto,CA,2026-06-21T05:57:15Z
2026-06-21,MSP Platform,RapidGrid Sphere,(589) 218-9227,contact@rapidgridsphere.io,rapidgridsphere.io,478,Austin,US,2026-06-21T01:05:35Z
2026-06-21,ERP,GraniteChainSolutions,06584345881,sales@granitechainsolutions.net,https://www.granitechainsolutions.net,1724,-,UK,2026-06-21T04:48:44Z
2026-06-21,Lgl,Harbor ClauseBase,6558765727,hello@harborclausebase.io,https://www.harborclausebase.io,497,Vancouver,CA,2026-06-21T01:55:09Z
2026-06-21,MSP Platform,HarborMonitorDynamics,(588) 833-1545,info@harbormonitordynamics.com,https://harbormonitordynamics.com,67,Lahore,PK,2026-06-21T06:29:04Z
2026-06-21,MSP Platform,RidgewayRemoteTech,(965) 878-0087,contact@ridgewayremotetech.co,https://www.ridgewayremotetech.co,17,Tampa,US,2026-06-21T05:10:36Z
2026-06-21,MSP Platform,VistaUptimeFlow,(710) 383-3066,sales@vistauptimeflow.com,vistauptimeflow.com,86,Tampa,US,2026-06-21T04:47:04Z
2026-06-21,ERP,BlueResourceSystems’s,1-560-258-8177,hello@blueresourcesystems.com,https://blueresourcesystems.com,2906,Melbourne,AU,2026-06-21T01:05:50Z
2026-06-21,Medical,Xenon TriageSync,2188479079,info@xenontriagesync.io,https://xenontriagesync.io,235,Chicago,US,2026-06-21T03:01:18Z
2026-06-21,Medical,ZephyrCareLogic,817-979-0107,sales@zephyrcarelogic.com,https://zephyrcarelogic.com,348,London,UK,2026-06-21T02:53:55Z
2026-06-21,HR,Willow OnboardHub,930-886-2866,info@willowonboardhub.com,willowonboardhub.com,221,Boston,US,2026-06-21T03:43:38Z
2026-06-21,HR,KeystoneOnboardLogic,599.713.8936,sales@keystoneonboardlogic.com,https://www.keystoneonboardlogic.com,12,Tampa,US,2026-06-21T06:37:49Z
2026-06-21,Legal,CrestVerdictLogic,729.247.6592,hello@crestverdictlogic.com,https://www.crestverdictlogic.com,11,Berlin,DE,2026-06-21T02:44:37Z
2026-06-21,Medical,Blue HealthTech,1-716-371-4397,sales@bluehealthtech.com,https://bluehealthtech.com,956,Dublin,IE,2026-06-21T06:31:34Z
2026-06-21,Medical,VeloClinic Logic,6094753660,contact@velocliniclogic.com,https://velocliniclogic.com,13,Manchester,UK,2026-06-21T04:01:23Z
2026-06-21,MSP Platform,ZephyrRemote Cloud,(849) 624-3872,sales@zephyrremotecloud.net,zephyrremotecloud.net,14,N/A,NL,2026-06-21T01:10:19Z
2026-06-21,ERP,Delta LedgerSoft,573-274-9013 ext. 31,hello@deltaledgersoft.io,deltaledgersoft.io,6,Atlanta,US,2026-06-21T03:48:03Z
2026-06-21,HR,MosaicBénefit Platform,8684988753,-,https://mosaicbenefitplatform.net,66,Boston,US,2026-06-21T04:14:58Z
2026-06-21,LMS,NimbusCohort Point,936-803-4828,info@nimbuscohortpoint.com,https://www.nimbuscohortpoint.com,271,Leeds,UK,2026-06-21T05:33:37Z
2026-06-21,ERP,VertexForge Hub,(610) 495-8026,info@vertexforgehub.com,https://www.vertexforgehub.com,12,Austin,US,2026-06-21T05:05:41Z
2026-06-21,ERP,AnchorBatch Dynamics,(222) 625-5642,info@anchorbatchdynamics.com,anchorbatchdynamics.com,32,Columbus,US,2026-06-21T06:52:21Z
2026-06-21,ERP,Core BatchDesk,1-827-242-4537,sales@corebatchdesk.co,https://corebatchdesk.co,21,Manchester,UK,2026-06-21T04:31:36Z
2026-06-21,ERP,Blue FinCore,+15419502061,contact@bluefincore.net,https://www.bluefincore.net,32,Tampa,US,2026-06-21T01:45:00Z
2026-06-21,MSP Platform,Falcon UptimeApp,5424394175 ext. 46,sales@falconuptimeapp.com,https://falconuptimeapp.com,162,Calgary,CA,2026-06-21T04:01:30Z
2026-06-21,ERP,QuantumForgeHub,+14676971898,hello@quantumforgehub.com,https://www.quantumforgehub.com,19,Boston,US,2026-06-21T03:23:16Z
2026-06-21,ERP,LumenForgeBase,6912413330,sales@lumenforgebase.com,https://www.lumenforgebase.com,-,Leeds,UK,2026-06-21T01:04:21Z
2026-06-21,LMS,RavenLearn Labs,973-405-7827,info@ravenlearnlabs.io,ravenlearnlabs.io,31,Tampa,US,2026-06-21T01:28:30Z
2026-06-21,LEGAL ,CrownDocket Tech,481.278.2992 ext. 68,sales@crowndockettech.io,crowndockettech.io,32,Berlin,DE,2026-06-21T02:31:15Z
2026-06-21,Legal,NimbusLaw Sphere,880.734.0563,info@nimbuslawsphere.com,nimbuslawsphere.com,4402,Seattle,US,2026-06-21T02:16:19Z
2026-06-21,ERP,CedarLedgerCore,+19355689240,-,https://www.cedarledgercore.com,72,Atlanta,US,2026-06-21T02:54:36Z
2026-06-21,Medical,MetaPatientLogic,545.333.5399 ext. 81,info@metapatientlogic.com,https://www.metapatientlogic.com,56,Sydney,AU,2026-06-21T04:21:14Z
2026-06-21,HR,Meta ShiftPoint,209-240-1435 ext. 74,hello@metashiftpoint.com,metashiftpoint.com,17,Vancouver,CA,2026-06-21T03:03:34Z
2026-06-21,Legal,GoldenCaseSystems,+16962806922,hello@goldencasesystems.io,https://goldencasesystems.io,15,Atlanta,US,2026-06-21T03:49:52Z
2026-06-21,LMS,CrestMentorLogic,1-860-879-6193,sales@crestmentorlogic.com,https://www.crestmentorlogic.com,68,Boston,US,2026-06-21T06:46:17Z
2026-06-21,ERP,Ridgeway PlanSolutions,810-890-2795,,ridgewayplansolutions.com,13,Raleigh,US,2026-06-21T03:55:44Z
2026-06-21,ERP,VeloFin Core,1-851-966-3870,sales@velofincore.io,https://velofincore.io,60,Melbourne,AU,2026-06-21T02:01:06Z
2026-06-21,Medical,AtlasTriagePoint,1-535-800-9442,hello@atlastriagepoint.com,https://www.atlastriagepoint.com,41,Denver,US,2026-06-21T03:25:21Z
2026-06-21,HR,HarborCulture Dynamics,7917071494,hello@harborculturedynamics.io,https://harborculturedynamics.io,181,Denver,US,2026-06-21T05:29:54Z
2026-06-21,Lgl,TidalVerdict Sync,(856) 416-4196,hello@tidalverdictsync.co,https://www.tidalverdictsync.co,84,Columbus,US,2026-06-21T05:05:23Z
2026-06-21,HR,NorthRoster Hub,547-831-9126,sales@northrosterhub.io,https://www.northrosterhub.io,38,Raleigh,US,2026-06-21T02:54:11Z
2026-06-21,MSP Platform,SableMonitorSync,8864946394,info@sablemonitorsync.com,https://www.sablemonitorsync.com,39,Seattle,US,2026-06-21T06:36:18Z
2026-06-21,MSP Platform,ZenPatch Desk,566-872-9441,hello@zenpatchdesk.com,https://www.zenpatchdesk.com,18,Manchester,UK,2026-06-21T06:09:54Z
2026-06-21,HR,NimbusPayroll Cloud,1-230-252-4588,sales@nimbuspayrollcloud.com,https://www.nimbuspayrollcloud.com,200,Munich,DE,2026-06-21T02:48:16Z
2026-06-21,LMS,QuantumLearn Labs,+16673916904,info@quantumlearnlabs.net,https://quantumlearnlabs.net,62,Chicago,US,2026-06-21T04:55:46Z
2026-06-21,Medical,OrbitHealth Cloud,6986394617 ext. 82,contact@orbithealthcloud.com,https://www.orbithealthcloud.com,10,Denver,US,2026-06-21T03:28:19Z
2026-06-21,ERP,AnchorChain Core,208-330-5522,sales@anchorchaincore.io,https://www.anchorchaincore.io,36,Karachi,PK,2026-06-21T01:14:36Z
2026-06-21,MSP Platform,NovaNode Base,494-831-2257,sales@novanodebase.co,novanodebase.co,44,Melbourne,AU,2026-06-21T04:18:37Z
2026-06-21,ERP,OnyxResourceBase,8967797278,hello@onyxresourcebase.co,https://onyxresourcebase.co,192,Pune,IN,2026-06-21T02:12:19Z
2026-06-21,LEGAL ,Sable MatterHub,5774455933,contact@sablematterhub.com,sablematterhub.com,342,Raleigh,US,2026-06-21T04:02:16Z
2026-06-21,HR,HarborShift Suite,(422) 355-3741,info@harborshiftsuite.co,https://harborshiftsuite.co,466,Boston,US,2026-06-21T06:03:59Z
2026-06-21,Legal,TrueMatterSoft,(398) 280-1563,sales@truemattersoft.io,https://truemattersoft.io,11,N/A,AU,2026-06-21T01:20:41Z
2026-06-21,Medical,HarborVitalDesk,682-795-4446,info@harborvitaldesk.com,https://www.harborvitaldesk.com,481,Pune,IN,2026-06-21T06:33:17Z
2026-06-21,HR,BluePerform Platform,(965) 428-0266,info@blueperformplatform.net,https://www.blueperformplatform.net,9,Raleigh,US,2026-06-21T02:59:12Z
2026-06-21,Medical,Quartz HealthBase,719-708-3286,hello@quartzhealthbase.com,https://www.quartzhealthbase.com,34,Raleigh,US,2026-06-21T06:09:54Z
2026-06-21,Medical,VeloClinic Soft,655-395-5176,info@veloclinicsoft.com,https://www.veloclinicsoft.com,94,Boston,US,2026-06-21T04:17:52Z
2026-06-21,ERP,Core StockPoint,(435) 668-7888,info@corestockpoint.co,https://corestockpoint.co,182,Chicago,US,2026-06-21T06:41:59Z
2026-06-21,LMS,BrightCohortPlatform,745-477-7761,info@brightcohortplatform.io,https://www.brightcohortplatform.io,1228,Chicago,US,2026-06-21T02:42:00Z
2026-06-21,MSP Platform,NorthRemoteHub,+14477282244 ext. 94,info@northremotehub.com,https://www.northremotehub.com,75,Raleigh,US,2026-06-21T06:40:43Z
2026-06-21,Medical,RavenPulse Flow,508-919-3577,sales@ravenpulseflow.io,https://www.ravenpulseflow.io,485,Bengaluru,IN,2026-06-21T01:00:29Z
2026-06-21,Medical,BeaconCare Platform,588-330-5738 ext. 35,hello@beaconcareplatform.com,https://beaconcareplatform.com,895,London,UK,2026-06-21T05:41:31Z
2026-06-21,LMS,Cedar MentorCore,+16752788700,sales@cedarmentorcore.com,https://www.cedarmentorcore.com,95,Atlanta,US,2026-06-21T02:39:27Z
2026-06-21,HR,OnyxPerform Platform,1-819-470-7122,contact@onyxperformplatform.net,https://www.onyxperformplatform.net,20,Vancouver,CA,2026-06-21T04:12:39Z
2026-06-21,LEGAL ,WillowCompli Suite,862-982-0131 ext. 85,contact@willowcomplisuite.net,https://willowcomplisuite.net,89,Austin,US,2026-06-21T01:13:33Z
2026-06-21,HR,BrightPeople Works,1-387-373-0033,hello@brightpeopleworks.com,brightpeopleworks.com,311,Berlin,DE,2026-06-21T02:31:24Z
2026-06-21,ERP,ApexOrder Logic,(404) 931-6352,contact@apexorderlogic.com,https://apexorderlogic.com,38,Calgary,CA,2026-06-21T01:53:55Z
2026-06-21,MSP Platform,Ridge NetSolutions,+13948180625,contact@ridgenetsolutions.io,https://www.ridgenetsolutions.io,12,Pune,IN,2026-06-21T01:34:45Z
2026-06-21,MSP Platform,BeaconEndpointSystems,(854) 344-4921,info@beaconendpointsystems.com,https://www.beaconendpointsystems.com,34,Calgary,CA,2026-06-21T03:08:42Z
2026-06-21,HR,RavenPayroll Systems,753-697-0280,contact@ravenpayrollsystems.com,https://www.ravenpayrollsystems.com,328,Munich,DE,2026-06-21T02:27:04Z
2026-06-21,ERP,ApexOrderSphere,+16094202495,hello@apexordersphere.com,https://apexordersphere.com,100,Chicago,US,2026-06-21T04:51:12Z
2026-06-21,Medical,North CareCore,1-960-650-4830,hello@northcarecore.com,northcarecore.com,5,Sydney,AU,2026-06-21T06:00:05Z
2026-06-21,Legal,TrueCase Point,(868) 526-6552,hello@truecasepoint.io,truecasepoint.io,15,Tampa,US,2026-06-21T04:46:57Z
2026-06-21,MSP Platform,Willow StackSystems,+13424641584,contact@willowstacksystems.com,https://willowstacksystems.com,25,Tampa,US,2026-06-21T03:50:50Z
2026-06-21,HR,BoldShiftLabs,+1 (293) 904-7100,info@boldshiftlabs.com,https://www.boldshiftlabs.com,25,Austin,US,2026-06-21T01:41:48Z
2026-06-21,HR,CedarTalent Sync,334-616-7387,contact@cedartalentsync.com,https://cedartalentsync.com,,Raleigh,US,2026-06-21T02:09:17Z
2026-06-21,HR,CoreBenefit Solutions,483.853.7523,info@corebenefitsolutions.io,https://corebenefitsolutions.io,16,Calgary,CA,2026-06-21T03:19:26Z
2026-06-21,Medical,AnchorTriage Suite,5149446166,sales@anchortriagesuite.com,https://www.anchortriagesuite.com,32,Columbus,US,2026-06-21T01:52:14Z
2026-06-21,MSP Platform,North PatchSuite,+18564874081,contact@northpatchsuite.com,northpatchsuite.com,348,Pune,IN,2026-06-21T01:16:53Z
2026-06-21,MSP Platform,VistaNodeSuite,619-279-6373,sales@vistanodesuite.com,vistanodesuite.com,35,Atlanta,US,2026-06-21T05:23:07Z
2026-06-21,LEGAL ,ArchCompli App,+17238436708,hello@archcompliapp.com,archcompliapp.com,89,Calgary,CA,2026-06-21T06:48:45Z
2026-06-21,MSP Platform,ArchRemote Sphere,927-444-2318,hello@archremotesphere.com,https://archremotesphere.com,45,Phoenix,US,2026-06-21T04:57:55Z
2026-06-21,Medical,Umbra Care Outsourcing,924-692-2820,contact@umbracareoutsourcing.com,https://www.umbracareoutsourcing.com,188,Boston,US,2026-06-21T05:39:31Z
2026-06-21,HR,RapidPayrollSphere,408-923-5909,sales@rapidpayrollsphere.com,https://www.rapidpayrollsphere.com,235,London,UK,2026-06-21T02:34:55Z
2026-06-21,Legal,LatticeClause Core,+17638032613,contact@latticeclausecore.com,https://www.latticeclausecore.com,213,Tampa,US,2026-06-21T05:56:06Z
2026-06-21,LMS,Pivot ShiftSuite,(545) 683-5510,info@pivotshiftsuite.com,https://www.pivotshiftsuite.com,439,Amsterdam,NL,2026-06-21T04:47:24Z
2026-06-21,ERP,Anchor OpsPoint,02895637867,hello@anchoropspoint.com,https://www.anchoropspoint.com,207,Sydney,AU,2026-06-21T06:37:39Z
2026-06-21,ERP,ClearBatchSystems,913-387-4441,hello@clearbatchsystems.com,https://www.clearbatchsystems.com,14,Chicago,US,2026-06-21T01:52:19Z
2026-06-21,MSP Platform,EmberUptimeCore,1-361-600-3705,hello@emberuptimecore.io,https://emberuptimecore.io,933,Boston,US,2026-06-21T03:35:21Z
2026-06-21,ERP,Iron StockSync,282-326-1539,hello@ironstocksync.com,https://ironstocksync.com,863,Munich,DE,2026-06-21T02:11:33Z
2026-06-21,MSP Platform,Pivot NodeLogic,204-366-2906,info@pivotnodelogic.com,https://www.pivotnodelogic.com,3015,Boston,US,2026-06-21T01:15:02Z
2026-06-21,Medical,VertexPulseTech,889-784-6096,contact@vertexpulsetech.com,https://vertexpulsetech.com,13,Chicago,US,2026-06-21T03:54:15Z
2026-06-21,MSP Platform,WillowRemoteSystems,827.886.2772,sales@willowremotesystems.net,https://www.willowremotesystems.net,85,Columbus,US,2026-06-21T03:16:24Z
2026-06-21,MSP Platform,HaloMonitorSphere,(652) 586-5561,info@halomonitorsphere.com,https://www.halomonitorsphere.com,16,Seattle,US,2026-06-21T04:46:57Z
2026-06-21,ERP,Keystone PlanDesk,376-505-0024,contact@keystoneplandesk.io,https://keystoneplandesk.io,16,Atlanta,US,2026-06-21T02:38:49Z
2026-06-21,Legal,UmbraCounsel Logic,1-275-877-3777,hello@umbracounsellogic.co,https://www.umbracounsellogic.co,97,Denver,US,2026-06-21T03:00:48Z
2026-06-21,ERP,QuantumFin App,(644) 827-1061,contact@quantumfinapp.com,https://www.quantumfinapp.com,944,Denver,US,2026-06-21T02:58:11Z
2026-06-21,HR,XenonPeopleSystems,+16042343850,contact@xenonpeoplesystems.com,https://www.xenonpeoplesystems.com,126,Singapore,SG,2026-06-21T05:58:41Z
2026-06-21,MSP Platform,KeystoneEndpoint App,7656275654,contact@keystoneendpointapp.io,https://www.keystoneendpointapp.io,13,Dublin,IE,2026-06-21T05:30:04Z
2026-06-21,HR,BlueCulturePoint,7122355247,sales@blueculturepoint.io,https://www.blueculturepoint.io,9,Atlanta,US,2026-06-21T05:10:03Z
2026-06-21,Medical,BrightRx Soft,6067257597,info@brightrxsoft.io,https://brightrxsoft.io,38,Denver,US,2026-06-21T04:44:56Z
2026-06-21,ERP,Cedar BatchTech,+18872825679,sales@cedarbatchtech.com,https://www.cedarbatchtech.com,36,Amsterdam,NL,2026-06-21T02:48:08Z
2026-06-21,ERP,Crown StockDesk,(254) 529-9832,info@crownstockdesk.com,crownstockdesk.com,28,Phoenix,US,2026-06-21T02:40:30Z
2026-06-21,HR,MosaicPayrollLogic,1-457-346-0531,sales@mosaicpayrolllogic.com,https://www.mosaicpayrolllogic.com,100,Austin,US,2026-06-21T05:16:51Z
2026-06-21,Medical,Atlas Pulse Staffing,420-604-3260,info@atlaspulsestaffing.com,https://www.atlaspulsestaffing.com,92,Lahore,PK,2026-06-21T03:52:29Z
2026-06-21,Medical,IndigoCareSync,+14908417423,contact@indigocaresync.net,https://indigocaresync.net,173,Sydney,AU,2026-06-21T02:59:37Z
2026-06-21,HR,Crest PerformDynamics,+13903809108,info@crestperformdynamics.com,https://www.crestperformdynamics.com,12,Lahore,PK,2026-06-21T03:24:56Z
2026-06-21,Medical,True PatientSuite,+1 (973) 790-9773,hello@truepatientsuite.com,https://www.truepatientsuite.com,88,Chicago,US,2026-06-21T01:12:36Z
2026-06-21,Medical,Pioneer’s TriageSystems,(547) 988-5990,hello@pioneertriagesystems.com,https://www.pioneertriagesystems.com,488,Denver,US,2026-06-21T04:53:35Z
2026-06-21,MSP Platform,ClearMonitorApp’s,+1 (410) 803-8257,sales@clearmonitorapp.io,https://www.clearmonitorapp.io,11,Melbourne,AU,2026-06-21T04:00:25Z
2026-06-21,ERP,AltaOps’s Flow,02717519022,contact@altaopsflow.com,https://www.altaopsflow.com,39,Islamabad,PK,2026-06-21T02:16:31Z
2026-06-21,MSP Platform,Mosaic EndpointHub,(682) 309-6735,hello@mosaicendpointhub.com,https://www.mosaicendpointhub.com,137,Karachi,PK,2026-06-21T06:27:18Z
2026-06-21,Medical,AtlasTriage Soft,1-934-655-4189,contact@atlastriagesoft.io,https://www.atlastriagesoft.io,2127,Austin,US,2026-06-21T01:19:20Z
2026-06-21,ERP,BeaconOpsPoint,985-235-4035,info@beaconopspoint.com,https://www.beaconopspoint.com,237,Munich,DE,2026-06-21T02:09:57Z
2026-06-21,ERP,CoreOrder Desk,2066084943,contact@coreorderdesk.com,https://coreorderdesk.com,41,Denver,US,2026-06-21T04:55:55Z
2026-06-21,MSP Platform,Rapid GridCore,511-917-8310,hello@rapidgridcore.com,https://rapidgridcore.com,36,Denver,US,2026-06-21T02:43:26Z
2026-06-21,Legal,VistaMatter Works,+12082304169,contact@vistamatterworks.co,https://www.vistamatterworks.co,31,Boston,US,2026-06-21T04:37:59Z
2026-06-21,ERP,LumenFinSphere,476-696-8209,info@lumenfinsphere.io,https://www.lumenfinsphere.io,20,Leeds,UK,2026-06-21T03:34:01Z
2026-06-21,ERP,VistaForgeLabs,320-780-4989,hello@vistaforgelabs.com,https://www.vistaforgelabs.com,94,Singapore,SG,2026-06-21T04:56:29Z
2026-06-21,ERP,Summit ForgeTech,600.289.4196,sales@summitforgetech.net,https://www.summitforgetech.net,42,Columbus,US,2026-06-21T01:17:58Z
2026-06-21,LMS,CoreLearnPlatform,+1 (612) 527-9088,contact@corelearnplatform.com,https://corelearnplatform.com,2005,London,UK,2026-06-21T04:30:06Z
2026-06-21,HR,AtlasPeople App,309.682.3218,sales@atlaspeopleapp.io,https://atlaspeopleapp.io,50,Raleigh,US,2026-06-21T04:34:35Z
2026-06-21,LMS,Quantum LearnLabs,(469) 713-1794,info@quantumlearnlabs.com,https://www.quantumlearnlabs.com,null,Toronto,CA,2026-06-21T06:40:53Z
2026-06-21,ERP,VistaOps Dynamics,921-974-9731,sales@vistaopsdynamics.net,https://www.vistaopsdynamics.net,18,Karachi,PK,2026-06-21T02:03:13Z
2026-06-21,MSP Platform,Silver EndpointWorks,(589) 654-7411,contact@silverendpointworks.com,silverendpointworks.com,21,Raleigh,US,2026-06-21T03:57:53Z
2026-06-21,HR,FusionRoster App,989-957-8266,sales@fusionrosterapp.io,https://www.fusionrosterapp.io,48,Amsterdam,NL,2026-06-21T04:53:21Z
2026-06-21,HR,OnyxPerformCore,797.241.3029,contact@onyxperformcore.com,https://www.onyxperformcore.com,325,Denver,US,2026-06-21T04:28:40Z
2026-06-21,Medical,Cedar HealthPlatform,1-467-324-5989 ext. 69,sales@cedarhealthplatform.io,https://www.cedarhealthplatform.io,12,Denver,US,2026-06-21T02:30:59Z
2026-06-21,LMS,TrueMentor Platform,+19142647671,sales@truementorplatform.io,https://www.truementorplatform.io,2573,Boston,US,2026-06-21T04:12:46Z
2026-06-21,ERP,Ridge PlanDynamics,3398950386,info@ridgeplandynamics.com,ridgeplandynamics.com,130,Manchester,UK,2026-06-21T03:03:37Z
2026-06-21,ERP,PrimeLedger Sphere,749-733-7351,hello@primeledgersphere.com,https://www.primeledgersphere.com,73,null,CA,2026-06-21T06:18:13Z
2026-06-21,MSP Platform,SableNetLabs,762-844-1866,info@sablenetlabs.co,https://www.sablenetlabs.co,95,Chicago,US,2026-06-21T03:14:55Z
2026-06-21,Medical,CedarHealth App,1-593-406-6390,contact@cedarhealthapp.com,https://www.cedarhealthapp.com,11,Denver,US,2026-06-21T06:41:58Z
2026-06-21,MSP Platform,ApexEndpoint Labs,(871) 555-1290,hello@apexendpointlabs.com,https://www.apexendpointlabs.com,5,Sydney,AU,2026-06-21T03:58:28Z
2026-06-21,MSP Platform,TidalEndpoint Cloud,(204) 927-4316,hello@tidalendpointcloud.com,https://www.tidalendpointcloud.com,632,Amsterdam,NL,2026-06-21T05:24:14Z
2026-06-21,MSP Platform,SableStackApp,+16139130575,hello@sablestackapp.com,https://sablestackapp.com,18,Tampa,US,2026-06-21T05:47:38Z
2026-06-21,HR,HaloShift Logic,+14338466296,hello@haloshiftlogic.net,haloshiftlogic.net,10,Manchester,UK,2026-06-21T02:30:22Z
2026-06-21,ERP,CrownOrderPlatform,(945) 999-0867,null,https://crownorderplatform.net,25,Amsterdam,NL,2026-06-21T06:58:37Z
2026-06-21,HR,ClearCulture Dynamics,236-538-4523,sales@clearculturedynamics.com,clearculturedynamics.com,49,Manchester,UK,2026-06-21T04:07:37Z
2026-06-21,ERP,ClearStock Cloud,(885) 838-0910,,clearstockcloud.com,127,Columbus,US,2026-06-21T02:30:09Z
2026-06-21,Medical,BeaconCareWorks,296.629.2094,contact@beaconcareworks.com,https://beaconcareworks.com,2004,Chicago,US,2026-06-21T02:00:44Z
2026-06-21,MSP Platform,Ridge StackLogic,06075558564,contact@ridgestacklogic.net,https://www.ridgestacklogic.net,49,Atlanta,US,2026-06-21T01:23:13Z
2026-06-21,Medical,Cobalt TriagéPoint,832-365-1188,sales@cobalttriagepoint.io,https://www.cobalttriagepoint.io,141,Phoenix,US,2026-06-21T06:29:23Z
2026-06-21,legal,VistaFilingCloud,+13034360947,info@vistafilingcloud.com,https://www.vistafilingcloud.com,95,Seattle,US,2026-06-21T03:54:41Z
2026-06-21,HR,XenonCulture Systems,1-755-289-3089,info@xenonculturesystems.com,https://www.xenonculturesystems.com,-,Seattle,US,2026-06-21T05:50:50Z
2026-06-21,HR,Crest RosterTech,+13915241364,sales@crestrostertech.com,https://www.crestrostertech.com,27,Austin,US,2026-06-21T02:40:17Z
2026-06-21,ERP,Lattice ResourceDesk,478.458.3026,hello@latticeresourcedesk.net,https://latticeresourcedesk.net,5,Manchester,UK,2026-06-21T04:53:36Z
2026-06-21,LEGAL ,NovaMatter Base,4446000417,sales@novamatterbase.co,https://novamatterbase.co,878,N/A,US,2026-06-21T03:43:26Z
2026-06-21,Medical,CedarTriagePoint,(974) 680-5978,contact@cedartriagepoint.co,https://www.cedartriagepoint.co,1660,Denver,US,2026-06-21T01:18:24Z
2026-06-21,LMS,MosaicCourseSoft,07516770696,contact@mosaiccoursesoft.com,mosaiccoursesoft.com,189,Seattle,US,2026-06-21T04:02:38Z
2026-06-21,Legal,LumenBriefTech,982-987-2077,hello@lumenbrieftech.com,https://www.lumenbrieftech.com,30,Tampa,US,2026-06-21T06:16:42Z
2026-06-21,ERP,ApexForgeApp,1-710-965-7364,hello@apexforgeapp.com,https://www.apexforgeapp.com,13,Manchester,UK,2026-06-21T04:32:40Z
2026-06-21,HR,ApexShift Point,1-846-822-1714,contact@apexshiftpoint.io,https://www.apexshiftpoint.io,239,Tampa,US,2026-06-21T02:09:02Z
2026-06-21,MSP Platform,RidgewayTicketLabs,+15199612157,,ridgewayticketlabs.co,17,Seattle,US,2026-06-21T02:11:19Z
2026-06-21,LEGAL ,NovaFilingHub,3358574142,hello@novafilinghub.io,https://www.novafilinghub.io,8,Raleigh,US,2026-06-21T06:17:59Z
2026-06-21,ERP,VistaOrderSoft,1-643-220-5380,hello@vistaordersoft.com,https://www.vistaordersoft.com,168,Boston,US,2026-06-21T01:30:12Z
2026-06-21,ERP,FalconChainPlatform,668-833-3088,contact@falconchainplatform.com,https://www.falconchainplatform.com,13,Atlanta,US,2026-06-21T03:52:43Z
2026-06-21,ERP,WillowOrder Logic,504.338.3411,hello@willoworderlogic.com,https://willoworderlogic.com,20,Raleigh,US,2026-06-21T01:10:45Z
2026-06-21,Medical,Mosaic CareSuite,(845) 520-7859,null,https://www.mosaiccaresuite.net,14,London,UK,2026-06-21T01:27:34Z
2026-06-21,HR,Quartz TeamBase,790.651.8976,hello@quartzteambase.io,https://www.quartzteambase.io,497,N/A,US,2026-06-21T04:27:33Z
2026-06-21,HR,CrestRoster Hub,708-879-3885,sales@crestrosterhub.net,crestrosterhub.net,415,Sydney,AU,2026-06-21T03:27:06Z
2026-06-21,MSP Platform,ArchTicket Desk,565-836-1317,info@archticketdesk.com,https://archticketdesk.com,167,London,UK,2026-06-21T02:48:26Z
2026-06-21,legal,XenonCompli Works,442-336-1561 ext. 75,hello@xenoncompliworks.com,https://www.xenoncompliworks.com,24,Tampa,US,2026-06-21T06:07:05Z
2026-06-21,HR,Halo OnboardBase,1-650-766-6055,hello@haloonboardbase.io,https://haloonboardbase.io,37,Toronto,CA,2026-06-21T01:03:23Z
2026-06-21,Medical,SableHealthWorks,860-657-9539,info@sablehealthworks.com,https://www.sablehealthworks.com,536,Toronto,CA,2026-06-21T04:58:08Z
2026-06-21,Legal,KeystoneLaw Dynamics,(750) 252-7490,hello@keystonelawdynamics.com,https://www.keystonelawdynamics.com,667,Sydney,AU,2026-06-21T04:14:34Z
2026-06-21,ERP,SilverPlan Flow,4977967261,info@silverplanflow.co,silverplanflow.co,93,Columbus,US,2026-06-21T04:41:27Z
2026-06-21,Medical,Lattice PatientApp,+18433818482,,latticepatientapp.com,42,Denver,US,2026-06-21T03:06:30Z
2026-06-21,ERP,Omni OpsSync,07899951183 ext. 58,contact@omniopssync.net,https://omniopssync.net,447,Columbus,US,2026-06-21T05:42:36Z
2026-06-21,MSP Platform,Silver RemotePlatform,(560) 657-7789,contact@silverremoteplatform.com,https://www.silverremoteplatform.com,74,null,US,2026-06-21T05:50:47Z
2026-06-21,ERP,Tidal LedgerApp,763.244.5197,hello@tidalledgerapp.net,tidalledgerapp.net,40,Seattle,US,2026-06-21T02:06:00Z
2026-06-21,Legal,SableCounselSphere,(360) 454-9173,contact@sablecounselsphere.com,https://sablecounselsphere.com,67,Boston,US,2026-06-21T01:44:18Z
2026-06-21,Medical,AltaClinicCore,(460) 490-6167,sales@altacliniccore.com,altacliniccore.com,1865,Boston,US,2026-06-21T01:33:23Z
2026-06-21,Medical,Ember ClinicCloud,8746057186,contact@embercliniccloud.io,https://www.embercliniccloud.io,357,Melbourne,AU,2026-06-21T03:56:02Z
2026-06-21,Medical,NovaMedSolutions,+13939200178,contact@novamedsolutions.com,https://novamedsolutions.com,97,Tampa,US,2026-06-21T03:56:00Z
2026-06-21,HR,Prime CultureBase,(664) 613-8041,hello@primeculturebase.com,https://www.primeculturebase.com,9,Austin,US,2026-06-21T02:37:16Z
2026-06-21,Medical,XenonChartSolutions,1-839-496-8336,sales@xenonchartsolutions.net,https://www.xenonchartsolutions.net,228,Raleigh,US,2026-06-21T05:47:18Z
2026-06-21,ERP,WillowFinCore,(645) 602-8150,sales@willowfincore.com,https://www.willowfincore.com,99,Vancouver,CA,2026-06-21T01:52:40Z
2026-06-21,HR,NorthTeam App,1-246-340-1758,-,https://www.northteamapp.com,14,Atlanta,US,2026-06-21T01:07:48Z
2026-06-21,Medical,CorePulse Suite,719-335-0802,contact@corepulsesuite.io,https://corepulsesuite.io,49,Atlanta,US,2026-06-21T05:04:55Z
2026-06-21,LMS,Keystone RxSuite,+19766629289,sales@keystonerxsuite.io,https://keystonerxsuite.io,169,Leeds,UK,2026-06-21T02:51:54Z
2026-06-21,MSP Platform,AnchorEndpoint Core,(663) 997-4180,info@anchorendpointcore.com,https://anchorendpointcore.com,6,London,UK,2026-06-21T04:26:12Z
2026-06-21,MSP Platform,CrownStackSystems,3567313382,contact@crownstacksystems.co,https://www.crownstacksystems.co,21,Raleigh,US,2026-06-21T04:01:29Z
2026-06-21,legal,Polaris CompliSphere,+18798379453,contact@polariscomplisphere.com,https://www.polariscomplisphere.com,42,Phoenix,US,2026-06-21T01:18:56Z
2026-06-21,Medical,PrimeVitalWorks,(876) 554-1786,hello@primevitalworks.com,https://www.primevitalworks.com,90,Austin,US,2026-06-21T03:28:33Z
2026-06-21,Lgl,AltaBriefSystems,+13387059131,sales@altabriefsystems.net,altabriefsystems.net,68,Seattle,US,2026-06-21T02:55:08Z
2026-06-21,ERP,XenonForge Works,(811) 950-0538 ext. 2,info@xenonforgeworks.io,https://www.xenonforgeworks.io,35,Chicago,US,2026-06-21T04:42:23Z
2026-06-21,LMS,Omni PathPlatform,+16844935488,info@omnipathplatform.com,https://www.omnipathplatform.com,26,Seattle,US,2026-06-21T06:39:23Z
2026-06-21,Medical,AnchorVitalPoint,(677) 787-6811,contact@anchorvitalpoint.com,https://www.anchorvitalpoint.com,14,Berlin,DE,2026-06-21T05:40:11Z
2026-06-21,HR,OrbitCultureDynamics,+18675898194,sales@orbitculturedynamics.net,https://orbitculturedynamics.net,11,Dublin,IE,2026-06-21T03:59:44Z
2026-06-21,Medical,BeaconVital Suite,802-485-3214,sales@beaconvitalsuite.io,https://beaconvitalsuite.io,31,Singapore,SG,2026-06-21T05:43:17Z
2026-06-21,Legal,MetaBriefTech,1-437-688-3586,info@metabrieftech.com,https://www.metabrieftech.com,49,,US,2026-06-21T05:23:28Z
2026-06-21,Medical,MosaicCare App,947-392-6667,hello@mosaiccareapp.io,https://mosaiccareapp.io,23,Seattle,US,2026-06-21T06:35:32Z
2026-06-21,MSP Platform,NimbusGridSuite,3959500488,sales@nimbusgridsuite.com,nimbusgridsuite.com,29,Chicago,US,2026-06-21T04:25:50Z
2026-06-21,Medical,Juniper Clinic Outsourcing,(843) 996-8364,contact@juniperclinicoutsourcing.com,https://www.juniperclinicoutsourcing.com,28,Tampa,US,2026-06-21T02:26:53Z
2026-06-21,legal,Zen CounselPoint,+1 (647) 948-8273,hello@zencounselpoint.com,zencounselpoint.com,226,Chicago,US,2026-06-21T02:28:49Z
2026-06-21,Medical,Prime VitalDesk,+1 (930) 910-3942,contact@primevitaldesk.io,https://www.primevitaldesk.io,930,Berlin,DE,2026-06-21T02:45:59Z
2026-06-21,ERP,Keystone ChainApp,+13064089649,contact@keystonechainapp.io,https://keystonechainapp.io,9,Pune,IN,2026-06-21T02:34:16Z
2026-06-21,ERP,Apex ChainSoft,(769) 543-5252,N/A,https://apexchainsoft.com,233,Singapore,SG,2026-06-21T06:55:16Z
2026-06-21,legal,MosaicBrief Platform,856-419-9065,hello@mosaicbriefplatform.co,https://www.mosaicbriefplatform.co,43,Phoenix,US,2026-06-21T06:07:06Z
2026-06-21,Legal,Apex CaseLogic,541-720-6794,contact@apexcaselogic.com,apexcaselogic.com,175,Atlanta,US,2026-06-21T05:19:54Z
2026-06-21,MSP Platform,LumenRemoteDesk,1-615-423-0635,info@lumenremotedesk.com,https://www.lumenremotedesk.com,15,Atlanta,US,2026-06-21T04:57:54Z
2026-06-21,ERP,GoldenOpsDynamics,(368) 558-7115,null,https://www.goldenopsdynamics.net,424,Austin,US,2026-06-21T04:30:10Z
2026-06-21,MSP Platform,Lattice UptimeSuite,296-881-8688,hello@latticeuptimesuite.co,https://www.latticeuptimesuite.co,125,Columbus,US,2026-06-21T04:24:58Z
2026-06-21,ERP,MetaLedger Dynamics,777-849-6667,hello@metaledgerdynamics.net,https://metaledgerdynamics.net,154,Chicago,US,2026-06-21T04:05:43Z
2026-06-21,Medical,RapidHealth Labs,1-749-715-9279,info@rapidhealthlabs.com,https://www.rapidhealthlabs.com,299,Tampa,US,2026-06-21T02:21:42Z
2026-06-21,ERP,NorthOpsSoft,654-343-1404 ext. 70,sales@northopssoft.com,https://www.northopssoft.com,998,Atlanta,US,2026-06-21T01:56:53Z
2026-06-21,MSP Platform,ClearTicketCloud,+15907107402,hello@clearticketcloud.com,https://www.clearticketcloud.com,9,Denver,US,2026-06-21T06:05:19Z
2026-06-21,ERP,AltaOpsApp,332.800.8176,hello@altaopsapp.com,https://www.altaopsapp.com,331,Manchester,UK,2026-06-21T02:08:13Z
2026-06-21,Medical,Zephyr HealthSolutions,6614586013,hello@zephyrhealthsolutions.co,zephyrhealthsolutions.co,678,Phoenix,US,2026-06-21T06:57:08Z
2026-06-21,MSP Platform,Bright RemoteFlow,+18304023687,info@brightremoteflow.io,https://www.brightremoteflow.io,80,Melbourne,AU,2026-06-21T02:10:49Z
2026-06-21,ERP,AtlasOpsSolutions,864.259.8967,sales@atlasopssolutions.io,atlasopssolutions.io,12,Amsterdam,NL,2026-06-21T02:07:35Z
2026-06-21,Medical,North HealthPlatform,567.405.7877,info@northhealthplatform.com,https://northhealthplatform.com,196,Sydney,AU,2026-06-21T04:33:56Z
2026-06-21,Medical,Falcon CareLogic,619.919.0030,sales@falconcarelogic.com,https://www.falconcarelogic.com,32,Toronto,CA,2026-06-21T06:26:49Z
2026-06-21,MSP Platform,Granite PatchApp,02663987502,info@granitepatchapp.io,https://granitepatchapp.io,16,Austin,US,2026-06-21T05:46:11Z
2026-06-21,HR,GraniteTalentLabs,709-792-4660,hello@granitetalentlabs.com,https://www.granitetalentlabs.com,857,Columbus,US,2026-06-21T04:15:16Z
2026-06-21,ERP,NovaFinSolutions,481.857.0733 ext. 24,hello@novafinsolutions.com,novafinsolutions.com,785,Austin,US,2026-06-21T03:42:29Z
2026-06-21,legal,True CompliPoint,712-261-8881,sales@truecomplipoint.io,https://truecomplipoint.io,495,Phoenix,US,2026-06-21T02:23:15Z
2026-06-21,HR,VertexBenefit Desk,+18333302535,hello@vertexbenefitdesk.com,https://www.vertexbenefitdesk.com,700,Seattle,US,2026-06-21T02:35:18Z
2026-06-21,Medical,BlueCare Systems,(791) 220-8538,hello@bluecaresystems.com,https://www.bluecaresystems.com,179,Leeds,UK,2026-06-21T02:32:27Z
2026-06-21,MSP Platform,ArchTicket Works,+16165287605,hello@archticketworks.com,https://www.archticketworks.com,84,Sydney,AU,2026-06-21T01:51:56Z
2026-06-21,ERP,HarborLedger Flow,(432) 347-6745,sales@harborledgerflow.com,https://harborledgerflow.com,491,Chicago,US,2026-06-21T02:01:26Z
2026-06-21,ERP,Cedar BatchPoint,(208) 663-1161,hello@cedarbatchpoint.com,https://cedarbatchpoint.com,68,Seattle,US,2026-06-21T06:23:13Z
2026-06-21,Medical,GraniteChart Desk,882.960.4788 ext. 44,hello@granitechartdesk.com,https://www.granitechartdesk.com,16,Dublin,IE,2026-06-21T06:36:45Z
2026-06-21,MSP Platform,Solid PatchSphere,+1 (378) 347-7236,contact@solidpatchsphere.com,https://www.solidpatchsphere.com,44,Boston,US,2026-06-21T05:27:35Z
2026-06-21,ERP,Indigo LedgerTech,(783) 233-0355,sales@indigoledgertech.co,https://www.indigoledgertech.co,9,Columbus,US,2026-06-21T03:26:30Z
2026-06-21,MSP Platform,PivotUptime Works,764-289-4842,info@pivotuptimeworks.com,https://www.pivotuptimeworks.com,31,Seattle,US,2026-06-21T01:49:34Z
2026-06-21,ERP,BrightOpsDesk,07318895507,sales@brightopsdesk.com,brightopsdesk.com,821,Atlanta,US,2026-06-21T03:00:31Z
2026-06-21,MSP Platform,MetaUptimeLogic,+1 (503) 239-6553,contact@metauptimelogic.io,https://www.metauptimelogic.io,999,Singapore,SG,2026-06-21T05:51:46Z
2026-06-21,Legal,RidgewayClauseDynamics,+18365087770,contact@ridgewayclausedynamics.com,https://www.ridgewayclausedynamics.com,842,Seattle,US,2026-06-21T03:26:56Z
2026-06-21,LEGAL ,Fusion CompliLabs,(932) 266-2946,contact@fusioncomplilabs.com,https://www.fusioncomplilabs.com,29,Columbus,US,2026-06-21T02:58:21Z
2026-06-21,HR,PrimePeople Point,6333949059,sales@primepeoplepoint.com,primepeoplepoint.com,229,Karachi,PK,2026-06-21T05:24:15Z
2026-06-21,LMS,GraniteTutorSoft,(309) 852-5442,sales@granitetutorsoft.com,https://www.granitetutorsoft.com,18,Phoenix,US,2026-06-21T02:39:11Z
2026-06-21,Medical,ZephyrMed Sync,+13418802262,info@zephyrmedsync.net,https://www.zephyrmedsync.net,63,Tampa,US,2026-06-21T05:36:49Z
2026-06-21,HR,Vertex PerformFlow,(956) 864-8273,hello@vertexperformflow.com,https://www.vertexperformflow.com,48,Seattle,US,2026-06-21T03:23:14Z
2026-06-21,ERP,OmniChainLabs,914-535-7513,sales@omnichainlabs.com,https://omnichainlabs.com,767,Amsterdam,NL,2026-06-21T04:02:43Z
2026-06-21,ERP,Cobalt PlanTech,5048381878,sales@cobaltplantech.net,https://cobaltplantech.net,639,Chicago,US,2026-06-21T05:13:06Z
2026-06-21,Medical,Clear Health Staffing,+15818422959,sales@clearhealthstaffing.co,clearhealthstaffing.co,63,Columbus,US,2026-06-21T02:27:39Z
2026-06-21,Lgl,PrimeDocketFlow,1-837-308-5476,hello@primedocketflow.com,https://www.primedocketflow.com,38,Bengaluru,IN,2026-06-21T05:32:33Z
2026-06-21,HR,FalconRosterPoint,(414) 527-1160,contact@falconrosterpoint.com,https://falconrosterpoint.com,14,Denver,US,2026-06-21T01:07:48Z
2026-06-21,Legal,ZephyrMonitorSphere,(965) 517-1044,contact@zephyrmonitorsphere.com,https://www.zephyrmonitorsphere.com,659,Islamabad,PK,2026-06-21T02:24:03Z
2026-06-21,HR,GoldenBenefit Soft,1-328-935-1142,sales@goldenbenefitsoft.io,https://goldenbenefitsoft.io,31,Atlanta,US,2026-06-21T02:20:15Z
2026-06-21,Legal,ClearLaw Works,(776) 426-1640,contact@clearlawworks.com,https://www.clearlawworks.com,91,Calgary,CA,2026-06-21T04:38:22Z
2026-06-21,Medical,Polaris RxSync,1-571-741-8547,hello@polarisrxsync.com,https://www.polarisrxsync.com,613,Melbourne,AU,2026-06-21T03:46:04Z
2026-06-21,Medical,RidgePatientFlow,+16072332675,sales@ridgepatientflow.com,https://www.ridgepatientflow.com,188,Boston,US,2026-06-21T05:34:43Z
2026-06-21,ERP,Delta OpsApp,1-647-594-2555 ext. 86,hello@deltaopsapp.com,https://deltaopsapp.com,10,Pune,IN,2026-06-21T01:22:59Z
2026-06-21,Medical,RidgeChart Soft,+1 (808) 966-5596,sales@ridgechartsoft.io,https://www.ridgechartsoft.io,60,Austin,US,2026-06-21T03:38:37Z
2026-06-21,MSP Platform,PolarisMonitor Base,809-422-7674,hello@polarismonitorbase.com,https://www.polarismonitorbase.com,6,Atlanta,US,2026-06-21T01:16:22Z
2026-06-21,ERP,OrbitChainSync,+14247975454 ext. 96,contact@orbitchainsync.com,https://www.orbitchainsync.com,838,Boston,US,2026-06-21T06:36:14Z
2026-06-21,Lgl,Juniper BriefLogic,1-445-603-2791,info@juniperbrieflogic.io,https://www.juniperbrieflogic.io,2358,Leeds,UK,2026-06-21T01:01:25Z
2026-06-21,Medical,Indigo ClinicHub,+1 (813) 547-9484,sales@indigoclinichub.co,https://www.indigoclinichub.co,2785,Leeds,UK,2026-06-21T01:56:55Z
2026-06-21,LMS,Falcon Learn Consultants,(230) 321-8156,sales@falconlearnconsultants.com,https://www.falconlearnconsultants.com,7,Toronto,CA,2026-06-21T06:05:00Z
2026-06-21,Medical,BlueCare Platform,(957) 693-9408,sales@bluecareplatform.com,https://bluecareplatform.com,17,Phoenix,US,2026-06-21T01:50:29Z
2026-06-21,ERP,Rapid Batch Consultants,1-688-375-7084,hello@rapidbatchconsultants.net,https://www.rapidbatchconsultants.net,947,Raleigh,US,2026-06-21T04:49:09Z
2026-06-21,Medical,Beacon TriageApp,355-798-3892 ext. 57,info@beacontriageapp.com,beacontriageapp.com,33,Atlanta,US,2026-06-21T02:12:10Z
2026-06-21,Medical,Indigo PulseSolutions,1-365-256-7963,info@indigopulsesolutions.io,indigopulsesolutions.io,15,Chicago,US,2026-06-21T05:57:19Z
2026-06-21,HR,CobaltTalentSolutions,742-277-1206,info@cobalttalentsolutions.com,cobalttalentsolutions.com,59,Manchester,UK,2026-06-21T05:10:39Z
2026-06-21,MSP Platform,OmniPatch Suite,355.314.2636,hello@omnipatchsuite.co,https://www.omnipatchsuite.co,83,Sydney,AU,2026-06-21T01:41:31Z
2026-06-21,Lgl,UmbraCaséLabs,(234) 369-7306,sales@umbracaselabs.com,https://umbracaselabs.com,1506,Dublin,IE,2026-06-21T03:51:46Z
2026-06-21,HR,Keystone PeopleSoft,+12604390596,hello@keystonepeoplesoft.com,https://www.keystonepeoplesoft.com,38,Hyderabad,IN,2026-06-21T02:54:34Z
2026-06-21,ERP,IronFin Base,482-707-4801,sales@ironfinbase.com,https://www.ironfinbase.com,100,Manchester,UK,2026-06-21T02:20:26Z
2026-06-21,HR,VeloOnboardDynamics,+14984109443,contact@veloonboarddynamics.com,https://veloonboarddynamics.com,930,Austin,US,2026-06-21T02:37:25Z
2026-06-21,ERP,Raven ChainApp,+16703995590,contact@ravenchainapp.com,ravenchainapp.com,185,Denver,US,2026-06-21T04:32:03Z
2026-06-21,ERP,QuantumOrderApp,842-405-8425,info@quantumorderapp.co,https://www.quantumorderapp.co,37,Phoenix,US,2026-06-21T04:19:36Z
2026-06-21,Legal,ArchFiling Platform,+17414312945,sales@archfilingplatform.co,https://www.archfilingplatform.co,165,Atlanta,US,2026-06-21T05:28:47Z
2026-06-21,Medical,GoldenVitalSystems,(372) 313-6258,contact@goldenvitalsystems.com,https://www.goldenvitalsystems.com,39,Atlanta,US,2026-06-21T02:44:32Z
2026-06-21,LMS,GoldenChartTech,+16586861801,hello@goldencharttech.co,https://www.goldencharttech.co,75,Boston,US,2026-06-21T04:47:09Z
2026-06-21,Medical,Delta RxFlow,+15339906255,null,https://www.deltarxflow.com,-,Hyderabad,IN,2026-06-21T01:51:25Z
2026-06-21,ERP,Pivot OrderCloud,369-517-9056,hello@pivotordercloud.com,https://www.pivotordercloud.com,50,Karachi,PK,2026-06-21T03:21:49Z
2026-06-21,Medical,Summit ClinicDynamics,458-566-8091,hello@summitclinicdynamics.com,https://www.summitclinicdynamics.com,845,Seattle,US,2026-06-21T01:36:32Z
2026-06-21,ERP,VeloOrder Tech,959-755-4925,hello@veloordertech.io,https://veloordertech.io,19,Columbus,US,2026-06-21T01:47:31Z
2026-06-21,LMS,UmbraTutor Core,6008107852,sales@umbratutorcore.com,https://www.umbratutorcore.com,N/A,Amsterdam,NL,2026-06-21T02:17:02Z
2026-06-21,Legal,PrimeBrief Systems,1-877-921-9325,sales@primebriefsystems.io,https://www.primebriefsystems.io,182,Calgary,CA,2026-06-21T06:27:31Z
2026-06-21,ERP,QuantumPlanSolutions,(252) 597-5270,info@quantumplansolutions.net,https://www.quantumplansolutions.net,78,Toronto,CA,2026-06-21T02:21:19Z
2026-06-21,Medical,RidgeHealth Soft,912-396-5718,hello@ridgehealthsoft.com,https://www.ridgehealthsoft.com,84,Calgary,CA,2026-06-21T06:52:46Z
2026-06-21,HR,SilverTalentWorks,483-833-8575,sales@silvertalentworks.com,https://www.silvertalentworks.com,16,Amsterdam,NL,2026-06-21T01:38:58Z
2026-06-21,Legal,LumenClause Cloud,642.821.2115,sales@lumenclausecloud.com,https://www.lumenclausecloud.com,19,Chicago,US,2026-06-21T06:59:43Z
2026-06-21,ERP,OnyxOps Soft,+16284814085,info@onyxopssoft.co,onyxopssoft.co,33,Atlanta,US,2026-06-21T06:04:19Z
2026-06-21,LMS,JuniperPath Tech,+1 (937) 424-0747,contact@juniperpathtech.com,juniperpathtech.com,118,Tampa,US,2026-06-21T02:41:34Z
2026-06-21,Medical,BluePatient Base,+1 (736) 368-9542,hello@bluepatientbase.com,https://www.bluepatientbase.com,455,Melbourne,AU,2026-06-21T02:18:19Z
2026-06-21,ERP,Xenon OrderSoft,1-476-299-3324,sales@xenonordersoft.com,xenonordersoft.com,247,Columbus,US,2026-06-21T06:40:49Z
2026-06-21,HR,Crest CultureFlow,481-685-2421,hello@crestcultureflow.com,https://www.crestcultureflow.com,539,Raleigh,US,2026-06-21T06:04:35Z
2026-06-21,Lgl,EmberClauseHub,1-750-599-5747,hello@emberclausehub.io,https://emberclausehub.io,19,Manchester,UK,2026-06-21T04:14:15Z
2026-06-21,legal,Core DocketTech,1-633-850-7711,hello@coredockettech.com,https://coredockettech.com,60,Singapore,SG,2026-06-21T03:20:18Z
2026-06-21,legal,CobaltCompliLogic,959.706.5057,sales@cobaltcomplilogic.io,cobaltcomplilogic.io,16,Boston,US,2026-06-21T06:57:15Z
2026-06-21,Medical,CorePatientSphere,(667) 628-4748,info@corepatientsphere.com,https://www.corepatientsphere.com,87,Chicago,US,2026-06-21T04:20:01Z
2026-06-21,Legal,RidgewayVerdictBase,285-722-1461,contact@ridgewayverdictbase.io,https://www.ridgewayverdictbase.io,3794,Manchester,UK,2026-06-21T05:19:50Z
2026-06-21,MSP Platform,RapidRemote Hub,+19339802764,info@rapidremotehub.com,https://www.rapidremotehub.com,7,Atlanta,US,2026-06-21T04:59:55Z
2026-06-21,HR,JuniperPerformLogic,6107276261,hello@juniperperformlogic.com,juniperperformlogic.com,20,Phoenix,US,2026-06-21T05:41:56Z
2026-06-21,Medical,ClearPatientSuite,329-823-3866,info@clearpatientsuite.com,https://www.clearpatientsuite.com,157,Phoenix,US,2026-06-21T06:30:10Z
2026-06-21,Legal,Delta CasePoint,1-621-542-1423 ext. 58,hello@deltacasepoint.io,https://www.deltacasepoint.io,642,Manchester,UK,2026-06-21T05:31:21Z
2026-06-21,HR,OnyxTeam Solutions,722.650.7995 ext. 33,info@onyxteamsolutions.com,https://onyxteamsolutions.com,2276,Denver,US,2026-06-21T02:01:30Z
2026-06-21,ERP,Lumen PlanTech,2919085771,info@lumenplantech.io,https://lumenplantech.io,19,Tampa,US,2026-06-21T04:03:29Z
2026-06-21,MSP Platform,Ridge MonitorPoint,1-253-872-1153 ext. 34,info@ridgemonitorpoint.com,https://www.ridgemonitorpoint.com,19,Columbus,US,2026-06-21T03:57:57Z
2026-06-21,HR,Tidal CulturePoint,+17764391309,contact@tidalculturepoint.io,https://www.tidalculturepoint.io,97,Boston,US,2026-06-21T02:12:35Z
2026-06-21,ERP,IronBatchSystems,02716125403 ext. 34,info@ironbatchsystems.com,https://www.ironbatchsystems.com,125,Phoenix,US,2026-06-21T02:01:54Z
2026-06-21,HR,MosaicPerform Sphere,8947790474,info@mosaicperformsphere.net,https://www.mosaicperformsphere.net,21,Austin,US,2026-06-21T04:09:41Z
2026-06-21,LMS,TrueTrain Platform,07118424535,contact@truetrainplatform.net,https://www.truetrainplatform.net,1756,Atlanta,US,2026-06-21T04:18:50Z
2026-06-21,Legal,Delta MatterTech,495.739.2472,sales@deltamattertech.com,deltamattertech.com,8,Hyderabad,IN,2026-06-21T04:33:57Z
2026-06-21,Legal,LatticeFiling Flow,+1 (456) 612-7829,sales@latticefilingflow.com,https://www.latticefilingflow.com,402,Amsterdam,NL,2026-06-21T01:24:29Z
2026-06-21,HR,Quartz PayrollSync,+19006780355,contact@quartzpayrollsync.com,quartzpayrollsync.com,17,London,UK,2026-06-21T06:23:03Z
2026-06-21,HR,Ridgeway RosterCloud,(384) 371-7046,info@ridgewayrostercloud.com,https://www.ridgewayrostercloud.com,5,London,UK,2026-06-21T06:15:46Z
2026-06-21,Legal,Keystone VerdictApp,1-916-607-1584,contact@keystoneverdictapp.com,https://www.keystoneverdictapp.com,70,Austin,US,2026-06-21T04:45:45Z
2026-06-21,ERP,RidgeChainPlatform,9305117819,sales@ridgechainplatform.com,ridgechainplatform.com,20,Raleigh,US,2026-06-21T01:51:57Z
2026-06-21,LMS,Raven LessonCore,(439) 734-9311,hello@ravenlessoncore.com,https://www.ravenlessoncore.com,308,Melbourne,AU,2026-06-21T02:11:33Z
2026-06-21,LMS,GraniteLearnSoft,449.602.2443,contact@granitelearnsoft.io,https://www.granitelearnsoft.io,334,Boston,US,2026-06-21T01:49:53Z
2026-06-21,ERP,Lumen LedgerDesk,(255) 325-5078,sales@lumenledgerdesk.io,https://www.lumenledgerdesk.io,9,Columbus,US,2026-06-21T06:09:19Z
2026-06-21,MSP Platform,HarborMonitorLogic,780.979.5080 ext. 48,hello@harbormonitorlogic.com,https://www.harbormonitorlogic.com,848,Denver,US,2026-06-21T04:24:23Z
2026-06-21,ERP,TidalLedgerCore,8699686369,info@tidalledgercore.com,https://www.tidalledgercore.com,12,Singapore,SG,2026-06-21T04:54:10Z
2026-06-21,Legal,Zephyr Counsel Consulting Group,+17887321162,sales@zephyrcounselconsultinggroup.com,https://zephyrcounselconsultinggroup.com,13,Raleigh,US,2026-06-21T01:47:17Z
2026-06-21,Medical,Blué ClinicBase,+1 (957) 260-9046,sales@blueclinicbase.com,https://www.blueclinicbase.com,3247,N/A,US,2026-06-21T03:32:41Z
2026-06-21,LMS,Ridgeway SkillDesk,752-887-7915,info@ridgewayskilldesk.com,https://ridgewayskilldesk.com,49,Raleigh,US,2026-06-21T01:28:20Z
2026-06-21,HR,VeloOnboard Soft,+1 (203) 855-1551,hello@veloonboardsoft.io,https://www.veloonboardsoft.io,500,Boston,US,2026-06-21T05:19:10Z
2026-06-21,Medical,OrbitCare Sphere,(707) 980-8667,contact@orbitcaresphere.com,https://orbitcaresphere.com,34,-,US,2026-06-21T06:10:01Z
2026-06-21,HR,NovaBenefit Flow,(568) 479-7095,contact@novabenefitflow.io,https://novabenefitflow.io,41,Denver,US,2026-06-21T03:24:11Z
2026-06-21,Medical,BrightPulseSystems,1-489-422-8406 ext. 17,contact@brightpulsesystems.com,https://brightpulsesystems.com,61,Toronto,CA,2026-06-21T01:33:26Z
2026-06-21,Legal,Juniper LawCore,(459) 653-7299,contact@juniperlawcore.com,https://www.juniperlawcore.com,837,Atlanta,US,2026-06-21T03:48:33Z
2026-06-21,ERP,Iron Order Outsourcing,612.902.0668,contact@ironorderoutsourcing.com,ironorderoutsourcing.com,39,Atlanta,US,2026-06-21T02:17:25Z
2026-06-21,ERP,JuniperOps Dynamics,+12484336812,contact@juniperopsdynamics.co,https://www.juniperopsdynamics.co,47,Denver,US,2026-06-21T03:37:08Z
2026-06-21,Legal,SilverVerdict Labs,(900) 473-2127,N/A,https://www.silververdictlabs.com,18,Seattle,US,2026-06-21T03:55:43Z
2026-06-21,HR,PolarisTeamSystems,825-500-0205,contact@polaristeamsystems.io,https://www.polaristeamsystems.io,996,Pune,IN,2026-06-21T05:55:25Z
2026-06-21,ERP,Vista ForgeApp,(652) 616-3275,hello@vistaforgeapp.com,https://vistaforgeapp.com,895,Pune,IN,2026-06-21T04:14:52Z
2026-06-21,HR,Willow’s TalentSync,942-618-4153,info@willowtalentsync.com,https://www.willowtalentsync.com,43,Boston,US,2026-06-21T06:45:22Z
2026-06-21,ERP,CedarBatchDynamics,738.283.7590,hello@cedarbatchdynamics.com,https://www.cedarbatchdynamics.com,400,Raleigh,US,2026-06-21T06:07:51Z
2026-06-21,HR,TidalPayroll Works,(884) 437-3106,sales@tidalpayrollworks.io,tidalpayrollworks.io,81,Boston,US,2026-06-21T05:17:06Z
2026-06-21,Medical,RidgeVitalSystems,1-422-630-1233,contact@ridgevitalsystems.net,https://ridgevitalsystems.net,5,Seattle,US,2026-06-21T02:49:11Z
2026-06-21,Medical,GraniteClinic Platform,662.561.4867,sales@graniteclinicplatform.com,https://graniteclinicplatform.com,106,Amsterdam,NL,2026-06-21T06:10:36Z
2026-06-21,HR,VertexCultureTech,270-384-2267,contact@vertexculturetech.com,https://www.vertexculturetech.com,32,Sydney,AU,2026-06-21T03:34:24Z
2026-06-21,ERP,Bold ChainWorks,(444) 322-4786,hello@boldchainworks.com,https://www.boldchainworks.com,351,Dublin,IE,2026-06-21T01:13:35Z
2026-06-21,HR,Anchor ShiftSync,(507) 598-3687,-,https://anchorshiftsync.co,42,Toronto,CA,2026-06-21T02:34:13Z
2026-06-21,Medical,Meta TriageSphere,(680) 499-5423,info@metatriagesphere.com,https://www.metatriagesphere.com,95,Boston,US,2026-06-21T05:25:00Z
2026-06-21,legal,ZephyrCompli Base,847-713-4449,sales@zephyrcomplibase.com,zephyrcomplibase.com,2082,Tampa,US,2026-06-21T01:08:35Z
2026-06-21,HR,VistaPeople Sync,494.268.6726,null,https://vistapeoplesync.com,206,Raleigh,US,2026-06-21T04:09:45Z
2026-06-21,ERP,RapidChain Suite,1-319-736-1159,contact@rapidchainsuite.com,rapidchainsuite.com,807,Raleigh,US,2026-06-21T03:18:41Z
2026-06-21,HR,OmniPeopleLabs,(358) 472-5605,sales@omnipeoplelabs.com,https://omnipeoplelabs.com,7,Denver,US,2026-06-21T06:36:35Z
2026-06-21,Legal,BeaconCase Base,433-243-2792,info@beaconcasebase.io,https://beaconcasebase.io,259,Chicago,US,2026-06-21T01:15:56Z
2026-06-21,HR,WillowBenefitCore,263-368-9678,info@willowbenefitcore.com,https://willowbenefitcore.com,16,Phoenix,US,2026-06-21T04:51:29Z
2026-06-21,LEGAL ,PolarisMatterTech,+13305252248,sales@polarismattertech.co,https://www.polarismattertech.co,473,Islamabad,PK,2026-06-21T03:55:38Z
2026-06-21,Medical,CrestHealthLabs,(373) 255-2960,contact@cresthealthlabs.net,cresthealthlabs.net,20,Hyderabad,IN,2026-06-21T06:44:42Z
2026-06-21,ERP,MosaicStock Flow,420-912-2296,hello@mosaicstockflow.com,https://www.mosaicstockflow.com,91,Austin,US,2026-06-21T05:49:42Z
2026-06-21,Medical,Alta Care Manpower Services,+1 (963) 315-5852,sales@altacaremanpowerservices.com,https://www.altacaremanpowerservices.com,8,Munich,DE,2026-06-21T06:22:42Z
2026-06-21,ERP,BeaconResource Flow,6899439528,info@beaconresourceflow.com,https://www.beaconresourceflow.com,82,Columbus,US,2026-06-21T05:05:23Z
2026-06-21,MSP Platform,NovaEndpoint Suite,457-479-7252,sales@novaendpointsuite.co,https://www.novaendpointsuite.co,74,Dublin,IE,2026-06-21T04:37:31Z
2026-06-21,MSP Platform,Delta Stack BPO Services,1-286-411-7925 ext. 62,sales@deltastackbposervices.com,https://www.deltastackbposervices.com,5,Sydney,AU,2026-06-21T01:48:20Z
2026-06-21,HR,BeaconOnboardBase,+1 (491) 373-6711,info@beacononboardbase.com,https://www.beacononboardbase.com,181,Seattle,US,2026-06-21T02:16:29Z
2026-06-21,MSP Platform,NimbusPatchSphere,+1 (493) 485-6924,info@nimbuspatchsphere.com,nimbuspatchsphere.com,704,Bengaluru,IN,2026-06-21T02:14:10Z
2026-06-21,HR,WillowRoster Labs,+1 (638) 273-5079 ext. 60,contact@willowrosterlabs.com,https://willowrosterlabs.com,223,Atlanta,US,2026-06-21T03:27:16Z
2026-06-21,MSP Platform,Orbit RemoteSolutions,(223) 756-1624,info@orbitremotesolutions.com,https://www.orbitremotesolutions.com,167,Boston,US,2026-06-21T06:59:40Z
2026-06-21,Medical,AltaChartCore,06118866077,info@altachartcore.net,https://www.altachartcore.net,6,Karachi,PK,2026-06-21T02:16:56Z
2026-06-21,LMS,Meta TrainSync,(823) 852-5645,info@metatrainsync.io,https://www.metatrainsync.io,248,Atlanta,US,2026-06-21T02:55:51Z
2026-06-21,ERP,Silver’s StockPoint,643-994-2763,hello@silverstockpoint.com,silverstockpoint.com,289,Phoenix,US,2026-06-21T05:59:30Z
2026-06-21,HR,Keystone ShiftSuite,282.961.0209,info@keystoneshiftsuite.co,https://www.keystoneshiftsuite.co,25,Seattle,US,2026-06-21T01:24:55Z
2026-06-21,LMS,ArchCourse Soft,1-213-731-7499,hello@archcoursesoft.com,https://www.archcoursesoft.com,172,Toronto,CA,2026-06-21T01:12:27Z
2026-06-21,HR,Raven OnboardDesk,+16258260353,contact@ravenonboarddesk.net,ravenonboarddesk.net,946,Tampa,US,2026-06-21T02:57:15Z
2026-06-21,HR,BoldRoster Works,311-969-6215,contact@boldrosterworks.net,https://boldrosterworks.net,34,Atlanta,US,2026-06-21T04:55:19Z
2026-06-21,Medical,Mosaic ClinicDesk,(954) 342-3474 ext. 48,sales@mosaicclinicdesk.io,https://mosaicclinicdesk.io,42,Melbourne,AU,2026-06-21T04:56:32Z
2026-06-21,ERP,Omni ResourceSuite,+14497532125,sales@omniresourcesuite.io,omniresourcesuite.io,428,-,US,2026-06-21T02:35:19Z
2026-06-21,LMS,Lumen’s LessonDynamics,589.783.3191,contact@lumenlessondynamics.com,https://www.lumenlessondynamics.com,43,Lahore,PK,2026-06-21T05:52:45Z
2026-06-21,ERP,CedarOrder Flow,+18065511168,contact@cedarorderflow.com,https://www.cedarorderflow.com,16,Atlanta,US,2026-06-21T05:35:55Z
2026-06-21,Medical,VertexHealth Flow,+17108815296,info@vertexhealthflow.com,https://www.vertexhealthflow.com,7,Sydney,AU,2026-06-21T01:20:40Z
2026-06-21,ERP,CrownLédger Sphere,402.494.5753 ext. 79,sales@crownledgersphere.io,https://crownledgersphere.io,13,London,UK,2026-06-21T02:04:28Z
2026-06-21,Medical,Tidal ChartCore,937.394.3154,info@tidalchartcore.net,https://tidalchartcore.net,431,Vancouver,CA,2026-06-21T05:17:12Z
2026-06-21,MSP Platform,PivotStack Sphere,271-597-5872,sales@pivotstacksphere.co,https://www.pivotstacksphere.co,70,Atlanta,US,2026-06-21T01:38:21Z
2026-06-21,ERP,BoldResourceTech,+14426894997,contact@boldresourcetech.com,https://www.boldresourcetech.com,15,Seattle,US,2026-06-21T05:30:54Z
2026-06-21,Medical,CobaltTriage Systems,1-688-707-4396,info@cobalttriagesystems.com,https://cobalttriagesystems.com,20,Atlanta,US,2026-06-21T01:04:40Z
2026-06-21,Legal,CrestBriefLabs,+19459668646,hello@crestbrieflabs.co,https://www.crestbrieflabs.co,17,Raleigh,US,2026-06-21T05:57:33Z
2026-06-21,HR,Polaris Roster Talent Agency,+15665249045,info@polarisrostertalentagency.com,polarisrostertalentagency.com,4731,Berlin,DE,2026-06-21T06:40:22Z
2026-06-21,ERP,LatticeStock Solutions,1-212-243-0895,sales@latticestocksolutions.io,https://www.latticestocksolutions.io,19,Raleigh,US,2026-06-21T03:04:20Z
2026-06-21,HR,North BenefitDesk,(952) 495-5426,info@northbenefitdesk.com,https://www.northbenefitdesk.com,341,Vancouver,CA,2026-06-21T02:35:48Z
2026-06-21,LMS,RidgewayTrain Systems,4163564564,info@ridgewaytrainsystems.com,https://www.ridgewaytrainsystems.com,14,Leeds,UK,2026-06-21T03:13:16Z
2026-06-21,Legal,Falcon LawApp,544-372-9484,hello@falconlawapp.com,https://falconlawapp.com,44,Atlanta,US,2026-06-21T06:02:36Z
2026-06-21,Medical,Golden ChartLogic,+14526188444,hello@goldenchartlogic.com,https://goldenchartlogic.com,673,Seattle,US,2026-06-21T04:10:44Z
2026-06-21,MSP Platform,BoldGridDesk,+1 (287) 513-0007,contact@boldgriddesk.com,https://www.boldgriddesk.com,14,Hyderabad,IN,2026-06-21T06:52:07Z
2026-06-21,HR,OmniPeopleHub,891-831-2918,contact@omnipeoplehub.co,https://omnipeoplehub.co,18,Raleigh,US,2026-06-21T01:26:16Z
2026-06-21,MSP Platform,OmniUptimeDesk,276-937-7597,info@omniuptimedesk.co,https://www.omniuptimedesk.co,37,Toronto,CA,2026-06-21T06:44:53Z
2026-06-21,MSP Platform,ZephyrUptimeSoft,942-597-5626,info@zephyruptimesoft.io,https://www.zephyruptimesoft.io,403,Raleigh,US,2026-06-21T03:16:11Z
2026-06-21,LEGAL ,SableMatter Base,747-700-1295,sales@sablematterbase.com,https://sablematterbase.com,78,Melbourne,AU,2026-06-21T01:57:17Z
2026-06-21,MSP Platform,IronNodeBase,2858480470,info@ironnodebase.com,https://www.ironnodebase.com,73,Columbus,US,2026-06-21T02:24:19Z
2026-06-21,ERP,FalconForge Sphere,510.825.0815,sales@falconforgesphere.com,https://www.falconforgesphere.com,6,Raleigh,US,2026-06-21T04:08:38Z
2026-06-21,Medical,Golden Pulse Staffing,+16094308485,contact@goldenpulsestaffing.io,https://www.goldenpulsestaffing.io,8,Seattle,US,2026-06-21T04:46:47Z
2026-06-21,Lgl,Keystone CultureSoft,(326) 996-0879,info@keystoneculturesoft.co,https://www.keystoneculturesoft.co,93,Atlanta,US,2026-06-21T01:22:33Z
2026-06-21,ERP,MetaStock Sphere,+1 (303) 849-7303,hello@metastocksphere.com,https://www.metastocksphere.com,468,Austin,US,2026-06-21T06:23:07Z
2026-06-21,Lgl,Vertex CounselSuite,(679) 816-6821,info@vertexcounselsuite.net,https://www.vertexcounselsuite.net,399,Atlanta,US,2026-06-21T06:08:23Z
2026-06-21,MSP Platform,EmberNodePlatform,+15643873410,hello@embernodeplatform.io,embernodeplatform.io,46,Boston,US,2026-06-21T05:27:47Z
2026-06-21,LMS,OrbitCourse Systems,355.694.6178,hello@orbitcoursesystems.co,orbitcoursesystems.co,24,Chicago,US,2026-06-21T04:34:35Z
2026-06-21,Medical,SolidCareApp,(279) 494-1911,info@solidcareapp.co,https://solidcareapp.co,20,Amsterdam,NL,2026-06-21T04:25:44Z
2026-06-21,ERP,Cedar Forge Consultants,986.305.4792,hello@cedarforgeconsultants.io,https://cedarforgeconsultants.io,64,Seattle,US,2026-06-21T01:49:02Z
2026-06-21,HR,DeltaCultureCloud’s,(574) 777-4508,hello@deltaculturecloud.com,https://www.deltaculturecloud.com,10,Denver,US,2026-06-21T04:13:47Z
2026-06-21,Medical,SummitPatient Cloud,(789) 247-1041,contact@summitpatientcloud.com,https://summitpatientcloud.com,359,Manchester,UK,2026-06-21T02:21:44Z
2026-06-21,Medical,PivotRx Tech,(751) 832-1802,sales@pivotrxtech.net,https://pivotrxtech.net,473,Munich,DE,2026-06-21T03:11:54Z
2026-06-21,ERP,QuantumResource Desk,+1 (512) 925-5083,contact@quantumresourcedesk.io,https://www.quantumresourcedesk.io,44,Vancouver,CA,2026-06-21T06:52:15Z
2026-06-21,HR,LumenTeamPlatform,323.623.7274,contact@lumenteamplatform.com,https://www.lumenteamplatform.com,179,Hyderabad,IN,2026-06-21T01:55:28Z
2026-06-21,LMS,Summit Cohort Consulting Group,4452979237,contact@summitcohortconsultinggroup.io,https://www.summitcohortconsultinggroup.io,963,Atlanta,US,2026-06-21T05:47:50Z
2026-06-21,ERP,IronOrderLabs,+1 (507) 594-4193,info@ironorderlabs.com,https://www.ironorderlabs.com,N/A,Austin,US,2026-06-21T02:53:24Z
2026-06-21,ERP,Onyx FinDesk,(583) 802-9462,hello@onyxfindesk.com,https://www.onyxfindesk.com,450,Phoenix,US,2026-06-21T01:06:35Z
2026-06-21,ERP,PrimeOrder Flow,768-450-6509,info@primeorderflow.com,https://www.primeorderflow.com,406,Sydney,AU,2026-06-21T05:49:06Z
2026-06-21,ERP,Golden Forge BPO Services,361-451-4335,info@goldenforgebposervices.com,https://www.goldenforgebposervices.com,30,London,UK,2026-06-21T04:55:35Z
2026-06-21,ERP,IronOrder Platform,+13266466290,info@ironorderplatform.com,https://www.ironorderplatform.com,189,Karachi,PK,2026-06-21T03:24:29Z
2026-06-21,ERP,FalconStock Systems,(782) 328-5793,hello@falconstocksystems.io,https://falconstocksystems.io,30,Boston,US,2026-06-21T02:03:40Z
2026-06-21,Legal,Orbit VerdictFlow,9082830343,sales@orbitverdictflow.io,https://orbitverdictflow.io,214,Leeds,UK,2026-06-21T02:35:44Z
2026-06-21,ERP,ZenOpsSoft,02638274473,info@zenopssoft.com,https://www.zenopssoft.com,20,Calgary,CA,2026-06-21T02:20:06Z
2026-06-21,HR,RidgewayTeamCore,9898460231,info@ridgewayteamcore.com,https://www.ridgewayteamcore.com,7,Karachi,PK,2026-06-21T06:44:09Z
2026-06-21,ERP,LatticeStockHub,+16166596430,hello@latticestockhub.co,https://latticestockhub.co,27,Phoenix,US,2026-06-21T06:37:44Z
2026-06-21,Legal,Vertex FilingSoft,594-452-0045,hello@vertexfilingsoft.co,https://www.vertexfilingsoft.co,13,Tampa,US,2026-06-21T01:19:04Z
2026-06-21,Medical,CrownRxSphere,840-843-3968,sales@crownrxsphere.com,https://www.crownrxsphere.com,38,Atlanta,US,2026-06-21T05:56:23Z
2026-06-21,ERP,PivotForge Cloud,395-236-5560,hello@pivotforgecloud.com,https://www.pivotforgecloud.com,47,Atlanta,US,2026-06-21T03:17:10Z
2026-06-21,MSP Platform,PrimeEndpoint Desk,691.388.5111,hello@primeendpointdesk.com,https://www.primeendpointdesk.com,356,Chicago,US,2026-06-21T05:01:37Z
2026-06-21,ERP,Juniper FinApp,(949) 589-4980,sales@juniperfinapp.io,https://www.juniperfinapp.io,18,Columbus,US,2026-06-21T01:50:39Z
2026-06-21,ERP,CrownStockSoft,(466) 781-0414,hello@crownstocksoft.io,https://www.crownstocksoft.io,277,Amsterdam,NL,2026-06-21T06:56:04Z
2026-06-21,HR,DeltaPerform Soft,07659152055,info@deltaperformsoft.com,https://www.deltaperformsoft.com,153,Austin,US,2026-06-21T01:14:52Z
2026-06-21,ERP,ZenOrderPoint,+19767584941 ext. 42,info@zenorderpoint.io,https://www.zenorderpoint.io,88,Atlanta,US,2026-06-21T02:17:51Z
2026-06-21,MSP Platform,Pioneer StackSoft,744-431-1462,info@pioneerstacksoft.com,https://www.pioneerstacksoft.com,17,Chicago,US,2026-06-21T02:43:48Z
2026-06-21,HR,Quantum TeamSolutions,+14962377988,info@quantumteamsolutions.com,https://www.quantumteamsolutions.com,819,Tampa,US,2026-06-21T04:05:51Z
2026-06-21,LMS,LatticeLesson App,(809) 705-2364,sales@latticelessonapp.com,https://www.latticelessonapp.com,164,Atlanta,US,2026-06-21T01:23:17Z
2026-06-21,MSP Platform,NimbusMonitorLogic,983-390-9336,hello@nimbusmonitorlogic.com,nimbusmonitorlogic.com,8,Bengaluru,IN,2026-06-21T03:20:03Z
2026-06-21,ERP,Iron CounselDynamics,280-969-2884,contact@ironcounseldynamics.com,https://www.ironcounseldynamics.com,26,Hyderabad,IN,2026-06-21T06:06:16Z
2026-06-21,Medical,CedarPatientTech,374-773-9335,info@cedarpatienttech.co,https://www.cedarpatienttech.co,30,Austin,US,2026-06-21T04:16:43Z
2026-06-21,legal,Prime CompliSystems,9704703036,contact@primecomplisystems.io,https://www.primecomplisystems.io,48,London,UK,2026-06-21T04:40:02Z
2026-06-21,HR,TrueOnboardHub,+13887369915,info@trueonboardhub.com,https://www.trueonboardhub.com,18,Raleigh,US,2026-06-21T05:20:02Z
2026-06-21,ERP,Prime LedgerCloud,6633129445,sales@primeledgercloud.com,https://www.primeledgercloud.com,25,Raleigh,US,2026-06-21T05:28:29Z
2026-06-21,HR,HarborBenefitSync,+17208912060,contact@harborbenefitsync.co,https://www.harborbenefitsync.co,40,Seattle,US,2026-06-21T01:55:33Z
2026-06-21,legal,PioneerCounsel Soft,6913312958,sales@pioneercounselsoft.io,https://www.pioneercounselsoft.io,459,Munich,DE,2026-06-21T02:33:30Z
2026-06-21,Legal,BoldFiling Cloud,1-802-953-0234,sales@boldfilingcloud.io,https://boldfilingcloud.io,250,Seattle,US,2026-06-21T02:58:27Z
2026-06-21,MSP Platform,RapidStackHub,2066653343 ext. 76,info@rapidstackhub.com,https://www.rapidstackhub.com,22,London,UK,2026-06-21T05:28:26Z
2026-06-21,Medical,Pivot HealthSystems,398.706.1840,hello@pivothealthsystems.net,https://www.pivothealthsystems.net,24,Seattle,US,2026-06-21T04:51:07Z
2026-06-21,Legal,OmniCounselSync,324-312-9444,sales@omnicounselsync.com,https://www.omnicounselsync.com,66,Austin,US,2026-06-21T04:22:41Z
2026-06-21,Medical,GoldenChartTech,658.686.1801,hello@goldencharttech.co,https://goldencharttech.co,75,Boston,US,2026-06-21T01:19:35Z
2026-06-21,Legal,NorthCounselSuite,+1 (956) 424-2315,sales@northcounselsuite.net,https://northcounselsuite.net,141,Berlin,DE,2026-06-21T04:07:00Z
2026-06-21,HR,OrbitBenefit Systems,+19828966882,info@orbitbenefitsystems.io,https://www.orbitbenefitsystems.io,12,Bengaluru,IN,2026-06-21T04:27:24Z
2026-06-21,ERP,CrestResource Point,+18595698635 ext. 16,sales@crestresourcepoint.com,crestresourcepoint.com,20,Boston,US,2026-06-21T01:53:43Z
2026-06-21,Medical,SilverPulse Cloud,6907698201,sales@silverpulsecloud.com,https://silverpulsecloud.com,4955,Melbourne,AU,2026-06-21T04:02:38Z
2026-06-21,ERP,Anchor Plan Consultants,+18399282339 ext. 85,hello@anchorplanconsultants.co,anchorplanconsultants.co,N/A,,US,2026-06-21T01:12:56Z
2026-06-21,MSP Platform,RapidTicketLabs,975-783-9422,N/A,https://www.rapidticketlabs.com,112,Denver,US,2026-06-21T04:13:16Z
2026-06-21,Medical,Silver CareSuite,+1 (921) 836-6027,info@silvercaresuite.com,https://www.silvercaresuite.com,6,Seattle,US,2026-06-21T06:25:11Z
2026-06-21,ERP,Fusion LedgerFlow,+14833080082,info@fusionledgerflow.net,https://fusionledgerflow.net,23,Boston,US,2026-06-21T06:24:44Z
2026-06-21,HR,BeaconOnboardLogic,417.977.2590,info@beacononboardlogic.com,https://www.beacononboardlogic.com,46,Austin,US,2026-06-21T01:28:56Z
2026-06-21,MSP Platform,BeaconNodeWorks,05149192435,sales@beaconnodeworks.co,beaconnodeworks.co,415,Phoenix,US,2026-06-21T06:42:58Z
2026-06-21,MSP Platform,Pivot StackApp,+17329517816 ext. 62,contact@pivotstackapp.co,https://www.pivotstackapp.co,114,London,UK,2026-06-21T03:41:02Z
2026-06-21,HR,FalconTeamApp,469-960-0374,contact@falconteamapp.com,https://www.falconteamapp.com,248,Sydney,AU,2026-06-21T02:07:54Z
2026-06-21,ERP,PivotResourcePoint,281.865.5171,info@pivotresourcepoint.io,https://www.pivotresourcepoint.io,878,Denver,US,2026-06-21T02:29:13Z
2026-06-21,ERP,RidgePlan Cloud,981-691-4512,hello@ridgeplancloud.com,https://www.ridgeplancloud.com,19,Denver,US,2026-06-21T04:52:17Z
2026-06-21,ERP,Bright FinPlatform,+18969431647,sales@brightfinplatform.com,https://www.brightfinplatform.com,51,Boston,US,2026-06-21T05:24:04Z
2026-06-21,Legal,FalconBriefPlatform,3552519034,sales@falconbriefplatform.com,https://www.falconbriefplatform.com,465,Boston,US,2026-06-21T02:52:32Z
2026-06-21,ERP,CedarPlanLabs,(848) 287-2058,contact@cedarplanlabs.io,https://cedarplanlabs.io,12,Atlanta,US,2026-06-21T01:51:51Z
2026-06-21,Medical,NorthChart Systems,+19497002664,info@northchartsystems.com,https://www.northchartsystems.com,196,Raleigh,US,2026-06-21T05:54:29Z
2026-06-21,HR,Nova Onboard Manpower Services,(888) 396-5632,hello@novaonboardmanpowerservices.com,https://www.novaonboardmanpowerservices.com,80,null,IN,2026-06-21T01:55:38Z
2026-06-21,Legal,Indigo DocketSync,+19694043724,info@indigodocketsync.net,indigodocketsync.net,188,Chicago,US,2026-06-21T06:11:22Z
2026-06-21,LMS,Crest Cohort Staffing,2417163743,,https://www.crestcohortstaffing.io,201,Phoenix,US,2026-06-21T02:05:27Z
2026-06-21,Medical,BrightRx Desk,+12867308476,hello@brightrxdesk.co,brightrxdesk.co,41,Phoenix,US,2026-06-21T04:25:19Z
2026-06-21,LMS,Arch LessonSuite,423-577-7695 ext. 97,sales@archlessonsuite.io,https://www.archlessonsuite.io,51,Boston,US,2026-06-21T04:21:39Z
2026-06-21,ERP,LatticeStock Hub,469-988-5432,hello@latticestockhub.com,latticestockhub.com,424,Manchester,UK,2026-06-21T02:54:23Z
2026-06-21,ERP,UmbraPlanWorks,+17227743318,sales@umbraplanworks.co,https://umbraplanworks.co,15,London,UK,2026-06-21T04:46:54Z
2026-06-21,ERP,SableChain Labs,(318) 940-6683,contact@sablechainlabs.com,https://www.sablechainlabs.com,49,Denver,US,2026-06-21T01:57:54Z
2026-06-21,Medical,GoldenCare Sync,2983246761,info@goldencaresync.com,https://www.goldencaresync.com,502,Tampa,US,2026-06-21T06:52:11Z
2026-06-21,Medical,NorthRxSystems,+1 (709) 843-2567,contact@northrxsystems.com,northrxsystems.com,328,Tampa,US,2026-06-21T01:52:49Z
2026-06-21,ERP,BrightPlanApp,(647) 350-8977,info@brightplanapp.io,https://brightplanapp.io,199,Dublin,IE,2026-06-21T03:31:25Z
2026-06-21,HR,HarborShiftPlatform,6462593143,info@harborshiftplatform.com,https://www.harborshiftplatform.com,9,Denver,US,2026-06-21T06:32:13Z
2026-06-21,LEGAL ,FusionFilingHub,1-497-935-4654,hello@fusionfilinghub.com,https://www.fusionfilinghub.com,40,Singapore,SG,2026-06-21T04:40:40Z
2026-06-21,Legal,Clear ClauseCore,(229) 272-9619,contact@clearclausecore.com,https://www.clearclausecore.com,11,Boston,US,2026-06-21T05:14:45Z
2026-06-21,Medical,JuniperVitalWorks,4955499364,hello@junipervitalworks.com,https://www.junipervitalworks.com,831,London,UK,2026-06-21T02:17:31Z
2026-06-21,HR,ApexCultureWorks,(213) 334-9590,hello@apexcultureworks.com,https://www.apexcultureworks.com,75,Hyderabad,IN,2026-06-21T02:19:48Z
2026-06-21,HR,UmbraRoster App,3116622226,info@umbrarosterapp.com,https://umbrarosterapp.com,806,Toronto,CA,2026-06-21T04:48:21Z
2026-06-21,MSP Platform,NovaGrid Solutions,8094000346,contact@novagridsolutions.co,https://novagridsolutions.co,32,Raleigh,US,2026-06-21T03:15:29Z
2026-06-21,LMS,ZephyrQuiz Hub,635-971-6827,hello@zephyrquizhub.com,https://zephyrquizhub.com,218,Raleigh,US,2026-06-21T03:52:12Z
2026-06-21,Medical,PioneerRx Soft,+1 (803) 208-4302 ext. 47,sales@pioneerrxsoft.com,https://pioneerrxsoft.com,238,Tampa,US,2026-06-21T06:57:34Z
2026-06-21,ERP,Orbit LedgerSuite,03167834700,hello@orbitledgersuite.com,https://orbitledgersuite.com,38,Seattle,US,2026-06-21T02:24:39Z
2026-06-21,HR,GranitePayrollCore,+1 (553) 989-8599,contact@granitepayrollcore.io,https://www.granitepayrollcore.io,37,Boston,US,2026-06-21T02:59:11Z
2026-06-21,ERP,OrbitForge Logic,888-335-7572 ext. 3,contact@orbitforgelogic.com,https://www.orbitforgelogic.com,31,null,US,2026-06-21T04:47:21Z
2026-06-21,Medical,XenonHealth Suite,1-592-574-1971 ext. 47,sales@xenonhealthsuite.io,https://www.xenonhealthsuite.io,55,Pune,IN,2026-06-21T06:33:18Z
2026-06-21,HR,Meta Talent Talent Agency,5798807614,info@metatalenttalentagency.io,https://metatalenttalentagency.io,-,Munich,DE,2026-06-21T02:36:50Z
2026-06-21,Legal,Solid DocketSolutions,+18894860588,info@soliddocketsolutions.net,https://soliddocketsolutions.net,39,Atlanta,US,2026-06-21T04:05:06Z
2026-06-21,Legal,Apex CaseDesk,+14793459393,info@apexcasedesk.net,https://apexcasedesk.net,160,Denver,US,2026-06-21T03:51:37Z
2026-06-21,LEGAL ,ZephyrCompliLabs,408.981.3113,info@zephyrcomplilabs.co,https://www.zephyrcomplilabs.co,93,Columbus,US,2026-06-21T05:27:59Z
2026-06-21,HR,IronTeam Sphere,6365751451 ext. 94,sales@ironteamsphere.com,https://ironteamsphere.com,10,Denver,US,2026-06-21T06:59:23Z
2026-06-21,legal,CrownBrief Cloud,(265) 725-1224,contact@crownbriefcloud.io,https://www.crownbriefcloud.io,18,Austin,US,2026-06-21T03:42:18Z
2026-06-21,Legal,SableMatterDynamics,5206175093,info@sablematterdynamics.com,https://www.sablematterdynamics.com,93,Boston,US,2026-06-21T02:49:13Z
2026-06-21,Medical,North ClinicSuite,(740) 476-3399,sales@northclinicsuite.com,northclinicsuite.com,6,Seattle,US,2026-06-21T06:06:00Z
2026-06-21,LEGAL ,Crest DocketBase,1-201-657-9761,contact@crestdocketbase.io,crestdocketbase.io,88,Seattle,US,2026-06-21T01:29:06Z
2026-06-21,ERP,PolarisForge Tech,1-353-777-4939,sales@polarisforgetech.co,https://www.polarisforgetech.co,244,Singapore,SG,2026-06-21T05:00:05Z
2026-06-21,MSP Platform,Granite MonitorLogic,+1 (577) 595-3355,contact@granitemonitorlogic.co,https://www.granitemonitorlogic.co,40,Amsterdam,NL,2026-06-21T04:53:52Z
2026-06-21,HR,Indigo OnboardLogic,+1 (567) 259-9991,contact@indigoonboardlogic.co,https://www.indigoonboardlogic.co,52,Columbus,US,2026-06-21T03:44:30Z
2026-06-21,HR,PioneerBenefitSphere,1-492-608-6072,sales@pioneerbenefitsphere.io,pioneerbenefitsphere.io,166,Tampa,US,2026-06-21T04:58:34Z
2026-06-21,ERP,DeltaBatch Tech,(389) 576-0234,contact@deltabatchtech.io,https://www.deltabatchtech.io,9,Pune,IN,2026-06-21T03:14:06Z
2026-06-21,HR,Omni Talent BPO Services,+12716031939,sales@omnitalentbposervices.io,https://www.omnitalentbposervices.io,235,Seattle,US,2026-06-21T03:30:17Z
2026-06-21,HR,Beacon BenefitSolutions,(515) 284-5989,sales@beaconbenefitsolutions.com,https://www.beaconbenefitsolutions.com,680,Dublin,IE,2026-06-21T02:45:32Z
2026-06-21,ERP,JuniperForgeDynamics,7673706414,N/A,https://juniperforgedynamics.co,59,Tampa,US,2026-06-21T02:43:30Z
2026-06-21,ERP,Sable ChainFlow,+1 (349) 858-1650,sales@sablechainflow.io,https://www.sablechainflow.io,88,Vancouver,CA,2026-06-21T05:04:09Z
2026-06-21,ERP,CedarFin Logic,9149132050,sales@cedarfinlogic.com,https://www.cedarfinlogic.com,716,Hyderabad,IN,2026-06-21T01:42:23Z
2026-06-21,HR,MetaBenefit Base,6674115156,hello@metabenefitbase.co,metabenefitbase.co,392,Raleigh,US,2026-06-21T02:24:07Z
2026-06-21,Legal,PivotVerdict Cloud,+14589622809,info@pivotverdictcloud.com,https://pivotverdictcloud.com,5,Seattle,US,2026-06-21T04:36:08Z
2026-06-21,MSP Platform,ClearGrid Tech,896-653-8689,sales@cleargridtech.com,https://www.cleargridtech.com,32,Boston,US,2026-06-21T06:52:01Z
2026-06-21,ERP,PrimeFin Sphere,+15383897712,hello@primefinsphere.net,https://primefinsphere.net,914,London,UK,2026-06-21T05:28:58Z
2026-06-21,MSP Platform,IronNode Sphere,(474) 724-3237,contact@ironnodesphere.com,https://ironnodesphere.com,,Columbus,US,2026-06-21T02:10:41Z
2026-06-21,LMS,Bright LearnSuite,+1 (876) 602-5316,hello@brightlearnsuite.com,brightlearnsuite.com,3434,Hyderabad,IN,2026-06-21T03:56:28Z
2026-06-21,LEGAL ,Anchor CounselPlatform,3109555703,contact@anchorcounselplatform.io,https://www.anchorcounselplatform.io,91,Chicago,US,2026-06-21T01:42:13Z
2026-06-21,LEGAL ,Silver ClauseTech,+12644858035,info@silverclausetech.io,https://www.silverclausetech.io,446,Denver,US,2026-06-21T04:51:24Z
2026-06-21,Medical,True Patient Manpower Services,(763) 838-7149,contact@truepatientmanpowerservices.com,https://www.truepatientmanpowerservices.com,2957,Phoenix,US,2026-06-21T05:36:23Z
2026-06-21,Medical,Raven ChartDesk,839.425.9383,hello@ravenchartdesk.com,https://www.ravenchartdesk.com,300,Leeds,UK,2026-06-21T03:25:58Z
2026-06-21,MSP Platform,AtlasNodeHub,6506048332,contact@atlasnodehub.io,https://www.atlasnodehub.io,14,Boston,US,2026-06-21T04:23:53Z
2026-06-21,Medical,Ember RxWorks,(515) 747-6567,sales@emberrxworks.com,https://www.emberrxworks.com,178,London,UK,2026-06-21T05:20:29Z
2026-06-21,Medical,QuartzMedApp,+18413858923,contact@quartzmedapp.com,https://quartzmedapp.com,3425,Leeds,UK,2026-06-21T02:51:34Z
2026-06-21,legal,TidalCompliFlow,(553) 965-6089,info@tidalcompliflow.com,https://www.tidalcompliflow.com,29,Sydney,AU,2026-06-21T06:25:15Z
2026-06-21,Medical,Halo CareTech,2794575931,null,https://halocaretech.co,77,Atlanta,US,2026-06-21T06:09:32Z
2026-06-21,LMS,RidgePath Labs,1-888-397-3863,sales@ridgepathlabs.io,https://www.ridgepathlabs.io,37,Austin,US,2026-06-21T02:40:05Z
2026-06-21,Medical,PivotCare Solutions,842-611-7245,hello@pivotcaresolutions.com,https://www.pivotcaresolutions.com,781,London,UK,2026-06-21T01:02:05Z
2026-06-21,MSP Platform,MetaGrid Sphere,676.686.5598,contact@metagridsphere.net,https://metagridsphere.net,249,Tampa,US,2026-06-21T05:26:20Z
2026-06-21,Medical,VistaVitalSoft,862-282-5588,sales@vistavitalsoft.com,https://www.vistavitalsoft.com,128,London,UK,2026-06-21T01:16:00Z
2026-06-21,HR,CrestTeamSystems,+13242091846,sales@crestteamsystems.co,https://www.crestteamsystems.co,88,Denver,US,2026-06-21T02:25:58Z
2026-06-21,Medical,RidgeMed Sphere,+1 (810) 269-8096,contact@ridgemedsphere.io,https://www.ridgemedsphere.io,533,Lahore,PK,2026-06-21T04:24:35Z
2026-06-21,LEGAL ,IronVerdictSphere,+1 (926) 355-8942,hello@ironverdictsphere.io,https://www.ironverdictsphere.io,6,Chicago,US,2026-06-21T03:16:16Z
2026-06-21,MSP Platform,North TicketSoft,4713091077,info@northticketsoft.com,northticketsoft.com,252,Boston,US,2026-06-21T04:09:41Z
2026-06-21,Medical,Omni OpsLogic,553-398-0564,sales@omniopslogic.net,https://www.omniopslogic.net,3455,London,UK,2026-06-21T03:15:05Z
2026-06-21,ERP,IronOps Platform,+1 (697) 557-8799,hello@ironopsplatform.com,ironopsplatform.com,553,Tampa,US,2026-06-21T04:02:31Z
2026-06-21,HR,BeaconPeopleTech,525-312-9362,hello@beaconpeopletech.io,https://www.beaconpeopletech.io,83,Raleigh,US,2026-06-21T04:38:54Z
2026-06-21,legal,QuartzFiling Soft,267.689.2587,hello@quartzfilingsoft.com,quartzfilingsoft.com,28,Chicago,US,2026-06-21T02:51:07Z
2026-06-21,LEGAL ,Rapid CompliLogic,(888) 741-4853,info@rapidcomplilogic.com,https://rapidcomplilogic.com,45,Denver,US,2026-06-21T03:39:34Z
2026-06-21,MSP Platform,PivotForge Core,1-402-623-7770,hello@pivotforgecore.net,https://pivotforgecore.net,73,Seattle,US,2026-06-21T05:11:51Z
2026-06-21,HR,Lumen OnboardSystems,684-291-7596,sales@lumenonboardsystems.com,https://www.lumenonboardsystems.com,14,Berlin,DE,2026-06-21T01:48:52Z
2026-06-21,Medical,Lattice HealthFlow,+1 (619) 970-1765,contact@latticehealthflow.co,https://www.latticehealthflow.co,171,Austin,US,2026-06-21T04:51:10Z
2026-06-21,Medical,IndigoClinicSystems,+13818062687,sales@indigoclinicsystems.net,https://indigoclinicsystems.net,156,Atlanta,US,2026-06-21T06:54:39Z
2026-06-21,Medical,EmberRx Dynamics,+1 (814) 812-1137,info@emberrxdynamics.io,https://www.emberrxdynamics.io,29,Boston,US,2026-06-21T03:17:43Z
2026-06-21,MSP Platform,DeltaMonitorCore,(645) 469-0694,info@deltamonitorcore.com,https://www.deltamonitorcore.com,11,Austin,US,2026-06-21T05:39:04Z
2026-06-21,ERP,FusionResource Hub,(941) 408-2472,hello@fusionresourcehub.com,https://www.fusionresourcehub.com,9,Melbourne,AU,2026-06-21T01:34:05Z
2026-06-21,ERP,PivotLedger App,660-654-7604,hello@pivotledgerapp.com,https://www.pivotledgerapp.com,62,Hyderabad,IN,2026-06-21T06:06:43Z
2026-06-21,MSP Platform,BoldUptimeLabs,+1 (976) 214-6794,info@bolduptimelabs.co,https://www.bolduptimelabs.co,4392,Berlin,DE,2026-06-21T04:30:16Z
2026-06-21,Medical,HaloRxTech,445.828.8495,hello@halorxtech.com,https://halorxtech.com,209,Berlin,DE,2026-06-21T02:35:44Z
2026-06-21,Medical,PivotChart Tech,05444326040,info@pivotcharttech.io,pivotcharttech.io,681,Melbourne,AU,2026-06-21T04:10:39Z
2026-06-21,MSP Platform,Blue NodeDynamics,(220) 387-8010 ext. 99,contact@bluenodedynamics.com,https://www.bluenodedynamics.com,6,Denver,US,2026-06-21T05:24:43Z
2026-06-21,HR,JuniperOnboard Cloud,(970) 992-7337,sales@juniperonboardcloud.com,https://www.juniperonboardcloud.com,179,Toronto,CA,2026-06-21T05:49:42Z
2026-06-21,ERP,ApexOpsWorks,+1 (608) 227-1417,info@apexopsworks.com,apexopsworks.com,14,Phoenix,US,2026-06-21T02:52:11Z
2026-06-21,ERP,AnchorBatch App,514-310-8396,contact@anchorbatchapp.io,anchorbatchapp.io,299,Seattle,US,2026-06-21T02:55:25Z
2026-06-21,Medical,QuartzPulseSuite,1-828-875-4081,hello@quartzpulsesuite.com,https://quartzpulsesuite.com,60,Atlanta,US,2026-06-21T03:00:14Z
2026-06-21,Medical,GoldenPatient Flow,6416640328,hello@goldenpatientflow.io,https://www.goldenpatientflow.io,20,Melbourne,AU,2026-06-21T01:50:44Z
2026-06-21,ERP,Mosaic StockHub,392-430-6714,contact@mosaicstockhub.com,https://www.mosaicstockhub.com,518,Tampa,US,2026-06-21T04:11:03Z
2026-06-21,ERP,Ember BatchBase,(466) 946-3427,hello@emberbatchbase.io,emberbatchbase.io,8,Denver,US,2026-06-21T06:55:32Z
2026-06-21,MSP Platform,OmniMonitorCloud,+1 (928) 660-3441,sales@omnimonitorcloud.com,https://omnimonitorcloud.com,241,Islamabad,PK,2026-06-21T03:38:03Z
2026-06-21,Medical,NorthClinicDynamics,+17447284024,hello@northclinicdynamics.io,northclinicdynamics.io,93,Munich,DE,2026-06-21T03:41:33Z
2026-06-21,HR,DeltaTeamSuite,(715) 286-3715 ext. 1,info@deltateamsuite.com,https://www.deltateamsuite.com,82,Columbus,US,2026-06-21T02:36:15Z
2026-06-21,HR,ClearOnboardDynamics,(729) 851-3963,info@clearonboarddynamics.com,https://www.clearonboarddynamics.com,18,Atlanta,US,2026-06-21T01:32:29Z
2026-06-21,HR,BeaconPerform Labs,214-493-7294 ext. 74,contact@beaconperformlabs.com,https://www.beaconperformlabs.com,778,Seattle,US,2026-06-21T05:12:56Z
2026-06-21,Medical,Ember ClinicWorks,440.837.8490,info@emberclinicworks.com,https://www.emberclinicworks.com,353,Singapore,SG,2026-06-21T04:06:01Z
2026-06-21,ERP,North OrderCore,07613245886,contact@northordercore.com,https://www.northordercore.com,23,Atlanta,US,2026-06-21T06:47:49Z
2026-06-21,MSP Platform,ZephyrStock Sync,588-492-4206,sales@zephyrstocksync.com,https://zephyrstocksync.com,15,Lahore,PK,2026-06-21T03:25:32Z
2026-06-21,HR,TidalTeam Suite,811.858.2496,,https://tidalteamsuite.com,300,Hyderabad,IN,2026-06-21T02:41:22Z
2026-06-21,Legal,Ridgeway VerdictWorks,960-776-8243,sales@ridgewayverdictworks.com,https://www.ridgewayverdictworks.com,5,Raleigh,US,2026-06-21T05:30:17Z
2026-06-21,ERP,Granite BatchLogic,512.940.7159,hello@granitebatchlogic.co,https://granitebatchlogic.co,18,Boston,US,2026-06-21T03:01:32Z
2026-06-21,MSP Platform,Tidal TicketPlatform,(932) 654-7907,contact@tidalticketplatform.io,tidalticketplatform.io,42,Munich,DE,2026-06-21T06:05:46Z
2026-06-21,MSP Platform,Ridge MonitorSuite,640.846.0327,sales@ridgemonitorsuite.net,https://www.ridgemonitorsuite.net,35,Pune,IN,2026-06-21T01:34:58Z
2026-06-21,Medical,Falcon VitalSync,627-960-2440,sales@falconvitalsync.com,https://falconvitalsync.com,98,Seattle,US,2026-06-21T04:04:21Z
2026-06-21,ERP,Cedar ForgeBase,08675968084,hello@cedarforgebase.io,https://cedarforgebase.io,233,Manchester,UK,2026-06-21T05:36:04Z
2026-06-21,MSP Platform,BoldPatch Flow,(929) 423-5492,sales@boldpatchflow.com,https://boldpatchflow.com,7,Boston,US,2026-06-21T04:34:53Z
2026-06-21,HR,RidgewayPerform Logic,548-771-0627,info@ridgewayperformlogic.net,https://www.ridgewayperformlogic.net,112,Singapore,SG,2026-06-21T02:24:57Z
2026-06-21,HR,MetaBenefit Cloud,506.879.3852,contact@metabenefitcloud.net,https://www.metabenefitcloud.net,11,Munich,DE,2026-06-21T04:29:08Z
2026-06-21,HR,Mosaic TalentPoint,650-580-7019,contact@mosaictalentpoint.com,https://www.mosaictalentpoint.com,226,Denver,US,2026-06-21T04:58:24Z
2026-06-21,MSP Platform,VertexGridSystems,+13748310904,sales@vertexgridsystems.co,https://www.vertexgridsystems.co,27,Seattle,US,2026-06-21T06:27:40Z
2026-06-21,ERP,Omni ForgePoint,512-581-9309,hello@omniforgepoint.net,https://www.omniforgepoint.net,36,Bengaluru,IN,2026-06-21T01:17:31Z
2026-06-21,ERP,AnchorResource Systems,+12149020349,hello@anchorresourcesystems.io,https://www.anchorresourcesystems.io,N/A,Seattle,US,2026-06-21T04:31:10Z
2026-06-21,MSP Platform,CobaltStack Dynamics,7408508051,info@cobaltstackdynamics.com,https://cobaltstackdynamics.com,131,Singapore,SG,2026-06-21T02:47:27Z
2026-06-21,ERP,Meta FinCore,+12383911710,info@metafincore.io,https://metafincore.io,50,Phoenix,US,2026-06-21T01:14:52Z
2026-06-21,HR,QuartzPerformDesk,08893384180,sales@quartzperformdesk.co,https://www.quartzperformdesk.co,14,,US,2026-06-21T04:29:17Z
2026-06-21,MSP Platform,SummitUptime Systems,+1 (858) 666-4559,contact@summituptimesystems.co,https://www.summituptimesystems.co,375,Tampa,US,2026-06-21T04:02:19Z
2026-06-21,Medical,PioneerCareDynamics,1-743-325-7943,sales@pioneercaredynamics.com,https://pioneercaredynamics.com,66,Phoenix,US,2026-06-21T06:27:44Z
2026-06-21,MSP Platform,CrownNode Suite,+1 (252) 827-8649,sales@crownnodesuite.com,https://www.crownnodesuite.com,193,London,UK,2026-06-21T02:09:14Z
2026-06-21,HR,CobaltBenefitSphere,(664) 827-2094,contact@cobaltbenefitsphere.com,https://www.cobaltbenefitsphere.com,12,Toronto,CA,2026-06-21T02:00:16Z
2026-06-21,MSP Platform,VistaStackApp,9189738632 ext. 2,info@vistastackapp.com,https://www.vistastackapp.com,80,Vancouver,CA,2026-06-21T03:13:25Z
2026-06-21,ERP,AnchorChainDesk,03007794405,sales@anchorchaindesk.net,https://www.anchorchaindesk.net,61,Manchester,UK,2026-06-21T03:02:52Z
2026-06-21,ERP,PolarisShiftDesk,688.629.2747,sales@polarisshiftdesk.com,https://www.polarisshiftdesk.com,977,Chicago,US,2026-06-21T01:26:02Z
2026-06-21,Legal,VeloFiling App,(829) 914-3536,info@velofilingapp.com,https://www.velofilingapp.com,47,Atlanta,US,2026-06-21T04:34:47Z
2026-06-21,ERP,VeloLedger Platform,524-861-8022,info@veloledgerplatform.com,https://www.veloledgerplatform.com,256,Phoenix,US,2026-06-21T05:39:05Z
2026-06-21,HR,Sable RosterWorks,+1 (481) 296-0163,contact@sablerosterworks.com,https://sablerosterworks.com,232,Denver,US,2026-06-21T04:48:58Z
2026-06-21,HR,North CultureSync,6154834327 ext. 84,contact@northculturesync.com,https://www.northculturesync.com,347,Berlin,DE,2026-06-21T01:14:56Z
2026-06-21,MSP Platform,Zen GridBase,+16987416430,hello@zengridbase.com,https://www.zengridbase.com,11,Tampa,US,2026-06-21T06:30:27Z
2026-06-21,HR,SummitOnboardTech,695-807-8025,info@summitonboardtech.com,https://summitonboardtech.com,722,Raleigh,US,2026-06-21T01:12:12Z
2026-06-21,MSP Platform,PrimeRemoteSoft,1-300-242-6727,info@primeremotesoft.com,primeremotesoft.com,14,Chicago,US,2026-06-21T03:01:41Z
2026-06-21,ERP,HaloForge App,+18554874708,info@haloforgeapp.com,haloforgeapp.com,50,Seattle,US,2026-06-21T01:49:42Z
2026-06-21,LEGAL ,Atlas ClauseFlow,(862) 688-1420,contact@atlasclauseflow.io,https://atlasclauseflow.io,612,Austin,US,2026-06-21T03:45:39Z
2026-06-21,LMS,Ember LearnCloud,+13267949462 ext. 91,info@emberlearncloud.net,https://www.emberlearncloud.net,796,Seattle,US,2026-06-21T05:14:17Z
2026-06-21,Legal,OmniDocketLabs,(525) 412-0551,info@omnidocketlabs.com,https://www.omnidocketlabs.com,48,Bengaluru,IN,2026-06-21T04:45:53Z
2026-06-21,HR,QuartzOnboardPoint,9228601162,hello@quartzonboardpoint.com,https://www.quartzonboardpoint.com,19,Austin,US,2026-06-21T06:23:12Z
2026-06-21,LMS,Nova MentorHub,5296668095,contact@novamentorhub.com,https://www.novamentorhub.com,39,Sydney,AU,2026-06-21T06:26:49Z
2026-06-21,ERP,Crest’s FinCloud,502-862-6475,info@crestfincloud.io,https://www.crestfincloud.io,56,Chicago,US,2026-06-21T06:40:03Z
2026-06-21,ERP,PivotFin Core,(284) 925-3925 ext. 39,hello@pivotfincore.com,pivotfincore.com,479,Boston,US,2026-06-21T05:09:43Z
2026-06-21,MSP Platform,Delta RemoteDesk,7447102631,null,https://www.deltaremotedesk.net,421,Phoenix,US,2026-06-21T04:30:30Z
2026-06-21,ERP,Silver StockApp,808-932-3304,hello@silverstockapp.com,https://www.silverstockapp.com,30,Hyderabad,IN,2026-06-21T03:19:40Z
2026-06-21,HR,LatticeEndpointDynamics,+17819304181,info@latticeendpointdynamics.co,latticeendpointdynamics.co,72,Chicago,US,2026-06-21T02:43:10Z
2026-06-21,HR,CobaltPeopleSoft,6366528609 ext. 35,info@cobaltpeoplesoft.co,https://www.cobaltpeoplesoft.co,186,Denver,US,2026-06-21T03:10:49Z
2026-06-21,Medical,CrownClinicSync,1-421-314-4628,sales@crownclinicsync.net,https://www.crownclinicsync.net,31,Atlanta,US,2026-06-21T06:04:50Z
2026-06-21,Medical,PrimeVitalPoint,+17334718309,hello@primevitalpoint.com,primevitalpoint.com,49,Phoenix,US,2026-06-21T03:40:04Z
2026-06-21,HR,OnyxTalentSuite,934-550-4245,sales@onyxtalentsuite.net,https://onyxtalentsuite.net,3815,Columbus,US,2026-06-21T01:07:16Z
2026-06-21,MSP Platform,ClearMonitorSoft,1-583-754-3318,contact@clearmonitorsoft.net,clearmonitorsoft.net,93,Raleigh,US,2026-06-21T05:40:05Z
2026-06-21,legal,Alta CounsélDesk,886.371.2208,info@altacounseldesk.net,https://www.altacounseldesk.net,60,Manchester,UK,2026-06-21T02:32:14Z
2026-06-21,ERP,Anchor PlanSync,284-901-8257,sales@anchorplansync.com,https://www.anchorplansync.com,3477,Columbus,US,2026-06-21T03:54:11Z
2026-06-21,LMS,Anchor LessonSuite,(704) 616-9247,sales@anchorlessonsuite.com,https://www.anchorlessonsuite.com,80,Tampa,US,2026-06-21T05:39:07Z
2026-06-21,MSP Platform,BlueNodeCloud,887-737-0178 ext. 84,info@bluenodecloud.com,bluenodecloud.com,7,Boston,US,2026-06-21T01:31:04Z
2026-06-21,MSP Platform,LatticeTicket Suite,331.606.4143,hello@latticeticketsuite.io,https://www.latticeticketsuite.io,49,Amsterdam,NL,2026-06-21T01:52:08Z
2026-06-21,HR,GranitePerformDesk,+14819053017,hello@graniteperformdesk.co,https://www.graniteperformdesk.co,471,Phoenix,US,2026-06-21T03:20:48Z
2026-06-21,ERP,MetaForge Dynamics,323.971.9097,hello@metaforgedynamics.com,https://www.metaforgedynamics.com,3018,Sydney,AU,2026-06-21T01:05:03Z
2026-06-21,HR,CedarPeople Hub,1-426-626-3757,sales@cedarpeoplehub.com,https://www.cedarpeoplehub.com,50,Pune,IN,2026-06-21T03:17:57Z
2026-06-21,MSP Platform,ClearMonitorSphere,+13508989304,hello@clearmonitorsphere.io,https://www.clearmonitorsphere.io,891,Seattle,US,2026-06-21T06:36:30Z
2026-06-21,HR,ZenPayroll Hub,397-854-6566,sales@zenpayrollhub.com,https://www.zenpayrollhub.com,18,Austin,US,2026-06-21T06:44:49Z
2026-06-21,ERP,SilverOpsLogic,878.873.9272,contact@silveropslogic.co,https://www.silveropslogic.co,38,Seattle,US,2026-06-21T05:21:32Z
2026-06-21,ERP,Summit ChainHub,+17075555361,sales@summitchainhub.com,https://www.summitchainhub.com,3465,Boston,US,2026-06-21T01:25:49Z
2026-06-21,LMS,Delta Quiz Recruiting,+12078696810,hello@deltaquizrecruiting.com,https://www.deltaquizrecruiting.com,43,Sydney,AU,2026-06-21T04:05:28Z
2026-06-21,ERP,MetaChainDesk,9115008807,contact@metachaindesk.net,https://www.metachaindesk.net,19,Boston,US,2026-06-21T04:21:54Z
2026-06-21,Medical,GraniteClinicPoint,4088738686,hello@graniteclinicpoint.io,graniteclinicpoint.io,6,Pune,IN,2026-06-21T03:56:10Z
2026-06-21,Medical,Beacon HealthApp,(394) 752-8190,info@beaconhealthapp.com,https://beaconhealthapp.com,69,Dublin,IE,2026-06-21T03:55:27Z
2026-06-21,Medical,Tidal CareDynamics,939-724-3162,hello@tidalcaredynamics.com,tidalcaredynamics.com,218,Amsterdam,NL,2026-06-21T01:08:35Z
2026-06-21,HR,PolarisCulture Hub,07013543904,info@polarisculturehub.net,https://www.polarisculturehub.net,92,Toronto,CA,2026-06-21T05:22:49Z
2026-06-21,LMS,Bright SkillCore,(382) 964-3491,contact@brightskillcore.io,https://www.brightskillcore.io,11,Raleigh,US,2026-06-21T03:01:31Z
2026-06-21,LMS,NimbusTrain Flow,(918) 470-6286,info@nimbustrainflow.com,https://www.nimbustrainflow.com,95,Lahore,PK,2026-06-21T01:39:23Z
2026-06-21,ERP,Core ForgeSoft,+1 (649) 422-1048,sales@coreforgesoft.net,https://www.coreforgesoft.net,87,Leeds,UK,2026-06-21T04:26:32Z
2026-06-21,MSP Platform,FusionStack Sync,1-723-324-8171,sales@fusionstacksync.io,fusionstacksync.io,85,Seattle,US,2026-06-21T05:16:05Z
2026-06-21,HR,Pivot CultureDynamics,+12232141898,contact@pivotculturedynamics.net,https://pivotculturedynamics.net,14,Austin,US,2026-06-21T04:27:11Z
2026-06-21,HR,HaloRoster Hub,(946) 261-9798,info@halorosterhub.com,https://www.halorosterhub.com,12,Atlanta,US,2026-06-21T01:30:36Z
2026-06-21,Medical,GoldenChartSuite,532-767-1699 ext. 62,hello@goldenchartsuite.io,https://www.goldenchartsuite.io,6,Dublin,IE,2026-06-21T01:52:19Z
2026-06-21,ERP,Velo FinLabs,2046357904,sales@velofinlabs.com,https://velofinlabs.com,334,Seattle,US,2026-06-21T01:27:38Z
2026-06-21,ERP,NovaLedger Sphere,(882) 554-8344,hello@novaledgersphere.com,https://www.novaledgersphere.com,2402,Munich,DE,2026-06-21T06:15:58Z
2026-06-21,HR,Quantum BenefitSuite,2484882971 ext. 4,info@quantumbenefitsuite.com,https://www.quantumbenefitsuite.com,37,Boston,US,2026-06-21T04:38:52Z
2026-06-21,LMS,VeloMentor Soft,(414) 695-4711,hello@velomentorsoft.com,https://www.velomentorsoft.com,55,Raleigh,US,2026-06-21T06:46:33Z
2026-06-21,LMS,EmberFin Flow,5124972280 ext. 39,sales@emberfinflow.com,https://www.emberfinflow.com,40,Boston,US,2026-06-21T03:58:45Z
2026-06-21,HR,Vista CultureHub,6539190589,info@vistaculturehub.io,https://www.vistaculturehub.io,20,Leeds,UK,2026-06-21T06:53:47Z
2026-06-21,Legal,VertexClause Labs,714.699.6308 ext. 71,hello@vertexclauselabs.io,https://www.vertexclauselabs.io,39,Seattle,US,2026-06-21T06:42:17Z
2026-06-21,Legal,ZephyrClauseSolutions,+17709677547,sales@zephyrclausesolutions.com,https://www.zephyrclausesolutions.com,13,Chicago,US,2026-06-21T06:59:35Z
2026-06-21,Medical,Bright VitalLogic,(248) 975-3150,info@brightvitallogic.io,brightvitallogic.io,23,Pune,IN,2026-06-21T03:26:00Z
2026-06-21,HR,RidgeOnboardCore,7474597627,contact@ridgeonboardcore.net,https://www.ridgeonboardcore.net,65,London,UK,2026-06-21T03:32:37Z
2026-06-21,ERP,Onyx OpsWorks,+12164865073,sales@onyxopsworks.com,https://www.onyxopsworks.com,11,Raleigh,US,2026-06-21T01:01:15Z
2026-06-21,ERP,SableForge Dynamics,+13732996383,sales@sableforgedynamics.co,https://sableforgedynamics.co,241,Boston,US,2026-06-21T03:27:37Z
2026-06-21,ERP,Harbor BatchDesk,1-358-408-6624,sales@harborbatchdesk.io,harborbatchdesk.io,469,Dublin,IE,2026-06-21T06:46:51Z
2026-06-21,HR,Summit PerformSync,869-671-1752,info@summitperformsync.com,https://summitperformsync.com,7,Sydney,AU,2026-06-21T05:33:04Z
2026-06-21,ERP,Crown LedgerPoint,947-923-2931,sales@crownledgerpoint.com,https://crownledgerpoint.com,38,Pune,IN,2026-06-21T06:22:39Z
2026-06-21,ERP,BrightOps Tech,747.704.9283,contact@brightopstech.net,https://www.brightopstech.net,N/A,Raleigh,US,2026-06-21T06:24:07Z
2026-06-21,MSP Platform,BoldEndpoint Point,3797948523,contact@boldendpointpoint.net,https://boldendpointpoint.net,29,Calgary,CA,2026-06-21T05:18:24Z
2026-06-21,Medical,Tidal TriageSuite,(387) 906-2295 ext. 46,info@tidaltriagesuite.com,tidaltriagesuite.com,148,London,UK,2026-06-21T06:54:46Z
2026-06-21,legal,CrestCase Logic,(679) 886-3428,info@crestcaselogic.com,https://www.crestcaselogic.com,775,Melbourne,AU,2026-06-21T03:57:53Z
2026-06-21,ERP,GoldenBenefit Soft,+13289351142,sales@goldenbenefitsoft.io,https://goldenbenefitsoft.io,,Atlanta,US,2026-06-21T05:47:11Z
2026-06-21,Medical,North PulseSuite,(355) 532-9673,hello@northpulsesuite.com,https://www.northpulsesuite.com,54,Columbus,US,2026-06-21T06:35:49Z
2026-06-21,MSP Platform,Silver PatchPlatform,984-759-8452,info@silverpatchplatform.com,https://www.silverpatchplatform.com,194,Phoenix,US,2026-06-21T01:55:23Z
2026-06-21,MSP Platform,BrightGridCloud,1-312-267-0878,info@brightgridcloud.com,https://brightgridcloud.com,45,Raleigh,US,2026-06-21T04:05:38Z
2026-06-21,MSP Platform,Falcon MonitorDesk,03427248511,info@falconmonitordesk.com,https://falconmonitordesk.com,57,Singapore,SG,2026-06-21T01:14:40Z
2026-06-21,Medical,BrightChartDesk,+19052369258,sales@brightchartdesk.com,https://www.brightchartdesk.com,101,Lahore,PK,2026-06-21T01:29:06Z
2026-06-21,Lgl,MetaLawCloud,269-848-3020,contact@metalawcloud.com,https://metalawcloud.com,296,Calgary,CA,2026-06-21T06:28:49Z
2026-06-21,MSP Platform,Crown UptimeTech,2322510240,hello@crownuptimetech.net,https://crownuptimetech.net,360,Leeds,UK,2026-06-21T03:23:41Z
2026-06-21,Medical,Willow RxTech,248-387-7381,contact@willowrxtech.io,willowrxtech.io,111,Columbus,US,2026-06-21T05:24:31Z
2026-06-21,MSP Platform,JuniperNode Point,4312705021,contact@junipernodepoint.io,https://junipernodepoint.io,17,Raleigh,US,2026-06-21T06:44:19Z
2026-06-21,Legal,Arch ClauseFlow,585.285.0844,info@archclauseflow.co,https://www.archclauseflow.co,null,Atlanta,US,2026-06-21T01:27:02Z
2026-06-21,HR,OmniCultureSoft,+17293709147,hello@omniculturesoft.com,https://www.omniculturesoft.com,47,Toronto,CA,2026-06-21T02:32:19Z
2026-06-21,Medical,IronMed Flow,1-711-460-8046 ext. 18,,https://www.ironmedflow.com,317,Denver,US,2026-06-21T05:46:06Z
2026-06-21,Legal,BrightClause Sync,1-284-320-0235,sales@brightclausesync.com,brightclausesync.com,128,,IN,2026-06-21T04:50:48Z
2026-06-21,Medical,UmbraClinic Flow,+18833417642,info@umbraclinicflow.com,https://www.umbraclinicflow.com,15,Leeds,UK,2026-06-21T04:02:59Z
2026-06-21,Medical,Summit HealthHub,+18739640984,sales@summithealthhub.com,https://www.summithealthhub.com,54,Vancouver,CA,2026-06-21T01:49:13Z
2026-06-21,Medical,RavenHealth App,+1 (518) 651-6390,sales@ravenhealthapp.io,https://www.ravenhealthapp.io,28,Leeds,UK,2026-06-21T05:42:19Z
2026-06-21,ERP,ZenForge Cloud,+17016282762,info@zenforgecloud.com,https://zenforgecloud.com,8,Raleigh,US,2026-06-21T04:10:30Z
2026-06-21,ERP,Nimbus ChainLogic,+17289979528,hello@nimbuschainlogic.io,https://www.nimbuschainlogic.io,2332,Chicago,US,2026-06-21T04:01:41Z
2026-06-21,HR,SolidPerformPlatform,(267) 481-1046,sales@solidperformplatform.com,solidperformplatform.com,888,Singapore,SG,2026-06-21T03:32:00Z
2026-06-21,Legal,RapidDocket Flow,558-256-6772,hello@rapiddocketflow.co,https://rapiddocketflow.co,39,Seattle,US,2026-06-21T04:32:09Z
2026-06-21,ERP,Vertex ForgeSync,+13285685518,hello@vertexforgesync.com,https://www.vertexforgesync.com,49,Austin,US,2026-06-21T04:47:12Z
2026-06-21,Medical,PioneerPulse Desk,7208347091,hello@pioneerpulsedesk.io,https://www.pioneerpulsedesk.io,215,Pune,IN,2026-06-21T03:53:02Z
2026-06-21,HR,IronShift Sphere,639-863-9836,sales@ironshiftsphere.io,ironshiftsphere.io,31,Denver,US,2026-06-21T01:28:41Z
2026-06-21,Medical,RavenClinicCloud,+1 (866) 961-0329,hello@ravencliniccloud.com,https://www.ravencliniccloud.com,67,Austin,US,2026-06-21T04:31:42Z
2026-06-21,HR,RapidPeople Labs,1-822-405-5594,sales@rapidpeoplelabs.com,https://www.rapidpeoplelabs.com,90,Singapore,SG,2026-06-21T04:16:15Z
2026-06-21,Medical,Quartz ChartCore,725.674.1865,contact@quartzchartcore.io,https://www.quartzchartcore.io,17,Tampa,US,2026-06-21T04:40:42Z
2026-06-21,Medical,WillowPatient Soft,+19324280274,sales@willowpatientsoft.com,willowpatientsoft.com,29,Chicago,US,2026-06-21T04:18:41Z
2026-06-21,HR,BeaconPerformCloud,7868121406,contact@beaconperformcloud.net,https://beaconperformcloud.net,56,Columbus,US,2026-06-21T01:05:11Z
2026-06-21,ERP,Xenon StockSphere,276.804.2280 ext. 44,info@xenonstocksphere.com,https://xenonstocksphere.com,860,Vancouver,CA,2026-06-21T01:38:11Z
2026-06-21,ERP,LumenLedger Point,(891) 492-2985,info@lumenledgerpoint.io,https://www.lumenledgerpoint.io,19,Austin,US,2026-06-21T01:48:19Z
2026-06-21,ERP,VeloStockSphere,(761) 471-0609,contact@velostocksphere.com,https://velostocksphere.com,19,Chicago,US,2026-06-21T06:25:49Z
2026-06-21,Medical,CrestClinicCore,1-508-761-2460,sales@crestcliniccore.com,https://www.crestcliniccore.com,39,Hyderabad,IN,2026-06-21T05:41:07Z
2026-06-21,LMS,PrimeCohort Soft,+18032849785,hello@primecohortsoft.co,https://www.primecohortsoft.co,472,Chicago,US,2026-06-21T02:15:22Z
2026-06-21,ERP,NimbusPlanSync,+1 (641) 578-7917,contact@nimbusplansync.co,https://nimbusplansync.co,47,Pune,IN,2026-06-21T06:42:00Z
2026-06-21,Legal,RidgewayFilingTech,1-283-389-4576,sales@ridgewayfilingtech.io,https://www.ridgewayfilingtech.io,-,Manchester,UK,2026-06-21T01:38:59Z
2026-06-21,LMS,Atlas TrainApp,(524) 696-4938,contact@atlastrainapp.com,https://atlastrainapp.com,202,Amsterdam,NL,2026-06-21T04:18:15Z
2026-06-21,ERP,PolarisOps Hub,(455) 428-5315,contact@polarisopshub.net,https://polarisopshub.net,32,Vancouver,CA,2026-06-21T02:41:27Z
2026-06-21,ERP,Polaris BatchLabs,394.889.9917,contact@polarisbatchlabs.io,https://www.polarisbatchlabs.io,162,Singapore,SG,2026-06-21T06:18:34Z
2026-06-21,ERP,EmberFinBase,4873414916,contact@emberfinbase.io,https://www.emberfinbase.io,972,London,UK,2026-06-21T02:01:30Z
2026-06-21,ERP,FalconPlan Suite,872-679-3319,N/A,https://www.falconplansuite.io,15,Tampa,US,2026-06-21T02:06:16Z
2026-06-21,LEGAL ,AtlasLawBase,6362806338,N/A,https://www.atlaslawbase.io,6,Amsterdam,NL,2026-06-21T01:48:41Z
2026-06-21,HR,LatticeRoster Soft,(702) 641-9147,contact@latticerostersoft.co,https://www.latticerostersoft.co,6,Tampa,US,2026-06-21T03:07:35Z
2026-06-21,ERP,Velo OrderFlow,(809) 778-0085,hello@veloorderflow.com,https://www.veloorderflow.com,11,Chicago,US,2026-06-21T01:50:25Z
2026-06-21,Medical,NorthClinic Solutions,+16582741853,info@northclinicsolutions.io,https://www.northclinicsolutions.io,15,Columbus,US,2026-06-21T06:32:26Z
2026-06-21,ERP,OmniChain Désk,+15014155433,sales@omnichaindesk.io,omnichaindesk.io,6,Columbus,US,2026-06-21T02:58:17Z
2026-06-21,HR,Vista CultureLogic,(593) 551-5550 ext. 11,info@vistaculturelogic.com,https://www.vistaculturelogic.com,719,Austin,US,2026-06-21T02:22:02Z
2026-06-21,Lgl,OmniFiling Flow,1-243-325-0283,info@omnifilingflow.com,https://www.omnifilingflow.com,462,Seattle,US,2026-06-21T06:45:24Z
2026-06-21,Legal,OmniClause Dynamics,+1 (362) 441-6497,info@omniclausedynamics.com,https://www.omniclausedynamics.com,84,Munich,DE,2026-06-21T02:43:15Z
2026-06-21,LMS,Keystone’s VitalLogic,(923) 907-9488,contact@keystonevitallogic.com,https://keystonevitallogic.com,43,Boston,US,2026-06-21T01:17:44Z
2026-06-21,legal,Beacon OrderSoft,792.919.3426,-,https://www.beaconordersoft.com,12,Amsterdam,NL,2026-06-21T02:35:57Z
2026-06-21,HR,Sable Payroll Staffing,(229) 509-4419,sales@sablepayrollstaffing.com,https://www.sablepayrollstaffing.com,81,Amsterdam,NL,2026-06-21T01:14:45Z
2026-06-21,Medical,Meta PatientPoint,6646292455,sales@metapatientpoint.com,https://www.metapatientpoint.com,5,Chicago,US,2026-06-21T03:27:58Z
2026-06-21,ERP,OnyxStockDesk,+15886616635,sales@onyxstockdesk.com,https://www.onyxstockdesk.com,484,Amsterdam,NL,2026-06-21T03:39:10Z
2026-06-21,MSP Platform,TruePatchCore,+1 (319) 244-6456,info@truepatchcore.net,truepatchcore.net,983,Amsterdam,NL,2026-06-21T06:59:40Z
2026-06-21,MSP Platform,RapidStackLogic,(865) 445-3327,hello@rapidstacklogic.com,https://www.rapidstacklogic.com,777,Seattle,US,2026-06-21T01:20:55Z
2026-06-21,ERP,VertexOps Systems,904-867-9310,contact@vertexopssystems.com,https://www.vertexopssystems.com,118,Denver,US,2026-06-21T04:46:09Z
2026-06-21,Medical,FusionMed Dynamics,671-936-3875,hello@fusionmeddynamics.net,https://www.fusionmeddynamics.net,N/A,Atlanta,US,2026-06-21T06:25:19Z
2026-06-21,ERP,RavenPlan Sphere,(982) 368-4367,sales@ravenplansphere.com,https://ravenplansphere.com,10,Seattle,US,2026-06-21T02:14:01Z
2026-06-21,Medical,Atlas Clinic BPO Services,(317) 938-6660,sales@atlasclinicbposervices.com,https://www.atlasclinicbposervices.com,6,Dublin,IE,2026-06-21T04:51:59Z
2026-06-21,Lgl,CobaltBriefPlatform,277-529-5036,sales@cobaltbriefplatform.com,cobaltbriefplatform.com,35,Austin,US,2026-06-21T04:28:35Z
2026-06-21,ERP,RidgeChain Works,+18308768096,contact@ridgechainworks.io,https://www.ridgechainworks.io,195,Austin,US,2026-06-21T05:29:05Z
2026-06-21,LMS,OmniMentor Desk,06442665137,info@omnimentordesk.co,https://www.omnimentordesk.co,15,Chicago,US,2026-06-21T05:37:49Z
2026-06-21,ERP,HaloStockSoft,4102070301,hello@halostocksoft.co,https://halostocksoft.co,61,Phoenix,US,2026-06-21T02:58:30Z
2026-06-21,HR,TrueRoster Dynamics,957-907-1236,contact@truerosterdynamics.com,https://www.truerosterdynamics.com,11,Lahore,PK,2026-06-21T06:26:16Z
2026-06-21,ERP,PivotForge Core,402-623-7770,hello@pivotforgecore.net,https://www.pivotforgecore.net,73,Seattle,US,2026-06-21T02:21:55Z
2026-06-21,ERP,CedarBatch Sync,+17639845104,info@cedarbatchsync.com,https://cedarbatchsync.com,177,Melbourne,AU,2026-06-21T06:27:50Z
2026-06-21,legal,EmberBriefDynamics,863-516-3679,info@emberbriefdynamics.net,https://www.emberbriefdynamics.net,N/A,Boston,US,2026-06-21T06:03:54Z
2026-06-21,Lgl,Harbor ClauseSphere,(913) 565-0677 ext. 55,info@harborclausesphere.com,https://www.harborclausesphere.com,46,Seattle,US,2026-06-21T02:03:41Z
2026-06-21,ERP,WillowOrderLogic,+1 (635) 872-7027,hello@willoworderlogic.com,willoworderlogic.com,78,N/A,US,2026-06-21T01:07:16Z
2026-06-21,Medical,Bold MedSuite,653-340-0880,info@boldmedsuite.com,https://www.boldmedsuite.com,79,Lahore,PK,2026-06-21T01:11:20Z
2026-06-21,ERP,Iron PlanSystems,+13259149161,sales@ironplansystems.com,https://www.ironplansystems.com,6,Leeds,UK,2026-06-21T03:24:35Z
2026-06-21,ERP,CedarLedger Solutions,08535826648,info@cedarledgersolutions.com,https://www.cedarledgersolutions.com,138,Karachi,PK,2026-06-21T06:23:31Z
2026-06-21,LMS,Quantum QuizCloud,7967647664,info@quantumquizcloud.com,https://quantumquizcloud.com,437,Vancouver,CA,2026-06-21T04:18:34Z
2026-06-21,ERP,TrueForge Solutions,888-870-8034,contact@trueforgesolutions.com,https://www.trueforgesolutions.com,19,Raleigh,US,2026-06-21T05:19:58Z
2026-06-21,MSP Platform,Halo StackSphere,1-527-578-1475,sales@halostacksphere.com,https://www.halostacksphere.com,345,Vancouver,CA,2026-06-21T06:58:57Z
2026-06-21,Legal,NovaBrief Labs,320.384.9232,hello@novabrieflabs.co,https://novabrieflabs.co,null,Tampa,US,2026-06-21T03:45:11Z
2026-06-21,Medical,CedarVitalSuite,903-931-9578,hello@cedarvitalsuite.io,https://cedarvitalsuite.io,2316,Denver,US,2026-06-21T04:23:47Z
2026-06-21,ERP,OnyxChainPlatform,+17856248383,sales@onyxchainplatform.net,https://onyxchainplatform.net,63,London,UK,2026-06-21T05:23:28Z
2026-06-21,HR,Anchor CultureSoft,809-581-6143 ext. 63,info@anchorculturesoft.io,https://www.anchorculturesoft.io,5,Atlanta,US,2026-06-21T06:20:16Z
2026-06-21,MSP Platform,NimbusGridSync,1-902-267-9133,contact@nimbusgridsync.io,https://www.nimbusgridsync.io,50,Sydney,AU,2026-06-21T06:56:52Z
2026-06-21,HR,SilverShift Systems,889-684-2058,contact@silvershiftsystems.io,https://www.silvershiftsystems.io,814,London,UK,2026-06-21T02:42:23Z
2026-06-21,Medical,Mosaic VitalWorks,1-295-735-0800,contact@mosaicvitalworks.com,https://www.mosaicvitalworks.com,192,Pune,IN,2026-06-21T03:19:55Z
2026-06-21,LEGAL ,Beacon LawSystems,1-229-871-1206,sales@beaconlawsystems.net,beaconlawsystems.net,55,-,US,2026-06-21T06:34:02Z
2026-06-21,MSP Platform,Raven RemoteSuite,687-366-1152,hello@ravenremotesuite.net,https://www.ravenremotesuite.net,850,Phoenix,US,2026-06-21T06:38:12Z
2026-06-21,Legal,FusionCompli Tech,+19219052499,hello@fusioncomplitech.co,https://www.fusioncomplitech.co,645,Toronto,CA,2026-06-21T01:47:09Z
2026-06-21,Medical,Xenon Patient Recruiting,224-981-0142,sales@xenonpatientrecruiting.co,https://xenonpatientrecruiting.co,23,Bengaluru,IN,2026-06-21T03:12:54Z
2026-06-21,MSP Platform,RidgeRemote Hub,(663) 352-8173,info@ridgeremotehub.com,https://ridgeremotehub.com,792,Atlanta,US,2026-06-21T01:59:27Z
2026-06-21,Legal,AltaMatter Solutions,(951) 896-8352,sales@altamattersolutions.net,altamattersolutions.net,568,Calgary,CA,2026-06-21T01:18:30Z
2026-06-21,ERP,Quantum PlanCloud,368-313-0525 ext. 96,sales@quantumplancloud.com,https://www.quantumplancloud.com,941,Seattle,US,2026-06-21T05:20:44Z
2026-06-21,MSP Platform,SummitMonitor Systems,642.865.2695,contact@summitmonitorsystems.com,https://summitmonitorsystems.com,12,London,UK,2026-06-21T01:20:06Z
2026-06-21,Legal,TidalCounselSuite,+13522305291,contact@tidalcounselsuite.co,tidalcounselsuite.co,20,Phoenix,US,2026-06-21T04:54:12Z
2026-06-21,ERP,BeaconBatchWorks,+1 (935) 381-2308,sales@beaconbatchworks.com,https://www.beaconbatchworks.com,89,Raleigh,US,2026-06-21T02:31:20Z
2026-06-21,Medical,QuantumRx Flow,+19664308415,sales@quantumrxflow.io,https://www.quantumrxflow.io,N/A,Seattle,US,2026-06-21T06:54:09Z
2026-06-21,MSP Platform,GranitePatch Core,(817) 564-8744,hello@granitepatchcore.com,https://www.granitepatchcore.com,93,London,UK,2026-06-21T04:36:15Z
2026-06-21,Medical,SableVital App,+16772181950,contact@sablevitalapp.io,sablevitalapp.io,34,Boston,US,2026-06-21T06:46:14Z
2026-06-21,LEGAL ,LatticeLawSuite,+17092806094,sales@latticelawsuite.com,https://www.latticelawsuite.com,139,Pune,IN,2026-06-21T04:05:07Z
2026-06-21,HR,SummitPayroll Flow,465.485.4969,info@summitpayrollflow.com,https://summitpayrollflow.com,68,Raleigh,US,2026-06-21T03:29:54Z
2026-06-21,Medical,CedarPulse Sphere,(835) 943-8081,contact@cedarpulsesphere.net,https://cedarpulsesphere.net,9,Seattle,US,2026-06-21T05:32:36Z
2026-06-21,LMS,Harbor CourseSystems,1-652-735-6527 ext. 73,sales@harborcoursesystems.co,https://www.harborcoursesystems.co,19,Sydney,AU,2026-06-21T06:07:21Z
2026-06-21,HR,Granite Culture Consulting Group,7779174873,info@granitecultureconsultinggroup.com,https://www.granitecultureconsultinggroup.com,17,Phoenix,US,2026-06-21T01:12:53Z
2026-06-21,HR,GoldenCulture Core,+1 (720) 925-8106,info@goldenculturecore.com,https://www.goldenculturecore.com,10,Sydney,AU,2026-06-21T03:04:18Z
2026-06-21,Lgl,Crown CompliBase,+19702511049,hello@crowncomplibase.io,https://www.crowncomplibase.io,310,,DE,2026-06-21T05:10:21Z
2026-06-21,ERP,QuartzLedger’s Suite,(375) 467-1425,sales@quartzledgersuite.com,quartzledgersuite.com,24,Toronto,CA,2026-06-21T06:10:45Z
2026-06-21,Medical,CoreCare Hub,294.912.5217,sales@corecarehub.com,corecarehub.com,404,London,UK,2026-06-21T03:05:52Z
2026-06-21,ERP,OrbitOrderCloud,9044836418,hello@orbitordercloud.com,https://www.orbitordercloud.com,N/A,Singapore,SG,2026-06-21T06:51:36Z
2026-06-21,MSP Platform,Zephyr NodeLabs,+1 (658) 805-1067,contact@zephyrnodelabs.io,zephyrnodelabs.io,4337,Denver,US,2026-06-21T01:28:06Z
2026-06-21,HR,CrestCulture Hub,678-846-5475,sales@crestculturehub.io,https://www.crestculturehub.io,155,Hyderabad,IN,2026-06-21T06:39:00Z
2026-06-21,MSP Platform,Juniper MonitorDynamics,1-469-306-9435 ext. 85,hello@junipermonitordynamics.net,https://junipermonitordynamics.net,91,London,UK,2026-06-21T03:03:22Z
2026-06-21,MSP Platform,Tidal EndpointPoint,963-518-5242,info@tidalendpointpoint.co,tidalendpointpoint.co,195,Boston,US,2026-06-21T05:40:47Z
2026-06-21,Medical,Silver RxSolutions,(595) 320-9368,sales@silverrxsolutions.co,https://www.silverrxsolutions.co,245,Boston,US,2026-06-21T05:29:40Z
2026-06-21,MSP Platform,DeltaMonitorSync,397.926.0072,contact@deltamonitorsync.net,https://deltamonitorsync.net,7,Columbus,US,2026-06-21T06:59:15Z
2026-06-21,ERP,Crest OrderBase,+19137776652,hello@crestorderbase.co,crestorderbase.co,92,Denver,US,2026-06-21T06:22:40Z
2026-06-21,Medical,QuartzPatientHub,583.509.6970,info@quartzpatienthub.com,quartzpatienthub.com,N/A,Denver,US,2026-06-21T02:02:15Z
2026-06-21,Legal,Arch CompliCore,+16986798478,hello@archcomplicore.io,https://www.archcomplicore.io,13,Phoenix,US,2026-06-21T06:00:15Z
2026-06-21,HR,IndigoPeople Soft,6637797432,info@indigopeoplesoft.io,indigopeoplesoft.io,113,Leeds,UK,2026-06-21T03:08:37Z
2026-06-21,ERP,UmbraForgeCore,306-677-1608,sales@umbraforgecore.com,https://www.umbraforgecore.com,8,Phoenix,US,2026-06-21T04:32:41Z
2026-06-21,Legal,ClearFilingDesk,(445) 380-0927,hello@clearfilingdesk.com,https://www.clearfilingdesk.com,348,Bengaluru,IN,2026-06-21T06:57:58Z
2026-06-21,HR,TrueTalent Desk,(875) 748-7409,contact@truetalentdesk.com,https://truetalentdesk.com,61,Munich,DE,2026-06-21T03:47:27Z
2026-06-21,ERP,Arch ForgeWorks,5783700896,N/A,https://archforgeworks.com,4653,Singapore,SG,2026-06-21T01:11:56Z
2026-06-21,HR,HaloTeam Point,5349142623,info@haloteampoint.co,https://www.haloteampoint.co,4654,Tampa,US,2026-06-21T03:07:28Z
2026-06-21,HR,PioneerPeople Sync,+19073126870,contact@pioneerpeoplesync.com,https://pioneerpeoplesync.com,486,Atlanta,US,2026-06-21T02:38:33Z
2026-06-21,ERP,Silver ForgeSuite,(362) 225-3216,hello@silverforgesuite.com,https://www.silverforgesuite.com,12,Bengaluru,IN,2026-06-21T04:58:31Z
2026-06-21,ERP,Bold ForgeDesk,+1 (530) 884-5189,contact@boldforgedesk.com,https://www.boldforgedesk.com,12,Austin,US,2026-06-21T06:14:46Z
2026-06-21,HR,VertexShiftHub,+1 (234) 932-3002,sales@vertexshifthub.com,vertexshifthub.com,518,Islamabad,PK,2026-06-21T03:39:15Z
2026-06-21,Medical,GraniteHealthBase,+13869002324,contact@granitehealthbase.com,https://www.granitehealthbase.com,27,Singapore,SG,2026-06-21T01:14:57Z
2026-06-21,ERP,SolidBatch Desk,(229) 881-4240,info@solidbatchdesk.io,https://www.solidbatchdesk.io,1552,Boston,US,2026-06-21T02:43:53Z
2026-06-21,ERP,Polaris LedgerSphere,657.869.2735 ext. 12,hello@polarisledgersphere.co,polarisledgersphere.co,693,Tampa,US,2026-06-21T03:12:36Z
2026-06-21,HR,Raven TalentCore,(549) 899-1858,contact@raventalentcore.com,https://www.raventalentcore.com,123,Raleigh,US,2026-06-21T01:38:54Z
2026-06-21,MSP Platform,ZephyrMonitorSphere,965.517.1044,contact@zephyrmonitorsphere.com,zephyrmonitorsphere.com,659,N/A,PK,2026-06-21T05:54:20Z
2026-06-21,MSP Platform,KeystoneRemote Flow,+12268462507 ext. 36,sales@keystoneremoteflow.com,https://www.keystoneremoteflow.com,31,Leeds,UK,2026-06-21T05:58:25Z
2026-06-21,MSP Platform,MosaicRemoteLabs,928-367-2851,contact@mosaicremotelabs.com,https://www.mosaicremotelabs.com,58,Tampa,US,2026-06-21T04:42:57Z
2026-06-21,ERP,SolidFin Flow,03105453654,sales@solidfinflow.com,https://www.solidfinflow.com,42,Austin,US,2026-06-21T04:08:18Z
2026-06-21,MSP Platform,Polaris RemoteSuite,+12197077160,info@polarisremotesuite.io,https://www.polarisremotesuite.io,880,Pune,IN,2026-06-21T04:50:35Z
2026-06-21,Medical,Alta RxFlow,5695931116,hello@altarxflow.com,https://www.altarxflow.com,8,Hyderabad,IN,2026-06-21T04:22:55Z
2026-06-21,Medical,LumenHealth Platform,5643488230,sales@lumenhealthplatform.io,https://lumenhealthplatform.io,756,Denver,US,2026-06-21T06:54:58Z
2026-06-21,MSP Platform,PivotPatch Platform,6796031086,hello@pivotpatchplatform.com,https://www.pivotpatchplatform.com,7,Seattle,US,2026-06-21T05:46:17Z
2026-06-21,Medical,RidgewayHealth App,+15439621817,contact@ridgewayhealthapp.com,https://www.ridgewayhealthapp.com,26,Austin,US,2026-06-21T01:32:55Z
2026-06-21,LMS,HarborLessonCore,(932) 449-4093,contact@harborlessoncore.com,https://www.harborlessoncore.com,35,Denver,US,2026-06-21T06:33:33Z
2026-06-21,Medical,RavenHealthDesk,+17958918239,contact@ravenhealthdesk.com,https://www.ravenhealthdesk.com,143,Islamabad,PK,2026-06-21T05:46:32Z
2026-06-21,Legal,PolarisVerdict Desk,517-224-9804,hello@polarisverdictdesk.io,https://www.polarisverdictdesk.io,7,Tampa,US,2026-06-21T01:11:48Z
2026-06-21,ERP,BrightLedger Cloud,(547) 453-7376,hello@brightledgercloud.com,https://www.brightledgercloud.com,63,Raleigh,US,2026-06-21T06:59:55Z
2026-06-21,Medical,RidgeVitalTech,245.931.6097,sales@ridgevitaltech.com,https://ridgevitaltech.com,10,Columbus,US,2026-06-21T05:20:24Z
2026-06-21,ERP,Orbit ChainWorks,5385513378,sales@orbitchainworks.com,https://orbitchainworks.com,138,London,UK,2026-06-21T04:11:17Z
2026-06-21,LMS,AltaTrainSync,1-213-685-2353,info@altatrainsync.net,https://altatrainsync.net,63,Columbus,US,2026-06-21T04:07:37Z
2026-06-21,HR,AltaPeopleTech,+19564696038,hello@altapeopletech.com,altapeopletech.com,26,Raleigh,US,2026-06-21T05:59:33Z
2026-06-21,LEGAL ,TrueVerdictDesk,3788320281 ext. 36,contact@trueverdictdesk.com,trueverdictdesk.com,3351,Seattle,US,2026-06-21T06:25:18Z
2026-06-21,MSP Platform,RavenStack Solutions,1-281-205-7169,contact@ravenstacksolutions.com,https://ravenstacksolutions.com,null,Berlin,DE,2026-06-21T05:14:05Z
2026-06-21,Medical,Iron HealthWorks,973.399.4305,info@ironhealthworks.io,https://www.ironhealthworks.io,354,Boston,US,2026-06-21T04:29:40Z
2026-06-21,Lgl,NimbusClauseLabs,287-459-6961,info@nimbusclauselabs.com,https://www.nimbusclauselabs.com,185,Toronto,CA,2026-06-21T06:32:02Z
2026-06-21,Medical,ClearRxApp,+19118990137,sales@clearrxapp.com,https://www.clearrxapp.com,40,Sydney,AU,2026-06-21T05:57:00Z
2026-06-21,Medical,Juniper ChartPoint,(777) 775-3299,info@juniperchartpoint.com,https://www.juniperchartpoint.com,61,Chicago,US,2026-06-21T04:24:25Z
2026-06-21,MSP Platform,NorthStackPlatform,6669204205,contact@northstackplatform.com,northstackplatform.com,29,Atlanta,US,2026-06-21T05:28:57Z
2026-06-21,Legal,Golden VerdictSoft,1-260-817-5849 ext. 76,info@goldenverdictsoft.com,https://www.goldenverdictsoft.com,97,Raleigh,US,2026-06-21T04:07:19Z
2026-06-21,Medical,CrestMedPlatform,423-516-7630,info@crestmedplatform.io,https://www.crestmedplatform.io,2253,Raleigh,US,2026-06-21T04:04:36Z
2026-06-21,ERP,SilverBatch Flow,(880) 974-4528,info@silverbatchflow.com,https://www.silverbatchflow.com,55,Dublin,IE,2026-06-21T05:42:16Z
2026-06-21,ERP,HarborLedger App,8326454173,info@harborledgerapp.io,https://harborledgerapp.io,2088,Raleigh,US,2026-06-21T02:53:51Z
2026-06-21,MSP Platform,WillowRemoteLabs,(922) 267-1516,contact@willowremotelabs.com,https://www.willowremotelabs.com,13,Chicago,US,2026-06-21T05:44:57Z
2026-06-21,MSP Platform,ZephyrUptimeCore,1-301-449-1126,info@zephyruptimecore.com,https://www.zephyruptimecore.com,15,Boston,US,2026-06-21T05:32:53Z
2026-06-21,ERP,Xenon FinPoint,733-374-4300,info@xenonfinpoint.com,https://xenonfinpoint.com,175,Boston,US,2026-06-21T01:53:17Z
2026-06-21,legal,Juniper CaseHub,(659) 819-3108,info@junipercasehub.io,https://www.junipercasehub.io,14,Hyderabad,IN,2026-06-21T02:10:43Z
2026-06-21,ERP,ClearForgeCloud,726-582-0515,info@clearforgecloud.com,clearforgecloud.com,167,Manchester,UK,2026-06-21T05:58:05Z
2026-06-21,HR,QuantumPeopleLogic,(716) 648-7552,info@quantumpeoplelogic.net,quantumpeoplelogic.net,1113,Seattle,US,2026-06-21T01:53:34Z
2026-06-21,ERP,JuniperStock Logic,(718) 792-9567,info@juniperstocklogic.co,https://www.juniperstocklogic.co,10,Phoenix,US,2026-06-21T06:19:16Z
2026-06-21,ERP,RavenStock Dynamics,879.548.7885,hello@ravenstockdynamics.com,https://www.ravenstockdynamics.com,39,Phoenix,US,2026-06-21T06:24:35Z
2026-06-21,Medical,Nova MedLabs,+13428291581,hello@novamedlabs.com,https://novamedlabs.com,33,Tampa,US,2026-06-21T06:46:11Z
2026-06-21,Lgl,CedarCompli Logic,(809) 803-6324,contact@cedarcomplilogic.net,https://cedarcomplilogic.net,25,Seattle,US,2026-06-21T04:40:07Z
2026-06-21,Medical,PivotMed Sync,(956) 660-0329,info@pivotmedsync.com,https://pivotmedsync.com,4636,Austin,US,2026-06-21T04:09:18Z
2026-06-21,Legal,DeltaCounselBase,3436480358,contact@deltacounselbase.net,https://deltacounselbase.net,229,Calgary,CA,2026-06-21T05:54:56Z
2026-06-21,HR,GraniteOnboard Cloud,(816) 747-4246,hello@graniteonboardcloud.co,https://www.graniteonboardcloud.co,7,Tampa,US,2026-06-21T01:16:24Z
2026-06-21,Legal,RidgewayLawHub,8172560309,sales@ridgewaylawhub.io,https://ridgewaylawhub.io,33,Leeds,UK,2026-06-21T04:04:06Z
2026-06-21,MSP Platform,RidgewayGridDesk,939-520-0960,sales@ridgewaygriddesk.com,ridgewaygriddesk.com,43,Dublin,IE,2026-06-21T04:13:11Z
2026-06-21,ERP,Pivot OpsApp,1-441-822-4788,sales@pivotopsapp.com,https://www.pivotopsapp.com,55,Pune,IN,2026-06-21T05:55:44Z
2026-06-21,Medical,Arch PatientDesk,9478376025,hello@archpatientdesk.com,https://archpatientdesk.com,476,Toronto,CA,2026-06-21T03:29:00Z
2026-06-21,HR,CrownBenefit Soft,+14183599198,sales@crownbenefitsoft.com,https://www.crownbenefitsoft.com,15,Phoenix,US,2026-06-21T01:34:13Z
2026-06-21,HR,Raven TalentFlow,+19708429317 ext. 20,contact@raventalentflow.co,https://raventalentflow.co,150,Boston,US,2026-06-21T04:39:45Z
2026-06-21,HR,ApexPeople Dynamics,366-540-4912,hello@apexpeopledynamics.com,apexpeopledynamics.com,11,Atlanta,US,2026-06-21T03:42:58Z
2026-06-21,HR,QuantumPayroll Hub,+19665170795,sales@quantumpayrollhub.com,https://www.quantumpayrollhub.com,59,Atlanta,US,2026-06-21T04:28:02Z
2026-06-21,HR,Prime BenefitLabs,+17832751783,info@primebenefitlabs.com,https://www.primebenefitlabs.com,154,Munich,DE,2026-06-21T06:25:41Z
2026-06-21,ERP,IndigoOpsSync,+17524123878,info@indigoopssync.com,https://indigoopssync.com,5,Seattle,US,2026-06-21T05:23:55Z
2026-06-21,ERP,PolarisBatch Solutions,+12446858841,info@polarisbatchsolutions.net,polarisbatchsolutions.net,88,London,UK,2026-06-21T02:17:49Z
2026-06-21,ERP,Sable Fin Recruiting,242-706-3659,contact@sablefinrecruiting.io,https://www.sablefinrecruiting.io,931,Raleigh,US,2026-06-21T01:26:08Z
2026-06-21,MSP Platform,PivotEndpointHub,647-409-3999,-,https://www.pivotendpointhub.co,341,Atlanta,US,2026-06-21T03:36:03Z
2026-06-21,ERP,Lumen LedgerHub,2307303424,info@lumenledgerhub.com,https://www.lumenledgerhub.com,252,Dublin,IE,2026-06-21T03:28:43Z
2026-06-21,ERP,PrimeChainSoft’s,357-236-3118,contact@primechainsoft.io,https://www.primechainsoft.io,31,Tampa,US,2026-06-21T02:53:59Z
2026-06-21,ERP,Juniper Chain Talent Agency,8199940760,info@juniperchaintalentagency.co,https://www.juniperchaintalentagency.co,85,Boston,US,2026-06-21T05:42:24Z
2026-06-21,Medical,Golden PulseLogic,617-317-4899,N/A,https://www.goldenpulselogic.co,288,Munich,DE,2026-06-21T02:55:30Z
2026-06-21,ERP,FusionPlanTech,+1 (630) 640-2156,contact@fusionplantech.com,https://www.fusionplantech.com,595,Austin,US,2026-06-21T04:24:40Z
2026-06-21,legal,BeaconLaw Suite,784.288.2783,contact@beaconlawsuite.co,https://beaconlawsuite.co,699,Phoenix,US,2026-06-21T03:16:13Z
2026-06-21,legal,LumenFilingSuite,549-644-4467,contact@lumenfilingsuite.com,https://www.lumenfilingsuite.com,143,Chicago,US,2026-06-21T05:42:40Z
2026-06-21,Legal,RidgeBrief Flow,6558291058,info@ridgebriefflow.io,https://www.ridgebriefflow.io,320,Leeds,UK,2026-06-21T02:43:51Z
2026-06-21,HR,RidgewayCultureSync,787.981.8609,info@ridgewayculturesync.com,https://www.ridgewayculturesync.com,12,Vancouver,CA,2026-06-21T04:11:53Z
2026-06-21,MSP Platform,ApexMonitorSuite,330-476-3314,contact@apexmonitorsuite.co,apexmonitorsuite.co,1429,Calgary,CA,2026-06-21T03:44:04Z
2026-06-21,Legal,NovaMatterDesk,+19537236962,sales@novamatterdesk.com,https://www.novamatterdesk.com,50,Seattle,US,2026-06-21T04:49:05Z
2026-06-21,ERP,SummitForge App,2143156519,hello@summitforgeapp.io,https://www.summitforgeapp.io,14,Austin,US,2026-06-21T06:43:14Z
2026-06-21,LMS,Raven TrainWorks,401.755.4407,info@raventrainworks.com,https://www.raventrainworks.com,120,Denver,US,2026-06-21T06:04:54Z
2026-06-21,ERP,SolidChainLogic,+18706952025,sales@solidchainlogic.com,https://www.solidchainlogic.com,38,Manchester,UK,2026-06-21T02:56:40Z
2026-06-21,Medical,Onyx HealthPoint,5914629795,info@onyxhealthpoint.com,https://www.onyxhealthpoint.com,126,Hyderabad,IN,2026-06-21T03:32:40Z
2026-06-21,HR,TidalTalent Solutions,+16854124379,hello@tidaltalentsolutions.net,https://www.tidaltalentsolutions.net,168,Toronto,CA,2026-06-21T01:17:06Z
2026-06-21,Medical,Crown PulseFlow,915-733-7212,contact@crownpulseflow.com,https://www.crownpulseflow.com,29,Tampa,US,2026-06-21T04:48:56Z
2026-06-21,MSP Platform,OnyxNode Core,1-692-742-9618,hello@onyxnodecore.io,https://www.onyxnodecore.io,175,Raleigh,US,2026-06-21T03:13:40Z
2026-06-21,legal,Bright ClauseLabs,7102497395,info@brightclauselabs.io,https://brightclauselabs.io,77,Columbus,US,2026-06-21T04:37:17Z
2026-06-21,HR,ArchPerform Works,06014619825,sales@archperformworks.com,https://www.archperformworks.com,5,Denver,US,2026-06-21T04:23:01Z
2026-06-21,Medical,GoldenPatient Solutions,7524730861,sales@goldenpatientsolutions.com,https://goldenpatientsolutions.com,237,Tampa,US,2026-06-21T05:59:49Z
2026-06-21,Medical,HaloHealth Tech,(911) 390-5344,hello@halohealthtech.com,https://www.halohealthtech.com,22,Tampa,US,2026-06-21T04:15:36Z
2026-06-21,HR,Omni TalentSystems,(760) 969-1572,sales@omnitalentsystems.com,omnitalentsystems.com,37,Seattle,US,2026-06-21T02:52:28Z
2026-06-21,HR,GraniteTalent Base,1-330-704-2250,sales@granitetalentbase.com,granitetalentbase.com,232,Austin,US,2026-06-21T06:06:39Z
2026-06-21,HR,NorthOnboardSolutions,909.606.8552,hello@northonboardsolutions.net,https://www.northonboardsolutions.net,13,London,UK,2026-06-21T01:59:29Z
2026-06-21,MSP Platform,Summit MonitorCloud,+15372133165,sales@summitmonitorcloud.net,https://www.summitmonitorcloud.net,5,Singapore,SG,2026-06-21T05:12:06Z
2026-06-21,ERP,Fusion Resource Consultants,(936) 298-5095,sales@fusionresourceconsultants.io,https://www.fusionresourceconsultants.io,28,Atlanta,US,2026-06-21T02:40:46Z
2026-06-21,Medical,Atlas RxDesk,814-233-0752,contact@atlasrxdesk.com,https://www.atlasrxdesk.com,10,Atlanta,US,2026-06-21T02:47:50Z
2026-06-21,ERP,RavenPlanSolutions,+13037693934,hello@ravenplansolutions.com,https://www.ravenplansolutions.com,57,Dublin,IE,2026-06-21T05:59:40Z
2026-06-21,ERP,Lattice Chain Talent Agency,+15738396601,sales@latticechaintalentagency.com,https://www.latticechaintalentagency.com,123,Tampa,US,2026-06-21T05:38:51Z
2026-06-21,HR,CoreTalentFlow,490.775.1313,contact@coretalentflow.io,https://www.coretalentflow.io,44,London,UK,2026-06-21T01:50:58Z
2026-06-21,HR,IronRoster Labs,844-456-3118,sales@ironrosterlabs.com,https://ironrosterlabs.com,10,Atlanta,US,2026-06-21T03:38:11Z
2026-06-21,MSP Platform,HarborNode Works,547.871.8048,info@harbornodeworks.com,harbornodeworks.com,114,Chicago,US,2026-06-21T01:58:08Z
2026-06-21,ERP,OmniOps Flow,6677904461,hello@omniopsflow.com,https://www.omniopsflow.com,32,Toronto,CA,2026-06-21T06:27:08Z
2026-06-21,HR,SilverCulture’s Works,(340) 366-2259,sales@silvercultureworks.com,https://www.silvercultureworks.com,85,Phoenix,US,2026-06-21T03:17:02Z
2026-06-21,HR,GoldenTeamCloud,930.423.0616,contact@goldenteamcloud.net,goldenteamcloud.net,36,Seattle,US,2026-06-21T06:06:21Z
2026-06-21,Medical,TrueTriage Tech,(531) 520-2127,contact@truetriagetech.com,https://www.truetriagetech.com,72,Seattle,US,2026-06-21T06:12:27Z
2026-06-21,Legal,Core CounselHub,+12874988763,hello@corecounselhub.io,https://www.corecounselhub.io,N/A,Atlanta,US,2026-06-21T02:45:45Z
2026-06-21,Medical,FusionTriageTech,04137145129,hello@fusiontriagetech.io,https://www.fusiontriagetech.io,742,Pune,IN,2026-06-21T03:20:42Z
2026-06-21,MSP Platform,HaloGrid Sync,+1 (891) 730-3540,sales@halogridsync.io,https://www.halogridsync.io,34,Vancouver,CA,2026-06-21T05:28:28Z
2026-06-21,ERP,Omni OpsBase,449-846-1865,sales@omniopsbase.com,https://www.omniopsbase.com,5,Raleigh,US,2026-06-21T01:10:51Z
2026-06-21,ERP,Crown OpsHub,+15737460707,info@crownopshub.io,https://crownopshub.io,5,Boston,US,2026-06-21T06:13:57Z
2026-06-21,Legal,Atlas VerdictSolutions,(833) 485-0317,sales@atlasverdictsolutions.com,https://atlasverdictsolutions.com,47,Manchester,UK,2026-06-21T03:41:33Z
2026-06-21,MSP Platform,ArchTicket Flow,+12115980803,sales@archticketflow.net,https://www.archticketflow.net,442,Austin,US,2026-06-21T03:54:05Z
2026-06-21,Medical,ApexChart Dynamics,1-419-458-0015,hello@apexchartdynamics.co,https://www.apexchartdynamics.co,50,Vancouver,CA,2026-06-21T04:20:47Z
2026-06-21,MSP Platform,OnyxNet Dynamics,590.505.5637,sales@onyxnetdynamics.com,https://onyxnetdynamics.com,33,Phoenix,US,2026-06-21T06:59:55Z
2026-06-21,ERP,Silver BatchCloud,9088343695,sales@silverbatchcloud.com,https://silverbatchcloud.com,19,Austin,US,2026-06-21T03:32:04Z
2026-06-21,HR,BluePerformFlow,+18973051146,contact@blueperformflow.io,https://blueperformflow.io,3713,N/A,US,2026-06-21T01:27:44Z
2026-06-21,LEGAL ,RidgewayBriefCore,8254435642,info@ridgewaybriefcore.com,ridgewaybriefcore.com,82,Denver,US,2026-06-21T03:30:37Z
2026-06-21,ERP,LatticeOrder Soft,453-319-6862,info@latticeordersoft.co,https://www.latticeordersoft.co,48,Munich,DE,2026-06-21T04:58:30Z
2026-06-21,Medical,ZenVitalApp,+12297437017,null,https://zenvitalapp.com,11,Austin,US,2026-06-21T02:50:58Z
2026-06-21,HR,LatticePayroll Labs,(628) 450-9391,contact@latticepayrolllabs.com,latticepayrolllabs.com,9,Vancouver,CA,2026-06-21T06:50:20Z
2026-06-21,ERP,Halo PlanPoint,298.226.0914,info@haloplanpoint.net,https://www.haloplanpoint.net,13,Boston,US,2026-06-21T02:43:26Z
2026-06-21,HR,CedarOnboardSoft’s,(867) 491-0329,sales@cedaronboardsoft.com,https://www.cedaronboardsoft.com,15,Manchester,UK,2026-06-21T06:15:31Z
2026-06-21,MSP Platform,UmbraUptimePlatform,09693008192,contact@umbrauptimeplatform.com,https://www.umbrauptimeplatform.com,13,Phoenix,US,2026-06-21T05:50:43Z
2026-06-21,Legal,GraniteDocket Suite,(544) 827-7384 ext. 19,hello@granitedocketsuite.com,https://www.granitedocketsuite.com,15,Calgary,CA,2026-06-21T01:52:03Z
2026-06-21,Medical,ZenChart Soft,761-904-3091,info@zenchartsoft.io,https://www.zenchartsoft.io,2754,Boston,US,2026-06-21T03:32:45Z
2026-06-21,HR,QuartzCultureSystems,582-240-3200,sales@quartzculturesystems.com,https://www.quartzculturesystems.com,245,Columbus,US,2026-06-21T03:39:16Z
2026-06-21,ERP,RapidForge Flow,+16578783800,,https://www.rapidforgeflow.com,18,Munich,DE,2026-06-21T06:12:40Z
2026-06-21,Medical,Nimbus TriagéSphere,+19267621236,contact@nimbustriagesphere.co,https://www.nimbustriagesphere.co,446,Phoenix,US,2026-06-21T04:19:03Z
2026-06-21,ERP,BlueForge Suite,6276920401,sales@blueforgesuite.com,https://www.blueforgesuite.com,124,Singapore,SG,2026-06-21T04:48:23Z
2026-06-21,HR,RavenTeam Flow,843.665.3590,,https://www.raventeamflow.com,1675,Dublin,IE,2026-06-21T02:45:39Z
2026-06-21,Medical,Atlas TriageLogic,+1 (526) 242-2948,contact@atlastriagelogic.com,https://www.atlastriagelogic.com,766,Austin,US,2026-06-21T03:19:03Z
2026-06-21,Medical,Fusion VitalPoint,912-685-1534,null,https://www.fusionvitalpoint.co,2881,Atlanta,US,2026-06-21T02:56:20Z
2026-06-21,HR,AltaShift Systems,493-732-1885,info@altashiftsystems.io,https://www.altashiftsystems.io,29,Austin,US,2026-06-21T06:16:15Z
2026-06-21,MSP Platform,Blue GridLogic,(928) 202-9639,sales@bluegridlogic.com,https://www.bluegridlogic.com,7,Berlin,DE,2026-06-21T04:59:59Z
2026-06-21,ERP,RapidBatch Dynamics,507.235.7537,contact@rapidbatchdynamics.net,https://rapidbatchdynamics.net,20,Islamabad,PK,2026-06-21T01:39:26Z
2026-06-21,Medical,VertexPulseDynamics,+19112530280 ext. 15,info@vertexpulsedynamics.co,https://vertexpulsedynamics.co,475,Boston,US,2026-06-21T01:11:28Z
2026-06-21,ERP,MosaicForgeSync,720-967-1218,sales@mosaicforgesync.com,https://www.mosaicforgesync.com,4647,Tampa,US,2026-06-21T05:34:11Z
2026-06-21,Legal,Summit CaseSoft,+1 (517) 812-8883,info@summitcasesoft.com,https://www.summitcasesoft.com,1417,London,UK,2026-06-21T02:06:21Z
2026-06-21,MSP Platform,Delta PatchBase,319-781-3918,info@deltapatchbase.com,deltapatchbase.com,205,Vancouver,CA,2026-06-21T01:43:00Z
2026-06-21,ERP,Orbit ResourcePoint,+19017896121,hello@orbitresourcepoint.com,https://www.orbitresourcepoint.com,845,Pune,IN,2026-06-21T06:36:49Z
2026-06-21,LMS,OrbitSkillLabs,+14492626011,hello@orbitskilllabs.co,https://orbitskilllabs.co,702,Tampa,US,2026-06-21T05:30:43Z
2026-06-21,ERP,North StockSoft,+17415555796,hello@northstocksoft.com,https://northstocksoft.com,755,Chicago,US,2026-06-21T03:53:45Z
2026-06-21,MSP Platform,GraniteNetDesk,(268) 663-9272,sales@granitenetdesk.com,granitenetdesk.com,5,Seattle,US,2026-06-21T05:03:00Z
2026-06-21,HR,Apex PayrollSoft,(669) 479-2704,null,https://apexpayrollsoft.com,19,Columbus,US,2026-06-21T04:36:06Z
2026-06-21,HR,Apex CultureSync,+18735529173,info@apexculturesync.io,https://apexculturesync.io,7,Hyderabad,IN,2026-06-21T04:20:39Z
2026-06-21,MSP Platform,ClearMonitorPlatform,+1 (274) 819-2466 ext. 42,sales@clearmonitorplatform.com,https://www.clearmonitorplatform.com,123,Raleigh,US,2026-06-21T06:13:25Z
2026-06-21,Legal,QuartzCompliHub,(279) 882-5007,info@quartzcomplihub.com,https://www.quartzcomplihub.com,5,Islamabad,PK,2026-06-21T04:27:33Z
2026-06-21,HR,LumenTalent Solutions,+14384955153,contact@lumentalentsolutions.net,https://www.lumentalentsolutions.net,null,London,UK,2026-06-21T05:19:07Z
2026-06-21,LEGAL ,CrownDocketDesk,+18084416971,hello@crowndocketdesk.com,https://www.crowndocketdesk.com,7,Sydney,AU,2026-06-21T04:46:19Z
2026-06-21,Medical,GraniteVitalPoint’s,(445) 233-5226,contact@granitevitalpoint.io,https://granitevitalpoint.io,20,Tampa,US,2026-06-21T02:33:34Z
2026-06-21,MSP Platform,TrueRemote Solutions,1-754-391-1412,hello@trueremotesolutions.io,https://trueremotesolutions.io,8,Hyderabad,IN,2026-06-21T06:36:55Z
2026-06-21,Legal,TidalLawHub,(467) 423-6612,contact@tidallawhub.io,https://tidallawhub.io,8,Amsterdam,NL,2026-06-21T05:10:37Z
2026-06-21,Medical,AtlasPulse Sync,470.408.2535,,atlaspulsesync.com,44,Vancouver,CA,2026-06-21T01:14:19Z
2026-06-21,Legal,SummitCompliDynamics,(498) 728-7843,info@summitcomplidynamics.com,https://www.summitcomplidynamics.com,559,Boston,US,2026-06-21T02:01:24Z
2026-06-21,ERP,HaloBatch Tech,506-938-0905,info@halobatchtech.com,halobatchtech.com,1145,Atlanta,US,2026-06-21T05:11:32Z
2026-06-21,MSP Platform,PrimeUptime Suite,+15688981710,hello@primeuptimesuite.co,https://www.primeuptimesuite.co,46,Lahore,PK,2026-06-21T05:20:32Z
2026-06-21,Medical,Clear MedLogic,3345089159,contact@clearmedlogic.io,clearmedlogic.io,361,Toronto,CA,2026-06-21T05:01:10Z
2026-06-21,HR,Tidal Culture Manpower Services,+15264299924,hello@tidalculturemanpowerservices.co,https://tidalculturemanpowerservices.co,21,Seattle,US,2026-06-21T02:18:38Z
2026-06-21,HR,Core OnboardWorks,(897) 559-3067,info@coreonboardworks.com,https://www.coreonboardworks.com,20,Chicago,US,2026-06-21T03:34:57Z
2026-06-21,ERP,BrightStockLabs,570-289-3813,sales@brightstocklabs.com,https://www.brightstocklabs.com,728,Boston,US,2026-06-21T02:12:25Z
2026-06-21,HR,WillowShift Flow,02303487721,sales@willowshiftflow.com,willowshiftflow.com,312,Chicago,US,2026-06-21T04:43:15Z
2026-06-21,Legal,Umbra FilingLabs,6666801101 ext. 89,sales@umbrafilinglabs.com,https://www.umbrafilinglabs.com,914,Sydney,AU,2026-06-21T02:23:52Z
2026-06-21,HR,KeystonePerform Suite,251-742-3970,contact@keystoneperformsuite.com,https://keystoneperformsuite.com,576,Calgary,CA,2026-06-21T05:23:17Z
2026-06-21,Medical,BrightMed Labs,466-782-2362,hello@brightmedlabs.com,https://www.brightmedlabs.com,38,Melbourne,AU,2026-06-21T05:03:35Z
2026-06-21,legal,Bright DocketLogic,1-335-320-9358,sales@brightdocketlogic.com,brightdocketlogic.com,8,Karachi,PK,2026-06-21T01:57:20Z
2026-06-21,HR,NovaPerformSolutions,+15137978900,hello@novaperformsolutions.net,https://www.novaperformsolutions.net,209,,AU,2026-06-21T05:20:01Z
2026-06-21,LMS,QuantumMentor Platform,839.246.8105,info@quantummentorplatform.com,https://quantummentorplatform.com,null,London,UK,2026-06-21T01:44:13Z
2026-06-21,MSP Platform,SableRemoteTech,(474) 220-4790,,https://www.sableremotetech.io,1771,Atlanta,US,2026-06-21T06:06:39Z
2026-06-21,Legal,FalconDocketLogic,+12029716235,info@falcondocketlogic.com,falcondocketlogic.com,14,London,UK,2026-06-21T06:22:58Z
2026-06-21,Medical,CobaltTriage Sphere,(314) 220-4744,info@cobalttriagesphere.io,cobalttriagesphere.io,-,Columbus,US,2026-06-21T05:59:16Z
2026-06-21,Legal,SableVerdictSolutions,+12819369068,info@sableverdictsolutions.io,https://www.sableverdictsolutions.io,21,Columbus,US,2026-06-21T04:56:45Z
2026-06-21,Medical,Raven PatientBase,(549) 510-8464,hello@ravenpatientbase.io,https://www.ravenpatientbase.io,15,Austin,US,2026-06-21T01:42:14Z
2026-06-21,ERP,Halo OrderSync,+16626824688,contact@haloordersync.com,https://www.haloordersync.com,73,Chicago,US,2026-06-21T04:06:48Z
2026-06-21,LMS,HaloLessonPlatform,607.784.0917,info@halolessonplatform.io,https://www.halolessonplatform.io,N/A,Boston,US,2026-06-21T03:23:04Z
2026-06-21,HR,Willow PerformDesk,(208) 382-5654 ext. 89,info@willowperformdesk.com,https://www.willowperformdesk.com,19,Munich,DE,2026-06-21T03:20:45Z
2026-06-21,Medical,ArchPulseTech,+1 (553) 206-6288,hello@archpulsetech.co,https://www.archpulsetech.co,813,Toronto,CA,2026-06-21T05:14:55Z
2026-06-21,ERP,FusionPlan Hub,884-705-5203,info@fusionplanhub.com,https://www.fusionplanhub.com,439,Amsterdam,NL,2026-06-21T02:12:28Z
2026-06-21,LMS,ClearPathSolutions,816-462-7041,hello@clearpathsolutions.net,https://clearpathsolutions.net,401,Boston,US,2026-06-21T02:06:59Z
2026-06-21,Medical,QuartzPulse Hub,696.431.9446,sales@quartzpulsehub.io,https://quartzpulsehub.io,3149,Tampa,US,2026-06-21T04:53:31Z
2026-06-21,MSP Platform,Cobalt MonitorBase,02229435660,contact@cobaltmonitorbase.com,https://www.cobaltmonitorbase.com,203,Columbus,US,2026-06-21T03:23:03Z
2026-06-21,LMS,Cobalt TrainTech,(788) 537-2449,info@cobalttraintech.co,https://www.cobalttraintech.co,124,Tampa,US,2026-06-21T02:52:51Z
2026-06-21,ERP,BoldOrder Logic,(318) 645-9154,info@boldorderlogic.com,https://www.boldorderlogic.com,46,Pune,IN,2026-06-21T01:30:54Z
2026-06-21,ERP,Beacon BatchPoint,765-687-7270,sales@beaconbatchpoint.net,https://www.beaconbatchpoint.net,18,Melbourne,AU,2026-06-21T06:43:20Z
2026-06-21,Medical,PolarisCareSoft,+1 (333) 227-0787,info@polariscaresoft.com,https://www.polariscaresoft.com,140,Dublin,IE,2026-06-21T05:09:12Z
2026-06-21,ERP,RapidOrderSolutions,(712) 667-0186,hello@rapidordersolutions.co,https://www.rapidordersolutions.co,28,Columbus,US,2026-06-21T06:12:26Z
2026-06-21,LMS,HarborPath Solutions,(823) 231-2071,sales@harborpathsolutions.com,https://www.harborpathsolutions.com,93,Denver,US,2026-06-21T05:20:09Z
2026-06-21,Medical,PivotPatientCore,(677) 725-4255,sales@pivotpatientcore.com,https://www.pivotpatientcore.com,242,Columbus,US,2026-06-21T04:41:17Z
2026-06-21,ERP,Vista PlanLogic,+15244026327 ext. 92,,https://www.vistaplanlogic.com,47,Calgary,CA,2026-06-21T02:07:55Z
2026-06-21,HR,LumenPeopleSuite,9255446443,info@lumenpeoplesuite.com,https://lumenpeoplesuite.com,299,Denver,US,2026-06-21T05:41:16Z
2026-06-21,MSP Platform,VertexStack Desk,665-485-9642,sales@vertexstackdesk.com,https://www.vertexstackdesk.com,31,Tampa,US,2026-06-21T04:54:02Z
2026-06-21,HR,GraniteRoster Base,1-253-467-4777,info@graniterosterbase.io,graniterosterbase.io,20,Denver,US,2026-06-21T05:09:33Z
2026-06-21,ERP,Crest FinSphere,(227) 222-4404 ext. 14,contact@crestfinsphere.com,https://crestfinsphere.com,549,Leeds,UK,2026-06-21T05:39:18Z
2026-06-21,Medical,IronHealth App,885-646-6038,info@ironhealthapp.com,https://www.ironhealthapp.com,914,Amsterdam,NL,2026-06-21T06:50:03Z
2026-06-21,Medical,RapidTriageApp,(305) 284-2291,sales@rapidtriageapp.com,rapidtriageapp.com,175,Islamabad,PK,2026-06-21T05:01:59Z
2026-06-21,Medical,Bright VitalFlow,+1 (352) 924-4460,sales@brightvitalflow.io,https://brightvitalflow.io,490,Chicago,US,2026-06-21T02:44:22Z
2026-06-21,Medical,Delta MedSuite,898.203.6641,hello@deltamedsuite.com,https://www.deltamedsuite.com,7,Singapore,SG,2026-06-21T06:22:32Z
2026-06-21,Legal,KeystoneClause Base,9252262326,sales@keystoneclausebase.io,https://www.keystoneclausebase.io,37,Boston,US,2026-06-21T02:34:04Z
2026-06-21,MSP Platform,GoldenRemoteDynamics,270-884-9544 ext. 23,info@goldenremotedynamics.com,https://www.goldenremotedynamics.com,336,Pune,IN,2026-06-21T02:37:52Z
2026-06-21,Medical,Mosaic VitalDynamics,+1 (741) 809-6459,info@mosaicvitaldynamics.com,https://www.mosaicvitaldynamics.com,150,Raleigh,US,2026-06-21T05:16:54Z
2026-06-21,MSP Platform,Iron NodeSoft,08677375582,contact@ironnodesoft.com,https://www.ironnodesoft.com,5,Raleigh,US,2026-06-21T06:33:41Z
2026-06-21,ERP,Tidal StockWorks,470.631.7170,sales@tidalstockworks.com,https://www.tidalstockworks.com,93,Phoenix,US,2026-06-21T04:39:07Z
2026-06-21,LMS,BeaconTrainTech,(326) 512-3833,hello@beacontraintech.io,https://www.beacontraintech.io,260,Atlanta,US,2026-06-21T05:51:09Z
2026-06-21,HR,GoldenOnboardApp,9425486483,sales@goldenonboardapp.net,https://www.goldenonboardapp.net,2877,Denver,US,2026-06-21T05:35:04Z
2026-06-21,LMS,Zephyr CohortCloud,1-822-884-8713,sales@zephyrcohortcloud.com,https://www.zephyrcohortcloud.com,553,Tampa,US,2026-06-21T06:16:42Z
2026-06-21,MSP Platform,OnyxMonitor Logic,1-289-613-9330,hello@onyxmonitorlogic.co,https://onyxmonitorlogic.co,56,Manchester,UK,2026-06-21T03:06:34Z
2026-06-21,ERP,Atlas OrderDesk,639-636-7064,contact@atlasorderdesk.net,https://www.atlasorderdesk.net,,Atlanta,US,2026-06-21T02:23:00Z
2026-06-21,MSP Platform,LatticeUptime Cloud,410-435-0985,info@latticeuptimecloud.net,https://www.latticeuptimecloud.net,20,Melbourne,AU,2026-06-21T01:29:26Z
2026-06-21,MSP Platform,OnyxNode Labs,1-954-424-2861,hello@onyxnodelabs.com,https://www.onyxnodelabs.com,195,Atlanta,US,2026-06-21T06:20:18Z
2026-06-21,MSP Platform,MetaNode Desk,(856) 988-7473,contact@metanodedesk.co,metanodedesk.co,220,-,IN,2026-06-21T02:35:08Z
2026-06-21,ERP,Vertex OpsSolutions,(380) 873-2153,info@vertexopssolutions.co,https://www.vertexopssolutions.co,9,Lahore,PK,2026-06-21T02:48:45Z
2026-06-21,LEGAL ,Meta BriefCloud,1-699-371-5302,contact@metabriefcloud.io,metabriefcloud.io,6,Manchester,UK,2026-06-21T06:35:20Z
2026-06-21,legal,Nimbus ClauseLabs,+1 (980) 941-5252,hello@nimbusclauselabs.io,nimbusclauselabs.io,3730,Columbus,US,2026-06-21T04:56:23Z
2026-06-21,MSP Platform,ZenBatch Soft,+13707574830,hello@zenbatchsoft.net,https://www.zenbatchsoft.net,420,Munich,DE,2026-06-21T05:37:10Z
2026-06-21,Legal,RavenMatter Systems,+19042972717,info@ravenmattersystems.com,https://www.ravenmattersystems.com,,Boston,US,2026-06-21T06:15:44Z
2026-06-21,ERP,BrightFin Base,2788222419,sales@brightfinbase.net,https://www.brightfinbase.net,446,Austin,US,2026-06-21T03:45:25Z
2026-06-21,Medical,CobaltPatientLogic,885-912-4980,info@cobaltpatientlogic.com,https://www.cobaltpatientlogic.com,35,Islamabad,PK,2026-06-21T03:54:22Z
2026-06-21,HR,RidgeBenefit Solutions,932.819.2759,sales@ridgebenefitsolutions.com,https://ridgebenefitsolutions.com,712,Columbus,US,2026-06-21T01:19:17Z
2026-06-21,ERP,BlueStock Works,(237) 769-6577,info@bluestockworks.com,https://bluestockworks.com,10,Seattle,US,2026-06-21T05:07:11Z
2026-06-21,ERP,Falcon Fin Talent Agency,546-949-6766,contact@falconfintalentagency.co,https://www.falconfintalentagency.co,9,N/A,US,2026-06-21T06:46:42Z
2026-06-21,ERP,Ridgeway PlanLogic,(989) 676-4413 ext. 55,sales@ridgewayplanlogic.co,https://www.ridgewayplanlogic.co,972,Columbus,US,2026-06-21T04:35:29Z
2026-06-21,MSP Platform,Golden EndpointFlow,+13775253584,sales@goldenendpointflow.com,https://www.goldenendpointflow.com,119,Chicago,US,2026-06-21T01:50:11Z
2026-06-21,ERP,MosaicLedger App,7106500079,hello@mosaicledgerapp.io,https://www.mosaicledgerapp.io,329,null,UK,2026-06-21T02:40:24Z
2026-06-21,HR,NimbusOnboardApp,(250) 412-4031,info@nimbusonboardapp.com,nimbusonboardapp.com,226,London,UK,2026-06-21T02:06:12Z
2026-06-21,Legal,ApexLawPlatform,(332) 490-5533,info@apexlawplatform.com,https://www.apexlawplatform.com,39,Austin,US,2026-06-21T04:22:32Z
2026-06-21,LMS,UmbraPeopleWorks,1-757-396-5171,info@umbrapeopleworks.com,https://www.umbrapeopleworks.com,228,Amsterdam,NL,2026-06-21T04:55:40Z
2026-06-21,MSP Platform,Halo TicketHub,+15224963405,info@halotickethub.com,https://www.halotickethub.com,14,Atlanta,US,2026-06-21T06:21:00Z
2026-06-21,HR,Solid TeamFlow,857-271-5695,info@solidteamflow.com,solidteamflow.com,30,Boston,US,2026-06-21T01:16:39Z
2026-06-21,Lgl,UmbraCompliCore,(677) 335-5852,sales@umbracomplicore.net,https://umbracomplicore.net,66,Pune,IN,2026-06-21T04:41:22Z
2026-06-21,Medical,BluePatientSystems,+14887394036,info@bluepatientsystems.com,https://www.bluepatientsystems.com,27,Denver,US,2026-06-21T03:51:32Z
2026-06-21,LEGAL ,IronVerdictLogic,(571) 525-8917,sales@ironverdictlogic.com,https://www.ironverdictlogic.com,29,Boston,US,2026-06-21T03:29:03Z
2026-06-21,MSP Platform,CrestPatchWorks,9203750013,sales@crestpatchworks.io,https://crestpatchworks.io,145,Tampa,US,2026-06-21T03:01:56Z
2026-06-21,ERP,NimbusOpsCloud,+15645811827,info@nimbusopscloud.com,https://nimbusopscloud.com,10,Calgary,CA,2026-06-21T04:54:02Z
2026-06-21,MSP Platform,Vista Uptime Staffing,4903460676,hello@vistauptimestaffing.com,https://www.vistauptimestaffing.com,66,Munich,DE,2026-06-21T05:24:07Z
2026-06-21,MSP Platform,Alta TicketApp,(630) 372-7851,info@altaticketapp.io,https://altaticketapp.io,14,Atlanta,US,2026-06-21T05:01:41Z
2026-06-21,HR,PolarisShift Flow,886-799-9878,hello@polarisshiftflow.com,https://www.polarisshiftflow.com,27,Austin,US,2026-06-21T01:14:13Z
2026-06-21,ERP,IronChain Platform,4742569553,info@ironchainplatform.com,https://www.ironchainplatform.com,56,Austin,US,2026-06-21T06:03:01Z
2026-06-21,ERP,UmbraForge Cloud,(859) 972-3061,hello@umbraforgecloud.com,https://www.umbraforgecloud.com,-,Calgary,CA,2026-06-21T04:23:50Z
2026-06-21,LMS,CedarCourseDynamics,9703150988,hello@cedarcoursedynamics.co,https://www.cedarcoursedynamics.co,5,Tampa,US,2026-06-21T01:31:44Z
2026-06-21,Medical,VertexChainWorks,06028669798,info@vertexchainworks.com,https://www.vertexchainworks.com,302,Chicago,US,2026-06-21T02:16:48Z
2026-06-21,ERP,GraniteResourcePoint,828-438-6096,info@graniteresourcepoint.com,https://www.graniteresourcepoint.com,null,Chicago,US,2026-06-21T06:21:12Z
2026-06-21,Medical,Lumen ClinicSync,267.968.1031,contact@lumenclinicsync.com,https://www.lumenclinicsync.com,2467,Chicago,US,2026-06-21T03:00:49Z
2026-06-21,ERP,SolidChain Cloud,(684) 325-7450,contact@solidchaincloud.com,https://www.solidchaincloud.com,20,Phoenix,US,2026-06-21T06:14:21Z
2026-06-21,HR,NorthPayrollCore,543-238-1572 ext. 81,info@northpayrollcore.co,https://northpayrollcore.co,373,Atlanta,US,2026-06-21T01:21:01Z
2026-06-21,ERP,PrimeBatch Dynamics,+14523715412,sales@primebatchdynamics.com,https://primebatchdynamics.com,23,Raleigh,US,2026-06-21T05:01:02Z
2026-06-21,ERP,Mosaic ForgeWorks,284-309-7013,contact@mosaicforgeworks.com,https://www.mosaicforgeworks.com,128,Denver,US,2026-06-21T01:18:10Z
2026-06-21,HR,QuantumShift Labs,9812327078,hello@quantumshiftlabs.com,https://www.quantumshiftlabs.com,472,Leeds,UK,2026-06-21T02:48:02Z
2026-06-21,Legal,Cedar LawFlow,5357646175,contact@cedarlawflow.com,https://www.cedarlawflow.com,415,Atlanta,US,2026-06-21T05:15:06Z
2026-06-21,Medical,Onyx ClinicLabs,739.656.7125,hello@onyxcliniclabs.com,https://www.onyxcliniclabs.com,773,Pune,IN,2026-06-21T04:36:44Z
2026-06-21,HR,BoldRosterSolutions,540.785.8012,sales@boldrostersolutions.com,https://www.boldrostersolutions.com,15,Tampa,US,2026-06-21T06:48:35Z
2026-06-21,HR,Iron BenefitSolutions,278-932-0649,info@ironbenefitsolutions.io,https://www.ironbenefitsolutions.io,382,Leeds,UK,2026-06-21T05:45:21Z
2026-06-21,Medical,RavenVital Platform,845-736-2149,sales@ravenvitalplatform.com,https://www.ravenvitalplatform.com,141,Bengaluru,IN,2026-06-21T03:29:47Z
2026-06-21,LMS,Lattice TutorSoft,+14106596682 ext. 73,hello@latticetutorsoft.com,https://www.latticetutorsoft.com,50,Raleigh,US,2026-06-21T04:02:31Z
2026-06-21,Medical,PolarisChart Platform,(608) 703-6122,info@polarischartplatform.com,https://polarischartplatform.com,71,Amsterdam,NL,2026-06-21T06:00:03Z
2026-06-21,Medical,Anchor RxWorks,+19859030017,contact@anchorrxworks.com,https://anchorrxworks.com,433,Amsterdam,NL,2026-06-21T06:31:15Z
2026-06-21,ERP,CrestForgeDesk,774-821-4142,info@crestforgedesk.com,https://www.crestforgedesk.com,458,Bengaluru,IN,2026-06-21T06:45:30Z
2026-06-21,ERP,FusionBatchSolutions’s,+1 (584) 759-6061,sales@fusionbatchsolutions.io,https://www.fusionbatchsolutions.io,98,Calgary,CA,2026-06-21T06:15:39Z
2026-06-21,Medical,Sable MedWorks,659-867-1540,contact@sablemedworks.net,sablemedworks.net,40,Manchester,UK,2026-06-21T06:54:31Z
2026-06-21,ERP,RidgewayOpsSoft,1-353-855-3024,contact@ridgewayopssoft.com,https://ridgewayopssoft.com,13,Leeds,UK,2026-06-21T03:16:14Z
2026-06-21,LEGAL ,LatticeMatter Sphere,1-559-857-2129,hello@latticemattersphere.co,latticemattersphere.co,100,Lahore,PK,2026-06-21T06:17:53Z
2026-06-21,ERP,OnyxStock Hub,6124343192,-,https://onyxstockhub.com,100,Chicago,US,2026-06-21T03:26:52Z
2026-06-21,MSP Platform,ClearGrid Sphere,519-927-2561,info@cleargridsphere.com,https://www.cleargridsphere.com,20,Phoenix,US,2026-06-21T06:32:13Z
2026-06-21,Legal,ClearFiling Sphere,368-509-9467,info@clearfilingsphere.com,https://clearfilingsphere.com,197,Boston,US,2026-06-21T06:17:39Z
2026-06-21,Legal,Sable DocketDesk,6615019224,hello@sabledocketdesk.io,https://www.sabledocketdesk.io,31,Raleigh,US,2026-06-21T01:18:04Z
2026-06-21,ERP,Pioneer StockSystems,987-652-0902,sales@pioneerstocksystems.io,https://www.pioneerstocksystems.io,156,Atlanta,US,2026-06-21T04:56:44Z
2026-06-21,HR,Cobalt Perform Recruiting,(866) 306-7313,contact@cobaltperformrecruiting.io,https://cobaltperformrecruiting.io,14,Boston,US,2026-06-21T05:52:22Z
2026-06-21,Legal,XenonBriefTech,(299) 802-3999,hello@xenonbrieftech.com,https://www.xenonbrieftech.com,70,Denver,US,2026-06-21T06:10:51Z
2026-06-21,ERP,MosaicChain Hub,04212803630,info@mosaicchainhub.com,https://mosaicchainhub.com,21,Austin,US,2026-06-21T03:38:00Z
2026-06-21,Lgl,ZenFiling Sphere,1-488-884-9252,sales@zenfilingsphere.io,https://www.zenfilingsphere.io,50,N/A,US,2026-06-21T06:08:20Z
2026-06-21,MSP Platform,GoldenUptimeCore,409-936-3432,info@goldenuptimecore.com,https://www.goldenuptimecore.com,134,Sydney,AU,2026-06-21T03:07:30Z
2026-06-21,legal,True ClauseSystems,835.645.3383,hello@trueclausesystems.com,https://trueclausesystems.com,9,Raleigh,US,2026-06-21T01:34:02Z
2026-06-21,Medical,North RxApp,+12834376745,sales@northrxapp.com,https://www.northrxapp.com,48,Atlanta,US,2026-06-21T04:28:30Z
2026-06-21,Legal,KeystoneVerdict Platform,933-597-1846,info@keystoneverdictplatform.io,https://www.keystoneverdictplatform.io,25,Austin,US,2026-06-21T05:27:12Z
2026-06-21,HR,LumenRoster Sync,1-611-665-2801 ext. 94,info@lumenrostersync.com,https://www.lumenrostersync.com,912,Denver,US,2026-06-21T01:06:20Z
2026-06-21,ERP,Meta OrderLogic,750.236.3656,info@metaorderlogic.com,https://metaorderlogic.com,40,Columbus,US,2026-06-21T01:16:33Z
2026-06-21,Medical,VistaClinic Hub,+16654460167,info@vistaclinichub.co,https://www.vistaclinichub.co,45,Austin,US,2026-06-21T04:36:18Z
2026-06-21,ERP,CrestResource Soft,+1 (596) 676-7246,hello@crestresourcesoft.com,https://www.crestresourcesoft.com,59,Phoenix,US,2026-06-21T06:58:47Z
2026-06-21,HR,PivotPayroll Sync,780.763.8617,contact@pivotpayrollsync.io,https://www.pivotpayrollsync.io,55,Leeds,UK,2026-06-21T04:20:03Z
2026-06-21,LMS,OnyxLearnWorks,(960) 292-4691,hello@onyxlearnworks.io,https://www.onyxlearnworks.io,17,Atlanta,US,2026-06-21T04:37:22Z
2026-06-21,Lgl,RavenCounselPlatform,624.272.8112,info@ravencounselplatform.com,https://ravencounselplatform.com,19,Seattle,US,2026-06-21T05:02:38Z
2026-06-21,ERP,ClearOps App,650-639-8885,info@clearopsapp.com,https://clearopsapp.com,19,Austin,US,2026-06-21T04:43:55Z
2026-06-21,Medical,SilverClinic Sync,701-896-6207,info@silverclinicsync.com,https://silverclinicsync.com,15,Boston,US,2026-06-21T01:03:26Z
2026-06-21,LMS,DeltaCohort Dynamics,968-410-7338,sales@deltacohortdynamics.com,https://deltacohortdynamics.com,9,Atlanta,US,2026-06-21T02:59:42Z
2026-06-21,ERP,TidalOps Hub,(887) 769-5877,sales@tidalopshub.com,https://tidalopshub.com,316,Austin,US,2026-06-21T05:10:23Z
2026-06-21,legal,Prime FilingTech,8479707255,contact@primefilingtech.io,https://www.primefilingtech.io,31,Columbus,US,2026-06-21T03:57:53Z
2026-06-21,Medical,OmniClinicPoint,(211) 907-1520,hello@omniclinicpoint.co,https://www.omniclinicpoint.co,7,Sydney,AU,2026-06-21T02:58:05Z
2026-06-21,ERP,Nimbus OrderWorks,1-531-962-7526,hello@nimbusorderworks.co,https://www.nimbusorderworks.co,22,Denver,US,2026-06-21T05:32:30Z
2026-06-21,ERP,Granite FinWorks,+19087465236,info@granitefinworks.com,https://www.granitefinworks.com,63,Raleigh,US,2026-06-21T01:41:48Z
2026-06-21,MSP Platform,HarborPatchSystems,+19423130215,sales@harborpatchsystems.com,https://www.harborpatchsystems.com,19,Raleigh,US,2026-06-21T02:36:53Z
2026-06-21,Medical,PioneerPulse Tech,(784) 462-4248,sales@pioneerpulsetech.com,pioneerpulsetech.com,4124,Calgary,CA,2026-06-21T02:03:29Z
2026-06-21,ERP,Golden PlanSoft,(396) 741-2457,info@goldenplansoft.com,https://www.goldenplansoft.com,18,Seattle,US,2026-06-21T03:31:20Z
2026-06-21,Medical,BoldPatient Dynamics,+1 (646) 291-8147,contact@boldpatientdynamics.com,https://boldpatientdynamics.com,96,Austin,US,2026-06-21T05:27:38Z
2026-06-21,Medical,RavenClinicSync,2552086521,contact@ravenclinicsync.com,https://www.ravenclinicsync.com,15,Tampa,US,2026-06-21T01:27:27Z
2026-06-21,ERP,NorthFin Sphere,678-364-0957,hello@northfinsphere.com,https://www.northfinsphere.com,597,Austin,US,2026-06-21T01:52:48Z
2026-06-21,MSP Platform,RidgeStackDynamics,(924) 528-5861,info@ridgestackdynamics.io,https://www.ridgestackdynamics.io,446,Boston,US,2026-06-21T05:10:37Z
2026-06-21,LMS,JuniperQuiz Dynamics,(694) 669-4595,info@juniperquizdynamics.io,https://juniperquizdynamics.io,25,Leeds,UK,2026-06-21T03:43:37Z
2026-06-21,HR,AtlasRosterDynamics,1-512-296-1688,hello@atlasrosterdynamics.io,https://www.atlasrosterdynamics.io,165,Melbourne,AU,2026-06-21T06:17:22Z
2026-06-21,LEGAL ,CrestCase Hub,552.670.7949,sales@crestcasehub.com,https://www.crestcasehub.com,48,Boston,US,2026-06-21T06:11:44Z
2026-06-21,Medical,DeltaHealthDynamics,265-214-8560,contact@deltahealthdynamics.com,https://www.deltahealthdynamics.com,27,Dublin,IE,2026-06-21T03:46:01Z
2026-06-21,Medical,CoreVitalCloud,8394165603,info@corevitalcloud.net,https://www.corevitalcloud.net,44,-,NL,2026-06-21T03:03:42Z
2026-06-21,Medical,GraniteMedLabs,+18796087731,sales@granitemedlabs.com,https://www.granitemedlabs.com,35,Seattle,US,2026-06-21T06:42:31Z
2026-06-21,HR,OrbitPerformDesk,(475) 403-1948,contact@orbitperformdesk.com,https://www.orbitperformdesk.com,17,Tampa,US,2026-06-21T01:44:11Z
2026-06-21,legal,Falcon DocketDynamics,338-830-5068 ext. 10,contact@falcondocketdynamics.com,https://falcondocketdynamics.com,32,Atlanta,US,2026-06-21T05:05:25Z
2026-06-21,Legal,QuartzDocketTech,+17806356667,hello@quartzdockettech.com,https://www.quartzdockettech.com,28,Phoenix,US,2026-06-21T02:18:53Z
2026-06-21,ERP,TrueChain Cloud,1-357-364-8370,info@truechaincloud.com,https://www.truechaincloud.com,92,Denver,US,2026-06-21T03:17:04Z
2026-06-21,ERP,OnyxForge Point,668-305-0577,sales@onyxforgepoint.com,onyxforgepoint.com,23,Karachi,PK,2026-06-21T06:49:28Z
2026-06-21,Medical,Delta ChartTech,236-730-1090,hello@deltacharttech.com,https://deltacharttech.com,14,Austin,US,2026-06-21T02:40:16Z
2026-06-21,HR,Atlas PayrollDynamics,(380) 459-8479,contact@atlaspayrolldynamics.com,https://www.atlaspayrolldynamics.com,160,Amsterdam,NL,2026-06-21T06:26:49Z
2026-06-21,Medical,Quantum ChartBase,(758) 884-0476,hello@quantumchartbase.com,https://quantumchartbase.com,593,Pune,IN,2026-06-21T01:55:38Z
2026-06-21,LMS,Silver CourseLogic,+1 (664) 928-0127,,https://www.silvercourselogic.io,17,Atlanta,US,2026-06-21T06:02:37Z
2026-06-21,MSP Platform,JuniperMonitorSystems,1-785-315-8050,hello@junipermonitorsystems.com,https://www.junipermonitorsystems.com,19,London,UK,2026-06-21T05:40:37Z
2026-06-21,ERP,EmberPlanHub,+16832437536,sales@emberplanhub.com,https://emberplanhub.com,3366,Atlanta,US,2026-06-21T05:32:29Z
2026-06-21,ERP,Silver Chain Recruiting,564-992-3197,info@silverchainrecruiting.com,https://www.silverchainrecruiting.com,24,Raleigh,US,2026-06-21T06:37:52Z
2026-06-21,Medical,RavenClinicSoft,(421) 617-8926,sales@ravenclinicsoft.co,https://www.ravenclinicsoft.co,7,Tampa,US,2026-06-21T01:41:20Z
2026-06-21,LMS,IronMentor App,(902) 882-8886,sales@ironmentorapp.com,https://www.ironmentorapp.com,334,Columbus,US,2026-06-21T04:47:19Z
2026-06-21,ERP,RapidPlan Sphere,981-679-7777,info@rapidplansphere.com,https://www.rapidplansphere.com,892,Austin,US,2026-06-21T03:05:57Z
2026-06-21,Legal,Nova CulturePoint,923-941-5415,info@novaculturepoint.com,https://www.novaculturepoint.com,205,Tampa,US,2026-06-21T06:30:40Z
2026-06-21,HR,Délta ShiftCore,730-982-6664,contact@deltashiftcore.com,deltashiftcore.com,931,Raleigh,US,2026-06-21T06:19:17Z
2026-06-21,HR,NimbusOnboard Platform,777-269-3063,contact@nimbusonboardplatform.co,https://www.nimbusonboardplatform.co,83,Tampa,US,2026-06-21T05:15:28Z
2026-06-21,ERP,Omni OpsLogic,1-553-398-0564,sales@omniopslogic.net,omniopslogic.net,3455,London,UK,2026-06-21T06:36:01Z
2026-06-21,HR,Indigo OnboardSuite,758-398-6774 ext. 22,sales@indigoonboardsuite.io,https://indigoonboardsuite.io,31,Austin,US,2026-06-21T05:17:34Z
2026-06-21,legal,Vista MatterSoft,506.812.4633,sales@vistamattersoft.com,vistamattersoft.com,727,Austin,US,2026-06-21T02:19:46Z
2026-06-21,Medical,Onyx VitalSync,+15977965368,hello@onyxvitalsync.com,https://www.onyxvitalsync.com,12,Boston,US,2026-06-21T05:02:25Z
2026-06-21,ERP,CedarChainSystems,+15028825340,hello@cedarchainsystems.com,cedarchainsystems.com,85,Phoenix,US,2026-06-21T04:52:31Z
2026-06-21,LMS,North OnboardHub,(684) 755-6532,contact@northonboardhub.net,https://www.northonboardhub.net,31,Vancouver,CA,2026-06-21T03:16:07Z
2026-06-21,HR,IronTeam Works,+1 (249) 427-2165,hello@ironteamworks.co,https://www.ironteamworks.co,185,Manchester,UK,2026-06-21T03:19:05Z
2026-06-21,ERP,LumenOrder Logic,1-375-886-2775,sales@lumenorderlogic.co,https://www.lumenorderlogic.co,150,Columbus,US,2026-06-21T04:59:59Z
2026-06-21,ERP,Blue ForgeDesk,727-335-4885,hello@blueforgedesk.io,blueforgedesk.io,484,Tampa,US,2026-06-21T06:31:11Z
2026-06-21,ERP,Quantum ChainPlatform,837-425-0742,hello@quantumchainplatform.co,quantumchainplatform.co,15,Berlin,DE,2026-06-21T02:12:25Z
2026-06-21,MSP Platform,ZephyrMonitor Dynamics,+15793202555,contact@zephyrmonitordynamics.io,https://zephyrmonitordynamics.io,42,Atlanta,US,2026-06-21T02:22:23Z
2026-06-21,ERP,Iron LedgerPoint,(600) 504-5790 ext. 76,hello@ironledgerpoint.com,https://ironledgerpoint.com,228,Boston,US,2026-06-21T03:41:26Z
2026-06-21,Legal,Sable FilingSystems,(814) 558-6738,sales@sablefilingsystems.net,sablefilingsystems.net,79,Pune,IN,2026-06-21T05:53:23Z
2026-06-21,MSP Platform,Anchor PatchTech,813-692-2120,sales@anchorpatchtech.io,anchorpatchtech.io,14,Dublin,IE,2026-06-21T06:55:53Z
2026-06-21,MSP Platform,AnchorStackSphere,347-442-4141,hello@anchorstacksphere.io,https://www.anchorstacksphere.io,287,Dublin,IE,2026-06-21T03:35:03Z
2026-06-21,HR,CrownTalent Platform,(951) 614-6609,hello@crowntalentplatform.com,https://www.crowntalentplatform.com,239,Phoenix,US,2026-06-21T04:44:03Z
2026-06-21,HR,QuartzPerformSync,1-988-353-5612,hello@quartzperformsync.com,quartzperformsync.com,21,Raleigh,US,2026-06-21T02:27:48Z
2026-06-21,MSP Platform,TidalTicketPoint,1-348-756-6775,sales@tidalticketpoint.com,https://www.tidalticketpoint.com,36,,UK,2026-06-21T06:55:32Z
2026-06-21,ERP,ArchResourceSoft,495-227-9532,sales@archresourcesoft.net,https://www.archresourcesoft.net,14,Pune,IN,2026-06-21T01:43:47Z
2026-06-21,ERP,Mosaic FinApp,+18673236371,hello@mosaicfinapp.net,https://mosaicfinapp.net,11,Singapore,SG,2026-06-21T05:14:08Z
2026-06-21,ERP,Ember’s PlanSync,(370) 970-2280,info@emberplansync.com,https://www.emberplansync.com,34,Manchester,UK,2026-06-21T04:36:24Z
2026-06-21,ERP,NimbusResourceApp,8598051210,info@nimbusresourceapp.com,https://www.nimbusresourceapp.com,188,Columbus,US,2026-06-21T06:02:40Z
2026-06-21,MSP Platform,WillowGrid Tech,512.715.3814,info@willowgridtech.net,https://www.willowgridtech.net,4328,Phoenix,US,2026-06-21T03:48:43Z
2026-06-21,Lgl,BlueCounsel Platform,524-826-0921,hello@bluecounselplatform.com,https://www.bluecounselplatform.com,8,Tampa,US,2026-06-21T02:12:10Z
2026-06-21,ERP,IronResource Works,2293258898,info@ironresourceworks.io,https://ironresourceworks.io,499,Leeds,UK,2026-06-21T01:38:49Z
2026-06-21,MSP Platform,Umbra Patch Talent Agency,522-912-9915,contact@umbrapatchtalentagency.com,umbrapatchtalentagency.com,19,Manchester,UK,2026-06-21T04:07:17Z
2026-06-21,legal,NimbusCompliWorks,+16876267911,contact@nimbuscompliworks.io,https://nimbuscompliworks.io,92,Amsterdam,NL,2026-06-21T01:53:42Z
2026-06-21,MSP Platform,Halo GridApp,(867) 805-7350,info@halogridapp.com,https://halogridapp.com,12,Boston,US,2026-06-21T06:20:43Z
2026-06-21,HR,FalconOnboard Core,+1 (628) 568-2451,contact@falcononboardcore.com,https://falcononboardcore.com,137,Seattle,US,2026-06-21T04:55:59Z
2026-06-21,HR,North BenefitSphere,1-650-842-6070,sales@northbenefitsphere.com,https://www.northbenefitsphere.com,100,Tampa,US,2026-06-21T06:03:01Z
2026-06-21,Medical,BoldRxPlatform,(887) 946-6223,contact@boldrxplatform.com,https://boldrxplatform.com,23,Chicago,US,2026-06-21T01:01:59Z
2026-06-21,HR,FusionResource Hub,(941) 408-2472,hello@fusionresourcehub.com,https://www.fusionresourcehub.com,9,Melbourne,AU,2026-06-21T01:25:21Z
2026-06-21,Medical,Cobalt ClinicApp,1-482-269-5947,null,cobaltclinicapp.net,249,London,UK,2026-06-21T02:09:47Z
2026-06-21,Legal,XenonFilingTech,720-718-3534,hello@xenonfilingtech.co,xenonfilingtech.co,39,Bengaluru,IN,2026-06-21T04:48:24Z
2026-06-21,ERP,ClearChain Hub,+14293650822,contact@clearchainhub.com,https://clearchainhub.com,,Amsterdam,NL,2026-06-21T03:46:15Z
2026-06-21,MSP Platform,Crest StackCloud,+14679866464,sales@creststackcloud.com,creststackcloud.com,51,London,UK,2026-06-21T03:30:59Z
2026-06-21,Medical,FusionCare Solutions,242-568-8901,sales@fusioncaresolutions.com,https://www.fusioncaresolutions.com,475,Singapore,SG,2026-06-21T06:01:04Z
2026-06-21,LMS,IndigoQuizLabs,+15426553092,sales@indigoquizlabs.com,https://www.indigoquizlabs.com,162,Toronto,CA,2026-06-21T05:12:32Z
2026-06-21,ERP,AltaBatch Tech,(974) 694-6344,hello@altabatchtech.co,https://www.altabatchtech.co,49,Austin,US,2026-06-21T01:16:21Z
2026-06-21,Legal,HarborVerdict Platform,209.942.5772,contact@harborverdictplatform.net,https://www.harborverdictplatform.net,-,Denver,US,2026-06-21T05:20:38Z
2026-06-21,ERP,NorthBatchLogic’s,445-614-7531,info@northbatchlogic.com,https://www.northbatchlogic.com,29,Sydney,AU,2026-06-21T02:20:53Z
2026-06-21,ERP,ClearStockPoint,(725) 813-3339,info@clearstockpoint.com,https://clearstockpoint.com,24,Amsterdam,NL,2026-06-21T06:58:20Z
2026-06-21,LEGAL ,Lumen LawLabs,+1 (697) 344-8579,hello@lumenlawlabs.com,https://www.lumenlawlabs.com,469,Columbus,US,2026-06-21T04:10:49Z
2026-06-21,ERP,LatticeOps Sync,+15767997098,sales@latticeopssync.net,https://www.latticeopssync.net,128,Raleigh,US,2026-06-21T01:29:32Z
2026-06-21,ERP,KeystoneOpsTech,428.257.9609 ext. 45,contact@keystoneopstech.com,https://www.keystoneopstech.com,16,Manchester,UK,2026-06-21T03:56:53Z
2026-06-21,ERP,Beacon FinTech,663-765-8127,info@beaconfintech.com,beaconfintech.com,10,Calgary,CA,2026-06-21T02:50:25Z
2026-06-21,ERP,MosaicOrder Sync,+15315437689,info@mosaicordersync.io,https://www.mosaicordersync.io,7,Austin,US,2026-06-21T02:07:46Z
2026-06-21,ERP,GraniteFin Labs,(489) 512-9069,sales@granitefinlabs.io,https://www.granitefinlabs.io,50,Chicago,US,2026-06-21T02:45:55Z
2026-06-21,MSP Platform,Summit StackSphere,06253177910,sales@summitstacksphere.com,https://www.summitstacksphere.com,13,Austin,US,2026-06-21T05:43:21Z
2026-06-21,Legal,PrimeVerdict Base,+14493442582,contact@primeverdictbase.io,https://www.primeverdictbase.io,47,Pune,IN,2026-06-21T03:00:17Z
2026-06-21,ERP,TidalLedger Tech,+16985820438,sales@tidalledgertech.com,https://www.tidalledgertech.com,36,Tampa,US,2026-06-21T03:23:05Z
2026-06-21,Legal,PrimeFilingSolutions,9707551480,contact@primefilingsolutions.io,https://www.primefilingsolutions.io,1773,Tampa,US,2026-06-21T06:56:29Z
2026-06-21,ERP,BrightOpsDynamics,(664) 517-6669 ext. 39,hello@brightopsdynamics.com,brightopsdynamics.com,22,Leeds,UK,2026-06-21T01:18:45Z
2026-06-21,ERP,BoldLedgerCore,+17817348851,hello@boldledgercore.com,boldledgercore.com,49,Singapore,SG,2026-06-21T05:08:47Z
2026-06-21,HR,Willow PeopleSphere,+1 (293) 353-0929 ext. 44,hello@willowpeoplesphere.io,https://www.willowpeoplesphere.io,5,Chicago,US,2026-06-21T02:30:02Z
2026-06-21,MSP Platform,OnyxTicketCore,1-275-279-9261,info@onyxticketcore.com,https://www.onyxticketcore.com,12,Columbus,US,2026-06-21T06:30:16Z
2026-06-21,Medical,QuantumMedHub,+1 (295) 595-3100,sales@quantummedhub.com,https://www.quantummedhub.com,151,-,US,2026-06-21T06:12:27Z
2026-06-21,HR,ClearRosterLabs,(364) 949-5946,contact@clearrosterlabs.com,https://www.clearrosterlabs.com,58,Phoenix,US,2026-06-21T06:30:33Z
2026-06-21,legal,Atlas LawFlow,2428256546,sales@atlaslawflow.com,https://www.atlaslawflow.com,44,Calgary,CA,2026-06-21T06:22:38Z
2026-06-21,MSP Platform,VertexGrid Works,633.960.4429,N/A,https://vertexgridworks.io,99,Seattle,US,2026-06-21T04:52:13Z
2026-06-21,Medical,ApexCare Dynamics,(978) 865-3914,sales@apexcaredynamics.com,https://www.apexcaredynamics.com,93,London,UK,2026-06-21T06:27:05Z
2026-06-21,HR,GranitePeople Suite,(587) 462-7978,hello@granitepeoplesuite.co,https://www.granitepeoplesuite.co,133,Lahore,PK,2026-06-21T05:57:58Z
2026-06-21,Medical,RapidTriage Desk,(762) 471-1788,hello@rapidtriagedesk.com,https://www.rapidtriagedesk.com,34,London,UK,2026-06-21T04:34:10Z
2026-06-21,Medical,WillowHealthSync,(634) 293-2702,hello@willowhealthsync.io,https://www.willowhealthsync.io,8,Austin,US,2026-06-21T01:56:40Z
2026-06-21,ERP,DeltaForgeSolutions,+17315649373,sales@deltaforgesolutions.io,https://deltaforgesolutions.io,128,Tampa,US,2026-06-21T06:24:44Z
2026-06-21,LEGAL ,LumenMatterSuite,732.735.0299,contact@lumenmattersuite.io,https://www.lumenmattersuite.io,51,Atlanta,US,2026-06-21T04:45:36Z
2026-06-21,Legal,QuantumCase Platform,+1 (696) 369-4301,N/A,quantumcaseplatform.co,55,Amsterdam,NL,2026-06-21T02:21:46Z
2026-06-21,Legal,ZenCounselPoint,+12753688240,hello@zencounselpoint.com,zencounselpoint.com,49,Columbus,US,2026-06-21T03:30:39Z
2026-06-21,MSP Platform,IndigoNet Sphere,1-895-257-0003,sales@indigonetsphere.com,https://indigonetsphere.com,111,London,UK,2026-06-21T04:51:21Z
2026-06-21,HR,UmbraBenefitSuite,518-589-6412,sales@umbrabenefitsuite.com,https://www.umbrabenefitsuite.com,9,London,UK,2026-06-21T01:14:16Z
2026-06-21,MSP Platform,ArchGrid Core,9853917372,contact@archgridcore.com,https://archgridcore.com,61,Raleigh,US,2026-06-21T03:35:08Z
2026-06-21,MSP Platform,Polaris UptimePoint,5364181285 ext. 15,sales@polarisuptimepoint.com,https://polarisuptimepoint.com,440,Berlin,DE,2026-06-21T05:50:30Z
2026-06-21,Legal,PivotBrief Flow,240-657-2472,hello@pivotbriefflow.com,https://www.pivotbriefflow.com,91,Atlanta,US,2026-06-21T04:31:57Z
2026-06-21,ERP,ClearPlan Sync,266-209-6519,hello@clearplansync.com,https://www.clearplansync.com,52,Raleigh,US,2026-06-21T04:18:36Z
2026-06-21,Medical,HaloCareCloud,(765) 856-1110,hello@halocarecloud.io,https://halocarecloud.io,20,Phoenix,US,2026-06-21T06:33:59Z
2026-06-21,Medical,SummitVital Logic,(287) 794-1481,info@summitvitallogic.io,https://www.summitvitallogic.io,18,Toronto,CA,2026-06-21T06:06:53Z
2026-06-21,Medical,MosaicCare Hub,+16422403209 ext. 58,sales@mosaiccarehub.co,https://www.mosaiccarehub.co,7,Denver,US,2026-06-21T04:10:28Z
2026-06-21,LMS,EmberTutor Cloud,1-793-717-1680,-,embertutorcloud.com,182,Toronto,CA,2026-06-21T05:30:10Z
2026-06-21,Medical,Onyx PulseSync,1-611-534-3580,info@onyxpulsesync.com,https://onyxpulsesync.com,17,Seattle,US,2026-06-21T02:01:08Z
2026-06-21,ERP,SableOrder Sync,+1 (800) 787-8245,contact@sableordersync.io,sableordersync.io,5,null,US,2026-06-21T01:10:55Z
2026-06-21,ERP,PolarisChainCloud,(218) 374-4705,null,https://polarischaincloud.co,768,Phoenix,US,2026-06-21T04:01:17Z
2026-06-21,ERP,ZephyrResourceTech,+13345618078,sales@zephyrresourcetech.co,https://zephyrresourcetech.co,173,Atlanta,US,2026-06-21T04:54:34Z
2026-06-21,HR,GraniteBenefitLogic,1-219-739-9466,hello@granitebenefitlogic.io,https://www.granitebenefitlogic.io,51,Columbus,US,2026-06-21T01:09:21Z
2026-06-21,Medical,True Care Recruiting,(805) 386-2830,contact@truecarerecruiting.com,https://www.truecarerecruiting.com,79,Amsterdam,NL,2026-06-21T05:53:10Z
2026-06-21,ERP,Core ResourceApp,+16414857949,sales@coreresourceapp.com,coreresourceapp.com,3578,Atlanta,US,2026-06-21T03:13:42Z
2026-06-21,MSP Platform,DeltaTicketPlatform,218-641-8733,sales@deltaticketplatform.io,https://deltaticketplatform.io,10,Atlanta,US,2026-06-21T02:56:45Z
2026-06-21,Medical,QuantumMedSuite,203-376-9021,hello@quantummedsuite.net,quantummedsuite.net,501,Leeds,UK,2026-06-21T05:16:48Z
2026-06-21,ERP,CrestOrderSuite,+12532017509,contact@crestordersuite.com,crestordersuite.com,14,Manchester,UK,2026-06-21T05:54:55Z
2026-06-21,Legal,QuartzFilingFlow,1-472-404-9845,contact@quartzfilingflow.co,quartzfilingflow.co,276,Tampa,US,2026-06-21T03:39:07Z
2026-06-21,Lgl,WillowMatter Hub,+13175408565 ext. 68,sales@willowmatterhub.com,https://www.willowmatterhub.com,10,Boston,US,2026-06-21T06:18:37Z
2026-06-21,Medical,OmniMedSoft,+16313542237,info@omnimedsoft.com,omnimedsoft.com,499,Pune,IN,2026-06-21T06:19:15Z
2026-06-21,ERP,VistaOrder Labs,+1 (679) 714-2699,contact@vistaorderlabs.com,https://vistaorderlabs.com,693,Austin,US,2026-06-21T02:46:07Z
2026-06-21,Medical,EmberCare Dynamics,8393167994,info@embercaredynamics.io,https://embercaredynamics.io,90,Sydney,AU,2026-06-21T05:50:22Z
2026-06-21,ERP,NovaStock Flow,2314871304,info@novastockflow.io,https://www.novastockflow.io,189,Raleigh,US,2026-06-21T01:59:47Z
2026-06-21,Medical,MosaicCareLabs,4464689551,info@mosaiccarelabs.com,mosaiccarelabs.com,119,Atlanta,US,2026-06-21T04:21:47Z
2026-06-21,Medical,Xenon ShiftHub,+13453545498,hello@xenonshifthub.com,https://www.xenonshifthub.com,694,Boston,US,2026-06-21T06:54:23Z
2026-06-21,Legal,SilverCounsel App,+12445822241,info@silvercounselapp.io,https://www.silvercounselapp.io,7,Boston,US,2026-06-21T06:38:43Z
2026-06-21,ERP,QuantumOps Cloud,746-435-7912,info@quantumopscloud.com,https://quantumopscloud.com,-,Seattle,US,2026-06-21T01:03:00Z
2026-06-21,Legal,CoreVerdictDynamics,(647) 928-4213,contact@coreverdictdynamics.com,https://www.coreverdictdynamics.com,131,Boston,US,2026-06-21T02:15:48Z
2026-06-21,ERP,Zen OpsSphere,(889) 886-5089,info@zenopssphere.com,https://www.zenopssphere.com,25,Raleigh,US,2026-06-21T02:25:00Z
2026-06-21,Legal,Apex ClauseSuite,823.234.2898 ext. 21,contact@apexclausesuite.co,https://www.apexclausesuite.co,11,Denver,US,2026-06-21T05:07:12Z
2026-06-21,ERP,Zen FinApp,910.658.0969,sales@zenfinapp.com,https://www.zenfinapp.com,18,Raleigh,US,2026-06-21T02:29:12Z
2026-06-21,Medical,Quartz TriageCore,626.492.2214,hello@quartztriagecore.com,https://quartztriagecore.com,28,Austin,US,2026-06-21T02:16:33Z
2026-06-21,ERP,Arch OpsCore,712-285-4074,contact@archopscore.io,https://www.archopscore.io,487,Calgary,CA,2026-06-21T02:02:46Z
2026-06-21,Medical,MetaRxSync,883.499.9221 ext. 71,sales@metarxsync.com,https://www.metarxsync.com,202,Islamabad,PK,2026-06-21T05:02:43Z
2026-06-21,ERP,CrestForge Flow,05645527076,hello@crestforgeflow.io,https://www.crestforgeflow.io,39,Denver,US,2026-06-21T02:32:03Z
2026-06-21,ERP,Alta Forge Talent Agency,810-614-6758,sales@altaforgetalentagency.com,https://altaforgetalentagency.com,4648,Denver,US,2026-06-21T02:28:57Z
2026-06-21,ERP,Lattice BatchApp,414.881.7723,hello@latticebatchapp.com,https://www.latticebatchapp.com,53,Phoenix,US,2026-06-21T01:26:10Z
2026-06-21,Legal,ZenMatter Solutions,(786) 439-2965,hello@zenmattersolutions.co,https://www.zenmattersolutions.co,78,Atlanta,US,2026-06-21T06:28:37Z
2026-06-21,Legal,Willow ClauseSphere,580.957.6357,null,https://www.willowclausesphere.io,80,Denver,US,2026-06-21T06:48:29Z
2026-06-21,MSP Platform,QuantumRemoteSoft,+19048603787 ext. 24,hello@quantumremotesoft.net,https://www.quantumremotesoft.net,43,Dublin,IE,2026-06-21T02:23:42Z
2026-06-21,Medical,BoldTriage Suite,1-367-552-0057,contact@boldtriagesuite.com,https://www.boldtriagesuite.com,7,Chicago,US,2026-06-21T06:18:41Z
2026-06-21,ERP,WillowResourceWorks,866.783.6206,info@willowresourceworks.com,https://www.willowresourceworks.com,15,Singapore,SG,2026-06-21T03:02:34Z
2026-06-21,HR,QuartzCulture Desk,7946156365,contact@quartzculturedesk.co,https://quartzculturedesk.co,6,Melbourne,AU,2026-06-21T02:19:48Z
2026-06-21,Medical,Prime Clinic Manpower Services,203.235.1663,info@primeclinicmanpowerservices.com,https://primeclinicmanpowerservices.com,16,Manchester,UK,2026-06-21T03:24:46Z
2026-06-21,ERP,Arch OrderLogic,226.781.2035,hello@archorderlogic.com,https://www.archorderlogic.com,25,Austin,US,2026-06-21T01:05:26Z
2026-06-21,MSP Platform,EmberUptimeLabs,1-744-916-1307 ext. 47,hello@emberuptimelabs.com,https://emberuptimelabs.com,4409,Calgary,CA,2026-06-21T01:58:29Z
2026-06-21,Medical,Beacon PatientFlow,+18195602518,hello@beaconpatientflow.com,beaconpatientflow.com,188,Vancouver,CA,2026-06-21T02:36:17Z
2026-06-21,Legal,Core CompliDynamics,227.498.7152,null,https://corecomplidynamics.com,86,Atlanta,US,2026-06-21T01:10:48Z
2026-06-21,Medical,Arch CareSolutions,+1 (384) 958-8365,info@archcaresolutions.net,https://www.archcaresolutions.net,297,Hyderabad,IN,2026-06-21T01:54:02Z
2026-06-21,HR,SummitPerform Suite,209-442-8613,info@summitperformsuite.com,https://www.summitperformsuite.com,28,Munich,DE,2026-06-21T05:05:50Z
2026-06-21,ERP,Golden ResourceHub,+1 (796) 377-7535,sales@goldenresourcehub.io,https://www.goldenresourcehub.io,19,Atlanta,US,2026-06-21T03:40:59Z
2026-06-21,ERP,OrbitStock Works,+1 (243) 301-4659,hello@orbitstockworks.io,https://orbitstockworks.io,9,Islamabad,PK,2026-06-21T01:47:18Z
2026-06-21,Lgl,BoldMatter Labs,08695886450,contact@boldmatterlabs.com,https://www.boldmatterlabs.com,35,Austin,US,2026-06-21T03:34:43Z
2026-06-21,MSP Platform,PolarisNetPlatform,+12964123640,contact@polarisnetplatform.com,polarisnetplatform.com,96,London,UK,2026-06-21T01:03:54Z
2026-06-21,ERP,GoldenForge Logic,(877) 355-9580,hello@goldenforgelogic.com,goldenforgelogic.com,17,London,UK,2026-06-21T04:46:09Z
2026-06-21,Legal,NorthClauseSolutions,(513) 868-2668,hello@northclausesolutions.co,https://www.northclausesolutions.co,18,Phoenix,US,2026-06-21T05:57:53Z
2026-06-21,Medical,AnchorRxHub,+16422728773,contact@anchorrxhub.com,https://www.anchorrxhub.com,32,Columbus,US,2026-06-21T06:31:59Z
2026-06-21,HR,Iron PayrollDesk,7534706208,contact@ironpayrolldesk.com,https://www.ironpayrolldesk.com,14,Raleigh,US,2026-06-21T03:30:09Z
2026-06-21,LMS,KeystoneLesson Base,+16138358402,hello@keystonelessonbase.co,https://www.keystonelessonbase.co,57,Austin,US,2026-06-21T02:49:07Z
2026-06-21,HR,PrimeShiftSolutions,+12984746183,null,https://www.primeshiftsolutions.com,63,Sydney,AU,2026-06-21T05:45:54Z
2026-06-21,LEGAL ,Crown LawWorks,+1 (585) 721-4823,info@crownlawworks.io,https://www.crownlawworks.io,185,Atlanta,US,2026-06-21T02:22:57Z
2026-06-21,HR,Polaris TeamTech,230-577-9806,contact@polaristeamtech.com,https://www.polaristeamtech.com,35,Islamabad,PK,2026-06-21T06:57:16Z
2026-06-21,HR,Crest PayrollLogic,(584) 490-0138,contact@crestpayrolllogic.com,https://www.crestpayrolllogic.com,,Berlin,DE,2026-06-21T01:59:47Z
2026-06-21,ERP,Arch PlanSolutions,(850) 634-8191,hello@archplansolutions.com,https://archplansolutions.com,29,Calgary,CA,2026-06-21T06:40:03Z
2026-06-21,Medical,AtlasClinicCore,+14418342380,info@atlascliniccore.com,https://www.atlascliniccore.com,27,Chicago,US,2026-06-21T01:48:45Z
2026-06-21,ERP,North OrderDynamics,494-888-5613,sales@northorderdynamics.net,https://northorderdynamics.net,32,Seattle,US,2026-06-21T03:16:37Z
2026-06-21,Medical,Ridgé PulseDynamics,+12496656353,contact@ridgepulsedynamics.com,https://www.ridgepulsedynamics.com,44,Denver,US,2026-06-21T05:49:05Z
2026-06-21,HR,AtlasTeamHub,+19633804432,hello@atlasteamhub.com,https://www.atlasteamhub.com,42,Singapore,SG,2026-06-21T04:48:49Z
2026-06-21,Medical,Silver MedFlow,285-415-5239,info@silvermedflow.io,https://www.silvermedflow.io,21,Calgary,CA,2026-06-21T06:41:28Z
2026-06-21,LEGAL ,Arch Docket Staffing,653-248-4322,contact@archdocketstaffing.com,https://www.archdocketstaffing.com,2962,Columbus,US,2026-06-21T06:28:07Z
2026-06-21,ERP,LatticeLedgerHub,+19054330609,contact@latticeledgerhub.net,https://www.latticeledgerhub.net,9,Vancouver,CA,2026-06-21T04:13:24Z
2026-06-21,legal,OmniCounselFlow,(213) 707-5793,info@omnicounselflow.io,https://www.omnicounselflow.io,58,Bengaluru,IN,2026-06-21T05:53:40Z
2026-06-21,MSP Platform,TidalTicket Base,+1 (849) 222-7504,contact@tidalticketbase.com,https://tidalticketbase.com,,Seattle,US,2026-06-21T04:53:57Z
2026-06-21,legal,NovaBrief Works,433-822-3687,hello@novabriefworks.net,https://novabriefworks.net,202,Raleigh,US,2026-06-21T04:41:24Z
2026-06-21,MSP Platform,ClearGridFlow,(642) 977-6297,contact@cleargridflow.io,https://www.cleargridflow.io,19,Columbus,US,2026-06-21T02:08:12Z
2026-06-21,HR,Delta CultureSphere,1-450-816-5737,hello@deltaculturesphere.net,https://deltaculturesphere.net,325,Denver,US,2026-06-21T05:35:12Z
2026-06-21,Medical,SilverTriageLogic,3638739913,sales@silvertriagelogic.com,https://www.silvertriagelogic.com,92,Islamabad,PK,2026-06-21T01:04:58Z
2026-06-21,ERP,ArchFin Suite,8917779357,sales@archfinsuite.com,archfinsuite.com,356,Melbourne,AU,2026-06-21T02:15:27Z
2026-06-21,HR,Lattice OnboardSoft,+18455010538,info@latticeonboardsoft.co,https://www.latticeonboardsoft.co,18,Vancouver,CA,2026-06-21T02:36:59Z
2026-06-21,ERP,GraniteStockDesk,519-689-6144,contact@granitestockdesk.co,granitestockdesk.co,288,Vancouver,CA,2026-06-21T01:28:54Z
2026-06-21,Medical,Willow MedBase,(252) 407-8724,sales@willowmedbase.com,willowmedbase.com,15,Singapore,SG,2026-06-21T04:14:46Z
2026-06-21,MSP Platform,LumenNode’s Point,(449) 208-2302,contact@lumennodepoint.com,https://www.lumennodepoint.com,259,Denver,US,2026-06-21T06:37:23Z
2026-06-21,ERP,Prime ForgeSync,+18129820135,contact@primeforgesync.com,https://www.primeforgesync.com,53,Chicago,US,2026-06-21T05:26:16Z
2026-06-21,Legal,BoldFilingPoint,(637) 896-7319,contact@boldfilingpoint.net,https://www.boldfilingpoint.net,26,Munich,DE,2026-06-21T04:07:39Z
2026-06-21,MSP Platform,Pivot TicketLabs,521.266.6965,hello@pivotticketlabs.net,pivotticketlabs.net,6,Melbourne,AU,2026-06-21T01:10:15Z
2026-06-21,Legal,IndigoVerdict Logic,533-499-6219,sales@indigoverdictlogic.com,https://indigoverdictlogic.com,227,Tampa,US,2026-06-21T02:01:34Z
2026-06-21,HR,CrestShift Dynamics,+1 (385) 997-8986 ext. 40,info@crestshiftdynamics.com,https://www.crestshiftdynamics.com,749,Atlanta,US,2026-06-21T05:03:56Z
2026-06-21,HR,TruePerformHub,(273) 778-6324,hello@trueperformhub.com,https://www.trueperformhub.com,72,Boston,US,2026-06-21T06:10:52Z
2026-06-21,MSP Platform,EmberNode Systems,+1 (577) 322-4350 ext. 12,contact@embernodesystems.io,embernodesystems.io,40,Singapore,SG,2026-06-21T02:46:12Z
2026-06-21,HR,Vista PeopleSync,+17809502289,sales@vistapeoplesync.com,https://www.vistapeoplesync.com,445,N/A,US,2026-06-21T06:15:03Z
2026-06-21,ERP,CobaltOpsFlow,1-530-599-8399,sales@cobaltopsflow.com,cobaltopsflow.com,230,Columbus,US,2026-06-21T03:29:42Z
2026-06-21,Medical,RapidMed Point,(490) 986-0326,info@rapidmedpoint.co,https://rapidmedpoint.co,764,Chicago,US,2026-06-21T04:04:49Z
2026-06-21,Legal,SummitCaseTech,1-342-736-4863,hello@summitcasetech.io,summitcasetech.io,75,Austin,US,2026-06-21T01:36:24Z
2026-06-21,MSP Platform,TidalUptimeTech,8949440511,null,https://www.tidaluptimetech.net,437,Boston,US,2026-06-21T06:29:06Z
2026-06-21,HR,CrownBenefit Dynamics,+1 (955) 446-9611 ext. 65,hello@crownbenefitdynamics.co,https://crownbenefitdynamics.co,14,Munich,DE,2026-06-21T01:44:28Z
2026-06-21,MSP Platform,FusionNetCloud’s,1-685-508-8832 ext. 89,hello@fusionnetcloud.io,fusionnetcloud.io,47,Denver,US,2026-06-21T05:46:07Z
2026-06-21,HR,ApexPayroll Base,+1 (449) 445-3765,sales@apexpayrollbase.com,https://www.apexpayrollbase.com,252,Columbus,US,2026-06-21T01:04:54Z
2026-06-21,MSP Platform,Arch Node Manpower Services,281-530-2589,sales@archnodemanpowerservices.io,https://www.archnodemanpowerservices.io,464,London,UK,2026-06-21T02:07:45Z
2026-06-21,LEGAL ,BlueMatterApp,+1 (251) 359-2580,info@bluematterapp.com,https://www.bluematterapp.com,30,Vancouver,CA,2026-06-21T01:05:26Z
2026-06-21,MSP Platform,Rapid UptimeSolutions,(479) 704-4767,hello@rapiduptimesolutions.io,https://www.rapiduptimesolutions.io,8,Raleigh,US,2026-06-21T01:11:32Z
2026-06-21,ERP,CedarForgeDynamics,811.497.4962,info@cedarforgedynamics.com,https://www.cedarforgedynamics.com,12,Bengaluru,IN,2026-06-21T04:49:42Z
2026-06-21,Medical,Atlas CareLabs,+19204071108,sales@atlascarelabs.io,https://atlascarelabs.io,57,Hyderabad,IN,2026-06-21T01:29:30Z
2026-06-21,HR,SilverPeople Desk,384-673-6633,contact@silverpeopledesk.io,https://silverpeopledesk.io,15,London,UK,2026-06-21T02:35:18Z
2026-06-21,ERP,GoldenStock Sync,+14224919953,contact@goldenstocksync.com,goldenstocksync.com,5,Boston,US,2026-06-21T01:20:37Z
2026-06-21,ERP,AnchorLedgerPoint,847-644-9401,sales@anchorledgerpoint.io,https://www.anchorledgerpoint.io,16,Tampa,US,2026-06-21T01:39:19Z
2026-06-21,Medical,LumenHealthPlatform,613-298-4943,hello@lumenhealthplatform.com,https://www.lumenhealthplatform.com,13,Amsterdam,NL,2026-06-21T05:41:16Z
2026-06-21,Medical,NovaChartBase,+1 (950) 228-2107,sales@novachartbase.com,novachartbase.com,45,Boston,US,2026-06-21T06:57:56Z
2026-06-21,HR,JuniperBenefitSphere,485-471-9629,sales@juniperbenefitsphere.io,https://www.juniperbenefitsphere.io,15,Phoenix,US,2026-06-21T01:01:05Z
2026-06-21,Medical,RapidMed Suite,+1 (249) 389-0699,hello@rapidmedsuite.co,https://rapidmedsuite.co,5,Amsterdam,NL,2026-06-21T03:19:23Z
2026-06-21,Legal,LatticeMatterSystems,970-225-8470,,latticemattersystems.com,54,Melbourne,AU,2026-06-21T03:12:36Z
2026-06-21,MSP Platform,Xenon StackSphere,(396) 830-7456,N/A,https://www.xenonstacksphere.com,171,Columbus,US,2026-06-21T01:07:39Z
2026-06-21,Medical,FusionHealthHub,+16994213242,info@fusionhealthhub.io,https://www.fusionhealthhub.io,181,Atlanta,US,2026-06-21T01:55:43Z
2026-06-21,ERP,Orbit Resource Manpower Services,+18793688648,sales@orbitresourcemanpowerservices.com,https://orbitresourcemanpowerservices.com,176,Hyderabad,IN,2026-06-21T06:37:13Z
2026-06-21,LMS,GraniteMentorDynamics,+1 (469) 659-2268,contact@granitementordynamics.io,https://granitementordynamics.io,96,Denver,US,2026-06-21T02:23:43Z
2026-06-21,ERP,JuniperFinWorks,751.596.5050,sales@juniperfinworks.com,https://www.juniperfinworks.com,58,Atlanta,US,2026-06-21T03:40:16Z
2026-06-21,HR,Polaris CultureHub,4598169369,info@polarisculturehub.net,https://www.polarisculturehub.net,5,Pune,IN,2026-06-21T04:08:55Z
2026-06-21,HR,VertexOnboardSoft,404.747.6986,sales@vertexonboardsoft.io,vertexonboardsoft.io,19,Phoenix,US,2026-06-21T03:01:26Z
2026-06-21,Lgl,Arch CompliDesk,969-278-4614,hello@archcomplidesk.com,https://archcomplidesk.com,42,Toronto,CA,2026-06-21T02:04:20Z
2026-06-21,MSP Platform,Willow UptimeFlow,693-642-6329,sales@willowuptimeflow.com,https://willowuptimeflow.com,11,Pune,IN,2026-06-21T03:08:40Z
2026-06-21,Medical,Lattice TriageApp,1-351-844-2447,info@latticetriageapp.com,https://www.latticetriageapp.com,20,Columbus,US,2026-06-21T06:31:30Z
2026-06-21,LMS,LumenPathSystems’s,(782) 873-3237,sales@lumenpathsystems.com,lumenpathsystems.com,38,Atlanta,US,2026-06-21T01:22:04Z
2026-06-21,ERP,Prime PlanBase,1-790-342-7845,hello@primeplanbase.net,https://www.primeplanbase.net,250,Amsterdam,NL,2026-06-21T05:59:52Z
2026-06-21,HR,FalconTalentLogic,(822) 593-2152,contact@falcontalentlogic.net,https://www.falcontalentlogic.net,233,Atlanta,US,2026-06-21T05:18:13Z
2026-06-21,ERP,QuartzFinCloud,915-955-7728,hello@quartzfincloud.com,quartzfincloud.com,35,Seattle,US,2026-06-21T01:42:22Z
2026-06-21,HR,Vertex CultureLabs,385-494-7313,sales@vertexculturelabs.io,https://vertexculturelabs.io,24,Seattle,US,2026-06-21T06:23:54Z
2026-06-21,Legal,TidalCase Point,619-205-3696,info@tidalcasepoint.com,https://www.tidalcasepoint.com,19,London,UK,2026-06-21T05:25:35Z
2026-06-21,Medical,Omni RxBase,+12202512530,contact@omnirxbase.com,https://www.omnirxbase.com,136,Melbourne,AU,2026-06-21T02:54:47Z
2026-06-21,HR,VeloPerform Logic,05859168371,sales@veloperformlogic.net,https://www.veloperformlogic.net,38,Boston,US,2026-06-21T02:21:40Z
2026-06-21,HR,Summit RosterHub,(777) 344-9201,hello@summitrosterhub.com,https://summitrosterhub.com,351,Raleigh,US,2026-06-21T06:34:36Z
2026-06-21,ERP,NorthOrder Tech,+17159743574,contact@northordertech.co,https://www.northordertech.co,180,Denver,US,2026-06-21T03:15:52Z
2026-06-21,LMS,CrownTutorDesk,560-296-4587,info@crowntutordesk.com,https://crowntutordesk.com,40,Austin,US,2026-06-21T06:29:24Z
2026-06-21,ERP,TidalPlan Soft,8167932549,hello@tidalplansoft.com,https://www.tidalplansoft.com,19,Columbus,US,2026-06-21T02:30:56Z
2026-06-21,Medical,Harbor CareFlow,1-876-363-4783 ext. 36,hello@harborcareflow.co,harborcareflow.co,781,Leeds,UK,2026-06-21T06:31:39Z
2026-06-21,Legal,Nova MedDesk,731-817-1478,hello@novameddesk.co,https://www.novameddesk.co,13,Toronto,CA,2026-06-21T05:24:15Z
2026-06-21,ERP,SilverResource Systems,394.391.2209,hello@silverresourcesystems.io,https://www.silverresourcesystems.io,13,Seattle,US,2026-06-21T06:09:57Z
2026-06-21,Legal,WillowDocket Labs,(983) 943-6940,hello@willowdocketlabs.net,https://www.willowdocketlabs.net,127,Tampa,US,2026-06-21T01:11:47Z
2026-06-21,Lgl,SableLawSphere,301.730.5513,contact@sablelawsphere.io,https://www.sablelawsphere.io,104,Raleigh,US,2026-06-21T05:51:45Z
2026-06-21,MSP Platform,SolidMonitorCloud,8212471871,N/A,https://solidmonitorcloud.com,401,Manchester,UK,2026-06-21T06:47:11Z
2026-06-21,Legal,Core BriefCloud,(493) 469-3569,info@corebriefcloud.co,https://corebriefcloud.co,866,Austin,US,2026-06-21T06:00:28Z
2026-06-21,legal,Alta VerdictHub,910-437-9120,contact@altaverdicthub.com,https://www.altaverdicthub.com,14,Islamabad,PK,2026-06-21T02:08:48Z
2026-06-21,HR,Iron TeamDynamics,533-449-7148,sales@ironteamdynamics.io,https://www.ironteamdynamics.io,73,Austin,US,2026-06-21T04:49:27Z
2026-06-21,ERP,SilverFin Sync,772-768-5554,hello@silverfinsync.com,https://www.silverfinsync.com,3893,Berlin,DE,2026-06-21T02:41:12Z
2026-06-21,ERP,OrbitStockPoint,+1 (858) 307-7363,contact@orbitstockpoint.net,orbitstockpoint.net,98,Phoenix,US,2026-06-21T04:47:55Z
2026-06-21,MSP Platform,MosaicRemote Soft,1-950-599-8098,sales@mosaicremotesoft.com,https://www.mosaicremotesoft.com,10,Toronto,CA,2026-06-21T05:21:24Z
2026-06-21,Legal,GraniteMatter Platform,06492327065,sales@granitematterplatform.io,https://www.granitematterplatform.io,7,Austin,US,2026-06-21T03:49:59Z
2026-06-21,MSP Platform,BeaconStack Suite,490-699-8262,hello@beaconstacksuite.io,https://www.beaconstacksuite.io,605,Phoenix,US,2026-06-21T03:43:11Z
2026-06-21,ERP,RidgewayBatchWorks,+19459150381 ext. 86,contact@ridgewaybatchworks.co,https://www.ridgewaybatchworks.co,30,Seattle,US,2026-06-21T03:18:17Z
2026-06-21,Medical,IndigoCareLogic,949-300-5237,hello@indigocarelogic.com,https://www.indigocarelogic.com,15,Chicago,US,2026-06-21T03:43:13Z
2026-06-21,MSP Platform,NorthFin Sphere,+1 (678) 364-0957,hello@northfinsphere.com,https://www.northfinsphere.com,597,Austin,US,2026-06-21T02:24:58Z
2026-06-21,HR,RapidPeopleLabs,5107374908,contact@rapidpeoplelabs.com,https://rapidpeoplelabs.com,37,Denver,US,2026-06-21T06:19:36Z
2026-06-21,MSP Platform,RapidMonitorPoint,05709681544,hello@rapidmonitorpoint.net,https://rapidmonitorpoint.net,1966,Bengaluru,IN,2026-06-21T06:35:20Z
2026-06-21,LMS,GoldenLearnHub,633.556.1998,info@goldenlearnhub.co,https://www.goldenlearnhub.co,189,Berlin,DE,2026-06-21T03:07:59Z
2026-06-21,ERP,CoreFin Tech,6752034086,sales@corefintech.com,corefintech.com,29,Boston,US,2026-06-21T05:53:59Z
2026-06-21,MSP Platform,ApexRemoteApp,+1 (347) 437-0749,info@apexremoteapp.io,https://www.apexremoteapp.io,420,Chicago,US,2026-06-21T05:59:04Z
2026-06-21,Lgl,PivotFilingHub,(583) 797-6807,hello@pivotfilinghub.com,https://pivotfilinghub.com,13,Columbus,US,2026-06-21T02:11:29Z
2026-06-21,HR,HaloTalentSolutions,+1 (237) 224-5213,sales@halotalentsolutions.com,https://www.halotalentsolutions.com,163,Pune,IN,2026-06-21T06:30:07Z
2026-06-21,LMS,AltaCourseDesk,+14364944830,contact@altacoursedesk.com,https://www.altacoursedesk.com,360,Chicago,US,2026-06-21T06:09:23Z
2026-06-21,ERP,Delta ChainDesk,06336156621,info@deltachaindesk.com,https://www.deltachaindesk.com,24,Singapore,SG,2026-06-21T05:04:01Z
2026-06-21,MSP Platform,Granite NodeDesk,+1 (412) 559-6418,contact@granitenodedesk.com,https://www.granitenodedesk.com,37,Atlanta,US,2026-06-21T03:22:32Z
2026-06-21,HR,Crown TeamDynamics,(798) 339-3363,hello@crownteamdynamics.io,https://www.crownteamdynamics.io,147,Tampa,US,2026-06-21T04:23:48Z
2026-06-21,Medical,SolidTriageBase,4399069571,contact@solidtriagebase.com,https://www.solidtriagebase.com,445,London,UK,2026-06-21T02:20:12Z
2026-06-21,ERP,Fusion OrderApp,(213) 766-9073,hello@fusionorderapp.com,https://www.fusionorderapp.com,91,Atlanta,US,2026-06-21T06:36:26Z
2026-06-21,HR,PolarisOnboard Labs,672-838-9424,hello@polarisonboardlabs.com,polarisonboardlabs.com,48,Boston,US,2026-06-21T02:35:07Z
2026-06-21,HR,ApexOnboard Desk,1-416-234-3489,info@apexonboarddesk.com,https://www.apexonboarddesk.com,87,Seattle,US,2026-06-21T03:13:40Z
2026-06-21,HR,WillowTalentFlow’s,+17332951851,info@willowtalentflow.com,https://www.willowtalentflow.com,89,Tampa,US,2026-06-21T01:03:44Z
2026-06-21,Medical,TrueClinic Base,+18607418649,hello@trueclinicbase.com,https://www.trueclinicbase.com,1254,Raleigh,US,2026-06-21T04:13:38Z
2026-06-21,ERP,Golden PlanCloud,+13129937641,contact@goldenplancloud.com,https://www.goldenplancloud.com,20,Raleigh,US,2026-06-21T06:09:58Z
2026-06-21,ERP,North Chain Outsourcing,(491) 968-9385,info@northchainoutsourcing.com,https://www.northchainoutsourcing.com,226,Seattle,US,2026-06-21T04:57:43Z
2026-06-21,Medical,Pivot ClinicSuite,+12973184309,contact@pivotclinicsuite.com,https://www.pivotclinicsuite.com,N/A,Atlanta,US,2026-06-21T05:02:42Z
2026-06-21,HR,HaloBenefit Base,+1 (881) 289-9760,hello@halobenefitbase.com,halobenefitbase.com,7,Chicago,US,2026-06-21T05:08:44Z
2026-06-21,MSP Platform,MetaPatch Labs,1-643-724-6376,null,https://www.metapatchlabs.io,9,Melbourne,AU,2026-06-21T05:14:13Z
2026-06-21,HR,VeloBenefitSync,1-937-868-1251,hello@velobenefitsync.com,https://www.velobenefitsync.com,84,Chicago,US,2026-06-21T05:43:25Z
2026-06-21,legal,Bold CounselCloud,(285) 753-9144,hello@boldcounselcloud.io,https://boldcounselcloud.io,482,Phoenix,US,2026-06-21T06:18:31Z
2026-06-21,LEGAL ,CoreCase Platform,829-335-6368 ext. 4,hello@corecaseplatform.com,https://www.corecaseplatform.com,465,Singapore,SG,2026-06-21T03:21:19Z
2026-06-21,Legal,Cedar CaseLabs,(916) 520-4337,contact@cedarcaselabs.com,cedarcaselabs.com,17,Karachi,PK,2026-06-21T01:40:09Z
2026-06-21,Legal,LumenVerdict Solutions,(725) 579-2673,info@lumenverdictsolutions.com,https://www.lumenverdictsolutions.com,72,Atlanta,US,2026-06-21T05:51:00Z
2026-06-21,MSP Platform,VistaEndpointPoint’s,+15446230935,info@vistaendpointpoint.co,https://www.vistaendpointpoint.co,42,Islamabad,PK,2026-06-21T04:36:16Z
2026-06-21,ERP,AnchorPlanDynamics,865-391-0853,info@anchorplandynamics.com,https://anchorplandynamics.com,15,Raleigh,US,2026-06-21T01:41:47Z
2026-06-21,ERP,GraniteBatchSuite,+17995163868,N/A,https://www.granitebatchsuite.io,N/A,Boston,US,2026-06-21T04:53:01Z
2026-06-21,Medical,LumenMedApp,9408957444,info@lumenmedapp.com,lumenmedapp.com,84,Vancouver,CA,2026-06-21T01:39:09Z
2026-06-21,Medical,Blue ChartPoint,716-867-8580,contact@bluechartpoint.com,https://www.bluechartpoint.com,null,Austin,US,2026-06-21T01:38:19Z
2026-06-21,legal,QuantumDocketBase,503.811.2578,sales@quantumdocketbase.com,https://www.quantumdocketbase.com,111,Columbus,US,2026-06-21T01:13:22Z
2026-06-21,HR,VeloCultureSoft,(792) 909-3448,hello@veloculturesoft.com,https://www.veloculturesoft.com,15,Tampa,US,2026-06-21T01:12:39Z
2026-06-21,ERP,Quantum OrderDesk,(818) 251-5719,contact@quantumorderdesk.com,quantumorderdesk.com,575,Denver,US,2026-06-21T01:21:55Z
2026-06-21,HR,LatticeTeam Systems,+19814591951,sales@latticeteamsystems.net,https://www.latticeteamsystems.net,26,Chicago,US,2026-06-21T05:57:46Z
2026-06-21,Medical,AnchorHealth Point,598-464-1101,info@anchorhealthpoint.co,https://www.anchorhealthpoint.co,648,Chicago,US,2026-06-21T02:36:40Z
2026-06-21,Legal,MosaicClause Desk,8535448344,info@mosaicclausedesk.com,https://www.mosaicclausedesk.com,311,Calgary,CA,2026-06-21T04:37:03Z
2026-06-21,ERP,PivotOrder Sync,(706) 399-5468,info@pivotordersync.com,https://www.pivotordersync.com,217,Phoenix,US,2026-06-21T06:26:33Z
2026-06-21,MSP Platform,VertexRemoteSync,431-862-0999,contact@vertexremotesync.com,https://vertexremotesync.com,236,Toronto,CA,2026-06-21T01:26:44Z
2026-06-21,LMS,North CohortSphere,736-709-1170,sales@northcohortsphere.io,https://www.northcohortsphere.io,211,Hyderabad,IN,2026-06-21T05:10:52Z
2026-06-21,ERP,RidgeFinSoft,+17383116586 ext. 48,contact@ridgefinsoft.com,https://ridgefinsoft.com,222,Sydney,AU,2026-06-21T06:46:42Z
2026-06-21,Medical,Willow MedWorks,3985729387,contact@willowmedworks.com,https://willowmedworks.com,172,Boston,US,2026-06-21T03:57:13Z
2026-06-21,MSP Platform,HarborPatchTech,+13056508133,sales@harborpatchtech.net,harborpatchtech.net,11,Dublin,IE,2026-06-21T01:39:42Z
2026-06-21,Medical,True VitalWorks,6377775471,contact@truevitalworks.com,truevitalworks.com,16,Raleigh,US,2026-06-21T04:12:51Z
2026-06-21,HR,BoldTalent Systems,+1 (409) 839-9144,contact@boldtalentsystems.co,https://www.boldtalentsystems.co,30,Berlin,DE,2026-06-21T06:22:00Z
2026-06-21,LEGAL ,TidalVerdict Hub,(267) 803-5591,hello@tidalverdicthub.io,https://tidalverdicthub.io,287,Phoenix,US,2026-06-21T05:14:52Z
2026-06-21,HR,OmniTalentFlow,351-740-4367,contact@omnitalentflow.com,https://omnitalentflow.com,59,London,UK,2026-06-21T05:59:32Z
2026-06-21,LMS,BeaconQuiz Base,9672342604,info@beaconquizbase.com,https://beaconquizbase.com,380,Columbus,US,2026-06-21T06:28:00Z
2026-06-21,Medical,Golden VitalWorks,702-642-6794,contact@goldenvitalworks.net,https://www.goldenvitalworks.net,33,Leeds,UK,2026-06-21T03:19:03Z
2026-06-21,ERP,CrestFin Point,+16372779699,hello@crestfinpoint.com,https://www.crestfinpoint.com,35,Atlanta,US,2026-06-21T04:38:45Z
2026-06-21,ERP,RavenOrder Soft,841-360-5297,info@ravenordersoft.co,https://www.ravenordersoft.co,120,Raleigh,US,2026-06-21T03:46:39Z
2026-06-21,ERP,LatticeResource Dynamics,865.524.2391,info@latticeresourcedynamics.com,https://www.latticeresourcedynamics.com,43,Denver,US,2026-06-21T04:24:00Z
2026-06-21,HR,SolidShift Suite,+12238063337,info@solidshiftsuite.com,https://www.solidshiftsuite.com,131,Seattle,US,2026-06-21T02:22:51Z
2026-06-21,HR,RidgewayPayrollSphere,+17739465686,sales@ridgewaypayrollsphere.net,https://ridgewaypayrollsphere.net,9,Islamabad,PK,2026-06-21T01:01:52Z
2026-06-21,Medical,Granite HealthPoint,310.426.6452,contact@granitehealthpoint.net,https://www.granitehealthpoint.net,76,Atlanta,US,2026-06-21T05:43:09Z
2026-06-21,LMS,FalconLearn Desk,798-454-0416,hello@falconlearndesk.io,https://falconlearndesk.io,63,Seattle,US,2026-06-21T04:47:17Z
2026-06-21,Medical,RavenRx Labs,247-543-3321,hello@ravenrxlabs.io,https://www.ravenrxlabs.io,18,Atlanta,US,2026-06-21T04:27:25Z
2026-06-21,MSP Platform,OnyxStackTech,1-322-891-1445 ext. 14,hello@onyxstacktech.com,https://www.onyxstacktech.com,4537,Calgary,CA,2026-06-21T06:02:46Z
2026-06-21,Legal,Zen VerdictDesk,(341) 707-5281 ext. 74,sales@zenverdictdesk.io,zenverdictdesk.io,308,Dublin,IE,2026-06-21T01:55:11Z
2026-06-21,ERP,RavenStockCore,+1 (863) 386-2091,contact@ravenstockcore.com,https://ravenstockcore.com,16,Austin,US,2026-06-21T06:05:26Z
2026-06-21,HR,RavenOnboard Point,2956875970,hello@ravenonboardpoint.com,https://www.ravenonboardpoint.com,-,Seattle,US,2026-06-21T04:30:20Z
2026-06-21,MSP Platform,NovaStack Logic,(758) 674-1559 ext. 94,hello@novastacklogic.co,https://www.novastacklogic.co,5,Karachi,PK,2026-06-21T01:45:31Z
2026-06-21,ERP,XenonForgeApp,653-765-9899,contact@xenonforgeapp.net,https://www.xenonforgeapp.net,67,Raleigh,US,2026-06-21T01:02:25Z
2026-06-21,ERP,Nimbus ChainWorks,691.474.1594,hello@nimbuschainworks.com,https://www.nimbuschainworks.com,340,,CA,2026-06-21T02:15:02Z
2026-06-21,MSP Platform,ArchStack Works,(712) 231-5275,hello@archstackworks.co,https://www.archstackworks.co,32,Phoenix,US,2026-06-21T01:00:19Z
2026-06-21,ERP,Delta ChainSphere,+13356365179,sales@deltachainsphere.com,https://deltachainsphere.com,58,Tampa,US,2026-06-21T05:56:15Z
2026-06-21,Medical,Solid CarePoint,1-946-585-1375 ext. 99,sales@solidcarepoint.io,https://solidcarepoint.io,498,Sydney,AU,2026-06-21T05:05:12Z
2026-06-21,LMS,Iron CourseSuite,+16757558023,info@ironcoursesuite.co,https://ironcoursesuite.co,18,Austin,US,2026-06-21T01:21:45Z
2026-06-21,ERP,Bold OpsFlow,4896199002 ext. 1,sales@boldopsflow.com,https://www.boldopsflow.com,109,Phoenix,US,2026-06-21T02:52:43Z
2026-06-21,MSP Platform,KeystoneUptime Cloud,(435) 326-7750,N/A,keystoneuptimecloud.com,129,Islamabad,PK,2026-06-21T05:44:57Z
2026-06-21,Medical,Clear PulseHub,412-557-8298,contact@clearpulsehub.com,https://www.clearpulsehub.com,N/A,Boston,US,2026-06-21T03:44:54Z
2026-06-21,MSP Platform,BrightRemoteCloud,(598) 614-2748,hello@brightremotecloud.net,https://www.brightremotecloud.net,8,Vancouver,CA,2026-06-21T02:38:16Z
2026-06-21,MSP Platform,SilverNet Point,+16018498565,contact@silvernetpoint.com,https://www.silvernetpoint.com,18,Atlanta,US,2026-06-21T03:58:35Z
2026-06-21,Legal,SolidMatterDynamics,9685399052,info@solidmatterdynamics.io,https://www.solidmatterdynamics.io,77,Chicago,US,2026-06-21T01:38:21Z
2026-06-21,MSP Platform,Onyx GridSuite,+16573123223,sales@onyxgridsuite.co,https://www.onyxgridsuite.co,N/A,Dublin,IE,2026-06-21T05:57:10Z
2026-06-21,LMS,UmbraTutor Base,+13692162716,contact@umbratutorbase.net,https://www.umbratutorbase.net,80,Seattle,US,2026-06-21T05:54:23Z
2026-06-21,MSP Platform,Indigo EndpointWorks,+19843152039,info@indigoendpointworks.com,https://www.indigoendpointworks.com,150,Austin,US,2026-06-21T03:23:17Z
2026-06-21,MSP Platform,Alta Stack Manpower Services,+16486090408,sales@altastackmanpowerservices.com,https://www.altastackmanpowerservices.com,27,Singapore,SG,2026-06-21T01:02:35Z
2026-06-21,Medical,Clear CareSuite,+19386623809,sales@clearcaresuite.co,https://clearcaresuite.co,8,Lahore,PK,2026-06-21T04:34:22Z
2026-06-21,Medical,TrueCare Systems,783.651.7684,info@truecaresystems.com,https://truecaresystems.com,100,Manchester,UK,2026-06-21T01:19:52Z
2026-06-21,ERP,Arch ForgeLabs,(251) 404-6525,hello@archforgelabs.net,https://www.archforgelabs.net,94,Denver,US,2026-06-21T02:38:54Z
2026-06-21,HR,EmberShiftSuite,683-573-8171,info@embershiftsuite.com,embershiftsuite.com,33,Tampa,US,2026-06-21T06:56:51Z
2026-06-21,MSP Platform,BoldRemoteCore,+12744909732,contact@boldremotecore.com,https://boldremotecore.com,107,Atlanta,US,2026-06-21T05:53:42Z
2026-06-21,Medical,BoldVitalApp,1-865-746-3219,contact@boldvitalapp.com,https://www.boldvitalapp.com,19,Denver,US,2026-06-21T04:57:31Z
2026-06-21,ERP,Alta StockWorks,454-931-3855,hello@altastockworks.com,altastockworks.com,4211,Melbourne,AU,2026-06-21T04:43:29Z
2026-06-21,MSP Platform,QuartzUptimeCore,676-748-0498,null,https://www.quartzuptimecore.com,17,Austin,US,2026-06-21T02:52:54Z
2026-06-21,legal,IndigoBriefTech,515.980.9795,hello@indigobrieftech.io,https://indigobrieftech.io,204,Atlanta,US,2026-06-21T01:31:18Z
2026-06-21,LMS,RidgeQuizPlatform,590-338-2646,contact@ridgequizplatform.com,https://ridgequizplatform.com,34,London,UK,2026-06-21T04:43:22Z
2026-06-21,Medical,IndigoClinic Core,504.632.6172,sales@indigocliniccore.com,https://www.indigocliniccore.com,11,Boston,US,2026-06-21T04:53:48Z
2026-06-21,LMS,CoreLesson Works,725-751-9084,hello@corelessonworks.com,https://www.corelessonworks.com,296,Phoenix,US,2026-06-21T04:57:54Z
2026-06-21,HR,NorthPeople Labs,(666) 803-1394,contact@northpeoplelabs.com,northpeoplelabs.com,372,Singapore,SG,2026-06-21T01:26:00Z
2026-06-21,HR,QuantumTalent Flow,1-331-769-5992,hello@quantumtalentflow.com,quantumtalentflow.com,2734,Leeds,UK,2026-06-21T03:32:23Z
2026-06-21,Legal,Lumen VerdictBase,+16812055841,sales@lumenverdictbase.com,https://www.lumenverdictbase.com,405,Denver,US,2026-06-21T06:21:10Z
2026-06-21,Legal,Anchor CaseApp,(775) 286-1067,info@anchorcaseapp.com,https://www.anchorcaseapp.com,14,Singapore,SG,2026-06-21T02:27:39Z
2026-06-21,LMS,Ridgeway LessonFlow,+16072994637,info@ridgewaylessonflow.com,https://www.ridgewaylessonflow.com,15,Raleigh,US,2026-06-21T06:48:59Z
2026-06-21,HR,VistaTeamSolutions,+18753580017,contact@vistateamsolutions.io,https://www.vistateamsolutions.io,572,Seattle,US,2026-06-21T02:54:27Z
2026-06-21,ERP,JuniperFinHub,5208159417,contact@juniperfinhub.com,juniperfinhub.com,42,Atlanta,US,2026-06-21T03:59:10Z
2026-06-21,HR,RavenShift Desk,9847842116,hello@ravenshiftdesk.com,https://ravenshiftdesk.com,40,Atlanta,US,2026-06-21T02:29:53Z
2026-06-21,HR,TidalTeam Platform,719.875.5049,hello@tidalteamplatform.io,https://www.tidalteamplatform.io,28,Boston,US,2026-06-21T01:29:05Z
2026-06-21,HR,Nimbus BenefitBase,1-377-235-3880,info@nimbusbenefitbase.com,https://www.nimbusbenefitbase.com,300,Berlin,DE,2026-06-21T05:31:27Z
2026-06-21,ERP,Beacon ResourcePoint,+15695073352,info@beaconresourcepoint.net,https://www.beaconresourcepoint.net,105,Denver,US,2026-06-21T01:41:12Z
2026-06-21,ERP,GoldenLedgerLogic,834-585-7962,hello@goldenledgerlogic.com,https://www.goldenledgerlogic.com,47,Columbus,US,2026-06-21T04:14:59Z
2026-06-21,HR,Umbra TalentSync,+18266945237,sales@umbratalentsync.io,https://www.umbratalentsync.io,13,Berlin,DE,2026-06-21T06:49:49Z
2026-06-21,Medical,Nova CareDesk,+12376139003,sales@novacaredesk.com,https://www.novacaredesk.com,52,Pune,IN,2026-06-21T04:31:22Z
2026-06-21,HR,GoldenRosterPoint,+14958136809,sales@goldenrosterpoint.io,goldenrosterpoint.io,266,Columbus,US,2026-06-21T03:34:08Z
2026-06-21,MSP Platform,Iron RemoteCloud,+12748328150,sales@ironremotecloud.com,https://ironremotecloud.com,18,Columbus,US,2026-06-21T01:27:20Z
2026-06-21,ERP,IndigoStockBase,396.672.7285 ext. 63,hello@indigostockbase.com,https://www.indigostockbase.com,null,Denver,US,2026-06-21T04:05:45Z
2026-06-21,HR,ArchTalént Flow,5176691248,hello@archtalentflow.com,https://www.archtalentflow.com,28,Atlanta,US,2026-06-21T03:00:11Z
2026-06-21,Medical,NimbusChart Logic,1-252-594-6137 ext. 46,hello@nimbuschartlogic.com,https://nimbuschartlogic.com,54,Manchester,UK,2026-06-21T05:54:33Z
2026-06-21,ERP,Blue LedgerLogic,874-945-7206,info@blueledgerlogic.com,blueledgerlogic.com,67,Phoenix,US,2026-06-21T03:08:53Z
2026-06-21,LEGAL ,PivotDocketSolutions,(581) 674-0355,hello@pivotdocketsolutions.net,https://www.pivotdocketsolutions.net,67,Austin,US,2026-06-21T01:27:19Z
2026-06-21,ERP,QuartzStock Core,+1 (525) 519-9896,sales@quartzstockcore.net,quartzstockcore.net,203,Munich,DE,2026-06-21T04:15:02Z
2026-06-21,HR,Fusion PerformLabs,8274467625,contact@fusionperformlabs.com,https://fusionperformlabs.com,9,Hyderabad,IN,2026-06-21T06:09:59Z
2026-06-21,Medical,GraniteVitalSync,+1 (879) 909-4483,hello@granitevitalsync.io,https://www.granitevitalsync.io,9,Manchester,UK,2026-06-21T05:46:13Z
2026-06-21,ERP,Juniper LedgerHub,6798467560,contact@juniperledgerhub.co,https://juniperledgerhub.co,120,Dublin,IE,2026-06-21T04:18:50Z
2026-06-21,HR,ZenVerdict Sync,(524) 208-2848,,zenverdictsync.io,17,Austin,US,2026-06-21T05:04:36Z
2026-06-21,MSP Platform,SableNetHub,641-879-9587,contact@sablenethub.net,sablenethub.net,5,Islamabad,PK,2026-06-21T04:49:32Z
2026-06-21,ERP,CedarLedger Labs,03995502990,sales@cedarledgerlabs.io,cedarledgerlabs.io,719,Raleigh,US,2026-06-21T05:36:17Z
2026-06-21,Medical,Rapid ChartDesk,+1 (853) 648-7817,sales@rapidchartdesk.com,https://rapidchartdesk.com,6,Atlanta,US,2026-06-21T02:11:10Z
2026-06-21,HR,BoldOnboard Tech,+16033056426,info@boldonboardtech.com,https://boldonboardtech.com,19,Toronto,CA,2026-06-21T03:18:38Z
2026-06-21,ERP,SummitOps Sphere,333-312-3506 ext. 36,hello@summitopssphere.com,summitopssphere.com,45,Amsterdam,NL,2026-06-21T03:07:17Z
2026-06-21,ERP,BeaconLedger App,490-848-8818,contact@beaconledgerapp.co,https://www.beaconledgerapp.co,38,Munich,DE,2026-06-21T05:43:45Z
2026-06-21,Legal,CedarVerdictApp,+15996546369,contact@cedarverdictapp.com,https://cedarverdictapp.com,24,-,US,2026-06-21T05:40:23Z
2026-06-21,HR,TidalTeam Hub,+15267865414,sales@tidalteamhub.com,https://www.tidalteamhub.com,618,Leeds,UK,2026-06-21T03:40:04Z
2026-06-21,Legal,Quantum CompliSphere,(683) 656-3736 ext. 63,sales@quantumcomplisphere.com,https://quantumcomplisphere.com,24,Dublin,IE,2026-06-21T06:15:34Z
2026-06-21,LMS,Polaris Train Consultants,1-642-948-1172,sales@polaristrainconsultants.com,https://polaristrainconsultants.com,217,Phoenix,US,2026-06-21T05:08:12Z
2026-06-21,Legal,TrueLaw Labs,+12308983439,contact@truelawlabs.com,https://truelawlabs.com,18,Vancouver,CA,2026-06-21T01:34:39Z
2026-06-21,MSP Platform,IndigoStack Cloud,(456) 668-5422,sales@indigostackcloud.com,https://www.indigostackcloud.com,10,Melbourne,AU,2026-06-21T03:41:41Z
2026-06-21,HR,UmbraPeopleWorks,7573965171,info@umbrapeopleworks.com,umbrapeopleworks.com,228,Amsterdam,NL,2026-06-21T04:30:18Z
2026-06-21,Medical,VistaRx Core,(318) 912-8645,hello@vistarxcore.com,https://www.vistarxcore.com,82,Calgary,CA,2026-06-21T01:42:42Z
2026-06-21,Medical,TidalTriageTech,+16098019010,hello@tidaltriagetech.com,https://www.tidaltriagetech.com,1579,London,UK,2026-06-21T01:45:47Z
2026-06-21,HR,DeltaTeamFlow,2528394325,null,https://www.deltateamflow.com,91,Tampa,US,2026-06-21T02:40:09Z
2026-06-21,Legal,CoreFilingCore,+17168634425,info@corefilingcore.com,https://corefilingcore.com,95,Amsterdam,NL,2026-06-21T05:33:56Z
2026-06-21,LMS,OnyxCohortDynamics’s,357.918.0025,hello@onyxcohortdynamics.com,https://www.onyxcohortdynamics.com,4918,Melbourne,AU,2026-06-21T01:55:40Z
2026-06-21,Legal,WillowMatter Flow,219-892-0697,hello@willowmatterflow.com,https://www.willowmatterflow.com,null,Phoenix,US,2026-06-21T04:46:49Z
2026-06-21,MSP Platform,RapidGridSync,+17356887512,hello@rapidgridsync.co,https://www.rapidgridsync.co,28,Sydney,AU,2026-06-21T05:15:57Z
2026-06-21,HR,Zen CultureDynamics,1-936-854-9403,hello@zenculturedynamics.io,https://www.zenculturedynamics.io,16,Atlanta,US,2026-06-21T01:15:27Z
2026-06-21,MSP Platform,SilvérEndpointPlatform,(388) 362-3996,hello@silverendpointplatform.io,https://silverendpointplatform.io,305,Manchester,UK,2026-06-21T01:15:55Z
2026-06-21,Medical,True PulsePoint,919-483-4846,hello@truepulsepoint.io,truepulsepoint.io,18,Phoenix,US,2026-06-21T04:56:45Z
2026-06-21,ERP,SummitChainDynamics,(559) 270-1875,hello@summitchaindynamics.co,https://summitchaindynamics.co,20,Raleigh,US,2026-06-21T03:57:51Z
2026-06-21,Medical,TidalChart Platform,312.847.6252,hello@tidalchartplatform.com,https://www.tidalchartplatform.com,416,Amsterdam,NL,2026-06-21T05:34:42Z
2026-06-21,ERP,Solid PlanSync,736-732-1413,hello@solidplansync.com,https://solidplansync.com,211,Austin,US,2026-06-21T06:21:00Z
2026-06-21,ERP,NimbusStockFlow,1-465-801-3662,info@nimbusstockflow.net,https://www.nimbusstockflow.net,99,Phoenix,US,2026-06-21T03:20:38Z
2026-06-21,ERP,Willow ChainPlatform,+1 (730) 969-6106,hello@willowchainplatform.io,https://www.willowchainplatform.io,29,Toronto,CA,2026-06-21T05:16:51Z
2026-06-21,Legal,Delta LawCore,+17136000974,info@deltalawcore.com,deltalawcore.com,180,Raleigh,US,2026-06-21T06:38:19Z
2026-06-21,Medical,WillowTriage Core,+15466627936,sales@willowtriagecore.co,willowtriagecore.co,233,Phoenix,US,2026-06-21T04:55:02Z
2026-06-21,legal,OnyxFilingSystems,1-939-732-4323,sales@onyxfilingsystems.com,https://onyxfilingsystems.com,494,Calgary,CA,2026-06-21T01:21:42Z
2026-06-21,ERP,JuniperFin Works,9255542164,sales@juniperfinworks.com,https://www.juniperfinworks.com,3275,Amsterdam,NL,2026-06-21T03:30:56Z
2026-06-21,Medical,RapidCare Cloud,(605) 734-4883,info@rapidcarecloud.io,https://www.rapidcarecloud.io,7,Melbourne,AU,2026-06-21T06:13:02Z
2026-06-21,ERP,NimbusLedger Soft,(813) 272-3821,sales@nimbusledgersoft.co,https://www.nimbusledgersoft.co,17,Berlin,DE,2026-06-21T01:52:47Z
2026-06-21,Medical,Prime RxFlow,538.227.6151,hello@primerxflow.net,primerxflow.net,449,Austin,US,2026-06-21T05:17:32Z
2026-06-21,HR,NimbusPerform Systems,728-761-4535,info@nimbusperformsystems.net,https://www.nimbusperformsystems.net,4414,Boston,US,2026-06-21T04:35:13Z
2026-06-21,Legal,BrightBrief Desk,+18818720702,info@brightbriefdesk.co,https://www.brightbriefdesk.co,48,Austin,US,2026-06-21T04:53:03Z
2026-06-21,MSP Platform,Apex NodeCore,1-555-522-2052,hello@apexnodecore.co,apexnodecore.co,126,Phoenix,US,2026-06-21T03:24:21Z
2026-06-21,Medical,CobaltPulse Suite,325-915-5736,contact@cobaltpulsesuite.net,https://cobaltpulsesuite.net,1271,Dublin,IE,2026-06-21T02:24:53Z
2026-06-21,MSP Platform,CrestStack Logic,9655217546,contact@creststacklogic.com,https://www.creststacklogic.com,55,Austin,US,2026-06-21T04:38:04Z
2026-06-21,ERP,Core StockSuite,597.837.0116,contact@corestocksuite.com,corestocksuite.com,66,Melbourne,AU,2026-06-21T04:06:20Z
2026-06-21,ERP,BrightBatchFlow,2836295291,info@brightbatchflow.com,https://www.brightbatchflow.com,20,Denver,US,2026-06-21T03:38:25Z
2026-06-21,ERP,AnchorBatchSolutions,308.412.0393,sales@anchorbatchsolutions.com,https://www.anchorbatchsolutions.com,7,Chicago,US,2026-06-21T05:06:36Z
2026-06-21,HR,Raven RosterTech,+13994572109,info@ravenrostertech.io,https://www.ravenrostertech.io,7,Denver,US,2026-06-21T04:58:56Z
2026-06-21,Medical,HaloPatientDesk,+18133853091,hello@halopatientdesk.net,https://www.halopatientdesk.net,8,Dublin,IE,2026-06-21T05:43:20Z
2026-06-21,legal,NovaBriefSphere,+18097583358,contact@novabriefsphere.com,https://novabriefsphere.com,343,Amsterdam,NL,2026-06-21T03:58:58Z
2026-06-21,ERP,JuniperResourceSystems,3622633478,contact@juniperresourcesystems.com,https://juniperresourcesystems.com,209,Calgary,CA,2026-06-21T01:41:16Z
2026-06-21,ERP,Iron OpsPlatform,8936892902,contact@ironopsplatform.com,https://www.ironopsplatform.com,237,Phoenix,US,2026-06-21T04:18:50Z
2026-06-21,ERP,LatticePlanWorks,(353) 996-4530,sales@latticeplanworks.com,https://www.latticeplanworks.com,97,Leeds,UK,2026-06-21T04:22:21Z
2026-06-21,ERP,NimbusBatch Logic,311-275-4898 ext. 97,hello@nimbusbatchlogic.io,https://www.nimbusbatchlogic.io,11,Seattle,US,2026-06-21T02:51:24Z
2026-06-21,LMS,Meta LearnWorks,1-497-296-3545,hello@metalearnworks.co,metalearnworks.co,38,Phoenix,US,2026-06-21T03:17:26Z
2026-06-21,legal,TrueLawApp,(733) 837-7313,contact@truelawapp.com,https://www.truelawapp.com,246,N/A,US,2026-06-21T06:45:53Z
2026-06-21,ERP,NimbusPlan’s Soft,356-551-5321,sales@nimbusplansoft.com,https://www.nimbusplansoft.com,59,Phoenix,US,2026-06-21T04:12:16Z
2026-06-21,LMS,Arch CohortSuite,549-283-9588,sales@archcohortsuite.com,https://archcohortsuite.com,23,Columbus,US,2026-06-21T06:25:12Z
2026-06-21,Medical,Bright HealthSync,+13137545353,contact@brighthealthsync.co,brighthealthsync.co,16,Sydney,AU,2026-06-21T03:44:13Z
2026-06-21,MSP Platform,PrimeEndpointSolutions,+17748571814,hello@primeendpointsolutions.co,https://www.primeendpointsolutions.co,95,Boston,US,2026-06-21T02:39:40Z
2026-06-21,ERP,NorthResource Hub,+12907172658,hello@northresourcehub.com,https://www.northresourcehub.com,null,Raleigh,US,2026-06-21T02:24:51Z
2026-06-21,ERP,Zen Ops Consulting Group,681-550-1026,contact@zenopsconsultinggroup.com,https://www.zenopsconsultinggroup.com,31,Columbus,US,2026-06-21T05:13:21Z
2026-06-21,ERP,LumenOrder Base,(640) 520-5837,sales@lumenorderbase.net,https://www.lumenorderbase.net,7,Pune,IN,2026-06-21T02:57:46Z
2026-06-21,MSP Platform,IndigoNet Labs,8922955271,hello@indigonetlabs.com,https://www.indigonetlabs.com,214,Austin,US,2026-06-21T03:53:02Z
2026-06-21,ERP,Beacon ResourceSoft,457-314-1746,sales@beaconresourcesoft.com,https://www.beaconresourcesoft.com,197,Atlanta,US,2026-06-21T03:40:52Z
2026-06-21,HR,Quartz PeopleApp,211-635-4377,,https://www.quartzpeopleapp.com,13,Lahore,PK,2026-06-21T06:42:21Z
2026-06-21,MSP Platform,EmberEndpoint Systems,944.646.2035,N/A,https://www.emberendpointsystems.com,89,Vancouver,CA,2026-06-21T04:22:03Z
2026-06-21,Legal,BoldClause Suite,+1 (241) 248-8194,sales@boldclausesuite.net,https://www.boldclausesuite.net,82,London,UK,2026-06-21T06:58:07Z
2026-06-21,ERP,NovaFinSystéms,+16187161291 ext. 76,contact@novafinsystems.com,https://www.novafinsystems.com,126,Atlanta,US,2026-06-21T01:02:33Z
2026-06-21,Medical,AnchorClinic Core,05314194503,info@anchorcliniccore.io,https://www.anchorcliniccore.io,-,Columbus,US,2026-06-21T02:20:32Z
2026-06-21,Medical,Clear PatientSphere,378-683-4163,info@clearpatientsphere.co,https://www.clearpatientsphere.co,93,Melbourne,AU,2026-06-21T01:58:39Z
2026-06-21,ERP,Raven Batch Outsourcing,(232) 362-1044 ext. 19,hello@ravenbatchoutsourcing.io,https://www.ravenbatchoutsourcing.io,18,Chicago,US,2026-06-21T04:43:14Z
2026-06-21,Medical,Xenon CareSync,4432122212 ext. 94,info@xenoncaresync.com,https://www.xenoncaresync.com,4229,Boston,US,2026-06-21T06:37:18Z
2026-06-21,ERP,HaloPlanCloud,(500) 360-1530,info@haloplancloud.net,https://www.haloplancloud.net,97,Seattle,US,2026-06-21T02:45:39Z
2026-06-21,Legal,PrimeDocket Platform,1-478-409-3387,info@primedocketplatform.com,https://primedocketplatform.com,171,Dublin,IE,2026-06-21T02:54:36Z
2026-06-21,Medical,PrimePulseApp,9856932847,info@primepulseapp.com,https://www.primepulseapp.com,7,Austin,US,2026-06-21T05:42:43Z
2026-06-21,LEGAL ,Ember CounselSoft,+18773723730,hello@embercounselsoft.io,https://www.embercounselsoft.io,229,Atlanta,US,2026-06-21T04:59:48Z
2026-06-21,MSP Platform,BeaconPatchSolutions,+1 (473) 388-5005,contact@beaconpatchsolutions.com,https://www.beaconpatchsolutions.com,409,Dublin,IE,2026-06-21T02:19:14Z
2026-06-21,LEGAL ,HarborBenefitSync,+17208912060,contact@harborbenefitsync.co,https://harborbenefitsync.co,40,Seattle,US,2026-06-21T04:06:10Z
2026-06-21,LMS,NorthQuiz Platform,+16856951297,sales@northquizplatform.io,https://www.northquizplatform.io,709,Austin,US,2026-06-21T02:19:29Z
2026-06-21,ERP,GoldenLedgerSphere,+15619278423 ext. 52,info@goldenledgersphere.com,https://www.goldenledgersphere.com,6,Phoenix,US,2026-06-21T05:15:56Z
2026-06-21,MSP Platform,ArchPatch Point,9745252345,contact@archpatchpoint.com,https://www.archpatchpoint.com,465,Raleigh,US,2026-06-21T03:03:20Z
2026-06-21,LEGAL ,OmniCounselTech,1-777-814-0436 ext. 27,info@omnicounseltech.co,https://www.omnicounseltech.co,5,Dublin,IE,2026-06-21T04:01:59Z
2026-06-21,MSP Platform,ClearNet Labs,770.607.8304,hello@clearnetlabs.com,https://clearnetlabs.com,12,Phoenix,US,2026-06-21T02:02:48Z
2026-06-21,legal,Arch CompliDynamics,(583) 495-7780,sales@archcomplidynamics.com,https://www.archcomplidynamics.com,48,Tampa,US,2026-06-21T05:21:41Z
2026-06-21,Medical,BoldPatient Point,+18057679661,info@boldpatientpoint.io,https://www.boldpatientpoint.io,30,Phoenix,US,2026-06-21T03:16:12Z
2026-06-21,LEGAL ,CedarVerdict Point,+18532348658,contact@cedarverdictpoint.com,cedarverdictpoint.com,132,Karachi,PK,2026-06-21T04:17:04Z
2026-06-21,ERP,BoldResource Soft,692.774.1033,contact@boldresourcesoft.co,https://www.boldresourcesoft.co,14,Chicago,US,2026-06-21T01:50:32Z
2026-06-21,HR,OmniRosterPoint,1-944-287-8559,hello@omnirosterpoint.io,https://www.omnirosterpoint.io,98,Vancouver,CA,2026-06-21T05:54:20Z
2026-06-21,Medical,AtlasCareTech,3495097890 ext. 71,sales@atlascaretech.io,https://www.atlascaretech.io,14,Boston,US,2026-06-21T06:19:53Z
2026-06-21,LMS,Crown LessonSuite,(450) 565-4719,sales@crownlessonsuite.com,crownlessonsuite.com,76,Pune,IN,2026-06-21T02:30:34Z
2026-06-21,HR,WillowPerform Sphere,463.498.1237,info@willowperformsphere.com,https://willowperformsphere.com,214,London,UK,2026-06-21T02:34:51Z
2026-06-21,ERP,Orbit OpsSoft Technologies Inc.,666.580.4154,info@orbitopssoft.co,orbitopssoft.co,404,Chicago,US,2026-06-21T03:50:12Z
2026-06-21,ERP,Nimbus BatchTech,315-405-3288,hello@nimbusbatchtech.net,https://www.nimbusbatchtech.net,97,Seattle,US,2026-06-21T01:07:09Z
2026-06-21,Medical,SolidRx Platform,3453069601,N/A,https://www.solidrxplatform.co,482,Columbus,US,2026-06-21T05:20:40Z
2026-06-21,ERP,BoldChain Dynamics,+14326477964,sales@boldchaindynamics.com,https://boldchaindynamics.com,398,Tampa,US,2026-06-21T03:32:15Z
2026-06-21,Medical,BrightTriageCore,1-979-524-0859 ext. 61,sales@brighttriagecore.com,https://www.brighttriagecore.com,27,Tampa,US,2026-06-21T04:22:30Z
2026-06-21,ERP,Ember PlanDynamics,(341) 580-9018,hello@emberplandynamics.net,https://emberplandynamics.net,874,Columbus,US,2026-06-21T06:57:29Z
2026-06-21,Medical,Harbor PatientSoft,(971) 961-8084,hello@harborpatientsoft.com,harborpatientsoft.com,104,Atlanta,US,2026-06-21T06:00:23Z
2026-06-21,MSP Platform,RidgewayNode Systems,1-361-599-8676,sales@ridgewaynodesystems.com,https://www.ridgewaynodesystems.com,1983,-,DE,2026-06-21T03:26:11Z
2026-06-21,HR,Polaris PayrollSuite,224.682.8162,hello@polarispayrollsuite.co,https://www.polarispayrollsuite.co,161,Boston,US,2026-06-21T01:36:36Z
2026-06-21,ERP,North ResourcePlatform,+14445590288,hello@northresourceplatform.net,northresourceplatform.net,369,Seattle,US,2026-06-21T06:24:58Z
2026-06-21,HR,Xenon ShiftBase,+1 (918) 779-2410,sales@xenonshiftbase.com,https://www.xenonshiftbase.com,133,Columbus,US,2026-06-21T01:44:58Z
2026-06-21,LMS,PivotTutor Desk,(917) 404-1065,info@pivottutordesk.com,https://www.pivottutordesk.com,556,Amsterdam,NL,2026-06-21T02:02:59Z
2026-06-21,ERP,RidgewayResource Desk,319.318.6339,sales@ridgewayresourcedesk.com,https://www.ridgewayresourcedesk.com,23,Boston,US,2026-06-21T02:02:59Z
2026-06-21,ERP,Juniper ChainLabs,6772236233,hello@juniperchainlabs.com,https://www.juniperchainlabs.com,222,Chicago,US,2026-06-21T03:00:19Z
2026-06-21,HR,North TeamTech,04526129327 ext. 23,info@northteamtech.io,https://www.northteamtech.io,26,Austin,US,2026-06-21T03:05:59Z
2026-06-21,HR,Lattice PayrollTech,(502) 213-0798,contact@latticepayrolltech.com,https://www.latticepayrolltech.com,8,Austin,US,2026-06-21T04:10:52Z
2026-06-21,MSP Platform,UmbraNodeSoft,1-894-879-3380,sales@umbranodesoft.com,https://umbranodesoft.com,48,Raleigh,US,2026-06-21T02:19:03Z
2026-06-21,HR,DeltaCulturePoint,1-795-263-1056,sales@deltaculturepoint.net,https://www.deltaculturepoint.net,77,Amsterdam,NL,2026-06-21T06:38:12Z
2026-06-21,HR,Umbra Onboard Manpower Services,976-700-1664,hello@umbraonboardmanpowerservices.io,https://www.umbraonboardmanpowerservices.io,15,Denver,US,2026-06-21T06:17:42Z
2026-06-21,HR,ZephyrOnboardHub,600.785.7887,contact@zephyronboardhub.co,https://www.zephyronboardhub.co,11,Melbourne,AU,2026-06-21T03:14:07Z
2026-06-21,Legal,EmberDocket Works,+1 (332) 894-0848,-,https://www.emberdocketworks.com,43,Atlanta,US,2026-06-21T06:21:46Z
2026-06-21,HR,Nova BenefitLogic,894.692.2094,hello@novabenefitlogic.io,https://www.novabenefitlogic.io,83,Chicago,US,2026-06-21T01:35:37Z
2026-06-21,Legal,CrestCompliPlatform,535.967.9874,hello@crestcompliplatform.co,https://www.crestcompliplatform.co,8,Denver,US,2026-06-21T04:51:13Z
2026-06-21,ERP,RidgePlanApp,(975) 660-0854,contact@ridgeplanapp.co,https://www.ridgeplanapp.co,24,Columbus,US,2026-06-21T03:14:13Z
2026-06-21,ERP,RavénFin Solutions,462.294.6550 ext. 49,info@ravenfinsolutions.io,https://www.ravenfinsolutions.io,26,Columbus,US,2026-06-21T01:23:04Z
2026-06-21,HR,SilverShift Labs,1-543-482-0394,contact@silvershiftlabs.com,https://silvershiftlabs.com,4373,Hyderabad,IN,2026-06-21T04:40:51Z
2026-06-21,ERP,OmniForgeSync,(980) 402-3416,info@omniforgesync.com,https://omniforgesync.com,239,London,UK,2026-06-21T03:32:27Z
2026-06-21,ERP,HaloResourceLabs,(800) 785-7409,info@haloresourcelabs.com,haloresourcelabs.com,8,Austin,US,2026-06-21T06:13:43Z
2026-06-21,Medical,BrightChart Tech,901-522-7464,info@brightcharttech.io,https://brightcharttech.io,129,Karachi,PK,2026-06-21T04:21:28Z
2026-06-21,Medical,Mosaic TriageHub,(335) 214-3441,hello@mosaictriagehub.com,https://mosaictriagehub.com,240,Seattle,US,2026-06-21T06:36:41Z
2026-06-21,legal,Ridge Matter Recruiting,+13716567716 ext. 29,N/A,https://www.ridgematterrecruiting.com,3897,Boston,US,2026-06-21T03:49:18Z
2026-06-21,MSP Platform,FusionPatch Labs,433-574-2098,contact@fusionpatchlabs.net,https://www.fusionpatchlabs.net,146,Denver,US,2026-06-21T06:58:34Z
2026-06-21,MSP Platform,MosaicMonitor Labs,514.700.8850,info@mosaicmonitorlabs.io,https://www.mosaicmonitorlabs.io,42,Raleigh,US,2026-06-21T03:02:28Z
2026-06-21,HR,Bold RosterLabs,4739451315,hello@boldrosterlabs.com,https://boldrosterlabs.com,209,Raleigh,US,2026-06-21T01:30:53Z
2026-06-21,ERP,ZenOrder App,8724174179,hello@zenorderapp.com,zenorderapp.com,35,Tampa,US,2026-06-21T01:42:21Z
2026-06-21,HR,VertexPeople Labs,357-499-4967,,https://vertexpeoplelabs.com,41,Austin,US,2026-06-21T04:29:09Z
2026-06-21,HR,Halo OnboardCore,522-577-8560,info@haloonboardcore.com,https://haloonboardcore.com,20,Boston,US,2026-06-21T05:08:02Z
2026-06-21,MSP Platform,FalconTicketBase,905-700-4396 ext. 57,contact@falconticketbase.io,https://www.falconticketbase.io,199,Raleigh,US,2026-06-21T05:43:09Z
2026-06-21,MSP Platform,BrightPatchLabs,+1 (859) 839-4504,hello@brightpatchlabs.com,https://www.brightpatchlabs.com,19,Boston,US,2026-06-21T01:01:13Z
2026-06-21,HR,BrightPayrollLabs,219-845-3041,info@brightpayrolllabs.com,https://brightpayrolllabs.com,435,Dublin,IE,2026-06-21T06:14:58Z
2026-06-21,Legal,Quartz DocketLogic,871.276.6783,sales@quartzdocketlogic.net,https://quartzdocketlogic.net,27,Raleigh,US,2026-06-21T04:42:38Z
2026-06-21,LEGAL ,HaloCounsel Systems,+19787452683,hello@halocounselsystems.io,https://www.halocounselsystems.io,122,-,UK,2026-06-21T01:43:39Z
2026-06-21,HR,FalconRoster Point,(419) 346-2069,info@falconrosterpoint.com,https://www.falconrosterpoint.com,82,Seattle,US,2026-06-21T05:35:10Z
2026-06-21,Medical,NimbusPatient Systems,258.446.0947,sales@nimbuspatientsystems.com,https://www.nimbuspatientsystems.com,28,Raleigh,US,2026-06-21T05:46:38Z
2026-06-21,ERP,WillowStockLogic,804-296-9108,sales@willowstocklogic.com,https://www.willowstocklogic.com,87,Vancouver,CA,2026-06-21T06:48:12Z
2026-06-21,MSP Platform,NorthRemote Soft,+1 (899) 920-8038,hello@northremotesoft.com,https://northremotesoft.com,43,Columbus,US,2026-06-21T01:04:39Z
2026-06-21,MSP Platform,NovaUptimeSolutions,1-761-444-2875,hello@novauptimesolutions.com,https://www.novauptimesolutions.com,54,Atlanta,US,2026-06-21T04:45:50Z
2026-06-21,ERP,ZenStockSystems,(807) 548-8134,contact@zenstocksystems.co,https://www.zenstocksystems.co,2807,Boston,US,2026-06-21T01:28:21Z
2026-06-21,MSP Platform,Meta Remote Consulting Group,+1 (414) 623-9954,hello@metaremoteconsultinggroup.io,metaremoteconsultinggroup.io,51,Raleigh,US,2026-06-21T02:02:14Z
2026-06-21,ERP,EmberFin Flow,512-497-2280,sales@emberfinflow.com,https://emberfinflow.com,40,Boston,US,2026-06-21T02:33:21Z
2026-06-21,HR,CrownPeopleSystems,+19389017518,contact@crownpeoplesystems.com,crownpeoplesystems.com,8,Dublin,IE,2026-06-21T03:15:01Z
2026-06-21,ERP,IndigoLedger Tech,+15662214961,info@indigoledgertech.com,https://www.indigoledgertech.com,13,London,UK,2026-06-21T04:03:56Z
2026-06-21,ERP,Alta ForgeWorks,2102352265,info@altaforgeworks.com,altaforgeworks.com,140,Melbourne,AU,2026-06-21T05:22:00Z
2026-06-21,MSP Platform,RidgeMonitorLogic,+1 (921) 809-6585,hello@ridgemonitorlogic.com,https://www.ridgemonitorlogic.com,893,Phoenix,US,2026-06-21T01:35:24Z
2026-06-21,HR,MosaicCulture Desk,(752) 444-5950,info@mosaicculturedesk.io,https://www.mosaicculturedesk.io,26,Denver,US,2026-06-21T03:16:13Z
2026-06-21,HR,ApexPerformSync,04334045394,sales@apexperformsync.com,https://www.apexperformsync.com,63,Calgary,CA,2026-06-21T04:24:44Z
2026-06-21,legal,SableLaw Soft,+1 (684) 893-3671,sales@sablelawsoft.co,https://www.sablelawsoft.co,78,Austin,US,2026-06-21T06:10:16Z
2026-06-21,ERP,LumenPlanSuite,3229275231,info@lumenplansuite.com,https://www.lumenplansuite.com,2867,Denver,US,2026-06-21T02:40:33Z
2026-06-21,MSP Platform,SummitTicket Dynamics,253.966.3495,info@summitticketdynamics.com,https://www.summitticketdynamics.com,199,Chicago,US,2026-06-21T03:02:44Z
2026-06-21,ERP,LatticeLedger Tech,1-835-673-2053,info@latticeledgertech.com,latticeledgertech.com,12,Columbus,US,2026-06-21T01:12:38Z
2026-06-21,ERP,GoldenChainSystems,(468) 226-1772,contact@goldenchainsystems.co,https://www.goldenchainsystems.co,,Denver,US,2026-06-21T03:50:03Z
2026-06-21,HR,Anchor TeamCloud,05548169344,hello@anchorteamcloud.com,https://www.anchorteamcloud.com,13,Seattle,US,2026-06-21T04:44:36Z
2026-06-21,legal,OrbitFiling Sphere,02646568066,N/A,https://www.orbitfilingsphere.io,32,Karachi,PK,2026-06-21T04:26:29Z
2026-06-21,LEGAL ,GraniteCompli Desk,+16135492837,contact@granitecomplidesk.co,https://granitecomplidesk.co,117,Amsterdam,NL,2026-06-21T04:37:34Z
2026-06-21,Legal,Blue CaseBase,5014587953,hello@bluecasebase.com,bluecasebase.com,69,Calgary,CA,2026-06-21T04:53:22Z
2026-06-21,Medical,ClearPatient Platform,3594110909,sales@clearpatientplatform.co,https://clearpatientplatform.co,42,Austin,US,2026-06-21T06:20:59Z
2026-06-21,HR,EmberPayroll Point,+1 (380) 574-9343,hello@emberpayrollpoint.io,https://www.emberpayrollpoint.io,49,Phoenix,US,2026-06-21T01:13:46Z
2026-06-21,ERP,Bold StockCloud Solutions LLC,530-630-0269,hello@boldstockcloud.co,https://www.boldstockcloud.co,16,Chicago,US,2026-06-21T05:41:23Z
2026-06-21,Legal,FalconClinicSync,(737) 406-5659,info@falconclinicsync.com,https://www.falconclinicsync.com,34,Dublin,IE,2026-06-21T01:00:20Z
2026-06-21,HR,HarborBenefitCore,+18275373272,info@harborbenefitcore.com,https://www.harborbenefitcore.com,272,Dublin,IE,2026-06-21T02:45:36Z
2026-06-21,HR,AltaPeopleCore,239-843-4934,contact@altapeoplecore.net,https://www.altapeoplecore.net,35,Atlanta,US,2026-06-21T06:31:05Z
2026-06-21,HR,JuniperBenefit Works,+12373853186,sales@juniperbenefitworks.co,https://juniperbenefitworks.co,60,Chicago,US,2026-06-21T02:08:25Z
2026-06-21,HR,Halo TalentSphere,738-913-8017,contact@halotalentsphere.co,https://www.halotalentsphere.co,,Chicago,US,2026-06-21T05:38:21Z
2026-06-21,Medical,ZephyrRxCore,6154119961,hello@zephyrrxcore.com,https://www.zephyrrxcore.com,33,Chicago,US,2026-06-21T06:06:05Z
2026-06-21,legal,VertexFilingSphere,(639) 537-8775 ext. 96,hello@vertexfilingsphere.io,https://www.vertexfilingsphere.io,2858,Vancouver,CA,2026-06-21T03:16:17Z
2026-06-21,ERP,Anchor LedgerLogic,308-612-8424,contact@anchorledgerlogic.co,anchorledgerlogic.co,79,Raleigh,US,2026-06-21T02:15:26Z
2026-06-21,Legal,Bright VerdictTech,+18063624486,info@brightverdicttech.io,brightverdicttech.io,32,Phoenix,US,2026-06-21T03:26:46Z
2026-06-21,MSP Platform,AnchorMonitor Tech,394-542-9264,sales@anchormonitortech.com,anchormonitortech.com,134,Raleigh,US,2026-06-21T06:59:26Z
2026-06-21,HR,Ridge CultureTech,+18852666468,sales@ridgeculturetech.com,ridgeculturetech.com,48,Boston,US,2026-06-21T04:36:22Z
2026-06-21,ERP,LatticeOrder Solutions,438-452-1082,sales@latticeordersolutions.net,https://latticeordersolutions.net,9,Hyderabad,IN,2026-06-21T02:03:40Z
2026-06-21,Medical,QuantumRxSync,833-952-2962,hello@quantumrxsync.com,https://www.quantumrxsync.com,176,Karachi,PK,2026-06-21T01:17:13Z
2026-06-21,MSP Platform,SolidPatchSystems,+1 (751) 404-1508,info@solidpatchsystems.com,solidpatchsystems.com,26,Lahore,PK,2026-06-21T04:36:58Z
2026-06-21,ERP,Fusion ResourceSphere,+18079285808,contact@fusionresourcesphere.com,https://fusionresourcesphere.com,93,Columbus,US,2026-06-21T01:31:32Z
2026-06-21,Medical,WillowRx Core,2379605671,contact@willowrxcore.com,https://willowrxcore.com,37,Islamabad,PK,2026-06-21T04:44:21Z
2026-06-21,Medical,Omni TriageLabs,1-377-976-4903 ext. 12,sales@omnitriagelabs.com,https://www.omnitriagelabs.com,424,Atlanta,US,2026-06-21T01:05:41Z
2026-06-21,ERP,SummitResourceCore,1-778-707-6867,info@summitresourcecore.com,https://summitresourcecore.com,359,Denver,US,2026-06-21T05:17:24Z
2026-06-21,ERP,RidgewayStockSolutions,391-432-2418,hello@ridgewaystocksolutions.com,https://ridgewaystocksolutions.com,17,London,UK,2026-06-21T02:33:19Z
2026-06-21,ERP,Halo BatchLabs,+17868624189,contact@halobatchlabs.com,halobatchlabs.com,84,Bengaluru,IN,2026-06-21T06:20:06Z
2026-06-21,ERP,BrightChainSolutions,(788) 662-1849,info@brightchainsolutions.co,https://www.brightchainsolutions.co,35,Islamabad,PK,2026-06-21T06:14:04Z
2026-06-21,MSP Platform,IronMonitor Dynamics,+1 (719) 936-9122,hello@ironmonitordynamics.com,https://www.ironmonitordynamics.com,56,Atlanta,US,2026-06-21T06:50:42Z
2026-06-21,MSP Platform,Meta TicketDesk,+1 (348) 878-9611,info@metaticketdesk.com,metaticketdesk.com,15,Seattle,US,2026-06-21T05:54:06Z
2026-06-21,Medical,CobaltTriage Hub,270-912-7344,contact@cobalttriagehub.co,https://cobalttriagehub.co,15,Austin,US,2026-06-21T03:35:21Z
2026-06-21,Medical,PrimeChartBase,639-550-2362,hello@primechartbase.com,https://primechartbase.com,499,Denver,US,2026-06-21T03:28:15Z
2026-06-21,HR,Raven PerformCloud,793-847-5118,info@ravenperformcloud.com,https://www.ravenperformcloud.com,46,Raleigh,US,2026-06-21T05:08:31Z
2026-06-21,ERP,RavenResource Sphere,692-451-3660,contact@ravenresourcesphere.com,https://www.ravenresourcesphere.com,361,Tampa,US,2026-06-21T03:13:13Z
2026-06-21,ERP,RidgewayFin Sphere,617-430-8689,sales@ridgewayfinsphere.com,https://ridgewayfinsphere.com,12,Pune,IN,2026-06-21T03:25:12Z
2026-06-21,Medical,NovaMed Core,+13485870533,hello@novamedcore.com,https://www.novamedcore.com,17,Amsterdam,NL,2026-06-21T04:25:38Z
2026-06-21,MSP Platform,ArchUptimePoint,+17807328556,contact@archuptimepoint.com,https://archuptimepoint.com,47,Denver,US,2026-06-21T01:28:42Z
2026-06-21,HR,OnyxOnboard Sync,913-296-6172,contact@onyxonboardsync.com,onyxonboardsync.com,78,Raleigh,US,2026-06-21T02:18:04Z
2026-06-21,HR,NimbusTeam Tech,1-819-854-9427,sales@nimbusteamtech.com,https://nimbusteamtech.com,8,Melbourne,AU,2026-06-21T04:53:14Z
2026-06-21,ERP,VertexChain App,216-205-7904,info@vertexchainapp.com,vertexchainapp.com,161,Columbus,US,2026-06-21T02:26:49Z
2026-06-21,Medical,GoldenCare Tech,2976836359,hello@goldencaretech.com,https://www.goldencaretech.com,3999,Dublin,IE,2026-06-21T02:09:42Z
2026-06-21,HR,QuartzCultureSolutions,580-688-8033,contact@quartzculturesolutions.com,https://www.quartzculturesolutions.com,11,Austin,US,2026-06-21T05:10:52Z
2026-06-21,MSP Platform,ApexNet Sync,2379564711,info@apexnetsync.com,apexnetsync.com,11,Boston,US,2026-06-21T05:36:05Z
2026-06-21,ERP,DeltaOps App,+14815971607,sales@deltaopsapp.com,https://www.deltaopsapp.com,231,Amsterdam,NL,2026-06-21T02:03:12Z
2026-06-21,Legal,QuantumBriefDynamics,(943) 620-6145,sales@quantumbriefdynamics.com,https://www.quantumbriefdynamics.com,151,Denver,US,2026-06-21T04:58:00Z
2026-06-21,HR,OrbitBenefitSystems,05664577434,sales@orbitbenefitsystems.io,https://www.orbitbenefitsystems.io,null,Austin,US,2026-06-21T03:58:51Z
2026-06-21,legal,VertexLaw Platform,(939) 235-9154,info@vertexlawplatform.com,https://www.vertexlawplatform.com,19,Raleigh,US,2026-06-21T04:58:32Z
2026-06-21,Legal,Sable ClauseDesk,(245) 785-2252,info@sableclausedesk.com,sableclausedesk.com,20,Phoenix,US,2026-06-21T01:41:45Z
2026-06-21,MSP Platform,GraniteStack Core,+1 (319) 859-2458,contact@granitestackcore.com,https://www.granitestackcore.com,79,Karachi,PK,2026-06-21T01:20:46Z
2026-06-21,HR,IronTeam Systems,+17748775856,info@ironteamsystems.io,https://ironteamsystems.io,8,Amsterdam,NL,2026-06-21T03:27:06Z
2026-06-21,HR,BoldOnboard Systems,876-790-2794,contact@boldonboardsystems.com,https://www.boldonboardsystems.com,106,Dublin,IE,2026-06-21T02:32:49Z
2026-06-21,Medical,Core RxCore,+13766632764,-,https://corerxcore.io,5,Chicago,US,2026-06-21T04:32:03Z
2026-06-21,ERP,PivotResourceSuite,1-972-734-6294,hello@pivotresourcesuite.com,https://pivotresourcesuite.com,30,Denver,US,2026-06-21T03:07:59Z
2026-06-21,MSP Platform,LatticeMonitorLogic,1-771-462-2994,hello@latticemonitorlogic.com,https://www.latticemonitorlogic.com,17,Phoenix,US,2026-06-21T04:54:06Z
2026-06-21,HR,ZephyrShift Desk,842-753-0837,hello@zephyrshiftdesk.com,https://zephyrshiftdesk.com,8,Chicago,US,2026-06-21T01:39:27Z
2026-06-21,Medical,BeaconRxSolutions,(521) 676-8660,info@beaconrxsolutions.io,https://beaconrxsolutions.io,50,Atlanta,US,2026-06-21T02:04:19Z
2026-06-21,Medical,Bold Clinic Outsourcing,1-324-721-3459,info@boldclinicoutsourcing.net,boldclinicoutsourcing.net,17,Denver,US,2026-06-21T04:33:47Z
2026-06-21,MSP Platform,MetaGrid Sync,(978) 529-5872,hello@metagridsync.io,https://www.metagridsync.io,43,Atlanta,US,2026-06-21T06:00:03Z
2026-06-21,LEGAL ,NorthClause Desk,1-885-362-1793,info@northclausedesk.co,https://www.northclausedesk.co,47,Austin,US,2026-06-21T05:35:06Z
2026-06-21,ERP,Nova StockWorks,6126667074,info@novastockworks.io,https://www.novastockworks.io,330,Leeds,UK,2026-06-21T06:30:03Z
2026-06-21,ERP,Atlas PlanApp,314.630.5464,hello@atlasplanapp.com,https://www.atlasplanapp.com,69,Denver,US,2026-06-21T03:12:06Z
2026-06-21,MSP Platform,OmniMonitorDesk,+1 (918) 204-2270,info@omnimonitordesk.com,https://omnimonitordesk.com,98,Columbus,US,2026-06-21T03:34:26Z
2026-06-21,HR,MosaicPerformDesk,9495079936,info@mosaicperformdesk.com,https://www.mosaicperformdesk.com,619,Dublin,IE,2026-06-21T06:37:07Z
2026-06-21,MSP Platform,VistaBatch Hub,+19762851920,hello@vistabatchhub.io,https://vistabatchhub.io,19,Amsterdam,NL,2026-06-21T04:42:37Z
2026-06-21,MSP Platform,PivotEndpoint Flow,516.392.9265,contact@pivotendpointflow.net,https://pivotendpointflow.net,4507,Toronto,CA,2026-06-21T04:07:13Z
2026-06-21,MSP Platform,ClearStack Works,8128372558,contact@clearstackworks.com,https://www.clearstackworks.com,8,Manchester,UK,2026-06-21T03:54:51Z
2026-06-21,MSP Platform,Prime TicketApp,+19024622731,hello@primeticketapp.net,https://primeticketapp.net,13,Singapore,SG,2026-06-21T06:53:14Z
2026-06-21,ERP,BeaconResourceBase,(637) 963-9394,info@beaconresourcebase.com,https://beaconresourcebase.com,98,Munich,DE,2026-06-21T01:12:41Z
2026-06-21,ERP,OnyxPlan Logic,526.478.5649,hello@onyxplanlogic.com,https://www.onyxplanlogic.com,113,Lahore,PK,2026-06-21T02:54:47Z
2026-06-21,LEGAL ,AnchorMatterWorks,(685) 227-3530,info@anchormatterworks.io,anchormatterworks.io,690,Denver,US,2026-06-21T02:55:00Z
2026-06-21,HR,Vista TeamPlatform,(334) 586-3843,info@vistateamplatform.com,https://www.vistateamplatform.com,97,Boston,US,2026-06-21T06:48:13Z
2026-06-21,HR,Delta BenefitPlatform,(690) 555-7777 ext. 44,sales@deltabenefitplatform.com,https://www.deltabenefitplatform.com,131,Pune,IN,2026-06-21T04:30:37Z
2026-06-21,Legal,CoreFilingSuite,+1 (848) 254-1127,info@corefilingsuite.co,https://corefilingsuite.co,50,London,UK,2026-06-21T04:44:10Z
2026-06-21,LMS,Zephyr Course Consultants,(306) 784-3234,hello@zephyrcourseconsultants.io,https://www.zephyrcourseconsultants.io,35,Singapore,SG,2026-06-21T06:05:00Z
2026-06-21,HR,Solid ShiftLogic,+16005981145,hello@solidshiftlogic.com,https://www.solidshiftlogic.com,-,London,UK,2026-06-21T01:12:37Z
2026-06-21,HR,Lumen BenefitSync,821.394.5771,hello@lumenbenefitsync.com,https://www.lumenbenefitsync.com,43,Seattle,US,2026-06-21T03:10:28Z
2026-06-21,LMS,TidalPathPoint,+17399097347,info@tidalpathpoint.com,https://tidalpathpoint.com,99,Bengaluru,IN,2026-06-21T03:34:16Z
2026-06-21,ERP,JuniperChainSolutions,695-666-2982,sales@juniperchainsolutions.com,https://www.juniperchainsolutions.com,804,null,US,2026-06-21T02:15:58Z
2026-06-21,ERP,BoldOps Logic,(708) 278-8929,info@boldopslogic.net,https://boldopslogic.net,13,Toronto,CA,2026-06-21T06:14:38Z
2026-06-21,HR,MetaShift Tech,+14209192071,contact@metashifttech.com,metashifttech.com,3956,Raleigh,US,2026-06-21T01:44:04Z
2026-06-21,MSP Platform,MosaicRemoteSync,8934939644,hello@mosaicremotesync.com,mosaicremotesync.com,3359,Amsterdam,NL,2026-06-21T01:58:49Z
2026-06-21,ERP,VistaForge Sphere,227.826.4136,sales@vistaforgesphere.io,https://www.vistaforgesphere.io,85,Chicago,US,2026-06-21T04:24:34Z
2026-06-21,MSP Platform,Meta Uptime Staffing,8272594278,sales@metauptimestaffing.com,https://www.metauptimestaffing.com,578,London,UK,2026-06-21T04:25:09Z
2026-06-21,ERP,SilverStockSphere,2634571403,info@silverstocksphere.com,https://www.silverstocksphere.com,915,Hyderabad,IN,2026-06-21T01:39:44Z
2026-06-21,legal,HarborVerdict Hub,254.269.7008,hello@harborverdicthub.net,https://www.harborverdicthub.net,17,Columbus,US,2026-06-21T03:28:13Z
2026-06-21,HR,Omni RosterSphere,1-586-432-9087,contact@omnirostersphere.net,https://www.omnirostersphere.net,20,Chicago,US,2026-06-21T05:01:47Z
2026-06-21,ERP,PolarisOps Works,+15364893315,sales@polarisopsworks.io,https://polarisopsworks.io,1396,Sydney,AU,2026-06-21T06:53:59Z
2026-06-21,Medical,Prime Health Manpower Services,(355) 227-3631,sales@primehealthmanpowerservices.com,https://www.primehealthmanpowerservices.com,20,Tampa,US,2026-06-21T03:46:28Z
2026-06-21,ERP,Vertex OpsTech,+12744986069,N/A,https://www.vertexopstech.com,13,Chicago,US,2026-06-21T06:15:29Z
2026-06-21,HR,XenonTalentApp,447.686.1405,contact@xenontalentapp.io,https://www.xenontalentapp.io,84,Raleigh,US,2026-06-21T06:06:54Z
2026-06-21,ERP,Granite ForgeSync,(888) 521-9081,sales@graniteforgesync.com,graniteforgesync.com,135,Manchester,UK,2026-06-21T05:04:25Z
2026-06-21,HR,ZephyrPerform Sphere,+1 (500) 622-2734,info@zephyrperformsphere.com,zephyrperformsphere.com,14,Denver,US,2026-06-21T01:33:34Z
2026-06-21,Medical,Vista MedBase,+13202840461,sales@vistamedbase.io,https://vistamedbase.io,9999999,Austin,US,2026-06-21T05:51:42Z
2026-06-21,MSP Platform,BlueNodeSync,6304791850,hello@bluenodesync.io,https://www.bluenodesync.io,12,Denver,US,2026-06-21T05:35:32Z
2026-06-21,ERP,IronResourceCloud,(669) 298-0660,sales@ironresourcecloud.com,https://www.ironresourcecloud.com,469,Atlanta,US,2026-06-21T03:56:00Z
2026-06-21,ERP,HarborResourceHub,+14518806589,contact@harborresourcehub.com,https://www.harborresourcehub.com,654,Raleigh,US,2026-06-21T05:20:57Z
2026-06-21,HR,PolarisMedDynamics,+16905426766,hello@polarismeddynamics.com,https://polarismeddynamics.com,14,Bengaluru,IN,2026-06-21T05:36:08Z
2026-06-21,Medical,Pioneer CareSoft,853.723.9842,info@pioneercaresoft.com,https://www.pioneercaresoft.com,45,Pune,IN,2026-06-21T06:01:08Z
2026-06-21,Medical,RapidMedApp,1-589-539-3141,sales@rapidmedapp.io,https://www.rapidmedapp.io,228,Melbourne,AU,2026-06-21T05:16:27Z
2026-06-21,ERP,Alta ForgeSync,966-346-3322,N/A,https://www.altaforgesync.com,270,Seattle,US,2026-06-21T02:16:58Z
2026-06-21,ERP,ZenOps Cloud,449.936.8014,sales@zenopscloud.co,https://www.zenopscloud.co,477,Austin,US,2026-06-21T04:32:43Z
2026-06-21,ERP,Zephyr OpsLabs,1-295-655-6516,hello@zephyropslabs.com,https://www.zephyropslabs.com,208,Atlanta,US,2026-06-21T01:28:00Z
2026-06-21,HR,WillowTeam Platform,1-852-559-1331,sales@willowteamplatform.io,https://www.willowteamplatform.io,33,Chicago,US,2026-06-21T02:09:30Z
2026-06-21,HR,Apex CultureLogic,(452) 659-6849,sales@apexculturelogic.com,apexculturelogic.com,1108,Pune,IN,2026-06-21T03:11:49Z
2026-06-21,MSP Platform,IronGrid Sync,1-464-924-3788,sales@irongridsync.net,https://www.irongridsync.net,302,Columbus,US,2026-06-21T01:30:01Z
2026-06-21,ERP,Nimbus PlanTech,05403753299,sales@nimbusplantech.io,https://nimbusplantech.io,13,Raleigh,US,2026-06-21T06:22:19Z
2026-06-21,MSP Platform,LatticeNodeHub,615.247.9492,hello@latticenodehub.com,https://www.latticenodehub.com,409,Singapore,SG,2026-06-21T02:32:21Z
2026-06-21,LMS,RapidSkill Dynamics,+17439745394,hello@rapidskilldynamics.co,https://www.rapidskilldynamics.co,370,Dublin,IE,2026-06-21T01:21:13Z
2026-06-21,ERP,AnchorBatch Core,4187358036,info@anchorbatchcore.com,https://www.anchorbatchcore.com,56,Boston,US,2026-06-21T04:35:08Z
2026-06-21,LMS,VeloTutor Point,588.751.7837,sales@velotutorpoint.io,https://www.velotutorpoint.io,14,Calgary,CA,2026-06-21T03:14:31Z
2026-06-21,ERP,Nova ForgePoint,288-455-5934,sales@novaforgepoint.com,novaforgepoint.com,189,Atlanta,US,2026-06-21T04:35:27Z
2026-06-21,MSP Platform,MetaStack’s Soft,(518) 480-2417,hello@metastacksoft.com,https://www.metastacksoft.com,96,Seattle,US,2026-06-21T03:39:38Z
2026-06-21,MSP Platform,Beacon PatchPoint,+17933569566,hello@beaconpatchpoint.com,https://beaconpatchpoint.com,1491,Toronto,CA,2026-06-21T05:49:05Z
2026-06-21,Medical,Atlas ChartSync,802.423.7855,contact@atlaschartsync.io,https://www.atlaschartsync.io,170,Chicago,US,2026-06-21T06:22:50Z
2026-06-21,HR,OrbitPayroll Base,+13735232469,sales@orbitpayrollbase.com,https://orbitpayrollbase.com,561,Denver,US,2026-06-21T02:24:02Z
2026-06-21,HR,LumenPeople App,4114598431,sales@lumenpeopleapp.com,https://lumenpeopleapp.com,222,Chicago,US,2026-06-21T05:09:52Z
2026-06-21,HR,IronTalentLogic,6596351674,contact@irontalentlogic.com,https://irontalentlogic.com,117,Raleigh,US,2026-06-21T04:29:52Z
2026-06-21,Medical,Zen PatientSphere,323.531.2713,sales@zenpatientsphere.co,https://www.zenpatientsphere.co,987,Denver,US,2026-06-21T02:18:14Z
2026-06-21,Medical,XenonPatient Sync,(739) 997-5787,hello@xenonpatientsync.io,https://www.xenonpatientsync.io,92,Raleigh,US,2026-06-21T04:58:56Z
2026-06-21,ERP,Bright PlanWorks,9382784991,N/A,https://brightplanworks.com,466,Vancouver,CA,2026-06-21T04:57:36Z
2026-06-21,ERP,OnyxBatchLabs,507-424-2819,info@onyxbatchlabs.io,https://onyxbatchlabs.io,132,Atlanta,US,2026-06-21T04:01:53Z
2026-06-21,Medical,CrestPulsePlatform,+17937467498,sales@crestpulseplatform.com,https://www.crestpulseplatform.com,384,-,IE,2026-06-21T03:18:43Z
2026-06-21,MSP Platform,SableNode Platform,(293) 460-5870,hello@sablenodeplatform.com,https://www.sablenodeplatform.com,499,Bengaluru,IN,2026-06-21T03:41:48Z
2026-06-21,Medical,CrestHealthPoint,+18095868811,hello@cresthealthpoint.com,https://www.cresthealthpoint.com,13,Atlanta,US,2026-06-21T02:22:56Z
2026-06-21,Medical,DeltaMed Core,912.757.3505,hello@deltamedcore.co,https://www.deltamedcore.co,49,Denver,US,2026-06-21T04:16:34Z
2026-06-21,HR,FusionRoster Works,(973) 847-0033,hello@fusionrosterworks.com,https://www.fusionrosterworks.com,181,Calgary,CA,2026-06-21T06:43:45Z
2026-06-21,ERP,BoldLedgerSphere,6536484007,sales@boldledgersphere.net,https://www.boldledgersphere.net,25,Columbus,US,2026-06-21T04:42:26Z
2026-06-21,legal,Solid CaseCore,(911) 736-2538,info@solidcasecore.com,https://www.solidcasecore.com,4960,Singapore,SG,2026-06-21T02:42:57Z
2026-06-21,Medical,Atlas PatientPoint,04174480434,contact@atlaspatientpoint.io,https://www.atlaspatientpoint.io,79,Boston,US,2026-06-21T05:43:59Z
2026-06-21,ERP,Lattice ChainCore,+1 (813) 602-0112,contact@latticechaincore.com,latticechaincore.com,95,Phoenix,US,2026-06-21T01:23:12Z
2026-06-21,HR,Zephyr BenefitSync,(970) 480-0848,hello@zephyrbenefitsync.com,https://zephyrbenefitsync.com,8,Seattle,US,2026-06-21T01:41:15Z
2026-06-21,Lgl,Quartz CounselHub,3975018074,contact@quartzcounselhub.com,https://quartzcounselhub.com,81,Atlanta,US,2026-06-21T06:07:08Z
2026-06-21,Medical,Fusion Rx BPO Services,291-277-7727,sales@fusionrxbposervices.io,https://fusionrxbposervices.io,10,Raleigh,US,2026-06-21T06:49:20Z
2026-06-21,ERP,Core Chain BPO Services,828-409-3591,info@corechainbposervices.com,https://www.corechainbposervices.com,72,Tampa,US,2026-06-21T01:48:05Z
2026-06-21,ERP,Quantum BatchSync,4758402671,sales@quantumbatchsync.com,quantumbatchsync.com,-,Vancouver,CA,2026-06-21T05:58:00Z
2026-06-21,HR,NovaPayrollFlow,(217) 518-5181,contact@novapayrollflow.io,https://www.novapayrollflow.io,106,Sydney,AU,2026-06-21T02:26:43Z
2026-06-21,HR,QuartzPerform Sphere,919-258-0402,sales@quartzperformsphere.net,https://www.quartzperformsphere.net,193,Tampa,US,2026-06-21T05:44:23Z
2026-06-21,MSP Platform,Lumén EndpointDesk,336-506-7797,hello@lumenendpointdesk.com,https://www.lumenendpointdesk.com,123,Amsterdam,NL,2026-06-21T04:59:06Z
2026-06-21,HR,QuantumRosterPlatform,+1 (500) 766-6984 ext. 47,hello@quantumrosterplatform.io,quantumrosterplatform.io,413,Lahore,PK,2026-06-21T02:58:20Z
2026-06-21,Legal,Meta MatterBase,766.739.8206,contact@metamatterbase.com,https://www.metamatterbase.com,15,Boston,US,2026-06-21T05:12:13Z
2026-06-21,HR,Xenon PeopleHub,+1 (862) 638-9759,info@xenonpeoplehub.com,https://xenonpeoplehub.com,19,Phoenix,US,2026-06-21T04:50:49Z
2026-06-21,LMS,NorthPath Flow,864.490.8196 ext. 55,sales@northpathflow.io,https://www.northpathflow.io,142,London,UK,2026-06-21T03:11:00Z
2026-06-21,Legal,RavenClauseTech,322-737-4686,sales@ravenclausetech.com,https://www.ravenclausetech.com,15,London,UK,2026-06-21T03:59:04Z
2026-06-21,Medical,OnyxVital Solutions,2667920294,info@onyxvitalsolutions.io,https://onyxvitalsolutions.io,2581,Singapore,SG,2026-06-21T05:28:59Z
2026-06-21,Legal,ArchBriefDesk,+15126037721,sales@archbriefdesk.com,https://archbriefdesk.com,40,Munich,DE,2026-06-21T04:53:28Z
2026-06-21,ERP,Keystone PlanSphere,06125143530,hello@keystoneplansphere.net,https://www.keystoneplansphere.net,9,Vancouver,CA,2026-06-21T06:06:07Z
2026-06-21,Medical,Mosaic HealthApp,+17387366549,sales@mosaichealthapp.net,https://www.mosaichealthapp.net,15,Munich,DE,2026-06-21T04:34:33Z
2026-06-21,HR,AltaShift Cloud,7309058384,info@altashiftcloud.io,https://www.altashiftcloud.io,78,Boston,US,2026-06-21T06:55:14Z
2026-06-21,HR,CobaltRoster Logic,7852393047,contact@cobaltrosterlogic.com,https://www.cobaltrosterlogic.com,27,Amsterdam,NL,2026-06-21T05:06:28Z
2026-06-21,ERP,BoldResource Platform,(759) 484-0011,info@boldresourceplatform.io,https://www.boldresourceplatform.io,55,London,UK,2026-06-21T01:22:57Z
2026-06-21,Medical,KeystoneRx Hub,(271) 492-2565,-,https://www.keystonerxhub.co,249,Raleigh,US,2026-06-21T06:16:48Z
2026-06-21,ERP,Golden ChainCloud,4958531900,contact@goldenchaincloud.com,https://www.goldenchaincloud.com,15,Seattle,US,2026-06-21T01:04:03Z
2026-06-21,ERP,Polaris ForgeFlow,(888) 749-8505,contact@polarisforgeflow.com,polarisforgeflow.com,23,Atlanta,US,2026-06-21T05:48:38Z
2026-06-21,LMS,SableCoursePlatform,+1 (515) 678-5867,info@sablecourseplatform.io,https://www.sablecourseplatform.io,192,Chicago,US,2026-06-21T03:29:26Z
2026-06-21,Medical,Cedar RxSync,1-607-848-6487,contact@cedarrxsync.io,https://cedarrxsync.io,166,Phoenix,US,2026-06-21T05:45:35Z
2026-06-21,Medical,Xenon ClinicPlatform,+19456762852,info@xenonclinicplatform.com,https://www.xenonclinicplatform.com,477,Toronto,CA,2026-06-21T01:10:15Z
2026-06-21,Legal,AnchorDocketApp,897-386-1072,info@anchordocketapp.io,https://www.anchordocketapp.io,16,Raleigh,US,2026-06-21T06:21:33Z
2026-06-21,MSP Platform,TrueNodePlatform,802.760.7922,contact@truenodeplatform.com,https://www.truenodeplatform.com,22,Raleigh,US,2026-06-21T03:02:24Z
2026-06-21,HR,AltaShift Solutions,+1 (727) 214-2273 ext. 83,info@altashiftsolutions.com,https://www.altashiftsolutions.com,19,Chicago,US,2026-06-21T01:50:18Z
2026-06-21,HR,OmniBenefit Point,(619) 446-9803,contact@omnibenefitpoint.com,omnibenefitpoint.com,12,Columbus,US,2026-06-21T06:50:56Z
2026-06-21,MSP Platform,SolidUptimeDynamics,1-265-266-5566,contact@soliduptimedynamics.com,https://www.soliduptimedynamics.com,null,Vancouver,CA,2026-06-21T01:28:26Z
2026-06-21,Legal,Pivot CaseSystems,2123379130,sales@pivotcasesystems.com,https://www.pivotcasesystems.com,231,Austin,US,2026-06-21T06:22:18Z
2026-06-21,MSP Platform,RapidTicketDesk,+17073379744,sales@rapidticketdesk.net,rapidticketdesk.net,11,Manchester,UK,2026-06-21T01:27:11Z
2026-06-21,Medical,IronVitalSuite,(659) 908-6129,hello@ironvitalsuite.com,ironvitalsuite.com,28,Tampa,US,2026-06-21T05:45:29Z
2026-06-21,ERP,CrestStock Base,893-849-3056,contact@creststockbase.com,https://www.creststockbase.com,94,Columbus,US,2026-06-21T03:01:34Z
2026-06-21,Medical,PioneerMedSoft,293.785.0547,sales@pioneermedsoft.com,https://www.pioneermedsoft.com,33,Munich,DE,2026-06-21T05:28:24Z
2026-06-21,HR,CrestOnboard Works,(839) 766-1140,hello@crestonboardworks.com,crestonboardworks.com,12,Columbus,US,2026-06-21T03:26:31Z
2026-06-21,HR,IndigoShift Tech,799-304-6831,contact@indigoshifttech.io,https://www.indigoshifttech.io,18,Tampa,US,2026-06-21T03:47:49Z
2026-06-21,HR,OnyxPayrollSystems,(724) 840-1302,sales@onyxpayrollsystems.com,https://www.onyxpayrollsystems.com,9,Seattle,US,2026-06-21T02:34:20Z
2026-06-21,Medical,Solid TriageTech,1-751-342-8676,hello@solidtriagetech.net,https://www.solidtriagetech.net,85,Seattle,US,2026-06-21T06:17:01Z
2026-06-21,LMS,Cobalt MentorCore,+17158385156,info@cobaltmentorcore.com,cobaltmentorcore.com,105,Denver,US,2026-06-21T02:28:45Z
2026-06-21,HR,NovaRoster Tech,+18232188532,contact@novarostertech.com,https://www.novarostertech.com,137,Tampa,US,2026-06-21T03:29:21Z
2026-06-21,MSP Platform,WillowRemoteWorks,478-511-4114 ext. 56,contact@willowremoteworks.net,https://willowremoteworks.net,7,Austin,US,2026-06-21T02:50:22Z
2026-06-21,HR,Onyx OnboardLabs,(298) 624-4244,sales@onyxonboardlabs.com,onyxonboardlabs.com,394,Denver,US,2026-06-21T03:42:34Z
2026-06-21,Medical,RavenHealthApp,+1 (267) 301-7379,sales@ravenhealthapp.com,https://www.ravenhealthapp.com,52,Sydney,AU,2026-06-21T06:12:51Z
2026-06-21,MSP Platform,Nova Remote Talent Agency,+16962097631,sales@novaremotetalentagency.co,https://www.novaremotetalentagency.co,26,Manchester,UK,2026-06-21T05:36:45Z
2026-06-21,HR,IndigoOnboardPoint,505.855.8497,contact@indigoonboardpoint.com,https://www.indigoonboardpoint.com,92,Leeds,UK,2026-06-21T01:05:07Z
2026-06-21,MSP Platform,KeystoneMonitorLogic,1-810-927-3494 ext. 35,hello@keystonemonitorlogic.io,https://www.keystonemonitorlogic.io,70,Seattle,US,2026-06-21T06:15:30Z
2026-06-21,ERP,Alta StockHub,788.873.7794,contact@altastockhub.co,https://www.altastockhub.co,29,Berlin,DE,2026-06-21T04:24:24Z
2026-06-21,LEGAL ,Bright MatterTech,+12635207217,hello@brightmattertech.com,https://www.brightmattertech.com,407,Columbus,US,2026-06-21T01:01:11Z
2026-06-21,Medical,Mosaic Patient Recruiting,06346834655,hello@mosaicpatientrecruiting.com,mosaicpatientrecruiting.com,356,Boston,US,2026-06-21T05:46:34Z
2026-06-21,LMS,ClearCohort Desk,875.823.7240,info@clearcohortdesk.com,https://clearcohortdesk.com,27,Seattle,US,2026-06-21T04:46:52Z
2026-06-21,HR,JuniperShiftCore,441-625-7337,sales@junipershiftcore.co,junipershiftcore.co,19,Boston,US,2026-06-21T06:12:57Z
2026-06-21,ERP,Raven ResourceSuite,(867) 618-0481,hello@ravenresourcesuite.com,https://www.ravenresourcesuite.com,84,Munich,DE,2026-06-21T03:17:47Z
2026-06-21,MSP Platform,OrbitStackBase,1-848-747-9400,sales@orbitstackbase.com,https://www.orbitstackbase.com,8,Denver,US,2026-06-21T02:05:22Z
2026-06-21,ERP,SilverOps Core,651-995-4385,info@silveropscore.com,https://silveropscore.com,79,Singapore,SG,2026-06-21T05:14:51Z
2026-06-21,ERP,GraniteOps Sphere,1-837-526-6336,info@graniteopssphere.com,https://www.graniteopssphere.com,209,London,UK,2026-06-21T04:03:38Z
2026-06-21,Lgl,FusionCounselTech,981-202-9274,sales@fusioncounseltech.net,https://www.fusioncounseltech.net,-,London,UK,2026-06-21T03:47:38Z
2026-06-21,Medical,Tidal’s ClinicPlatform,4122371564,contact@tidalclinicplatform.io,https://www.tidalclinicplatform.io,63,Leeds,UK,2026-06-21T02:40:00Z
2026-06-21,HR,CrestTalentLogic,1-744-393-1837,contact@cresttalentlogic.com,https://www.cresttalentlogic.com,45,Raleigh,US,2026-06-21T06:00:34Z
2026-06-21,Legal,IndigoMatterSolutions,+13245846501,contact@indigomattersolutions.com,https://www.indigomattersolutions.com,337,Denver,US,2026-06-21T02:42:14Z
2026-06-21,legal,Crest BriefPlatform,(504) 780-7240,contact@crestbriefplatform.com,https://crestbriefplatform.com,26,Melbourne,AU,2026-06-21T02:56:42Z
2026-06-21,ERP,IndigoPlanHub,6473254351,info@indigoplanhub.com,https://www.indigoplanhub.com,261,Pune,IN,2026-06-21T03:18:49Z
2026-06-21,legal,Orbit CounselPoint,(541) 566-6616,hello@orbitcounselpoint.io,https://www.orbitcounselpoint.io,230,London,UK,2026-06-21T06:47:33Z
2026-06-21,HR,RidgeTeamSuite,700-448-9720,sales@ridgeteamsuite.com,https://ridgeteamsuite.com,7,Toronto,CA,2026-06-21T01:03:54Z
2026-06-21,Legal,FalconCounsel Desk,+18532506234,hello@falconcounseldesk.com,https://www.falconcounseldesk.com,11,Lahore,PK,2026-06-21T05:53:27Z
2026-06-21,ERP,Quartz PlanSoft,1-847-915-6826,hello@quartzplansoft.com,https://www.quartzplansoft.com,14,Seattle,US,2026-06-21T03:40:16Z
2026-06-21,MSP Platform,Quartz StackWorks,+1 (574) 336-4028,hello@quartzstackworks.com,https://www.quartzstackworks.com,351,Austin,US,2026-06-21T03:13:34Z
2026-06-21,ERP,PivotOrder Systems,+1 (261) 266-4602,hello@pivotordersystems.com,https://www.pivotordersystems.com,158,Seattle,US,2026-06-21T05:32:06Z
2026-06-21,HR,DeltaRoster Platform,(310) 752-2802,contact@deltarosterplatform.co,https://www.deltarosterplatform.co,73,Chicago,US,2026-06-21T03:37:17Z
2026-06-21,ERP,Core ResourceLogic,623-343-3027,info@coreresourcelogic.io,https://coreresourcelogic.io,508,Columbus,US,2026-06-21T04:32:28Z
2026-06-21,ERP,IndigoChain Hub,04535330866,hello@indigochainhub.com,https://www.indigochainhub.com,15,Columbus,US,2026-06-21T05:20:57Z
2026-06-21,ERP,AltaPlan Solutions,357-802-2137,sales@altaplansolutions.io,https://www.altaplansolutions.io,170,Chicago,US,2026-06-21T04:02:25Z
2026-06-21,ERP,Zephyr FinSystems,1-261-209-5884,contact@zephyrfinsystems.com,https://zephyrfinsystems.com,21,Raleigh,US,2026-06-21T04:18:36Z
2026-06-21,Medical,OnyxMedTech,7883743117 ext. 67,info@onyxmedtech.com,https://www.onyxmedtech.com,10,Raleigh,US,2026-06-21T06:07:02Z
2026-06-21,Legal,OrbitCounselBase,+12854865979,contact@orbitcounselbase.com,https://www.orbitcounselbase.com,7,Raleigh,US,2026-06-21T05:55:50Z
2026-06-21,Legal,NovaCompli Works,816.856.5993,contact@novacompliworks.io,https://www.novacompliworks.io,10,Singapore,SG,2026-06-21T01:01:33Z
2026-06-21,Medical,IndigoPatientSoft,+15718811007,sales@indigopatientsoft.com,https://www.indigopatientsoft.com,44,Raleigh,US,2026-06-21T03:15:45Z
2026-06-21,Medical,Anchor CareLogic,+12242220899,contact@anchorcarelogic.com,https://www.anchorcarelogic.com,22,Melbourne,AU,2026-06-21T01:00:02Z
2026-06-21,HR,Apex TeamSphere,671-363-1853,info@apexteamsphere.net,apexteamsphere.net,98,Islamabad,PK,2026-06-21T04:08:45Z
2026-06-21,Medical,UmbraPulseApp,1-587-448-7106,hello@umbrapulseapp.com,https://www.umbrapulseapp.com,19,Raleigh,US,2026-06-21T06:39:52Z
2026-06-21,ERP,ArchChain Solutions,02162969453,sales@archchainsolutions.com,https://www.archchainsolutions.com,18,Seattle,US,2026-06-21T02:02:25Z
2026-06-21,ERP,LatticeChain Soft,669.445.5807,hello@latticechainsoft.com,https://latticechainsoft.com,41,Denver,US,2026-06-21T02:28:26Z
2026-06-21,ERP,SolidChainDynamics,5989252746,sales@solidchaindynamics.io,https://www.solidchaindynamics.io,905,Sydney,AU,2026-06-21T02:33:59Z
2026-06-21,Medical,NovaPatientWorks,581-229-5499,contact@novapatientworks.com,https://novapatientworks.com,155,London,UK,2026-06-21T02:40:25Z
2026-06-21,Medical,NorthCarePoint,(326) 596-1266,hello@northcarepoint.net,https://www.northcarepoint.net,435,Bengaluru,IN,2026-06-21T06:49:18Z
2026-06-21,HR,HaloTeamSystems,+17905463339,contact@haloteamsystems.com,https://www.haloteamsystems.com,86,Melbourne,AU,2026-06-21T06:21:47Z
2026-06-21,Medical,Anchor TriageTech,+18714709800,sales@anchortriagetech.com,https://www.anchortriagetech.com,27,Sydney,AU,2026-06-21T01:28:08Z
2026-06-21,ERP,CrestResourceLogic,(342) 280-5542,sales@crestresourcelogic.com,https://www.crestresourcelogic.com,14,Chicago,US,2026-06-21T05:30:07Z
2026-06-21,ERP,Clear BatchSuite,844-967-1229,hello@clearbatchsuite.com,clearbatchsuite.com,154,Denver,US,2026-06-21T02:23:57Z
2026-06-21,Medical,KeystoneMedSuite,1-748-819-6551,info@keystonemedsuite.io,https://keystonemedsuite.io,968,Chicago,US,2026-06-21T05:50:14Z
2026-06-21,MSP Platform,GoldenPatchSoft,(499) 436-0314 ext. 25,info@goldenpatchsoft.com,https://www.goldenpatchsoft.com,164,Melbourne,AU,2026-06-21T04:59:00Z
2026-06-21,LMS,Crown Course Consulting Group,930-569-5771,sales@crowncourseconsultinggroup.com,https://www.crowncourseconsultinggroup.com,156,Melbourne,AU,2026-06-21T04:05:06Z
2026-06-21,HR,Iron ShiftPoint,1-804-883-2137,hello@ironshiftpoint.com,https://ironshiftpoint.com,43,Seattle,US,2026-06-21T01:20:28Z
2026-06-21,legal,EmberBriefApp,207-846-2205,sales@emberbriefapp.io,https://www.emberbriefapp.io,422,Manchester,UK,2026-06-21T01:31:55Z
2026-06-21,MSP Platform,Vertex Stack BPO Services,234.869.9314,info@vertexstackbposervices.net,vertexstackbposervices.net,438,Bengaluru,IN,2026-06-21T06:46:45Z
2026-06-21,HR,XenonPeople Hub,979-976-3564,sales@xenonpeoplehub.com,https://www.xenonpeoplehub.com,12,Austin,US,2026-06-21T04:11:26Z
2026-06-21,Legal,SilverCounselCloud,+17102605777,contact@silvercounselcloud.com,https://www.silvercounselcloud.com,75,Tampa,US,2026-06-21T05:32:21Z
2026-06-21,Medical,Cobalt ChartSync,(873) 355-6172,hello@cobaltchartsync.com,https://cobaltchartsync.com,6,Atlanta,US,2026-06-21T05:35:48Z
2026-06-21,Medical,HarborMedSoft,1-292-487-3003,contact@harbormedsoft.com,https://harbormedsoft.com,9,Seattle,US,2026-06-21T04:22:59Z
2026-06-21,ERP,Umbra FinCore,417-928-1484,sales@umbrafincore.com,umbrafincore.com,359,-,US,2026-06-21T05:11:31Z
2026-06-21,MSP Platform,Xenon LearnFlow,1-941-668-5790,hello@xenonlearnflow.com,https://xenonlearnflow.com,327,Tampa,US,2026-06-21T01:33:04Z
2026-06-21,ERP,TrueFin’s Soft,+1 (655) 522-2952 ext. 70,contact@truefinsoft.com,https://www.truefinsoft.com,15,Singapore,SG,2026-06-21T01:04:34Z
2026-06-21,legal,Lumen CaseTech,(877) 422-3018,,lumencasetech.com,62,Boston,US,2026-06-21T02:14:00Z
2026-06-21,ERP,BrightForgeHub,+19684921312,sales@brightforgehub.io,https://www.brightforgehub.io,11,Amsterdam,NL,2026-06-21T06:39:24Z
2026-06-21,ERP,ArchFin Desk,905.271.7348,sales@archfindesk.com,https://archfindesk.com,61,Austin,US,2026-06-21T03:50:15Z
2026-06-21,MSP Platform,BrightNet Dynamics,+13517562464,contact@brightnetdynamics.com,https://brightnetdynamics.com,7,Atlanta,US,2026-06-21T03:49:03Z
2026-06-21,Legal,FalconFiling Sphere,323-622-3572,contact@falconfilingsphere.com,https://www.falconfilingsphere.com,429,Vancouver,CA,2026-06-21T03:46:07Z
2026-06-21,Legal,Crest BriefApp,+17163826150,hello@crestbriefapp.io,https://www.crestbriefapp.io,70,Columbus,US,2026-06-21T05:57:03Z
2026-06-21,Medical,Nimbus HealthPoint,887-383-6027,sales@nimbushealthpoint.com,https://www.nimbushealthpoint.com,11,Seattle,US,2026-06-21T02:19:58Z
2026-06-21,MSP Platform,MosaicNetApp,1-334-359-9952,sales@mosaicnetapp.com,https://mosaicnetapp.com,76,Boston,US,2026-06-21T02:31:40Z
2026-06-21,MSP Platform,Indigo TicketSync,950-796-8037,,https://indigoticketsync.com,null,Boston,US,2026-06-21T06:58:06Z
2026-06-21,Medical,SummitPulse Point,+1 (951) 705-0706,contact@summitpulsepoint.com,summitpulsepoint.com,20,Denver,US,2026-06-21T05:57:06Z
2026-06-21,Legal,IronBriefFlow,(500) 669-3995,info@ironbriefflow.io,ironbriefflow.io,3030,Manchester,UK,2026-06-21T03:10:23Z
2026-06-21,Medical,IronChartSystems,+1 (768) 929-9005,info@ironchartsystems.com,https://www.ironchartsystems.com,N/A,Amsterdam,NL,2026-06-21T01:44:47Z
2026-06-21,ERP,TidalChainHub,(643) 908-4871,info@tidalchainhub.com,https://www.tidalchainhub.com,239,Austin,US,2026-06-21T06:31:57Z
2026-06-21,ERP,IronPlanApp,03744417570,contact@ironplanapp.net,ironplanapp.net,19,N/A,NL,2026-06-21T02:14:45Z
2026-06-21,HR,LatticePerform Platform,(728) 851-2142,info@latticeperformplatform.co,https://www.latticeperformplatform.co,77,Seattle,US,2026-06-21T01:31:25Z
2026-06-21,Legal,QuantumClause Base,+13039949404,info@quantumclausebase.com,https://quantumclausebase.com,322,London,UK,2026-06-21T03:22:34Z
2026-06-21,Medical,TidalChartDesk,+1 (934) 385-0679,contact@tidalchartdesk.io,tidalchartdesk.io,53,Chicago,US,2026-06-21T06:43:49Z
2026-06-21,Medical,North PulseCore,+17067231348,hello@northpulsecore.com,https://www.northpulsecore.com,14,Tampa,US,2026-06-21T04:22:14Z
2026-06-21,ERP,PioneerBatch Sync,719-648-0159,contact@pioneerbatchsync.com,https://pioneerbatchsync.com,2438,Austin,US,2026-06-21T05:04:09Z
2026-06-21,LMS,CedarMentorTech,+1 (820) 220-9450,info@cedarmentortech.co,https://www.cedarmentortech.co,81,Calgary,CA,2026-06-21T02:05:07Z
2026-06-21,ERP,Quartz ChainCloud,+16195697114,contact@quartzchaincloud.io,https://www.quartzchaincloud.io,143,Dublin,IE,2026-06-21T06:49:07Z
2026-06-21,HR,Nimbus ShiftHub,1-319-582-9833,hello@nimbusshifthub.com,https://www.nimbusshifthub.com,37,Boston,US,2026-06-21T03:18:22Z
2026-06-21,ERP,GraniteStockSuite,381-362-4230,sales@granitestocksuite.co,https://www.granitestocksuite.co,72,London,UK,2026-06-21T04:20:52Z
2026-06-21,ERP,QuartzFin Core,302.638.7814,contact@quartzfincore.io,https://quartzfincore.io,222,Boston,US,2026-06-21T04:09:02Z
2026-06-21,HR,Rapid OnboardFlow,7965605051,hello@rapidonboardflow.co,https://rapidonboardflow.co,19,Atlanta,US,2026-06-21T01:42:22Z
2026-06-21,HR,DeltaTalent Sphere,1-534-928-5126,info@deltatalentsphere.io,deltatalentsphere.io,9,Vancouver,CA,2026-06-21T01:31:27Z
2026-06-21,HR,Golden PayrollDesk,+17342968179,info@goldenpayrolldesk.io,goldenpayrolldesk.io,440,Denver,US,2026-06-21T05:00:22Z
2026-06-21,Medical,PioneerMedDesk,444.318.5794,contact@pioneermeddesk.io,https://www.pioneermeddesk.io,206,Calgary,CA,2026-06-21T04:21:09Z
2026-06-21,ERP,BeaconLedgerHub,249-839-9662,contact@beaconledgerhub.co,https://www.beaconledgerhub.co,38,Islamabad,PK,2026-06-21T03:36:02Z
2026-06-21,LEGAL ,RidgewayLaw Base,(528) 416-1183,contact@ridgewaylawbase.com,https://ridgewaylawbase.com,864,Atlanta,US,2026-06-21T02:14:02Z
2026-06-21,ERP,CobaltChain Sync,1-624-638-8872,hello@cobaltchainsync.net,https://www.cobaltchainsync.net,130,Austin,US,2026-06-21T04:19:25Z
2026-06-21,Medical,Silver VitalSystems,288-909-9105 ext. 1,contact@silvervitalsystems.com,https://www.silvervitalsystems.com,23,Denver,US,2026-06-21T04:42:46Z
2026-06-21,MSP Platform,Silver NetSuite,352-722-4968,sales@silvernetsuite.com,https://silvernetsuite.com,10,London,UK,2026-06-21T02:08:43Z
2026-06-21,Medical,Meta HealthSuite,752-276-3247,hello@metahealthsuite.com,https://metahealthsuite.com,607,Chicago,US,2026-06-21T05:41:43Z
2026-06-21,ERP,CedarStock Solutions,1-694-332-3004,hello@cedarstocksolutions.io,https://www.cedarstocksolutions.io,419,Manchester,UK,2026-06-21T03:26:12Z
2026-06-21,Medical,NovaClinicSoft,+18906254842,sales@novaclinicsoft.com,https://novaclinicsoft.com,33,Seattle,US,2026-06-21T02:24:28Z
2026-06-21,Medical,IronPulse Suite,(448) 924-7309 ext. 13,sales@ironpulsesuite.com,ironpulsesuite.com,13,Pune,IN,2026-06-21T05:51:07Z
2026-06-21,Medical,DeltaCareLabs,271.642.7235,info@deltacarelabs.com,https://www.deltacarelabs.com,76,Columbus,US,2026-06-21T01:10:55Z
2026-06-21,HR,BeaconPeople Suite,1-620-672-5646,info@beaconpeoplesuite.com,https://beaconpeoplesuite.com,15,Melbourne,AU,2026-06-21T03:26:31Z
2026-06-21,Medical,WillowPulse Soft,(583) 304-1467,info@willowpulsesoft.net,https://willowpulsesoft.net,8,Chicago,US,2026-06-21T06:05:20Z
2026-06-21,MSP Platform,FalconUptime Point,+1 (358) 465-3822,info@falconuptimepoint.net,https://falconuptimepoint.net,21,Tampa,US,2026-06-21T06:11:53Z
2026-06-21,HR,ApexRoster’s Sync,7099464563 ext. 50,info@apexrostersync.com,apexrostersync.com,16,Munich,DE,2026-06-21T06:38:04Z
2026-06-21,legal,Ridge DocketPoint,280-908-7567,hello@ridgedocketpoint.co,https://www.ridgedocketpoint.co,13,Atlanta,US,2026-06-21T05:54:58Z
2026-06-21,ERP,GraniteStockCore,(954) 997-2298,hello@granitestockcore.com,https://granitestockcore.com,60,Tampa,US,2026-06-21T06:49:07Z
2026-06-21,HR,NorthCultureCloud,(630) 219-4549,info@northculturecloud.com,https://www.northculturecloud.com,9,Pune,IN,2026-06-21T01:22:43Z
2026-06-21,LMS,Onyx MentorFlow,+13082901796,contact@onyxmentorflow.com,https://onyxmentorflow.com,3360,Pune,IN,2026-06-21T02:24:02Z
2026-06-21,Legal,ZephyrVerdictWorks,1-256-392-7180 ext. 81,sales@zephyrverdictworks.io,https://zephyrverdictworks.io,58,Raleigh,US,2026-06-21T03:22:23Z
2026-06-21,LMS,Apex LearnPoint,+17126646900,hello@apexlearnpoint.net,https://www.apexlearnpoint.net,877,London,UK,2026-06-21T03:06:03Z
2026-06-21,ERP,Halo LedgerSolutions,724.562.9298,sales@haloledgersolutions.io,https://haloledgersolutions.io,16,Phoenix,US,2026-06-21T04:52:19Z
2026-06-21,LMS,RidgewayTutor Suite,472.561.8657,contact@ridgewaytutorsuite.net,https://www.ridgewaytutorsuite.net,36,Seattle,US,2026-06-21T01:09:51Z
2026-06-21,HR,Meta Onboard Consulting Group,+17076230921,sales@metaonboardconsultinggroup.com,https://www.metaonboardconsultinggroup.com,221,Leeds,UK,2026-06-21T03:17:20Z
2026-06-21,ERP,Halo LedgerSuite,495.586.5241,hello@haloledgersuite.com,https://www.haloledgersuite.com,99,Phoenix,US,2026-06-21T02:27:43Z
2026-06-21,ERP,Harbor OpsCloud,(744) 209-2352,contact@harboropscloud.net,https://www.harboropscloud.net,22,Chicago,US,2026-06-21T05:33:55Z
2026-06-21,HR,Cobalt Payroll Consultants,7289645949,N/A,https://cobaltpayrollconsultants.com,354,Phoenix,US,2026-06-21T04:33:42Z
2026-06-21,Medical,Nimbus TriageFlow,496-508-0891 ext. 24,null,https://nimbustriageflow.io,47,Raleigh,US,2026-06-21T01:50:17Z
2026-06-21,Medical,Juniper ChartDynamics,1-636-345-5291,info@juniperchartdynamics.com,https://www.juniperchartdynamics.com,-,Columbus,US,2026-06-21T01:17:25Z
2026-06-21,Medical,Meta TriageSystems,8437256635,hello@metatriagesystems.com,https://www.metatriagesystems.com,91,Chicago,US,2026-06-21T01:59:06Z
2026-06-21,MSP Platform,BoldStack Base,06974444004,contact@boldstackbase.io,boldstackbase.io,489,Bengaluru,IN,2026-06-21T05:44:15Z
2026-06-21,HR,SummitBenefit Works,+18819633670,sales@summitbenefitworks.com,summitbenefitworks.com,460,Austin,US,2026-06-21T03:00:19Z
2026-06-21,Lgl,CoreDocketLabs,604-969-0373,info@coredocketlabs.com,https://www.coredocketlabs.com,4240,Atlanta,US,2026-06-21T04:29:28Z
2026-06-21,ERP,CrownResourceSoft,+15146168668,info@crownresourcesoft.net,https://crownresourcesoft.net,15,Hyderabad,IN,2026-06-21T02:27:12Z
2026-06-21,ERP,Omni Batch Recruiting,9187800866 ext. 65,sales@omnibatchrecruiting.io,https://www.omnibatchrecruiting.io,310,Phoenix,US,2026-06-21T03:20:58Z
2026-06-21,HR,Rapid TalentHub,795.309.6418 ext. 69,sales@rapidtalenthub.com,https://rapidtalenthub.com,1047,Bengaluru,IN,2026-06-21T05:50:26Z
2026-06-21,Medical,JuniperPatientHub,1-686-912-7252,hello@juniperpatienthub.io,https://www.juniperpatienthub.io,33,Chicago,US,2026-06-21T03:20:44Z
2026-06-21,Medical,TidalChartBase,+1 (435) 698-5336,contact@tidalchartbase.com,https://tidalchartbase.com,69,London,UK,2026-06-21T06:59:10Z
2026-06-21,Legal,Cedar MatterDynamics,1-559-827-5280,contact@cedarmatterdynamics.com,https://www.cedarmatterdynamics.com,26,Seattle,US,2026-06-21T03:17:11Z
2026-06-21,Medical,Ember VitalSoft,(842) 760-3459 ext. 64,info@embervitalsoft.com,embervitalsoft.com,37,Phoenix,US,2026-06-21T02:43:54Z
2026-06-21,ERP,Zen OpsDynamics,+18404938922,sales@zenopsdynamics.com,https://www.zenopsdynamics.com,14,Phoenix,US,2026-06-21T04:24:37Z
2026-06-21,ERP,IndigoResourceDynamics,9287453319,hello@indigoresourcedynamics.net,https://www.indigoresourcedynamics.net,15,Denver,US,2026-06-21T01:01:45Z
2026-06-21,ERP,Willow StockSoft,+19875990116,info@willowstocksoft.com,https://willowstocksoft.com,141,Denver,US,2026-06-21T06:54:00Z
2026-06-21,HR,UmbraOnboard Dynamics,400-348-3747,contact@umbraonboarddynamics.com,https://www.umbraonboarddynamics.com,334,Berlin,DE,2026-06-21T05:20:27Z
2026-06-21,LMS,ZenCourse Platform,4879322009,hello@zencourseplatform.com,https://www.zencourseplatform.com,88,Columbus,US,2026-06-21T01:00:28Z
2026-06-21,Medical,BeaconVital Desk,725-573-7881,sales@beaconvitaldesk.com,https://beaconvitaldesk.com,389,Phoenix,US,2026-06-21T05:34:22Z
2026-06-21,ERP,SummitStock Desk,468-724-9406,hello@summitstockdesk.com,https://summitstockdesk.com,194,Calgary,CA,2026-06-21T06:35:12Z
2026-06-21,ERP,Juniper Resource Staffing,399-713-0017,info@juniperresourcestaffing.com,https://juniperresourcestaffing.com,96,Seattle,US,2026-06-21T06:33:27Z
2026-06-21,ERP,RavenOrder Core,261.725.5533,info@ravenordercore.com,https://ravenordercore.com,843,Seattle,US,2026-06-21T05:50:39Z
2026-06-21,Medical,Cedar Med Manpower Services,(361) 453-7626,info@cedarmedmanpowerservices.io,https://www.cedarmedmanpowerservices.io,25,Toronto,CA,2026-06-21T05:46:34Z
2026-06-21,Medical,BrightChart Sync,(798) 842-8826,info@brightchartsync.co,https://www.brightchartsync.co,17,Raleigh,US,2026-06-21T06:37:25Z
2026-06-21,Legal,FalconClauseSync,+17089885864,info@falconclausesync.com,https://www.falconclausesync.com,214,Chicago,US,2026-06-21T02:06:37Z
2026-06-21,HR,ZephyrShift Works,(828) 950-1639,info@zephyrshiftworks.io,https://www.zephyrshiftworks.io,146,Chicago,US,2026-06-21T06:29:33Z
2026-06-21,HR,Granite RosterSystems,9656214758,info@graniterostersystems.com,graniterostersystems.com,424,Bengaluru,IN,2026-06-21T03:32:12Z
2026-06-21,MSP Platform,ZephyrUptime Labs,766.637.8568,sales@zephyruptimelabs.io,https://zephyruptimelabs.io,9,Raleigh,US,2026-06-21T03:55:16Z
2026-06-21,MSP Platform,SolidRemote Flow,(890) 886-4570,sales@solidremoteflow.net,https://solidremoteflow.net,4610,Raleigh,US,2026-06-21T03:00:00Z
2026-06-21,ERP,AltaOrderCore,(806) 223-8135 ext. 2,sales@altaordercore.com,https://altaordercore.com,N/A,Columbus,US,2026-06-21T06:54:51Z
2026-06-21,HR,Crown BenefitLogic,+19384683810,sales@crownbenefitlogic.com,crownbenefitlogic.com,16,Denver,US,2026-06-21T01:26:13Z
2026-06-21,HR,CrestRosterSuite,930-566-9658,sales@crestrostersuite.com,https://www.crestrostersuite.com,24,Raleigh,US,2026-06-21T04:57:25Z
2026-06-21,Medical,Cobalt ClinicHub,+17695226217,sales@cobaltclinichub.co,https://www.cobaltclinichub.co,34,Chicago,US,2026-06-21T01:40:25Z
2026-06-21,Medical,XenonTriageWorks,1-352-515-8778,hello@xenontriageworks.net,https://xenontriageworks.net,47,Sydney,AU,2026-06-21T04:13:07Z
2026-06-21,LMS,Willow CohortLogic,+12624992761,hello@willowcohortlogic.com,https://www.willowcohortlogic.com,45,Tampa,US,2026-06-21T06:31:12Z
2026-06-21,LMS,CrownLessonSphere,(402) 851-0790,sales@crownlessonsphere.io,https://www.crownlessonsphere.io,19,Toronto,CA,2026-06-21T03:03:12Z
2026-06-21,HR,MetaBenefit Tech,371-314-5003,contact@metabenefittech.com,https://www.metabenefittech.com,25,Austin,US,2026-06-21T04:06:59Z
2026-06-21,HR,Cobalt TeamSoft,497-391-9882,hello@cobaltteamsoft.com,https://www.cobaltteamsoft.com,16,Columbus,US,2026-06-21T04:15:24Z
2026-06-21,HR,Crest TeamHub,+13573533355,info@crestteamhub.com,https://www.crestteamhub.com,21,Sydney,AU,2026-06-21T03:59:44Z
2026-06-21,LMS,GoldenQuizFlow,(385) 332-2560,contact@goldenquizflow.io,https://www.goldenquizflow.io,267,Phoenix,US,2026-06-21T05:45:57Z
2026-06-21,ERP,SableChain Soft,(901) 797-7441,hello@sablechainsoft.com,https://www.sablechainsoft.com,824,Tampa,US,2026-06-21T01:11:44Z
2026-06-21,Medical,Granite CareDynamics,+12122489489,contact@granitecaredynamics.net,https://www.granitecaredynamics.net,6,Pune,IN,2026-06-21T06:32:21Z
2026-06-21,HR,PolarisBenefit Tech,+14289271951,info@polarisbenefittech.com,https://polarisbenefittech.com,226,Seattle,US,2026-06-21T04:37:38Z
2026-06-21,ERP,Fusion ChainTech,(751) 805-0800,hello@fusionchaintech.net,https://www.fusionchaintech.net,249,Sydney,AU,2026-06-21T02:44:31Z
2026-06-21,MSP Platform,MosaicTicketTech,1-856-770-1004,contact@mosaictickettech.io,https://www.mosaictickettech.io,738,Hyderabad,IN,2026-06-21T04:02:46Z
2026-06-21,Medical,BlueClinic Solutions,403-833-8587,info@blueclinicsolutions.com,blueclinicsolutions.com,8,Seattle,US,2026-06-21T01:11:56Z
2026-06-21,ERP,SolidForge Sync,(579) 537-4722,info@solidforgesync.com,https://www.solidforgesync.com,544,Manchester,UK,2026-06-21T01:06:19Z
2026-06-21,Medical,Crest MedDesk,(305) 831-9410,contact@crestmeddesk.net,https://www.crestmeddesk.net,44,Austin,US,2026-06-21T06:57:49Z
2026-06-21,HR,Core PerformPoint,(454) 479-9357,sales@coreperformpoint.com,https://coreperformpoint.com,23,Seattle,US,2026-06-21T05:14:42Z
2026-06-21,HR,XenonTeamPlatform,5352069259,null,https://www.xenonteamplatform.com,242,N/A,US,2026-06-21T01:33:35Z
2026-06-21,ERP,KeystoneOps Labs,1-806-266-2486,hello@keystoneopslabs.io,https://keystoneopslabs.io,127,London,UK,2026-06-21T05:00:06Z
2026-06-21,ERP,NovaOrderPoint,(975) 515-7831,hello@novaorderpoint.com,https://www.novaorderpoint.com,33,Denver,US,2026-06-21T04:16:37Z
2026-06-21,ERP,VertexBatchFlow,920.377.5426,hello@vertexbatchflow.com,https://www.vertexbatchflow.com,15,Atlanta,US,2026-06-21T06:23:09Z
2026-06-21,MSP Platform,Nimbus MonitorSuite,726-887-0212,contact@nimbusmonitorsuite.com,https://www.nimbusmonitorsuite.com,19,Denver,US,2026-06-21T05:27:35Z
2026-06-21,Medical,BrightClinic App,3145068546,contact@brightclinicapp.com,https://www.brightclinicapp.com,77,,US,2026-06-21T03:41:10Z
2026-06-21,Legal,CobaltMatterPlatform,686.951.6003,hello@cobaltmatterplatform.com,https://www.cobaltmatterplatform.com,794,Calgary,CA,2026-06-21T03:26:24Z
2026-06-21,ERP,Iron StockPoint,3248413017,info@ironstockpoint.com,https://www.ironstockpoint.com,11,Melbourne,AU,2026-06-21T05:30:44Z
2026-06-21,MSP Platform,XenonTicket Cloud,1-765-519-6729,hello@xenonticketcloud.com,xenonticketcloud.com,494,Sydney,AU,2026-06-21T05:15:52Z
2026-06-21,MSP Platform,TidalEndpoint Sphere,282-203-4179,N/A,https://www.tidalendpointsphere.com,5,Columbus,US,2026-06-21T04:50:02Z
2026-06-21,LMS,ArchTutor Systems,6646456496,contact@archtutorsystems.com,https://archtutorsystems.com,215,London,UK,2026-06-21T05:39:35Z
2026-06-21,Medical,OmniPulse Suite,(831) 301-4935,hello@omnipulsesuite.com,omnipulsesuite.com,13,Boston,US,2026-06-21T01:00:38Z
2026-06-21,HR,QuantumCultureHub,863.790.0555,hello@quantumculturehub.co,https://www.quantumculturehub.co,25,Atlanta,US,2026-06-21T04:58:08Z
2026-06-21,HR,Rapid CultureCore,6867698457,contact@rapidculturecore.co,https://www.rapidculturecore.co,5,Denver,US,2026-06-21T01:32:15Z
2026-06-21,Medical,CrownPatient Works,984-823-7510,info@crownpatientworks.net,https://crownpatientworks.net,43,Toronto,CA,2026-06-21T01:24:23Z
2026-06-21,Legal,FusionClauséCloud,9859999796,hello@fusionclausecloud.com,https://fusionclausecloud.com,5,Raleigh,US,2026-06-21T04:54:11Z
2026-06-21,Medical,Vista TriageDesk,+12264849929,sales@vistatriagedesk.com,https://www.vistatriagedesk.com,31,Tampa,US,2026-06-21T06:37:48Z
2026-06-21,Medical,Rapid PatientTech,(390) 888-2057,sales@rapidpatienttech.com,https://www.rapidpatienttech.com,4702,Tampa,US,2026-06-21T06:21:57Z
2026-06-21,Medical,CoreMedTech,659-290-1606,hello@coremedtech.co,https://www.coremedtech.co,357,Denver,US,2026-06-21T03:21:46Z
2026-06-21,Medical,Cedar RxSphere,+13182939569,info@cedarrxsphere.io,cedarrxsphere.io,96,Tampa,US,2026-06-21T03:19:08Z
2026-06-21,MSP Platform,Harbor EndpointLogic,585-562-2603,info@harborendpointlogic.com,https://www.harborendpointlogic.com,75,Denver,US,2026-06-21T06:17:35Z
2026-06-21,Medical,CobaltRx Soft,720-497-6686,info@cobaltrxsoft.com,https://cobaltrxsoft.com,32,Austin,US,2026-06-21T06:04:25Z
2026-06-21,LMS,GoldenSkillCloud,(835) 943-3136,hello@goldenskillcloud.com,https://goldenskillcloud.com,44,Raleigh,US,2026-06-21T01:56:57Z
2026-06-21,Medical,RidgewayPatient Dynamics,922-876-0253,info@ridgewaypatientdynamics.net,https://ridgewaypatientdynamics.net,9,Melbourne,AU,2026-06-21T02:30:19Z
2026-06-21,MSP Platform,BeaconMonitorSoft,1-413-262-3513,info@beaconmonitorsoft.com,https://www.beaconmonitorsoft.com,19,Singapore,SG,2026-06-21T03:44:41Z
2026-06-21,LMS,Ridge LearnTech,(287) 866-8615,contact@ridgelearntech.com,ridgelearntech.com,-,Sydney,AU,2026-06-21T05:09:29Z
2026-06-21,ERP,SilverChainDynamics,+17625634289,contact@silverchaindynamics.com,https://silverchaindynamics.com,5,Hyderabad,IN,2026-06-21T06:36:39Z
2026-06-21,MSP Platform,AnchorPatchCore,+16345716534,hello@anchorpatchcore.com,anchorpatchcore.com,78,Karachi,PK,2026-06-21T04:43:38Z
2026-06-21,Medical,ClearPatientBase,+1 (812) 395-6998,contact@clearpatientbase.co,https://clearpatientbase.co,105,Berlin,DE,2026-06-21T01:51:15Z
2026-06-21,Lgl,SolidDocketBase,3607751892,hello@soliddocketbase.net,https://www.soliddocketbase.net,46,Columbus,US,2026-06-21T03:49:28Z
2026-06-21,MSP Platform,RavenStackLogic,242-577-8028,sales@ravenstacklogic.com,https://www.ravenstacklogic.com,26,Phoenix,US,2026-06-21T02:36:08Z
2026-06-21,Medical,IronMed App,+18217989613,contact@ironmedapp.com,ironmedapp.com,471,Phoenix,US,2026-06-21T04:31:59Z
2026-06-21,legal,Lattice CaseDesk,+12145676828,info@latticecasedesk.com,https://www.latticecasedesk.com,-,Berlin,DE,2026-06-21T01:05:45Z
2026-06-21,HR,Tidal PeopleDynamics,723.478.0417,sales@tidalpeopledynamics.io,tidalpeopledynamics.io,555,Melbourne,AU,2026-06-21T04:18:09Z
2026-06-21,ERP,GraniteStock Flow,(619) 479-5993,hello@granitestockflow.com,https://www.granitestockflow.com,10,Boston,US,2026-06-21T03:19:29Z
2026-06-21,HR,Nova ShiftPlatform,768-885-0437,hello@novashiftplatform.com,novashiftplatform.com,16,Sydney,AU,2026-06-21T03:25:30Z
2026-06-21,Medical,ClearHealthSolutions,964-460-5688,contact@clearhealthsolutions.com,https://www.clearhealthsolutions.com,17,Munich,DE,2026-06-21T01:50:22Z
2026-06-21,HR,CedarTalent Works,7717755369,info@cedartalentworks.com,https://www.cedartalentworks.com,44,Seattle,US,2026-06-21T05:57:37Z
2026-06-21,HR,PivotTalentWorks’s,702-834-1429,info@pivottalentworks.com,https://pivottalentworks.com,2521,Atlanta,US,2026-06-21T01:34:29Z
2026-06-21,Medical,True PatientHub,+14523497714,-,https://www.truepatienthub.com,13,Bengaluru,IN,2026-06-21T06:45:11Z
2026-06-21,HR,SummitBenefit Suite,533.865.1707,sales@summitbenefitsuite.com,https://summitbenefitsuite.com,504,Atlanta,US,2026-06-21T05:06:08Z
2026-06-21,ERP,Vista Ledger Staffing,+1 (214) 410-7290,info@vistaledgerstaffing.io,https://www.vistaledgerstaffing.io,81,Munich,DE,2026-06-21T04:34:17Z
2026-06-21,Medical,RapidHealth Flow,980-846-8370,sales@rapidhealthflow.com,https://www.rapidhealthflow.com,38,Atlanta,US,2026-06-21T01:17:08Z
2026-06-21,Medical,Ember CareHub,+12938067954,sales@embercarehub.com,https://www.embercarehub.com,787,Phoenix,US,2026-06-21T02:34:52Z
2026-06-21,ERP,RapidOrder Platform,5212504628,info@rapidorderplatform.com,https://www.rapidorderplatform.com,4807,Boston,US,2026-06-21T04:36:26Z
2026-06-21,Medical,LatticePulse Suite,1-201-868-7969,hello@latticepulsesuite.com,https://latticepulsesuite.com,65,Chicago,US,2026-06-21T05:45:53Z
2026-06-21,legal,ZephyrCounsel App,(703) 810-0017,contact@zephyrcounselapp.com,https://zephyrcounselapp.com,427,London,UK,2026-06-21T06:45:56Z
2026-06-21,Lgl,MetaFiling Systems,527-299-1671,hello@metafilingsystems.net,metafilingsystems.net,7,Tampa,US,2026-06-21T04:47:37Z
2026-06-21,Lgl,Arch MatterHub,558-944-9041,contact@archmatterhub.com,https://www.archmatterhub.com,-,Karachi,PK,2026-06-21T05:39:02Z
2026-06-21,ERP,Fusion’s PlanDynamics,+16353994738,sales@fusionplandynamics.com,https://www.fusionplandynamics.com,6,Manchester,UK,2026-06-21T03:36:23Z
2026-06-21,MSP Platform,RapidStackDynamics,667.661.0666,info@rapidstackdynamics.com,https://www.rapidstackdynamics.com,21,Phoenix,US,2026-06-21T02:32:55Z
2026-06-21,HR,Blue PayrollLabs,(818) 966-5108,sales@bluepayrolllabs.io,https://www.bluepayrolllabs.io,348,Atlanta,US,2026-06-21T02:36:21Z
2026-06-21,HR,AltaCulture Sync,570.232.4575,sales@altaculturesync.com,https://www.altaculturesync.com,219,Austin,US,2026-06-21T02:33:20Z
2026-06-21,MSP Platform,KeystoneRemote Tech,(947) 561-2332,contact@keystoneremotetech.net,https://www.keystoneremotetech.net,238,Berlin,DE,2026-06-21T05:56:02Z
2026-06-21,ERP,SolidOrderCloud,4115952289,null,https://solidordercloud.io,5,Chicago,US,2026-06-21T06:13:46Z
2026-06-21,MSP Platform,ApexEndpointLabs,574.322.6856,sales@apexendpointlabs.io,https://apexendpointlabs.io,17,Raleigh,US,2026-06-21T03:51:54Z
2026-06-21,Legal,Anchor Matter Staffing,784-694-5965 ext. 54,info@anchormatterstaffing.net,https://www.anchormatterstaffing.net,84,Manchester,UK,2026-06-21T03:25:17Z
2026-06-21,HR,ArchTéam Base,464.969.0808 ext. 37,contact@archteambase.co,archteambase.co,32,Manchester,UK,2026-06-21T01:24:23Z
2026-06-21,Legal,GraniteCaseLogic,+17604718286,info@granitecaselogic.com,https://granitecaselogic.com,4344,Austin,US,2026-06-21T05:21:18Z
2026-06-21,ERP,Meta PlanDesk,967.558.1534,contact@metaplandesk.net,https://www.metaplandesk.net,414,Bengaluru,IN,2026-06-21T05:03:37Z
2026-06-21,Medical,WillowHealth Sync,1-461-764-3530,info@willowhealthsync.com,https://www.willowhealthsync.com,61,Leeds,UK,2026-06-21T01:19:08Z
2026-06-21,Legal,RapidVerdict Dynamics,1-707-701-2350,hello@rapidverdictdynamics.co,https://rapidverdictdynamics.co,221,Seattle,US,2026-06-21T01:23:25Z
2026-06-21,HR,Granite PeopleWorks,+18649563432,contact@granitepeopleworks.com,https://www.granitepeopleworks.com,174,Melbourne,AU,2026-06-21T06:48:12Z
2026-06-21,Medical,Onyx PulseBase,307-322-4600,contact@onyxpulsebase.co,https://www.onyxpulsebase.co,399,Sydney,AU,2026-06-21T04:15:37Z
2026-06-21,Medical,PivotPulse Logic,1-494-653-5370,info@pivotpulselogic.com,pivotpulselogic.com,901,Chicago,US,2026-06-21T06:38:50Z
2026-06-21,ERP,HaloResource Logic,09058294824,sales@haloresourcelogic.com,https://www.haloresourcelogic.com,10,Columbus,US,2026-06-21T06:16:59Z
2026-06-21,Medical,PrimeClinicSuite,1-781-888-5043,contact@primeclinicsuite.co,https://www.primeclinicsuite.co,5,London,UK,2026-06-21T03:08:04Z
2026-06-21,Medical,Mosaic ChartApp,892.644.9341 ext. 38,hello@mosaicchartapp.com,https://www.mosaicchartapp.com,9,Phoenix,US,2026-06-21T06:31:35Z
2026-06-21,LEGAL ,LatticeClause Platform,(525) 938-4256,info@latticeclauseplatform.com,https://www.latticeclauseplatform.com,217,Amsterdam,NL,2026-06-21T02:55:23Z
2026-06-21,HR,DeltaShift Labs,1-372-499-1011,info@deltashiftlabs.com,https://www.deltashiftlabs.com,17,Pune,IN,2026-06-21T03:35:15Z
2026-06-21,Lgl,Lumen LawHub,+12742014805,contact@lumenlawhub.com,https://www.lumenlawhub.com,39,Tampa,US,2026-06-21T02:29:41Z
2026-06-21,MSP Platform,VeloNodeLabs,767-334-4328,info@velonodelabs.co,https://velonodelabs.co,40,Columbus,US,2026-06-21T05:53:30Z
2026-06-21,Legal,KeystoneLawHub,5426781368,contact@keystonelawhub.com,https://keystonelawhub.com,54,Vancouver,CA,2026-06-21T06:09:07Z
2026-06-21,HR,Orbit PerformSuite,(742) 959-0670,sales@orbitperformsuite.net,https://orbitperformsuite.net,N/A,Vancouver,CA,2026-06-21T01:57:44Z
2026-06-21,MSP Platform,Mosaic UptimeDynamics,6355298631 ext. 55,info@mosaicuptimedynamics.com,https://www.mosaicuptimedynamics.com,499,Denver,US,2026-06-21T03:33:22Z
2026-06-21,LMS,EmberLessonDesk,5883597227,info@emberlessondesk.io,https://www.emberlessondesk.io,222,Boston,US,2026-06-21T06:59:26Z
2026-06-21,HR,HaloCulturePlatform,807.496.7329,hello@halocultureplatform.com,https://www.halocultureplatform.com,176,Tampa,US,2026-06-21T05:08:18Z
2026-06-21,Medical,Atlas TriagePoint,341-464-5988,sales@atlastriagepoint.net,https://atlastriagepoint.net,298,Berlin,DE,2026-06-21T02:23:34Z
2026-06-21,Medical,CedarVitalLabs,(911) 476-2909,contact@cedarvitallabs.io,https://www.cedarvitallabs.io,56,Leeds,UK,2026-06-21T05:03:53Z
2026-06-21,LMS,PivotLearnLabs,(894) 616-2861,hello@pivotlearnlabs.com,https://www.pivotlearnlabs.com,73,Singapore,SG,2026-06-21T02:53:33Z
2026-06-21,HR,Silver RosterLogic,(676) 314-4629,contact@silverrosterlogic.com,silverrosterlogic.com,156,Denver,US,2026-06-21T02:14:49Z
2026-06-21,HR,HaloPayroll Sphere,+1 (363) 468-1942,sales@halopayrollsphere.com,https://www.halopayrollsphere.com,994,London,UK,2026-06-21T03:18:13Z
2026-06-21,legal,Cedar ClauseWorks,527.543.8530,info@cedarclauseworks.com,https://www.cedarclauseworks.com,99,Austin,US,2026-06-21T01:02:35Z
2026-06-21,MSP Platform,SolidPatch Dynamics,8863141598,contact@solidpatchdynamics.com,https://solidpatchdynamics.com,24,Phoenix,US,2026-06-21T02:21:50Z
2026-06-21,Legal,Velo DocketFlow,+1 (873) 980-7767,sales@velodocketflow.co,https://velodocketflow.co,22,Tampa,US,2026-06-21T02:53:04Z
2026-06-21,Medical,QuartzRxTech,+18942806053,contact@quartzrxtech.co,quartzrxtech.co,-,Sydney,AU,2026-06-21T03:18:19Z
2026-06-21,ERP,VistaPlan Core,+12227568425,N/A,https://www.vistaplancore.net,576,Calgary,CA,2026-06-21T04:48:48Z
2026-06-21,ERP,ClearLedgerBase,(790) 980-1813,contact@clearledgerbase.co,https://www.clearledgerbase.co,289,Austin,US,2026-06-21T01:00:38Z
2026-06-21,ERP,Meta OrderApp,+17283929694,contact@metaorderapp.io,https://www.metaorderapp.io,11,Tampa,US,2026-06-21T05:34:44Z
2026-06-21,Medical,Lattice Clinic BPO Services,+12894764958,hello@latticeclinicbposervices.com,https://www.latticeclinicbposervices.com,8,Calgary,CA,2026-06-21T04:23:59Z
2026-06-21,ERP,PolarisStockSphere,408-707-6891,sales@polarisstocksphere.com,https://www.polarisstocksphere.com,22,Melbourne,AU,2026-06-21T06:50:18Z
2026-06-21,ERP,IndigoPlan App,+19028314369,hello@indigoplanapp.com,https://www.indigoplanapp.com,200,Seattle,US,2026-06-21T05:05:34Z
2026-06-21,HR,Nimbus TalentDynamics,534.611.3635,info@nimbustalentdynamics.co,https://www.nimbustalentdynamics.co,467,London,UK,2026-06-21T02:50:16Z
2026-06-21,ERP,NimbusOrderSuite,980-786-5256,contact@nimbusordersuite.io,nimbusordersuite.io,12,Dublin,IE,2026-06-21T05:01:34Z
2026-06-21,HR,Apex RosterBase,+19336807408,sales@apexrosterbase.com,https://www.apexrosterbase.com,56,Denver,US,2026-06-21T03:24:21Z
2026-06-21,MSP Platform,Golden NodeSuite,8823405277,info@goldennodesuite.com,goldennodesuite.com,449,Atlanta,US,2026-06-21T02:12:55Z
2026-06-21,HR,NimbusRoster Sync,3209015428,info@nimbusrostersync.com,https://www.nimbusrostersync.com,4001,Dublin,IE,2026-06-21T06:41:35Z
2026-06-21,ERP,BeaconLedgerApp,949-367-7121,contact@beaconledgerapp.io,https://www.beaconledgerapp.io,41,Boston,US,2026-06-21T06:28:32Z
2026-06-21,ERP,Solid ResourceSystems,+18096223311,sales@solidresourcesystems.com,https://solidresourcesystems.com,76,Phoenix,US,2026-06-21T01:34:59Z
2026-06-21,ERP,QuartzLedgerSuite,(469) 610-6541,hello@quartzledgersuite.com,https://quartzledgersuite.com,219,Boston,US,2026-06-21T06:51:58Z
2026-06-21,HR,Umbra OnboardLogic,+1 (387) 609-8367,info@umbraonboardlogic.com,umbraonboardlogic.com,80,Chicago,US,2026-06-21T03:16:24Z
2026-06-21,ERP,Nova StockCore,+19557447146,contact@novastockcore.com,https://www.novastockcore.com,110,Munich,DE,2026-06-21T02:15:33Z
2026-06-21,Medical,CobaltPulseCloud,(401) 532-5070,contact@cobaltpulsecloud.co,https://cobaltpulsecloud.co,300,Toronto,CA,2026-06-21T04:00:47Z
2026-06-21,MSP Platform,LatticeRemoteDynamics,09445271458,contact@latticeremotedynamics.com,https://www.latticeremotedynamics.com,93,Sydney,AU,2026-06-21T05:24:51Z
2026-06-21,ERP,SilverChain Point,+1 (871) 885-6924,hello@silverchainpoint.com,https://silverchainpoint.com,126,Denver,US,2026-06-21T04:27:56Z
2026-06-21,MSP Platform,VeloNetHub,(904) 749-6859 ext. 10,hello@velonethub.net,https://www.velonethub.net,324,Phoenix,US,2026-06-21T04:49:11Z
2026-06-21,ERP,LumenPlanSoft,3656279977 ext. 45,info@lumenplansoft.net,https://www.lumenplansoft.net,12,Manchester,UK,2026-06-21T06:14:20Z
2026-06-21,HR,BoldPeopleDesk,+1 (754) 625-4220,sales@boldpeopledesk.co,https://www.boldpeopledesk.co,948,Tampa,US,2026-06-21T02:05:31Z
2026-06-21,MSP Platform,Zen NodePoint,4393462873,contact@zennodepoint.com,zennodepoint.com,30,Leeds,UK,2026-06-21T02:53:03Z
2026-06-21,MSP Platform,Apex GridDesk,899.746.5896,hello@apexgriddesk.com,https://www.apexgriddesk.com,93,Boston,US,2026-06-21T01:26:32Z
2026-06-21,ERP,Nova ForgeBase,03102043238,sales@novaforgebase.com,https://www.novaforgebase.com,203,Boston,US,2026-06-21T05:54:55Z
2026-06-21,HR,Ember BenefitCore,4994273253,info@emberbenefitcore.com,https://www.emberbenefitcore.com,94,Raleigh,US,2026-06-21T03:21:47Z
2026-06-21,ERP,SummitForge Core,+1 (969) 213-1700,sales@summitforgecore.io,summitforgecore.io,803,Columbus,US,2026-06-21T04:00:15Z
2026-06-21,ERP,IndigoBatchPoint,+17173517797,info@indigobatchpoint.co,indigobatchpoint.co,372,N/A,DE,2026-06-21T02:19:25Z
2026-06-21,ERP,Tidal LedgerDynamics,+1 (310) 639-3409,info@tidalledgerdynamics.com,https://tidalledgerdynamics.com,37,Columbus,US,2026-06-21T05:27:01Z
2026-06-21,ERP,FalconBatchLogic,266.886.9616,contact@falconbatchlogic.io,https://falconbatchlogic.io,9,Bengaluru,IN,2026-06-21T01:07:49Z
2026-06-21,HR,ArchTalentLabs,(866) 421-2092,hello@archtalentlabs.io,https://www.archtalentlabs.io,18,Denver,US,2026-06-21T05:40:36Z
2026-06-21,Lgl,VeloLaw Tech,339-952-0825,info@velolawtech.io,https://www.velolawtech.io,16,Seattle,US,2026-06-21T02:32:25Z
2026-06-21,ERP,Alta PlanBase,+18348049172 ext. 2,sales@altaplanbase.net,https://altaplanbase.net,5,Austin,US,2026-06-21T01:00:42Z
2026-06-21,ERP,Falcon PlanPoint,+14214771131,info@falconplanpoint.io,https://falconplanpoint.io,141,Austin,US,2026-06-21T03:45:27Z
2026-06-21,legal,PivotLawDynamics,+17024076756,hello@pivotlawdynamics.com,pivotlawdynamics.com,11,Munich,DE,2026-06-21T01:11:20Z
2026-06-21,HR,Golden PayrollPlatform,(248) 964-2866 ext. 65,info@goldenpayrollplatform.com,https://goldenpayrollplatform.com,49,Austin,US,2026-06-21T06:47:28Z
2026-06-21,MSP Platform,Ember RemoteHub,(271) 431-0186 ext. 82,hello@emberremotehub.net,https://www.emberremotehub.net,877,Columbus,US,2026-06-21T04:45:58Z
2026-06-21,Lgl,Fusion VerdictApp,595.403.3233,contact@fusionverdictapp.net,https://fusionverdictapp.net,41,Denver,US,2026-06-21T01:10:54Z
2026-06-21,ERP,VistaResource Suite,1-748-457-4635,contact@vistaresourcesuite.com,vistaresourcesuite.com,225,Atlanta,US,2026-06-21T01:48:39Z
2026-06-21,Medical,NimbusChart Systems,+16764330983,info@nimbuschartsystems.com,https://nimbuschartsystems.com,10,Bengaluru,IN,2026-06-21T02:15:51Z
2026-06-21,HR,RidgewayPayrollPoint,4759256563,contact@ridgewaypayrollpoint.io,https://www.ridgewaypayrollpoint.io,619,Melbourne,AU,2026-06-21T03:21:29Z
2026-06-21,HR,GraniteCulture Point,03538530588,hello@graniteculturepoint.co,https://www.graniteculturepoint.co,12,Berlin,DE,2026-06-21T02:04:35Z
2026-06-21,LMS,IndigoCourseTech,889-312-3635,hello@indigocoursetech.com,https://www.indigocoursetech.com,8,,US,2026-06-21T03:00:32Z
2026-06-21,ERP,Ridgeway OpsTech,8125780232,contact@ridgewayopstech.com,https://www.ridgewayopstech.com,176,Raleigh,US,2026-06-21T01:54:35Z
2026-06-21,Medical,Mosaic CareDesk,(443) 399-4413 ext. 77,hello@mosaiccaredesk.com,https://www.mosaiccaredesk.com,58,Boston,US,2026-06-21T01:08:07Z
2026-06-21,Medical,Arch Pulse Staffing,(880) 905-1480,sales@archpulsestaffing.io,https://www.archpulsestaffing.io,289,Atlanta,US,2026-06-21T03:33:14Z
2026-06-21,ERP,SummitOrderApp,768-514-3323,hello@summitorderapp.com,https://summitorderapp.com,20,Chicago,US,2026-06-21T02:10:20Z
2026-06-21,MSP Platform,PioneerEndpoint Sync,3943627499,hello@pioneerendpointsync.com,https://www.pioneerendpointsync.com,70,Dublin,IE,2026-06-21T06:15:26Z
2026-06-21,MSP Platform,CobaltUptime Core,+1 (968) 712-1879,contact@cobaltuptimecore.com,https://www.cobaltuptimecore.com,78,Islamabad,PK,2026-06-21T01:12:12Z
2026-06-21,HR,IronShift Hub,634.770.3444,sales@ironshifthub.net,https://www.ironshifthub.net,96,Seattle,US,2026-06-21T01:07:49Z
2026-06-21,HR,FalconTalent App,(689) 672-4072,hello@falcontalentapp.com,https://falcontalentapp.com,25,Denver,US,2026-06-21T04:05:41Z
2026-06-21,ERP,Indigo OrderLogic,+15149918929 ext. 18,hello@indigoorderlogic.co,https://www.indigoorderlogic.co,913,Seattle,US,2026-06-21T03:15:18Z
2026-06-21,Medical,TidalPatient Base,2718441545,sales@tidalpatientbase.io,https://www.tidalpatientbase.io,742,Melbourne,AU,2026-06-21T05:05:48Z
2026-06-21,Medical,WillowCareCloud,08707619754,contact@willowcarecloud.com,https://willowcarecloud.com,28,-,IE,2026-06-21T01:33:48Z
2026-06-21,Medical,Granite CareSolutions,1-949-240-0804,info@granitecaresolutions.net,https://www.granitecaresolutions.net,19,Sydney,AU,2026-06-21T01:02:21Z
2026-06-21,Legal,RapidCase’s Tech,876-882-5288,hello@rapidcasetech.net,https://www.rapidcasetech.net,26,Karachi,PK,2026-06-21T03:03:15Z
2026-06-21,MSP Platform,Quartz NetHub,504-551-3476,null,https://www.quartznethub.com,214,Munich,DE,2026-06-21T02:23:05Z
2026-06-21,legal,Atlas ClauseSuite,585.433.2803,sales@atlasclausesuite.com,https://www.atlasclausesuite.com,13,Amsterdam,NL,2026-06-21T05:12:25Z
2026-06-21,LEGAL ,RapidCase Solutions,622-676-4162,hello@rapidcasesolutions.com,https://rapidcasesolutions.com,39,Amsterdam,NL,2026-06-21T04:47:29Z
2026-06-21,ERP,IronChainDynamics,8603367408,hello@ironchaindynamics.com,ironchaindynamics.com,30,Pune,IN,2026-06-21T01:09:19Z
2026-06-21,MSP Platform,QuantumNode Cloud,(304) 865-6213,info@quantumnodecloud.com,https://www.quantumnodecloud.com,2244,Atlanta,US,2026-06-21T04:48:48Z
2026-06-21,MSP Platform,VistaGridCloud,816-294-9383,info@vistagridcloud.com,https://vistagridcloud.com,52,Austin,US,2026-06-21T04:07:21Z
2026-06-21,Legal,AnchorFilingSoft,07835612402,contact@anchorfilingsoft.com,https://www.anchorfilingsoft.com,17,Melbourne,AU,2026-06-21T06:23:47Z
2026-06-21,ERP,Core ChainSoft,02683837897,hello@corechainsoft.com,corechainsoft.com,4789,Calgary,CA,2026-06-21T05:11:14Z
2026-06-21,LMS,ZenOps Sync,770.685.2093,hello@zenopssync.com,https://www.zenopssync.com,50,Leeds,UK,2026-06-21T02:01:38Z
2026-06-21,Medical,Delta MedDesk,+1 (913) 700-3922,info@deltameddesk.com,https://www.deltameddesk.com,2181,Vancouver,CA,2026-06-21T06:15:53Z
2026-06-21,ERP,DeltaFinSync,803-938-8053,info@deltafinsync.com,https://www.deltafinsync.com,221,Chicago,US,2026-06-21T04:09:58Z
2026-06-21,HR,BrightShift Solutions,(650) 449-2155,contact@brightshiftsolutions.com,https://www.brightshiftsolutions.com,38,Austin,US,2026-06-21T06:39:53Z
2026-06-21,ERP,VistaFin Soft,+16917580461,sales@vistafinsoft.net,https://www.vistafinsoft.net,20,Leeds,UK,2026-06-21T06:52:36Z
2026-06-21,Medical,BoldPatientLabs,+1 (586) 762-2571,sales@boldpatientlabs.net,https://boldpatientlabs.net,33,Denver,US,2026-06-21T03:47:31Z
2026-06-21,MSP Platform,Willow UptimeLogic,+16682236332,sales@willowuptimelogic.co,https://www.willowuptimelogic.co,77,Phoenix,US,2026-06-21T06:08:14Z
2026-06-21,MSP Platform,EmberNode Point,+1 (608) 801-4074,contact@embernodepoint.io,https://embernodepoint.io,N/A,Phoenix,US,2026-06-21T03:54:50Z
2026-06-21,Medical,Vertex PatientDesk,05262383876,hello@vertexpatientdesk.com,https://www.vertexpatientdesk.com,19,Calgary,CA,2026-06-21T06:35:30Z
2026-06-21,Medical,ApexHealthHub,6396074170,contact@apexhealthhub.com,https://www.apexhealthhub.com,30,Columbus,US,2026-06-21T03:46:27Z
2026-06-21,ERP,HaloBatch Flow,488-502-0362,sales@halobatchflow.co,https://www.halobatchflow.co,42,Seattle,US,2026-06-21T06:51:54Z
2026-06-21,MSP Platform,QuantumUptimeSync,5532295931,sales@quantumuptimesync.io,https://www.quantumuptimesync.io,361,Munich,DE,2026-06-21T03:01:18Z
2026-06-21,Medical,JuniperRx Dynamics,369-409-6014,contact@juniperrxdynamics.com,https://www.juniperrxdynamics.com,55,Boston,US,2026-06-21T02:05:56Z
2026-06-21,HR,Vista BenefitDesk,+13765729715,sales@vistabenefitdesk.co,https://www.vistabenefitdesk.co,31,Lahore,PK,2026-06-21T01:25:15Z
2026-06-21,MSP Platform,Umbra StackPlatform,+19368717317,info@umbrastackplatform.io,https://umbrastackplatform.io,164,Tampa,US,2026-06-21T02:49:05Z
2026-06-21,HR,VistaRosterSolutions,912.825.0357,contact@vistarostersolutions.com,https://www.vistarostersolutions.com,16,Chicago,US,2026-06-21T06:10:07Z
2026-06-21,HR,Sable OnboardApp,470-496-1658 ext. 59,contact@sableonboardapp.com,https://sableonboardapp.com,1536,Phoenix,US,2026-06-21T01:23:45Z
2026-06-21,Medical,KeystonePulse Works,+1 (907) 283-8026,contact@keystonepulseworks.co,https://www.keystonepulseworks.co,5,Calgary,CA,2026-06-21T06:47:58Z
2026-06-21,Medical,UmbraVitalCore,(340) 476-6410,contact@umbravitalcore.com,https://www.umbravitalcore.com,73,Denver,US,2026-06-21T04:32:50Z
2026-06-21,Medical,NorthMedFlow,333-518-9411,hello@northmedflow.com,https://www.northmedflow.com,16,Denver,US,2026-06-21T02:16:13Z
2026-06-21,ERP,ApexChainTech,657.562.8802,sales@apexchaintech.io,https://www.apexchaintech.io,31,Boston,US,2026-06-21T05:38:26Z
2026-06-21,HR,Golden BenefitLabs,+18555037445,sales@goldenbenefitlabs.co,https://www.goldenbenefitlabs.co,42,Atlanta,US,2026-06-21T03:44:42Z
2026-06-21,Medical,RidgeTriageDesk,4748374449,info@ridgetriagedesk.co,https://ridgetriagedesk.co,32,Chicago,US,2026-06-21T06:43:17Z
2026-06-21,LMS,FalconTrainFlow’s,+19554911101,sales@falcontrainflow.com,https://www.falcontrainflow.com,9,Tampa,US,2026-06-21T05:27:26Z
2026-06-21,ERP,SummitBatch Dynamics,502.890.8829,contact@summitbatchdynamics.io,https://www.summitbatchdynamics.io,19,Chicago,US,2026-06-21T05:46:36Z
2026-06-21,ERP,CobaltResource Base,1-796-879-0573,sales@cobaltresourcebase.io,https://www.cobaltresourcebase.io,4157,Amsterdam,NL,2026-06-21T05:04:21Z
2026-06-21,Legal,AtlasBriefPoint,(283) 762-1038,sales@atlasbriefpoint.com,https://www.atlasbriefpoint.com,-,Islamabad,PK,2026-06-21T06:26:30Z
2026-06-21,ERP,BoldPlanFlow,(338) 946-5811,contact@boldplanflow.com,https://www.boldplanflow.com,295,Raleigh,US,2026-06-21T05:30:53Z
2026-06-21,Medical,JuniperMonitorSystems,(785) 315-8050,-,https://www.junipermonitorsystems.com,19,London,UK,2026-06-21T04:31:18Z
2026-06-21,HR,MetaPerformTech,+1 (283) 748-3932,hello@metaperformtech.net,https://www.metaperformtech.net,109,Bengaluru,IN,2026-06-21T05:04:47Z
2026-06-21,MSP Platform,Orbit StackCloud,+17459286109 ext. 67,sales@orbitstackcloud.com,https://www.orbitstackcloud.com,56,Raleigh,US,2026-06-21T06:43:34Z
2026-06-21,Medical,MetaRxWorks,(318) 739-4618,hello@metarxworks.co,https://metarxworks.co,44,Atlanta,US,2026-06-21T01:22:49Z
2026-06-21,MSP Platform,VistaUptimeSystems,447-483-8726,hello@vistauptimesystems.com,https://www.vistauptimesystems.com,191,Sydney,AU,2026-06-21T02:22:38Z
2026-06-21,ERP,UmbraResourceCloud,(409) 645-2732,sales@umbraresourcecloud.com,https://www.umbraresourcecloud.com,731,Berlin,DE,2026-06-21T02:16:24Z
2026-06-21,HR,BrightShift Works,(470) 586-6608,contact@brightshiftworks.com,brightshiftworks.com,37,Columbus,US,2026-06-21T05:34:35Z
2026-06-21,LMS,Atlas LearnPoint,335-467-7909,info@atlaslearnpoint.co,https://www.atlaslearnpoint.co,531,Leeds,UK,2026-06-21T03:23:50Z
2026-06-21,Legal,GraniteMatter Logic,(669) 504-7085,contact@granitematterlogic.co,https://www.granitematterlogic.co,14,Vancouver,CA,2026-06-21T05:28:02Z
2026-06-21,ERP,Nova OrderDynamics,509.462.3087,sales@novaorderdynamics.com,https://www.novaorderdynamics.com,751,Toronto,CA,2026-06-21T03:47:15Z
2026-06-21,MSP Platform,Solid Grid Outsourcing,+18766778111,contact@solidgridoutsourcing.co,https://solidgridoutsourcing.co,222,Leeds,UK,2026-06-21T06:24:50Z
2026-06-21,HR,UmbraPayrollBase,(514) 493-9392,sales@umbrapayrollbase.io,https://www.umbrapayrollbase.io,251,Tampa,US,2026-06-21T04:37:00Z
2026-06-21,HR,CrestShift Flow,(578) 779-2668,contact@crestshiftflow.net,https://crestshiftflow.net,7,Munich,DE,2026-06-21T03:42:20Z
2026-06-21,HR,VertexShiftCloud,+17595519187,sales@vertexshiftcloud.com,https://www.vertexshiftcloud.com,51,London,UK,2026-06-21T03:06:09Z
2026-06-21,ERP,OrbitPlan Soft,1-316-299-7394,-,https://www.orbitplansoft.com,15,Austin,US,2026-06-21T03:46:26Z
2026-06-21,ERP,Orbit StockSystems,1-348-448-3895,sales@orbitstocksystems.com,https://www.orbitstocksystems.com,208,Denver,US,2026-06-21T02:54:10Z
2026-06-21,Medical,ClearChart Platform,+18963225532,hello@clearchartplatform.com,https://www.clearchartplatform.com,97,Seattle,US,2026-06-21T01:27:22Z
2026-06-21,HR,Cobalt RosterSphere,788-691-9391,hello@cobaltrostersphere.com,https://www.cobaltrostersphere.com,17,Chicago,US,2026-06-21T06:24:00Z
2026-06-21,Legal,BeaconCounsel App,+1 (310) 402-3548,sales@beaconcounselapp.co,beaconcounselapp.co,28,Raleigh,US,2026-06-21T06:04:32Z
2026-06-21,Medical,QuartzVital Desk,02937241902,contact@quartzvitaldesk.co,https://www.quartzvitaldesk.co,24,Sydney,AU,2026-06-21T04:41:02Z
2026-06-21,ERP,TidalBatch Core,804-668-4081,hello@tidalbatchcore.io,https://tidalbatchcore.io,9,Seattle,US,2026-06-21T05:08:35Z
2026-06-21,LMS,LatticeCourse Systems,(728) 586-4982,sales@latticecoursesystems.co,https://www.latticecoursesystems.co,61,Denver,US,2026-06-21T02:54:02Z
2026-06-21,HR,Zen PeopleHub,7135391836,contact@zenpeoplehub.co,zenpeoplehub.co,35,Atlanta,US,2026-06-21T06:08:25Z
2026-06-21,Medical,PolarisTriage Labs,860-437-3590,contact@polaristriagelabs.com,https://www.polaristriagelabs.com,7,Hyderabad,IN,2026-06-21T01:56:56Z
2026-06-21,Medical,SilverHealthLogic,463-886-7888,contact@silverhealthlogic.co,https://www.silverhealthlogic.co,166,Calgary,CA,2026-06-21T06:46:11Z
2026-06-21,Medical,Golden RxDesk,+1 (463) 506-8252,info@goldenrxdesk.co,goldenrxdesk.co,20,Melbourne,AU,2026-06-21T06:10:15Z
2026-06-21,ERP,IronBatchSphere,+1 (367) 834-6874,hello@ironbatchsphere.com,https://ironbatchsphere.com,880,Tampa,US,2026-06-21T03:50:34Z
2026-06-21,Legal,HaloVerdict Dynamics,881.614.8433,contact@haloverdictdynamics.co,haloverdictdynamics.co,2728,Bengaluru,IN,2026-06-21T03:14:46Z
2026-06-21,ERP,Umbra StockSphere,+12569727147,info@umbrastocksphere.com,umbrastocksphere.com,64,Seattle,US,2026-06-21T04:22:11Z
2026-06-21,Legal,Crown VerdictBase,(527) 466-3531 ext. 81,hello@crownverdictbase.io,https://www.crownverdictbase.io,104,Singapore,SG,2026-06-21T06:44:28Z
2026-06-21,HR,OrbitTalent Works,927-283-8145,hello@orbittalentworks.com,https://www.orbittalentworks.com,937,Raleigh,US,2026-06-21T03:59:50Z
2026-06-21,MSP Platform,XenonMonitor Tech,941-248-0254,contact@xenonmonitortech.io,xenonmonitortech.io,784,Sydney,AU,2026-06-21T01:03:43Z
2026-06-21,Legal,Indigo CounselSuite,(717) 265-1741,hello@indigocounselsuite.net,https://www.indigocounselsuite.net,,Chicago,US,2026-06-21T05:44:17Z
2026-06-21,Legal,Ridgeway MatterApp,+18856651163,hello@ridgewaymatterapp.com,ridgewaymatterapp.com,9,Amsterdam,NL,2026-06-21T03:51:13Z
2026-06-21,MSP Platform,ZenNet Systems,+17138536781,contact@zennetsystems.com,https://www.zennetsystems.com,12,Dublin,IE,2026-06-21T04:03:04Z
2026-06-21,Medical,MetaCareDesk,1-721-405-2883,contact@metacaredesk.co,https://www.metacaredesk.co,19,Phoenix,US,2026-06-21T06:28:38Z
2026-06-21,ERP,PivotForgeSync,9376614978,hello@pivotforgesync.net,https://www.pivotforgesync.net,463,Melbourne,AU,2026-06-21T03:30:58Z
2026-06-21,Medical,LatticePatientSoft,+1 (523) 967-8674,sales@latticepatientsoft.io,latticepatientsoft.io,150,Dublin,IE,2026-06-21T03:15:27Z
2026-06-21,HR,KeystoneTeamLogic,1-684-351-3793,sales@keystoneteamlogic.com,https://www.keystoneteamlogic.com,19,Boston,US,2026-06-21T04:41:42Z
2026-06-21,LEGAL ,SableClause Logic,(822) 262-9131,contact@sableclauselogic.net,https://www.sableclauselogic.net,82,Dublin,IE,2026-06-21T06:53:48Z
2026-06-21,MSP Platform,GoldenMonitorLabs,227-858-6295,contact@goldenmonitorlabs.io,goldenmonitorlabs.io,23,Atlanta,US,2026-06-21T06:09:39Z
2026-06-21,Medical,SilverRxSync,477-513-6732,info@silverrxsync.co,https://www.silverrxsync.co,836,Munich,DE,2026-06-21T03:52:53Z
2026-06-21,HR,Beacon’s TalentApp,+18015823846,hello@beacontalentapp.com,https://www.beacontalentapp.com,124,Singapore,SG,2026-06-21T01:41:18Z
2026-06-21,LEGAL ,Zephyr BriefPlatform,+1 (625) 865-8987,sales@zephyrbriefplatform.net,https://www.zephyrbriefplatform.net,40,Denver,US,2026-06-21T03:04:08Z
2026-06-21,Medical,Delta PulsePoint,356-657-5289,contact@deltapulsepoint.com,https://www.deltapulsepoint.com,909,,US,2026-06-21T05:40:27Z
2026-06-21,ERP,LumenOrder Systems,+19515026049,sales@lumenordersystems.com,https://lumenordersystems.com,3134,Pune,IN,2026-06-21T04:18:13Z
2026-06-21,LMS,KeystoneTutorPoint,1-895-838-4438,hello@keystonetutorpoint.net,https://www.keystonetutorpoint.net,84,Vancouver,CA,2026-06-21T03:46:31Z
2026-06-21,ERP,Nova PlanCore,9556854162,hello@novaplancore.com,https://www.novaplancore.com,69,Bengaluru,IN,2026-06-21T05:17:27Z
2026-06-21,Medical,SummitTriageSuite,5119764145,sales@summittriagesuite.com,summittriagesuite.com,48,Columbus,US,2026-06-21T02:07:52Z
2026-06-21,ERP,HarborOpsSync,(527) 974-0307,contact@harboropssync.com,https://harboropssync.com,166,Atlanta,US,2026-06-21T01:13:31Z
2026-06-21,MSP Platform,EmberNet Labs,+13636782628,hello@embernetlabs.com,https://www.embernetlabs.com,17,Columbus,US,2026-06-21T04:16:50Z
2026-06-21,HR,PivotTeamCore,8125631791,sales@pivotteamcore.com,https://www.pivotteamcore.com,71,Boston,US,2026-06-21T04:35:00Z
2026-06-21,LMS,OmniPath Cloud,538-430-0382,hello@omnipathcloud.io,https://www.omnipathcloud.io,5,Austin,US,2026-06-21T02:06:27Z
2026-06-21,ERP,WillowPlanDynamics,+17408994624,contact@willowplandynamics.com,willowplandynamics.com,6,Dublin,IE,2026-06-21T04:13:33Z
2026-06-21,LEGAL ,RidgewayBrief Base,1-682-951-3690,hello@ridgewaybriefbase.co,https://www.ridgewaybriefbase.co,124,Islamabad,PK,2026-06-21T06:47:35Z
2026-06-21,HR,IndigoTalent Core,861-827-8336,info@indigotalentcore.io,https://www.indigotalentcore.io,19,Raleigh,US,2026-06-21T04:46:16Z
2026-06-21,HR,ArchOnboard Cloud,04857967216,info@archonboardcloud.com,https://archonboardcloud.com,35,Amsterdam,NL,2026-06-21T02:43:28Z
2026-06-21,ERP,Mosaic OrderSync,643.272.5157,sales@mosaicordersync.io,https://mosaicordersync.io,671,Boston,US,2026-06-21T06:00:33Z
2026-06-21,HR,OmniTalent Base,1-530-451-6294,contact@omnitalentbase.com,https://www.omnitalentbase.com,9,Vancouver,CA,2026-06-21T04:39:05Z
2026-06-21,HR,RidgewayTeam Systems,(468) 368-2010,info@ridgewayteamsystems.com,https://ridgewayteamsystems.com,286,Atlanta,US,2026-06-21T03:01:28Z
2026-06-21,ERP,DeltaChainLabs,04744932420,contact@deltachainlabs.com,https://deltachainlabs.com,450,Seattle,US,2026-06-21T01:15:54Z
2026-06-21,ERP,Cobalt BatchSoft,272-594-1751,hello@cobaltbatchsoft.com,https://cobaltbatchsoft.com,436,Manchester,UK,2026-06-21T02:17:16Z
2026-06-21,MSP Platform,Falcon StackLabs,(456) 371-3770,contact@falconstacklabs.com,falconstacklabs.com,60,Austin,US,2026-06-21T02:25:52Z
2026-06-21,HR,KeystoneCulture Works,8054270120,contact@keystonecultureworks.com,keystonecultureworks.com,244,Toronto,CA,2026-06-21T02:58:51Z
2026-06-21,HR,Orbit PerformSync,+1 (816) 236-5031,contact@orbitperformsync.com,https://orbitperformsync.com,9,Vancouver,CA,2026-06-21T01:43:24Z
2026-06-21,MSP Platform,CobaltStack Platform,4366779833,hello@cobaltstackplatform.com,https://www.cobaltstackplatform.com,18,Sydney,AU,2026-06-21T01:34:17Z
2026-06-21,ERP,RidgeForgePlatform,+18682353564 ext. 7,contact@ridgeforgeplatform.com,ridgeforgeplatform.com,83,Leeds,UK,2026-06-21T04:53:22Z
2026-06-21,MSP Platform,Cedar NodeSolutions,+1 (569) 333-3198,sales@cedarnodesolutions.com,https://cedarnodesolutions.com,14,Raleigh,US,2026-06-21T06:30:33Z
2026-06-21,Medical,CobaltPatientSystems,+15846314337,info@cobaltpatientsystems.co,https://cobaltpatientsystems.co,22,Pune,IN,2026-06-21T05:14:22Z
2026-06-21,MSP Platform,EmberNode Base,1-242-311-8796 ext. 33,info@embernodebase.com,https://embernodebase.com,407,Karachi,PK,2026-06-21T04:20:22Z
2026-06-21,ERP,GraniteOpsSphere,+19852413539,info@graniteopssphere.com,https://www.graniteopssphere.com,69,Phoenix,US,2026-06-21T04:36:48Z
2026-06-21,Medical,SummitVital Sync,(658) 421-0733,contact@summitvitalsync.com,https://www.summitvitalsync.com,15,Pune,IN,2026-06-21T04:26:17Z
2026-06-21,HR,NorthBenefit Works,542.983.3224,info@northbenefitworks.net,https://www.northbenefitworks.net,349,Pune,IN,2026-06-21T04:55:03Z
2026-06-21,MSP Platform,RapidNode Sync,+13557820597,info@rapidnodesync.com,https://rapidnodesync.com,76,London,UK,2026-06-21T04:23:29Z
2026-06-21,HR,CoreRoster Systems,(847) 747-0466,info@corerostersystems.com,corerostersystems.com,46,Raleigh,US,2026-06-21T02:06:46Z
2026-06-21,MSP Platform,Quartz NodeWorks,(952) 486-9241,,https://www.quartznodeworks.co,1744,Islamabad,PK,2026-06-21T02:45:59Z
2026-06-21,ERP,Crown StockSync,6023632491,hello@crownstocksync.com,https://crownstocksync.com,914,Austin,US,2026-06-21T01:39:35Z
2026-06-21,Medical,Vertex CareSoft,+15783189109,hello@vertexcaresoft.com,https://vertexcaresoft.com,241,Austin,US,2026-06-21T02:11:54Z
2026-06-21,HR,CrownPerform Desk,(496) 689-3674 ext. 52,sales@crownperformdesk.co,https://www.crownperformdesk.co,1863,Atlanta,US,2026-06-21T03:58:39Z
2026-06-21,ERP,OnyxResource Platform,+12957278704,hello@onyxresourceplatform.com,https://www.onyxresourceplatform.com,136,-,US,2026-06-21T06:34:11Z
2026-06-21,Legal,SableMatter Desk,277.530.8111,contact@sablematterdesk.io,https://www.sablematterdesk.io,7,Sydney,AU,2026-06-21T03:58:50Z
2026-06-21,ERP,FalconStockLogic,+16976619129,sales@falconstocklogic.com,https://www.falconstocklogic.com,38,Denver,US,2026-06-21T05:19:17Z
2026-06-21,MSP Platform,BoldNetDesk,1-796-685-6171,hello@boldnetdesk.com,https://www.boldnetdesk.com,53,Raleigh,US,2026-06-21T01:55:28Z
2026-06-21,LEGAL ,ArchCompliPlatform,1-865-903-3268,sales@archcompliplatform.io,https://archcompliplatform.io,52,Munich,DE,2026-06-21T01:55:27Z
2026-06-21,Medical,UmbraCare Tech,1-498-983-5088,contact@umbracaretech.com,https://www.umbracaretech.com,19,Boston,US,2026-06-21T06:21:00Z
2026-06-21,Medical,IronClinicPlatform,6207969323,N/A,https://ironclinicplatform.com,10,Phoenix,US,2026-06-21T02:03:39Z
2026-06-21,LEGAL ,Tidal CounselSync,+19083660118,hello@tidalcounselsync.com,https://www.tidalcounselsync.com,6,Manchester,UK,2026-06-21T05:46:39Z
2026-06-21,LMS,NovaTutor Hub,(782) 612-5599,info@novatutorhub.co,https://www.novatutorhub.co,207,Pune,IN,2026-06-21T06:20:21Z
2026-06-21,MSP Platform,ZephyrNet Hub,02399137635,contact@zephyrnethub.com,zephyrnethub.com,12,Munich,DE,2026-06-21T02:04:28Z
2026-06-21,MSP Platform,Quantum StackFlow,245.373.2432,contact@quantumstackflow.io,quantumstackflow.io,522,Sydney,AU,2026-06-21T01:55:37Z
2026-06-21,ERP,Arch PlanTech,(751) 949-2941,info@archplantech.com,https://www.archplantech.com,421,Atlanta,US,2026-06-21T04:39:31Z
2026-06-21,ERP,MosaicResource App,540.355.9774,contact@mosaicresourceapp.io,https://www.mosaicresourceapp.io,15,Phoenix,US,2026-06-21T05:39:50Z
2026-06-21,LMS,SummitTrainBase,+19845505423,contact@summittrainbase.com,https://www.summittrainbase.com,8,Phoenix,US,2026-06-21T02:22:00Z
2026-06-21,MSP Platform,RidgeMonitor Sphere,473.967.9338,contact@ridgemonitorsphere.co,https://ridgemonitorsphere.co,4726,Calgary,CA,2026-06-21T02:55:36Z
2026-06-21,ERP,DeltaPlan Cloud,(426) 269-9968,contact@deltaplancloud.io,deltaplancloud.io,638,Seattle,US,2026-06-21T02:42:22Z
2026-06-21,HR,Ridgeway CultureSphere,375-777-0018,info@ridgewayculturesphere.io,https://ridgewayculturesphere.io,13,Manchester,UK,2026-06-21T05:41:16Z
2026-06-21,HR,Willow Talent Outsourcing,939-417-4645,hello@willowtalentoutsourcing.com,https://willowtalentoutsourcing.com,41,Seattle,US,2026-06-21T01:20:03Z
2026-06-21,HR,AnchorTeamHub,665-700-4084,hello@anchorteamhub.com,https://anchorteamhub.com,17,London,UK,2026-06-21T03:24:54Z
2026-06-21,ERP,Halo ResourceSync,7173039265,contact@haloresourcesync.com,https://www.haloresourcesync.com,76,Tampa,US,2026-06-21T04:54:47Z
2026-06-21,HR,BoldPayroll Cloud,(890) 832-6541,info@boldpayrollcloud.com,https://www.boldpayrollcloud.com,91,Amsterdam,NL,2026-06-21T01:50:05Z
2026-06-21,ERP,Bright OrderBase,(947) 285-2615 ext. 28,hello@brightorderbase.co,https://www.brightorderbase.co,66,Boston,US,2026-06-21T05:23:47Z
2026-06-21,LMS,SableTutorHub,1-621-505-5964,null,https://www.sabletutorhub.io,19,Tampa,US,2026-06-21T06:20:50Z
2026-06-21,ERP,PriméOrder Sphere,(294) 756-5947,sales@primeordersphere.io,primeordersphere.io,N/A,Hyderabad,IN,2026-06-21T02:14:06Z
2026-06-21,HR,Juniper PerformCore,+1 (949) 722-4555,info@juniperperformcore.net,juniperperformcore.net,248,Columbus,US,2026-06-21T03:39:29Z
2026-06-21,Legal,AnchorCompliCore,1-407-895-6613,sales@anchorcomplicore.net,https://www.anchorcomplicore.net,207,London,UK,2026-06-21T06:30:01Z
2026-06-21,MSP Platform,CoreStackPoint,(558) 444-9313,hello@corestackpoint.net,https://www.corestackpoint.net,62,Leeds,UK,2026-06-21T02:55:50Z
2026-06-21,MSP Platform,RavenRemoteSuite,+1 (872) 893-2045,sales@ravenremotesuite.com,https://www.ravenremotesuite.com,-,Leeds,UK,2026-06-21T01:28:19Z
2026-06-21,MSP Platform,Arch RemoteSolutions,7212448830,info@archremotesolutions.com,https://www.archremotesolutions.com,317,London,UK,2026-06-21T02:25:30Z
2026-06-21,MSP Platform,BoldGrid Sphere,+1 (657) 489-0679,sales@boldgridsphere.com,boldgridsphere.com,405,Melbourne,AU,2026-06-21T06:54:41Z
2026-06-21,HR,KeystoneTeam Core,(391) 790-5975,sales@keystoneteamcore.com,https://www.keystoneteamcore.com,83,Denver,US,2026-06-21T04:11:51Z
2026-06-21,Legal,CoreMatterCloud,+12726654666,info@coremattercloud.net,https://www.coremattercloud.net,23,Islamabad,PK,2026-06-21T02:39:23Z
2026-06-21,Medical,Iron ChartPlatform,955-285-9643,sales@ironchartplatform.net,https://www.ironchartplatform.net,235,Columbus,US,2026-06-21T04:26:50Z
2026-06-21,ERP,Velo OpsDesk,2018429197,info@veloopsdesk.co,https://www.veloopsdesk.co,15,Columbus,US,2026-06-21T05:18:51Z
2026-06-21,ERP,LumenChain Hub,667-966-5131,hello@lumenchainhub.com,lumenchainhub.com,50,Dublin,IE,2026-06-21T06:29:57Z
2026-06-21,HR,EmberShift Platform,+1 (703) 336-3546,info@embershiftplatform.com,embershiftplatform.com,303,Austin,US,2026-06-21T02:03:30Z
2026-06-21,ERP,BoldForge Dynamics,3077317159,hello@boldforgedynamics.com,https://boldforgedynamics.com,34,Toronto,CA,2026-06-21T05:02:20Z
2026-06-21,HR,CobaltCulture Hub,942-997-3432,hello@cobaltculturehub.io,cobaltculturehub.io,46,Chicago,US,2026-06-21T02:17:53Z
2026-06-21,ERP,Beacon FinWorks,+16693604231,sales@beaconfinworks.com,https://www.beaconfinworks.com,89,Singapore,SG,2026-06-21T02:21:30Z
2026-06-21,MSP Platform,PolarisEndpointSystems,751-615-1816,contact@polarisendpointsystems.com,https://www.polarisendpointsystems.com,340,Austin,US,2026-06-21T01:28:47Z
2026-06-21,Medical,QuantumVital Hub,+1 (711) 884-2362,info@quantumvitalhub.com,https://www.quantumvitalhub.com,963,Manchester,UK,2026-06-21T04:10:36Z
2026-06-21,Medical,OrbitPulseHub,5222903829,sales@orbitpulsehub.net,https://orbitpulsehub.net,63,Tampa,US,2026-06-21T05:57:35Z
2026-06-21,LEGAL ,VeloDocket Works,610-680-4842,contact@velodocketworks.io,https://www.velodocketworks.io,9,Manchester,UK,2026-06-21T01:44:39Z
2026-06-21,HR,PrimePerform Labs,+16946087759,contact@primeperformlabs.com,https://primeperformlabs.com,40,Boston,US,2026-06-21T03:43:30Z
2026-06-21,HR,Mosaic BenefitCloud,+16757924237 ext. 91,hello@mosaicbenefitcloud.com,https://mosaicbenefitcloud.com,699,London,UK,2026-06-21T03:18:36Z
2026-06-21,legal,Zen VerdictWorks,+14033003620,sales@zenverdictworks.com,https://www.zenverdictworks.com,68,Seattle,US,2026-06-21T06:05:48Z
2026-06-21,ERP,PioneerLedgerCore,265-598-0541,sales@pioneerledgercore.co,https://www.pioneerledgercore.co,35,Leeds,UK,2026-06-21T02:06:26Z
2026-06-21,HR,BoldPayrollApp,526-420-6217 ext. 81,info@boldpayrollapp.com,https://www.boldpayrollapp.com,88,Denver,US,2026-06-21T06:19:56Z
2026-06-21,Medical,Keystone MedCloud,2179484740,info@keystonemedcloud.com,https://keystonemedcloud.com,41,Austin,US,2026-06-21T06:42:53Z
2026-06-21,HR,Nimbus ShiftDesk,+1 (204) 567-5931,sales@nimbusshiftdesk.com,https://www.nimbusshiftdesk.com,635,Raleigh,US,2026-06-21T06:26:34Z
2026-06-21,legal,Golden MatterCloud,634-491-1320 ext. 40,info@goldenmattercloud.io,https://www.goldenmattercloud.io,7,Austin,US,2026-06-21T02:16:35Z
2026-06-21,MSP Platform,Ember TicketSystems,3697221271,hello@emberticketsystems.com,https://www.emberticketsystems.com,11,Seattle,US,2026-06-21T02:34:07Z
2026-06-21,Medical,Lattice MedDesk,806-586-7110,sales@latticemeddesk.io,https://www.latticemeddesk.io,40,Chicago,US,2026-06-21T04:19:31Z
2026-06-21,HR,CrownTalent Desk,1-623-279-2592,info@crowntalentdesk.com,https://www.crowntalentdesk.com,165,Boston,US,2026-06-21T04:14:27Z
2026-06-21,legal,LumenClause’s Dynamics,7085806598,info@lumenclausedynamics.com,https://www.lumenclausedynamics.com,192,Hyderabad,IN,2026-06-21T03:45:53Z
2026-06-21,Medical,GoldenClinicTech,+18203929985,hello@goldenclinictech.net,https://www.goldenclinictech.net,36,Boston,US,2026-06-21T03:27:51Z
2026-06-21,MSP Platform,UmbraPatch Works,1-730-951-6885,hello@umbrapatchworks.com,https://www.umbrapatchworks.com,807,Tampa,US,2026-06-21T03:05:05Z
2026-06-21,MSP Platform,VistaStackPlatform,542.852.6932,sales@vistastackplatform.com,vistastackplatform.com,308,Seattle,US,2026-06-21T06:56:18Z
2026-06-21,ERP,VertexPlanLogic,+13793911004,info@vertexplanlogic.com,https://www.vertexplanlogic.com,21,Seattle,US,2026-06-21T01:17:28Z
2026-06-21,HR,OnyxRoster Cloud,(867) 612-6337,contact@onyxrostercloud.com,https://onyxrostercloud.com,-,Chicago,US,2026-06-21T04:53:54Z
2026-06-21,Medical,CobaltTriage Dynamics,(782) 605-3946,contact@cobalttriagedynamics.io,https://www.cobalttriagedynamics.io,20,Dublin,IE,2026-06-21T02:12:36Z
2026-06-21,legal,DeltaBriefLabs,+18224431699,info@deltabrieflabs.co,https://www.deltabrieflabs.co,149,Calgary,CA,2026-06-21T05:20:42Z
2026-06-21,HR,ArchPayroll Hub,520-866-7639,info@archpayrollhub.co,https://archpayrollhub.co,20,Seattle,US,2026-06-21T02:35:26Z
2026-06-21,Medical,Blue PulseCloud,483-202-3787,contact@bluepulsecloud.com,https://www.bluepulsecloud.com,392,Islamabad,PK,2026-06-21T04:44:26Z
2026-06-21,Medical,Xenon PulseSolutions,(794) 329-7441 ext. 17,hello@xenonpulsesolutions.io,https://www.xenonpulsesolutions.io,44,Raleigh,US,2026-06-21T04:19:21Z
2026-06-21,HR,AnchorPeopleTech,532.992.5258,sales@anchorpeopletech.io,https://www.anchorpeopletech.io,15,Phoenix,US,2026-06-21T05:07:19Z
2026-06-21,HR,Cedar TalentLabs,886.927.6544,info@cedartalentlabs.com,cedartalentlabs.com,3134,Islamabad,PK,2026-06-21T04:47:32Z
2026-06-21,Medical,LatticeChart Sync,410-764-8693,contact@latticechartsync.io,https://www.latticechartsync.io,20,Dublin,IE,2026-06-21T03:14:05Z
2026-06-21,ERP,ZenForgeDynamics,272-238-4402,contact@zenforgedynamics.io,https://zenforgedynamics.io,271,Atlanta,US,2026-06-21T05:18:44Z
2026-06-21,Legal,Bold VerdictPoint,(763) 874-9350,contact@boldverdictpoint.co,https://boldverdictpoint.co,16,Raleigh,US,2026-06-21T01:30:39Z
2026-06-21,ERP,ApexOrderApp,1-258-886-6808,hello@apexorderapp.co,apexorderapp.co,11,London,UK,2026-06-21T01:20:00Z
2026-06-21,HR,PrimeShift Platform,+16784745315,contact@primeshiftplatform.com,https://www.primeshiftplatform.com,177,Raleigh,US,2026-06-21T01:07:01Z
2026-06-21,Legal,Ember CompliSphere,+15108583426,info@embercomplisphere.com,https://www.embercomplisphere.com,18,Boston,US,2026-06-21T04:43:53Z
2026-06-21,ERP,XenonStock Suite,+14505454695,hello@xenonstocksuite.net,https://www.xenonstocksuite.net,122,N/A,US,2026-06-21T04:01:11Z
2026-06-21,Medical,QuantumChart Solutions,(550) 215-1564,hello@quantumchartsolutions.com,https://quantumchartsolutions.com,17,Seattle,US,2026-06-21T05:05:07Z
2026-06-21,Legal,NimbusCompliFlow,+18588397489,hello@nimbuscompliflow.com,https://nimbuscompliflow.com,42,Tampa,US,2026-06-21T01:57:53Z
2026-06-21,HR,ApexPeopleWorks,685.711.7930,sales@apexpeopleworks.com,https://www.apexpeopleworks.com,141,Atlanta,US,2026-06-21T02:14:32Z
2026-06-21,Legal,North Matter Recruiting,1-711-200-7166,hello@northmatterrecruiting.net,https://www.northmatterrecruiting.net,11,Denver,US,2026-06-21T01:21:28Z
2026-06-21,ERP,Mosaic StockSolutions,+14937471109,sales@mosaicstocksolutions.com,https://www.mosaicstocksolutions.com,151,London,UK,2026-06-21T02:07:32Z
2026-06-21,Legal,Sable CaseApp,(226) 816-8390 ext. 9,hello@sablecaseapp.com,https://sablecaseapp.com,N/A,Tampa,US,2026-06-21T01:57:04Z
2026-06-21,Medical,Umbra HealthCore,982-610-2234,sales@umbrahealthcore.com,https://umbrahealthcore.com,18,Berlin,DE,2026-06-21T01:16:34Z
2026-06-21,Medical,IronMedLabs,458-988-8960,hello@ironmedlabs.io,https://ironmedlabs.io,154,Chicago,US,2026-06-21T05:06:56Z
2026-06-21,legal,Mosaic FilingPoint,927-868-6934,info@mosaicfilingpoint.io,https://www.mosaicfilingpoint.io,,Hyderabad,IN,2026-06-21T02:33:07Z
2026-06-21,MSP Platform,AtlasUptimeLogic,6154382068,info@atlasuptimelogic.io,https://www.atlasuptimelogic.io,47,Seattle,US,2026-06-21T05:12:45Z
2026-06-21,HR,ZenBenefitCloud’s,7688615407,hello@zenbenefitcloud.net,https://www.zenbenefitcloud.net,20,Seattle,US,2026-06-21T03:23:44Z
2026-06-21,HR,Onyx TeamLabs,+17857866107,sales@onyxteamlabs.io,https://www.onyxteamlabs.io,203,Leeds,UK,2026-06-21T06:34:19Z
2026-06-21,Medical,Granite MedSphere,3334984534,info@granitemedsphere.net,https://granitemedsphere.net,N/A,Boston,US,2026-06-21T02:15:05Z
2026-06-21,HR,Alta PerformCloud,+13727729728,hello@altaperformcloud.com,https://www.altaperformcloud.com,387,Seattle,US,2026-06-21T06:28:30Z
2026-06-21,HR,SolidTalent App,423-355-6105,sales@solidtalentapp.com,https://www.solidtalentapp.com,13,Atlanta,US,2026-06-21T02:14:37Z
2026-06-21,MSP Platform,CedarUptimeSystems,+1 (431) 905-8222,contact@cedaruptimesystems.net,https://www.cedaruptimesystems.net,58,Chicago,US,2026-06-21T03:50:09Z
2026-06-21,Medical,VertexHealth Sphere,(597) 869-0147,contact@vertexhealthsphere.net,vertexhealthsphere.net,32,Chicago,US,2026-06-21T06:41:01Z
2026-06-21,Medical,DeltaCareDesk,+16788252219,hello@deltacaredesk.com,deltacaredesk.com,42,Columbus,US,2026-06-21T01:36:07Z
2026-06-21,ERP,SolidPlanSolutions,266-569-4674,sales@solidplansolutions.com,https://www.solidplansolutions.com,321,Seattle,US,2026-06-21T01:38:16Z
2026-06-21,MSP Platform,NorthPatch Hub,918.586.1651,info@northpatchhub.com,https://northpatchhub.com,286,Bengaluru,IN,2026-06-21T02:17:30Z
2026-06-21,LMS,Iron CourseCore,9025775244,hello@ironcoursecore.com,ironcoursecore.com,992,Berlin,DE,2026-06-21T06:48:57Z
2026-06-21,HR,Fusion RosterSync,305-403-3858,info@fusionrostersync.com,https://www.fusionrostersync.com,61,Toronto,CA,2026-06-21T01:46:15Z
2026-06-21,HR,GraniteOnboard Logic,(543) 623-6771,contact@graniteonboardlogic.com,https://graniteonboardlogic.com,489,Columbus,US,2026-06-21T03:24:52Z
2026-06-21,ERP,Golden ResourcePlatform,8227124017,hello@goldenresourceplatform.com,goldenresourceplatform.com,744,Bengaluru,IN,2026-06-21T06:08:07Z
2026-06-21,HR,FalconCulture Core,+13854488845,info@falconculturecore.com,https://www.falconculturecore.com,278,Austin,US,2026-06-21T04:43:14Z
2026-06-21,HR,JuniperCulture Suite,936.816.6610,contact@juniperculturesuite.com,juniperculturesuite.com,4376,Berlin,DE,2026-06-21T02:18:21Z
2026-06-21,Medical,Lumén HealthSphere,+13504396845,sales@lumenhealthsphere.co,https://lumenhealthsphere.co,9,Chicago,US,2026-06-21T02:38:07Z
2026-06-21,MSP Platform,BoldNet Soft,(671) 213-6577,sales@boldnetsoft.com,https://www.boldnetsoft.com,363,Manchester,UK,2026-06-21T06:03:47Z
2026-06-21,ERP,SableOps Base,+16204886220,info@sableopsbase.com,https://www.sableopsbase.com,755,Dublin,IE,2026-06-21T05:39:37Z
2026-06-21,Medical,HaloCareFlow,+1 (843) 661-2469,info@halocareflow.net,https://www.halocareflow.net,-,Calgary,CA,2026-06-21T01:30:02Z
2026-06-21,ERP,Vista OpsDynamics,1-682-367-0841,hello@vistaopsdynamics.com,https://www.vistaopsdynamics.com,170,Leeds,UK,2026-06-21T04:11:31Z
2026-06-21,ERP,ClearBatchWorks,+15767250447,info@clearbatchworks.io,https://www.clearbatchworks.io,217,Columbus,US,2026-06-21T05:10:35Z
2026-06-21,Medical,Mosaic ClinicFlow,541-653-5629,contact@mosaicclinicflow.com,https://www.mosaicclinicflow.com,163,Phoenix,US,2026-06-21T01:03:53Z
2026-06-21,Legal,Lumen DocketTech,235.836.7463,contact@lumendockettech.com,https://lumendockettech.com,43,Seattle,US,2026-06-21T03:01:09Z
2026-06-21,ERP,AltaPlanBase,05292398617,hello@altaplanbase.com,https://altaplanbase.com,111,Dublin,IE,2026-06-21T02:25:55Z
2026-06-21,Medical,OmniChart Cloud,1-644-830-8761,contact@omnichartcloud.co,https://omnichartcloud.co,71,Austin,US,2026-06-21T05:35:39Z
2026-06-21,Medical,Bright CareBase,09604372825,sales@brightcarebase.net,https://www.brightcarebase.net,24,Vancouver,CA,2026-06-21T06:32:07Z
2026-06-21,ERP,MetaPlan Sphere,640-915-1930,contact@metaplansphere.com,https://www.metaplansphere.com,276,Hyderabad,IN,2026-06-21T01:09:01Z
2026-06-21,MSP Platform,DeltaRemote Cloud,(483) 548-3758,sales@deltaremotecloud.com,https://deltaremotecloud.com,24,Phoenix,US,2026-06-21T04:36:58Z
2026-06-21,Medical,PrimeChartPoint,+14336037223 ext. 30,sales@primechartpoint.com,https://primechartpoint.com,19,Tampa,US,2026-06-21T05:44:49Z
2026-06-21,ERP,ZenBatch Soft,(370) 757-4830,hello@zenbatchsoft.net,zenbatchsoft.net,420,Munich,DE,2026-06-21T06:10:28Z
2026-06-21,MSP Platform,Willow RemoteSolutions,1-755-959-5657,sales@willowremotesolutions.io,https://www.willowremotesolutions.io,256,Melbourne,AU,2026-06-21T03:57:58Z
2026-06-21,Legal,Silver DocketCloud,471-372-4563,info@silverdocketcloud.net,https://www.silverdocketcloud.net,97,Manchester,UK,2026-06-21T01:44:47Z
2026-06-21,ERP,XenonForge Core,793.355.8497,hello@xenonforgecore.com,https://www.xenonforgecore.com,206,Karachi,PK,2026-06-21T01:57:06Z
2026-06-21,HR,PioneerShiftCloud’s,+1 (612) 241-4752,info@pioneershiftcloud.com,https://www.pioneershiftcloud.com,41,Atlanta,US,2026-06-21T03:20:10Z
2026-06-21,MSP Platform,Prime PatchSolutions,+1 (399) 825-8180,sales@primepatchsolutions.com,https://www.primepatchsolutions.com,431,Tampa,US,2026-06-21T05:33:34Z
2026-06-21,Medical,ApexRxTech,1-459-975-4188 ext. 85,contact@apexrxtech.com,https://www.apexrxtech.com,48,Sydney,AU,2026-06-21T02:51:49Z
2026-06-21,Medical,ApexHealth Solutions,(458) 762-9663,sales@apexhealthsolutions.com,https://apexhealthsolutions.com,25,Austin,US,2026-06-21T03:25:43Z
2026-06-21,Medical,SilverHealthFlow,08194162988,sales@silverhealthflow.com,https://www.silverhealthflow.com,4038,Seattle,US,2026-06-21T02:49:30Z
2026-06-21,ERP,Golden StockLogic,428-487-0212,info@goldenstocklogic.io,https://www.goldenstocklogic.io,4131,Leeds,UK,2026-06-21T01:18:26Z
2026-06-21,LMS,Halo SkillHub,+18152327462,info@haloskillhub.co,haloskillhub.co,99,Lahore,PK,2026-06-21T01:39:09Z
2026-06-21,HR,Lumen Talent Manpower Services,332-506-0079,info@lumentalentmanpowerservices.com,https://lumentalentmanpowerservices.com,38,Denver,US,2026-06-21T06:08:55Z
2026-06-21,Medical,OmniClinicCore,682-412-1424,,omnicliniccore.net,14,Vancouver,CA,2026-06-21T02:11:50Z
2026-06-21,ERP,Clear PlanFlow,630-272-2770,info@clearplanflow.io,clearplanflow.io,296,Austin,US,2026-06-21T03:34:08Z
2026-06-21,MSP Platform,FusionRemoteSystems,(275) 237-9918,hello@fusionremotesystems.com,https://www.fusionremotesystems.com,239,Austin,US,2026-06-21T03:34:38Z
2026-06-21,MSP Platform,SolidRemoteWorks,940-392-5471,info@solidremoteworks.co,https://www.solidremoteworks.co,12,Chicago,US,2026-06-21T03:58:40Z
2026-06-21,Legal,Prime BriefLogic,+18077965957 ext. 57,sales@primebrieflogic.com,https://www.primebrieflogic.com,19,N/A,US,2026-06-21T03:51:58Z
2026-06-21,ERP,CoreOrder Soft,832.832.7045,contact@coreordersoft.com,https://coreordersoft.com,15,Boston,US,2026-06-21T05:55:04Z
2026-06-21,HR,PivotCulture’s App,243-959-5432,contact@pivotcultureapp.io,https://www.pivotcultureapp.io,42,Denver,US,2026-06-21T05:16:42Z
2026-06-21,HR,Lumén PeoplePlatform,1-399-546-7918,info@lumenpeopleplatform.com,https://www.lumenpeopleplatform.com,11,Seattle,US,2026-06-21T05:25:34Z
2026-06-21,legal,Sable CounselSoft,986-689-8854,info@sablecounselsoft.net,https://www.sablecounselsoft.net,1411,Atlanta,US,2026-06-21T04:55:30Z
2026-06-21,ERP,VertexStockPlatform,(501) 439-3388,sales@vertexstockplatform.co,vertexstockplatform.co,84,Sydney,AU,2026-06-21T04:45:39Z
2026-06-21,ERP,North BatchLabs,(922) 441-8194,contact@northbatchlabs.com,northbatchlabs.com,15,Vancouver,CA,2026-06-21T01:23:17Z
2026-06-21,ERP,LumenForge Base,908-439-1975,info@lumenforgebase.com,https://lumenforgebase.com,934,London,UK,2026-06-21T05:30:53Z
2026-06-21,Legal,Raven FilingDesk,636-654-6613,sales@ravenfilingdesk.net,https://www.ravenfilingdesk.net,3341,Raleigh,US,2026-06-21T04:48:28Z
2026-06-21,MSP Platform,Blue MonitorSolutions,+18668768024 ext. 41,hello@bluemonitorsolutions.net,https://bluemonitorsolutions.net,47,Raleigh,US,2026-06-21T06:46:59Z
2026-06-21,MSP Platform,Cobalt TicketHub,249-886-1630,-,https://www.cobalttickethub.io,824,Phoenix,US,2026-06-21T01:21:31Z
2026-06-21,MSP Platform,Crest NodeFlow,(850) 586-5598,,https://www.crestnodeflow.com,184,Phoenix,US,2026-06-21T03:16:40Z
2026-06-21,HR,TrueTeam Labs,863-612-5066,info@trueteamlabs.com,https://www.trueteamlabs.com,473,Chicago,US,2026-06-21T01:06:22Z
2026-06-21,LMS,ZéphyrTutorDesk,6676722201,contact@zephyrtutordesk.co,zephyrtutordesk.co,17,Phoenix,US,2026-06-21T06:15:05Z
2026-06-21,Medical,RidgeRx Sphere,(637) 331-1528,sales@ridgerxsphere.com,https://www.ridgerxsphere.com,70,Columbus,US,2026-06-21T03:48:26Z
2026-06-21,Medical,QuartzPatientCloud,+13429172253,-,https://www.quartzpatientcloud.io,167,Austin,US,2026-06-21T03:21:25Z
2026-06-21,Legal,QuartzDocket Tech,887.549.7175,contact@quartzdockettech.com,quartzdockettech.com,323,Sydney,AU,2026-06-21T03:41:42Z
2026-06-21,LEGAL ,RavenLaw Base,+13843973679,sales@ravenlawbase.co,https://www.ravenlawbase.co,33,Columbus,US,2026-06-21T03:31:44Z
2026-06-21,Medical,RidgewayClinicCore,+15076930369,sales@ridgewaycliniccore.co,https://ridgewaycliniccore.co,16,Atlanta,US,2026-06-21T04:23:03Z
2026-06-21,Medical,CedarTriage Systems,(244) 934-5384,info@cedartriagesystems.com,https://www.cedartriagesystems.com,21,Berlin,DE,2026-06-21T04:48:18Z
2026-06-21,LEGAL ,ZephyrBrief Flow,773-290-0559,sales@zephyrbriefflow.com,https://www.zephyrbriefflow.com,7,Melbourne,AU,2026-06-21T01:22:00Z
2026-06-21,ERP,CrownPlan Core,+18236363858,sales@crownplancore.com,https://crownplancore.com,316,Seattle,US,2026-06-21T01:33:04Z
2026-06-21,MSP Platform,Omni RemoteBase,+12308062345,sales@omniremotebase.com,https://omniremotebase.com,66,Chicago,US,2026-06-21T03:53:36Z
2026-06-21,LEGAL ,Omni ClausePoint,+13814756827,contact@omniclausepoint.com,https://www.omniclausepoint.com,N/A,Seattle,US,2026-06-21T03:57:14Z
2026-06-21,HR,Keystone CultureSoft,(326) 996-0879,info@keystoneculturesoft.co,https://keystoneculturesoft.co,93,Atlanta,US,2026-06-21T04:59:26Z
2026-06-21,MSP Platform,KeystoneNetSoft,(655) 518-9799,info@keystonenetsoft.com,https://www.keystonenetsoft.com,43,Chicago,US,2026-06-21T01:24:28Z
2026-06-21,Medical,Halo Health Recruiting,750-925-8145,sales@halohealthrecruiting.co,https://www.halohealthrecruiting.co,419,Denver,US,2026-06-21T03:00:46Z
2026-06-21,ERP,EmberOpsSolutions,208.686.9377,sales@emberopssolutions.net,https://www.emberopssolutions.net,18,Denver,US,2026-06-21T01:48:09Z
2026-06-21,ERP,FusionForgeSuite,331-695-8037 ext. 58,sales@fusionforgesuite.io,https://www.fusionforgesuite.io,38,Austin,US,2026-06-21T03:46:11Z
2026-06-21,ERP,NorthChain Soft,+12714952562,hello@northchainsoft.co,https://www.northchainsoft.co,375,Phoenix,US,2026-06-21T06:57:31Z
2026-06-21,Legal,FusionCounsel Systems,(801) 419-9130,hello@fusioncounselsystems.io,https://fusioncounselsystems.io,9,Chicago,US,2026-06-21T06:27:24Z
2026-06-21,MSP Platform,CoreEndpoint Logic,+12884989759,hello@coreendpointlogic.com,https://www.coreendpointlogic.com,8,London,UK,2026-06-21T01:17:07Z
2026-06-21,Medical,TidalMed Works,(277) 421-2303,hello@tidalmedworks.com,https://tidalmedworks.com,198,Amsterdam,NL,2026-06-21T05:26:12Z
2026-06-21,ERP,Pioneer FinSphere,419.957.6642,info@pioneerfinsphere.net,https://www.pioneerfinsphere.net,91,Atlanta,US,2026-06-21T04:42:31Z
2026-06-21,ERP,Onyx Fin Manpower Services,2989439827,info@onyxfinmanpowerservices.io,https://www.onyxfinmanpowerservices.io,547,Toronto,CA,2026-06-21T06:35:31Z
2026-06-21,HR,NovaTeamSoft,598-555-4240,sales@novateamsoft.com,https://www.novateamsoft.com,42,Chicago,US,2026-06-21T01:01:37Z
2026-06-21,LMS,OmniPath Flow,+15438364778,contact@omnipathflow.com,https://www.omnipathflow.com,450,Calgary,CA,2026-06-21T02:12:00Z
2026-06-21,MSP Platform,ApexUptimeSuite,(446) 631-6273 ext. 18,info@apexuptimesuite.com,https://apexuptimesuite.com,12,Raleigh,US,2026-06-21T03:58:15Z
2026-06-21,MSP Platform,Falcon NodeLogic,5693161039,contact@falconnodelogic.com,https://www.falconnodelogic.com,22,Manchester,UK,2026-06-21T03:51:30Z
2026-06-21,MSP Platform,VeloRemote Platform,1-951-779-4902,contact@veloremoteplatform.io,https://www.veloremoteplatform.io,46,Calgary,CA,2026-06-21T01:10:39Z
2026-06-21,Medical,VistaPatientSolutions,1-887-584-5887,info@vistapatientsolutions.com,https://www.vistapatientsolutions.com,null,Boston,US,2026-06-21T05:11:51Z
2026-06-21,HR,IndigoBenefit Sync,411.278.1602,sales@indigobenefitsync.net,https://www.indigobenefitsync.net,121,Chicago,US,2026-06-21T05:24:54Z
2026-06-21,Medical,TruePatient Desk,578-634-9759,sales@truepatientdesk.com,https://truepatientdesk.com,50,Phoenix,US,2026-06-21T02:33:31Z
2026-06-21,ERP,KeystonePlanFlow,05854411912,contact@keystoneplanflow.io,https://www.keystoneplanflow.io,13,Seattle,US,2026-06-21T03:40:33Z
2026-06-21,HR,TrueShiftPlatform,6948223663,-,https://trueshiftplatform.net,17,Munich,DE,2026-06-21T06:15:47Z
2026-06-21,MSP Platform,MosaicUptime Tech,(891) 561-7861,hello@mosaicuptimetech.com,https://mosaicuptimetech.com,98,Calgary,CA,2026-06-21T05:06:42Z
2026-06-21,MSP Platform,CrestNetHub,962-970-0408,contact@crestnethub.com,https://www.crestnethub.com,8,Chicago,US,2026-06-21T06:31:08Z
2026-06-21,Legal,Mosaic ClauseSoft,+1 (726) 998-9990,hello@mosaicclausesoft.com,https://mosaicclausesoft.com,34,Manchester,UK,2026-06-21T05:33:48Z
2026-06-21,Medical,Bold RxSync,+16158686603,sales@boldrxsync.com,https://www.boldrxsync.com,16,Columbus,US,2026-06-21T02:36:39Z
2026-06-21,ERP,FalconForgePlatform,9203290065,info@falconforgeplatform.io,https://www.falconforgeplatform.io,112,Atlanta,US,2026-06-21T04:39:49Z
2026-06-21,Medical,Juniper RxSuite,(925) 490-6764,hello@juniperrxsuite.com,https://www.juniperrxsuite.com,48,Tampa,US,2026-06-21T01:12:04Z
2026-06-21,MSP Platform,HarborPatchWorks,+1 (553) 524-6531,contact@harborpatchworks.com,https://www.harborpatchworks.com,30,Chicago,US,2026-06-21T05:52:28Z
2026-06-21,HR,GraniteShiftPlatform,(697) 743-8976,info@graniteshiftplatform.com,graniteshiftplatform.com,62,Columbus,US,2026-06-21T02:44:04Z
2026-06-21,ERP,CedarBatch’s Suite,09438488136,hello@cedarbatchsuite.com,https://cedarbatchsuite.com,22,Lahore,PK,2026-06-21T02:59:30Z
2026-06-21,legal,JuniperLaw Sync,(708) 912-0174,contact@juniperlawsync.com,https://juniperlawsync.com,25,Boston,US,2026-06-21T03:40:39Z
2026-06-21,HR,CobaltShift Base,(349) 252-1263,info@cobaltshiftbase.com,https://www.cobaltshiftbase.com,5,Berlin,DE,2026-06-21T02:05:23Z
2026-06-21,HR,TrueCultureSuite,+14922369903,info@trueculturesuite.com,https://www.trueculturesuite.com,20,Raleigh,US,2026-06-21T05:43:30Z
2026-06-21,Medical,FusionPatientCloud,828.427.6076,N/A,https://www.fusionpatientcloud.net,73,London,UK,2026-06-21T02:51:15Z
2026-06-21,MSP Platform,VeloRemote Soft,1-573-889-4259,contact@veloremotesoft.net,https://www.veloremotesoft.net,1845,Denver,US,2026-06-21T06:35:44Z
2026-06-21,HR,CrestBenefitHub,(240) 934-7820,null,https://crestbenefithub.com,33,Toronto,CA,2026-06-21T03:56:26Z
2026-06-21,MSP Platform,ApexMonitor Logic,+12113239497,null,https://www.apexmonitorlogic.com,16,Amsterdam,NL,2026-06-21T06:23:18Z
2026-06-21,ERP,Xenon OpsSuite,(207) 208-7280,contact@xenonopssuite.io,https://www.xenonopssuite.io,154,Singapore,SG,2026-06-21T02:23:12Z
2026-06-21,HR,Summit CultureCore,4676920815,sales@summitculturecore.com,summitculturecore.com,16,Tampa,US,2026-06-21T06:25:55Z
2026-06-21,MSP Platform,MetaTicketCloud,586.702.0555,hello@metaticketcloud.com,https://www.metaticketcloud.com,4095,Phoenix,US,2026-06-21T05:04:53Z
2026-06-21,legal,RidgeCase Logic,5346646758,sales@ridgecaselogic.com,https://www.ridgecaselogic.com,77,Atlanta,US,2026-06-21T05:29:41Z
2026-06-21,HR,ClearBenefitWorks,+13318859259,hello@clearbenefitworks.com,clearbenefitworks.com,400,Leeds,UK,2026-06-21T02:55:33Z
2026-06-21,Medical,PolarisPatientLabs,675.972.9395,contact@polarispatientlabs.com,https://polarispatientlabs.com,11,Lahore,PK,2026-06-21T02:28:04Z
2026-06-21,MSP Platform,PioneerUptime Logic,+17468992415,contact@pioneeruptimelogic.com,https://www.pioneeruptimelogic.com,12,Chicago,US,2026-06-21T06:18:52Z
2026-06-21,ERP,Ridgeway LedgerBase,982-771-8214,hello@ridgewayledgerbase.com,ridgewayledgerbase.com,248,Pune,IN,2026-06-21T01:13:59Z
2026-06-21,ERP,ZenFin Desk,806.537.3068,hello@zenfindesk.io,zenfindesk.io,514,Columbus,US,2026-06-21T03:02:20Z
2026-06-21,MSP Platform,TidalUptime Tech,366.425.4451,hello@tidaluptimetech.co,tidaluptimetech.co,487,Dublin,IE,2026-06-21T06:58:26Z
2026-06-21,MSP Platform,RidgeStack Labs,(766) 241-7061,info@ridgestacklabs.com,https://www.ridgestacklabs.com,29,Singapore,SG,2026-06-21T05:26:14Z
2026-06-21,ERP,Cobalt BatchSphere,+19888803588,info@cobaltbatchsphere.com,https://www.cobaltbatchsphere.com,704,Chicago,US,2026-06-21T02:43:17Z
2026-06-21,ERP,CoreFin Hub,+18698628516,hello@corefinhub.io,corefinhub.io,11,Raleigh,US,2026-06-21T01:34:51Z
2026-06-21,MSP Platform,ZephyrNet Systems,725-654-7978,contact@zephyrnetsystems.io,https://www.zephyrnetsystems.io,221,Phoenix,US,2026-06-21T04:27:18Z
2026-06-21,Medical,Summit RxPlatform,4463663098,N/A,https://www.summitrxplatform.com,1039,Chicago,US,2026-06-21T03:47:37Z
2026-06-21,Medical,Cedar PulseWorks,+1 (689) 996-7359,hello@cedarpulseworks.net,https://www.cedarpulseworks.net,9,Tampa,US,2026-06-21T06:44:33Z
2026-06-21,Medical,PioneerRxWorks,279-367-0365,sales@pioneerrxworks.com,https://www.pioneerrxworks.com,17,Chicago,US,2026-06-21T03:51:14Z
2026-06-21,MSP Platform,Delta StackSolutions,(505) 846-2950,sales@deltastacksolutions.com,deltastacksolutions.com,9,Manchester,UK,2026-06-21T03:02:45Z
2026-06-21,MSP Platform,Crown NodeDynamics,+12635695217,info@crownnodedynamics.com,https://www.crownnodedynamics.com,14,Seattle,US,2026-06-21T06:14:08Z
2026-06-21,HR,BrightRoster Logic,+14103420756,sales@brightrosterlogic.com,https://brightrosterlogic.com,77,Tampa,US,2026-06-21T04:35:33Z
2026-06-21,Medical,Atlas PulseBase,+12594359268,sales@atlaspulsebase.com,https://www.atlaspulsebase.com,367,Tampa,US,2026-06-21T06:05:53Z
2026-06-21,MSP Platform,BoldRemote Point,247-963-6309,info@boldremotepoint.co,https://www.boldremotepoint.co,241,Munich,DE,2026-06-21T06:03:40Z
2026-06-21,MSP Platform,Ridge RemoteBase,(326) 749-9049,sales@ridgeremotebase.com,https://www.ridgeremotebase.com,29,Toronto,CA,2026-06-21T01:30:34Z
2026-06-21,MSP Platform,BlueNode Flow,04455331481,info@bluenodeflow.co,https://bluenodeflow.co,191,Calgary,CA,2026-06-21T04:41:01Z
2026-06-21,ERP,GraniteChain Systems,(942) 907-5193,info@granitechainsystems.com,https://www.granitechainsystems.com,34,Boston,US,2026-06-21T04:04:11Z
2026-06-21,Medical,AnchorMedPoint,2807415494,hello@anchormedpoint.com,https://www.anchormedpoint.com,53,Toronto,CA,2026-06-21T04:53:32Z
2026-06-21,LEGAL ,OrbitCompli Cloud,517-644-2599,contact@orbitcomplicloud.com,https://www.orbitcomplicloud.com,N/A,Amsterdam,NL,2026-06-21T04:28:04Z
2026-06-21,Medical,ZenHealth Systems,784.817.0891,sales@zenhealthsystems.com,zenhealthsystems.com,28,Columbus,US,2026-06-21T02:33:49Z
2026-06-21,Medical,Zen CareDynamics,+16345755906,contact@zencaredynamics.com,zencaredynamics.com,14,Hyderabad,IN,2026-06-21T04:50:32Z
2026-06-21,MSP Platform,Nova NetTech,1-824-595-5459,contact@novanettech.com,https://www.novanettech.com,6,Raleigh,US,2026-06-21T05:57:12Z
2026-06-21,Legal,CoreDocket Point,6184291018,hello@coredocketpoint.io,https://www.coredocketpoint.io,145,Seattle,US,2026-06-21T01:50:47Z
2026-06-21,Medical,VistaPatient Dynamics,1-585-759-2934 ext. 78,contact@vistapatientdynamics.com,https://vistapatientdynamics.com,60,Seattle,US,2026-06-21T01:46:45Z
2026-06-21,HR,Crown Culture Outsourcing,06037172459,sales@crowncultureoutsourcing.com,https://crowncultureoutsourcing.com,36,Austin,US,2026-06-21T05:09:42Z
2026-06-21,Medical,ApexPulseBase,(252) 798-9299,contact@apexpulsebase.com,https://apexpulsebase.com,39,Calgary,CA,2026-06-21T05:21:37Z
2026-06-21,MSP Platform,LatticeNode Soft,741-591-2454,hello@latticenodesoft.io,https://www.latticenodesoft.io,30,Phoenix,US,2026-06-21T04:03:05Z
2026-06-21,LMS,MosaicPathLabs,929-609-2556,contact@mosaicpathlabs.net,https://www.mosaicpathlabs.net,169,Austin,US,2026-06-21T06:06:49Z
2026-06-21,Medical,Solid CareWorks,(872) 668-3357,sales@solidcareworks.io,https://solidcareworks.io,498,Phoenix,US,2026-06-21T05:25:41Z
2026-06-21,MSP Platform,Apex GridBase,603-407-2713 ext. 17,hello@apexgridbase.net,https://www.apexgridbase.net,466,Hyderabad,IN,2026-06-21T03:06:11Z
2026-06-21,Medical,SableRx’s Labs,+17883677673,contact@sablerxlabs.com,https://sablerxlabs.com,31,Tampa,US,2026-06-21T06:47:10Z
2026-06-21,Medical,PivotClinicSuite,348-854-3510,sales@pivotclinicsuite.com,https://pivotclinicsuite.com,89,Atlanta,US,2026-06-21T03:16:22Z
2026-06-21,ERP,CoreChain Flow,02539059719,sales@corechainflow.com,https://www.corechainflow.com,73,Denver,US,2026-06-21T05:27:33Z
2026-06-21,HR,SableTeamLogic,(914) 403-6021,hello@sableteamlogic.com,https://sableteamlogic.com,792,Austin,US,2026-06-21T01:44:24Z
2026-06-21,Medical,Core TriageSuite,+19056675500,sales@coretriagesuite.co,https://coretriagesuite.co,1368,Manchester,UK,2026-06-21T05:58:44Z
2026-06-21,Medical,ClearVital Logic,+1 (620) 305-1715,contact@clearvitallogic.com,https://clearvitallogic.com,720,Columbus,US,2026-06-21T06:07:54Z
2026-06-21,Medical,BlueTriageSync,8525869181,contact@bluetriagesync.io,https://www.bluetriagesync.io,971,Denver,US,2026-06-21T02:06:05Z
2026-06-21,Medical,WillowHealthSuite,+16885141968,-,https://www.willowhealthsuite.net,143,Phoenix,US,2026-06-21T02:05:16Z
2026-06-21,MSP Platform,FalconStackTech,+1 (441) 966-5683,hello@falconstacktech.com,https://www.falconstacktech.com,17,Austin,US,2026-06-21T02:04:05Z
2026-06-21,HR,VeloPeople Cloud,+12074428236,hello@velopeoplecloud.io,https://velopeoplecloud.io,633,Manchester,UK,2026-06-21T04:14:14Z
2026-06-21,Medical,TidalHealthSystems,+19588619811,sales@tidalhealthsystems.io,https://tidalhealthsystems.io,28,Seattle,US,2026-06-21T05:20:00Z
2026-06-21,Medical,Sable VitalDynamics,427.772.3715,contact@sablevitaldynamics.io,https://sablevitaldynamics.io,13,London,UK,2026-06-21T01:52:57Z
2026-06-21,ERP,PivotBatchLabs,(727) 413-5000,hello@pivotbatchlabs.com,https://www.pivotbatchlabs.com,35,Denver,US,2026-06-21T04:35:50Z
2026-06-21,Medical,TruePulse Systems,544-324-6333,contact@truepulsesystems.com,https://truepulsesystems.com,263,Manchester,UK,2026-06-21T05:36:20Z
2026-06-21,HR,ZephyrBenefitBase,(391) 821-8522,info@zephyrbenefitbase.io,https://www.zephyrbenefitbase.io,197,Manchester,UK,2026-06-21T01:32:19Z
2026-06-21,Medical,IronVitalPoint,+17426000281,N/A,https://www.ironvitalpoint.com,877,Hyderabad,IN,2026-06-21T01:58:39Z
2026-06-21,MSP Platform,ZephyrMonitorDynamics,4686533067,sales@zephyrmonitordynamics.net,https://www.zephyrmonitordynamics.net,299,Bengaluru,IN,2026-06-21T02:38:04Z
2026-06-21,Medical,VistaChartDynamics,(861) 630-0922,sales@vistachartdynamics.com,https://www.vistachartdynamics.com,72,Boston,US,2026-06-21T03:59:01Z
2026-06-21,Medical,TidalMedSync,+19048690862,hello@tidalmedsync.net,https://www.tidalmedsync.net,482,Atlanta,US,2026-06-21T06:21:44Z
2026-06-21,ERP,XenonStockDesk,902-329-3250,sales@xenonstockdesk.com,https://www.xenonstockdesk.com,123,Munich,DE,2026-06-21T02:52:27Z
2026-06-21,LEGAL ,QuartzClause Base,453-603-3806,contact@quartzclausebase.net,https://www.quartzclausebase.net,8,Denver,US,2026-06-21T06:38:56Z
2026-06-21,Medical,ClearVitalPoint,(592) 530-9534,info@clearvitalpoint.com,https://clearvitalpoint.com,null,Calgary,CA,2026-06-21T05:52:34Z
2026-06-21,ERP,HarborLedger Hub,869-944-3545,contact@harborledgerhub.com,https://www.harborledgerhub.com,464,Hyderabad,IN,2026-06-21T06:22:59Z
2026-06-21,HR,BlueCultureSync,1-764-917-6226,contact@blueculturesync.com,blueculturesync.com,763,Phoenix,US,2026-06-21T05:03:25Z
2026-06-21,MSP Platform,CrownStackPlatform,+15483912421,sales@crownstackplatform.com,crownstackplatform.com,7,Chicago,US,2026-06-21T04:56:41Z
2026-06-21,Medical,Granite MedSync,(738) 279-1470,info@granitemedsync.com,granitemedsync.com,137,Atlanta,US,2026-06-21T06:34:13Z
scrape_date,category,company_name,phone,email,website,employee_count,city,country,scraped_at
2026-06-21,MSP Platform,North Node Staffing,(847) 632-3912,sales@northnodestaffing.com,https://northnodestaffing.com,-,Phoenix,US,2026-06-21T03:06:07Z
2026-06-21,HR,BluePayrollDynamics,+13802268848 ext. 37,info@bluepayrolldynamics.com,https://www.bluepayrolldynamics.com,160,Boston,US,2026-06-21T02:33:30Z
2026-06-21,ERP,XenonOpsCore,412.756.4111,hello@xenonopscore.com,https://www.xenonopscore.com,766,Seattle,US,2026-06-21T01:40:43Z
2026-06-21,ERP,MosaicBatch Tech,(921) 291-4246,hello@mosaicbatchtech.com,https://mosaicbatchtech.com,10,Boston,US,2026-06-21T05:38:42Z
2026-06-21,ERP,JuniperPlan Solutions,1-489-453-0607,hello@juniperplansolutions.com,https://juniperplansolutions.com,252,Boston,US,2026-06-21T03:52:25Z
2026-06-21,ERP,GraniteForge Solutions,(776) 835-4496 ext. 87,contact@graniteforgesolutions.com,https://www.graniteforgesolutions.com,63,Bengaluru,IN,2026-06-21T06:16:19Z
2026-06-21,Legal,TrueDocketTech,529-426-0058,hello@truedockettech.io,https://www.truedockettech.io,123,Atlanta,US,2026-06-21T03:18:55Z
2026-06-21,HR,Bright CultureWorks,+18445576390,sales@brightcultureworks.com,https://www.brightcultureworks.com,10,Raleigh,US,2026-06-21T05:18:26Z
2026-06-21,Medical,HarborCareSuite,+15616514240,info@harborcaresuite.co,https://www.harborcaresuite.co,113,Sydney,AU,2026-06-21T01:24:15Z
2026-06-21,LEGAL ,XenonCounsel Soft,+18738146970,info@xenoncounselsoft.io,https://www.xenoncounselsoft.io,11,Manchester,UK,2026-06-21T05:05:57Z
2026-06-21,HR,Iron BenefitCore,(908) 631-9115,hello@ironbenefitcore.com,https://ironbenefitcore.com,150,Columbus,US,2026-06-21T02:36:02Z
2026-06-21,MSP Platform,PivotEndpoint Core,+1 (595) 393-1889,hello@pivotendpointcore.co,https://pivotendpointcore.co,12,Manchester,UK,2026-06-21T03:04:22Z
2026-06-21,MSP Platform,OrbitNet Platform,+18122016970,info@orbitnetplatform.net,https://orbitnetplatform.net,4728,Toronto,CA,2026-06-21T03:31:11Z
2026-06-21,ERP,RapidStackHub,2066653343,info@rapidstackhub.com,https://www.rapidstackhub.com,22,London,UK,2026-06-21T02:50:10Z
2026-06-21,HR,CédarCulture Point,8922437829,sales@cedarculturepoint.io,https://www.cedarculturepoint.io,50,Tampa,US,2026-06-21T02:55:39Z
2026-06-21,ERP,Zen OrderSuite,534-787-6899,contact@zenordersuite.com,https://www.zenordersuite.com,10,Leeds,UK,2026-06-21T02:29:20Z
2026-06-21,MSP Platform,True MonitorHub,+15763133956,sales@truemonitorhub.net,https://www.truemonitorhub.net,240,Atlanta,US,2026-06-21T01:32:06Z
2026-06-21,MSP Platform,Pioneer GridSync,(648) 862-7740,info@pioneergridsync.com,https://www.pioneergridsync.com,49,Columbus,US,2026-06-21T01:55:00Z
2026-06-21,HR,SablePayrollWorks,+17574706222 ext. 33,contact@sablepayrollworks.co,https://www.sablepayrollworks.co,426,Vancouver,CA,2026-06-21T01:21:01Z
2026-06-21,LMS,VistaLearn Point,1-318-343-4702,sales@vistalearnpoint.com,https://www.vistalearnpoint.com,475,Columbus,US,2026-06-21T01:34:54Z
2026-06-21,ERP,Ridge OpsSphere,(912) 965-9123,contact@ridgeopssphere.com,https://www.ridgeopssphere.com,96,Calgary,CA,2026-06-21T03:46:55Z
2026-06-21,ERP,NimbusStock Tech,(280) 629-8489,info@nimbusstocktech.io,https://www.nimbusstocktech.io,319,Columbus,US,2026-06-21T03:53:24Z
2026-06-21,Medical,CobaltPatientBase,878-664-4580,hello@cobaltpatientbase.com,https://cobaltpatientbase.com,226,Columbus,US,2026-06-21T06:54:22Z
2026-06-21,HR,OrbitBenefit Soft,+16076705844,hello@orbitbenefitsoft.com,https://www.orbitbenefitsoft.com,91,Raleigh,US,2026-06-21T04:55:54Z
2026-06-21,LMS,Vista TutorSphere,04087168349,,https://www.vistatutorsphere.com,6,Lahore,PK,2026-06-21T01:09:28Z
2026-06-21,HR,CrownPeoplePoint,775-300-7513,info@crownpeoplepoint.com,https://crownpeoplepoint.com,787,Atlanta,US,2026-06-21T04:16:27Z
2026-06-21,legal,RapidFilingSoft,722.760.5008 ext. 14,sales@rapidfilingsoft.com,https://www.rapidfilingsoft.com,562,Vancouver,CA,2026-06-21T02:16:51Z
2026-06-21,ERP,Golden StockHub,987.784.1090,hello@goldenstockhub.com,https://www.goldenstockhub.com,427,Manchester,UK,2026-06-21T04:56:30Z
2026-06-21,HR,DeltaCulture Systems,+14398157507,contact@deltaculturesystems.com,deltaculturesystems.com,24,Bengaluru,IN,2026-06-21T06:17:41Z
2026-06-21,HR,CrestPayrollPlatform,766-983-9634,contact@crestpayrollplatform.com,https://www.crestpayrollplatform.com,67,Atlanta,US,2026-06-21T03:39:34Z
2026-06-21,HR,XenonTeam Labs,778.824.1978 ext. 16,contact@xenonteamlabs.com,https://www.xenonteamlabs.com,69,Raleigh,US,2026-06-21T01:29:21Z
2026-06-21,HR,NimbusRoster Flow,5482951796,contact@nimbusrosterflow.net,https://www.nimbusrosterflow.net,618,London,UK,2026-06-21T02:48:02Z
2026-06-21,Medical,Nova RxCore,+13958851182,sales@novarxcore.io,https://www.novarxcore.io,21,Phoenix,US,2026-06-21T03:38:59Z
2026-06-21,HR,FusionOnboard Dynamics,(475) 786-0554,contact@fusiononboarddynamics.net,fusiononboarddynamics.net,101,Denver,US,2026-06-21T01:45:00Z
2026-06-21,Medical,Umbra CareWorks,843.302.0306,sales@umbracareworks.com,umbracareworks.com,19,Calgary,CA,2026-06-21T04:20:06Z
2026-06-21,HR,RidgewayRoster Logic,+15292508516,contact@ridgewayrosterlogic.io,https://www.ridgewayrosterlogic.io,928,Chicago,US,2026-06-21T03:32:29Z
2026-06-21,legal,OnyxCounsel Soft,(826) 772-9480,sales@onyxcounselsoft.com,https://www.onyxcounselsoft.com,19,Sydney,AU,2026-06-21T03:45:11Z
2026-06-21,HR,Harbor RosterDesk,765-736-6980,info@harborrosterdesk.com,https://harborrosterdesk.com,284,Phoenix,US,2026-06-21T01:15:48Z
2026-06-21,ERP,ClearStock Works,490.329.9583,hello@clearstockworks.com,clearstockworks.com,23,Raleigh,US,2026-06-21T05:32:42Z
2026-06-21,Medical,HarborVitalFlow,342-777-1297,sales@harborvitalflow.io,https://www.harborvitalflow.io,3069,Atlanta,US,2026-06-21T05:04:40Z
2026-06-21,HR,BeaconBenefit Suite,373.424.0341,contact@beaconbenefitsuite.io,https://www.beaconbenefitsuite.io,242,Tampa,US,2026-06-21T02:12:20Z
2026-06-21,MSP Platform,ZephyrNodeTech,668-786-7949,sales@zephyrnodetech.com,https://zephyrnodetech.com,46,Atlanta,US,2026-06-21T06:29:55Z
2026-06-21,Medical,Crown PulsePlatform,4057106470,hello@crownpulseplatform.io,https://www.crownpulseplatform.io,1185,Atlanta,US,2026-06-21T01:50:16Z
2026-06-21,Medical,Pioneer PulseSoft,520.648.5233,hello@pioneerpulsesoft.com,https://pioneerpulsesoft.com,28,Raleigh,US,2026-06-21T05:42:28Z
2026-06-21,ERP,Umbra FinSuite,492-550-1921,info@umbrafinsuite.co,https://umbrafinsuite.co,22,Columbus,US,2026-06-21T01:52:43Z
2026-06-21,ERP,CrestPlanSphere,08469031063,contact@crestplansphere.com,https://crestplansphere.com,20,Boston,US,2026-06-21T04:01:58Z
2026-06-21,ERP,Atlas Stock BPO Services,561.846.5719,contact@atlasstockbposervices.io,https://www.atlasstockbposervices.io,217,Raleigh,US,2026-06-21T03:39:26Z
2026-06-21,MSP Platform,UmbraRemote Logic,(596) 598-3864,hello@umbraremotelogic.co,https://umbraremotelogic.co,242,Singapore,SG,2026-06-21T06:39:22Z
2026-06-21,legal,AnchorCompli Desk,5596844854,hello@anchorcomplidesk.com,anchorcomplidesk.com,84,Toronto,CA,2026-06-21T06:51:49Z
2026-06-21,ERP,Anchor ForgeApp,8885111344,contact@anchorforgeapp.com,https://anchorforgeapp.com,522,Dublin,IE,2026-06-21T04:08:20Z
2026-06-21,ERP,Beacon StockLogic,5843819453,hello@beaconstocklogic.net,https://www.beaconstocklogic.net,61,Tampa,US,2026-06-21T06:27:33Z
2026-06-21,MSP Platform,Golden TicketPlatform,739-360-4278,hello@goldenticketplatform.io,https://goldenticketplatform.io,23,Calgary,CA,2026-06-21T01:37:40Z
2026-06-21,Lgl,LatticeCaseDynamics,+1 (332) 849-0113,info@latticecasedynamics.co,https://www.latticecasedynamics.co,472,Columbus,US,2026-06-21T06:53:28Z
2026-06-21,HR,PrimeRoster Base,287-320-9101,sales@primerosterbase.co,https://primerosterbase.co,68,Chicago,US,2026-06-21T06:34:54Z
2026-06-21,HR,UmbraPeople Flow,+13749835429,hello@umbrapeopleflow.com,https://www.umbrapeopleflow.com,16,Boston,US,2026-06-21T01:12:26Z
2026-06-21,ERP,JuniperPlan Dynamics,(699) 973-9283,contact@juniperplandynamics.co,https://www.juniperplandynamics.co,10,Austin,US,2026-06-21T01:12:21Z
2026-06-21,Medical,OnyxPulseSphere,259-480-1754 ext. 25,hello@onyxpulsesphere.com,onyxpulsesphere.com,7,Phoenix,US,2026-06-21T06:52:22Z
2026-06-21,HR,Silver Team Staffing,1-965-986-2115,hello@silverteamstaffing.com,https://www.silverteamstaffing.com,7,Tampa,US,2026-06-21T05:56:04Z
2026-06-21,MSP Platform,JuniperRemoteWorks,976.907.7393,contact@juniperremoteworks.net,https://juniperremoteworks.net,365,Seattle,US,2026-06-21T05:34:20Z
2026-06-21,ERP,Atlas ForgePlatform,7956614416,info@atlasforgeplatform.io,https://www.atlasforgeplatform.io,36,Austin,US,2026-06-21T04:19:31Z
2026-06-21,LMS,KeystoneCohort Labs,797-262-3950,info@keystonecohortlabs.com,keystonecohortlabs.com,4968,Vancouver,CA,2026-06-21T01:09:24Z
2026-06-21,Legal,Solid BriefCloud,603-329-6648,hello@solidbriefcloud.com,https://www.solidbriefcloud.com,77,Austin,US,2026-06-21T02:48:53Z
2026-06-21,HR,AnchorTeam Works,935-308-9249,info@anchorteamworks.net,https://www.anchorteamworks.net,86,Columbus,US,2026-06-21T06:39:27Z
2026-06-21,Medical,NimbusTriage Flow,(339) 329-7960,contact@nimbustriageflow.io,https://www.nimbustriageflow.io,211,Phoenix,US,2026-06-21T05:24:00Z
2026-06-21,MSP Platform,Willow GridPlatform,(865) 467-2882,contact@willowgridplatform.com,https://www.willowgridplatform.com,121,Leeds,UK,2026-06-21T01:09:18Z
2026-06-21,Medical,AnchorChart Flow,816.843.5212 ext. 80,sales@anchorchartflow.io,https://anchorchartflow.io,26,Columbus,US,2026-06-21T02:12:58Z
2026-06-21,MSP Platform,CrestStackSystems,(388) 541-1113,hello@creststacksystems.io,https://www.creststacksystems.io,406,Denver,US,2026-06-21T03:51:37Z
2026-06-21,LMS,GoldenCourse Systems,293.778.9861,hello@goldencoursesystems.com,goldencoursesystems.com,284,Austin,US,2026-06-21T05:21:27Z
2026-06-21,legal,Mosaic ClauseCloud,(770) 707-0218,sales@mosaicclausecloud.com,https://www.mosaicclausecloud.com,138,Seattle,US,2026-06-21T04:17:09Z
2026-06-21,MSP Platform,CrestRemoteSync,616.810.7933,hello@crestremotesync.com,https://www.crestremotesync.com,48,Boston,US,2026-06-21T04:13:49Z
2026-06-21,Medical,Velo PatientHub,1-406-711-9583,info@velopatienthub.com,https://www.velopatienthub.com,128,Chicago,US,2026-06-21T02:29:11Z
2026-06-21,ERP,WillowBatch Tech,5968383950,sales@willowbatchtech.com,https://www.willowbatchtech.com,227,Munich,DE,2026-06-21T02:20:24Z
2026-06-21,MSP Platform,Harbor NodeSphere,736-964-0202,info@harbornodesphere.net,https://harbornodesphere.net,38,Leeds,UK,2026-06-21T03:20:34Z
2026-06-21,LMS,JuniperLearnPlatform,425.982.5939,hello@juniperlearnplatform.io,https://www.juniperlearnplatform.io,39,Seattle,US,2026-06-21T03:03:59Z
2026-06-21,Medical,AltaHealth Base,571-451-7899,contact@altahealthbase.com,https://www.altahealthbase.com,223,Raleigh,US,2026-06-21T04:33:04Z
2026-06-21,LMS,Nova PathPoint,+17208662857,info@novapathpoint.io,https://novapathpoint.io,344,Denver,US,2026-06-21T05:44:04Z
2026-06-21,LMS,XenonTrainLabs,+12545356765,hello@xenontrainlabs.io,https://www.xenontrainlabs.io,451,Raleigh,US,2026-06-21T01:35:42Z
2026-06-21,MSP Platform,QuartzStack Sphere,668-202-9983,info@quartzstacksphere.com,quartzstacksphere.com,21,Denver,US,2026-06-21T04:38:58Z
2026-06-21,HR,BeaconOnboard Desk,+14405260277,contact@beacononboarddesk.com,https://beacononboarddesk.com,17,Boston,US,2026-06-21T06:32:14Z
2026-06-21,ERP,CrownOps’s Flow,+1 (855) 250-9190,contact@crownopsflow.com,https://www.crownopsflow.com,207,Boston,US,2026-06-21T02:55:56Z
2026-06-21,HR,Bright PerformLogic,319-487-1519,hello@brightperformlogic.com,brightperformlogic.com,76,Boston,US,2026-06-21T05:20:49Z
2026-06-21,HR,LatticePerform Systems,628-846-2764,contact@latticeperformsystems.com,https://latticeperformsystems.com,254,Boston,US,2026-06-21T02:02:53Z
2026-06-21,Medical,Alta CareDesk,475-382-9313,contact@altacaredesk.net,https://altacaredesk.net,,Raleigh,US,2026-06-21T01:45:00Z
2026-06-21,Legal,RidgeFilingSoft,+16327548227,contact@ridgefilingsoft.io,https://www.ridgefilingsoft.io,38,Atlanta,US,2026-06-21T02:34:22Z
2026-06-21,MSP Platform,RidgeMonitorSuite,640-891-9323,hello@ridgemonitorsuite.com,https://www.ridgemonitorsuite.com,47,Seattle,US,2026-06-21T05:01:55Z
2026-06-21,ERP,Xenon ResourceWorks,+16653404794 ext. 44,info@xenonresourceworks.co,xenonresourceworks.co,8,Austin,US,2026-06-21T02:18:54Z
2026-06-21,ERP,PioneerLedgerWorks,677-818-2584,hello@pioneerledgerworks.com,https://www.pioneerledgerworks.com,21,Singapore,SG,2026-06-21T01:50:50Z
2026-06-21,HR,ZenPayroll Systems,(377) 860-3742,N/A,https://www.zenpayrollsystems.com,39,Calgary,CA,2026-06-21T02:39:35Z
2026-06-21,legal,Granite BriefLogic,543.334.7545,info@granitebrieflogic.com,granitebrieflogic.com,46,Calgary,CA,2026-06-21T06:47:57Z
2026-06-21,Medical,JuniperChart App,939-390-1527,contact@juniperchartapp.net,https://www.juniperchartapp.net,11,Dublin,IE,2026-06-21T04:54:29Z
2026-06-21,MSP Platform,FusionEndpoint Soft,1-522-294-5686,info@fusionendpointsoft.com,https://www.fusionendpointsoft.com,683,Phoenix,US,2026-06-21T06:17:15Z
2026-06-21,MSP Platform,Lattice MonitorDesk,357-925-8914,sales@latticemonitordesk.com,https://www.latticemonitordesk.com,12,Austin,US,2026-06-21T04:42:54Z
2026-06-21,ERP,CoreOpsTech,(603) 332-5173,info@coreopstech.co,https://coreopstech.co,48,Phoenix,US,2026-06-21T03:34:34Z
2026-06-21,MSP Platform,PivotUptimeSphere,772.843.7636,sales@pivotuptimesphere.com,https://www.pivotuptimesphere.com,18,Chicago,US,2026-06-21T01:59:21Z
2026-06-21,ERP,NimbusResourcePlatform,819.871.8862,sales@nimbusresourceplatform.com,https://www.nimbusresourceplatform.com,183,Dublin,IE,2026-06-21T05:40:00Z
2026-06-21,ERP,True Forge BPO Services,3724965807,sales@trueforgebposervices.io,https://www.trueforgebposervices.io,963,Chicago,US,2026-06-21T02:06:23Z
2026-06-21,HR,Delta CultureSystems,08654013186,contact@deltaculturesystems.io,deltaculturesystems.io,39,Denver,US,2026-06-21T01:48:40Z
2026-06-21,Medical,Polaris HealthDynamics,6814483179,info@polarishealthdynamics.com,https://polarishealthdynamics.com,498,Melbourne,AU,2026-06-21T02:59:25Z
2026-06-21,Medical,Zen CareSolutions,(940) 796-1739,contact@zencaresolutions.co,zencaresolutions.co,94,Melbourne,AU,2026-06-21T04:44:38Z
2026-06-21,MSP Platform,Alta RemoteLabs,499-316-3178 ext. 3,hello@altaremotelabs.com,https://www.altaremotelabs.com,274,Columbus,US,2026-06-21T04:17:23Z
2026-06-21,HR,GraniteTeamWorks,505.460.2273,contact@graniteteamworks.io,https://www.graniteteamworks.io,88,Denver,US,2026-06-21T04:34:59Z
2026-06-21,ERP,Willow BatchSuite,+1 (496) 620-0934,sales@willowbatchsuite.com,willowbatchsuite.com,15,Austin,US,2026-06-21T01:36:17Z
2026-06-21,ERP,SummitPlan Sphere,(538) 854-6961,sales@summitplansphere.io,https://www.summitplansphere.io,5,null,US,2026-06-21T04:10:21Z
2026-06-21,ERP,OmniPlanPoint,+17935858739,info@omniplanpoint.io,https://www.omniplanpoint.io,10,Columbus,US,2026-06-21T02:48:33Z
2026-06-21,ERP,Silver ForgeCloud,+1 (923) 881-2658,contact@silverforgecloud.com,silverforgecloud.com,26,Atlanta,US,2026-06-21T06:48:29Z
2026-06-21,LEGAL ,IronMatter Logic,(206) 931-5202,contact@ironmatterlogic.com,https://www.ironmatterlogic.com,325,Columbus,US,2026-06-21T01:47:01Z
2026-06-21,HR,NorthCulture Platform,(352) 976-3159,hello@northcultureplatform.com,https://northcultureplatform.com,475,Singapore,SG,2026-06-21T02:46:41Z
2026-06-21,LMS,ZephyrTutorPlatform,240-892-1630,contact@zephyrtutorplatform.net,https://zephyrtutorplatform.net,17,Singapore,SG,2026-06-21T05:47:29Z
2026-06-21,HR,NovaRoster Dynamics LLC,+1 (790) 748-6552,hello@novarosterdynamics.io,https://www.novarosterdynamics.io,10,Boston,US,2026-06-21T02:25:54Z
2026-06-21,Medical,PivotVitalSync,+19177604682,sales@pivotvitalsync.io,https://www.pivotvitalsync.io,16,Amsterdam,NL,2026-06-21T05:07:03Z
2026-06-21,ERP,XenonFin Flow,+17278702932,sales@xenonfinflow.com,xenonfinflow.com,7,Toronto,CA,2026-06-21T04:57:25Z
2026-06-21,Medical,FalconClinic Solutions,202-636-1407,info@falconclinicsolutions.net,falconclinicsolutions.net,97,Calgary,CA,2026-06-21T04:18:25Z
2026-06-21,ERP,IronForgeSuite,06544239997,info@ironforgesuite.com,https://www.ironforgesuite.com,78,Seattle,US,2026-06-21T03:17:49Z
2026-06-21,HR,ZephyrCulture Point,(484) 527-4708,contact@zephyrculturepoint.com,https://zephyrculturepoint.com,26,Vancouver,CA,2026-06-21T03:55:47Z
2026-06-21,MSP Platform,RidgewayNet Soft,+18143550578,contact@ridgewaynetsoft.com,https://www.ridgewaynetsoft.com,59,Tampa,US,2026-06-21T01:22:54Z
2026-06-21,Lgl,TidalCounselSphere,4638277948,contact@tidalcounselsphere.com,https://www.tidalcounselsphere.com,19,Sydney,AU,2026-06-21T02:17:45Z
2026-06-21,Medical,Keystone RxSuite,976.662.9289,,https://keystonerxsuite.io,169,Leeds,UK,2026-06-21T01:56:57Z
2026-06-21,Legal,MosaicLawSystems,1-949-302-3258,contact@mosaiclawsystems.com,https://www.mosaiclawsystems.com,73,London,UK,2026-06-21T03:46:23Z
2026-06-21,HR,True TeamLabs,(318) 791-5374,contact@trueteamlabs.net,https://www.trueteamlabs.net,54,Sydney,AU,2026-06-21T02:15:28Z
2026-06-21,HR,AtlasPeopleLabs,1-382-947-7913,hello@atlaspeoplelabs.com,https://www.atlaspeoplelabs.com,448,Chicago,US,2026-06-21T04:37:43Z
2026-06-21,ERP,Lumen OrderHub,+1 (819) 682-0750,contact@lumenorderhub.com,https://lumenorderhub.com,8,Vancouver,CA,2026-06-21T05:22:08Z
2026-06-21,ERP,Golden ResourceCloud,+12955683319,contact@goldenresourcecloud.co,https://www.goldenresourcecloud.co,6,Sydney,AU,2026-06-21T03:49:46Z
2026-06-21,ERP,Pioneer LedgerApp,337-765-4310,info@pioneerledgerapp.com,https://www.pioneerledgerapp.com,196,Raleigh,US,2026-06-21T03:50:08Z
2026-06-21,MSP Platform,SolidEndpoint Cloud,(543) 412-9704,contact@solidendpointcloud.net,https://www.solidendpointcloud.net,13,Berlin,DE,2026-06-21T05:08:35Z
2026-06-21,Medical,Golden MedApp,04257195892,hello@goldenmedapp.co,https://www.goldenmedapp.co,30,Pune,IN,2026-06-21T05:54:12Z
2026-06-21,LEGAL ,CrestLawDesk,(979) 438-4137,contact@crestlawdesk.com,https://crestlawdesk.com,91,Leeds,UK,2026-06-21T04:39:39Z
2026-06-21,ERP,AnchorForge Logic,467-568-4578,info@anchorforgelogic.co,anchorforgelogic.co,312,Boston,US,2026-06-21T04:45:22Z
2026-06-21,Legal,North Clause Manpower Services,9407598370,hello@northclausemanpowerservices.com,https://northclausemanpowerservices.com,18,Raleigh,US,2026-06-21T04:50:12Z
2026-06-21,HR,SabléCulturePlatform,(967) 824-0780 ext. 52,hello@sablecultureplatform.com,https://www.sablecultureplatform.com,25,Toronto,CA,2026-06-21T02:12:00Z
2026-06-21,MSP Platform,Crest NodeTech,6932292147,info@crestnodetech.com,https://www.crestnodetech.com,1736,Chicago,US,2026-06-21T04:48:40Z
2026-06-21,HR,Solid PeopleSphere,525-268-2347,,https://solidpeoplesphere.com,475,Toronto,CA,2026-06-21T03:15:34Z
2026-06-21,ERP,Arch StockLogic,269-508-4851,info@archstocklogic.io,archstocklogic.io,545,Raleigh,US,2026-06-21T03:33:06Z
2026-06-21,LEGAL ,AtlasFiling Core,+15847445302,N/A,atlasfilingcore.co,34,Chicago,US,2026-06-21T02:49:32Z
2026-06-21,ERP,Harbor ForgeSync,790-349-4337,hello@harborforgesync.io,https://www.harborforgesync.io,554,Raleigh,US,2026-06-21T02:56:08Z
2026-06-21,MSP Platform,NovaNode Platform,+1 (475) 643-5935,hello@novanodeplatform.com,https://novanodeplatform.com,256,Columbus,US,2026-06-21T05:50:49Z
2026-06-21,HR,OrbitPerform Soft,+18683536849,info@orbitperformsoft.com,orbitperformsoft.com,63,Columbus,US,2026-06-21T02:41:43Z
2026-06-21,ERP,ApexFinSphere,(249) 476-7928,sales@apexfinsphere.com,https://www.apexfinsphere.com,10,Chicago,US,2026-06-21T02:50:57Z
2026-06-21,HR,ZephyrShift Platform,8058342744,sales@zephyrshiftplatform.com,https://zephyrshiftplatform.com,13,Amsterdam,NL,2026-06-21T04:43:06Z
2026-06-21,MSP Platform,KeystoneNetFlow,287-901-0263,info@keystonenetflow.io,https://keystonenetflow.io,380,Dublin,IE,2026-06-21T03:16:56Z
2026-06-21,MSP Platform,OrbitStackLabs,(428) 324-9860,contact@orbitstacklabs.com,https://www.orbitstacklabs.com,64,Phoenix,US,2026-06-21T05:10:02Z
2026-06-21,Medical,True’s RxLogic,861-273-8875,sales@truerxlogic.io,https://truerxlogic.io,23,Phoenix,US,2026-06-21T02:15:39Z
2026-06-21,HR,Golden’s TeamFlow,(339) 741-4019,info@goldenteamflow.co,https://www.goldenteamflow.co,753,Columbus,US,2026-06-21T06:15:36Z
2026-06-21,ERP,Harbor OpsLabs,(226) 752-8231,info@harboropslabs.com,https://www.harboropslabs.com,199,Columbus,US,2026-06-21T02:39:49Z
2026-06-21,MSP Platform,Ridge NetLogic,08344950628,info@ridgenetlogic.co,https://www.ridgenetlogic.co,182,Lahore,PK,2026-06-21T06:58:08Z
2026-06-21,ERP,Nimbus FinSuite,(648) 794-9989,sales@nimbusfinsuite.io,https://www.nimbusfinsuite.io,435,Atlanta,US,2026-06-21T05:25:11Z
2026-06-21,ERP,CrestLedger Hub,+15444709521 ext. 93,hello@crestledgerhub.net,https://www.crestledgerhub.net,7,Atlanta,US,2026-06-21T01:22:09Z
2026-06-21,MSP Platform,SilverNet Works,1-372-588-3400,contact@silvernetworks.com,silvernetworks.com,15,Melbourne,AU,2026-06-21T02:54:38Z
2026-06-21,HR,Bright PeopleWorks,511.814.6346 ext. 70,hello@brightpeopleworks.io,https://www.brightpeopleworks.io,294,Denver,US,2026-06-21T05:15:33Z
2026-06-21,Medical,Bright PulseFlow,+1 (733) 961-9518 ext. 3,sales@brightpulseflow.com,https://www.brightpulseflow.com,81,Atlanta,US,2026-06-21T06:37:06Z
2026-06-21,Medical,Lattice ChartCore,6976528073,info@latticechartcore.com,latticechartcore.com,101,Boston,US,2026-06-21T03:55:00Z
2026-06-21,MSP Platform,Willow NodeSystems,457-811-8743,sales@willownodesystems.co,willownodesystems.co,233,Vancouver,CA,2026-06-21T06:43:39Z
2026-06-21,HR,Alta BenefitApp,(988) 278-0935,info@altabenefitapp.com,https://www.altabenefitapp.com,195,Columbus,US,2026-06-21T05:53:12Z
2026-06-21,ERP,ArchResource App,(350) 307-2539,contact@archresourceapp.co,archresourceapp.co,1032,Seattle,US,2026-06-21T02:02:04Z
2026-06-21,HR,AltaTeamSystems,7579916859,hello@altateamsystems.net,https://altateamsystems.net,30,Munich,DE,2026-06-21T01:53:32Z
2026-06-21,Legal,AtlasDocket Soft,(391) 239-0639,hello@atlasdocketsoft.com,https://www.atlasdocketsoft.com,10,Raleigh,US,2026-06-21T06:00:29Z
2026-06-21,MSP Platform,OmniNode Sync,725.652.4329,info@omninodesync.net,https://omninodesync.net,145,Denver,US,2026-06-21T02:49:18Z
2026-06-21,ERP,VertexStockPoint,(968) 574-0261,info@vertexstockpoint.net,https://www.vertexstockpoint.net,138,Denver,US,2026-06-21T03:18:43Z
2026-06-21,ERP,Prime ChainPlatform,(339) 499-7966,info@primechainplatform.com,https://www.primechainplatform.com,34,Munich,DE,2026-06-21T02:55:03Z
2026-06-21,HR,Blue PerformSystems,+17383012237,info@blueperformsystems.com,https://blueperformsystems.com,28,Leeds,UK,2026-06-21T01:56:19Z
2026-06-21,ERP,FalconOpsSuite,621-799-3904,hello@falconopssuite.co,falconopssuite.co,20,Atlanta,US,2026-06-21T06:33:45Z
2026-06-21,ERP,HaloResource Core,952.287.5976,contact@haloresourcecore.com,https://www.haloresourcecore.com,236,Phoenix,US,2026-06-21T06:06:42Z
2026-06-21,MSP Platform,CobaltMonitorLogic,+14334780795,contact@cobaltmonitorlogic.com,https://www.cobaltmonitorlogic.com,-,Dublin,IE,2026-06-21T02:04:49Z
2026-06-21,ERP,SilverStockLogic,1-473-798-6924,sales@silverstocklogic.com,https://www.silverstocklogic.com,-,Melbourne,AU,2026-06-21T02:58:01Z
2026-06-21,HR,OmniShift Sync,513-829-2098,hello@omnishiftsync.com,https://www.omnishiftsync.com,251,Austin,US,2026-06-21T06:58:23Z
2026-06-21,Legal,Polaris Law Consulting Group,1-408-962-2265,hello@polarislawconsultinggroup.com,https://polarislawconsultinggroup.com,13,Boston,US,2026-06-21T03:57:51Z
2026-06-21,LMS,Delta BenefitPlatform,690-555-7777,sales@deltabenefitplatform.com,deltabenefitplatform.com,131,Pune,IN,2026-06-21T04:41:00Z
2026-06-21,HR,OmniBenefit Dynamics,+14103214518,sales@omnibenefitdynamics.net,https://www.omnibenefitdynamics.net,6,Melbourne,AU,2026-06-21T04:18:17Z
2026-06-21,Medical,OnyxCare Base,1-559-602-7199,info@onyxcarebase.com,onyxcarebase.com,32,Melbourne,AU,2026-06-21T01:48:51Z
2026-06-21,ERP,LumenForgePlatform,+1 (836) 968-6844,sales@lumenforgeplatform.com,https://lumenforgeplatform.com,383,Pune,IN,2026-06-21T02:33:02Z
2026-06-21,ERP,FusionForgeLogic,+12346651250,hello@fusionforgelogic.io,https://www.fusionforgelogic.io,8,Leeds,UK,2026-06-21T02:47:04Z
2026-06-21,ERP,Pivot ChainLabs,9746105672,hello@pivotchainlabs.net,https://www.pivotchainlabs.net,4046,Denver,US,2026-06-21T01:32:19Z
2026-06-21,HR,FusionOnboard Point,(608) 448-1022,info@fusiononboardpoint.com,https://fusiononboardpoint.com,82,London,UK,2026-06-21T04:08:39Z
2026-06-21,ERP,FalconForge Platform,7728258012,hello@falconforgeplatform.com,https://www.falconforgeplatform.com,48,Phoenix,US,2026-06-21T05:57:41Z
2026-06-21,LMS,Atlas TutorSoft,793.309.0029,N/A,https://www.atlastutorsoft.com,10,Toronto,CA,2026-06-21T05:33:07Z
2026-06-21,legal,Alta LawPlatform,+12686061525,info@altalawplatform.com,altalawplatform.com,105,Seattle,US,2026-06-21T03:02:10Z
2026-06-21,HR,Halo PayrollSoft,1-499-769-7298,hello@halopayrollsoft.io,https://halopayrollsoft.io,61,Sydney,AU,2026-06-21T06:10:50Z
2026-06-21,ERP,ArchOpsHub,(766) 728-0069,sales@archopshub.com,https://www.archopshub.com,12,Tampa,US,2026-06-21T02:12:27Z
2026-06-21,MSP Platform,FusionNode Sync,749.647.2279,hello@fusionnodesync.io,https://www.fusionnodesync.io,952,Atlanta,US,2026-06-21T06:18:17Z
2026-06-21,ERP,HarborFin Core,+14095442495,contact@harborfincore.com,https://www.harborfincore.com,221,Austin,US,2026-06-21T04:08:42Z
2026-06-21,HR,LatticeOnboardCore,9167984048,contact@latticeonboardcore.io,latticeonboardcore.io,52,Denver,US,2026-06-21T03:06:11Z
2026-06-21,MSP Platform,CoreRemote Sync,9538823502 ext. 76,contact@coreremotesync.com,coreremotesync.com,613,Columbus,US,2026-06-21T06:48:17Z
2026-06-21,LMS,Iron CourseSphere,8884524096,contact@ironcoursesphere.com,https://www.ironcoursesphere.com,46,Seattle,US,2026-06-21T03:20:23Z
2026-06-21,ERP,FalconChain Solutions,587.344.9633,hello@falconchainsolutions.co,falconchainsolutions.co,545,Phoenix,US,2026-06-21T01:22:00Z
2026-06-21,Medical,RidgePatient Systems,+16775522305,hello@ridgepatientsystems.com,https://www.ridgepatientsystems.com,29,Chicago,US,2026-06-21T04:53:49Z
2026-06-21,HR,PolarisBenefitSoft,+1 (464) 289-3359,info@polarisbenefitsoft.co,https://www.polarisbenefitsoft.co,65,Atlanta,US,2026-06-21T05:58:55Z
2026-06-21,LEGAL ,LatticeClauseSoft,731-624-6157,sales@latticeclausesoft.com,https://www.latticeclausesoft.com,107,Denver,US,2026-06-21T04:27:28Z
2026-06-21,MSP Platform,Harbor NodeSolutions,(331) 355-7583,hello@harbornodesolutions.com,harbornodesolutions.com,135,Phoenix,US,2026-06-21T05:31:00Z
2026-06-21,MSP Platform,WillowGridDesk,+1 (809) 852-8820,contact@willowgriddesk.co,https://www.willowgriddesk.co,5,Phoenix,US,2026-06-21T03:56:51Z
2026-06-21,Legal,VeloLawWorks,+14479587466,info@velolawworks.io,https://www.velolawworks.io,625,Austin,US,2026-06-21T04:39:36Z
2026-06-21,Legal,Zen VerdictTech,(806) 970-5690,info@zenverdicttech.com,https://www.zenverdicttech.com,7,Denver,US,2026-06-21T02:47:08Z
2026-06-21,MSP Platform,Lattice UptimePoint,1-422-584-8507,contact@latticeuptimepoint.com,https://www.latticeuptimepoint.com,45,Denver,US,2026-06-21T01:20:25Z
2026-06-21,HR,BoldPayrollDynamics,1-824-345-2480 ext. 72,info@boldpayrolldynamics.com,https://www.boldpayrolldynamics.com,125,Tampa,US,2026-06-21T05:40:09Z
2026-06-21,ERP,RavenOps Labs,+17157925719,contact@ravenopslabs.com,https://www.ravenopslabs.com,60,Phoenix,US,2026-06-21T03:14:52Z
2026-06-21,MSP Platform,SummitMonitor Soft,901-396-0098,info@summitmonitorsoft.com,https://summitmonitorsoft.com,6,Karachi,PK,2026-06-21T01:51:53Z
2026-06-21,Medical,CrestClinicApp,(414) 672-9974,hello@crestclinicapp.io,https://www.crestclinicapp.io,981,Singapore,SG,2026-06-21T03:25:46Z
2026-06-21,ERP,XenonLedgerTech,+1 (403) 265-0986,contact@xenonledgertech.io,xenonledgertech.io,23,Austin,US,2026-06-21T02:27:24Z
2026-06-21,MSP Platform,DeltaStackTech,2989097780,hello@deltastacktech.com,https://www.deltastacktech.com,37,Toronto,CA,2026-06-21T06:42:03Z
2026-06-21,ERP,CoreBatchCore,486-851-7760,sales@corebatchcore.io,https://www.corebatchcore.io,8,Raleigh,US,2026-06-21T04:44:37Z
2026-06-21,LMS,Apex CourseBase,9447774196,sales@apexcoursebase.com,apexcoursebase.com,195,Denver,US,2026-06-21T01:08:43Z
2026-06-21,ERP,MetaChainPlatform,939-697-3943,-,https://metachainplatform.com,1189,Phoenix,US,2026-06-21T03:59:26Z
2026-06-21,HR,NimbusShiftDesk,802-977-7318 ext. 37,hello@nimbusshiftdesk.co,https://www.nimbusshiftdesk.co,135,Dublin,IE,2026-06-21T04:01:08Z
2026-06-21,HR,Quantum PeopleCore,1-986-347-8281,sales@quantumpeoplecore.com,https://quantumpeoplecore.com,728,Raleigh,US,2026-06-21T03:02:54Z
2026-06-21,ERP,Vista OpsDesk,+12309998673,info@vistaopsdesk.com,vistaopsdesk.com,7,Seattle,US,2026-06-21T05:55:07Z
2026-06-21,HR,PivotCultureSystems,05667420176 ext. 40,contact@pivotculturesystems.io,https://www.pivotculturesystems.io,118,Manchester,UK,2026-06-21T03:50:34Z
2026-06-21,Medical,PioneerVital Tech,04688032002 ext. 30,hello@pioneervitaltech.com,https://pioneervitaltech.com,112,Raleigh,US,2026-06-21T06:25:26Z
2026-06-21,ERP,IronResourceLogic,1-529-751-4749,info@ironresourcelogic.net,https://www.ironresourcelogic.net,92,Atlanta,US,2026-06-21T03:11:45Z
2026-06-21,ERP,TrueStock Tech,+13574458870,hello@truestocktech.io,https://www.truestocktech.io,512,Hyderabad,IN,2026-06-21T01:27:54Z
2026-06-21,HR,WillowPerformLabs,7712746035,sales@willowperformlabs.com,https://willowperformlabs.com,82,Columbus,US,2026-06-21T06:19:43Z
2026-06-21,legal,Summit VerdictSystems,331-244-6420,sales@summitverdictsystems.com,https://www.summitverdictsystems.com,48,Atlanta,US,2026-06-21T06:49:15Z
2026-06-21,Medical,Beacon CareApp,(922) 772-9064,contact@beaconcareapp.com,https://www.beaconcareapp.com,8,Tampa,US,2026-06-21T01:00:52Z
2026-06-21,legal,North Docket Consulting Group,+14779546221,contact@northdocketconsultinggroup.io,https://www.northdocketconsultinggroup.io,21,Hyderabad,IN,2026-06-21T02:06:26Z
2026-06-21,Medical,BrightPulse Labs,858-593-5429,contact@brightpulselabs.com,https://www.brightpulselabs.com,2980,Melbourne,AU,2026-06-21T06:19:28Z
2026-06-21,Medical,Sable ChartBase,(740) 797-4081,sales@sablechartbase.io,https://www.sablechartbase.io,234,Atlanta,US,2026-06-21T03:24:06Z
2026-06-21,MSP Platform,NovaPatch Cloud,04055960758,,https://www.novapatchcloud.com,21,Denver,US,2026-06-21T06:04:18Z
2026-06-21,HR,OmniShiftSystems,555-942-4179,contact@omnishiftsystems.io,https://www.omnishiftsystems.io,37,Columbus,US,2026-06-21T04:06:19Z
2026-06-21,HR,CobaltOnboard Labs,+12753737944,hello@cobaltonboardlabs.com,https://www.cobaltonboardlabs.com,40,Calgary,CA,2026-06-21T01:44:21Z
2026-06-21,Medical,BoldChart Soft,823-817-7215,hello@boldchartsoft.io,https://boldchartsoft.io,19,Leeds,UK,2026-06-21T03:13:17Z
2026-06-21,Lgl,UmbraCase Flow,+12085957010,sales@umbracaseflow.com,umbracaseflow.com,8,Denver,US,2026-06-21T06:05:41Z
2026-06-21,ERP,SummitOpsCore,3036317346,info@summitopscore.com,https://www.summitopscore.com,40,London,UK,2026-06-21T04:46:56Z
2026-06-21,HR,NorthTalent’s Logic,+14876006256,info@northtalentlogic.net,https://www.northtalentlogic.net,12,Pune,IN,2026-06-21T02:14:14Z
2026-06-21,MSP Platform,AnchorPatch Solutions,673-585-1693,contact@anchorpatchsolutions.io,https://www.anchorpatchsolutions.io,21,Chicago,US,2026-06-21T06:40:07Z
2026-06-21,Legal,PrimeVerdictCloud,636-803-3047 ext. 11,sales@primeverdictcloud.com,https://primeverdictcloud.com,2477,Sydney,AU,2026-06-21T02:05:30Z
2026-06-21,Medical,LumenTriage Labs,(211) 235-9961,sales@lumentriagelabs.com,https://www.lumentriagelabs.com,70,Phoenix,US,2026-06-21T01:38:14Z
2026-06-21,HR,Bold TeamSuite,333-587-4775 ext. 68,info@boldteamsuite.com,https://www.boldteamsuite.com,93,Raleigh,US,2026-06-21T01:04:41Z
2026-06-21,MSP Platform,Golden NetSuite,684.740.7313,sales@goldennetsuite.com,goldennetsuite.com,159,Seattle,US,2026-06-21T04:02:00Z
2026-06-21,HR,Iron CultureSolutions,1-759-452-7727,contact@ironculturesolutions.io,https://www.ironculturesolutions.io,42,Munich,DE,2026-06-21T02:41:38Z
2026-06-21,HR,IronCultureCore,+13602024760,hello@ironculturecore.com,https://www.ironculturecore.com,6,Dublin,IE,2026-06-21T02:41:36Z
2026-06-21,ERP,Bold FinSolutions,03242435185,hello@boldfinsolutions.com,https://www.boldfinsolutions.com,401,Amsterdam,NL,2026-06-21T02:30:11Z
2026-06-21,ERP,ArchOrder’s Core,+12087280553,hello@archordercore.com,https://www.archordercore.com,149,Tampa,US,2026-06-21T03:36:34Z
2026-06-21,legal,ArchFilingWorks,(776) 862-6815,contact@archfilingworks.com,https://archfilingworks.com,12,Columbus,US,2026-06-21T04:14:55Z
2026-06-21,MSP Platform,RavenStack Labs,(663) 660-9102,info@ravenstacklabs.net,ravenstacklabs.net,4349,Boston,US,2026-06-21T06:11:37Z
2026-06-21,LMS,ZephyrMentor Flow,+1 (500) 972-5467,sales@zephyrmentorflow.com,https://zephyrmentorflow.com,19,Tampa,US,2026-06-21T04:37:24Z
2026-06-21,MSP Platform,SummitRemote Soft,+18318111332,sales@summitremotesoft.io,https://www.summitremotesoft.io,2332,Berlin,DE,2026-06-21T03:58:37Z
2026-06-21,MSP Platform,ApexPatchLabs,262-639-9900,sales@apexpatchlabs.com,apexpatchlabs.com,355,Melbourne,AU,2026-06-21T04:23:29Z
2026-06-21,HR,Nimbus CultureLabs,568-734-4998,info@nimbusculturelabs.net,nimbusculturelabs.net,26,Atlanta,US,2026-06-21T02:59:27Z
2026-06-21,LEGAL ,QuartzDocketLogic,(432) 903-2192,hello@quartzdocketlogic.com,https://www.quartzdocketlogic.com,18,Phoenix,US,2026-06-21T03:53:21Z
2026-06-21,Medical,Lumen RxPlatform,561-700-0636,sales@lumenrxplatform.net,https://www.lumenrxplatform.net,57,Seattle,US,2026-06-21T06:54:17Z
2026-06-21,MSP Platform,Cedar UptimeSphere,(350) 305-3223,hello@cedaruptimesphere.com,https://cedaruptimesphere.com,458,Dublin,IE,2026-06-21T06:53:19Z
2026-06-21,HR,SummitTeamDynamics,+12227458700,contact@summitteamdynamics.io,https://www.summitteamdynamics.io,82,Atlanta,US,2026-06-21T05:04:52Z
2026-06-21,HR,CrestPayroll App,(460) 882-9574,info@crestpayrollapp.com,https://crestpayrollapp.com,15,Chicago,US,2026-06-21T02:00:23Z
2026-06-21,HR,Apex TeamPoint,506-274-0436,N/A,https://www.apexteampoint.com,447,Atlanta,US,2026-06-21T02:23:15Z
2026-06-21,ERP,Silver BatchApp,+18739602953,contact@silverbatchapp.io,https://silverbatchapp.io,7,Tampa,US,2026-06-21T01:52:47Z
2026-06-21,HR,Zephyr PerformCore,6384935546 ext. 75,contact@zephyrperformcore.io,https://zephyrperformcore.io,14,Boston,US,2026-06-21T04:11:08Z
2026-06-21,LEGAL ,ZephyrCompliDynamics,+1 (870) 454-4109,info@zephyrcomplidynamics.net,https://zephyrcomplidynamics.net,18,Columbus,US,2026-06-21T05:53:41Z
2026-06-21,ERP,PioneerFinHub,(391) 359-2402,contact@pioneerfinhub.com,https://pioneerfinhub.com,18,Vancouver,CA,2026-06-21T02:16:34Z
2026-06-21,Medical,IronPatient Tech,3649556601,hello@ironpatienttech.co,https://www.ironpatienttech.co,8,Melbourne,AU,2026-06-21T03:33:06Z
2026-06-21,HR,Crown CultureLogic,541-931-1401 ext. 36,hello@crownculturelogic.io,https://www.crownculturelogic.io,381,Denver,US,2026-06-21T05:37:32Z
2026-06-21,ERP,NorthForgeApp,521-737-2728,contact@northforgeapp.co,https://www.northforgeapp.co,160,Vancouver,CA,2026-06-21T02:41:50Z
2026-06-21,ERP,Blue Fin Outsourcing,5799303907,info@bluefinoutsourcing.co,https://www.bluefinoutsourcing.co,234,Seattle,US,2026-06-21T03:24:01Z
2026-06-21,Medical,SummitClinicLogic,872-696-9418,info@summitcliniclogic.com,https://summitcliniclogic.com,27,Manchester,UK,2026-06-21T02:37:08Z
2026-06-21,MSP Platform,OmniNet Soft,+1 (448) 329-8471,info@omninetsoft.com,omninetsoft.com,519,Seattle,US,2026-06-21T02:29:50Z
2026-06-21,Medical,LumenRx Desk,834.960.7756,info@lumenrxdesk.io,lumenrxdesk.io,25,Calgary,CA,2026-06-21T01:29:02Z
2026-06-21,HR,Velo OnboardSolutions,(289) 433-9819,info@veloonboardsolutions.co,veloonboardsolutions.co,19,Hyderabad,IN,2026-06-21T03:05:15Z
2026-06-21,LEGAL ,CoreMatter Suite,02633547666,contact@coremattersuite.co,https://www.coremattersuite.co,8,Phoenix,US,2026-06-21T01:22:25Z
2026-06-21,Medical,ZephyrCareSoft,+12589629803 ext. 31,hello@zephyrcaresoft.net,https://zephyrcaresoft.net,30,Columbus,US,2026-06-21T06:26:35Z
2026-06-21,Legal,Arch Counsel Manpower Services,+16833722310,sales@archcounselmanpowerservices.com,https://www.archcounselmanpowerservices.com,58,Islamabad,PK,2026-06-21T05:18:34Z
2026-06-21,Legal,Alta VerdictDynamics,2553828997,contact@altaverdictdynamics.com,https://www.altaverdictdynamics.com,150,Leeds,UK,2026-06-21T01:18:51Z
2026-06-21,LMS,IronCohort Logic,+1 (267) 773-0374,info@ironcohortlogic.com,https://ironcohortlogic.com,46,Raleigh,US,2026-06-21T01:44:56Z
2026-06-21,ERP,Tidal MedSolutions,(936) 542-7154,sales@tidalmedsolutions.io,https://www.tidalmedsolutions.io,414,Phoenix,US,2026-06-21T01:16:54Z
2026-06-21,ERP,PolarisFinDesk,805-664-2169 ext. 32,sales@polarisfindesk.com,https://www.polarisfindesk.com,2098,Karachi,PK,2026-06-21T05:29:02Z
2026-06-21,legal,Core DocketLabs,(779) 496-2444,contact@coredocketlabs.com,https://coredocketlabs.com,527,Munich,DE,2026-06-21T04:58:36Z
2026-06-21,ERP,Anchor BatchCore,729-787-7628 ext. 47,contact@anchorbatchcore.io,anchorbatchcore.io,42,Leeds,UK,2026-06-21T05:16:12Z
2026-06-21,MSP Platform,BeaconNode Cloud,(879) 931-9011,sales@beaconnodecloud.io,https://www.beaconnodecloud.io,139,Boston,US,2026-06-21T03:21:53Z
2026-06-21,legal,FusionMatterApp,+17707836102,hello@fusionmatterapp.io,https://www.fusionmatterapp.io,N/A,Dublin,IE,2026-06-21T02:30:18Z
2026-06-21,ERP,IndigoLedgerCloud,(778) 364-1375,contact@indigoledgercloud.com,https://indigoledgercloud.com,500,Boston,US,2026-06-21T02:44:57Z
2026-06-21,LEGAL ,IronVerdictPlatform,+19817681095 ext. 97,hello@ironverdictplatform.com,https://ironverdictplatform.com,11,Phoenix,US,2026-06-21T05:04:37Z
2026-06-21,HR,TrueBenefitCloud,7953124599,hello@truebenefitcloud.io,https://www.truebenefitcloud.io,616,Bengaluru,IN,2026-06-21T05:54:26Z
2026-06-21,ERP,OnyxLedger Works,450-434-6345,-,https://www.onyxledgerworks.net,69,Lahore,PK,2026-06-21T01:25:13Z
2026-06-21,ERP,Nimbus’s OpsWorks,(938) 613-2453,sales@nimbusopsworks.com,https://nimbusopsworks.com,26,Calgary,CA,2026-06-21T01:55:16Z
2026-06-21,MSP Platform,Anchor Net Recruiting,+17135246074,hello@anchornetrecruiting.com,https://www.anchornetrecruiting.com,14,Manchester,UK,2026-06-21T01:11:12Z
2026-06-21,HR,CrownOnboard Logic,1-798-484-9353,sales@crownonboardlogic.io,crownonboardlogic.io,19,Raleigh,US,2026-06-21T06:17:44Z
2026-06-21,ERP,VertexOps Desk,+12612455594,info@vertexopsdesk.com,https://www.vertexopsdesk.com,5,Dublin,IE,2026-06-21T06:39:26Z
2026-06-21,HR,Ridge Perform Talent Agency,5136725851,sales@ridgeperformtalentagency.com,https://ridgeperformtalentagency.com,10,Columbus,US,2026-06-21T05:32:44Z
2026-06-21,ERP,RidgewayFin Logic,(280) 485-3148,hello@ridgewayfinlogic.com,https://www.ridgewayfinlogic.com,157,Boston,US,2026-06-21T05:59:31Z
2026-06-21,Medical,AtlasVital Soft,6212952494,contact@atlasvitalsoft.com,https://www.atlasvitalsoft.com,18,Seattle,US,2026-06-21T02:05:02Z
2026-06-21,LEGAL ,Nova MatterSystems,(924) 449-2331,contact@novamattersystems.io,https://novamattersystems.io,3762,Tampa,US,2026-06-21T03:55:23Z
2026-06-21,legal,Indigo BriefPlatform,756.429.4580,hello@indigobriefplatform.com,https://indigobriefplatform.com,223,Denver,US,2026-06-21T06:10:14Z
2026-06-21,Medical,TrueCareLabs,9122241913,info@truecarelabs.io,truecarelabs.io,49,Raleigh,US,2026-06-21T05:02:58Z
2026-06-21,ERP,RidgewayPlan Hub,985-478-3098,hello@ridgewayplanhub.com,https://ridgewayplanhub.com,6,Austin,US,2026-06-21T06:23:51Z
2026-06-21,MSP Platform,Pivot GridSystems,+14112351583,contact@pivotgridsystems.io,https://pivotgridsystems.io,81,Chicago,US,2026-06-21T06:06:03Z
2026-06-21,ERP,TrueOpsSolutions,306-603-9677,contact@trueopssolutions.io,https://www.trueopssolutions.io,N/A,Lahore,PK,2026-06-21T01:17:15Z
2026-06-21,MSP Platform,Lumen NodeHub,(680) 619-8343,hello@lumennodehub.com,https://www.lumennodehub.com,28,Amsterdam,NL,2026-06-21T02:02:13Z
2026-06-21,MSP Platform,BoldNodeDynamics,954-505-3700,,https://www.boldnodedynamics.com,23,London,UK,2026-06-21T05:13:17Z
2026-06-21,Legal,ZephyrVerdict Works,+12628741188,N/A,https://www.zephyrverdictworks.com,5,Sydney,AU,2026-06-21T03:41:19Z
2026-06-21,HR,BeaconTalentApp,428.328.9275,hello@beacontalentapp.io,https://www.beacontalentapp.io,436,Melbourne,AU,2026-06-21T01:43:53Z
2026-06-21,Medical,LumenPatient Solutions,+1 (847) 677-1792,hello@lumenpatientsolutions.com,https://www.lumenpatientsolutions.com,976,Raleigh,US,2026-06-21T05:15:45Z
2026-06-21,ERP,ZephyrResourceHub,784.804.5670,hello@zephyrresourcehub.io,https://www.zephyrresourcehub.io,14,Atlanta,US,2026-06-21T03:10:56Z
2026-06-21,MSP Platform,Delta NodeFlow,+16978540652,hello@deltanodeflow.com,https://deltanodeflow.com,16,Manchester,UK,2026-06-21T04:14:56Z
2026-06-21,HR,UmbraRosterApp,(523) 759-0433,sales@umbrarosterapp.com,https://www.umbrarosterapp.com,314,Atlanta,US,2026-06-21T02:17:52Z
2026-06-21,ERP,QuantumOrder Sphere,545-590-3151,sales@quantumordersphere.com,https://www.quantumordersphere.com,350,Seattle,US,2026-06-21T03:22:22Z
2026-06-21,Medical,GoldenHealthSync,368-350-8597,sales@goldenhealthsync.com,https://www.goldenhealthsync.com,43,Hyderabad,IN,2026-06-21T05:29:51Z
2026-06-21,legal,Fusion CounselSystems,(593) 499-9478,hello@fusioncounselsystems.com,https://www.fusioncounselsystems.com,35,Denver,US,2026-06-21T04:58:53Z
2026-06-21,Legal,GraniteClause Base,+19062386523,info@graniteclausebase.com,graniteclausebase.com,3738,Phoenix,US,2026-06-21T02:37:05Z
2026-06-21,HR,PivotBenefit Base,06903133339,contact@pivotbenefitbase.com,https://pivotbenefitbase.com,11,Austin,US,2026-06-21T04:39:33Z
2026-06-21,Medical,FalconCareDynamics,963-895-0465,hello@falconcaredynamics.com,https://www.falconcaredynamics.com,984,Manchester,UK,2026-06-21T06:53:58Z
2026-06-21,ERP,Willow ForgeSystems,5537137643,info@willowforgesystems.io,https://www.willowforgesystems.io,8,Amsterdam,NL,2026-06-21T04:26:00Z
2026-06-21,MSP Platform,RidgeEndpoint Sync,+1 (586) 442-9553,contact@ridgeendpointsync.com,https://www.ridgeendpointsync.com,28,Columbus,US,2026-06-21T03:43:53Z
2026-06-21,ERP,Core ChainSystems,08095941911,contact@corechainsystems.com,https://www.corechainsystems.com,14,Columbus,US,2026-06-21T03:27:05Z
2026-06-21,LEGAL ,Crown CompliPoint,+13288037736,sales@crowncomplipoint.net,https://www.crowncomplipoint.net,93,Manchester,UK,2026-06-21T02:37:45Z
2026-06-21,Medical,HarborClinic Platform,630-792-5466,contact@harborclinicplatform.com,https://www.harborclinicplatform.com,756,Austin,US,2026-06-21T02:09:40Z
2026-06-21,Medical,Rapid MedBase,323-630-9736,hello@rapidmedbase.com,https://www.rapidmedbase.com,27,Melbourne,AU,2026-06-21T01:41:31Z
2026-06-21,Medical,CedarRx Suite,+19488360579,info@cedarrxsuite.net,https://www.cedarrxsuite.net,44,N/A,US,2026-06-21T06:48:18Z
2026-06-21,HR,VistaTeam Platform,(764) 637-2067,hello@vistateamplatform.com,https://www.vistateamplatform.com,8,Raleigh,US,2026-06-21T04:20:31Z
2026-06-21,ERP,MetaResource Flow,941.984.7662,hello@metaresourceflow.co,https://www.metaresourceflow.co,66,Columbus,US,2026-06-21T04:26:19Z
2026-06-21,HR,MetaTalent Labs,6035725144,hello@metatalentlabs.com,https://metatalentlabs.com,5,Seattle,US,2026-06-21T02:55:36Z
2026-06-21,HR,NorthTalent Platform,(860) 815-2119,info@northtalentplatform.com,https://www.northtalentplatform.com,757,Columbus,US,2026-06-21T03:43:33Z
2026-06-21,Legal,Silver BriefLogic,713-574-0432,info@silverbrieflogic.com,https://www.silverbrieflogic.com,759,Austin,US,2026-06-21T04:04:01Z
2026-06-21,LMS,CrestPath Sphere,518-476-1341,sales@crestpathsphere.com,https://www.crestpathsphere.com,86,Tampa,US,2026-06-21T03:12:01Z
2026-06-21,LMS,Cobalt LearnHub,+15144216294,hello@cobaltlearnhub.com,https://www.cobaltlearnhub.com,174,Atlanta,US,2026-06-21T03:41:42Z
2026-06-21,ERP,NimbusResource Dynamics,8964379802,info@nimbusresourcedynamics.io,https://nimbusresourcedynamics.io,41,Toronto,CA,2026-06-21T05:16:14Z
2026-06-21,Medical,TidalChartLabs,(860) 809-3469,hello@tidalchartlabs.io,https://www.tidalchartlabs.io,12,Phoenix,US,2026-06-21T05:11:15Z
2026-06-21,HR,Fusion OnboardFlow,(832) 502-6012,info@fusiononboardflow.io,fusiononboardflow.io,3766,Phoenix,US,2026-06-21T03:20:53Z
2026-06-21,ERP,Meta OrderCloud,858-781-9312,hello@metaordercloud.com,https://www.metaordercloud.com,752,Atlanta,US,2026-06-21T04:56:04Z
2026-06-21,MSP Platform,LatticeUptimeSphere,383-607-1797,sales@latticeuptimesphere.net,https://latticeuptimesphere.net,44,Atlanta,US,2026-06-21T02:24:16Z
2026-06-21,HR,LatticeShift Core,(652) 640-3951,sales@latticeshiftcore.com,https://latticeshiftcore.com,6,Phoenix,US,2026-06-21T05:31:02Z
2026-06-21,MSP Platform,Willow EndpointPoint,4872274444,contact@willowendpointpoint.io,willowendpointpoint.io,19,Amsterdam,NL,2026-06-21T01:15:54Z
2026-06-21,HR,Cedar PeopleDesk,(346) 970-7743,sales@cedarpeopledesk.com,https://www.cedarpeopledesk.com,334,Atlanta,US,2026-06-21T06:22:15Z
2026-06-21,MSP Platform,LatticeEndpointDynamics,+17819304181,info@latticeendpointdynamics.co,https://latticeendpointdynamics.co,72,Chicago,US,2026-06-21T01:48:45Z
2026-06-21,HR,ClearShiftApp,3669639117,info@clearshiftapp.com,https://www.clearshiftapp.com,38,Atlanta,US,2026-06-21T04:02:46Z
2026-06-21,LMS,VistaMentorApp,1-800-870-5658,info@vistamentorapp.com,vistamentorapp.com,46,Bengaluru,IN,2026-06-21T05:25:42Z
2026-06-21,Legal,VertexBrief Suite,+17669840585,contact@vertexbriefsuite.co,https://vertexbriefsuite.co,11,Tampa,US,2026-06-21T06:07:58Z
2026-06-21,HR,Crest RosterSystems,(341) 775-4507,contact@crestrostersystems.com,https://crestrostersystems.com,66,Munich,DE,2026-06-21T01:07:30Z
2026-06-21,ERP,DeltaForgeApp,1-894-496-3492,-,deltaforgeapp.com,87,Sydney,AU,2026-06-21T02:48:42Z
2026-06-21,MSP Platform,LatticeNodePlatform,05294236025,info@latticenodeplatform.io,https://latticenodeplatform.io,6,Raleigh,US,2026-06-21T03:18:36Z
2026-06-21,HR,EmberShift Solutions,914.786.4264,hello@embershiftsolutions.io,https://embershiftsolutions.io,36,Columbus,US,2026-06-21T01:56:22Z
2026-06-21,Lgl,Core Clause Consultants,(785) 757-7430,sales@coreclauseconsultants.io,https://www.coreclauseconsultants.io,21,Sydney,AU,2026-06-21T06:04:53Z
2026-06-21,Lgl,OmniFilingApp,+15502349453,contact@omnifilingapp.io,https://www.omnifilingapp.io,7,Dublin,IE,2026-06-21T02:35:57Z
2026-06-21,ERP,Umbra StockLogic,(850) 990-3265,contact@umbrastocklogic.co,https://umbrastocklogic.co,2817,Raleigh,US,2026-06-21T05:56:37Z
2026-06-21,ERP,RavenChain Hub,441-768-9723,sales@ravenchainhub.io,https://www.ravenchainhub.io,505,Sydney,AU,2026-06-21T02:46:06Z
2026-06-21,MSP Platform,BoldPatchFlow,+18877293197,sales@boldpatchflow.com,https://www.boldpatchflow.com,50,London,UK,2026-06-21T05:27:11Z
2026-06-21,ERP,GraniteBatch Platform,1-673-361-0895,hello@granitebatchplatform.net,https://www.granitebatchplatform.net,36,Columbus,US,2026-06-21T03:23:18Z
2026-06-21,ERP,VertexForge Desk,929.745.7128,info@vertexforgedesk.io,vertexforgedesk.io,41,Seattle,US,2026-06-21T04:30:06Z
2026-06-21,ERP,Nimbus OrderSphere,5215835532,contact@nimbusordersphere.com,https://www.nimbusordersphere.com,5,Austin,US,2026-06-21T03:31:06Z
2026-06-21,LMS,Lattice CoursePlatform,1-252-477-9437,contact@latticecourseplatform.io,https://latticecourseplatform.io,817,Manchester,UK,2026-06-21T03:51:16Z
2026-06-21,HR,CedarBenefit Logic,03108296312,hello@cedarbenefitlogic.net,https://cedarbenefitlogic.net,87,Raleigh,US,2026-06-21T04:00:21Z
2026-06-21,ERP,Fusion StockDesk,4198993061,hello@fusionstockdesk.com,https://fusionstockdesk.com,92,Denver,US,2026-06-21T05:08:46Z
2026-06-21,Medical,XenonPulse Logic,1-649-995-5374,hello@xenonpulselogic.net,https://www.xenonpulselogic.net,48,Leeds,UK,2026-06-21T02:10:03Z
2026-06-21,MSP Platform,Anchor MonitorSuite,(791) 439-1117,N/A,https://anchormonitorsuite.co,232,Columbus,US,2026-06-21T05:24:23Z
2026-06-21,HR,DeltaPayrollSolutions,979.893.5940,contact@deltapayrollsolutions.com,https://www.deltapayrollsolutions.com,360,Toronto,CA,2026-06-21T06:52:40Z
2026-06-21,Medical,Nimbus ClinicCloud,+19372938058,info@nimbuscliniccloud.com,https://www.nimbuscliniccloud.com,22,Tampa,US,2026-06-21T02:58:46Z
2026-06-21,LMS,SolidLearn Sync,855-933-2822,contact@solidlearnsync.com,https://www.solidlearnsync.com,15,Austin,US,2026-06-21T04:10:01Z
2026-06-21,MSP Platform,Bold GridBase,+1 (639) 966-7484,contact@boldgridbase.co,https://www.boldgridbase.co,12,Seattle,US,2026-06-21T02:55:46Z
2026-06-21,LEGAL ,MosaicMatter Hub,554-692-8908,hello@mosaicmatterhub.com,https://mosaicmatterhub.com,3828,Seattle,US,2026-06-21T04:43:04Z
2026-06-21,legal,HarborVerdictDesk,+17437167758,sales@harborverdictdesk.com,harborverdictdesk.com,19,Atlanta,US,2026-06-21T05:05:50Z
2026-06-21,ERP,CrestBatch Suite,239-617-7183,info@crestbatchsuite.com,https://www.crestbatchsuite.com,5,Vancouver,CA,2026-06-21T05:26:10Z
2026-06-21,HR,Ember PayrollApp,+1 (571) 573-9195,sales@emberpayrollapp.com,https://emberpayrollapp.com,717,Tampa,US,2026-06-21T04:09:35Z
2026-06-21,ERP,Crown PlanLogic,854-670-5863,hello@crownplanlogic.com,crownplanlogic.com,8,Phoenix,US,2026-06-21T03:01:14Z
2026-06-21,MSP Platform,ClearMonitor Sync,(744) 842-9956,contact@clearmonitorsync.com,https://clearmonitorsync.com,803,Tampa,US,2026-06-21T01:59:37Z
2026-06-21,HR,Omni CultureSolutions,666.675.3710,contact@omniculturesolutions.co,omniculturesolutions.co,417,Chicago,US,2026-06-21T01:57:08Z
2026-06-21,ERP,FusionStock Cloud,3839078972,hello@fusionstockcloud.com,https://www.fusionstockcloud.com,6,Chicago,US,2026-06-21T01:36:30Z
2026-06-21,Medical,HarborVitalLogic,+13643877658,sales@harborvitallogic.io,harborvitallogic.io,417,Amsterdam,NL,2026-06-21T04:13:25Z
2026-06-21,Legal,Indigo Verdict Consultants,891.359.9455,sales@indigoverdictconsultants.net,https://indigoverdictconsultants.net,71,Pune,IN,2026-06-21T03:27:56Z
2026-06-21,HR,Nova OnboardPoint,1-741-774-3132,sales@novaonboardpoint.com,https://www.novaonboardpoint.com,106,Denver,US,2026-06-21T01:08:34Z
2026-06-21,MSP Platform,TruePatch Labs,687-712-7737,hello@truepatchlabs.co,https://www.truepatchlabs.co,18,Tampa,US,2026-06-21T05:33:42Z
2026-06-21,Legal,ZenVerdict Sync,(524) 208-2848,info@zenverdictsync.io,https://www.zenverdictsync.io,17,Austin,US,2026-06-21T03:03:35Z
2026-06-21,Medical,Delta CareLabs,8424519684 ext. 55,contact@deltacarelabs.com,https://www.deltacarelabs.com,26,Austin,US,2026-06-21T04:53:40Z
2026-06-21,ERP,Crest PlanCore,+14264094142 ext. 15,hello@crestplancore.net,https://www.crestplancore.net,88,Austin,US,2026-06-21T01:45:47Z
2026-06-21,Medical,Nimbus ChartWorks,1-234-279-0108,hello@nimbuschartworks.io,https://www.nimbuschartworks.io,171,Austin,US,2026-06-21T05:15:37Z
2026-06-21,MSP Platform,QuantumNet Desk,7477333491,contact@quantumnetdesk.com,quantumnetdesk.com,349,,CA,2026-06-21T02:41:12Z
2026-06-21,MSP Platform,Clear NodePlatform,214-758-7076,info@clearnodeplatform.com,https://clearnodeplatform.com,26,Seattle,US,2026-06-21T02:50:53Z
2026-06-21,HR,Lumen TalentDesk,6496768518,contact@lumentalentdesk.com,https://lumentalentdesk.com,115,Austin,US,2026-06-21T03:27:18Z
2026-06-21,LMS,PrimeLessonApp,(342) 667-0377 ext. 95,contact@primelessonapp.net,https://www.primelessonapp.net,44,Toronto,CA,2026-06-21T05:27:34Z
2026-06-21,MSP Platform,BrightMonitor App,(804) 815-0752,sales@brightmonitorapp.co,https://brightmonitorapp.co,7,Munich,DE,2026-06-21T04:09:28Z
2026-06-21,MSP Platform,GraniteMonitor Base,5086356572,sales@granitemonitorbase.io,granitemonitorbase.io,462,Boston,US,2026-06-21T01:35:28Z
2026-06-21,Medical,Lumen PatientLabs,575.714.7330,sales@lumenpatientlabs.io,https://lumenpatientlabs.io,20,Leeds,UK,2026-06-21T01:02:21Z
2026-06-21,ERP,HaloFin Core,+17777539294,info@halofincore.io,https://www.halofincore.io,814,Denver,US,2026-06-21T06:41:23Z
2026-06-21,ERP,Crest StockLogic,+19574090194 ext. 3,sales@creststocklogic.com,https://www.creststocklogic.com,18,Phoenix,US,2026-06-21T04:17:30Z
2026-06-21,legal,PrimeClauseApp,586-563-0298,info@primeclauseapp.co,https://www.primeclauseapp.co,463,Boston,US,2026-06-21T02:34:15Z
2026-06-21,ERP,HaloPlan Works,+12568753074,hello@haloplanworks.com,https://www.haloplanworks.com,7,Chicago,US,2026-06-21T02:56:27Z
2026-06-21,MSP Platform,ZenNode Sync,+18576277681,hello@zennodesync.io,https://www.zennodesync.io,615,Austin,US,2026-06-21T02:30:19Z
2026-06-21,HR,Beacon TalentSync,908.878.8448,contact@beacontalentsync.co,https://www.beacontalentsync.co,221,Bengaluru,IN,2026-06-21T03:11:10Z
2026-06-21,HR,ZephyrPeople Sphere,+1 (730) 450-1709,contact@zephyrpeoplesphere.com,https://www.zephyrpeoplesphere.com,54,Tampa,US,2026-06-21T03:09:33Z
2026-06-21,MSP Platform,BeaconUptimeApp,1-381-248-2633,info@beaconuptimeapp.io,beaconuptimeapp.io,450,London,UK,2026-06-21T02:17:31Z
2026-06-21,ERP,RidgewayPlan Dynamics,+17728169775,contact@ridgewayplandynamics.com,https://ridgewayplandynamics.com,125,Columbus,US,2026-06-21T03:24:58Z
2026-06-21,ERP,Bold ChainPlatform,969-217-1632,null,boldchainplatform.com,298,Chicago,US,2026-06-21T06:08:09Z
2026-06-21,ERP,Apex Chain BPO Services,+19529411501,hello@apexchainbposervices.com,https://www.apexchainbposervices.com,386,Raleigh,US,2026-06-21T01:30:56Z
2026-06-21,Medical,GraniteCare Desk,(370) 896-0443 ext. 52,info@granitecaredesk.com,https://granitecaredesk.com,229,Munich,DE,2026-06-21T02:09:11Z
2026-06-21,HR,OmniPayrollHub,925-206-2541,sales@omnipayrollhub.io,omnipayrollhub.io,60,Toronto,CA,2026-06-21T03:39:25Z
2026-06-21,ERP,Orbit ChainPlatform,226-228-2109,sales@orbitchainplatform.com,https://www.orbitchainplatform.com,34,Raleigh,US,2026-06-21T02:45:37Z
2026-06-21,ERP,ArchForge Sphere,877-962-2435,sales@archforgesphere.com,https://www.archforgesphere.com,895,Chicago,US,2026-06-21T05:21:46Z
2026-06-21,legal,CoreFiling Dynamics,839.650.7084,hello@corefilingdynamics.com,https://www.corefilingdynamics.com,88,Raleigh,US,2026-06-21T05:05:29Z
2026-06-21,ERP,XenonOrder Core,9219488308,hello@xenonordercore.com,https://xenonordercore.com,253,Chicago,US,2026-06-21T01:45:51Z
2026-06-21,ERP,NovaFin Logic,268.294.2968,info@novafinlogic.net,https://www.novafinlogic.net,77,Raleigh,US,2026-06-21T04:39:25Z
2026-06-21,Medical,Bright Pulse Consultants,1-734-203-2170,contact@brightpulseconsultants.com,https://www.brightpulseconsultants.com,31,Denver,US,2026-06-21T04:19:28Z
2026-06-21,MSP Platform,RidgewayGrid Solutions,783.537.4706,contact@ridgewaygridsolutions.com,https://www.ridgewaygridsolutions.com,11,Vancouver,CA,2026-06-21T04:09:35Z
2026-06-21,Medical,Onyx PulseCloud,834-286-1273,sales@onyxpulsecloud.com,https://www.onyxpulsecloud.com,42,Austin,US,2026-06-21T06:22:49Z
2026-06-21,HR,Umbra PerformSoft,934-303-0468,info@umbraperformsoft.com,https://www.umbraperformsoft.com,106,Chicago,US,2026-06-21T03:26:52Z
2026-06-21,Legal,CoreDocket Logic,+19427472500,N/A,https://www.coredocketlogic.com,51,Seattle,US,2026-06-21T05:27:50Z
2026-06-21,HR,IndigoPerform Systems,+19019694159,contact@indigoperformsystems.io,https://www.indigoperformsystems.io,19,Denver,US,2026-06-21T06:04:34Z
2026-06-21,HR,HarborBenefit Cloud,+14247485517,sales@harborbenefitcloud.com,https://www.harborbenefitcloud.com,105,Austin,US,2026-06-21T06:18:53Z
2026-06-21,HR,OrbitShift App,763-523-8953,contact@orbitshiftapp.io,https://www.orbitshiftapp.io,234,Columbus,US,2026-06-21T05:55:54Z
2026-06-21,ERP,ZenResource Hub,571-965-6442,info@zenresourcehub.co,https://www.zenresourcehub.co,36,Austin,US,2026-06-21T02:11:37Z
2026-06-21,ERP,Blue OpsWorks,+16765874454 ext. 15,sales@blueopsworks.co,https://www.blueopsworks.co,24,Phoenix,US,2026-06-21T01:44:23Z
2026-06-21,LEGAL ,Harbor MatterTech,(369) 622-9522,contact@harbormattertech.io,https://www.harbormattertech.io,23,Boston,US,2026-06-21T02:52:22Z
2026-06-21,ERP,Ember PlanLabs,806.512.8944,hello@emberplanlabs.co,https://www.emberplanlabs.co,31,Sydney,AU,2026-06-21T02:04:13Z
2026-06-21,ERP,Nova OpsDesk,+16403034201,sales@novaopsdesk.com,https://www.novaopsdesk.com,130,Amsterdam,NL,2026-06-21T04:29:17Z
2026-06-21,MSP Platform,SableTicketSync,(657) 642-2646,contact@sableticketsync.com,https://www.sableticketsync.com,9,Singapore,SG,2026-06-21T04:14:28Z
2026-06-21,HR,ZenTalentLabs,6765529774,info@zentalentlabs.com,https://www.zentalentlabs.com,18,Boston,US,2026-06-21T05:51:24Z
2026-06-21,HR,XenonRosterCore,347-721-0824,contact@xenonrostercore.com,https://www.xenonrostercore.com,67,Manchester,UK,2026-06-21T02:30:58Z
2026-06-21,ERP,ClearFinApp,6287039057,sales@clearfinapp.io,https://www.clearfinapp.io,71,Boston,US,2026-06-21T06:49:53Z
2026-06-21,ERP,TrueOps Platform,1-907-889-8266,sales@trueopsplatform.com,https://trueopsplatform.com,86,Sydney,AU,2026-06-21T06:14:02Z
2026-06-21,HR,Raven TalentPoint,284.480.2471,contact@raventalentpoint.net,https://www.raventalentpoint.net,20,Seattle,US,2026-06-21T06:31:16Z
2026-06-21,HR,LumenPerformFlow,3224978519,sales@lumenperformflow.com,https://lumenperformflow.com,79,Leeds,UK,2026-06-21T01:09:11Z
2026-06-21,Medical,SableMed Desk,(943) 466-6917,contact@sablemeddesk.com,sablemeddesk.com,9,Vancouver,CA,2026-06-21T06:00:52Z
2026-06-21,ERP,ClearChain Labs,644.485.9914,info@clearchainlabs.com,https://www.clearchainlabs.com,76,Amsterdam,NL,2026-06-21T05:54:37Z
2026-06-21,MSP Platform,RapidNet Base,(488) 533-2411,info@rapidnetbase.com,https://www.rapidnetbase.com,16,Berlin,DE,2026-06-21T01:12:41Z
2026-06-21,ERP,GoldenChain Tech,1-817-663-1104,hello@goldenchaintech.com,goldenchaintech.com,,Singapore,SG,2026-06-21T02:35:36Z
2026-06-21,Legal,BlueLawSuite,(488) 500-0088,hello@bluelawsuite.com,https://bluelawsuite.com,765,Austin,US,2026-06-21T01:14:59Z
2026-06-21,ERP,Nimbus ForgeCloud,(664) 446-9982,info@nimbusforgecloud.io,https://www.nimbusforgecloud.io,37,Seattle,US,2026-06-21T01:32:18Z
2026-06-21,Medical,WillowCarePlatform,593-539-1381,hello@willowcareplatform.com,https://willowcareplatform.com,48,Denver,US,2026-06-21T05:49:27Z
2026-06-21,LEGAL ,SolidClauseWorks,(228) 267-4990,sales@solidclauseworks.net,solidclauseworks.net,23,Chicago,US,2026-06-21T05:31:49Z
2026-06-21,MSP Platform,True UptimeSoft,7429680293,sales@trueuptimesoft.com,https://www.trueuptimesoft.com,2878,Chicago,US,2026-06-21T01:13:10Z
2026-06-21,ERP,ApexBatch Sphere,+15197418898,sales@apexbatchsphere.co,https://www.apexbatchsphere.co,631,Phoenix,US,2026-06-21T03:03:40Z
2026-06-21,HR,Velo CultureLabs,802-325-3885,contact@veloculturelabs.com,https://veloculturelabs.com,67,Dublin,IE,2026-06-21T04:54:08Z
2026-06-21,ERP,Orbit FinSolutions,1-380-948-0743,contact@orbitfinsolutions.com,https://orbitfinsolutions.com,23,Raleigh,US,2026-06-21T05:43:59Z
2026-06-21,ERP,SableOrder Base,(439) 662-1321,info@sableorderbase.com,https://www.sableorderbase.com,198,Denver,US,2026-06-21T05:24:33Z
2026-06-21,Medical,Crest ChartDynamics,878-404-8740,info@crestchartdynamics.com,crestchartdynamics.com,122,Denver,US,2026-06-21T02:28:33Z
2026-06-21,Medical,Ridge TriageSphere,+1 (273) 785-4817,sales@ridgetriagesphere.com,https://www.ridgetriagesphere.com,4678,Sydney,AU,2026-06-21T02:41:00Z
2026-06-21,MSP Platform,ZenEndpointSystems,(344) 553-0470,hello@zenendpointsystems.net,https://zenendpointsystems.net,70,Seattle,US,2026-06-21T02:59:04Z
2026-06-21,MSP Platform,Tidal PatchWorks,+16197357684,info@tidalpatchworks.com,https://www.tidalpatchworks.com,1352,Lahore,PK,2026-06-21T03:33:31Z
2026-06-21,ERP,VertexChainDynamics,+18154663139,hello@vertexchaindynamics.com,https://www.vertexchaindynamics.com,2762,-,IN,2026-06-21T04:42:38Z
2026-06-21,ERP,Solid StockSystems,+19583749732,info@solidstocksystems.com,https://www.solidstocksystems.com,33,Bengaluru,IN,2026-06-21T01:40:37Z
2026-06-21,legal,VertexMatter Cloud,+16459785641,sales@vertexmattercloud.co,vertexmattercloud.co,44,Austin,US,2026-06-21T03:21:35Z
2026-06-21,ERP,XenonChain Solutions,5283947056,info@xenonchainsolutions.co,https://www.xenonchainsolutions.co,62,Chicago,US,2026-06-21T02:14:15Z
2026-06-21,HR,LatticePayrollBase,(377) 479-2900,info@latticepayrollbase.co,https://www.latticepayrollbase.co,195,Seattle,US,2026-06-21T03:42:50Z
2026-06-21,Medical,SummitPatient Works,585.334.9764,hello@summitpatientworks.io,https://www.summitpatientworks.io,56,Boston,US,2026-06-21T04:53:53Z
2026-06-21,Lgl,Juniper BriefSync,(928) 440-2984,info@juniperbriefsync.com,juniperbriefsync.com,38,Seattle,US,2026-06-21T03:10:02Z
2026-06-21,Legal,IronVerdictPoint,1-755-531-0234,info@ironverdictpoint.com,https://www.ironverdictpoint.com,-,Phoenix,US,2026-06-21T01:29:38Z
2026-06-21,Legal,OmniMatterLogic,1-964-962-3532,contact@omnimatterlogic.net,https://omnimatterlogic.net,273,Chicago,US,2026-06-21T05:20:39Z
2026-06-21,HR,Halo OnboardSystems,(947) 822-2946 ext. 69,contact@haloonboardsystems.com,https://haloonboardsystems.com,59,Atlanta,US,2026-06-21T03:45:01Z
2026-06-21,Medical,ApexRx Sphere,407-751-5858,contact@apexrxsphere.com,https://apexrxsphere.com,285,Sydney,AU,2026-06-21T04:37:31Z
2026-06-21,HR,EmberRoster Base,1-850-652-8388,contact@emberrosterbase.com,emberrosterbase.com,99,Phoenix,US,2026-06-21T04:09:49Z
2026-06-21,ERP,SolidResource Flow,8465362608,info@solidresourceflow.com,https://www.solidresourceflow.com,3754,Phoenix,US,2026-06-21T06:22:51Z
2026-06-21,Medical,XenonHealth Solutions,988-417-7121,hello@xenonhealthsolutions.co,https://xenonhealthsolutions.co,51,Seattle,US,2026-06-21T01:17:46Z
2026-06-21,Lgl,HarborDocket Point,474-304-3389,contact@harbordocketpoint.com,harbordocketpoint.com,10,Tampa,US,2026-06-21T05:56:09Z
2026-06-21,Legal,Omni MatterSolutions,711.883.5133,info@omnimattersolutions.net,https://www.omnimattersolutions.net,224,Denver,US,2026-06-21T02:13:48Z
2026-06-21,legal,HaloDocketLogic,298-923-6813,N/A,https://halodocketlogic.com,11,Columbus,US,2026-06-21T01:51:11Z
2026-06-21,HR,OrbitTalent Cloud,+18113667302,info@orbittalentcloud.io,https://www.orbittalentcloud.io,83,Vancouver,CA,2026-06-21T02:10:11Z
2026-06-21,ERP,Atlas Ops Consulting Group,1-326-358-7728,contact@atlasopsconsultinggroup.io,https://atlasopsconsultinggroup.io,41,Austin,US,2026-06-21T06:14:04Z
2026-06-21,HR,RavenPeopleTech,+1 (251) 901-5710,info@ravenpeopletech.com,https://ravenpeopletech.com,25,Chicago,US,2026-06-21T06:14:20Z
2026-06-21,Legal,Cedar DocketCloud,694-598-8778,hello@cedardocketcloud.com,https://www.cedardocketcloud.com,498,Amsterdam,NL,2026-06-21T04:04:49Z
2026-06-21,Medical,ClearMed Platform,1-811-593-0155,contact@clearmedplatform.io,https://clearmedplatform.io,869,London,UK,2026-06-21T05:18:16Z
2026-06-21,Medical,ArchRx Logic,486-415-9179 ext. 3,sales@archrxlogic.com,https://www.archrxlogic.com,210,Austin,US,2026-06-21T03:16:20Z
2026-06-21,ERP,Delta FinFlow,5934820298,info@deltafinflow.co,https://www.deltafinflow.co,10,Phoenix,US,2026-06-21T04:47:30Z
2026-06-21,HR,SableTeamCore,605.203.1378,sales@sableteamcore.com,https://sableteamcore.com,501,Phoenix,US,2026-06-21T03:05:40Z
2026-06-21,HR,Nova CulturePoint,923-941-5415,info@novaculturepoint.com,https://www.novaculturepoint.com,205,Tampa,US,2026-06-21T06:08:24Z
2026-06-21,ERP,Clear’s ChainPlatform,(468) 645-1329,info@clearchainplatform.com,https://www.clearchainplatform.com,8,Columbus,US,2026-06-21T06:01:07Z
2026-06-21,Lgl,Ridge MatterSphere,1-631-367-0926,hello@ridgemattersphere.com,ridgemattersphere.com,3573,Columbus,US,2026-06-21T04:51:35Z
2026-06-21,Legal,UmbraFilingPlatform,(214) 908-7826,info@umbrafilingplatform.io,https://www.umbrafilingplatform.io,41,Denver,US,2026-06-21T06:41:06Z
2026-06-21,ERP,Falcon LedgerSuite,(214) 290-1059,info@falconledgersuite.io,https://falconledgersuite.io,47,Hyderabad,IN,2026-06-21T01:24:41Z
2026-06-21,LMS,IronRoster Tech,(723) 338-0848 ext. 82,info@ironrostertech.com,https://www.ironrostertech.com,364,Chicago,US,2026-06-21T06:35:01Z
2026-06-21,HR,PioneerCulture Labs,(562) 766-7481,hello@pioneerculturelabs.io,https://www.pioneerculturelabs.io,429,Seattle,US,2026-06-21T03:25:50Z
2026-06-21,ERP,BoldOpsLogic,(747) 300-1432,hello@boldopslogic.com,https://boldopslogic.com,573,Phoenix,US,2026-06-21T01:53:34Z
2026-06-21,legal,VertexClause Tech,+1 (364) 865-6600,info@vertexclausetech.com,https://www.vertexclausetech.com,8,Denver,US,2026-06-21T01:13:18Z
2026-06-21,MSP Platform,QuantumNet Cloud,808-400-0558,hello@quantumnetcloud.com,https://www.quantumnetcloud.com,14,Vancouver,CA,2026-06-21T02:01:30Z
2026-06-21,legal,Golden CompliSystems,(968) 291-6892,sales@goldencomplisystems.com,goldencomplisystems.com,90,Atlanta,US,2026-06-21T01:47:40Z
2026-06-21,HR,GoldenOnboard Cloud,884-473-4762,contact@goldenonboardcloud.com,https://www.goldenonboardcloud.com,166,Pune,IN,2026-06-21T04:55:52Z
2026-06-21,LMS,Velo PathCore,(236) 415-3934,hello@velopathcore.co,https://www.velopathcore.co,76,Tampa,US,2026-06-21T03:43:36Z
2026-06-21,Medical,HaloPulse Hub,6868495273,info@halopulsehub.net,https://www.halopulsehub.net,23,Chicago,US,2026-06-21T03:49:43Z
2026-06-21,ERP,NovaFinDesk,1-231-803-0206,hello@novafindesk.io,https://novafindesk.io,104,Leeds,UK,2026-06-21T01:16:28Z
2026-06-21,ERP,PivotOps Works,598-751-9043,info@pivotopsworks.com,https://pivotopsworks.com,null,Austin,US,2026-06-21T01:26:23Z
2026-06-21,Medical,Apex VitalSoft,770.365.3582,hello@apexvitalsoft.net,https://www.apexvitalsoft.net,78,Austin,US,2026-06-21T03:08:04Z
2026-06-21,MSP Platform,CobaltMonitorSoft,820-221-6772,contact@cobaltmonitorsoft.io,https://www.cobaltmonitorsoft.io,2282,Vancouver,CA,2026-06-21T02:34:16Z
2026-06-21,Lgl,OrbitCompliPoint,09247875305,contact@orbitcomplipoint.com,https://www.orbitcomplipoint.com,47,Phoenix,US,2026-06-21T03:33:22Z
2026-06-21,ERP,RidgeResource Desk,(962) 772-7415 ext. 95,contact@ridgeresourcedesk.com,https://www.ridgeresourcedesk.com,432,Atlanta,US,2026-06-21T01:52:54Z
2026-06-21,MSP Platform,BrightRemote Tech,(483) 398-4935,sales@brightremotetech.io,https://www.brightremotetech.io,8,Pune,IN,2026-06-21T06:12:17Z
2026-06-21,Medical,Orbit HealthPoint,736-561-8384,sales@orbithealthpoint.co,https://www.orbithealthpoint.co,48,Columbus,US,2026-06-21T04:30:46Z
2026-06-21,HR,SilverPerform Suite,279-624-0294,hello@silverperformsuite.io,https://silverperformsuite.io,16,Islamabad,PK,2026-06-21T05:38:29Z
2026-06-21,Legal,Raven ClauseLabs,832-830-1990,hello@ravenclauselabs.net,https://www.ravenclauselabs.net,167,London,UK,2026-06-21T04:28:50Z
2026-06-21,Medical,Polaris MedPoint,983-953-8336,contact@polarismedpoint.io,https://www.polarismedpoint.io,7,Boston,US,2026-06-21T04:10:55Z
2026-06-21,Medical,ApexVital Hub,492.203.7733,sales@apexvitalhub.com,apexvitalhub.com,5,Boston,US,2026-06-21T02:03:44Z
2026-06-21,MSP Platform,BoldGridFlow,1-353-860-7305,contact@boldgridflow.com,https://www.boldgridflow.com,6,Columbus,US,2026-06-21T01:35:04Z
2026-06-21,ERP,WillowForge Logic,+1 (962) 412-1246,info@willowforgelogic.com,https://www.willowforgelogic.com,25,Pune,IN,2026-06-21T05:49:56Z
2026-06-21,Medical,UmbraCare Platform,(652) 517-4806,hello@umbracareplatform.com,https://umbracareplatform.com,293,Dublin,IE,2026-06-21T06:44:27Z
2026-06-21,Lgl,PivotMatterApp,(892) 325-1987,info@pivotmatterapp.io,https://www.pivotmatterapp.io,80,Atlanta,US,2026-06-21T04:36:50Z
2026-06-21,LMS,IndigoLesson Platform,+1 (512) 570-3331,sales@indigolessonplatform.com,https://indigolessonplatform.com,173,-,US,2026-06-21T03:29:31Z
2026-06-21,Medical,FusionRxSphere,(286) 965-4238,hello@fusionrxsphere.net,https://www.fusionrxsphere.net,73,Austin,US,2026-06-21T06:35:14Z
2026-06-21,ERP,SummitForgeSoft,8784526269,sales@summitforgesoft.com,https://www.summitforgesoft.com,73,Denver,US,2026-06-21T03:39:44Z
2026-06-21,Medical,QuartzRx Suite,+18422674575,info@quartzrxsuite.io,https://quartzrxsuite.io,842,Boston,US,2026-06-21T06:52:39Z
2026-06-21,HR,SolidShiftPlatform,02657330154,info@solidshiftplatform.co,https://www.solidshiftplatform.co,655,Phoenix,US,2026-06-21T06:25:11Z
2026-06-21,Lgl,PolarisDocketPoint’s,4995611953,contact@polarisdocketpoint.com,https://polarisdocketpoint.com,69,Phoenix,US,2026-06-21T04:17:04Z
2026-06-21,MSP Platform,NorthStackSystems,512.665.5350,sales@northstacksystems.com,northstacksystems.com,9,Tampa,US,2026-06-21T04:38:40Z
2026-06-21,ERP,QuantumOrder Cloud,2052107661,hello@quantumordercloud.co,https://quantumordercloud.co,196,Karachi,PK,2026-06-21T02:51:49Z
2026-06-21,Legal,TidalFilingPoint,+12635080882,hello@tidalfilingpoint.io,https://www.tidalfilingpoint.io,82,Toronto,CA,2026-06-21T02:50:58Z
2026-06-21,ERP,FusionFinCore,939-660-0578,info@fusionfincore.io,fusionfincore.io,36,Calgary,CA,2026-06-21T06:40:23Z
2026-06-21,ERP,BoldChainLogic,9894166904,sales@boldchainlogic.co,https://www.boldchainlogic.co,5,Atlanta,US,2026-06-21T02:21:34Z
2026-06-21,Medical,RavenTriage Base,7052683217,info@raventriagebase.co,https://raventriagebase.co,150,Austin,US,2026-06-21T05:40:32Z
2026-06-21,MSP Platform,PrimeStack Platform,906.608.1126,hello@primestackplatform.io,https://www.primestackplatform.io,69,Phoenix,US,2026-06-21T03:25:51Z
2026-06-21,legal,ApexVerdict Sphere,+15288314372,info@apexverdictsphere.com,https://www.apexverdictsphere.com,10,Islamabad,PK,2026-06-21T02:56:28Z
2026-06-21,MSP Platform,CrownPatch Suite,+1 (798) 619-7315,info@crownpatchsuite.com,https://www.crownpatchsuite.com,18,Austin,US,2026-06-21T02:36:39Z
2026-06-21,LMS,Falcon CohortDesk,(358) 902-1642,contact@falconcohortdesk.co,https://www.falconcohortdesk.co,39,Toronto,CA,2026-06-21T02:53:17Z
2026-06-21,MSP Platform,PrimeNode Sync,(956) 388-4728,hello@primenodesync.com,https://primenodesync.com,15,London,UK,2026-06-21T02:56:15Z
2026-06-21,ERP,Pioneer LedgerSync,(434) 337-2977,,https://www.pioneerledgersync.com,39,Vancouver,CA,2026-06-21T05:45:38Z
2026-06-21,Lgl,Delta’s CounselTech,3287169728,hello@deltacounseltech.com,deltacounseltech.com,22,Atlanta,US,2026-06-21T04:53:29Z
2026-06-21,HR,IndigoPeopleSystems,626-826-0285,contact@indigopeoplesystems.io,https://www.indigopeoplesystems.io,233,Manchester,UK,2026-06-21T01:02:56Z
2026-06-21,HR,BrightPeoplePlatform,02429199777,sales@brightpeopleplatform.io,https://brightpeopleplatform.io,329,Denver,US,2026-06-21T01:19:21Z
2026-06-21,MSP Platform,EmberPatchSphere,590.342.1883,hello@emberpatchsphere.com,https://www.emberpatchsphere.com,36,Chicago,US,2026-06-21T01:45:57Z
2026-06-21,MSP Platform,ApexGridBase,2983154327,hello@apexgridbase.com,https://apexgridbase.com,32,Boston,US,2026-06-21T03:44:14Z
2026-06-21,HR,VertexRosterBase,6624786972,sales@vertexrosterbase.com,https://www.vertexrosterbase.com,201,Denver,US,2026-06-21T06:29:34Z
2026-06-21,Legal,ArchCase Cloud,(277) 798-2483 ext. 36,contact@archcasecloud.com,https://www.archcasecloud.com,291,Tampa,US,2026-06-21T06:59:49Z
2026-06-21,ERP,PioneerOrder Sync,(825) 293-4818 ext. 45,contact@pioneerordersync.io,https://www.pioneerordersync.io,945,Atlanta,US,2026-06-21T02:16:01Z
2026-06-21,HR,Crest RosterWorks,+1 (281) 941-6872 ext. 11,contact@crestrosterworks.com,https://www.crestrosterworks.com,43,Amsterdam,NL,2026-06-21T01:22:43Z
2026-06-21,HR,PolarisPerformSphere,1-924-963-3035,hello@polarisperformsphere.co,https://polarisperformsphere.co,221,Seattle,US,2026-06-21T03:12:30Z
2026-06-21,ERP,BoldForgéDesk,(357) 657-8132,sales@boldforgedesk.com,https://www.boldforgedesk.com,22,Tampa,US,2026-06-21T04:20:59Z
2026-06-21,MSP Platform,Clear PatchCore,9866017790,hello@clearpatchcore.com,https://clearpatchcore.com,89,London,UK,2026-06-21T05:28:22Z
2026-06-21,Legal,BlueMatter Hub,(374) 849-0698,hello@bluematterhub.net,https://bluematterhub.net,48,Hyderabad,IN,2026-06-21T01:52:05Z
2026-06-21,Medical,Clear Pulse Recruiting,+13865751451,contact@clearpulserecruiting.com,https://clearpulserecruiting.com,988,-,US,2026-06-21T05:39:42Z
2026-06-21,ERP,Atlas BatchSuite,9793868469,info@atlasbatchsuite.io,https://www.atlasbatchsuite.io,754,Raleigh,US,2026-06-21T04:42:45Z
2026-06-21,Medical,ApexMedHub,623.372.6117 ext. 1,info@apexmedhub.com,https://www.apexmedhub.com,13,Phoenix,US,2026-06-21T02:12:57Z
2026-06-21,ERP,Fusion ForgeSuite,4616831916,contact@fusionforgesuite.com,https://www.fusionforgesuite.com,49,Seattle,US,2026-06-21T01:51:17Z
2026-06-21,ERP,CobaltLedgerWorks,+13596669224,info@cobaltledgerworks.io,https://www.cobaltledgerworks.io,462,Amsterdam,NL,2026-06-21T04:20:34Z
2026-06-21,ERP,BrightLedger Flow,+1 (520) 859-1141,sales@brightledgerflow.io,https://www.brightledgerflow.io,2900,Austin,US,2026-06-21T03:19:03Z
2026-06-21,ERP,Bold OpsCore,1-938-797-2586,hello@boldopscore.com,https://www.boldopscore.com,26,Calgary,CA,2026-06-21T03:15:01Z
2026-06-21,HR,HaloPeopleHub,1-740-352-4526,info@halopeoplehub.net,https://www.halopeoplehub.net,384,Pune,IN,2026-06-21T01:06:50Z
2026-06-21,MSP Platform,HarborStackApp,1-847-321-5075,info@harborstackapp.co,https://www.harborstackapp.co,187,Phoenix,US,2026-06-21T04:38:17Z
2026-06-21,MSP Platform,RidgeUptimeWorks,(368) 379-0823,contact@ridgeuptimeworks.io,https://www.ridgeuptimeworks.io,29,Tampa,US,2026-06-21T04:57:20Z
2026-06-21,MSP Platform,PivotEndpointSolutions,(798) 745-0391,hello@pivotendpointsolutions.com,https://www.pivotendpointsolutions.com,11,Columbus,US,2026-06-21T04:04:47Z
2026-06-21,HR,CedarGrid Suite,+19788019156,hello@cedargridsuite.com,https://www.cedargridsuite.com,20,Denver,US,2026-06-21T02:00:53Z
2026-06-21,MSP Platform,Juniper TicketSync,(292) 903-7976,contact@juniperticketsync.com,https://www.juniperticketsync.com,81,Phoenix,US,2026-06-21T06:57:47Z
2026-06-21,Medical,Umbra TriageHub,506-849-7215,info@umbratriagehub.co,https://umbratriagehub.co,37,Amsterdam,NL,2026-06-21T01:10:51Z
2026-06-21,HR,Anchor ShiftDesk,8707823420,sales@anchorshiftdesk.io,https://www.anchorshiftdesk.io,84,Raleigh,US,2026-06-21T06:45:46Z
2026-06-21,Medical,Silver Rx Talent Agency,(920) 414-0547,contact@silverrxtalentagency.net,https://www.silverrxtalentagency.net,66,Calgary,CA,2026-06-21T01:56:14Z
2026-06-21,ERP,PivotForge Sphere,608-679-1513,hello@pivotforgesphere.com,https://www.pivotforgesphere.com,923,Leeds,UK,2026-06-21T03:03:45Z
2026-06-21,Medical,VertexCare Sync,(828) 434-8644,contact@vertexcaresync.net,https://www.vertexcaresync.net,94,London,UK,2026-06-21T04:30:53Z
2026-06-21,MSP Platform,NimbusTicket Solutions,4422670306,hello@nimbusticketsolutions.net,nimbusticketsolutions.net,6,Raleigh,US,2026-06-21T06:09:27Z
2026-06-21,LMS,Onyx MentorDesk,316-514-4154,contact@onyxmentordesk.com,onyxmentordesk.com,11,Toronto,CA,2026-06-21T04:34:36Z
2026-06-21,ERP,CoreOrder Systems,6848455704,contact@coreordersystems.com,https://www.coreordersystems.com,529,Chicago,US,2026-06-21T02:39:46Z
2026-06-21,ERP,TidalBatch Platform,(698) 358-1251,contact@tidalbatchplatform.com,tidalbatchplatform.com,42,Tampa,US,2026-06-21T06:19:12Z
2026-06-21,Medical,CrownCareLabs,2896792888,sales@crowncarelabs.com,https://crowncarelabs.com,91,Tampa,US,2026-06-21T04:56:41Z
2026-06-21,MSP Platform,Vista UptimeSync,773.665.4933,info@vistauptimesync.com,https://www.vistauptimesync.com,3367,Boston,US,2026-06-21T02:22:08Z
2026-06-21,Legal,Zephyr CompliSoft,914.907.2702,hello@zephyrcomplisoft.com,https://www.zephyrcomplisoft.com,86,Raleigh,US,2026-06-21T06:14:39Z
2026-06-21,HR,AnchorRoster Dynamics,5815574961,hello@anchorrosterdynamics.io,https://www.anchorrosterdynamics.io,12,Atlanta,US,2026-06-21T04:05:39Z
2026-06-21,Legal,Meta VerdictSoft,881-480-6228,sales@metaverdictsoft.com,metaverdictsoft.com,21,Tampa,US,2026-06-21T05:31:21Z
2026-06-21,Medical,LumenVitalSolutions,603.302.8034,contact@lumenvitalsolutions.co,lumenvitalsolutions.co,N/A,Boston,US,2026-06-21T03:42:29Z
2026-06-21,Medical,NorthHealthPlatform,(482) 209-4695,contact@northhealthplatform.com,northhealthplatform.com,54,Sydney,AU,2026-06-21T05:56:29Z
2026-06-21,LEGAL ,HarborVerdictFlow,(669) 944-5618,hello@harborverdictflow.com,harborverdictflow.com,22,Tampa,US,2026-06-21T03:50:20Z
2026-06-21,MSP Platform,DeltaPatch Suite,(803) 804-6969,info@deltapatchsuite.com,https://www.deltapatchsuite.com,49,Chicago,US,2026-06-21T02:12:40Z
2026-06-21,LEGAL ,DeltaDocketSync,294-560-5211 ext. 31,hello@deltadocketsync.io,https://www.deltadocketsync.io,12,Melbourne,AU,2026-06-21T04:40:45Z
2026-06-21,HR,TidalPayrollApp,(506) 412-6022,contact@tidalpayrollapp.com,https://tidalpayrollapp.com,16,Phoenix,US,2026-06-21T06:36:54Z
2026-06-21,MSP Platform,Pioneer TicketWorks,5636426419,info@pioneerticketworks.com,https://www.pioneerticketworks.com,119,Manchester,UK,2026-06-21T03:03:32Z
2026-06-21,Lgl,KeystoneBriefSolutions,+12668773129,info@keystonebriefsolutions.com,keystonebriefsolutions.com,29,Denver,US,2026-06-21T04:27:10Z
2026-06-21,MSP Platform,DeltaGrid Flow,1-421-981-7164,sales@deltagridflow.com,https://www.deltagridflow.com,1455,Chicago,US,2026-06-21T05:23:09Z
2026-06-21,Lgl,Lumen MatterApp,+16719651452,sales@lumenmatterapp.com,https://www.lumenmatterapp.com,94,Singapore,SG,2026-06-21T01:56:48Z
2026-06-21,ERP,RavenStock Systems,1-208-833-2006,contact@ravenstocksystems.io,https://www.ravenstocksystems.io,5,Chicago,US,2026-06-21T03:52:13Z
2026-06-21,HR,FusionPayroll Desk,885-759-5020,hello@fusionpayrolldesk.io,https://www.fusionpayrolldesk.io,82,Columbus,US,2026-06-21T02:08:05Z
2026-06-21,Medical,QuantumHealthDesk,+13254573870,N/A,https://quantumhealthdesk.co,494,Chicago,US,2026-06-21T03:34:27Z
2026-06-21,ERP,BlueOpsLogic,2747738379,info@blueopslogic.com,https://www.blueopslogic.com,2133,Denver,US,2026-06-21T03:52:44Z
2026-06-21,Medical,RavenRxDesk,5993102411,sales@ravenrxdesk.com,https://www.ravenrxdesk.com,5,Lahore,PK,2026-06-21T03:42:50Z
2026-06-21,ERP,Silver ChainPlatform,920-663-7369,contact@silverchainplatform.com,https://www.silverchainplatform.com,41,Melbourne,AU,2026-06-21T04:09:29Z
2026-06-21,ERP,NovaOrder Cloud,+12135525873,contact@novaordercloud.io,https://www.novaordercloud.io,334,Boston,US,2026-06-21T04:09:30Z
2026-06-21,LEGAL ,LumenDocketLogic,+18388815983,sales@lumendocketlogic.co,https://www.lumendocketlogic.co,775,Denver,US,2026-06-21T04:35:50Z
2026-06-21,Medical,Sable VitalDesk,(241) 855-1845,info@sablevitaldesk.com,sablevitaldesk.com,6,Atlanta,US,2026-06-21T05:32:39Z
2026-06-21,LEGAL ,Raven CounselSync,+1 (690) 368-0272,sales@ravencounselsync.com,https://ravencounselsync.com,284,Sydney,AU,2026-06-21T03:15:45Z
2026-06-21,Medical,SolidHealth Hub,+12975393103,contact@solidhealthhub.com,https://solidhealthhub.com,14,Denver,US,2026-06-21T01:02:09Z
2026-06-21,Medical,OrbitRxSuite,(295) 596-7590,hello@orbitrxsuite.io,orbitrxsuite.io,34,Phoenix,US,2026-06-21T04:27:50Z
2026-06-21,ERP,CedarPlan Works,742-290-5594,N/A,https://www.cedarplanworks.io,305,Denver,US,2026-06-21T06:09:04Z
2026-06-21,HR,Keystone TeamDesk,961.968.9440,hello@keystoneteamdesk.com,keystoneteamdesk.com,156,Chicago,US,2026-06-21T04:13:23Z
2026-06-21,ERP,Umbra BatchWorks,591-559-9055,hello@umbrabatchworks.net,https://www.umbrabatchworks.net,70,Tampa,US,2026-06-21T04:19:50Z
2026-06-21,ERP,IronLedgerSync,1-722-241-7897,sales@ironledgersync.io,https://www.ironledgersync.io,9,Boston,US,2026-06-21T01:59:12Z
2026-06-21,Medical,DeltaMed Point,6838121338,info@deltamedpoint.io,https://www.deltamedpoint.io,17,Berlin,DE,2026-06-21T06:36:01Z
2026-06-21,Legal,BrightDocketCore,591.699.8674,contact@brightdocketcore.net,https://www.brightdocketcore.net,86,Austin,US,2026-06-21T03:10:05Z
2026-06-21,Medical,Sable HealthSphere,9647359277,hello@sablehealthsphere.com,https://www.sablehealthsphere.com,29,Karachi,PK,2026-06-21T06:51:59Z
2026-06-21,Medical,AltaVital Suite,1-485-271-1559,hello@altavitalsuite.com,https://altavitalsuite.com,8,Dublin,IE,2026-06-21T06:09:00Z
2026-06-21,MSP Platform,Pivot RemoteLabs,+17423917482,sales@pivotremotelabs.com,https://www.pivotremotelabs.com,13,Toronto,CA,2026-06-21T03:09:21Z
2026-06-21,Legal,PivotFiling’s Solutions,+15399515261,hello@pivotfilingsolutions.co,https://pivotfilingsolutions.co,48,Hyderabad,IN,2026-06-21T03:34:31Z
2026-06-21,ERP,BeaconChain Dynamics,1-395-726-7007,contact@beaconchaindynamics.io,https://beaconchaindynamics.io,61,Boston,US,2026-06-21T03:49:10Z
2026-06-21,HR,QuantumCultureSphere,+1 (370) 830-4146,info@quantumculturesphere.io,https://www.quantumculturesphere.io,17,Denver,US,2026-06-21T02:14:14Z
2026-06-21,Legal,Polaris Law Consultants,+1 (946) 995-2119,sales@polarislawconsultants.com,polarislawconsultants.com,450,Sydney,AU,2026-06-21T01:26:24Z
2026-06-21,LEGAL ,BoldCounselLabs,1-467-842-3604,contact@boldcounsellabs.com,boldcounsellabs.com,46,Dublin,IE,2026-06-21T01:36:34Z
2026-06-21,MSP Platform,SilverStackSoft,1-683-647-4831,hello@silverstacksoft.com,https://www.silverstacksoft.com,10,Tampa,US,2026-06-21T01:56:07Z
2026-06-21,ERP,BrightForge Base,(659) 474-0826,info@brightforgebase.net,https://www.brightforgebase.net,559,Chicago,US,2026-06-21T01:53:40Z
2026-06-21,HR,WillowBenefitDynamics,723-435-9810,info@willowbenefitdynamics.com,https://www.willowbenefitdynamics.com,245,Denver,US,2026-06-21T04:53:14Z
2026-06-21,Medical,Delta TriageHub,(506) 549-5330,sales@deltatriagehub.com,deltatriagehub.com,93,Denver,US,2026-06-21T06:50:26Z
2026-06-21,ERP,PivotFin Hub,+18048304153,hello@pivotfinhub.io,https://www.pivotfinhub.io,13,Hyderabad,IN,2026-06-21T01:23:27Z
2026-06-21,Legal,Raven ClauseHub,07944103073,sales@ravenclausehub.co,https://www.ravenclausehub.co,16,Seattle,US,2026-06-21T03:27:53Z
2026-06-21,HR,GoldenPerform App,642.225.2864,hello@goldenperformapp.net,https://www.goldenperformapp.net,29,Columbus,US,2026-06-21T05:24:28Z
2026-06-21,ERP,Falcon FinLabs,(967) 533-8416,hello@falconfinlabs.io,https://www.falconfinlabs.io,10,Vancouver,CA,2026-06-21T02:09:17Z
2026-06-21,legal,Blue CounselLabs,1-649-962-4709,contact@bluecounsellabs.com,https://www.bluecounsellabs.com,77,Columbus,US,2026-06-21T06:35:48Z
2026-06-21,LMS,Nimbus MentorSphere,831-682-2020,sales@nimbusmentorsphere.io,https://www.nimbusmentorsphere.io,16,Raleigh,US,2026-06-21T03:03:14Z
2026-06-21,MSP Platform,DeltaPatchApp,+19203669473,hello@deltapatchapp.com,deltapatchapp.com,3724,Pune,IN,2026-06-21T01:07:30Z
2026-06-21,ERP,Nova OrderSync,+16832937979 ext. 41,info@novaordersync.com,https://www.novaordersync.com,274,Boston,US,2026-06-21T04:00:39Z
2026-06-21,LMS,JuniperSkill Suite,(255) 729-8913,contact@juniperskillsuite.co,https://www.juniperskillsuite.co,201,Seattle,US,2026-06-21T03:36:56Z
2026-06-21,Legal,JuniperVerdict Flow,+17535138279,info@juniperverdictflow.com,https://juniperverdictflow.com,17,Tampa,US,2026-06-21T02:47:54Z
2026-06-21,ERP,CedarForge Sync,3736964449,info@cedarforgesync.net,https://www.cedarforgesync.net,15,Tampa,US,2026-06-21T03:42:16Z
2026-06-21,HR,Sable TalentDynamics,+14218890605,contact@sabletalentdynamics.com,https://www.sabletalentdynamics.com,465,Phoenix,US,2026-06-21T06:25:56Z
2026-06-21,ERP,RidgeResourceSoft,(846) 813-3842 ext. 5,contact@ridgeresourcesoft.io,https://www.ridgeresourcesoft.io,28,Singapore,SG,2026-06-21T02:52:45Z
2026-06-21,Medical,IronHealth Soft,06365422839,sales@ironhealthsoft.com,https://ironhealthsoft.com,405,Atlanta,US,2026-06-21T01:45:09Z
2026-06-21,LMS,AltaQuizLabs,(323) 829-7316,sales@altaquizlabs.net,https://www.altaquizlabs.net,28,Boston,US,2026-06-21T05:22:56Z
2026-06-21,Medical,HarborRxDynamics,201-799-1685,hello@harborrxdynamics.com,harborrxdynamics.com,40,Atlanta,US,2026-06-21T06:29:40Z
2026-06-21,ERP,Core’s ForgeLabs,+1 (620) 297-9612,sales@coreforgelabs.com,https://www.coreforgelabs.com,58,Boston,US,2026-06-21T05:58:20Z
2026-06-21,HR,Indigo PeopleSync,(270) 723-1543,,https://www.indigopeoplesync.com,68,Melbourne,AU,2026-06-21T04:10:27Z
2026-06-21,ERP,ArchFin Tech,716-693-8127,contact@archfintech.com,archfintech.com,6,Seattle,US,2026-06-21T03:43:33Z
2026-06-21,ERP,Beacon Plan Outsourcing,828-346-4773,contact@beaconplanoutsourcing.com,https://www.beaconplanoutsourcing.com,12,Karachi,PK,2026-06-21T02:44:30Z
2026-06-21,ERP,Blue BatchLogic,(352) 990-2454,sales@bluebatchlogic.co,https://www.bluebatchlogic.co,639,Austin,US,2026-06-21T06:54:18Z
2026-06-21,ERP,FusionResource Point,9392102381,-,https://www.fusionresourcepoint.com,561,Singapore,SG,2026-06-21T05:29:29Z
2026-06-21,LEGAL ,IndigoCompliSoft,+17735302280 ext. 83,hello@indigocomplisoft.com,https://www.indigocomplisoft.com,6,Atlanta,US,2026-06-21T03:14:59Z
2026-06-21,Medical,Meta CareSuite,586.509.7007,info@metacaresuite.co,https://metacaresuite.co,350,Dublin,IE,2026-06-21T03:02:10Z
2026-06-21,HR,Iron BenefitFlow,2085735086,contact@ironbenefitflow.io,https://ironbenefitflow.io,527,Austin,US,2026-06-21T03:31:03Z
2026-06-21,Legal,Crown VerdictSolutions,4328086249,hello@crownverdictsolutions.com,crownverdictsolutions.com,483,Berlin,DE,2026-06-21T02:15:05Z
2026-06-21,MSP Platform,WillowPatchCloud,787.983.9458,sales@willowpatchcloud.com,https://www.willowpatchcloud.com,29,Singapore,SG,2026-06-21T06:39:04Z
2026-06-21,HR,HaloPerformSolutions,567.790.0855,sales@haloperformsolutions.com,haloperformsolutions.com,20,Dublin,IE,2026-06-21T06:18:16Z
2026-06-21,legal,EmberMatterLabs’s,(682) 445-5521,info@embermatterlabs.com,https://www.embermatterlabs.com,20,Atlanta,US,2026-06-21T01:34:34Z
2026-06-21,ERP,Crest LedgerSoft,543.758.2719,contact@crestledgersoft.com,https://crestledgersoft.com,36,Leeds,UK,2026-06-21T04:36:38Z
2026-06-21,HR,VertexClause Tech,364-865-6600,info@vertexclausetech.com,https://www.vertexclausetech.com,8,Denver,US,2026-06-21T02:04:45Z
2026-06-21,ERP,FusionBatch Desk,+14696515464,contact@fusionbatchdesk.com,https://www.fusionbatchdesk.com,481,Phoenix,US,2026-06-21T06:07:15Z
2026-06-21,Medical,Ember TriageTech,744-773-7428,hello@embertriagetech.com,https://www.embertriagetech.com,15,Raleigh,US,2026-06-21T03:47:25Z
2026-06-21,HR,Lattice ResourceDesk,+14784583026,hello@latticeresourcedesk.net,https://www.latticeresourcedesk.net,5,Manchester,UK,2026-06-21T04:10:50Z
2026-06-21,Lgl,RidgeClause Solutions,(957) 672-7916,sales@ridgeclausesolutions.com,https://www.ridgeclausesolutions.com,792,Austin,US,2026-06-21T06:53:58Z
2026-06-21,Legal,Quantum DocketSuite,+1 (905) 468-3938,contact@quantumdocketsuite.com,https://www.quantumdocketsuite.com,212,Melbourne,AU,2026-06-21T01:44:15Z
2026-06-21,ERP,Crest ResourceHub,1-927-563-6405 ext. 29,info@crestresourcehub.io,https://www.crestresourcehub.io,466,Phoenix,US,2026-06-21T03:34:08Z
2026-06-21,MSP Platform,CoreMonitor Cloud,(987) 383-3783,info@coremonitorcloud.com,https://www.coremonitorcloud.com,22,Singapore,SG,2026-06-21T04:45:33Z
2026-06-21,MSP Platform,JuniperEndpointCloud,+18175595999,-,https://www.juniperendpointcloud.com,27,Singapore,SG,2026-06-21T03:16:36Z
2026-06-21,MSP Platform,VertexNetSync,218-644-1077,hello@vertexnetsync.io,https://www.vertexnetsync.io,69,Austin,US,2026-06-21T02:08:52Z
2026-06-21,HR,ZenPerform Solutions,+12979588892,sales@zenperformsolutions.co,https://www.zenperformsolutions.co,282,Raleigh,US,2026-06-21T03:06:29Z
2026-06-21,ERP,IronFin Logic,402-233-3513,info@ironfinlogic.com,https://www.ironfinlogic.com,219,Calgary,CA,2026-06-21T02:20:43Z
2026-06-21,HR,QuantumTeam Logic,865.578.6628,info@quantumteamlogic.co,https://www.quantumteamlogic.co,4211,Phoenix,US,2026-06-21T05:53:59Z
2026-06-21,MSP Platform,RidgewayGrid Cloud,1-734-930-8828,hello@ridgewaygridcloud.io,https://www.ridgewaygridcloud.io,15,Vancouver,CA,2026-06-21T01:49:41Z
2026-06-21,Medical,GraniteCare Hub,862-565-6744,sales@granitecarehub.net,https://www.granitecarehub.net,84,Hyderabad,IN,2026-06-21T04:33:12Z
2026-06-21,Medical,VistaPatient Sphere,985-959-3731,sales@vistapatientsphere.com,https://www.vistapatientsphere.com,45,Raleigh,US,2026-06-21T05:11:13Z
2026-06-21,HR,OmniOnboardFlow,+1 (887) 281-8267,sales@omnionboardflow.com,omnionboardflow.com,72,Seattle,US,2026-06-21T03:23:25Z
2026-06-21,Lgl,SilverBrief Sphere,(406) 640-8702,info@silverbriefsphere.com,https://www.silverbriefsphere.com,29,Islamabad,PK,2026-06-21T02:53:38Z
2026-06-21,HR,BluePerform Sphere,453-667-8459,info@blueperformsphere.com,https://www.blueperformsphere.com,125,Seattle,US,2026-06-21T01:32:32Z
2026-06-21,HR,Keystone BenefitLogic,03772520305,hello@keystonebenefitlogic.com,https://keystonebenefitlogic.com,105,Karachi,PK,2026-06-21T04:33:00Z
2026-06-21,Medical,Anchor TriageFlow,728-338-8327,sales@anchortriageflow.net,https://www.anchortriageflow.net,233,Columbus,US,2026-06-21T03:24:34Z
2026-06-21,MSP Platform,RidgewayPatch Logic,+1 (412) 939-8870,hello@ridgewaypatchlogic.co,https://ridgewaypatchlogic.co,199,Hyderabad,IN,2026-06-21T03:39:36Z
2026-06-21,MSP Platform,SummitNode Labs,751-746-3817,sales@summitnodelabs.co,https://www.summitnodelabs.co,46,Boston,US,2026-06-21T03:25:33Z
2026-06-21,ERP,NimbusOpsFlow,4307384317,info@nimbusopsflow.io,https://www.nimbusopsflow.io,162,Denver,US,2026-06-21T02:07:10Z
2026-06-21,ERP,BlueBatch Labs,+12273442570 ext. 77,hello@bluebatchlabs.io,https://www.bluebatchlabs.io,456,Tampa,US,2026-06-21T05:55:29Z
2026-06-21,MSP Platform,Sable UptimeFlow,6544213555 ext. 57,contact@sableuptimeflow.io,https://sableuptimeflow.io,60,London,UK,2026-06-21T05:28:14Z
2026-06-21,LMS,AnchorTrain Tech,(404) 637-6072,info@anchortraintech.io,https://www.anchortraintech.io,2149,Raleigh,US,2026-06-21T02:42:59Z
2026-06-21,HR,SummitTalentWorks,(854) 845-7994 ext. 9,info@summittalentworks.co,https://www.summittalentworks.co,42,Phoenix,US,2026-06-21T05:33:07Z
2026-06-21,Legal,Falcon CaseLabs,9632924417,hello@falconcaselabs.com,https://www.falconcaselabs.com,596,Munich,DE,2026-06-21T02:01:56Z
2026-06-21,ERP,PrimePlanDesk,(645) 324-6281,sales@primeplandesk.io,https://www.primeplandesk.io,22,Denver,US,2026-06-21T01:11:45Z
2026-06-21,Medical,ApexCare Systems,1-336-698-0144,hello@apexcaresystems.com,https://www.apexcaresystems.com,103,Austin,US,2026-06-21T06:42:21Z
2026-06-21,MSP Platform,Golden RemotePlatform,2803121062,contact@goldenremoteplatform.co,https://www.goldenremoteplatform.co,46,London,UK,2026-06-21T06:43:08Z
2026-06-21,HR,Zen ShiftLogic,2732973508,hello@zenshiftlogic.io,https://www.zenshiftlogic.io,909,Toronto,CA,2026-06-21T05:03:08Z
2026-06-21,Legal,Solid CounselHub,+13524243605,hello@solidcounselhub.com,https://www.solidcounselhub.com,14,Lahore,PK,2026-06-21T04:28:08Z
2026-06-21,ERP,RapidForgeSync,441.941.7849 ext. 85,info@rapidforgesync.com,https://www.rapidforgesync.com,496,Singapore,SG,2026-06-21T02:20:57Z
2026-06-21,HR,IronRoster Tech,(723) 338-0848,info@ironrostertech.com,https://www.ironrostertech.com,364,Chicago,US,2026-06-21T05:56:23Z
2026-06-21,Medical,PioneerPulseSolutions,+16814625995,-,https://www.pioneerpulsesolutions.com,129,Denver,US,2026-06-21T03:31:34Z
2026-06-21,MSP Platform,CobaltEndpoint Soft,2099244700,contact@cobaltendpointsoft.com,https://www.cobaltendpointsoft.com,786,Austin,US,2026-06-21T01:16:38Z
2026-06-21,Medical,BrightTriageLogic,571-473-9863,info@brighttriagelogic.com,https://brighttriagelogic.com,39,Singapore,SG,2026-06-21T03:07:23Z
2026-06-21,LMS,BrightQuizFlow,(769) 435-3320,hello@brightquizflow.com,brightquizflow.com,45,Leeds,UK,2026-06-21T01:28:06Z
2026-06-21,MSP Platform,XenonTicketApp,+17362726243,,xenonticketapp.io,74,Tampa,US,2026-06-21T03:58:51Z
2026-06-21,MSP Platform,SilverEndpointCloud,(393) 765-0323,contact@silverendpointcloud.net,https://www.silverendpointcloud.net,950,Denver,US,2026-06-21T04:47:26Z
2026-06-21,legal,Iron CounselDynamics,(280) 969-2884,contact@ironcounseldynamics.com,https://www.ironcounseldynamics.com,26,Hyderabad,IN,2026-06-21T03:21:13Z
2026-06-21,ERP,AnchorOpsSoft,+1 (278) 841-5055,info@anchoropssoft.com,https://anchoropssoft.com,516,Seattle,US,2026-06-21T05:02:02Z
2026-06-21,MSP Platform,AnchorStackDynamics,646-655-8704,info@anchorstackdynamics.com,https://www.anchorstackdynamics.com,76,Seattle,US,2026-06-21T03:20:59Z
2026-06-21,Legal,PivotLawDesk,906-283-2589,info@pivotlawdesk.com,https://pivotlawdesk.com,565,Chicago,US,2026-06-21T02:20:30Z
2026-06-21,MSP Platform,Crest MonitorDynamics,882-611-9167,hello@crestmonitordynamics.io,https://crestmonitordynamics.io,12,Boston,US,2026-06-21T06:01:34Z
2026-06-21,Medical,Beacon RxDesk,(231) 517-4476 ext. 33,sales@beaconrxdesk.co,https://beaconrxdesk.co,23,Phoenix,US,2026-06-21T06:42:47Z
2026-06-21,HR,SablePayrollSoft,462-346-0106 ext. 91,contact@sablepayrollsoft.com,sablepayrollsoft.com,59,Seattle,US,2026-06-21T06:47:12Z
2026-06-21,MSP Platform,IndigoStack’s Solutions,(635) 967-6452,contact@indigostacksolutions.net,https://www.indigostacksolutions.net,46,Atlanta,US,2026-06-21T04:55:22Z
2026-06-21,Medical,FalconRx Solutions,+1 (805) 985-9242,hello@falconrxsolutions.com,https://www.falconrxsolutions.com,132,Karachi,PK,2026-06-21T04:11:25Z
2026-06-21,ERP,LatticeChainDynamics,1-401-698-9932,N/A,https://latticechaindynamics.com,195,Phoenix,US,2026-06-21T02:23:54Z
2026-06-21,ERP,Harbor LedgerSoft,921-547-0574,info@harborledgersoft.com,https://www.harborledgersoft.com,464,Leeds,UK,2026-06-21T02:35:53Z
2026-06-21,ERP,FusionOrderPoint,+14877943963,sales@fusionorderpoint.com,https://www.fusionorderpoint.com,1929,Tampa,US,2026-06-21T01:18:12Z
2026-06-21,ERP,JuniperLedgerSphere,(216) 669-6283,sales@juniperledgersphere.com,https://www.juniperledgersphere.com,163,Columbus,US,2026-06-21T03:17:21Z
2026-06-21,Legal,Prime CounselSolutions,(382) 204-9311,info@primecounselsolutions.com,https://www.primecounselsolutions.com,234,Atlanta,US,2026-06-21T01:07:04Z
2026-06-21,ERP,OrbitOpsSolutions,(261) 597-4077 ext. 40,contact@orbitopssolutions.com,https://www.orbitopssolutions.com,184,Boston,US,2026-06-21T04:06:38Z
2026-06-21,LEGAL ,KeystoneDocket App,6614270086,N/A,https://www.keystonedocketapp.net,4651,Seattle,US,2026-06-21T03:55:37Z
2026-06-21,ERP,BlueOpsDesk,202.729.8090,info@blueopsdesk.com,https://www.blueopsdesk.com,18,London,UK,2026-06-21T05:54:51Z
2026-06-21,LMS,AnchorLesson Base,1-866-385-4431,info@anchorlessonbase.com,anchorlessonbase.com,233,Berlin,DE,2026-06-21T04:23:25Z
2026-06-21,HR,LumenPeopleTech,(745) 559-5039,sales@lumenpeopletech.com,https://www.lumenpeopletech.com,73,Tampa,US,2026-06-21T02:59:25Z
2026-06-21,HR,Indigo TalentSync,2097290961,contact@indigotalentsync.io,https://www.indigotalentsync.io,600,Chicago,US,2026-06-21T06:40:54Z
2026-06-21,Medical,HarborClinic Soft,(297) 637-1631,info@harborclinicsoft.io,https://www.harborclinicsoft.io,17,Seattle,US,2026-06-21T01:19:04Z
2026-06-21,Lgl,Arch BriefWorks,+14908261162,info@archbriefworks.com,https://archbriefworks.com,12,Phoenix,US,2026-06-21T03:36:42Z
2026-06-21,Medical,Raven ClinicLogic,+16948665603 ext. 48,info@ravencliniclogic.com,https://ravencliniclogic.com,126,Vancouver,CA,2026-06-21T02:10:37Z
2026-06-21,Medical,LumenRx Systems,(949) 512-9801,sales@lumenrxsystems.net,https://www.lumenrxsystems.net,888,Raleigh,US,2026-06-21T05:20:27Z
2026-06-21,Medical,Mosaic PulseHub,361-353-0526,hello@mosaicpulsehub.com,https://mosaicpulsehub.com,40,Amsterdam,NL,2026-06-21T03:54:52Z
2026-06-21,Medical,AtlasClinic Desk,7287501070,hello@atlasclinicdesk.com,https://www.atlasclinicdesk.com,52,null,US,2026-06-21T05:21:10Z
2026-06-21,HR,PivotPerform Solutions,4019486502,contact@pivotperformsolutions.com,https://www.pivotperformsolutions.com,45,Seattle,US,2026-06-21T03:32:17Z
2026-06-21,ERP,Bright ResourceTech,7136471472,info@brightresourcetech.net,https://www.brightresourcetech.net,314,Atlanta,US,2026-06-21T05:11:43Z
2026-06-21,HR,Summit PerformSuite,244-414-3471,hello@summitperformsuite.io,https://www.summitperformsuite.io,88,Melbourne,AU,2026-06-21T01:50:17Z
2026-06-21,legal,Delta MatterDesk,336-642-4916,info@deltamatterdesk.com,https://deltamatterdesk.com,6,Seattle,US,2026-06-21T06:22:44Z
2026-06-21,ERP,Lumen OpsBase,(819) 616-0349,info@lumenopsbase.com,https://www.lumenopsbase.com,4479,N/A,PK,2026-06-21T01:48:01Z
2026-06-21,legal,ZenCompli Platform,5514481244,sales@zencompliplatform.com,https://www.zencompliplatform.com,6,Leeds,UK,2026-06-21T03:26:30Z
2026-06-21,LMS,HaloQuizHub,965-406-6835,contact@haloquizhub.io,https://haloquizhub.io,40,Boston,US,2026-06-21T05:20:54Z
2026-06-21,Medical,Atlas RxPlatform,215.993.1991,sales@atlasrxplatform.com,atlasrxplatform.com,13,Bengaluru,IN,2026-06-21T05:02:00Z
2026-06-21,Medical,FalconCareSphere,+16244155354,info@falconcaresphere.com,https://www.falconcaresphere.com,135,Raleigh,US,2026-06-21T03:57:37Z
2026-06-21,MSP Platform,MosaicNet Solutions,834.460.3452,hello@mosaicnetsolutions.com,https://mosaicnetsolutions.com,1512,Toronto,CA,2026-06-21T02:00:53Z
2026-06-21,MSP Platform,Iron NodeLabs,6442829135 ext. 1,hello@ironnodelabs.com,https://www.ironnodelabs.com,25,Vancouver,CA,2026-06-21T03:17:35Z
2026-06-21,Medical,GraniteRx Sphere,6813723815,hello@graniterxsphere.io,https://graniterxsphere.io,150,Raleigh,US,2026-06-21T01:22:42Z
2026-06-21,Medical,Lumen TriageSuite,8626958872,hello@lumentriagesuite.net,https://www.lumentriagesuite.net,240,Chicago,US,2026-06-21T06:34:22Z
2026-06-21,ERP,Lattice PlanDesk,739-656-4090,hello@latticeplandesk.com,https://www.latticeplandesk.com,3270,Austin,US,2026-06-21T05:30:23Z
2026-06-21,legal,KeystoneCaseSphere,(672) 255-7074,info@keystonecasesphere.com,https://keystonecasesphere.com,989,Atlanta,US,2026-06-21T04:55:38Z
2026-06-21,Legal,FusionVerdict Sync,419.426.2561,contact@fusionverdictsync.com,https://www.fusionverdictsync.com,237,Berlin,DE,2026-06-21T06:52:28Z
2026-06-21,ERP,RidgeLedger Base,(233) 298-8817,info@ridgeledgerbase.io,https://www.ridgeledgerbase.io,194,Seattle,US,2026-06-21T05:47:10Z
2026-06-21,Legal,OmniDocketSync,1-917-304-0273,contact@omnidocketsync.io,https://www.omnidocketsync.io,10,Dublin,IE,2026-06-21T01:46:15Z
2026-06-21,Medical,LumenChart Systems,817.474.0783,sales@lumenchartsystems.io,https://www.lumenchartsystems.io,544,Raleigh,US,2026-06-21T04:09:53Z
2026-06-21,HR,NorthRoster Works,(542) 800-4667,info@northrosterworks.io,https://www.northrosterworks.io,291,Austin,US,2026-06-21T04:50:54Z
2026-06-21,ERP,Falcon BatchCloud,+12449018255,contact@falconbatchcloud.com,https://falconbatchcloud.com,276,Amsterdam,NL,2026-06-21T01:26:43Z
2026-06-21,ERP,Xenon BatchPlatform,+15144956646,hello@xenonbatchplatform.io,xenonbatchplatform.io,7,Dublin,IE,2026-06-21T03:10:43Z
2026-06-21,Legal,FusionCompli Solutions,(228) 243-4136,hello@fusioncomplisolutions.com,https://www.fusioncomplisolutions.com,44,Seattle,US,2026-06-21T06:02:23Z
2026-06-21,MSP Platform,LatticeStackApp,9165217920,N/A,https://latticestackapp.co,2689,Dublin,IE,2026-06-21T04:22:16Z
2026-06-21,ERP,HaloChainApp,+1 (864) 674-8529,info@halochainapp.co,https://halochainapp.co,8,Calgary,CA,2026-06-21T04:20:14Z
2026-06-21,ERP,ZenFinSystems,2096804042,sales@zenfinsystems.com,https://zenfinsystems.com,409,Manchester,UK,2026-06-21T01:38:38Z
2026-06-21,ERP,ZenLedger Hub,+15575559726,contact@zenledgerhub.co,https://www.zenledgerhub.co,5,Tampa,US,2026-06-21T03:58:07Z
2026-06-21,MSP Platform,Zephyr StackBase,(650) 884-0338,info@zephyrstackbase.com,zephyrstackbase.com,274,Seattle,US,2026-06-21T05:42:03Z
2026-06-21,LEGAL ,PolarisBriéfFlow,+1 (725) 673-5579,null,https://www.polarisbriefflow.co,42,Columbus,US,2026-06-21T06:54:28Z
2026-06-21,ERP,CrownOrder Sync,(338) 330-6102,hello@crownordersync.com,crownordersync.com,13,Phoenix,US,2026-06-21T03:28:34Z
2026-06-21,HR,AtlasTeam Desk,+16495999491,hello@atlasteamdesk.net,https://atlasteamdesk.net,10,Boston,US,2026-06-21T04:16:56Z
2026-06-21,MSP Platform,ClearNetSync,239-349-7229,contact@clearnetsync.com,https://www.clearnetsync.com,9,Seattle,US,2026-06-21T02:08:58Z
2026-06-21,Legal,NovaBrief Cloud,2196601518,info@novabriefcloud.com,https://novabriefcloud.com,14,Phoenix,US,2026-06-21T05:43:03Z
2026-06-21,ERP,Ridge OpsPoint,+1 (971) 853-2144 ext. 4,hello@ridgeopspoint.com,https://www.ridgeopspoint.com,61,Denver,US,2026-06-21T04:32:24Z
2026-06-21,MSP Platform,Nimbus MonitorWorks,(820) 210-7057,hello@nimbusmonitorworks.com,https://www.nimbusmonitorworks.com,15,Phoenix,US,2026-06-21T03:19:52Z
2026-06-21,ERP,RidgeChainSolutions,327.428.7748,sales@ridgechainsolutions.com,https://www.ridgechainsolutions.com,701,Tampa,US,2026-06-21T02:56:02Z
2026-06-21,Legal,VeloClauseLogic,+13914995306,info@veloclauselogic.com,https://www.veloclauselogic.com,552,Phoenix,US,2026-06-21T06:37:17Z
2026-06-21,LMS,AltaLearn Systems,430.200.8205,info@altalearnsystems.com,https://www.altalearnsystems.com,362,Tampa,US,2026-06-21T01:43:10Z
2026-06-21,ERP,RapidForgeFlow,491.600.7578,sales@rapidforgeflow.com,https://rapidforgeflow.com,405,Atlanta,US,2026-06-21T05:54:15Z
2026-06-21,Legal,KeystoneVerdictHub,6799377054,sales@keystoneverdicthub.net,keystoneverdicthub.net,47,Columbus,US,2026-06-21T04:02:23Z
2026-06-21,ERP,Ridge BatchHub,402-263-9377,sales@ridgebatchhub.com,https://www.ridgebatchhub.com,59,Seattle,US,2026-06-21T01:27:23Z
2026-06-21,Medical,VistaVitalCloud,723-712-6465,hello@vistavitalcloud.net,https://vistavitalcloud.net,197,Leeds,UK,2026-06-21T04:24:52Z
2026-06-21,MSP Platform,MetaNetDynamics,(640) 647-7837,sales@metanetdynamics.com,https://metanetdynamics.com,335,Singapore,SG,2026-06-21T01:31:50Z
2026-06-21,HR,North ShiftPoint,559-644-0866 ext. 54,sales@northshiftpoint.com,https://www.northshiftpoint.com,933,Seattle,US,2026-06-21T01:30:53Z
2026-06-21,MSP Platform,Cobalt Net Consultants,9204122258,contact@cobaltnetconsultants.com,https://cobaltnetconsultants.com,232,Columbus,US,2026-06-21T02:51:37Z
2026-06-21,Medical,Crest PulsePlatform,+19516432818,hello@crestpulseplatform.com,https://www.crestpulseplatform.com,36,Melbourne,AU,2026-06-21T05:25:21Z
2026-06-21,MSP Platform,Alta TicketLogic,(623) 349-8017,contact@altaticketlogic.co,https://www.altaticketlogic.co,2620,Austin,US,2026-06-21T04:37:19Z
2026-06-21,Medical,SablePulse Flow,542-510-3487,hello@sablepulseflow.io,sablepulseflow.io,94,Phoenix,US,2026-06-21T04:55:11Z
2026-06-21,Legal,Apex CaseBase,+1 (706) 212-5492,contact@apexcasebase.co,https://www.apexcasebase.co,407,Seattle,US,2026-06-21T01:24:53Z
2026-06-21,ERP,BeaconForgeCloud,+15659048057,N/A,https://www.beaconforgecloud.co,424,Leeds,UK,2026-06-21T01:36:21Z
2026-06-21,Medical,QuartzPulse Logic,+14168326296,sales@quartzpulselogic.com,https://quartzpulselogic.com,17,Denver,US,2026-06-21T05:59:04Z
2026-06-21,ERP,Mosaic OrderHub,7976403926,contact@mosaicorderhub.co,https://www.mosaicorderhub.co,195,Phoenix,US,2026-06-21T02:15:06Z
2026-06-21,legal,True Brief Manpower Services,+14152392745,sales@truebriefmanpowerservices.co,https://www.truebriefmanpowerservices.co,73,London,UK,2026-06-21T05:17:36Z
2026-06-21,Legal,VertexCompliSync,+14414933744,contact@vertexcomplisync.com,https://vertexcomplisync.com,58,Raleigh,US,2026-06-21T02:11:10Z
2026-06-21,ERP,LatticeForge Soft,(413) 414-7701,sales@latticeforgesoft.com,https://www.latticeforgesoft.com,8,Atlanta,US,2026-06-21T04:42:05Z
2026-06-21,ERP,Clear OpsSuite,+15472680808,hello@clearopssuite.com,https://www.clearopssuite.com,377,Dublin,IE,2026-06-21T03:16:44Z
2026-06-21,Medical,Onyx PulseSoft,665-935-1959 ext. 19,hello@onyxpulsesoft.com,onyxpulsesoft.com,16,Vancouver,CA,2026-06-21T05:24:41Z
2026-06-21,MSP Platform,QuartzStack Base,787-278-4820,contact@quartzstackbase.com,https://quartzstackbase.com,764,Atlanta,US,2026-06-21T03:02:36Z
2026-06-21,HR,AltaCultureWorks,736.490.8040,info@altacultureworks.io,https://www.altacultureworks.io,95,Tampa,US,2026-06-21T02:06:19Z
2026-06-21,MSP Platform,Sable StackLabs,4858129297,info@sablestacklabs.com,https://www.sablestacklabs.com,166,Austin,US,2026-06-21T04:33:36Z
2026-06-21,HR,Ridgeway RosterCore,9642801822 ext. 30,contact@ridgewayrostercore.com,https://www.ridgewayrostercore.com,490,Vancouver,CA,2026-06-21T03:48:09Z
2026-06-21,MSP Platform,HaloUptime Flow,(498) 834-7153,-,https://www.halouptimeflow.net,408,Chicago,US,2026-06-21T03:14:17Z
2026-06-21,ERP,Zén OpsLogic,+1 (552) 903-0200,sales@zenopslogic.com,https://www.zenopslogic.com,18,Atlanta,US,2026-06-21T02:29:10Z
2026-06-21,ERP,AtlasResource Suite,1-955-909-2904,contact@atlasresourcesuite.com,https://www.atlasresourcesuite.com,90,Denver,US,2026-06-21T06:38:01Z
2026-06-21,HR,SilverTeam Soft,(649) 623-8160,contact@silverteamsoft.com,https://www.silverteamsoft.com,14,Karachi,PK,2026-06-21T01:44:51Z
2026-06-21,HR,North TalentPoint,(729) 593-6154 ext. 59,hello@northtalentpoint.io,https://northtalentpoint.io,421,Calgary,CA,2026-06-21T01:05:54Z
2026-06-21,MSP Platform,Quantum StackSphere,+1 (726) 277-7156 ext. 64,hello@quantumstacksphere.io,https://www.quantumstacksphere.io,850,Tampa,US,2026-06-21T06:27:31Z
2026-06-21,Medical,Harbor PatientSphere,980.317.4581,contact@harborpatientsphere.com,https://www.harborpatientsphere.com,28,Boston,US,2026-06-21T05:57:55Z
2026-06-21,HR,CrestOnboardBase,+1 (378) 536-5260,hello@crestonboardbase.com,https://crestonboardbase.com,13,Denver,US,2026-06-21T03:28:16Z
2026-06-21,ERP,MetaChain Labs,+13276522727,contact@metachainlabs.com,https://www.metachainlabs.com,9,Manchester,UK,2026-06-21T06:12:01Z
2026-06-21,HR,WillowPayroll Flow,+1 (473) 538-0477,info@willowpayrollflow.com,willowpayrollflow.com,null,Tampa,US,2026-06-21T01:05:50Z
2026-06-21,Medical,AtlasHealth Sphere,748-690-9346,hello@atlashealthsphere.net,https://www.atlashealthsphere.net,22,Vancouver,CA,2026-06-21T02:08:05Z
2026-06-21,ERP,Tidal StockLabs,+1 (814) 862-9166,info@tidalstocklabs.net,https://www.tidalstocklabs.net,28,Atlanta,US,2026-06-21T02:35:34Z
2026-06-21,Medical,Alta RxDesk,(869) 702-3804,contact@altarxdesk.io,https://www.altarxdesk.io,45,Chicago,US,2026-06-21T01:21:28Z
2026-06-21,MSP Platform,GoldenRemote Sync,241-942-1818,hello@goldenremotesync.com,https://goldenremotesync.com,208,Munich,DE,2026-06-21T04:16:38Z
2026-06-21,MSP Platform,Harbor NodeCloud,1-772-823-1375,sales@harbornodecloud.com,https://www.harbornodecloud.com,48,Singapore,SG,2026-06-21T01:06:32Z
2026-06-21,HR,Rapid Perform Staffing,843.345.1757,hello@rapidperformstaffing.com,https://rapidperformstaffing.com,51,Atlanta,US,2026-06-21T01:28:54Z
2026-06-21,MSP Platform,RavenTicketBase,2265122703,hello@raventicketbase.com,https://www.raventicketbase.com,8,Atlanta,US,2026-06-21T01:46:37Z
2026-06-21,Legal,Lumen VerdictApp,414.613.3825,hello@lumenverdictapp.io,https://lumenverdictapp.io,99,Chicago,US,2026-06-21T01:22:50Z
2026-06-21,Medical,LumenPulseLogic,+1 (698) 299-6829,hello@lumenpulselogic.co,https://www.lumenpulselogic.co,10,Vancouver,CA,2026-06-21T01:26:38Z
2026-06-21,legal,Indigo CounselPlatform,(481) 568-3239,hello@indigocounselplatform.com,https://indigocounselplatform.com,156,Denver,US,2026-06-21T01:46:42Z
2026-06-21,Medical,CedarClinicCore,4323839614 ext. 46,sales@cedarcliniccore.io,https://www.cedarcliniccore.io,85,Amsterdam,NL,2026-06-21T02:00:26Z
2026-06-21,Legal,Juniper CaseApp,(514) 375-8970,sales@junipercaseapp.com,https://www.junipercaseapp.com,12,Boston,US,2026-06-21T01:55:42Z
2026-06-21,ERP,MetaStockLabs,294.980.5753,sales@metastocklabs.co,https://metastocklabs.co,899,Columbus,US,2026-06-21T02:35:00Z
2026-06-21,MSP Platform,TrueEndpointCloud,06278727331,info@trueendpointcloud.com,https://trueendpointcloud.com,16,Tampa,US,2026-06-21T06:06:12Z
2026-06-21,HR,Fusion PeopleCore,7089303708,contact@fusionpeoplecore.io,https://www.fusionpeoplecore.io,166,Chicago,US,2026-06-21T01:24:45Z
2026-06-21,HR,Umbra PayrollDynamics,(558) 664-2971,info@umbrapayrolldynamics.co,https://umbrapayrolldynamics.co,52,Denver,US,2026-06-21T03:54:04Z
2026-06-21,MSP Platform,HarborUptimeCore,1-405-310-0210,info@harboruptimecore.com,https://harboruptimecore.com,7,Lahore,PK,2026-06-21T04:58:24Z
2026-06-21,ERP,Cedar FinHub,+14832838234,info@cedarfinhub.io,cedarfinhub.io,118,Columbus,US,2026-06-21T06:31:45Z
2026-06-21,ERP,EmberBatchBase,5154313406,sales@emberbatchbase.com,https://www.emberbatchbase.com,111,Columbus,US,2026-06-21T06:22:25Z
2026-06-21,Legal,Apex CaseHub,510-455-4735,hello@apexcasehub.io,https://www.apexcasehub.io,17,Boston,US,2026-06-21T06:01:46Z
2026-06-21,MSP Platform,Bold UptimeDesk,+12707682695,hello@bolduptimedesk.io,https://bolduptimedesk.io,3361,Leeds,UK,2026-06-21T05:40:41Z
2026-06-21,Medical,IronVitalSystems,1-741-594-5759,info@ironvitalsystems.com,https://www.ironvitalsystems.com,266,Columbus,US,2026-06-21T01:59:43Z
2026-06-21,HR,LatticeOnboardPlatform,+18635916864,info@latticeonboardplatform.io,https://latticeonboardplatform.io,18,Raleigh,US,2026-06-21T04:17:02Z
2026-06-21,ERP,CoreChain Core,+19149095884,hello@corechaincore.com,https://www.corechaincore.com,14,Boston,US,2026-06-21T06:56:01Z
2026-06-21,Medical,BeaconVital Systems,(954) 826-1078,sales@beaconvitalsystems.com,https://www.beaconvitalsystems.com,137,Seattle,US,2026-06-21T05:57:38Z
2026-06-21,ERP,EmberFinFlow,+1 (943) 572-1806,contact@emberfinflow.com,https://www.emberfinflow.com,13,Seattle,US,2026-06-21T04:37:31Z
2026-06-21,MSP Platform,BeaconRemoteFlow,856-831-7649,sales@beaconremoteflow.io,https://www.beaconremoteflow.io,208,Denver,US,2026-06-21T01:53:50Z
2026-06-21,HR,BrightBenefit Sync,1-762-211-6489,hello@brightbenefitsync.io,https://brightbenefitsync.io,156,Atlanta,US,2026-06-21T02:23:24Z
2026-06-21,HR,TruePeopleLabs,4363012723,contact@truepeoplelabs.com,https://www.truepeoplelabs.com,260,Atlanta,US,2026-06-21T04:23:27Z
2026-06-21,MSP Platform,IronNode Soft,517-935-6573,hello@ironnodesoft.com,https://ironnodesoft.com,77,Calgary,CA,2026-06-21T06:01:50Z
2026-06-21,HR,RidgeBenefit Works,(666) 320-2655,contact@ridgebenefitworks.com,https://www.ridgebenefitworks.com,11,Boston,US,2026-06-21T03:50:58Z
2026-06-21,MSP Platform,RidgeTeamSuite,700.448.9720,sales@ridgeteamsuite.com,https://ridgeteamsuite.com,7,Toronto,CA,2026-06-21T05:55:38Z
2026-06-21,HR,SolidPayroll Flow,531-759-4470,info@solidpayrollflow.com,solidpayrollflow.com,88,Raleigh,US,2026-06-21T05:53:39Z
2026-06-21,LMS,SilverMentorSystems,(313) 819-7003,info@silvermentorsystems.com,https://www.silvermentorsystems.com,83,Columbus,US,2026-06-21T06:40:41Z
2026-06-21,ERP,VeloLedger Cloud,865-321-7641,hello@veloledgercloud.io,https://www.veloledgercloud.io,41,Raleigh,US,2026-06-21T05:59:18Z
2026-06-21,ERP,IronForgeSoft,+12624715286,contact@ironforgesoft.com,https://ironforgesoft.com,32,Sydney,AU,2026-06-21T02:18:28Z
2026-06-21,ERP,SableOrderPoint,9576119550,hello@sableorderpoint.com,https://www.sableorderpoint.com,98,Atlanta,US,2026-06-21T05:28:26Z
2026-06-21,MSP Platform,Pioneer Grid Recruiting,834-388-1034,hello@pioneergridrecruiting.io,https://pioneergridrecruiting.io,11,Chicago,US,2026-06-21T06:22:00Z
2026-06-21,MSP Platform,Orbit PatchWorks,+14344658345,info@orbitpatchworks.io,https://orbitpatchworks.io,19,Islamabad,PK,2026-06-21T05:52:06Z
2026-06-21,MSP Platform,SilverNode Suite,3236453644,info@silvernodesuite.com,https://www.silvernodesuite.com,66,Dublin,IE,2026-06-21T03:12:31Z
2026-06-21,Medical,QuartzMedLabs,276-857-1839,contact@quartzmedlabs.com,quartzmedlabs.com,3265,Amsterdam,NL,2026-06-21T02:21:37Z
2026-06-21,ERP,HarborLedgerSolutions,718.543.3050,contact@harborledgersolutions.com,https://harborledgersolutions.com,101,Seattle,US,2026-06-21T01:25:09Z
2026-06-21,ERP,ZephyrPlan App,8093385984,info@zephyrplanapp.com,https://www.zephyrplanapp.com,91,Phoenix,US,2026-06-21T05:14:36Z
2026-06-21,LMS,PionéerLessonSystems,411-567-0431,hello@pioneerlessonsystems.com,pioneerlessonsystems.com,26,Denver,US,2026-06-21T02:27:37Z
2026-06-21,LMS,VertexCourseHub,+1 (385) 606-6753,sales@vertexcoursehub.io,https://vertexcoursehub.io,291,Toronto,CA,2026-06-21T01:53:15Z
2026-06-21,Medical,BoldVitalHub,926-491-4498,info@boldvitalhub.net,https://www.boldvitalhub.net,28,Columbus,US,2026-06-21T05:58:25Z
2026-06-21,Medical,BeaconTriageApp,724-755-6240,info@beacontriageapp.net,https://www.beacontriageapp.net,394,Tampa,US,2026-06-21T02:47:48Z
2026-06-21,ERP,Rapid LedgerSoft,(844) 797-7965 ext. 97,sales@rapidledgersoft.com,https://rapidledgersoft.com,43,Phoenix,US,2026-06-21T02:22:30Z
2026-06-21,ERP,Golden FinApp,+13868285994,hello@goldenfinapp.com,https://www.goldenfinapp.com,1145,Chicago,US,2026-06-21T03:55:54Z
2026-06-21,ERP,BeaconOrder Systems,+13958883468,hello@beaconordersystems.com,https://www.beaconordersystems.com,322,Bengaluru,IN,2026-06-21T04:58:08Z
2026-06-21,LEGAL ,ArchFiling Suite,460-324-0107,info@archfilingsuite.com,https://www.archfilingsuite.com,39,Chicago,US,2026-06-21T05:42:29Z
2026-06-21,LEGAL ,Clear CounselBase,(270) 740-7138,hello@clearcounselbase.co,https://www.clearcounselbase.co,126,Boston,US,2026-06-21T01:47:37Z
2026-06-21,MSP Platform,WillowNetHub,1-240-578-5124,sales@willownethub.io,https://www.willownethub.io,16,Phoenix,US,2026-06-21T06:02:35Z
2026-06-21,ERP,AtlasPlan Works,(849) 667-8690,info@atlasplanworks.com,https://www.atlasplanworks.com,63,Berlin,DE,2026-06-21T01:54:45Z
2026-06-21,Legal,CobaltBriefBase,851-880-7454,info@cobaltbriefbase.com,https://www.cobaltbriefbase.com,,Phoenix,US,2026-06-21T01:51:17Z
2026-06-21,Medical,PrimePatient Solutions,(615) 916-8915,sales@primepatientsolutions.com,primepatientsolutions.com,164,Denver,US,2026-06-21T06:42:12Z
2026-06-21,ERP,FalconResource Hub,322-492-2180,hello@falconresourcehub.com,https://www.falconresourcehub.com,12,London,UK,2026-06-21T03:15:01Z
2026-06-21,HR,ApexShiftPoint,+13242566796,info@apexshiftpoint.com,https://www.apexshiftpoint.com,444,Manchester,UK,2026-06-21T04:00:37Z
2026-06-21,LMS,TidalSkill Soft,1-218-583-3963,contact@tidalskillsoft.co,https://www.tidalskillsoft.co,26,Austin,US,2026-06-21T02:33:55Z
2026-06-21,Medical,EmberPulse Suite,1-306-207-0897,info@emberpulsesuite.com,https://emberpulsesuite.com,54,Hyderabad,IN,2026-06-21T01:44:41Z
2026-06-21,ERP,LatticeChain Sphere,+13908107429,sales@latticechainsphere.io,https://www.latticechainsphere.io,1114,Munich,DE,2026-06-21T05:18:48Z
2026-06-21,ERP,Sable OrderLabs,(866) 876-3018,info@sableorderlabs.com,https://sableorderlabs.com,N/A,Dublin,IE,2026-06-21T01:28:41Z
2026-06-21,ERP,AtlasResource App,+15314875587,info@atlasresourceapp.com,https://www.atlasresourceapp.com,4659,Boston,US,2026-06-21T05:04:44Z
2026-06-21,Medical,Velo RxSystems,720.437.9046,hello@velorxsystems.com,https://www.velorxsystems.com,179,Melbourne,AU,2026-06-21T03:45:23Z
2026-06-21,HR,RapidCulture Labs,06862082386,sales@rapidculturelabs.com,https://rapidculturelabs.com,20,Denver,US,2026-06-21T03:29:00Z
2026-06-21,Medical,LatticeMed Tech,9115808109,sales@latticemedtech.com,https://latticemedtech.com,78,Dublin,IE,2026-06-21T01:20:02Z
2026-06-21,ERP,NimbusLedgerTech,775-654-0902,hello@nimbusledgertech.com,https://nimbusledgertech.com,68,Toronto,CA,2026-06-21T02:03:53Z
2026-06-21,LMS,Umbra Train Consultants,669-316-3912,info@umbratrainconsultants.com,https://umbratrainconsultants.com,1992,Denver,US,2026-06-21T04:29:07Z
2026-06-21,legal,CedarFiling Solutions,1-781-907-4380,hello@cedarfilingsolutions.com,https://www.cedarfilingsolutions.com,184,Chicago,US,2026-06-21T03:41:12Z
2026-06-21,Medical,AtlasTriageSolutions,409-385-9148,hello@atlastriagesolutions.io,atlastriagesolutions.io,8,Seattle,US,2026-06-21T06:08:07Z
2026-06-21,ERP,FalconStock Dynamics,1-399-972-2948,hello@falconstockdynamics.net,https://www.falconstockdynamics.net,171,Calgary,CA,2026-06-21T02:50:14Z
2026-06-21,MSP Platform,AnchorEndpoint Sphere,+13264182182,hello@anchorendpointsphere.com,https://anchorendpointsphere.com,550,Columbus,US,2026-06-21T05:20:31Z
2026-06-21,HR,Blue ShiftTech,+16554922972,hello@blueshifttech.com,https://www.blueshifttech.com,15,Amsterdam,NL,2026-06-21T01:32:16Z
2026-06-21,MSP Platform,IronEndpointBase,(785) 823-0739,contact@ironendpointbase.co,ironendpointbase.co,308,Singapore,SG,2026-06-21T06:33:36Z
2026-06-21,Medical,Indigo PatientFlow,08822046383,hello@indigopatientflow.com,https://www.indigopatientflow.com,47,Phoenix,US,2026-06-21T01:38:12Z
2026-06-21,ERP,ClearOrder Works,03323740644,info@clearorderworks.co,https://clearorderworks.co,36,Raleigh,US,2026-06-21T05:57:05Z
2026-06-21,Medical,SolidMedCore,+1 (582) 490-3645,null,https://solidmedcore.co,135,Phoenix,US,2026-06-21T02:41:47Z
2026-06-21,legal,Blue CaseSolutions,(202) 666-9024 ext. 55,-,https://bluecasesolutions.com,17,Sydney,AU,2026-06-21T02:27:11Z
2026-06-21,MSP Platform,Crest BriefPlatform,+15047807240,contact@crestbriefplatform.com,https://www.crestbriefplatform.com,26,Melbourne,AU,2026-06-21T04:10:06Z
2026-06-21,Medical,Delta ClinicTech,690.732.8608,contact@deltaclinictech.io,https://www.deltaclinictech.io,null,Austin,US,2026-06-21T02:40:40Z
2026-06-21,MSP Platform,MetaUptimeDynamics,308-426-8088,contact@metauptimedynamics.com,https://metauptimedynamics.com,15,Tampa,US,2026-06-21T02:01:11Z
2026-06-21,ERP,VistaForge Logic,(881) 735-6903,contact@vistaforgelogic.co,https://www.vistaforgelogic.co,7,Seattle,US,2026-06-21T01:59:19Z
2026-06-21,HR,RidgeTalent Logic,675.851.4241,sales@ridgetalentlogic.com,https://www.ridgetalentlogic.com,30,Atlanta,US,2026-06-21T02:59:04Z
2026-06-21,Medical,ArchRxSuite,959.243.6656,contact@archrxsuite.com,https://www.archrxsuite.com,5,Denver,US,2026-06-21T03:22:32Z
2026-06-21,Medical,PivotMed Tech,1-743-368-6989,info@pivotmedtech.com,https://www.pivotmedtech.com,63,Raleigh,US,2026-06-21T03:56:56Z
2026-06-21,ERP,FalconResourceCloud,1-939-604-0550,hello@falconresourcecloud.com,https://falconresourcecloud.com,441,Manchester,UK,2026-06-21T01:37:22Z
2026-06-21,HR,North BenefitApp,(943) 737-9839,contact@northbenefitapp.com,https://northbenefitapp.com,76,Chicago,US,2026-06-21T06:55:49Z
2026-06-21,HR,VeloBenefit Labs,+1 (324) 673-2928,contact@velobenefitlabs.com,https://velobenefitlabs.com,53,Tampa,US,2026-06-21T06:51:19Z
2026-06-21,ERP,Nimbus ResourceCore,(879) 616-1859,info@nimbusresourcecore.co,https://www.nimbusresourcecore.co,30,Munich,DE,2026-06-21T02:21:22Z
2026-06-21,MSP Platform,FalconStackPoint,(269) 605-7849,hello@falconstackpoint.net,https://www.falconstackpoint.net,N/A,London,UK,2026-06-21T06:55:13Z
2026-06-21,ERP,QuantumFinFlow,8219492131,contact@quantumfinflow.com,quantumfinflow.com,40,Boston,US,2026-06-21T06:09:57Z
2026-06-21,ERP,IronChain Hub,+15256819466,contact@ironchainhub.com,https://www.ironchainhub.com,26,Atlanta,US,2026-06-21T05:49:27Z
2026-06-21,LEGAL ,BrightCounsel Suite,1-733-546-4971,-,https://www.brightcounselsuite.io,null,Lahore,PK,2026-06-21T05:40:27Z
2026-06-21,ERP,UmbraLedger Hub,+1 (469) 722-6158,info@umbraledgerhub.com,umbraledgerhub.com,20,Boston,US,2026-06-21T02:25:04Z
2026-06-21,MSP Platform,CoreMatterCloud,272.665.4666,N/A,https://www.coremattercloud.net,23,Islamabad,PK,2026-06-21T02:53:58Z
2026-06-21,Medical,ZenRx Cloud,8982434664,sales@zenrxcloud.com,https://www.zenrxcloud.com,639,Manchester,UK,2026-06-21T04:46:06Z
2026-06-21,ERP,Nova BatchBase,(504) 902-3082,info@novabatchbase.com,https://www.novabatchbase.com,138,Tampa,US,2026-06-21T04:30:42Z
2026-06-21,ERP,Tidal OrderCore,408-697-7367,hello@tidalordercore.com,https://www.tidalordercore.com,4599,Raleigh,US,2026-06-21T04:51:58Z
2026-06-21,ERP,CoreResourceDynamics,442-543-6727,info@coreresourcedynamics.com,https://coreresourcedynamics.com,99,Boston,US,2026-06-21T05:55:35Z
2026-06-21,ERP,Raven LedgerFlow,+16959241164,info@ravenledgerflow.com,https://www.ravenledgerflow.com,646,Chicago,US,2026-06-21T02:03:19Z
2026-06-21,legal,ClearCounselSphere,840-937-5144,contact@clearcounselsphere.com,clearcounselsphere.com,175,Denver,US,2026-06-21T03:36:09Z
2026-06-21,HR,Rapid TeamCloud,629-552-2025,sales@rapidteamcloud.com,https://rapidteamcloud.com,8,Raleigh,US,2026-06-21T01:04:51Z
2026-06-21,HR,SablePerformDesk,+1 (477) 904-6780,hello@sableperformdesk.com,https://sableperformdesk.com,36,Amsterdam,NL,2026-06-21T05:29:11Z
2026-06-21,LEGAL ,Halo DocketFlow,(493) 866-8969,info@halodocketflow.net,https://halodocketflow.net,314,Denver,US,2026-06-21T02:55:52Z
2026-06-21,ERP,VistaStock Tech,964-386-5892,info@vistastocktech.net,https://vistastocktech.net,33,,US,2026-06-21T04:01:04Z
2026-06-21,Lgl,Clear BriefSync,(618) 815-4374 ext. 89,sales@clearbriefsync.com,https://www.clearbriefsync.com,78,London,UK,2026-06-21T06:19:00Z
2026-06-21,LMS,True PathSoft,(216) 548-6628,contact@truepathsoft.com,https://www.truepathsoft.com,93,Manchester,UK,2026-06-21T01:25:45Z
2026-06-21,MSP Platform,VertexEndpointLogic,03963513666,sales@vertexendpointlogic.com,https://www.vertexendpointlogic.com,492,Sydney,AU,2026-06-21T02:04:54Z
2026-06-21,MSP Platform,HaloUptime Logic,(777) 774-4757,hello@halouptimelogic.com,https://www.halouptimelogic.com,97,Calgary,CA,2026-06-21T03:09:12Z
2026-06-21,Medical,CobaltPulseSuite,705-368-4596,info@cobaltpulsesuite.com,https://cobaltpulsesuite.com,50,Denver,US,2026-06-21T05:01:13Z
2026-06-21,ERP,IndigoBatch Suite,827.600.6515,info@indigobatchsuite.io,https://www.indigobatchsuite.io,18,Raleigh,US,2026-06-21T01:50:08Z
2026-06-21,ERP,Keystone OpsSphere,+19218795909 ext. 20,sales@keystoneopssphere.com,https://www.keystoneopssphere.com,4971,N/A,CA,2026-06-21T02:14:20Z
2026-06-21,Lgl,Ember Clause Recruiting,+19304712465 ext. 51,info@emberclauserecruiting.com,https://www.emberclauserecruiting.com,25,Austin,US,2026-06-21T02:59:44Z
2026-06-21,Medical,Cedar VitalLogic,(410) 715-0585,contact@cedarvitallogic.com,https://www.cedarvitallogic.com,73,Raleigh,US,2026-06-21T03:59:02Z
2026-06-21,MSP Platform,QuantumEndpoint Hub,785-880-0064,hello@quantumendpointhub.com,quantumendpointhub.com,107,Denver,US,2026-06-21T03:36:02Z
2026-06-21,MSP Platform,TidalNode Tech,468-678-2417,info@tidalnodetech.io,https://www.tidalnodetech.io,67,Manchester,UK,2026-06-21T02:43:31Z
2026-06-21,Medical,ClearPulseSolutions,(750) 527-4171,contact@clearpulsesolutions.com,https://www.clearpulsesolutions.com,5,Denver,US,2026-06-21T05:02:45Z
2026-06-21,ERP,Anchor OrderSystems,(740) 766-5143,hello@anchorordersystems.com,https://www.anchorordersystems.com,2801,Raleigh,US,2026-06-21T05:50:18Z
2026-06-21,HR,Willow People BPO Services,(683) 362-5237,hello@willowpeoplebposervices.com,https://www.willowpeoplebposervices.com,18,Atlanta,US,2026-06-21T05:20:41Z
2026-06-21,HR,XenonBenefit Soft,+18039122452 ext. 96,sales@xenonbenefitsoft.io,https://www.xenonbenefitsoft.io,1031,Seattle,US,2026-06-21T03:31:40Z
2026-06-21,Legal,Orbit MatterCloud,(408) 409-3490,sales@orbitmattercloud.net,https://www.orbitmattercloud.net,94,Atlanta,US,2026-06-21T02:54:38Z
2026-06-21,Medical,Core Health Recruiting,607-694-2936,info@corehealthrecruiting.co,https://corehealthrecruiting.co,54,Calgary,CA,2026-06-21T02:45:24Z
2026-06-21,Legal,OrbitCounselTech,678-787-9802,contact@orbitcounseltech.com,https://www.orbitcounseltech.com,14,Chicago,US,2026-06-21T04:03:06Z
2026-06-21,MSP Platform,North NetSolutions,04116502579,contact@northnetsolutions.co,northnetsolutions.co,21,Phoenix,US,2026-06-21T03:08:03Z
2026-06-21,HR,PolarisPeople Suite,04554728985,contact@polarispeoplesuite.co,https://www.polarispeoplesuite.co,10,London,UK,2026-06-21T05:52:35Z
2026-06-21,LEGAL ,AnchorFiling Systems,(578) 290-3745,info@anchorfilingsystems.net,https://anchorfilingsystems.net,61,Hyderabad,IN,2026-06-21T01:54:13Z
2026-06-21,MSP Platform,GoldenEndpointLabs,782-786-1261,hello@goldenendpointlabs.io,goldenendpointlabs.io,43,Phoenix,US,2026-06-21T01:21:30Z
2026-06-21,Legal,KeystoneCase Suite,351.467.1964,sales@keystonecasesuite.net,https://www.keystonecasesuite.net,415,Denver,US,2026-06-21T06:27:37Z
2026-06-21,Medical,Iron RxCore,+16884252672,contact@ironrxcore.io,https://www.ironrxcore.io,12,Atlanta,US,2026-06-21T01:35:44Z
2026-06-21,Medical,Willow MedPlatform,299.698.8273,contact@willowmedplatform.com,https://www.willowmedplatform.com,402,Chicago,US,2026-06-21T03:53:49Z
2026-06-21,Medical,OrbitVitalCore,1-371-294-8387 ext. 11,hello@orbitvitalcore.com,https://www.orbitvitalcore.com,141,Berlin,DE,2026-06-21T02:03:39Z
2026-06-21,ERP,AtlasForge Systems,(353) 423-2902,contact@atlasforgesystems.com,https://www.atlasforgesystems.com,58,Boston,US,2026-06-21T04:14:35Z
2026-06-21,Medical,VeloPatient Hub,(390) 645-0251,sales@velopatienthub.co,https://www.velopatienthub.co,103,Austin,US,2026-06-21T03:39:45Z
2026-06-21,MSP Platform,CoreNodeDesk,1-964-967-9056,sales@corenodedesk.io,https://www.corenodedesk.io,306,Melbourne,AU,2026-06-21T01:30:05Z
2026-06-21,ERP,Pioneer ForgePoint,(607) 785-5485,hello@pioneerforgepoint.com,pioneerforgepoint.com,135,Boston,US,2026-06-21T04:55:03Z
2026-06-21,ERP,RapidStock Suite,(782) 857-8968,contact@rapidstocksuite.com,https://rapidstocksuite.com,11,Tampa,US,2026-06-21T05:57:41Z
2026-06-21,Medical,MosaicRx Works,844.984.4236,sales@mosaicrxworks.com,https://www.mosaicrxworks.com,1202,Berlin,DE,2026-06-21T02:18:46Z
2026-06-21,MSP Platform,Rapid RemoteWorks,+18817645643,hello@rapidremoteworks.io,https://www.rapidremoteworks.io,20,Columbus,US,2026-06-21T02:43:25Z
2026-06-21,MSP Platform,Halo TicketCore,5919165460,hello@haloticketcore.co,https://www.haloticketcore.co,3622,Seattle,US,2026-06-21T03:18:37Z
2026-06-21,ERP,Golden FinLabs,+16008972127,info@goldenfinlabs.com,https://goldenfinlabs.com,N/A,Hyderabad,IN,2026-06-21T03:59:20Z
2026-06-21,ERP,PioneerStock Solutions,365-447-7997,info@pioneerstocksolutions.io,https://www.pioneerstocksolutions.io,34,Denver,US,2026-06-21T02:54:56Z
2026-06-21,LMS,Pioneer TutorDynamics,465-684-0591,null,https://www.pioneertutordynamics.com,917,Singapore,SG,2026-06-21T06:20:10Z
2026-06-21,MSP Platform,AtlasNet Tech,(477) 652-4757,hello@atlasnettech.com,https://www.atlasnettech.com,49,Dublin,IE,2026-06-21T03:11:08Z
2026-06-21,HR,TidalPayrollSuite,+1 (260) 327-5106,hello@tidalpayrollsuite.net,https://tidalpayrollsuite.net,21,Columbus,US,2026-06-21T06:45:15Z
2026-06-21,MSP Platform,AtlasStackHub,03318105716,hello@atlasstackhub.net,https://www.atlasstackhub.net,444,Austin,US,2026-06-21T06:43:14Z
2026-06-21,Medical,NovaChartFlow,841.371.9310,hello@novachartflow.net,https://www.novachartflow.net,48,null,CA,2026-06-21T03:40:52Z
2026-06-21,ERP,GraniteBatchFlow,831.471.6271,,https://www.granitebatchflow.com,9,Leeds,UK,2026-06-21T05:55:15Z
2026-06-21,HR,Velo ShiftLogic,(504) 697-2692,info@veloshiftlogic.com,https://veloshiftlogic.com,15,Columbus,US,2026-06-21T03:32:09Z
2026-06-21,Medical,GoldenCareDesk,+12045643330,contact@goldencaredesk.com,https://www.goldencaredesk.com,64,Calgary,CA,2026-06-21T04:02:32Z
2026-06-21,ERP,EmberResourceBase,+19496245735,contact@emberresourcebase.com,https://www.emberresourcebase.com,318,Columbus,US,2026-06-21T02:55:08Z
2026-06-21,HR,FalconPayroll Core,+17117678320,info@falconpayrollcore.com,https://www.falconpayrollcore.com,30,Denver,US,2026-06-21T04:22:59Z
2026-06-21,Medical,VertexOps Platform,+19484150427,contact@vertexopsplatform.co,https://www.vertexopsplatform.co,99,Vancouver,CA,2026-06-21T05:48:53Z
2026-06-21,HR,Zephyr ShiftDesk,9403950589,sales@zephyrshiftdesk.net,https://www.zephyrshiftdesk.net,174,Columbus,US,2026-06-21T06:06:49Z
2026-06-21,ERP,PrimeResourceHub,+13893390710,hello@primeresourcehub.net,primeresourcehub.net,59,Austin,US,2026-06-21T04:03:09Z
2026-06-21,ERP,Delta ChainSuite,626-347-3375,sales@deltachainsuite.com,https://www.deltachainsuite.com,475,Boston,US,2026-06-21T05:38:58Z
2026-06-21,HR,Polaris PerformSolutions,671-769-9387,info@polarisperformsolutions.com,https://www.polarisperformsolutions.com,238,Leeds,UK,2026-06-21T06:37:07Z
2026-06-21,HR,Rapid TalentPoint,648.964.8819,contact@rapidtalentpoint.net,https://www.rapidtalentpoint.net,24,,US,2026-06-21T04:59:29Z
2026-06-21,ERP,SilverForgeWorks,(983) 400-1641,hello@silverforgeworks.com,silverforgeworks.com,208,Phoenix,US,2026-06-21T06:24:20Z
2026-06-21,Medical,SolidPatient Sphere,+15197144421,info@solidpatientsphere.co,https://www.solidpatientsphere.co,54,Chicago,US,2026-06-21T02:53:30Z
2026-06-21,MSP Platform,CobaltGrid Sync,824-851-6766,hello@cobaltgridsync.co,https://www.cobaltgridsync.co,155,Seattle,US,2026-06-21T01:29:49Z
2026-06-21,Legal,BlueFiling’s Labs,+14104034430,contact@bluefilinglabs.com,https://www.bluefilinglabs.com,65,Atlanta,US,2026-06-21T01:25:41Z
2026-06-21,MSP Platform,CedarGrid Suite,978.801.9156,hello@cedargridsuite.com,cedargridsuite.com,20,Denver,US,2026-06-21T04:34:14Z
2026-06-21,LEGAL ,DeltaClause Cloud,(556) 254-5998,hello@deltaclausecloud.io,https://www.deltaclausecloud.io,12,Pune,IN,2026-06-21T01:41:02Z
2026-06-21,ERP,PivotOps Sync,1-571-482-1857,hello@pivotopssync.com,https://www.pivotopssync.com,30,Boston,US,2026-06-21T05:54:07Z
2026-06-21,LEGAL ,BeaconMatterTech,6332182806,hello@beaconmattertech.com,https://beaconmattertech.com,292,Manchester,UK,2026-06-21T04:19:48Z
2026-06-21,ERP,Mosaic ChainSolutions,(285) 500-2652 ext. 44,info@mosaicchainsolutions.co,https://mosaicchainsolutions.co,87,Raleigh,US,2026-06-21T06:40:10Z
2026-06-21,HR,Juniper RosterWorks,+14024155256,contact@juniperrosterworks.com,https://www.juniperrosterworks.com,689,Chicago,US,2026-06-21T03:37:21Z
2026-06-21,ERP,Quartz ForgeSuite,1-936-246-5196,hello@quartzforgesuite.com,quartzforgesuite.com,7,Seattle,US,2026-06-21T02:01:06Z
2026-06-21,HR,Onyx PayrollWorks,+14698200511,info@onyxpayrollworks.io,onyxpayrollworks.io,147,Columbus,US,2026-06-21T04:19:30Z
2026-06-21,Medical,CrownChart Desk,+13488765000,hello@crownchartdesk.com,https://www.crownchartdesk.com,13,Columbus,US,2026-06-21T01:16:37Z
2026-06-21,legal,Cedar VerdictSuite,+1 (567) 639-0354,hello@cedarverdictsuite.co,https://www.cedarverdictsuite.co,803,Dublin,IE,2026-06-21T01:10:42Z
2026-06-21,ERP,Quartz BatchCloud,+14977599693,info@quartzbatchcloud.com,https://quartzbatchcloud.com,74,Seattle,US,2026-06-21T02:17:16Z
2026-06-21,Medical,ZephyrTriage’s Systems,4822282231,info@zephyrtriagesystems.net,https://zephyrtriagesystems.net,13,Tampa,US,2026-06-21T04:05:37Z
2026-06-21,Medical,Core RxSolutions,751-606-3290,hello@corerxsolutions.co,https://corerxsolutions.co,15,Phoenix,US,2026-06-21T01:07:16Z
2026-06-21,Legal,Umbra DocketSuite,+15495154573,contact@umbradocketsuite.com,https://umbradocketsuite.com,925,Tampa,US,2026-06-21T05:36:21Z
2026-06-21,ERP,QuartzOpsApp,399-457-3698,-,https://quartzopsapp.io,59,Raleigh,US,2026-06-21T06:36:12Z
2026-06-21,LMS,Ridge LearnLabs,968.215.3274,contact@ridgelearnlabs.io,https://www.ridgelearnlabs.io,30,Dublin,IE,2026-06-21T03:02:31Z
2026-06-21,HR,IronOnboardCore,+17933167495,info@irononboardcore.io,https://irononboardcore.io,9,Munich,DE,2026-06-21T01:55:41Z
2026-06-21,ERP,IronOps Point,879-792-3435,contact@ironopspoint.net,ironopspoint.net,91,Atlanta,US,2026-06-21T06:41:18Z
2026-06-21,ERP,NimbusPlanLabs,1-853-284-5188,info@nimbusplanlabs.io,nimbusplanlabs.io,14,Chicago,US,2026-06-21T02:20:53Z
2026-06-21,MSP Platform,ArchPatch Coré,+12765340638,hello@archpatchcore.com,https://www.archpatchcore.com,222,Melbourne,AU,2026-06-21T05:02:54Z
2026-06-21,ERP,KeystoneForgeSolutions,07865494583,hello@keystoneforgesolutions.io,keystoneforgesolutions.io,14,Seattle,US,2026-06-21T02:19:43Z
2026-06-21,MSP Platform,OrbitStackSoft,+18552037971,hello@orbitstacksoft.com,https://orbitstacksoft.com,9,Leeds,UK,2026-06-21T02:51:23Z
2026-06-21,ERP,MosaicPlan Desk,(338) 752-2681,hello@mosaicplandesk.com,mosaicplandesk.com,8,Tampa,US,2026-06-21T04:40:39Z
2026-06-21,MSP Platform,VertexPatch App,490.309.2832,sales@vertexpatchapp.com,https://vertexpatchapp.com,26,London,UK,2026-06-21T06:29:30Z
2026-06-21,ERP,Juniper PlanBase,02327384949,contact@juniperplanbase.com,https://www.juniperplanbase.com,180,Dublin,IE,2026-06-21T02:20:12Z
2026-06-21,LMS,JuniperLearnLogic,585-569-6021,contact@juniperlearnlogic.co,https://www.juniperlearnlogic.co,67,Seattle,US,2026-06-21T03:28:32Z
2026-06-21,MSP Platform,TrueEndpointSoft,+12452275381,hello@trueendpointsoft.com,https://www.trueendpointsoft.com,402,Boston,US,2026-06-21T06:49:44Z
2026-06-21,Medical,Pivot PulseSystems,224-999-0688,contact@pivotpulsesystems.io,https://www.pivotpulsesystems.io,34,Phoenix,US,2026-06-21T02:06:25Z
2026-06-21,LMS,IndigoPath Systems,8515915182,info@indigopathsystems.io,https://www.indigopathsystems.io,7,Boston,US,2026-06-21T04:23:31Z
2026-06-21,HR,PolarisPayrollCloud,+14157742252,sales@polarispayrollcloud.com,https://www.polarispayrollcloud.com,172,Columbus,US,2026-06-21T05:12:56Z
2026-06-21,ERP,Indigo OrderSolutions,(829) 253-2517,sales@indigoordersolutions.io,https://indigoordersolutions.io,219,Melbourne,AU,2026-06-21T03:35:23Z
2026-06-21,ERP,SableFinCloud,204.872.3339 ext. 28,contact@sablefincloud.net,https://sablefincloud.net,1922,Chicago,US,2026-06-21T04:25:31Z
2026-06-21,ERP,OmniStockDesk,+14234947401,hello@omnistockdesk.com,omnistockdesk.com,50,Raleigh,US,2026-06-21T01:17:29Z
2026-06-21,HR,Ridgeway Onboard Consulting Group,09606754436,contact@ridgewayonboardconsultinggroup.com,https://ridgewayonboardconsultinggroup.com,10,Seattle,US,2026-06-21T05:06:28Z
2026-06-21,HR,VeloCultureBase,659-949-9315 ext. 10,info@veloculturebase.com,veloculturebase.com,93,Tampa,US,2026-06-21T04:41:41Z
2026-06-21,Medical,QuantumCare Suite,(520) 432-0061,hello@quantumcaresuite.com,https://www.quantumcaresuite.com,21,Austin,US,2026-06-21T06:51:43Z
2026-06-21,Medical,Iron PlanSystems,1-325-914-9161,sales@ironplansystems.com,https://www.ironplansystems.com,6,Leeds,UK,2026-06-21T05:42:46Z
2026-06-21,ERP,CrownFinPlatform,+1 (319) 290-0794,sales@crownfinplatform.com,https://www.crownfinplatform.com,4470,Singapore,SG,2026-06-21T04:17:23Z
2026-06-21,HR,RavenCultureSolutions,916-357-7388 ext. 76,sales@ravenculturesolutions.net,ravenculturesolutions.net,-,Toronto,CA,2026-06-21T06:52:54Z
2026-06-21,HR,TidalOnboard Point,(670) 892-1353,sales@tidalonboardpoint.io,https://www.tidalonboardpoint.io,339,Denver,US,2026-06-21T04:48:08Z
2026-06-21,Legal,Meta BriefSync,851.946.1680,contact@metabriefsync.com,https://www.metabriefsync.com,67,Austin,US,2026-06-21T05:31:45Z
2026-06-21,Medical,SolidMedLabs,1-402-376-7795,info@solidmedlabs.com,solidmedlabs.com,52,Atlanta,US,2026-06-21T01:47:53Z
2026-06-21,ERP,PrimeChainSync,513-586-1290 ext. 15,hello@primechainsync.com,primechainsync.com,13,Raleigh,US,2026-06-21T04:41:48Z
2026-06-21,Medical,RidgeMedApp,(756) 831-1939,hello@ridgemedapp.com,ridgemedapp.com,190,Phoenix,US,2026-06-21T02:26:39Z
2026-06-21,LEGAL ,Solid FilingFlow,+16314607831,sales@solidfilingflow.net,https://www.solidfilingflow.net,19,Bengaluru,IN,2026-06-21T05:54:27Z
2026-06-21,Legal,BlueDocketPoint,7776568449,contact@bluedocketpoint.com,https://www.bluedocketpoint.com,50,Tampa,US,2026-06-21T05:43:05Z
2026-06-21,Medical,SilverTriage Sphere,844.250.1269 ext. 36,hello@silvertriagesphere.net,https://silvertriagesphere.net,18,Phoenix,US,2026-06-21T04:41:28Z
2026-06-21,ERP,ZephyrFinSuite,1-557-855-2348 ext. 21,hello@zephyrfinsuite.net,https://zephyrfinsuite.net,null,Boston,US,2026-06-21T04:42:15Z
2026-06-21,ERP,NorthForgeHub,(856) 496-9243,info@northforgehub.co,https://www.northforgehub.co,358,Phoenix,US,2026-06-21T05:47:58Z
2026-06-21,LMS,Summit CoursePlatform,689.605.4822,hello@summitcourseplatform.com,https://www.summitcourseplatform.com,26,Denver,US,2026-06-21T06:46:21Z
2026-06-21,Medical,Indigo ChartPoint,284-455-5138 ext. 82,info@indigochartpoint.co,https://www.indigochartpoint.co,740,Dublin,IE,2026-06-21T03:54:46Z
2026-06-21,ERP,GranitePlanWorks,+17856889692,info@graniteplanworks.net,https://graniteplanworks.net,24,Seattle,US,2026-06-21T06:32:08Z
2026-06-21,LMS,MetaSkill Flow,1-256-889-2363,info@metaskillflow.com,https://www.metaskillflow.com,492,Singapore,SG,2026-06-21T03:14:44Z
2026-06-21,Legal,RidgeMatter Labs,(654) 427-2222,hello@ridgematterlabs.com,https://www.ridgematterlabs.com,277,Atlanta,US,2026-06-21T03:49:05Z
2026-06-21,ERP,Rapid StockPlatform,+16013540525,sales@rapidstockplatform.com,https://www.rapidstockplatform.com,67,Chicago,US,2026-06-21T06:45:04Z
2026-06-21,ERP,BrightOrderApp,+19209234396,info@brightorderapp.com,https://www.brightorderapp.com,888,Melbourne,AU,2026-06-21T06:23:03Z
2026-06-21,ERP,TrueLedger Systems,(499) 387-4028,contact@trueledgersystems.com,https://trueledgersystems.com,158,Austin,US,2026-06-21T03:48:30Z
2026-06-21,HR,PioneerPeople Desk,(666) 806-7795,info@pioneerpeopledesk.com,https://www.pioneerpeopledesk.com,13,Denver,US,2026-06-21T04:08:16Z
2026-06-21,MSP Platform,Tidal UptimeSoft,(212) 460-4598,,https://www.tidaluptimesoft.co,3261,Phoenix,US,2026-06-21T03:30:36Z
2026-06-21,ERP,HarborOrderSolutions,1-300-675-8837,info@harborordersolutions.com,https://www.harborordersolutions.com,59,Manchester,UK,2026-06-21T05:05:43Z
2026-06-21,Medical,CobaltMed Systems,+1 (477) 879-8458,info@cobaltmedsystems.com,https://www.cobaltmedsystems.com,77,Austin,US,2026-06-21T04:42:45Z
2026-06-21,MSP Platform,Nimbus EndpointCloud,+1 (810) 603-5542,contact@nimbusendpointcloud.co,nimbusendpointcloud.co,122,Austin,US,2026-06-21T05:09:00Z
2026-06-21,HR,FusionShift Works,4237353570,sales@fusionshiftworks.com,https://www.fusionshiftworks.com,72,Phoenix,US,2026-06-21T05:31:02Z
2026-06-21,ERP,ArchLedger Logic,(460) 542-4997,info@archledgerlogic.com,https://archledgerlogic.com,8,Phoenix,US,2026-06-21T06:23:07Z
2026-06-21,ERP,Clear ForgeBase,+1 (831) 722-6881,info@clearforgebase.com,https://www.clearforgebase.com,252,London,UK,2026-06-21T04:56:58Z
2026-06-21,ERP,Solid OpsWorks,(557) 244-6294,sales@solidopsworks.com,https://www.solidopsworks.com,48,Boston,US,2026-06-21T06:29:08Z
2026-06-21,MSP Platform,JuniperTicketFlow,663-396-0504,hello@juniperticketflow.com,https://www.juniperticketflow.com,425,Seattle,US,2026-06-21T04:15:36Z
2026-06-21,HR,Xenon PayrollSphere,(703) 919-8854,contact@xenonpayrollsphere.com,https://www.xenonpayrollsphere.com,135,Seattle,US,2026-06-21T03:29:34Z
2026-06-21,ERP,EmberOrder Works,893.896.8614,sales@emberorderworks.com,https://emberorderworks.com,634,Phoenix,US,2026-06-21T03:52:25Z
2026-06-21,HR,Beacon RosterSystems,953-935-1748,sales@beaconrostersystems.com,https://www.beaconrostersystems.com,8,Hyderabad,IN,2026-06-21T03:32:57Z
2026-06-21,Legal,Polaris Filing Staffing,433-706-9003,sales@polarisfilingstaffing.com,https://www.polarisfilingstaffing.com,434,Tampa,US,2026-06-21T05:07:23Z
2026-06-21,HR,HarborShift Works,9628335437,hello@harborshiftworks.co,https://harborshiftworks.co,43,Amsterdam,NL,2026-06-21T01:29:47Z
2026-06-21,MSP Platform,NimbusTicket Sphere,+19092324647,info@nimbusticketsphere.co,https://nimbusticketsphere.co,16,Bengaluru,IN,2026-06-21T04:20:24Z
2026-06-21,HR,RidgewayBenefitHub,3423511265,hello@ridgewaybenefithub.com,https://www.ridgewaybenefithub.com,91,Chicago,US,2026-06-21T03:36:45Z
2026-06-21,ERP,Vista ResourceSoft,+1 (276) 249-4896,contact@vistaresourcesoft.com,https://www.vistaresourcesoft.com,-,Atlanta,US,2026-06-21T04:29:21Z
2026-06-21,ERP,SableResource Dynamics,1-967-836-6770,info@sableresourcedynamics.com,https://sableresourcedynamics.com,15,Berlin,DE,2026-06-21T02:55:24Z
2026-06-21,Medical,Apex MedPlatform,(983) 767-9123,hello@apexmedplatform.com,https://www.apexmedplatform.com,19,Seattle,US,2026-06-21T05:37:20Z
2026-06-21,ERP,AnchorBatch Desk,+13323719912,contact@anchorbatchdesk.com,https://www.anchorbatchdesk.com,224,Lahore,PK,2026-06-21T04:28:55Z
2026-06-21,LMS,Pioneer MentorPlatform,(600) 385-4580,info@pioneermentorplatform.io,https://pioneermentorplatform.io,154,Phoenix,US,2026-06-21T06:20:30Z
2026-06-21,ERP,PrimeOps Hub,(407) 288-1093,info@primeopshub.com,https://www.primeopshub.com,88,Dublin,IE,2026-06-21T06:35:55Z
2026-06-21,ERP,CedarBatch Sphere,563-675-1182,info@cedarbatchsphere.com,cedarbatchsphere.com,58,Lahore,PK,2026-06-21T03:50:42Z
2026-06-21,Legal,AtlasBrief Labs,(525) 839-5065,sales@atlasbrieflabs.com,https://www.atlasbrieflabs.com,462,Phoenix,US,2026-06-21T06:14:15Z
2026-06-21,MSP Platform,Alta UptimeSphere,+1 (470) 298-3153,sales@altauptimesphere.com,https://www.altauptimesphere.com,-,Pune,IN,2026-06-21T01:51:38Z
2026-06-21,ERP,ZenStock Labs,+14583189474,contact@zenstocklabs.com,https://zenstocklabs.com,444,Denver,US,2026-06-21T04:16:30Z
2026-06-21,MSP Platform,PolarisNodeSolutions,(424) 592-5151,sales@polarisnodesolutions.com,https://www.polarisnodesolutions.com,31,Boston,US,2026-06-21T06:01:27Z
2026-06-21,Medical,Cobalt HealthSystems,340-534-2364,N/A,https://www.cobalthealthsystems.com,321,Chicago,US,2026-06-21T01:55:23Z
2026-06-21,Medical,Summit CareApp,592-783-1713,info@summitcareapp.com,https://summitcareapp.com,40,Phoenix,US,2026-06-21T06:55:31Z
2026-06-21,HR,Tidal PayrollSuite,+1 (649) 286-6698,sales@tidalpayrollsuite.com,https://www.tidalpayrollsuite.com,7,Boston,US,2026-06-21T04:13:55Z
2026-06-21,Medical,XenonHealth Labs,430.827.1033,contact@xenonhealthlabs.io,https://www.xenonhealthlabs.io,9,Raleigh,US,2026-06-21T04:37:40Z
2026-06-21,HR,ApexBenefitSolutions,713-249-8178,hello@apexbenefitsolutions.io,https://www.apexbenefitsolutions.io,8,Toronto,CA,2026-06-21T04:44:06Z
2026-06-21,ERP,RidgewayForgeSystems,+15105193300,hello@ridgewayforgesystems.com,https://www.ridgewayforgesystems.com,75,Austin,US,2026-06-21T02:23:06Z
2026-06-21,ERP,CoreForgePoint,237-490-1162,hello@coreforgepoint.net,https://www.coreforgepoint.net,807,Hyderabad,IN,2026-06-21T03:09:32Z
2026-06-21,Medical,JuniperHealthHub,846-990-1487,info@juniperhealthhub.com,https://www.juniperhealthhub.com,19,Raleigh,US,2026-06-21T06:09:35Z
2026-06-21,LMS,Core LearnDesk,7249353284 ext. 2,sales@corelearndesk.com,https://www.corelearndesk.com,14,Pune,IN,2026-06-21T01:52:54Z
2026-06-21,ERP,BlueOrderSuite,(966) 540-6556,contact@blueordersuite.com,https://www.blueordersuite.com,203,Vancouver,CA,2026-06-21T03:10:44Z
2026-06-21,MSP Platform,ZenMonitor Flow,(350) 864-3673,sales@zenmonitorflow.io,https://zenmonitorflow.io,42,Raleigh,US,2026-06-21T02:34:14Z
2026-06-21,MSP Platform,Juniper GridCloud,4317432753,contact@junipergridcloud.com,https://www.junipergridcloud.com,25,Denver,US,2026-06-21T03:28:08Z
2026-06-21,MSP Platform,CobaltTicketSync,04303683924,sales@cobaltticketsync.com,https://www.cobaltticketsync.com,360,Seattle,US,2026-06-21T06:55:45Z
2026-06-21,ERP,SilverChain’s Base,(729) 288-6700,sales@silverchainbase.com,https://silverchainbase.com,57,Calgary,CA,2026-06-21T04:47:45Z
2026-06-21,HR,BeaconShiftFlow,708.856.3706,sales@beaconshiftflow.com,https://beaconshiftflow.com,47,Columbus,US,2026-06-21T05:40:06Z
2026-06-21,ERP,PivotBatch Platform,1-818-796-7852,sales@pivotbatchplatform.com,pivotbatchplatform.com,88,Denver,US,2026-06-21T02:55:24Z
2026-06-21,HR,PivotRoster Platform,05686758343,sales@pivotrosterplatform.com,https://www.pivotrosterplatform.com,49,Phoenix,US,2026-06-21T02:42:04Z
2026-06-21,Medical,BeaconHealth Platform,250-735-1377,sales@beaconhealthplatform.com,https://www.beaconhealthplatform.com,974,Boston,US,2026-06-21T04:57:49Z
2026-06-21,ERP,ZenOrder Solutions,696-482-7197,hello@zenordersolutions.io,https://www.zenordersolutions.io,16,Leeds,UK,2026-06-21T01:57:26Z
2026-06-21,MSP Platform,OmniRemoteLabs,246-872-2888,info@omniremotelabs.com,https://omniremotelabs.com,9,Munich,DE,2026-06-21T06:12:18Z
2026-06-21,Medical,Orbit VitalPoint,494.808.5513,contact@orbitvitalpoint.com,https://www.orbitvitalpoint.com,95,Manchester,UK,2026-06-21T01:19:58Z
2026-06-21,Legal,MosaicLawCloud,1-720-416-2760,hello@mosaiclawcloud.net,mosaiclawcloud.net,48,Boston,US,2026-06-21T06:57:01Z
2026-06-21,Lgl,OrbitClauseDynamics,+14324868489 ext. 10,-,https://www.orbitclausedynamics.com,13,Sydney,AU,2026-06-21T04:49:09Z
2026-06-21,MSP Platform,Quartz’s MonitorSolutions,+18033023615,sales@quartzmonitorsolutions.com,https://www.quartzmonitorsolutions.com,20,Leeds,UK,2026-06-21T04:35:27Z
2026-06-21,HR,OmniTeamHub,1-308-514-3596,contact@omniteamhub.com,https://www.omniteamhub.com,22,Amsterdam,NL,2026-06-21T01:28:16Z
2026-06-21,LMS,Ember TrainSystems,04844476753,sales@embertrainsystems.com,https://www.embertrainsystems.com,127,,US,2026-06-21T01:52:17Z
2026-06-21,ERP,Pioneer Forge Outsourcing,+1 (351) 290-2014,sales@pioneerforgeoutsourcing.com,https://pioneerforgeoutsourcing.com,53,Berlin,DE,2026-06-21T05:37:31Z
2026-06-21,ERP,SilverFin Dynamics,1-447-912-8531,sales@silverfindynamics.io,https://www.silverfindynamics.io,71,London,UK,2026-06-21T03:57:08Z
2026-06-21,ERP,ZenChain Cloud,07453174669,info@zenchaincloud.io,https://www.zenchaincloud.io,428,Manchester,UK,2026-06-21T01:33:32Z
2026-06-21,ERP,ApexBatch Tech,(880) 314-7376,sales@apexbatchtech.com,https://www.apexbatchtech.com,324,Denver,US,2026-06-21T01:35:17Z
2026-06-21,LMS,BlueLessonSphere,2064249362 ext. 5,sales@bluelessonsphere.io,https://www.bluelessonsphere.io,454,Columbus,US,2026-06-21T06:35:35Z
2026-06-21,MSP Platform,PivotNodeLogic,+1 (519) 631-9776 ext. 5,info@pivotnodelogic.co,https://pivotnodelogic.co,39,Atlanta,US,2026-06-21T05:11:30Z
2026-06-21,ERP,Delta BatchSync,+1 (486) 727-0914,N/A,https://www.deltabatchsync.net,214,N/A,UK,2026-06-21T06:01:43Z
2026-06-21,HR,FusionPayroll Platform,(204) 317-9402,contact@fusionpayrollplatform.com,https://www.fusionpayrollplatform.com,44,Austin,US,2026-06-21T01:46:55Z
2026-06-21,ERP,MetaForge Point,1-737-470-6547,contact@metaforgepoint.co,metaforgepoint.co,616,Denver,US,2026-06-21T02:38:02Z
2026-06-21,legal,VertexClauseSuite,08112295534,hello@vertexclausesuite.com,https://vertexclausesuite.com,33,Dublin,IE,2026-06-21T02:34:36Z
2026-06-21,Medical,Beacon ChartLabs,374-374-5094 ext. 31,contact@beaconchartlabs.net,https://www.beaconchartlabs.net,15,Columbus,US,2026-06-21T06:07:22Z
2026-06-21,HR,GoldenPeoplePoint,1-276-307-4145,contact@goldenpeoplepoint.com,https://www.goldenpeoplepoint.com,37,Denver,US,2026-06-21T03:44:54Z
2026-06-21,ERP,Indigo Forge BPO Services,1-320-690-7351,hello@indigoforgebposervices.com,https://www.indigoforgebposervices.com,10,Sydney,AU,2026-06-21T05:43:43Z
2026-06-21,LMS,LumenTutor Core,(428) 511-0790,info@lumentutorcore.com,https://www.lumentutorcore.com,17,Phoenix,US,2026-06-21T02:59:27Z
2026-06-21,MSP Platform,Harbor GridCloud,206-870-0431,info@harborgridcloud.com,harborgridcloud.com,74,Chicago,US,2026-06-21T02:23:27Z
2026-06-21,Legal,MetaLawSystems,+19814048255,info@metalawsystems.com,https://metalawsystems.com,231,Sydney,AU,2026-06-21T02:46:38Z
2026-06-21,MSP Platform,ApexStack Platform,(528) 624-9185,hello@apexstackplatform.io,https://www.apexstackplatform.io,369,Melbourne,AU,2026-06-21T03:38:09Z
2026-06-21,Medical,OnyxClinicSync,(888) 500-7291,contact@onyxclinicsync.com,https://www.onyxclinicsync.com,466,Sydney,AU,2026-06-21T04:52:46Z
2026-06-21,ERP,SablePlanSolutions,+16403664404,sales@sableplansolutions.com,https://sableplansolutions.com,277,Raleigh,US,2026-06-21T04:05:05Z
2026-06-21,ERP,BlueResourcePlatform,8576645030 ext. 79,info@blueresourceplatform.com,https://www.blueresourceplatform.com,20,Austin,US,2026-06-21T03:46:46Z
2026-06-21,ERP,NimbusChain Sync,9302242273,info@nimbuschainsync.com,https://www.nimbuschainsync.com,183,Amsterdam,NL,2026-06-21T05:40:22Z
2026-06-21,Medical,Tidal RxHub,1-694-206-1001 ext. 52,contact@tidalrxhub.io,tidalrxhub.io,4833,Melbourne,AU,2026-06-21T04:39:30Z
2026-06-21,Medical,Beacon MedFlow,(985) 856-0599 ext. 68,contact@beaconmedflow.net,https://www.beaconmedflow.net,894,Tampa,US,2026-06-21T01:20:21Z
2026-06-21,Medical,Juniper ClinicTech,+16673268274,sales@juniperclinictech.net,juniperclinictech.net,246,Boston,US,2026-06-21T03:19:04Z
2026-06-21,ERP,SolidOpsSoft,+15076084736,contact@solidopssoft.com,https://www.solidopssoft.com,34,Pune,IN,2026-06-21T02:37:27Z
2026-06-21,HR,WillowTalentSphere,7174275996,hello@willowtalentsphere.com,willowtalentsphere.com,212,Columbus,US,2026-06-21T01:15:08Z
2026-06-21,Medical,GoldenCareFlow,2355610633,contact@goldencareflow.com,https://goldencareflow.com,41,Denver,US,2026-06-21T05:22:10Z
2026-06-21,MSP Platform,GoldenNetPlatform,(418) 431-8168,contact@goldennetplatform.net,https://goldennetplatform.net,179,Vancouver,CA,2026-06-21T01:53:16Z
2026-06-21,MSP Platform,Cedar PatchSoft,09029626229,sales@cedarpatchsoft.com,https://cedarpatchsoft.com,135,Atlanta,US,2026-06-21T05:41:53Z
2026-06-21,ERP,Pioneer ChainDynamics,520-919-5223,info@pioneerchaindynamics.com,https://www.pioneerchaindynamics.com,761,Boston,US,2026-06-21T03:49:01Z
2026-06-21,Medical,CoreTriage Logic,(505) 432-1409,sales@coretriagelogic.io,coretriagelogic.io,24,Austin,US,2026-06-21T01:12:49Z
2026-06-21,ERP,NovaForgeWorks,958-820-9467 ext. 76,info@novaforgeworks.com,https://www.novaforgeworks.com,46,Atlanta,US,2026-06-21T04:06:25Z
2026-06-21,Legal,JuniperBriefBase,+15149673080,hello@juniperbriefbase.com,juniperbriefbase.com,20,Denver,US,2026-06-21T03:01:33Z
2026-06-21,LMS,Clear SkillHub,4813635676,info@clearskillhub.net,https://www.clearskillhub.net,5,Atlanta,US,2026-06-21T05:34:33Z
2026-06-21,Medical,ApexRx Sync,694.354.4195,hello@apexrxsync.com,https://www.apexrxsync.com,20,Austin,US,2026-06-21T06:05:36Z
2026-06-21,ERP,Raven FinPlatform,4443082587 ext. 82,hello@ravenfinplatform.io,https://www.ravenfinplatform.io,89,Karachi,PK,2026-06-21T06:58:37Z
2026-06-21,MSP Platform,PolarisStack Point,(749) 379-4868,hello@polarisstackpoint.net,https://www.polarisstackpoint.net,5,Pune,IN,2026-06-21T02:32:48Z
2026-06-21,ERP,Sable OpsCloud,+18108516708,info@sableopscloud.com,sableopscloud.com,11,Vancouver,CA,2026-06-21T05:03:51Z
2026-06-21,ERP,LumenPlan Core,434-260-6350,info@lumenplancore.com,lumenplancore.com,45,Phoenix,US,2026-06-21T06:20:37Z
2026-06-21,Medical,Bold PatientSolutions,(566) 408-2070,info@boldpatientsolutions.com,https://boldpatientsolutions.com,178,Toronto,CA,2026-06-21T01:12:08Z
2026-06-21,Medical,Umbra ClinicLabs,245-782-8209,sales@umbracliniclabs.io,https://umbracliniclabs.io,19,Denver,US,2026-06-21T03:29:32Z
2026-06-21,ERP,SolidFinDesk,+19394174721,-,https://www.solidfindesk.com,13,Sydney,AU,2026-06-21T05:40:16Z
2026-06-21,Medical,TrueHealthDesk,485.543.5802,info@truehealthdesk.com,https://truehealthdesk.com,361,London,UK,2026-06-21T06:23:04Z
2026-06-21,ERP,RavenFin Works,5689109298,hello@ravenfinworks.com,https://www.ravenfinworks.com,22,Columbus,US,2026-06-21T02:10:27Z
2026-06-21,LMS,SolidTutorBase,613-624-8796,sales@solidtutorbase.net,https://www.solidtutorbase.net,37,Calgary,CA,2026-06-21T06:54:18Z
2026-06-21,Medical,CrownClinic Platform,5094724798,,https://www.crownclinicplatform.com,91,Toronto,CA,2026-06-21T02:14:55Z
2026-06-21,ERP,TidalPlan Labs,8766611265,sales@tidalplanlabs.com,https://www.tidalplanlabs.com,47,Dublin,IE,2026-06-21T03:23:25Z
2026-06-21,HR,HaloOnboardSync,+17035589194,contact@haloonboardsync.io,https://haloonboardsync.io,159,Chicago,US,2026-06-21T04:13:26Z
2026-06-21,MSP Platform,Cedar RemoteSuite,(987) 520-6431,sales@cedarremotesuite.io,https://cedarremotesuite.io,16,Columbus,US,2026-06-21T03:34:06Z
2026-06-21,Medical,BeaconClinic Soft,+12997847574,sales@beaconclinicsoft.io,https://www.beaconclinicsoft.io,46,Manchester,UK,2026-06-21T03:36:36Z
2026-06-21,HR,Zephyr PerformHub,(446) 346-9776,info@zephyrperformhub.com,https://zephyrperformhub.com,152,-,US,2026-06-21T04:13:24Z
2026-06-21,Medical,Rapid ClinicBase,4034735335,info@rapidclinicbase.com,https://www.rapidclinicbase.com,19,Pune,IN,2026-06-21T05:38:48Z
2026-06-21,ERP,Cedar ResourceSync,+12184997807,sales@cedarresourcesync.com,https://www.cedarresourcesync.com,14,Seattle,US,2026-06-21T04:18:52Z
2026-06-21,HR,Core OrderSolutions,1-872-985-5501,sales@coreordersolutions.com,https://www.coreordersolutions.com,18,Manchester,UK,2026-06-21T05:52:25Z
2026-06-21,ERP,JuniperPlan App,+16426213647,hello@juniperplanapp.net,https://www.juniperplanapp.net,48,Manchester,UK,2026-06-21T01:11:44Z
2026-06-21,HR,NorthShift Suite,1-755-683-9015,info@northshiftsuite.io,https://www.northshiftsuite.io,3138,Singapore,SG,2026-06-21T05:04:53Z
2026-06-21,ERP,HarborFin Tech,1-556-339-1626,contact@harborfintech.com,https://www.harborfintech.com,246,Bengaluru,IN,2026-06-21T03:44:59Z
2026-06-21,Medical,Quartz CareDesk,8476549402,sales@quartzcaredesk.net,https://www.quartzcaredesk.net,447,Manchester,UK,2026-06-21T02:10:54Z
2026-06-21,HR,Raven PeopleCloud,3347096744,sales@ravenpeoplecloud.com,https://ravenpeoplecloud.com,84,Denver,US,2026-06-21T01:33:55Z
2026-06-21,HR,TidalBenefitSystems,911-508-9426,hello@tidalbenefitsystems.io,https://www.tidalbenefitsystems.io,,Austin,US,2026-06-21T06:12:29Z
2026-06-21,HR,Core CultureApp,08087989657,info@corecultureapp.com,corecultureapp.com,10,Denver,US,2026-06-21T05:16:13Z
2026-06-21,Medical,NimbusClinic Labs,+16035738099,sales@nimbuscliniclabs.io,https://www.nimbuscliniclabs.io,56,London,UK,2026-06-21T02:29:20Z
2026-06-21,MSP Platform,Falcon MonitorSphere,622.210.5755,sales@falconmonitorsphere.com,https://www.falconmonitorsphere.com,972,N/A,US,2026-06-21T06:03:11Z
2026-06-21,Medical,Summit CareDesk,+17957825658,sales@summitcaredesk.com,https://summitcaredesk.com,14,Dublin,IE,2026-06-21T06:09:59Z
2026-06-21,ERP,Anchor StockSystems,1-506-362-6185,contact@anchorstocksystems.com,https://www.anchorstocksystems.com,19,Atlanta,US,2026-06-21T06:07:51Z
2026-06-21,ERP,PrimePlanSolutions,(867) 576-7628,info@primeplansolutions.com,https://www.primeplansolutions.com,247,Columbus,US,2026-06-21T03:25:19Z
2026-06-21,legal,Sable CasePoint,514-533-8789,hello@sablecasepoint.io,https://www.sablecasepoint.io,5,-,US,2026-06-21T05:05:41Z
2026-06-21,Medical,MosaicTriageHub,+18618689122,info@mosaictriagehub.co,https://mosaictriagehub.co,21,Dublin,IE,2026-06-21T05:24:21Z
2026-06-21,ERP,Keystone ChainSync,(348) 262-6777,info@keystonechainsync.com,https://www.keystonechainsync.com,17,Austin,US,2026-06-21T06:22:22Z
2026-06-21,ERP,Fusion StockFlow,9344855218,info@fusionstockflow.com,fusionstockflow.com,52,Austin,US,2026-06-21T06:57:51Z
2026-06-21,MSP Platform,CrestGrid Systems,639-535-7409,hello@crestgridsystems.com,https://www.crestgridsystems.com,N/A,Boston,US,2026-06-21T02:06:26Z
2026-06-21,Medical,Juniper PulsePoint,(945) 725-7631,contact@juniperpulsepoint.com,https://www.juniperpulsepoint.com,19,Amsterdam,NL,2026-06-21T03:22:38Z
2026-06-21,Medical,LumenCare Labs,1-362-541-3387,contact@lumencarelabs.io,https://www.lumencarelabs.io,744,Singapore,SG,2026-06-21T04:02:44Z
2026-06-21,HR,Iron PayrollSystems,354-321-0828,,https://www.ironpayrollsystems.com,15,Hyderabad,IN,2026-06-21T03:54:33Z
2026-06-21,ERP,TidalResourceCloud,698.552.8885,contact@tidalresourcecloud.co,https://www.tidalresourcecloud.co,16,Berlin,DE,2026-06-21T05:59:31Z
2026-06-21,legal,Summit LawPlatform,+14476466816,sales@summitlawplatform.com,https://www.summitlawplatform.com,5,Denver,US,2026-06-21T04:03:09Z
2026-06-21,legal,Delta MatterSystems,+12759704567,hello@deltamattersystems.io,https://www.deltamattersystems.io,564,Columbus,US,2026-06-21T05:26:19Z
2026-06-21,Legal,PioneerFiling Tech,283-729-9725,N/A,https://www.pioneerfilingtech.com,146,Calgary,CA,2026-06-21T04:34:08Z
2026-06-21,ERP,RapidLedger Solutions,414-554-1843,contact@rapidledgersolutions.com,https://www.rapidledgersolutions.com,474,Denver,US,2026-06-21T05:04:55Z
2026-06-21,legal,OmniLawDesk,9176709005,hello@omnilawdesk.com,https://omnilawdesk.com,15,Hyderabad,IN,2026-06-21T04:15:31Z
2026-06-21,ERP,RidgeOps Suite,522-500-2106,info@ridgeopssuite.io,https://www.ridgeopssuite.io,16,Singapore,SG,2026-06-21T01:23:54Z
2026-06-21,Medical,Falcon PulseSphere,528-551-1816 ext. 99,hello@falconpulsesphere.com,https://www.falconpulsesphere.com,55,Seattle,US,2026-06-21T03:46:27Z
2026-06-21,HR,Bright Roster Consultants,+15435114935,info@brightrosterconsultants.io,brightrosterconsultants.io,169,Denver,US,2026-06-21T06:49:25Z
2026-06-21,ERP,VeloPlanCore,4626592231,contact@veloplancore.io,https://www.veloplancore.io,320,Hyderabad,IN,2026-06-21T01:19:55Z
2026-06-21,Medical,Ridgeway HealthDynamics,+12612392095,hello@ridgewayhealthdynamics.com,ridgewayhealthdynamics.com,8,Singapore,SG,2026-06-21T01:32:04Z
2026-06-21,Medical,WillowHealth Works,(237) 876-8860,-,willowhealthworks.net,381,Tampa,US,2026-06-21T03:55:07Z
2026-06-21,Medical,Core HealthPlatform,9195485330,info@corehealthplatform.net,https://www.corehealthplatform.net,12,Denver,US,2026-06-21T05:03:58Z
2026-06-21,legal,LatticeDocket Logic,+15475146964,null,https://latticedocketlogic.com,158,Singapore,SG,2026-06-21T01:54:23Z
2026-06-21,LMS,IronCohort Systems,658.593.2374,contact@ironcohortsystems.io,https://ironcohortsystems.io,-,Manchester,UK,2026-06-21T01:26:31Z
2026-06-21,HR,Bright PeopleCore,759-301-2138,hello@brightpeoplecore.co,https://brightpeoplecore.co,14,Phoenix,US,2026-06-21T02:36:41Z
2026-06-21,HR,Cedar BenefitTech,8794914342,sales@cedarbenefittech.com,cedarbenefittech.com,35,Phoenix,US,2026-06-21T03:43:37Z
2026-06-21,LMS,NovaQuiz Soft,428-911-9915 ext. 40,info@novaquizsoft.com,novaquizsoft.com,8,Atlanta,US,2026-06-21T06:13:32Z
2026-06-21,LMS,KeystoneTrain Base,5298589657,sales@keystonetrainbase.com,https://www.keystonetrainbase.com,N/A,London,UK,2026-06-21T01:33:39Z
2026-06-21,Legal,Lattice BriefWorks,+1 (211) 540-0222,contact@latticebriefworks.com,https://www.latticebriefworks.com,10,Leeds,UK,2026-06-21T05:33:52Z
2026-06-21,ERP,HarborBatchSuite,249-717-2742,contact@harborbatchsuite.net,https://harborbatchsuite.net,N/A,Calgary,CA,2026-06-21T02:44:05Z
2026-06-21,ERP,NovaPlan App,+17383855613,contact@novaplanapp.com,https://www.novaplanapp.com,39,London,UK,2026-06-21T06:09:33Z
2026-06-21,Legal,TrueBrief Sphere,+14133849234,contact@truebriefsphere.io,https://www.truebriefsphere.io,11,Calgary,CA,2026-06-21T01:55:04Z
2026-06-21,LMS,KeystoneLesson Labs,(684) 783-9075,info@keystonelessonlabs.co,https://keystonelessonlabs.co,371,Columbus,US,2026-06-21T06:06:36Z
2026-06-21,ERP,Rapid Stock Staffing,+19743214618,sales@rapidstockstaffing.com,https://rapidstockstaffing.com,161,Phoenix,US,2026-06-21T02:38:41Z
2026-06-21,Legal,XenonMatter Solutions,765-627-6472,contact@xenonmattersolutions.co,https://www.xenonmattersolutions.co,437,Sydney,AU,2026-06-21T01:02:47Z
2026-06-21,HR,NorthPayrollSoft,+12824216886,hello@northpayrollsoft.io,https://www.northpayrollsoft.io,176,Chicago,US,2026-06-21T06:00:35Z
2026-06-21,Medical,Pioneer PulseDynamics,+18318830622,contact@pioneerpulsedynamics.com,https://pioneerpulsedynamics.com,81,Seattle,US,2026-06-21T06:14:55Z
2026-06-21,MSP Platform,Silver StackDynamics,399.603.0099 ext. 19,sales@silverstackdynamics.io,https://www.silverstackdynamics.io,72,Phoenix,US,2026-06-21T01:05:43Z
2026-06-21,ERP,Orbit LedgerBase,(907) 711-1613,hello@orbitledgerbase.io,https://orbitledgerbase.io,12,Denver,US,2026-06-21T05:43:40Z
2026-06-21,HR,Omni PerformSuite,389-704-2369,sales@omniperformsuite.com,https://omniperformsuite.com,12,Tampa,US,2026-06-21T06:04:11Z
2026-06-21,LEGAL ,QuantumCaseSoft,1-280-471-0176,hello@quantumcasesoft.co,https://www.quantumcasesoft.co,478,Tampa,US,2026-06-21T05:33:50Z
2026-06-21,LMS,Lattice CohortPoint,8095575091,sales@latticecohortpoint.com,https://www.latticecohortpoint.com,6,Seattle,US,2026-06-21T05:31:29Z
2026-06-21,Medical,PivotPatientBase,565-830-4914,contact@pivotpatientbase.com,https://pivotpatientbase.com,null,Seattle,US,2026-06-21T04:19:27Z
2026-06-21,MSP Platform,SolidPatchSuite,664.309.5385,contact@solidpatchsuite.net,solidpatchsuite.net,88,Denver,US,2026-06-21T05:46:11Z
2026-06-21,MSP Platform,Sable TicketCore,9526481990,contact@sableticketcore.io,https://www.sableticketcore.io,14,Tampa,US,2026-06-21T02:07:58Z
2026-06-21,Medical,CedarCare Desk,3606499566,sales@cedarcaredesk.com,https://cedarcaredesk.com,99,Dublin,IE,2026-06-21T02:40:32Z
2026-06-21,ERP,NorthResourceSync,+13005210173,contact@northresourcesync.com,https://www.northresourcesync.com,1087,Bengaluru,IN,2026-06-21T02:46:00Z
2026-06-21,ERP,Falcon ForgeCore,624-833-0000,hello@falconforgecore.com,https://www.falconforgecore.com,82,Dublin,IE,2026-06-21T01:35:01Z
2026-06-21,Medical,NovaCare Systems,1-581-487-0285,hello@novacaresystems.com,https://novacaresystems.com,219,N/A,US,2026-06-21T03:15:09Z
2026-06-21,Medical,CrownCare Tech,(564) 408-6485,contact@crowncaretech.co,https://www.crowncaretech.co,209,Phoenix,US,2026-06-21T06:51:07Z
2026-06-21,ERP,Velo ChainHub,929.722.3832,contact@velochainhub.co,https://www.velochainhub.co,24,Austin,US,2026-06-21T01:56:21Z
2026-06-21,ERP,Lattice OrderSphere,3803449615,contact@latticeordersphere.com,https://www.latticeordersphere.com,1280,Atlanta,US,2026-06-21T02:53:37Z
2026-06-21,ERP,Beacon OrderSoft,+17929193426,contact@beaconordersoft.com,https://beaconordersoft.com,12,Amsterdam,NL,2026-06-21T04:29:48Z
2026-06-21,MSP Platform,Cobalt Uptime Consultants,+15983776265,hello@cobaltuptimeconsultants.com,https://cobaltuptimeconsultants.com,829,N/A,IN,2026-06-21T02:55:58Z
2026-06-21,Medical,Omni VitalPlatform,(728) 324-0024 ext. 25,info@omnivitalplatform.co,https://omnivitalplatform.co,84,Raleigh,US,2026-06-21T02:49:37Z
2026-06-21,MSP Platform,TidalEndpointSphere,1-926-456-2301,info@tidalendpointsphere.io,tidalendpointsphere.io,60,Columbus,US,2026-06-21T01:44:26Z
2026-06-21,MSP Platform,Raven MonitorLogic,(917) 706-5661,hello@ravenmonitorlogic.co,https://ravenmonitorlogic.co,17,Tampa,US,2026-06-21T04:16:47Z
2026-06-21,ERP,Blue OrderSystems,+13792047846,hello@blueordersystems.io,https://www.blueordersystems.io,18,Atlanta,US,2026-06-21T06:18:09Z
2026-06-21,ERP,NorthLedger App,+18697759566,sales@northledgerapp.com,northledgerapp.com,2655,Lahore,PK,2026-06-21T03:31:12Z
2026-06-21,ERP,OnyxBatchSoft,+18515733526,contact@onyxbatchsoft.net,https://www.onyxbatchsoft.net,17,Boston,US,2026-06-21T04:29:23Z
2026-06-21,MSP Platform,GraniteGridDynamics,+1 (727) 497-8920,hello@granitegriddynamics.com,granitegriddynamics.com,519,Denver,US,2026-06-21T03:16:04Z
2026-06-21,MSP Platform,NorthMonitor Labs,+16509904708,contact@northmonitorlabs.co,https://northmonitorlabs.co,54,Austin,US,2026-06-21T05:39:29Z
2026-06-21,HR,TrueTeam Cloud,(657) 767-9619,info@trueteamcloud.io,https://www.trueteamcloud.io,17,Atlanta,US,2026-06-21T03:14:31Z
2026-06-21,MSP Platform,AtlasMonitor Works,318-950-0802,sales@atlasmonitorworks.com,atlasmonitorworks.com,21,London,UK,2026-06-21T01:34:57Z
2026-06-21,Medical,CrownHealthDesk,1-818-823-9577,contact@crownhealthdesk.com,https://crownhealthdesk.com,40,Vancouver,CA,2026-06-21T03:39:45Z
2026-06-21,Legal,Iron Verdict Consulting Group,2843951532,contact@ironverdictconsultinggroup.com,ironverdictconsultinggroup.com,14,Atlanta,US,2026-06-21T05:33:52Z
2026-06-21,MSP Platform,UmbraTicket Soft,+1 (215) 319-9188,hello@umbraticketsoft.io,https://www.umbraticketsoft.io,311,Dublin,IE,2026-06-21T04:14:05Z
2026-06-21,MSP Platform,Ridgeway GridHub,968.990.2452,contact@ridgewaygridhub.io,https://www.ridgewaygridhub.io,132,Bengaluru,IN,2026-06-21T04:05:52Z
2026-06-21,ERP,BoldLedgerDesk,(240) 462-2208,contact@boldledgerdesk.io,https://boldledgerdesk.io,15,Chicago,US,2026-06-21T04:58:32Z
2026-06-21,Medical,BoldClinic Platform,2132300009,hello@boldclinicplatform.co,https://boldclinicplatform.co,452,Berlin,DE,2026-06-21T02:31:54Z
2026-06-21,ERP,MosaicResource Point,+16927687662,sales@mosaicresourcepoint.com,https://www.mosaicresourcepoint.com,N/A,Munich,DE,2026-06-21T02:01:22Z
2026-06-21,Medical,MetaChart Base,+14048415397,info@metachartbase.com,https://www.metachartbase.com,2032,Columbus,US,2026-06-21T02:58:47Z
2026-06-21,Medical,Vista TriageFlow,+13994383878,contact@vistatriageflow.com,https://www.vistatriageflow.com,18,Atlanta,US,2026-06-21T01:14:10Z
2026-06-21,MSP Platform,Pivot TicketSolutions,363.725.3479,sales@pivotticketsolutions.com,https://www.pivotticketsolutions.com,26,Chicago,US,2026-06-21T03:29:51Z
2026-06-21,HR,Vista PerformApp,666-325-6883,sales@vistaperformapp.com,https://www.vistaperformapp.com,11,Singapore,SG,2026-06-21T03:49:00Z
2026-06-21,LMS,FalconLearn App,511-336-5928,contact@falconlearnapp.io,https://www.falconlearnapp.io,927,Phoenix,US,2026-06-21T03:55:27Z
2026-06-21,ERP,HarborPlanFlow,(757) 329-0689,info@harborplanflow.co,https://www.harborplanflow.co,2621,Boston,US,2026-06-21T05:36:06Z
2026-06-21,ERP,CrownPlanLogic’s,(676) 648-3491,hello@crownplanlogic.co,https://www.crownplanlogic.co,17,Hyderabad,IN,2026-06-21T06:59:51Z
2026-06-21,HR,PivotShiftDesk,751.698.1967,sales@pivotshiftdesk.com,https://pivotshiftdesk.com,49,Phoenix,US,2026-06-21T02:20:47Z
2026-06-21,Medical,AnchorPulse Cloud,956-592-5153,sales@anchorpulsecloud.io,https://www.anchorpulsecloud.io,92,Columbus,US,2026-06-21T04:46:04Z
2026-06-21,Medical,MosaicPulseSolutions,891-983-0190,info@mosaicpulsesolutions.com,https://www.mosaicpulsesolutions.com,14,Seattle,US,2026-06-21T05:00:46Z
2026-06-21,Medical,Xenon PulseSphere,1-597-826-4551,sales@xenonpulsesphere.com,https://xenonpulsesphere.com,344,Manchester,UK,2026-06-21T02:03:05Z
2026-06-21,ERP,Pivot ResourceBase,505.209.6662,sales@pivotresourcebase.com,pivotresourcebase.com,682,Melbourne,AU,2026-06-21T02:03:26Z
2026-06-21,ERP,Anchor ChainSync,+1 (237) 475-4303,hello@anchorchainsync.com,https://anchorchainsync.com,12,Chicago,US,2026-06-21T01:23:33Z
2026-06-21,ERP,MosaicFin Base,(495) 217-0413,contact@mosaicfinbase.co,https://www.mosaicfinbase.co,95,Atlanta,US,2026-06-21T03:55:23Z
2026-06-21,HR,HarborPeopleCore,5592558290,info@harborpeoplecore.co,https://www.harborpeoplecore.co,10,Columbus,US,2026-06-21T05:08:47Z
2026-06-21,ERP,NimbusOpsDynamics,1-551-507-0331,contact@nimbusopsdynamics.co,https://nimbusopsdynamics.co,32,Columbus,US,2026-06-21T04:19:15Z
2026-06-21,HR,OmniPeoplePoint,+1 (313) 479-4929,hello@omnipeoplepoint.io,https://www.omnipeoplepoint.io,331,Munich,DE,2026-06-21T06:38:27Z
2026-06-21,Medical,Willow CarePoint,05413667738,N/A,https://www.willowcarepoint.com,89,Manchester,UK,2026-06-21T03:28:27Z
2026-06-21,ERP,OnyxOpsLogic,+13849187181,hello@onyxopslogic.com,onyxopslogic.com,47,Calgary,CA,2026-06-21T02:43:11Z
2026-06-21,Legal,VertexDocketDesk,564-950-5771,hello@vertexdocketdesk.io,https://www.vertexdocketdesk.io,527,Denver,US,2026-06-21T03:58:49Z
2026-06-21,LEGAL ,VeloClinic Logic,609-475-3660,contact@velocliniclogic.com,https://velocliniclogic.com,13,Manchester,UK,2026-06-21T02:35:14Z
2026-06-21,HR,Lattice ShiftBase,(659) 335-2974,hello@latticeshiftbase.net,https://www.latticeshiftbase.net,42,Leeds,UK,2026-06-21T02:19:53Z
2026-06-21,Medical,NimbusVital App,(788) 666-7993,hello@nimbusvitalapp.com,https://www.nimbusvitalapp.com,35,Dublin,IE,2026-06-21T03:01:52Z
2026-06-21,Lgl,CrownVérdict Solutions,1-559-293-1602,contact@crownverdictsolutions.com,https://www.crownverdictsolutions.com,215,Munich,DE,2026-06-21T05:03:47Z
2026-06-21,Medical,MosaicTriage Flow,918.995.2745,hello@mosaictriageflow.net,https://www.mosaictriageflow.net,9,Toronto,CA,2026-06-21T06:25:46Z
2026-06-21,HR,IronPayroll Core,312.604.4540,hello@ironpayrollcore.com,https://www.ironpayrollcore.com,N/A,Denver,US,2026-06-21T04:38:35Z
2026-06-21,MSP Platform,SableEndpointBase,6942975329 ext. 86,contact@sableendpointbase.com,https://www.sableendpointbase.com,46,Bengaluru,IN,2026-06-21T03:06:39Z
2026-06-21,MSP Platform,Quartz Patch Staffing,(538) 628-6246,hello@quartzpatchstaffing.io,https://www.quartzpatchstaffing.io,97,Dublin,IE,2026-06-21T03:37:28Z
2026-06-21,ERP,VertexStock Hub,316-629-7784,hello@vertexstockhub.com,https://www.vertexstockhub.com,836,Calgary,CA,2026-06-21T05:00:55Z
2026-06-21,HR,AltaRoster Systems,(969) 905-1380,info@altarostersystems.io,https://www.altarostersystems.io,37,Tampa,US,2026-06-21T02:07:58Z
2026-06-21,Medical,SolidPulse Base,3997448102,info@solidpulsebase.io,https://www.solidpulsebase.io,154,Chicago,US,2026-06-21T05:40:28Z
2026-06-21,Medical,KeystonePulseLogic,+14342419834,info@keystonepulselogic.com,https://www.keystonepulselogic.com,49,Berlin,DE,2026-06-21T02:58:38Z
2026-06-21,LEGAL ,HarborCaseCloud,+1 (899) 715-8088,info@harborcasecloud.io,https://www.harborcasecloud.io,99,Pune,IN,2026-06-21T03:18:18Z
2026-06-21,ERP,Mosaic Plan Talent Agency,1-261-233-1245,hello@mosaicplantalentagency.co,https://mosaicplantalentagency.co,239,Calgary,CA,2026-06-21T04:13:35Z
2026-06-21,Medical,HaloMed Cloud,+14762613834,contact@halomedcloud.co,https://halomedcloud.co,4367,Phoenix,US,2026-06-21T05:35:28Z
2026-06-21,HR,XenonTalent Dynamics,+17739807304,info@xenontalentdynamics.com,https://xenontalentdynamics.com,112,Raleigh,US,2026-06-21T01:53:15Z
2026-06-21,Medical,NovaChartLogic,485-331-5100,sales@novachartlogic.io,https://www.novachartlogic.io,206,Leeds,UK,2026-06-21T06:30:32Z
2026-06-21,ERP,RidgeOrderSoft,432.244.5257,hello@ridgeordersoft.com,ridgeordersoft.com,45,Melbourne,AU,2026-06-21T03:49:25Z
2026-06-21,HR,RidgeTalent Flow,+17295089696,contact@ridgetalentflow.com,https://ridgetalentflow.com,266,Columbus,US,2026-06-21T04:26:02Z
2026-06-21,MSP Platform,ZenGrid Hub,(664) 414-1141,contact@zengridhub.com,zengridhub.com,18,Calgary,CA,2026-06-21T03:28:31Z
2026-06-21,HR,Delta RosterCloud,(855) 899-8038,hello@deltarostercloud.com,https://www.deltarostercloud.com,184,Lahore,PK,2026-06-21T03:11:15Z
2026-06-21,Medical,Delta ChartSuite,09292812650,hello@deltachartsuite.com,https://www.deltachartsuite.com,175,Melbourne,AU,2026-06-21T04:04:30Z
2026-06-21,MSP Platform,Ember EndpointBase,+17813415701,hello@emberendpointbase.com,https://www.emberendpointbase.com,93,Denver,US,2026-06-21T05:13:11Z
2026-06-21,MSP Platform,RidgePatch Base,202.394.6448,contact@ridgepatchbase.com,https://www.ridgepatchbase.com,75,Seattle,US,2026-06-21T02:54:58Z
2026-06-21,ERP,Nova ResourcePoint,(832) 350-3135,sales@novaresourcepoint.com,https://www.novaresourcepoint.com,35,Leeds,UK,2026-06-21T04:26:42Z
2026-06-21,Medical,BoldPulse Logic,2042429211,sales@boldpulselogic.co,https://www.boldpulselogic.co,28,Austin,US,2026-06-21T04:25:56Z
2026-06-21,HR,Vertex PeopleSphere,+12392710114,null,https://www.vertexpeoplesphere.com,4477,Chicago,US,2026-06-21T03:26:45Z
2026-06-21,Medical,Silver ChartDynamics,1-245-614-1701,hello@silverchartdynamics.net,silverchartdynamics.net,411,Sydney,AU,2026-06-21T06:15:53Z
2026-06-21,Medical,Tidal ClinicDesk,+13005675602,info@tidalclinicdesk.io,tidalclinicdesk.io,55,Seattle,US,2026-06-21T01:06:39Z
2026-06-21,ERP,Keystone BatchFlow,(857) 851-8201,-,https://www.keystonebatchflow.io,23,Melbourne,AU,2026-06-21T01:30:17Z
2026-06-21,Lgl,LumenCompliFlow,770-653-2988,hello@lumencompliflow.com,https://www.lumencompliflow.com,24,Columbus,US,2026-06-21T03:32:37Z
2026-06-21,HR,CrownBenefitTech,868.460.2825,sales@crownbenefittech.io,https://crownbenefittech.io,21,Denver,US,2026-06-21T04:06:31Z
2026-06-21,Medical,Solid ClinicSphere,(288) 669-5744,contact@solidclinicsphere.com,https://www.solidclinicsphere.com,90,Atlanta,US,2026-06-21T04:25:57Z
2026-06-21,HR,Iron ShiftSync,(722) 581-1319,contact@ironshiftsync.io,https://www.ironshiftsync.io,887,Amsterdam,NL,2026-06-21T04:20:07Z
2026-06-21,HR,ZephyrPayrollHub,822-374-7245,sales@zephyrpayrollhub.co,zephyrpayrollhub.co,175,Vancouver,CA,2026-06-21T04:07:05Z
2026-06-21,HR,RapidPayrollSync,1-575-214-4892,sales@rapidpayrollsync.com,https://rapidpayrollsync.com,552,Singapore,SG,2026-06-21T06:53:36Z
2026-06-21,LEGAL ,Fusion VerdictDesk,1-864-254-6254,contact@fusionverdictdesk.com,https://www.fusionverdictdesk.com,94,London,UK,2026-06-21T04:14:37Z
2026-06-21,ERP,Xenon Order BPO Services,(554) 964-0131 ext. 83,sales@xenonorderbposervices.com,https://www.xenonorderbposervices.com,32,Austin,US,2026-06-21T05:02:28Z
2026-06-21,ERP,CobaltFinCore,+1 (264) 865-4767,sales@cobaltfincore.com,https://www.cobaltfincore.com,89,Tampa,US,2026-06-21T01:52:35Z
2026-06-21,HR,Vertex TalentLogic,+15369962601,hello@vertextalentlogic.com,https://www.vertextalentlogic.com,147,Columbus,US,2026-06-21T03:27:38Z
2026-06-21,MSP Platform,Apex UptimeSuite,(978) 779-2112,contact@apexuptimesuite.co,https://www.apexuptimesuite.co,472,Tampa,US,2026-06-21T02:04:43Z
2026-06-21,Medical,Velo HealthSync,(257) 582-8341,info@velohealthsync.com,https://velohealthsync.com,12,Tampa,US,2026-06-21T01:39:29Z
2026-06-21,MSP Platform,Bright MonitorSystems,529.357.7784,sales@brightmonitorsystems.com,https://brightmonitorsystems.com,162,Melbourne,AU,2026-06-21T03:24:41Z
2026-06-21,ERP,TidalPlanPlatform,845-539-0491,hello@tidalplanplatform.com,tidalplanplatform.com,9,Melbourne,AU,2026-06-21T05:03:13Z
2026-06-21,HR,HarborOnboardWorks,6856603703 ext. 60,sales@harboronboardworks.com,https://www.harboronboardworks.com,15,Chicago,US,2026-06-21T06:47:03Z
2026-06-21,Legal,SableClause Solutions,+18074790279,info@sableclausesolutions.net,https://www.sableclausesolutions.net,16,Leeds,UK,2026-06-21T02:07:28Z
2026-06-21,ERP,KeystoneForge Tech,+1 (654) 678-2549,info@keystoneforgetech.io,https://keystoneforgetech.io,19,Munich,DE,2026-06-21T05:06:28Z
2026-06-21,LMS,CoreSkillPoint,1-714-676-2184,contact@coreskillpoint.com,https://coreskillpoint.com,31,Toronto,CA,2026-06-21T02:19:07Z
2026-06-21,MSP Platform,RapidPatch Works,+15918202328,hello@rapidpatchworks.com,https://rapidpatchworks.com,429,Columbus,US,2026-06-21T06:34:35Z
2026-06-21,HR,Cedar PerformSphere,484-467-9864,sales@cedarperformsphere.co,https://www.cedarperformsphere.co,147,Boston,US,2026-06-21T02:13:58Z
2026-06-21,Lgl,Fusion CaseSync,+1 (500) 402-8939,contact@fusioncasesync.com,https://fusioncasesync.com,25,Boston,US,2026-06-21T01:57:51Z
2026-06-21,ERP,Cobalt LedgerSystems,1-922-479-5823,contact@cobaltledgersystems.net,cobaltledgersystems.net,392,Denver,US,2026-06-21T04:50:49Z
2026-06-21,Legal,WillowClauseSync,+14388002630,hello@willowclausesync.co,https://www.willowclausesync.co,N/A,Denver,US,2026-06-21T04:58:45Z
2026-06-21,LEGAL ,Bold FilingDynamics,3906039475,sales@boldfilingdynamics.net,https://www.boldfilingdynamics.net,24,Denver,US,2026-06-21T02:34:24Z
2026-06-21,HR,Pivot PerformSphere,545-690-2956,sales@pivotperformsphere.co,https://pivotperformsphere.co,262,London,UK,2026-06-21T03:30:20Z
2026-06-21,HR,QuartzShiftSync,(436) 255-9470,contact@quartzshiftsync.com,https://www.quartzshiftsync.com,63,Melbourne,AU,2026-06-21T05:36:45Z
2026-06-21,HR,RidgewayTeam Flow,+13248240193,info@ridgewayteamflow.com,ridgewayteamflow.com,78,Vancouver,CA,2026-06-21T05:32:08Z
2026-06-21,HR,Atlas PerformFlow,6923979320 ext. 25,sales@atlasperformflow.com,atlasperformflow.com,51,Manchester,UK,2026-06-21T06:10:42Z
2026-06-21,Medical,JuniperRx Core,2495009117,hello@juniperrxcore.com,https://www.juniperrxcore.com,56,Phoenix,US,2026-06-21T06:53:29Z
2026-06-21,Medical,Ridgeway HealthLogic,9006962758,contact@ridgewayhealthlogic.com,https://www.ridgewayhealthlogic.com,106,Seattle,US,2026-06-21T06:58:09Z
2026-06-21,ERP,XenonOrderCloud,(890) 527-2070,info@xenonordercloud.com,https://xenonordercloud.com,7,Leeds,UK,2026-06-21T06:14:38Z
2026-06-21,LMS,VeloPathSolutions,+17818725579,sales@velopathsolutions.io,https://velopathsolutions.io,58,Atlanta,US,2026-06-21T04:12:24Z
2026-06-21,ERP,IronFin Solutions,804.631.9504,contact@ironfinsolutions.com,ironfinsolutions.com,232,Denver,US,2026-06-21T01:14:12Z
2026-06-21,Medical,NorthMed Logic,1-402-422-2160,info@northmedlogic.io,https://www.northmedlogic.io,308,Atlanta,US,2026-06-21T01:02:55Z
2026-06-21,ERP,VeloBatch Sync,522-522-6890,contact@velobatchsync.com,https://www.velobatchsync.com,58,Seattle,US,2026-06-21T06:52:41Z
2026-06-21,ERP,Summit ChainSphere,8853026541,hello@summitchainsphere.com,https://www.summitchainsphere.com,20,Leeds,UK,2026-06-21T04:04:47Z
2026-06-21,ERP,ApexBatch Sync,+1 (461) 727-0416,info@apexbatchsync.io,https://www.apexbatchsync.io,50,Calgary,CA,2026-06-21T04:44:30Z
2026-06-21,HR,SolidShift Base,+14687802908,hello@solidshiftbase.com,solidshiftbase.com,69,Manchester,UK,2026-06-21T01:43:39Z
2026-06-21,MSP Platform,CobaltEndpoint Desk,549-207-6333,contact@cobaltendpointdesk.com,https://www.cobaltendpointdesk.com,121,Calgary,CA,2026-06-21T06:41:51Z
2026-06-21,HR,Indigo OnboardSoft,773-769-2208 ext. 50,null,https://www.indigoonboardsoft.net,487,Manchester,UK,2026-06-21T02:59:19Z
2026-06-21,HR,VeloOnboardFlow,790-936-2176,contact@veloonboardflow.com,https://www.veloonboardflow.com,337,Chicago,US,2026-06-21T02:57:26Z
2026-06-21,LMS,Vista PathApp,2256547416,info@vistapathapp.net,https://vistapathapp.net,74,Manchester,UK,2026-06-21T05:38:45Z
2026-06-21,HR,Prime TeamDesk,3962867763,hello@primeteamdesk.co,https://www.primeteamdesk.co,4599,Raleigh,US,2026-06-21T03:54:45Z
2026-06-21,MSP Platform,RidgewayUptimeSphere,962.985.7855,info@ridgewayuptimesphere.com,https://www.ridgewayuptimesphere.com,N/A,Atlanta,US,2026-06-21T05:10:04Z
2026-06-21,LMS,PioneerPathSuite,2407360679 ext. 5,hello@pioneerpathsuite.com,https://www.pioneerpathsuite.com,20,Seattle,US,2026-06-21T06:05:16Z
2026-06-21,HR,CedarShiftLabs,+12187982307,sales@cedarshiftlabs.io,https://cedarshiftlabs.io,22,Melbourne,AU,2026-06-21T04:42:09Z
2026-06-21,MSP Platform,VertexNet Systems,254-405-8510,hello@vertexnetsystems.com,https://www.vertexnetsystems.com,20,Boston,US,2026-06-21T02:12:59Z
2026-06-21,HR,AnchorTeam Platform,+14649349368,sales@anchorteamplatform.com,https://www.anchorteamplatform.com,315,Melbourne,AU,2026-06-21T05:12:25Z
2026-06-21,ERP,Granite Fin Consultants,1-696-755-7627,hello@granitefinconsultants.com,https://www.granitefinconsultants.com,6,Phoenix,US,2026-06-21T04:52:55Z
2026-06-21,ERP,CedarLedger App,902-715-3480,hello@cedarledgerapp.io,https://www.cedarledgerapp.io,32,Phoenix,US,2026-06-21T01:59:48Z
2026-06-21,ERP,Raven ChainDesk,5264567141,hello@ravenchaindesk.com,https://www.ravenchaindesk.com,N/A,Boston,US,2026-06-21T05:42:10Z
2026-06-21,LMS,IndigoTutor Works,604-513-0614,info@indigotutorworks.io,https://www.indigotutorworks.io,32,Dublin,IE,2026-06-21T01:52:53Z
2026-06-21,ERP,LumenPlan Desk,414-875-8357,info@lumenplandesk.com,https://www.lumenplandesk.com,215,Tampa,US,2026-06-21T02:35:17Z
2026-06-21,LMS,TidalTutorApp,1-525-612-4645,info@tidaltutorapp.com,https://www.tidaltutorapp.com,187,Toronto,CA,2026-06-21T03:24:21Z
2026-06-21,Medical,SolidHealthSync,+14623878769,contact@solidhealthsync.com,https://solidhealthsync.com,12,London,UK,2026-06-21T02:19:56Z
2026-06-21,MSP Platform,MetaMonitorSystems,+16505450676,info@metamonitorsystems.com,metamonitorsystems.com,547,Denver,US,2026-06-21T06:19:58Z
2026-06-21,LEGAL ,LumenMatterSolutions,(385) 267-6155,contact@lumenmattersolutions.com,https://www.lumenmattersolutions.com,10,Columbus,US,2026-06-21T06:36:56Z
2026-06-21,MSP Platform,RapidRemoteDynamics,1-430-522-6430,contact@rapidremotedynamics.io,https://www.rapidremotedynamics.io,139,Raleigh,US,2026-06-21T02:56:31Z
2026-06-21,HR,IndigoRoster Works,+1 (572) 390-2382,hello@indigorosterworks.com,https://www.indigorosterworks.com,13,Leeds,UK,2026-06-21T01:33:48Z
2026-06-21,HR,RavenPerformHub,+16168937293 ext. 84,hello@ravenperformhub.com,https://www.ravenperformhub.com,33,Hyderabad,IN,2026-06-21T05:33:11Z
2026-06-21,Medical,Nimbus RxLabs,(744) 345-3728,contact@nimbusrxlabs.io,https://www.nimbusrxlabs.io,553,Phoenix,US,2026-06-21T06:37:03Z
2026-06-21,ERP,TruePlan Dynamics,963.989.5421,hello@trueplandynamics.io,trueplandynamics.io,1664,Leeds,UK,2026-06-21T03:57:42Z
2026-06-21,MSP Platform,North NodeHub,523-984-9232,info@northnodehub.com,https://www.northnodehub.com,162,Karachi,PK,2026-06-21T02:05:49Z
2026-06-21,HR,CrestCulture Platform,(351) 325-1874 ext. 17,info@crestcultureplatform.com,crestcultureplatform.com,9,Raleigh,US,2026-06-21T03:10:23Z
2026-06-21,MSP Platform,Ember PatchSolutions,(521) 432-3889,info@emberpatchsolutions.com,https://www.emberpatchsolutions.com,187,Chicago,US,2026-06-21T06:56:35Z
2026-06-21,Medical,JuniperTriageSync,05293693644,sales@junipertriagesync.com,https://www.junipertriagesync.com,18,Singapore,SG,2026-06-21T01:56:34Z
2026-06-21,MSP Platform,CobaltPatchSync,+15429286972,contact@cobaltpatchsync.com,https://cobaltpatchsync.com,32,Manchester,UK,2026-06-21T04:23:46Z
2026-06-21,Legal,ApexMatterSoft,+1 (415) 693-7293 ext. 76,contact@apexmattersoft.net,https://apexmattersoft.net,6,London,UK,2026-06-21T02:28:46Z
2026-06-21,Medical,WillowChartPoint,296-999-5668 ext. 71,sales@willowchartpoint.com,https://willowchartpoint.com,91,Denver,US,2026-06-21T02:24:47Z
2026-06-21,ERP,WillowResource Solutions,+1 (794) 248-2615,sales@willowresourcesolutions.com,willowresourcesolutions.com,40,Phoenix,US,2026-06-21T06:09:08Z
2026-06-21,Medical,LumenPatientSync,698-884-4785,N/A,lumenpatientsync.com,22,Pune,IN,2026-06-21T06:45:08Z
2026-06-21,ERP,MetaPlan Base,941.258.9448,info@metaplanbase.com,https://www.metaplanbase.com,832,Raleigh,US,2026-06-21T04:21:43Z
2026-06-21,Medical,NorthTriage Hub,6785370292,contact@northtriagehub.com,https://northtriagehub.com,32,Boston,US,2026-06-21T02:39:37Z
2026-06-21,Medical,VertexVitalSystems,(282) 779-6839,contact@vertexvitalsystems.io,https://www.vertexvitalsystems.io,36,Sydney,AU,2026-06-21T03:39:08Z
2026-06-21,HR,RapidPerform Desk,9533055065,contact@rapidperformdesk.com,https://www.rapidperformdesk.com,39,Seattle,US,2026-06-21T03:06:24Z
2026-06-21,Medical,HarborRxCloud,939.264.8847,sales@harborrxcloud.net,https://www.harborrxcloud.net,1792,Denver,US,2026-06-21T05:57:05Z
2026-06-21,ERP,RapidOrder Labs,+15745477322,sales@rapidorderlabs.co,https://rapidorderlabs.co,21,Singapore,SG,2026-06-21T01:58:27Z
2026-06-21,LMS,AtlasCohort Flow,+15027074162 ext. 69,info@atlascohortflow.io,https://www.atlascohortflow.io,31,Manchester,UK,2026-06-21T01:18:02Z
2026-06-21,ERP,XenonResource Sphere,1-776-743-9837,info@xenonresourcesphere.io,https://www.xenonresourcesphere.io,987,Phoenix,US,2026-06-21T03:20:14Z
2026-06-21,ERP,JuniperResource Base,515-602-9889 ext. 94,hello@juniperresourcebase.net,https://www.juniperresourcebase.net,30,Boston,US,2026-06-21T04:49:15Z
2026-06-21,ERP,VistaFinSystems,7138905736,info@vistafinsystems.com,https://www.vistafinsystems.com,8,Toronto,CA,2026-06-21T02:16:47Z
2026-06-21,ERP,CrestChain Hub,(876) 898-5565,sales@crestchainhub.com,https://www.crestchainhub.com,2062,Tampa,US,2026-06-21T01:13:09Z
2026-06-21,MSP Platform,IndigoNetDesk,892-994-8285,contact@indigonetdesk.com,https://indigonetdesk.com,230,Chicago,US,2026-06-21T03:05:11Z
2026-06-21,ERP,QuantumResourceHub,(464) 548-6101,contact@quantumresourcehub.com,https://quantumresourcehub.com,44,Chicago,US,2026-06-21T02:07:29Z
2026-06-21,MSP Platform,Falcon MonitorSoft,(439) 591-8089,sales@falconmonitorsoft.com,https://www.falconmonitorsoft.com,309,London,UK,2026-06-21T01:56:16Z
2026-06-21,MSP Platform,RapidNode Core,+18015556858,contact@rapidnodecore.com,https://rapidnodecore.com,38,Melbourne,AU,2026-06-21T02:45:50Z
2026-06-21,ERP,GoldenFinCore,669-320-1451,contact@goldenfincore.com,https://www.goldenfincore.com,121,Munich,DE,2026-06-21T04:46:58Z
2026-06-21,ERP,BoldPlanBase,386-835-6363,info@boldplanbase.com,https://www.boldplanbase.com,10,London,UK,2026-06-21T05:08:17Z
2026-06-21,LMS,Lattice Skill Manpower Services,+14575816694,contact@latticeskillmanpowerservices.net,https://latticeskillmanpowerservices.net,23,Karachi,PK,2026-06-21T03:40:44Z
2026-06-21,ERP,PioneerResourceBase,(889) 851-8330,contact@pioneerresourcebase.com,https://pioneerresourcebase.com,110,Vancouver,CA,2026-06-21T03:33:52Z
2026-06-21,LMS,TidalQuiz App,293-530-7559,hello@tidalquizapp.io,https://www.tidalquizapp.io,323,Tampa,US,2026-06-21T06:48:50Z
2026-06-21,ERP,TidalOps Platform,262-801-7483 ext. 7,hello@tidalopsplatform.com,https://tidalopsplatform.com,8,Atlanta,US,2026-06-21T03:01:19Z
2026-06-21,Medical,Falcon RxHub,984-432-4936,contact@falconrxhub.com,https://www.falconrxhub.com,39,Hyderabad,IN,2026-06-21T01:47:16Z
2026-06-21,Legal,OnyxBriefSync,+12693324924,sales@onyxbriefsync.com,https://onyxbriefsync.com,817,Phoenix,US,2026-06-21T04:33:50Z
2026-06-21,ERP,SolidFin Sphere,+1 (415) 503-1443 ext. 84,hello@solidfinsphere.com,solidfinsphere.com,627,Boston,US,2026-06-21T04:19:06Z
2026-06-21,Legal,ZenLawHub,647-395-9172,info@zenlawhub.com,https://www.zenlawhub.com,452,Austin,US,2026-06-21T03:55:49Z
2026-06-21,HR,Zen PerformPoint,+14017496402,hello@zenperformpoint.com,https://zenperformpoint.com,154,Chicago,US,2026-06-21T02:32:35Z
2026-06-21,HR,IndigoShift Point,(796) 532-0442,info@indigoshiftpoint.io,https://indigoshiftpoint.io,70,Leeds,UK,2026-06-21T03:09:26Z
2026-06-21,MSP Platform,NimbusNodeLabs,679-973-5845,sales@nimbusnodelabs.com,https://www.nimbusnodelabs.com,172,Boston,US,2026-06-21T04:23:09Z
2026-06-21,Legal,IndigoFilingSuite,+13224251556,contact@indigofilingsuite.io,https://indigofilingsuite.io,2809,Columbus,US,2026-06-21T05:21:27Z
2026-06-21,HR,Ember ShiftPlatform,8725491258,contact@embershiftplatform.com,https://embershiftplatform.com,N/A,Phoenix,US,2026-06-21T05:37:00Z
2026-06-21,Medical,LatticePatient Dynamics,686-256-3155,info@latticepatientdynamics.com,https://latticepatientdynamics.com,18,London,UK,2026-06-21T03:45:56Z
2026-06-21,Medical,SummitRx Works,(639) 831-4016,info@summitrxworks.io,https://summitrxworks.io,330,Melbourne,AU,2026-06-21T06:53:46Z
2026-06-21,Medical,True ClinicTech,+17744917643,sales@trueclinictech.co,https://www.trueclinictech.co,151,Dublin,IE,2026-06-21T01:40:08Z
2026-06-21,Medical,RidgewayHealthSolutions’s,+19042880702,sales@ridgewayhealthsolutions.com,https://ridgewayhealthsolutions.com,202,Phoenix,US,2026-06-21T04:42:34Z
2026-06-21,Medical,TidalCareDesk,7402316648,sales@tidalcaredesk.io,https://www.tidalcaredesk.io,817,Bengaluru,IN,2026-06-21T02:11:10Z
2026-06-21,Medical,Vista MedPlatform,1-215-888-0263,info@vistamedplatform.io,https://www.vistamedplatform.io,34,Boston,US,2026-06-21T06:54:25Z
2026-06-21,LMS,PivotTrainDesk,+1 (912) 958-4322,hello@pivottraindesk.com,https://www.pivottraindesk.com,69,Manchester,UK,2026-06-21T04:51:19Z
2026-06-21,LMS,CoreBatch App,+16949649263,contact@corebatchapp.io,corebatchapp.io,198,Melbourne,AU,2026-06-21T03:45:29Z
2026-06-21,MSP Platform,MosaicNet Soft,(677) 666-5623,sales@mosaicnetsoft.net,https://www.mosaicnetsoft.net,14,Boston,US,2026-06-21T05:34:13Z
2026-06-21,HR,True OnboardSuite,+19104007810,contact@trueonboardsuite.com,https://www.trueonboardsuite.com,14,Tampa,US,2026-06-21T01:41:08Z
2026-06-21,MSP Platform,Lattice PatchSoft,(778) 259-3216,hello@latticepatchsoft.com,https://www.latticepatchsoft.com,11,-,CA,2026-06-21T06:42:33Z
2026-06-21,HR,PolarisShiftDesk,(688) 629-2747,sales@polarisshiftdesk.com,https://www.polarisshiftdesk.com,977,Chicago,US,2026-06-21T01:35:25Z
2026-06-21,ERP,Omni FinLogic,4676014206,sales@omnifinlogic.com,https://www.omnifinlogic.com,11,Austin,US,2026-06-21T01:03:41Z
2026-06-21,MSP Platform,CrestMonitor Platform,(522) 358-8995,contact@crestmonitorplatform.co,https://crestmonitorplatform.co,37,Austin,US,2026-06-21T04:39:33Z
2026-06-21,MSP Platform,Falcon Grid Consultants,7959803588,N/A,https://www.falcongridconsultants.io,628,N/A,US,2026-06-21T02:59:46Z
2026-06-21,Medical,VistaVitalSuite,868-883-9820 ext. 61,hello@vistavitalsuite.com,https://www.vistavitalsuite.com,202,Atlanta,US,2026-06-21T02:29:58Z
2026-06-21,HR,Polaris TalentTech,02856941111,hello@polaristalenttech.com,https://polaristalenttech.com,27,Columbus,US,2026-06-21T02:50:43Z
2026-06-21,ERP,PolarisForge Flow,(841) 348-0623,contact@polarisforgeflow.com,https://polarisforgeflow.com,28,Leeds,UK,2026-06-21T05:41:13Z
2026-06-21,ERP,CrestOrderCloud,2423247295,info@crestordercloud.com,https://www.crestordercloud.com,725,Atlanta,US,2026-06-21T06:11:17Z
2026-06-21,HR,RidgewayPeopleSync,+13842217817,sales@ridgewaypeoplesync.com,https://www.ridgewaypeoplesync.com,16,Phoenix,US,2026-06-21T06:39:13Z
2026-06-21,Medical,WillowClinic Dynamics,(412) 504-0197,info@willowclinicdynamics.com,https://www.willowclinicdynamics.com,3910,Chicago,US,2026-06-21T06:24:09Z
2026-06-21,MSP Platform,ZephyrUptimeDynamics,(524) 310-2458,sales@zephyruptimedynamics.com,https://zephyruptimedynamics.com,368,Phoenix,US,2026-06-21T02:58:52Z
2026-06-21,LMS,Solid LessonSoft,(771) 419-8466,hello@solidlessonsoft.io,https://www.solidlessonsoft.io,403,Toronto,CA,2026-06-21T06:49:32Z
2026-06-21,ERP,VistaOps Tech,04716513311,sales@vistaopstech.co,https://www.vistaopstech.co,38,Phoenix,US,2026-06-21T01:29:42Z
2026-06-21,MSP Platform,Harbor UptimeCore,6676124303,sales@harboruptimecore.com,https://www.harboruptimecore.com,68,Columbus,US,2026-06-21T02:53:22Z
2026-06-21,MSP Platform,Vertex StackCore,(818) 806-9150,hello@vertexstackcore.com,https://www.vertexstackcore.com,N/A,Columbus,US,2026-06-21T05:53:06Z
2026-06-21,HR,FusionCulture Desk,06776860798,hello@fusionculturedesk.com,https://www.fusionculturedesk.com,90,Melbourne,AU,2026-06-21T05:12:29Z
2026-06-21,HR,North PayrollWorks,491-351-5443,info@northpayrollworks.co,https://www.northpayrollworks.co,170,Tampa,US,2026-06-21T01:36:36Z
2026-06-21,MSP Platform,North GridPoint,(277) 842-8887,contact@northgridpoint.com,https://www.northgridpoint.com,42,Columbus,US,2026-06-21T06:08:38Z
2026-06-21,ERP,IronOps Systems,+17735534714,hello@ironopssystems.co,https://www.ironopssystems.co,18,Tampa,US,2026-06-21T06:04:59Z
2026-06-21,MSP Platform,DeltaUptime Systems,1-334-896-2261,sales@deltauptimesystems.com,deltauptimesystems.com,136,Denver,US,2026-06-21T02:31:42Z
2026-06-21,Medical,PolarisMedDynamics,+16905426766,hello@polarismeddynamics.com,polarismeddynamics.com,,Bengaluru,IN,2026-06-21T06:42:20Z
2026-06-21,ERP,Lumen LedgerSync,485-984-3782,hello@lumenledgersync.com,https://lumenledgersync.com,14,Berlin,DE,2026-06-21T06:19:50Z
2026-06-21,HR,DeltaTalent Core,9383919277,info@deltatalentcore.com,https://www.deltatalentcore.com,17,Manchester,UK,2026-06-21T04:52:53Z
2026-06-21,legal,AtlasCompli Desk,03504101738,info@atlascomplidesk.com,https://www.atlascomplidesk.com,25,Phoenix,US,2026-06-21T04:54:56Z
2026-06-21,ERP,WillowLedgerPlatform,+18274030663 ext. 43,hello@willowledgerplatform.co,https://www.willowledgerplatform.co,69,Denver,US,2026-06-21T06:28:45Z
2026-06-21,Medical,QuantumVitalCloud,477-369-6267,hello@quantumvitalcloud.com,https://quantumvitalcloud.com,6,Seattle,US,2026-06-21T04:53:31Z
2026-06-21,HR,OrbitPerform Labs,+1 (726) 989-0827,sales@orbitperformlabs.com,https://www.orbitperformlabs.com,420,Atlanta,US,2026-06-21T03:54:53Z
2026-06-21,HR,SilverPeopleFlow,(284) 955-0098,info@silverpeopleflow.com,https://silverpeopleflow.com,81,Atlanta,US,2026-06-21T04:50:44Z
2026-06-21,MSP Platform,Lattice Net Outsourcing,06682980805,sales@latticenetoutsourcing.io,https://latticenetoutsourcing.io,11,Seattle,US,2026-06-21T02:57:33Z
2026-06-21,Legal,Meta MatterApp,6242366985,info@metamatterapp.net,https://www.metamatterapp.net,74,Tampa,US,2026-06-21T01:36:06Z
2026-06-21,legal,JuniperBriefTech,9363031578,contact@juniperbrieftech.io,https://juniperbrieftech.io,5,Chicago,US,2026-06-21T02:03:00Z
2026-06-21,HR,PrimeTalent Cloud,485.729.3283,sales@primetalentcloud.com,https://www.primetalentcloud.com,790,Atlanta,US,2026-06-21T05:54:29Z
2026-06-21,HR,WillowTalent Dynamics,4839099793,sales@willowtalentdynamics.io,https://www.willowtalentdynamics.io,567,Calgary,CA,2026-06-21T02:21:27Z
2026-06-21,MSP Platform,Lattice EndpointApp,622-217-3127,contact@latticeendpointapp.io,latticeendpointapp.io,49,Atlanta,US,2026-06-21T03:46:36Z
2026-06-21,MSP Platform,Prime PatchWorks,1-226-627-1343,hello@primepatchworks.com,https://www.primepatchworks.com,12,Bengaluru,IN,2026-06-21T05:01:29Z
2026-06-21,ERP,QuartzResource Hub,462.566.5726,hello@quartzresourcehub.com,https://www.quartzresourcehub.com,441,Chicago,US,2026-06-21T03:35:12Z
2026-06-21,ERP,Crown StockLogic,3099737071,hello@crownstocklogic.net,https://www.crownstocklogic.net,121,Atlanta,US,2026-06-21T04:19:20Z
2026-06-21,MSP Platform,RidgePatch Platform,384.414.6149,hello@ridgepatchplatform.com,https://www.ridgepatchplatform.com,25,Tampa,US,2026-06-21T04:31:11Z
2026-06-21,MSP Platform,Vertex EndpointCore,+14554882710,sales@vertexendpointcore.com,https://www.vertexendpointcore.com,18,Singapore,SG,2026-06-21T01:16:31Z
2026-06-21,ERP,Cobalt StockSystems,744.712.8315 ext. 97,hello@cobaltstocksystems.com,https://www.cobaltstocksystems.com,19,Austin,US,2026-06-21T06:10:38Z
2026-06-21,Medical,OmniClinicPlatform,1-661-910-6269,info@omniclinicplatform.com,https://www.omniclinicplatform.com,63,Austin,US,2026-06-21T01:21:42Z
2026-06-21,ERP,Cedar FinDynamics,(977) 558-4652,contact@cedarfindynamics.co,https://cedarfindynamics.co,20,Bengaluru,IN,2026-06-21T01:19:15Z
2026-06-21,MSP Platform,FalconUptime Works,1-838-599-8188,sales@falconuptimeworks.com,https://www.falconuptimeworks.com,15,Tampa,US,2026-06-21T04:53:12Z
2026-06-21,Medical,VistaPatientBase,+1 (874) 444-1711,N/A,https://www.vistapatientbase.io,-,Austin,US,2026-06-21T02:13:56Z
2026-06-21,HR,Ember ShiftTech,653-961-2187,contact@embershifttech.com,https://www.embershifttech.com,369,Columbus,US,2026-06-21T02:38:10Z
2026-06-21,Legal,ArchLaw Suite,563-918-1911,info@archlawsuite.com,archlawsuite.com,1380,Pune,IN,2026-06-21T01:17:23Z
2026-06-21,Medical,Meta MedSolutions,9724239710,sales@metamedsolutions.net,https://www.metamedsolutions.net,44,Tampa,US,2026-06-21T03:13:25Z
2026-06-21,Medical,Indigo Patient Staffing,986.907.4579,contact@indigopatientstaffing.io,https://www.indigopatientstaffing.io,277,Chicago,US,2026-06-21T06:13:51Z
2026-06-21,ERP,PrimeChainDesk,521-697-9338,hello@primechaindesk.com,primechaindesk.com,19,Columbus,US,2026-06-21T03:21:10Z
2026-06-21,Medical,CoreChartSystems,498-569-4411 ext. 66,sales@corechartsystems.com,https://www.corechartsystems.com,99,Boston,US,2026-06-21T06:32:43Z
2026-06-21,ERP,VeloPlan Tech,+16822190704,info@veloplantech.com,https://veloplantech.com,48,Denver,US,2026-06-21T01:03:40Z
2026-06-21,Legal,BeaconLaw Dynamics,509-462-6184,info@beaconlawdynamics.com,https://www.beaconlawdynamics.com,30,Manchester,UK,2026-06-21T03:38:59Z
2026-06-21,MSP Platform,Bold RemoteDesk,824-707-7343,sales@boldremotedesk.com,https://www.boldremotedesk.com,382,Denver,US,2026-06-21T04:09:18Z
2026-06-21,HR,CorePeoplePoint,7448887144,sales@corepeoplepoint.net,https://www.corepeoplepoint.net,44,Chicago,US,2026-06-21T01:14:25Z
2026-06-21,HR,VeloOnboardSphere,1-201-950-0709,hello@veloonboardsphere.com,https://www.veloonboardsphere.com,370,Atlanta,US,2026-06-21T02:36:34Z
2026-06-21,HR,IronPayrollLogic,1-548-302-4730,contact@ironpayrolllogic.io,ironpayrolllogic.io,156,null,US,2026-06-21T04:27:47Z
2026-06-21,HR,Bold Roster Outsourcing,874.753.1840,contact@boldrosteroutsourcing.net,boldrosteroutsourcing.net,208,Amsterdam,NL,2026-06-21T03:14:00Z
2026-06-21,Legal,Lattice CompliSoft,(928) 451-9308,hello@latticecomplisoft.com,https://www.latticecomplisoft.com,37,Toronto,CA,2026-06-21T03:43:55Z
2026-06-21,ERP,Cobalt LedgerTech,956.597.0432,contact@cobaltledgertech.io,https://cobaltledgertech.io,115,Denver,US,2026-06-21T05:56:11Z
2026-06-21,Legal,RidgewayClause App,1-386-702-5045,contact@ridgewayclauseapp.com,https://www.ridgewayclauseapp.com,26,Austin,US,2026-06-21T01:13:22Z
2026-06-21,MSP Platform,XenonPatch Logic,683.748.8733,hello@xenonpatchlogic.com,https://www.xenonpatchlogic.com,15,Phoenix,US,2026-06-21T06:29:55Z
2026-06-21,ERP,IndigoBatch Works,4907932603,-,https://indigobatchworks.net,233,Singapore,SG,2026-06-21T01:57:27Z
2026-06-21,legal,SilverDocket Hub,(311) 884-1952,hello@silverdockethub.com,https://www.silverdockethub.com,63,Tampa,US,2026-06-21T05:05:23Z
2026-06-21,Lgl,PivotCompliHub,(730) 329-9426,info@pivotcomplihub.io,https://pivotcomplihub.io,54,Leeds,UK,2026-06-21T01:24:35Z
2026-06-21,ERP,Golden LedgerWorks,(573) 223-9122,contact@goldenledgerworks.io,https://www.goldenledgerworks.io,15,Denver,US,2026-06-21T03:38:25Z
2026-06-21,Medical,OnyxPatient Cloud,281.818.3535,hello@onyxpatientcloud.com,https://onyxpatientcloud.com,202,Atlanta,US,2026-06-21T02:41:26Z
2026-06-21,Medical,Ridgeway CareTech,385-962-6397,sales@ridgewaycaretech.com,https://www.ridgewaycaretech.com,31,Amsterdam,NL,2026-06-21T05:14:11Z
2026-06-21,HR,BeaconRoster Core,279.746.5486,hello@beaconrostercore.co,https://beaconrostercore.co,70,Phoenix,US,2026-06-21T03:05:13Z
2026-06-21,legal,FalconLawDesk,624-983-9005,contact@falconlawdesk.com,https://www.falconlawdesk.com,50,Austin,US,2026-06-21T06:24:43Z
2026-06-21,legal,AnchorLawWorks,7736144681,info@anchorlawworks.com,https://anchorlawworks.com,26,Calgary,CA,2026-06-21T05:40:07Z
2026-06-21,HR,QuartzTalent Tech,1-709-941-2649,sales@quartztalenttech.com,https://quartztalenttech.com,172,Toronto,CA,2026-06-21T06:56:56Z
2026-06-21,MSP Platform,GraniteNodeCloud,369-324-1060 ext. 66,info@granitenodecloud.com,https://www.granitenodecloud.com,53,Seattle,US,2026-06-21T05:42:02Z
2026-06-21,MSP Platform,Ember StackTech,(398) 584-2833,info@emberstacktech.com,https://www.emberstacktech.com,21,Columbus,US,2026-06-21T03:14:35Z
2026-06-21,ERP,QuartzForge Works,(675) 551-1673,contact@quartzforgeworks.com,https://www.quartzforgeworks.com,24,Calgary,CA,2026-06-21T02:39:28Z
2026-06-21,Medical,MetaMonitorSystems,650-545-0676,info@metamonitorsystems.com,https://www.metamonitorsystems.com,547,Denver,US,2026-06-21T05:41:24Z
2026-06-21,Legal,SilverClause Cloud,+1 (953) 990-3038,sales@silverclausecloud.com,https://www.silverclausecloud.com,17,Chicago,US,2026-06-21T03:15:07Z
2026-06-21,ERP,VistaFinBase,9738757297,contact@vistafinbase.com,https://vistafinbase.com,15,Melbourne,AU,2026-06-21T03:58:09Z
2026-06-21,ERP,ZenForge Soft,+14762456888,contact@zenforgesoft.com,https://zenforgesoft.com,12,Pune,IN,2026-06-21T02:59:31Z
2026-06-21,legal,CrownCounselSystems’s,+13679354623,contact@crowncounselsystems.com,https://crowncounselsystems.com,40,Boston,US,2026-06-21T03:14:57Z
2026-06-21,Medical,BeaconMed Systems,3989152353,hello@beaconmedsystems.io,https://beaconmedsystems.io,84,Columbus,US,2026-06-21T06:34:56Z
2026-06-21,HR,EmberPerformTech,548.980.7965,contact@emberperformtech.com,https://www.emberperformtech.com,370,Vancouver,CA,2026-06-21T01:56:22Z
2026-06-21,Lgl,SolidDocket Tech,1-905-633-4176,hello@soliddockettech.com,https://www.soliddockettech.com,72,Tampa,US,2026-06-21T04:17:39Z
2026-06-21,ERP,Raven ResourceSoft,(834) 273-9958,sales@ravenresourcesoft.com,https://www.ravenresourcesoft.com,105,Manchester,UK,2026-06-21T06:08:11Z
2026-06-21,Legal,SilverFiling Flow,+15514908824,contact@silverfilingflow.io,silverfilingflow.io,11,Melbourne,AU,2026-06-21T02:17:27Z
2026-06-21,HR,Umbra OnboardSolutions,+17458784778,hello@umbraonboardsolutions.com,https://www.umbraonboardsolutions.com,7,London,UK,2026-06-21T02:28:39Z
2026-06-21,HR,NorthPeopleLabs,5796886444,info@northpeoplelabs.com,northpeoplelabs.com,22,Seattle,US,2026-06-21T06:00:56Z
2026-06-21,Medical,CedarCare Sync,786-509-1569,info@cedarcaresync.net,https://www.cedarcaresync.net,902,Vancouver,CA,2026-06-21T02:29:16Z
2026-06-21,HR,RapidRoster App,1-367-441-4731,contact@rapidrosterapp.com,https://rapidrosterapp.com,2754,Tampa,US,2026-06-21T02:46:47Z
2026-06-21,Legal,CedarMatter Labs,663-994-2360,contact@cedarmatterlabs.co,https://www.cedarmatterlabs.co,37,Calgary,CA,2026-06-21T05:26:30Z
2026-06-21,Legal,CedarDocket Solutions,(496) 845-7128,contact@cedardocketsolutions.co,cedardocketsolutions.co,14,Columbus,US,2026-06-21T06:23:29Z
2026-06-21,ERP,AnchorPlan Tech,+14295682080,contact@anchorplantech.com,anchorplantech.com,863,Boston,US,2026-06-21T01:24:28Z
2026-06-21,ERP,Polaris StockTech,896-630-0423,sales@polarisstocktech.com,https://polarisstocktech.com,14,Chicago,US,2026-06-21T01:04:02Z
2026-06-21,ERP,BeaconPlan Flow,2376602264,sales@beaconplanflow.com,https://beaconplanflow.com,928,Hyderabad,IN,2026-06-21T04:33:47Z
2026-06-21,ERP,Lumen PlanBase,+1 (640) 519-3561,info@lumenplanbase.com,lumenplanbase.com,18,Sydney,AU,2026-06-21T04:01:08Z
2026-06-21,Lgl,PivotCase Point,+12105945228,hello@pivotcasepoint.com,https://www.pivotcasepoint.com,8,Dublin,IE,2026-06-21T04:45:18Z
2026-06-21,ERP,SableOrderFlow,790-785-0952,info@sableorderflow.io,https://sableorderflow.io,5,Denver,US,2026-06-21T04:57:51Z
2026-06-21,ERP,TidalFinFlow,+1 (215) 347-1298 ext. 31,sales@tidalfinflow.com,https://www.tidalfinflow.com,11,Boston,US,2026-06-21T05:26:02Z
2026-06-21,ERP,Sable LedgerSoft,1-434-874-9412,sales@sableledgersoft.com,https://www.sableledgersoft.com,194,Leeds,UK,2026-06-21T05:59:43Z
2026-06-21,ERP,Vertex ChainSoft,1-520-256-8446,contact@vertexchainsoft.co,https://vertexchainsoft.co,567,Seattle,US,2026-06-21T05:08:10Z
2026-06-21,MSP Platform,TrueStackDesk,548.476.2694,contact@truestackdesk.com,https://truestackdesk.com,5,Denver,US,2026-06-21T01:02:51Z
2026-06-21,legal,Zephyr VerdictTech,7763034081,contact@zephyrverdicttech.io,zephyrverdicttech.io,12,Phoenix,US,2026-06-21T04:51:10Z
2026-06-21,ERP,SolidOrder Dynamics,558.511.6698,hello@solidorderdynamics.co,https://www.solidorderdynamics.co,318,Tampa,US,2026-06-21T04:34:21Z
2026-06-21,Medical,GoldenVital Soft,2712374881 ext. 34,,https://www.goldenvitalsoft.com,N/A,Boston,US,2026-06-21T06:49:22Z
2026-06-21,ERP,SilverStockPlatform,(642) 875-5003,hello@silverstockplatform.com,https://www.silverstockplatform.com,82,Hyderabad,IN,2026-06-21T02:16:26Z
2026-06-21,LMS,ArchTrainLabs,+16127184281,contact@archtrainlabs.com,https://www.archtrainlabs.com,,Tampa,US,2026-06-21T03:00:41Z
2026-06-21,ERP,Blue ForgePoint,3724241064,sales@blueforgepoint.com,blueforgepoint.com,411,Denver,US,2026-06-21T01:46:28Z
2026-06-21,Medical,Vista HealthSphere,(556) 654-4004,sales@vistahealthsphere.co,https://vistahealthsphere.co,883,Berlin,DE,2026-06-21T04:31:36Z
2026-06-21,Medical,QuartzPatient Labs,390.221.9766,sales@quartzpatientlabs.io,https://www.quartzpatientlabs.io,169,Tampa,US,2026-06-21T04:04:24Z
2026-06-21,Medical,NimbusTriage Point,5997528108,info@nimbustriagepoint.net,https://www.nimbustriagepoint.net,25,Chicago,US,2026-06-21T01:59:05Z
2026-06-21,Lgl,PioneerCase Labs,9846721001,null,https://pioneercaselabs.com,16,Seattle,US,2026-06-21T05:31:43Z
2026-06-21,Medical,Raven ChartLogic,+1 (854) 999-2331,sales@ravenchartlogic.io,https://www.ravenchartlogic.io,12,Denver,US,2026-06-21T02:35:30Z
2026-06-21,HR,Raven ShiftCore,+1 (387) 221-4869,hello@ravenshiftcore.com,ravenshiftcore.com,9,Raleigh,US,2026-06-21T05:00:01Z
2026-06-21,ERP,Nimbus BatchWorks,983.858.1476,sales@nimbusbatchworks.io,https://www.nimbusbatchworks.io,21,Lahore,PK,2026-06-21T02:31:12Z
2026-06-21,HR,Ridgeway CultureSuite,487-638-1597,contact@ridgewayculturesuite.net,https://ridgewayculturesuite.net,321,Atlanta,US,2026-06-21T06:25:20Z
2026-06-21,legal,OnyxCase Platform,5448733911,info@onyxcaseplatform.com,https://www.onyxcaseplatform.com,1797,Denver,US,2026-06-21T06:54:31Z
2026-06-21,Medical,Raven ClinicSuite,1-560-371-1974,sales@ravenclinicsuite.com,https://ravenclinicsuite.com,91,Seattle,US,2026-06-21T04:00:19Z
2026-06-21,MSP Platform,Beacon EndpointApp,+17987310099,sales@beaconendpointapp.com,https://www.beaconendpointapp.com,23,Boston,US,2026-06-21T06:42:40Z
2026-06-21,Medical,Raven PatientSoft,2486468157,info@ravenpatientsoft.com,https://www.ravenpatientsoft.com,14,Tampa,US,2026-06-21T02:46:51Z
2026-06-21,ERP,FusionOrder Tech,+17329709724,sales@fusionordertech.com,https://www.fusionordertech.com,47,Calgary,CA,2026-06-21T06:09:26Z
2026-06-21,Medical,Rapid CareSystems,8055670882,sales@rapidcaresystems.com,https://rapidcaresystems.com,36,Vancouver,CA,2026-06-21T01:36:42Z
2026-06-21,ERP,Blue BatchWorks,3114928077,contact@bluebatchworks.io,https://www.bluebatchworks.io,61,Amsterdam,NL,2026-06-21T06:06:15Z
2026-06-21,LEGAL ,CedarFiling App,(837) 755-2916,info@cedarfilingapp.com,https://www.cedarfilingapp.com,1768,Seattle,US,2026-06-21T04:51:23Z
2026-06-21,ERP,FalconOrder Platform,8278763646,sales@falconorderplatform.io,https://www.falconorderplatform.io,38,Vancouver,CA,2026-06-21T01:14:36Z
2026-06-21,MSP Platform,LatticeGrid’s Labs,+19139552182,contact@latticegridlabs.com,https://latticegridlabs.com,127,Seattle,US,2026-06-21T01:16:21Z
2026-06-21,MSP Platform,SolidGrid Works,808-745-0869,hello@solidgridworks.com,https://www.solidgridworks.com,410,Phoenix,US,2026-06-21T06:28:39Z
2026-06-21,Medical,BrightClinic Core,8232074082,contact@brightcliniccore.com,https://www.brightcliniccore.com,43,Dublin,IE,2026-06-21T04:21:34Z
2026-06-21,ERP,SummitOps Cloud,228-367-2335,sales@summitopscloud.co,https://www.summitopscloud.co,404,Chicago,US,2026-06-21T03:51:02Z
2026-06-21,HR,Mosaic ShiftSuite,239.386.4014,info@mosaicshiftsuite.com,mosaicshiftsuite.com,86,Seattle,US,2026-06-21T06:01:21Z
2026-06-21,MSP Platform,MetaMonitor Systems,+1 (218) 504-0018,sales@metamonitorsystems.com,https://www.metamonitorsystems.com,4773,Dublin,IE,2026-06-21T05:03:13Z
2026-06-21,ERP,RapidForgeTech,435-313-4729,contact@rapidforgetech.io,rapidforgetech.io,13,Denver,US,2026-06-21T01:39:38Z
2026-06-21,LEGAL ,PivotCounsel Core,413.379.5867,contact@pivotcounselcore.com,pivotcounselcore.com,96,null,US,2026-06-21T02:14:09Z
2026-06-21,LEGAL ,RapidLaw Sphere,+16294414824,null,rapidlawsphere.com,558,Atlanta,US,2026-06-21T04:11:21Z
2026-06-21,HR,TruePeople Labs,+1 (385) 585-5888 ext. 77,hello@truepeoplelabs.com,https://truepeoplelabs.com,77,Vancouver,CA,2026-06-21T03:19:11Z
2026-06-21,MSP Platform,Vertex TicketDesk,511-513-6177,contact@vertexticketdesk.com,vertexticketdesk.com,73,Columbus,US,2026-06-21T02:16:53Z
2026-06-21,Medical,LatticePatient Labs,+16765689684,contact@latticepatientlabs.com,latticepatientlabs.com,31,Boston,US,2026-06-21T05:54:40Z
2026-06-21,Medical,EmberRx Suite,5172749092,info@emberrxsuite.com,https://www.emberrxsuite.com,1299,Hyderabad,IN,2026-06-21T04:58:27Z
2026-06-21,MSP Platform,Pioneer UptimeWorks,834-910-3142,hello@pioneeruptimeworks.com,https://www.pioneeruptimeworks.com,84,Islamabad,PK,2026-06-21T04:54:30Z
2026-06-21,HR,Falcon CultureCloud,+18303266016,sales@falconculturecloud.com,https://www.falconculturecloud.com,94,Raleigh,US,2026-06-21T06:05:03Z
2026-06-21,MSP Platform,RavenGrid Suite,674.357.8453,hello@ravengridsuite.io,https://ravengridsuite.io,89,Boston,US,2026-06-21T01:55:04Z
2026-06-21,LMS,BeaconLessonCore,1-862-860-0361,sales@beaconlessoncore.com,https://www.beaconlessoncore.com,95,Raleigh,US,2026-06-21T02:13:30Z
2026-06-21,LEGAL ,MosaicFilingHub,568.942.9405,info@mosaicfilinghub.com,https://www.mosaicfilinghub.com,58,Seattle,US,2026-06-21T06:34:46Z
2026-06-21,ERP,Quartz BatchSoft,4325302808,info@quartzbatchsoft.co,https://www.quartzbatchsoft.co,194,Boston,US,2026-06-21T01:22:27Z
2026-06-21,legal,CedarClauseSolutions,264-885-3830,contact@cedarclausesolutions.co,https://www.cedarclausesolutions.co,11,Atlanta,US,2026-06-21T04:34:42Z
2026-06-21,Medical,Pioneer PulseDesk,(454) 275-8449,info@pioneerpulsedesk.com,https://www.pioneerpulsedesk.com,35,Austin,US,2026-06-21T02:56:56Z
2026-06-21,MSP Platform,PrimeStack Sphere,+1 (417) 513-4586,info@primestacksphere.io,https://www.primestacksphere.io,82,London,UK,2026-06-21T04:31:02Z
2026-06-21,Lgl,RavenBriefPoint,(383) 268-3125,info@ravenbriefpoint.co,https://www.ravenbriefpoint.co,11,Tampa,US,2026-06-21T05:21:31Z
2026-06-21,ERP,Quantum ResourceHub,+16343165117,contact@quantumresourcehub.com,https://quantumresourcehub.com,366,Manchester,UK,2026-06-21T01:44:54Z
2026-06-21,Legal,Clear BriefCloud,+13227318276,N/A,https://www.clearbriefcloud.com,49,Austin,US,2026-06-21T02:24:05Z
2026-06-21,ERP,ApexOrderSolutions,(444) 216-6698 ext. 68,hello@apexordersolutions.com,https://www.apexordersolutions.com,4287,Raleigh,US,2026-06-21T06:55:22Z
2026-06-21,HR,True RosterSystems,7094326061,N/A,https://truerostersystems.com,108,Melbourne,AU,2026-06-21T06:58:12Z
2026-06-21,Medical,EmberTriageCloud,+13436951218,hello@embertriagecloud.net,embertriagecloud.net,473,Phoenix,US,2026-06-21T05:12:51Z
2026-06-21,HR,ClearBenefit Base,+18935568038 ext. 98,sales@clearbenefitbase.net,https://clearbenefitbase.net,11,Amsterdam,NL,2026-06-21T06:50:41Z
2026-06-21,MSP Platform,Bright NetDesk,+16793959879,hello@brightnetdesk.com,https://brightnetdesk.com,87,Chicago,US,2026-06-21T06:53:58Z
2026-06-21,Medical,Sable Pulse Outsourcing,4683081976,contact@sablepulseoutsourcing.com,https://www.sablepulseoutsourcing.com,151,Seattle,US,2026-06-21T02:49:01Z
2026-06-21,ERP,FusionBatchDynamics,+1 (342) 460-6435,contact@fusionbatchdynamics.com,https://www.fusionbatchdynamics.com,78,Melbourne,AU,2026-06-21T06:59:23Z
2026-06-21,Medical,BrightRxSuite’s,+1 (538) 463-8918 ext. 75,sales@brightrxsuite.com,https://www.brightrxsuite.com,475,Boston,US,2026-06-21T02:09:17Z
2026-06-21,legal,Prime LawSync,1-489-926-1847 ext. 8,hello@primelawsync.com,https://primelawsync.com,39,Phoenix,US,2026-06-21T06:11:43Z
2026-06-21,Medical,Zephyr TriageSystems,+1 (330) 921-4294,sales@zephyrtriagesystems.com,https://zephyrtriagesystems.com,128,Boston,US,2026-06-21T06:28:54Z
2026-06-21,HR,MosaicRoster Point,1-580-873-4800,info@mosaicrosterpoint.com,https://www.mosaicrosterpoint.com,19,Denver,US,2026-06-21T03:53:45Z
2026-06-21,HR,Ember PerformSync,4816015481,sales@emberperformsync.co,https://www.emberperformsync.co,274,Denver,US,2026-06-21T03:28:03Z
2026-06-21,ERP,Clear ResourceLogic,+1 (807) 557-9878 ext. 17,sales@clearresourcelogic.com,https://clearresourcelogic.com,257,Karachi,PK,2026-06-21T05:37:52Z
2026-06-21,HR,Atlas PayrollTech,+19508235670 ext. 64,hello@atlaspayrolltech.co,https://atlaspayrolltech.co,47,Munich,DE,2026-06-21T06:29:45Z
2026-06-21,Legal,CrownFilingCore,1-210-684-4591,info@crownfilingcore.com,https://www.crownfilingcore.com,33,London,UK,2026-06-21T04:13:32Z
2026-06-21,Medical,Velo TriageSphere,+15874240405,sales@velotriagesphere.com,velotriagesphere.com,363,Tampa,US,2026-06-21T05:59:30Z
2026-06-21,MSP Platform,TidalStack Point,405.355.0062,sales@tidalstackpoint.io,tidalstackpoint.io,9,Seattle,US,2026-06-21T01:06:53Z
2026-06-21,MSP Platform,RidgewayEndpoint Logic,736-501-8353,contact@ridgewayendpointlogic.com,ridgewayendpointlogic.com,50,Columbus,US,2026-06-21T06:14:08Z
2026-06-21,ERP,NovaOps Cloud,8303228861,sales@novaopscloud.com,https://www.novaopscloud.com,51,Karachi,PK,2026-06-21T06:03:05Z
2026-06-21,HR,RidgewayPayrollDesk,+1 (908) 545-4435,sales@ridgewaypayrolldesk.com,https://www.ridgewaypayrolldesk.com,18,Atlanta,US,2026-06-21T03:48:23Z
2026-06-21,ERP,Silver Plan BPO Services,+17838330379,sales@silverplanbposervices.com,https://www.silverplanbposervices.com,58,Denver,US,2026-06-21T03:06:35Z
2026-06-21,ERP,CrestBatch Dynamics,(572) 901-8606,sales@crestbatchdynamics.com,https://www.crestbatchdynamics.com,224,Pune,IN,2026-06-21T02:31:22Z
2026-06-21,Medical,Mosaic HealthDynamics,(568) 651-2778,info@mosaichealthdynamics.com,https://www.mosaichealthdynamics.com,457,Chicago,US,2026-06-21T02:10:34Z
2026-06-21,Medical,LumenTriage Tech,438.887.3648,sales@lumentriagetech.io,lumentriagetech.io,210,Karachi,PK,2026-06-21T03:25:07Z
2026-06-21,ERP,LatticeResource Desk,(774) 847-6020,contact@latticeresourcedesk.com,latticeresourcedesk.com,18,London,UK,2026-06-21T04:27:06Z
2026-06-21,ERP,QuartzStock Desk,688.576.0405,info@quartzstockdesk.io,https://www.quartzstockdesk.io,57,Vancouver,CA,2026-06-21T04:26:10Z
2026-06-21,LMS,Mosaic TutorDynamics,509-898-6572 ext. 73,contact@mosaictutordynamics.com,https://www.mosaictutordynamics.com,551,Calgary,CA,2026-06-21T01:54:36Z
2026-06-21,ERP,SilverChainLabs,482-489-7310,contact@silverchainlabs.net,silverchainlabs.net,163,Raleigh,US,2026-06-21T04:09:41Z
2026-06-21,ERP,SableOps Core,+16929283441,sales@sableopscore.com,sableopscore.com,967,Berlin,DE,2026-06-21T03:45:36Z
2026-06-21,Medical,Willow VitalSphere,4853380280,contact@willowvitalsphere.com,willowvitalsphere.com,11,Atlanta,US,2026-06-21T04:15:14Z
2026-06-21,Medical,ApexPatient Works,+1 (743) 732-3085,hello@apexpatientworks.io,https://www.apexpatientworks.io,74,Seattle,US,2026-06-21T04:08:39Z
2026-06-21,HR,PrimePeople Works,204.626.6813,sales@primepeopleworks.io,https://primepeopleworks.io,43,Seattle,US,2026-06-21T05:50:24Z
2026-06-21,Medical,Raven LedgerPoint,+19763136861,hello@ravenledgerpoint.net,https://ravenledgerpoint.net,23,Toronto,CA,2026-06-21T03:50:20Z
2026-06-21,Medical,Falcon VitalSphere,292-552-1450,contact@falconvitalsphere.co,https://www.falconvitalsphere.co,32,Karachi,PK,2026-06-21T02:22:05Z
2026-06-21,Legal,UmbraFilingSuite,2579938580,sales@umbrafilingsuite.com,https://umbrafilingsuite.com,16,Sydney,AU,2026-06-21T05:59:09Z
2026-06-21,MSP Platform,CrownPatch Tech,608.237.9654,hello@crownpatchtech.com,https://www.crownpatchtech.com,20,Columbus,US,2026-06-21T05:45:21Z
2026-06-21,Medical,KeystoneRxSoft,(961) 752-0041,hello@keystonerxsoft.com,https://www.keystonerxsoft.com,1458,Tampa,US,2026-06-21T04:16:18Z
2026-06-21,LEGAL ,UmbraDocketDynamics,(897) 517-3154,info@umbradocketdynamics.com,umbradocketdynamics.com,18,Phoenix,US,2026-06-21T03:15:19Z
2026-06-21,HR,Crown PeopleWorks,1-544-786-1128,contact@crownpeopleworks.com,https://crownpeopleworks.com,353,Pune,IN,2026-06-21T02:20:30Z
2026-06-21,ERP,Tidal PlanSphere,309-519-1434,contact@tidalplansphere.com,https://www.tidalplansphere.com,167,London,UK,2026-06-21T02:41:30Z
2026-06-21,Legal,RapidClause Sync,771.980.1311 ext. 48,hello@rapidclausesync.co,https://www.rapidclausesync.co,559,Vancouver,CA,2026-06-21T03:19:21Z
2026-06-21,MSP Platform,Quantum GridLabs,464-259-2981,hello@quantumgridlabs.com,quantumgridlabs.com,48,Columbus,US,2026-06-21T05:52:20Z
2026-06-21,MSP Platform,Harbor TicketTech,(879) 578-0948,hello@harbortickettech.com,https://www.harbortickettech.com,141,Seattle,US,2026-06-21T04:42:44Z
2026-06-21,Lgl,Alta Clause BPO Services,(971) 873-2051,info@altaclausebposervices.com,https://www.altaclausebposervices.com,80,Denver,US,2026-06-21T01:30:34Z
2026-06-21,HR,JuniperPerformTech,2884392196,sales@juniperperformtech.com,https://juniperperformtech.com,39,Leeds,UK,2026-06-21T06:07:18Z
2026-06-21,Medical,ApexPatient Core,+18412677981,contact@apexpatientcore.com,https://www.apexpatientcore.com,23,Melbourne,AU,2026-06-21T06:57:23Z
2026-06-21,ERP,OrbitOrder Systems,+1 (501) 403-2417,hello@orbitordersystems.com,https://orbitordersystems.com,14,Lahore,PK,2026-06-21T06:38:59Z
2026-06-21,Medical,Ember PatientDynamics,607-200-1641,contact@emberpatientdynamics.io,https://www.emberpatientdynamics.io,3441,Austin,US,2026-06-21T05:22:01Z
2026-06-21,HR,CrownTalent Soft,482-927-3285 ext. 74,info@crowntalentsoft.net,https://www.crowntalentsoft.net,18,Atlanta,US,2026-06-21T06:27:53Z
2026-06-21,Lgl,Keystone BriefPoint,2778445936 ext. 29,sales@keystonebriefpoint.com,https://keystonebriefpoint.com,132,Boston,US,2026-06-21T03:56:58Z
2026-06-21,Legal,Apex FilingWorks,6964440042,contact@apexfilingworks.io,https://apexfilingworks.io,908,Melbourne,AU,2026-06-21T03:45:16Z
2026-06-21,MSP Platform,PivotMonitorDynamics,(979) 822-5026,sales@pivotmonitordynamics.com,https://pivotmonitordynamics.com,19,Chicago,US,2026-06-21T02:05:43Z
2026-06-21,HR,OmniCultureCore,971-832-7886,hello@omniculturecore.io,https://omniculturecore.io,33,Hyderabad,IN,2026-06-21T06:57:06Z
2026-06-21,MSP Platform,LatticePatchPlatform,(826) 999-2164,hello@latticepatchplatform.com,latticepatchplatform.com,188,Phoenix,US,2026-06-21T02:08:45Z
2026-06-21,ERP,GoldenBatch Sync,335.763.2368,sales@goldenbatchsync.net,https://goldenbatchsync.net,-,Austin,US,2026-06-21T05:04:46Z
2026-06-21,Medical,BoldPatient Sphere,+13314638755,info@boldpatientsphere.io,https://www.boldpatientsphere.io,445,Denver,US,2026-06-21T02:17:44Z
2026-06-21,ERP,HarborResourceLogic,1-489-359-3152,contact@harborresourcelogic.io,https://harborresourcelogic.io,75,Chicago,US,2026-06-21T04:17:20Z
2026-06-21,HR,Crest ShiftBase,912.830.0265 ext. 40,sales@crestshiftbase.com,https://www.crestshiftbase.com,33,Chicago,US,2026-06-21T04:49:57Z
2026-06-21,Legal,ArchDocket Sync,+17002013431 ext. 26,sales@archdocketsync.com,https://www.archdocketsync.com,220,Tampa,US,2026-06-21T02:15:12Z
2026-06-21,MSP Platform,SableEndpoint Systems,8313949330,hello@sableendpointsystems.com,https://sableendpointsystems.com,140,Melbourne,AU,2026-06-21T04:16:18Z
2026-06-21,Legal,RapidBriefCore,+17677505928,contact@rapidbriefcore.io,https://www.rapidbriefcore.io,31,Tampa,US,2026-06-21T01:55:20Z
2026-06-21,ERP,SolidBatch’s Platform,5567596804,hello@solidbatchplatform.com,solidbatchplatform.com,29,London,UK,2026-06-21T02:37:57Z
2026-06-21,ERP,XenonForgeWorks,700-527-9523,hello@xenonforgeworks.com,https://xenonforgeworks.com,58,Austin,US,2026-06-21T04:51:15Z
2026-06-21,ERP,SolidOps Core,+12888946052,hello@solidopscore.io,solidopscore.io,111,Amsterdam,NL,2026-06-21T01:31:06Z
2026-06-21,Medical,MosaicPatient Suite,+15034831426,,https://www.mosaicpatientsuite.com,13,Melbourne,AU,2026-06-21T01:51:15Z
2026-06-21,Medical,Apex PulseHub,+18953575329,info@apexpulsehub.io,https://www.apexpulsehub.io,724,Seattle,US,2026-06-21T04:57:44Z
2026-06-21,Medical,FusionClinic Solutions,1-307-722-5067,sales@fusionclinicsolutions.com,https://www.fusionclinicsolutions.com,315,Seattle,US,2026-06-21T01:21:51Z
2026-06-21,ERP,BrightOps Soft,723-330-1600,info@brightopssoft.net,https://www.brightopssoft.net,83,Sydney,AU,2026-06-21T06:27:54Z
2026-06-21,LMS,HaloTutorCloud,+15279749349,info@halotutorcloud.com,https://www.halotutorcloud.com,49,Leeds,UK,2026-06-21T02:03:43Z
2026-06-21,MSP Platform,FusionMonitorFlow,417-219-0417,hello@fusionmonitorflow.com,https://www.fusionmonitorflow.com,73,London,UK,2026-06-21T02:09:00Z
2026-06-21,Medical,IndigoMedSoft,+1 (570) 671-7583,contact@indigomedsoft.io,https://indigomedsoft.io,893,Denver,US,2026-06-21T02:46:30Z
2026-06-21,legal,Bold MatterSystems,1-470-285-7555,contact@boldmattersystems.com,https://www.boldmattersystems.com,14,Boston,US,2026-06-21T06:15:38Z
2026-06-21,Medical,ApexCare Logic,+1 (295) 322-0729,sales@apexcarelogic.io,apexcarelogic.io,342,Munich,DE,2026-06-21T01:57:17Z
2026-06-21,Legal,Lumén LawCore,1-905-277-4601,info@lumenlawcore.io,lumenlawcore.io,10,Raleigh,US,2026-06-21T05:00:03Z
2026-06-21,MSP Platform,XenonUptime Sphere,1-475-595-7224,contact@xenonuptimesphere.com,https://xenonuptimesphere.com,641,Tampa,US,2026-06-21T05:55:37Z
2026-06-21,Medical,EmberPulseTech,(975) 993-3081,hello@emberpulsetech.com,https://www.emberpulsetech.com,20,Columbus,US,2026-06-21T04:21:41Z
2026-06-21,MSP Platform,SableRemote Point,(905) 587-3677,sales@sableremotepoint.com,https://www.sableremotepoint.com,10,Melbourne,AU,2026-06-21T04:17:58Z
2026-06-21,Medical,ClearHealthFlow,+1 (546) 821-4296,contact@clearhealthflow.co,clearhealthflow.co,41,Boston,US,2026-06-21T05:05:23Z
2026-06-21,HR,EmberCulture Labs,(241) 790-0963,contact@emberculturelabs.com,https://emberculturelabs.com,22,London,UK,2026-06-21T02:20:03Z
2026-06-21,HR,NimbusOnboard Point,+15403670050 ext. 5,sales@nimbusonboardpoint.com,https://www.nimbusonboardpoint.com,37,Phoenix,US,2026-06-21T05:14:39Z
2026-06-21,HR,Cedar CultureHub,7626341611,contact@cedarculturehub.com,https://www.cedarculturehub.com,440,Islamabad,PK,2026-06-21T01:20:35Z
2026-06-21,HR,Alta OnboardTech,+19139817426,contact@altaonboardtech.net,https://www.altaonboardtech.net,574,Lahore,PK,2026-06-21T02:37:15Z
2026-06-21,MSP Platform,NimbusRemoteCore,9188449083,info@nimbusremotecore.com,https://www.nimbusremotecore.com,482,Seattle,US,2026-06-21T02:07:41Z
2026-06-21,MSP Platform,XenonEndpointPlatform,07709705052,hello@xenonendpointplatform.co,xenonendpointplatform.co,14,Raleigh,US,2026-06-21T04:12:52Z
2026-06-21,Medical,Apex CaseLogic,+1 (541) 720-6794,contact@apexcaselogic.com,https://apexcaselogic.com,175,Atlanta,US,2026-06-21T01:18:47Z
2026-06-21,Medical,Golden VitalLogic,384-941-5288,sales@goldenvitallogic.co,https://goldenvitallogic.co,45,Tampa,US,2026-06-21T01:59:50Z
2026-06-21,Medical,PolarisHealth App,+18906516929,contact@polarishealthapp.com,https://www.polarishealthapp.com,28,Austin,US,2026-06-21T04:41:54Z
2026-06-21,ERP,North PlanSoft,+12943408842,info@northplansoft.com,https://www.northplansoft.com,223,Pune,IN,2026-06-21T01:35:06Z
2026-06-21,Medical,IronPulseCloud,+1 (378) 428-2447,contact@ironpulsecloud.com,https://ironpulsecloud.com,659,Chicago,US,2026-06-21T03:41:59Z
2026-06-21,LMS,WillowLessonSuite,7777846585,sales@willowlessonsuite.com,https://www.willowlessonsuite.com,7,Melbourne,AU,2026-06-21T05:54:31Z
2026-06-21,MSP Platform,ZenPatch Labs,928-757-7861,contact@zenpatchlabs.co,https://zenpatchlabs.co,512,Raleigh,US,2026-06-21T03:07:41Z
2026-06-21,Legal,Iron BriefCore,02693944610,hello@ironbriefcore.co,https://ironbriefcore.co,247,Chicago,US,2026-06-21T06:24:08Z
2026-06-21,Legal,Apex FilingTech,4363864467,hello@apexfilingtech.co,https://www.apexfilingtech.co,56,Columbus,US,2026-06-21T04:25:49Z
2026-06-21,HR,Golden PeoplePoint,3678087059 ext. 79,contact@goldenpeoplepoint.com,https://goldenpeoplepoint.com,245,Leeds,UK,2026-06-21T06:24:17Z
2026-06-21,Medical,SilverTriage Hub,(630) 502-5176,info@silvertriagehub.com,https://silvertriagehub.com,44,Sydney,AU,2026-06-21T03:31:58Z
2026-06-21,ERP,QuantumFin Suite,345-888-0294,sales@quantumfinsuite.net,https://quantumfinsuite.net,11,Boston,US,2026-06-21T05:43:40Z
2026-06-21,HR,Tidal TalentPlatform,7205646443,hello@tidaltalentplatform.com,https://tidaltalentplatform.com,6,Austin,US,2026-06-21T03:26:38Z
2026-06-21,HR,EmberPerformSolutions,(238) 902-4141,contact@emberperformsolutions.com,https://emberperformsolutions.com,112,Leeds,UK,2026-06-21T01:48:11Z
2026-06-21,Legal,Omni CultureSolutions,+16666753710,contact@omniculturesolutions.co,omniculturesolutions.co,417,Chicago,US,2026-06-21T01:26:00Z
2026-06-21,Medical,ArchPulse Logic,+18152930611,info@archpulselogic.com,https://www.archpulselogic.com,1441,null,US,2026-06-21T06:29:34Z
2026-06-21,Lgl,HarborCounselSync,1-949-612-0932,sales@harborcounselsync.io,https://www.harborcounselsync.io,122,N/A,CA,2026-06-21T03:30:52Z
2026-06-21,ERP,GoldenCare Tech,(297) 683-6359,hello@goldencaretech.com,https://www.goldencaretech.com,3999,Dublin,IE,2026-06-21T03:35:35Z
2026-06-21,HR,WillowPeoplePoint,924-302-4792,info@willowpeoplepoint.io,https://www.willowpeoplepoint.io,89,Raleigh,US,2026-06-21T04:03:37Z
2026-06-21,LMS,OrbitLesson Core,748-732-7240,info@orbitlessoncore.co,orbitlessoncore.co,85,Denver,US,2026-06-21T02:28:13Z
2026-06-21,HR,VeloPayroll Sphere,+12599809089,hello@velopayrollsphere.com,velopayrollsphere.com,11,Seattle,US,2026-06-21T04:36:31Z
2026-06-21,Legal,TrueBriefSystems,255-856-6347,hello@truebriefsystems.net,truebriefsystems.net,784,Calgary,CA,2026-06-21T02:13:10Z
2026-06-21,Medical,PivotClinicWorks,+15144249148,info@pivotclinicworks.io,https://pivotclinicworks.io,5,Dublin,IE,2026-06-21T06:52:49Z
2026-06-21,ERP,Bright ChainLabs,5116654192,sales@brightchainlabs.net,https://www.brightchainlabs.net,5,Boston,US,2026-06-21T06:39:05Z
2026-06-21,Medical,CobaltMedCore,+15517266583,hello@cobaltmedcore.com,https://cobaltmedcore.com,199,Chicago,US,2026-06-21T03:03:22Z
2026-06-21,ERP,SilverChain Desk,+1 (670) 227-2805 ext. 72,info@silverchaindesk.com,https://silverchaindesk.com,8,Dublin,IE,2026-06-21T02:47:45Z
2026-06-21,Medical,Granite ChartSolutions,+17846927738,sales@granitechartsolutions.com,https://www.granitechartsolutions.com,183,Tampa,US,2026-06-21T05:23:11Z
2026-06-21,Medical,AnchorChart Sphere,681.851.8334,sales@anchorchartsphere.io,https://www.anchorchartsphere.io,921,Sydney,AU,2026-06-21T03:46:29Z
2026-06-21,Medical,SableHealth Platform,318-759-5812,sales@sablehealthplatform.io,sablehealthplatform.io,34,Melbourne,AU,2026-06-21T01:02:52Z
2026-06-21,HR,Bright PerformSphere,854-271-4239,info@brightperformsphere.io,https://www.brightperformsphere.io,52,Denver,US,2026-06-21T06:57:36Z
2026-06-21,LMS,PrimeLearnFlow,(286) 829-2023,info@primelearnflow.co,primelearnflow.co,3529,Calgary,CA,2026-06-21T03:46:46Z
2026-06-21,MSP Platform,RidgeTicket Dynamics,1-696-823-6814,sales@ridgeticketdynamics.com,ridgeticketdynamics.com,157,Chicago,US,2026-06-21T05:36:41Z
2026-06-21,MSP Platform,Quantum NetPlatform,368-890-0770,sales@quantumnetplatform.com,https://quantumnetplatform.com,488,Columbus,US,2026-06-21T04:13:08Z
2026-06-21,Medical,Ember PulseDesk,+12924968848 ext. 56,info@emberpulsedesk.com,https://www.emberpulsedesk.com,71,Phoenix,US,2026-06-21T06:12:31Z
2026-06-21,ERP,SilverOpsLabs,365-772-2538,contact@silveropslabs.io,https://www.silveropslabs.io,207,Dublin,IE,2026-06-21T01:06:41Z
2026-06-21,HR,CrownRosterBase,4765671119,sales@crownrosterbase.net,crownrosterbase.net,1030,Phoenix,US,2026-06-21T06:05:15Z
2026-06-21,Medical,MosaicVital Point,701-591-6683,hello@mosaicvitalpoint.com,https://www.mosaicvitalpoint.com,15,Seattle,US,2026-06-21T03:12:28Z
2026-06-21,Legal,SummitDocketHub,+1 (817) 767-0516,sales@summitdockethub.co,https://summitdockethub.co,89,Lahore,PK,2026-06-21T02:48:36Z
2026-06-21,ERP,VeloPlan Logic,03467771757,info@veloplanlogic.com,https://www.veloplanlogic.com,,Bengaluru,IN,2026-06-21T02:52:53Z
2026-06-21,ERP,RavenPlan Suite,695-376-2032,hello@ravenplansuite.com,https://www.ravenplansuite.com,19,Phoenix,US,2026-06-21T03:39:19Z
2026-06-21,HR,DeltaTalent Solutions,340.532.3029,sales@deltatalentsolutions.io,deltatalentsolutions.io,583,Boston,US,2026-06-21T04:36:55Z
2026-06-21,ERP,Ridge PlanSphere,+17499185226,contact@ridgeplansphere.io,ridgeplansphere.io,60,Manchester,UK,2026-06-21T04:30:31Z
2026-06-21,LMS,XenonOrderCloud,(890) 527-2070,info@xenonordercloud.com,https://www.xenonordercloud.com,7,Leeds,UK,2026-06-21T03:26:40Z
2026-06-21,Legal,GraniteDocket App,778-401-7226,sales@granitedocketapp.com,https://granitedocketapp.com,N/A,Raleigh,US,2026-06-21T03:10:13Z
2026-06-21,Medical,IndigoPulseBase,+13859389496,hello@indigopulsebase.com,https://www.indigopulsebase.com,148,Calgary,CA,2026-06-21T06:56:13Z
2026-06-21,MSP Platform,Indigo RemoteLabs,(854) 851-4813,hello@indigoremotelabs.net,https://www.indigoremotelabs.net,34,Seattle,US,2026-06-21T06:28:37Z
2026-06-21,MSP Platform,BeaconStack Base,4514666746,info@beaconstackbase.com,beaconstackbase.com,47,Phoenix,US,2026-06-21T02:50:50Z
2026-06-21,ERP,VeloOpsSystems Inc.,682-269-3300,sales@veloopssystems.com,https://veloopssystems.com,56,Tampa,US,2026-06-21T03:45:00Z
2026-06-21,LMS,Pioneer TrainSystems,216-815-6837,info@pioneertrainsystems.io,https://www.pioneertrainsystems.io,6,Atlanta,US,2026-06-21T02:19:36Z
2026-06-21,ERP,HaloChain Suite,+17514016152,info@halochainsuite.io,https://halochainsuite.io,3446,Chicago,US,2026-06-21T05:08:35Z
2026-06-21,Medical,OmniChart’s Hub,716.226.8183,hello@omnicharthub.co,https://www.omnicharthub.co,24,Hyderabad,IN,2026-06-21T05:27:01Z
2026-06-21,ERP,LatticeChain Base,5767376117,null,https://www.latticechainbase.co,484,Tampa,US,2026-06-21T04:46:14Z
2026-06-21,HR,RidgewayTeam App,(519) 494-0967,hello@ridgewayteamapp.com,https://www.ridgewayteamapp.com,15,Chicago,US,2026-06-21T04:15:45Z
2026-06-21,MSP Platform,ZenUptime Flow,07513104757,info@zenuptimeflow.com,zenuptimeflow.com,564,Denver,US,2026-06-21T01:57:25Z
2026-06-21,Medical,QuantumChartPlatform,354-420-6722,N/A,quantumchartplatform.com,353,Pune,IN,2026-06-21T01:03:40Z
2026-06-21,ERP,Sable LedgerFlow,9575569086,info@sableledgerflow.com,sableledgerflow.com,18,Leeds,UK,2026-06-21T04:11:06Z
2026-06-21,Medical,NimbusTriageCloud,(430) 899-1446,hello@nimbustriagecloud.co,https://nimbustriagecloud.co,9,Manchester,UK,2026-06-21T01:55:06Z
2026-06-21,ERP,OnyxOrder App,1-892-515-7923,sales@onyxorderapp.co,https://onyxorderapp.co,385,Amsterdam,NL,2026-06-21T06:11:02Z
2026-06-21,MSP Platform,Beacon MonitorSphere,+1 (245) 526-2526,info@beaconmonitorsphere.com,https://www.beaconmonitorsphere.com,334,Boston,US,2026-06-21T04:38:54Z
2026-06-21,ERP,Omni OrderSphere,5969290977,sales@omniordersphere.com,https://www.omniordersphere.com,406,Manchester,UK,2026-06-21T02:53:27Z
2026-06-21,HR,AnchorOnboard Core,364-329-9518,info@anchoronboardcore.com,https://www.anchoronboardcore.com,210,Chicago,US,2026-06-21T01:04:41Z
2026-06-21,HR,Granite ShiftHub,6107531935,contact@graniteshifthub.com,https://www.graniteshifthub.com,100,Columbus,US,2026-06-21T06:09:10Z
2026-06-21,HR,NimbusRosterCloud,+16202425369,sales@nimbusrostercloud.io,https://www.nimbusrostercloud.io,84,Columbus,US,2026-06-21T03:52:23Z
2026-06-21,LEGAL ,VistaVerdictCore,1-657-813-8861,info@vistaverdictcore.com,vistaverdictcore.com,546,London,UK,2026-06-21T04:24:26Z
2026-06-21,ERP,Crest ForgePoint,+1 (740) 383-5334,contact@crestforgepoint.io,https://www.crestforgepoint.io,81,Chicago,US,2026-06-21T04:27:03Z
2026-06-21,HR,TidalTeam Sphere,(643) 787-8141,,https://www.tidalteamsphere.com,661,N/A,US,2026-06-21T06:20:15Z
2026-06-21,Medical,KeystoneVitalDesk,(340) 967-7923,contact@keystonevitaldesk.com,https://www.keystonevitaldesk.com,6,Chicago,US,2026-06-21T01:33:57Z
2026-06-21,HR,ClearShift Sphere,(939) 376-8043,contact@clearshiftsphere.co,https://clearshiftsphere.co,104,Columbus,US,2026-06-21T04:54:49Z
2026-06-21,Legal,GraniteMatter Hub,1-468-635-7248,,https://www.granitematterhub.net,39,Leeds,UK,2026-06-21T03:32:54Z
2026-06-21,HR,NorthTalent Solutions,+15349828137,info@northtalentsolutions.com,northtalentsolutions.com,86,Columbus,US,2026-06-21T02:44:50Z
2026-06-21,MSP Platform,FusionPatchSphere,465-281-9297,hello@fusionpatchsphere.co,https://www.fusionpatchsphere.co,243,Seattle,US,2026-06-21T01:27:46Z
2026-06-21,HR,Delta ShiftLogic,262-795-7679,hello@deltashiftlogic.com,https://www.deltashiftlogic.com,219,Raleigh,US,2026-06-21T03:52:05Z
2026-06-21,HR,RidgeOnboard Platform,941.950.3689,contact@ridgeonboardplatform.com,https://ridgeonboardplatform.com,193,Pune,IN,2026-06-21T03:55:50Z
2026-06-21,LMS,JuniperLearn Platform,(605) 559-5940,sales@juniperlearnplatform.com,juniperlearnplatform.com,262,Raleigh,US,2026-06-21T01:20:01Z
2026-06-21,LMS,FusionMentor Suite,+12183880284,info@fusionmentorsuite.com,https://www.fusionmentorsuite.com,366,Pune,IN,2026-06-21T02:11:15Z
2026-06-21,ERP,Quartz PlanHub,+18526255144,contact@quartzplanhub.com,quartzplanhub.com,106,Columbus,US,2026-06-21T03:55:36Z
2026-06-21,MSP Platform,UmbraNetTech,1-297-212-0916,hello@umbranettech.co,https://www.umbranettech.co,669,Phoenix,US,2026-06-21T06:41:41Z
2026-06-21,ERP,Bright ChainTech,358.581.8775,hello@brightchaintech.com,https://www.brightchaintech.com,12,Austin,US,2026-06-21T01:31:46Z
2026-06-21,LMS,Bright CourseDynamics,928-681-9445,contact@brightcoursedynamics.com,https://www.brightcoursedynamics.com,117,Hyderabad,IN,2026-06-21T04:46:17Z
2026-06-21,LMS,Velo LessonPlatform,+18675529233,N/A,https://www.velolessonplatform.io,151,Toronto,CA,2026-06-21T04:07:12Z
2026-06-21,HR,Quartz Onboard Consultants,+1 (682) 758-4877,info@quartzonboardconsultants.co,quartzonboardconsultants.co,14,Tampa,US,2026-06-21T02:33:02Z
2026-06-21,Legal,OmniLaw Dynamics,9517512191,contact@omnilawdynamics.io,https://omnilawdynamics.io,439,Boston,US,2026-06-21T03:03:24Z
2026-06-21,Medical,ClearMedLogic,660-563-1845,info@clearmedlogic.com,https://www.clearmedlogic.com,45,Columbus,US,2026-06-21T03:29:35Z
2026-06-21,Medical,Granite RxFlow,+1 (275) 928-6360,contact@graniterxflow.com,https://www.graniterxflow.com,12,Manchester,UK,2026-06-21T03:40:22Z
2026-06-21,Medical,NorthChartCore,509-807-6392,sales@northchartcore.io,https://www.northchartcore.io,254,Denver,US,2026-06-21T03:43:56Z
2026-06-21,MSP Platform,CedarRemoteSolutions,+13186980443,hello@cedarremotesolutions.io,cedarremotesolutions.io,29,Boston,US,2026-06-21T06:53:26Z
2026-06-21,Legal,Quartz CounselWorks,718-521-0375,sales@quartzcounselworks.com,https://www.quartzcounselworks.com,44,Columbus,US,2026-06-21T04:46:54Z
2026-06-21,Legal,Mosaic CaseCore,8718065147,hello@mosaiccasecore.io,https://www.mosaiccasecore.io,65,Columbus,US,2026-06-21T05:06:02Z
2026-06-21,ERP,Mosaic FinLogic,1-477-269-7981,-,https://mosaicfinlogic.co,272,Leeds,UK,2026-06-21T03:59:11Z
2026-06-21,Medical,Iron PatientSolutions,(961) 535-5161,sales@ironpatientsolutions.com,ironpatientsolutions.com,544,Boston,US,2026-06-21T06:44:12Z
2026-06-21,ERP,RidgewayForge Flow,+1 (718) 428-0518,sales@ridgewayforgeflow.io,https://www.ridgewayforgeflow.io,13,Denver,US,2026-06-21T02:05:34Z
2026-06-21,HR,Velo Roster Manpower Services,6725296586,contact@velorostermanpowerservices.io,https://www.velorostermanpowerservices.io,156,Amsterdam,NL,2026-06-21T02:25:49Z
2026-06-21,ERP,PolarisPlanSystems,894.540.8683,contact@polarisplansystems.co,polarisplansystems.co,4532,Phoenix,US,2026-06-21T05:40:20Z
2026-06-21,LMS,Blue TrainSuite,484.911.0487,contact@bluetrainsuite.com,https://www.bluetrainsuite.com,720,Seattle,US,2026-06-21T05:50:43Z
2026-06-21,Medical,PioneerPulseDesk,1-490-395-8895 ext. 3,hello@pioneerpulsedesk.io,https://pioneerpulsedesk.io,42,Tampa,US,2026-06-21T05:35:39Z
2026-06-21,ERP,FalconBatchSphere,201-867-0328,info@falconbatchsphere.io,falconbatchsphere.io,63,Austin,US,2026-06-21T04:59:38Z
2026-06-21,Legal,FusionCounselFlow,302-729-0829,info@fusioncounselflow.com,https://fusioncounselflow.com,322,Phoenix,US,2026-06-21T04:19:27Z
2026-06-21,MSP Platform,Cedar EndpointApp,626-828-4446,sales@cedarendpointapp.io,cedarendpointapp.io,594,Amsterdam,NL,2026-06-21T04:32:52Z
2026-06-21,MSP Platform,HaloNetHub,+19533467093,contact@halonethub.com,https://www.halonethub.com,89,Tampa,US,2026-06-21T06:45:19Z
2026-06-21,Legal,WillowVerdict Sphere,+18898890580,contact@willowverdictsphere.com,https://www.willowverdictsphere.com,10,Dublin,IE,2026-06-21T01:19:28Z
2026-06-21,MSP Platform,Crest GridApp,863.580.7616,hello@crestgridapp.com,https://www.crestgridapp.com,84,Columbus,US,2026-06-21T06:05:47Z
2026-06-21,MSP Platform,Silver GridFlow,400-707-3854,hello@silvergridflow.net,https://www.silvergridflow.net,478,Atlanta,US,2026-06-21T01:38:43Z
2026-06-21,ERP,Raven LedgerPoint,1-976-313-6861,hello@ravenledgerpoint.net,https://www.ravenledgerpoint.net,23,Toronto,CA,2026-06-21T04:48:33Z
2026-06-21,HR,CrownShiftSolutions,(538) 587-8914,contact@crownshiftsolutions.com,https://www.crownshiftsolutions.com,99,Singapore,SG,2026-06-21T01:20:39Z
2026-06-21,ERP,MosaicFinCore,+1 (346) 353-3555,info@mosaicfincore.com,https://mosaicfincore.com,15,Seattle,US,2026-06-21T05:06:26Z
2026-06-21,MSP Platform,FusionTicketBase,1-770-746-8384,sales@fusionticketbase.net,https://www.fusionticketbase.net,18,Columbus,US,2026-06-21T04:24:37Z
2026-06-21,MSP Platform,Apex PatchApp,+12588562418,hello@apexpatchapp.com,https://apexpatchapp.com,155,Atlanta,US,2026-06-21T02:35:37Z
2026-06-21,ERP,HarborOrderWorks,714.619.8296,sales@harbororderworks.com,https://www.harbororderworks.com,18,Toronto,CA,2026-06-21T04:15:10Z
2026-06-21,MSP Platform,Alta StackLogic,+19723170946,hello@altastacklogic.com,https://www.altastacklogic.com,61,Tampa,US,2026-06-21T06:10:19Z
2026-06-21,ERP,Keystone LedgerPlatform,1-661-953-6462,hello@keystoneledgerplatform.co,https://www.keystoneledgerplatform.co,49,Manchester,UK,2026-06-21T01:47:11Z
2026-06-21,Medical,LumenMed Base,659.682.8929,contact@lumenmedbase.net,https://www.lumenmedbase.net,220,Dublin,IE,2026-06-21T04:02:32Z
2026-06-21,HR,Raven CultureDynamics,+12683431973,sales@ravenculturedynamics.com,https://www.ravenculturedynamics.com,392,Calgary,CA,2026-06-21T01:12:29Z
2026-06-21,ERP,QuantumResource Hub,6308272664,info@quantumresourcehub.com,https://www.quantumresourcehub.com,2283,Amsterdam,NL,2026-06-21T06:15:46Z
2026-06-21,Medical,IronPatientCore,487-754-4050,hello@ironpatientcore.io,https://www.ironpatientcore.io,83,Pune,IN,2026-06-21T05:42:40Z
2026-06-21,Legal,Delta LawDynamics,7915148458,sales@deltalawdynamics.io,https://www.deltalawdynamics.io,53,Hyderabad,IN,2026-06-21T04:59:35Z
2026-06-21,MSP Platform,LumenEndpoint App,1-304-724-9955,hello@lumenendpointapp.com,lumenendpointapp.com,1937,Sydney,AU,2026-06-21T04:13:19Z
2026-06-21,HR,Iron RosterCore,5244334041,contact@ironrostercore.co,https://www.ironrostercore.co,237,Pune,IN,2026-06-21T04:44:15Z
2026-06-21,ERP,OnyxLedgerWorks,921-395-1226,sales@onyxledgerworks.io,https://onyxledgerworks.io,9,Toronto,CA,2026-06-21T01:03:53Z
2026-06-21,HR,Ridgeway TalentPlatform,+12259211253 ext. 87,sales@ridgewaytalentplatform.com,https://www.ridgewaytalentplatform.com,23,Denver,US,2026-06-21T01:24:43Z
2026-06-21,MSP Platform,ApexRemote’s Desk,1-827-340-8606,-,apexremotedesk.com,62,-,IE,2026-06-21T03:18:36Z
2026-06-21,HR,SilverShift Soft,(572) 827-5050,contact@silvershiftsoft.net,https://www.silvershiftsoft.net,555,Munich,DE,2026-06-21T05:03:30Z
2026-06-21,Medical,CedarMed Tech,(496) 322-8638,info@cedarmedtech.io,https://www.cedarmedtech.io,33,Chicago,US,2026-06-21T06:33:40Z
2026-06-21,ERP,Orbit StockSuite,+13576637659,hello@orbitstocksuite.io,https://www.orbitstocksuite.io,35,Seattle,US,2026-06-21T04:15:52Z
2026-06-21,Medical,Nimbus HealthSphere,+1 (424) 886-3827,contact@nimbushealthsphere.com,https://nimbushealthsphere.com,15,Austin,US,2026-06-21T02:20:52Z
2026-06-21,HR,NovaRoster’s Solutions,(373) 683-4177,hello@novarostersolutions.io,novarostersolutions.io,99,Toronto,CA,2026-06-21T05:50:58Z
2026-06-21,ERP,BrightForgeLogic,633-770-7572,contact@brightforgelogic.com,https://www.brightforgelogic.com,411,Manchester,UK,2026-06-21T04:54:12Z
2026-06-21,HR,ArchRoster Sync,(441) 729-4562,info@archrostersync.io,https://archrostersync.io,28,Denver,US,2026-06-21T04:35:24Z
2026-06-21,Medical,Crest HealthSphere,1-786-246-6202,sales@cresthealthsphere.com,https://www.cresthealthsphere.com,147,N/A,CA,2026-06-21T03:06:13Z
2026-06-21,MSP Platform,LumenStackPoint,+15049186738,contact@lumenstackpoint.io,https://lumenstackpoint.io,239,Boston,US,2026-06-21T05:48:18Z
2026-06-21,ERP,IndigoLedger Logic,+13897741510 ext. 73,contact@indigoledgerlogic.com,https://www.indigoledgerlogic.com,31,London,UK,2026-06-21T03:48:24Z
2026-06-21,Medical,FalconClinic Sphere,6833047520,contact@falconclinicsphere.com,https://falconclinicsphere.com,43,London,UK,2026-06-21T02:19:59Z
2026-06-21,MSP Platform,CrownMonitor Labs,(787) 333-6775,contact@crownmonitorlabs.net,https://www.crownmonitorlabs.net,10,Boston,US,2026-06-21T03:21:14Z
2026-06-21,ERP,BrightResource App,1-576-756-2281,contact@brightresourceapp.co,https://brightresourceapp.co,37,Amsterdam,NL,2026-06-21T01:37:50Z
2026-06-21,ERP,Juniper OpsCore,326.239.9343,info@juniperopscore.com,https://www.juniperopscore.com,656,Munich,DE,2026-06-21T02:36:18Z
2026-06-21,Medical,MetaClinic Cloud,819-786-0306,contact@metacliniccloud.com,https://www.metacliniccloud.com,285,London,UK,2026-06-21T01:00:13Z
2026-06-21,Medical,BluePulseCore,884.651.9037,info@bluepulsecore.net,https://www.bluepulsecore.net,74,Denver,US,2026-06-21T03:53:38Z
2026-06-21,HR,JuniperPerform Suite,933-848-4089 ext. 17,contact@juniperperformsuite.com,https://www.juniperperformsuite.com,11,Seattle,US,2026-06-21T04:38:25Z
2026-06-21,ERP,Rapid ChainTech,876.336.2431,hello@rapidchaintech.com,https://rapidchaintech.com,944,Tampa,US,2026-06-21T06:52:27Z
2026-06-21,ERP,Apex PlanCloud,827-351-2823,contact@apexplancloud.com,https://www.apexplancloud.com,29,Boston,US,2026-06-21T04:01:10Z
2026-06-21,ERP,Mosaic OrderFlow,+13875332466,sales@mosaicorderflow.com,https://www.mosaicorderflow.com,141,Leeds,UK,2026-06-21T05:25:41Z
2026-06-21,LMS,PrimeCourse Cloud,267-236-1347,info@primecoursecloud.io,https://primecoursecloud.io,22,Austin,US,2026-06-21T06:33:46Z
2026-06-21,Medical,TrueHealthSphere,7549726701,sales@truehealthsphere.io,truehealthsphere.io,120,Manchester,UK,2026-06-21T06:14:15Z
2026-06-21,MSP Platform,Quantum MonitorCore,+19746837160,contact@quantummonitorcore.com,https://www.quantummonitorcore.com,315,Austin,US,2026-06-21T05:08:45Z
2026-06-21,ERP,HarborOps Platform,837-718-6853,sales@harboropsplatform.com,https://harboropsplatform.com,99,Leeds,UK,2026-06-21T04:24:23Z
2026-06-21,MSP Platform,KeystoneRemoteBase,6476300474,contact@keystoneremotebase.net,https://www.keystoneremotebase.net,629,Sydney,AU,2026-06-21T01:43:00Z
2026-06-21,MSP Platform,CoreGrid App,04624759443,sales@coregridapp.io,https://coregridapp.io,17,Hyderabad,IN,2026-06-21T03:42:55Z
2026-06-21,ERP,AtlasPlan Flow,574-667-3999,info@atlasplanflow.com,https://www.atlasplanflow.com,14,Leeds,UK,2026-06-21T06:12:59Z
2026-06-21,LEGAL ,GoldenVerdict Cloud,+13985619252,contact@goldenverdictcloud.com,https://www.goldenverdictcloud.com,5,Chicago,US,2026-06-21T03:46:12Z
2026-06-21,MSP Platform,GraniteStackSoft,844.471.3426,contact@granitestacksoft.co,https://www.granitestacksoft.co,52,Melbourne,AU,2026-06-21T02:42:58Z
2026-06-21,ERP,SolidOpsPoint,+14505049786,contact@solidopspoint.co,https://solidopspoint.co,11,Phoenix,US,2026-06-21T04:58:54Z
2026-06-21,MSP Platform,NovaNetFlow,1-832-558-1113,null,https://novanetflow.com,217,Calgary,CA,2026-06-21T04:55:43Z
2026-06-21,ERP,IronForge Cloud,+1 (754) 873-7781 ext. 95,hello@ironforgecloud.com,https://ironforgecloud.com,7,Denver,US,2026-06-21T02:43:24Z
2026-06-21,Medical,Iron MedCloud,+14002047098,contact@ironmedcloud.com,https://www.ironmedcloud.com,50,Boston,US,2026-06-21T06:56:27Z
2026-06-21,Medical,RapidTriageFlow,(424) 915-5573,contact@rapidtriageflow.com,https://www.rapidtriageflow.com,20,Austin,US,2026-06-21T03:04:05Z
2026-06-21,HR,OnyxRosterSphere,859.309.9224,sales@onyxrostersphere.com,https://www.onyxrostersphere.com,34,Dublin,IE,2026-06-21T02:52:19Z
2026-06-21,Medical,TidalRx App,+1 (794) 691-3899,sales@tidalrxapp.net,https://www.tidalrxapp.net,64,Toronto,CA,2026-06-21T03:23:32Z
2026-06-21,ERP,Sable ResourceSync,731-556-4660,sales@sableresourcesync.com,https://www.sableresourcesync.com,8,Seattle,US,2026-06-21T06:47:32Z
2026-06-21,Medical,ArchMedWorks,+1 (964) 462-1278,contact@archmedworks.com,archmedworks.com,414,Toronto,CA,2026-06-21T04:39:22Z
2026-06-21,Legal,PioneerMatter Core,+1 (555) 215-8679,hello@pioneermattercore.com,https://www.pioneermattercore.com,0,Austin,US,2026-06-21T01:06:10Z
2026-06-21,ERP,TrueLedger Tech,822-454-8108,sales@trueledgertech.io,https://trueledgertech.io,18,Denver,US,2026-06-21T05:31:40Z
2026-06-21,Legal,CrestBriefApp,(545) 772-4092,hello@crestbriefapp.net,https://www.crestbriefapp.net,200,Vancouver,CA,2026-06-21T04:51:46Z
2026-06-21,HR,SolidPerform Systems,229.727.6619,hello@solidperformsystems.com,https://solidperformsystems.com,23,Manchester,UK,2026-06-21T05:47:43Z
2026-06-21,ERP,Quartz ChainFlow,847-324-6194,hello@quartzchainflow.com,https://www.quartzchainflow.com,166,Toronto,CA,2026-06-21T06:03:35Z
2026-06-21,HR,UmbraPeople App,(649) 326-8569,contact@umbrapeopleapp.net,umbrapeopleapp.net,36,Denver,US,2026-06-21T02:00:56Z
2026-06-21,Medical,Pivot ChartSystems,9759364075,info@pivotchartsystems.com,https://pivotchartsystems.com,432,Chicago,US,2026-06-21T04:59:01Z
2026-06-21,Medical,SummitTriage Tech,346-815-3503,hello@summittriagetech.com,https://www.summittriagetech.com,119,Singapore,SG,2026-06-21T05:52:01Z
2026-06-21,LMS,QuartzMentorApp,356-203-7292,hello@quartzmentorapp.com,https://www.quartzmentorapp.com,96,Atlanta,US,2026-06-21T04:29:55Z
2026-06-21,MSP Platform,RidgewayTicket Sphere,1-625-219-7771,N/A,https://ridgewayticketsphere.co,50,Tampa,US,2026-06-21T02:31:50Z
2026-06-21,HR,Vertex PerformSphere,+12134176182,contact@vertexperformsphere.com,https://www.vertexperformsphere.com,84,Phoenix,US,2026-06-21T03:56:23Z
2026-06-21,Medical,AtlasCare Labs,(330) 817-7177,contact@atlascarelabs.com,https://www.atlascarelabs.com,475,Atlanta,US,2026-06-21T03:28:41Z
2026-06-21,legal,Raven LawSolutions,+1 (919) 881-0951,hello@ravenlawsolutions.com,https://www.ravenlawsolutions.com,207,Austin,US,2026-06-21T01:55:26Z
2026-06-21,ERP,CrownResourceCloud,5393538174,info@crownresourcecloud.com,https://www.crownresourcecloud.com,56,Raleigh,US,2026-06-21T02:33:27Z
2026-06-21,ERP,Rapid PlanDynamics,6127486088,contact@rapidplandynamics.com,https://www.rapidplandynamics.com,35,Atlanta,US,2026-06-21T04:33:02Z
2026-06-21,ERP,RapidOrderPoint,9646337287,contact@rapidorderpoint.com,https://rapidorderpoint.com,5,Bengaluru,IN,2026-06-21T02:57:55Z
2026-06-21,HR,XenonPeople Base,1-655-563-4207,hello@xenonpeoplebase.net,https://www.xenonpeoplebase.net,503,Raleigh,US,2026-06-21T04:07:37Z
2026-06-21,HR,Pivot PayrollTech,398.868.2840,contact@pivotpayrolltech.com,https://pivotpayrolltech.com,149,Toronto,CA,2026-06-21T04:35:59Z
2026-06-21,MSP Platform,OmniPatch Base,+1 (926) 467-2955,info@omnipatchbase.net,https://www.omnipatchbase.net,10,Karachi,PK,2026-06-21T06:18:09Z
2026-06-21,Medical,NorthRx Soft,07989956999,sales@northrxsoft.com,https://www.northrxsoft.com,202,Austin,US,2026-06-21T06:24:06Z
2026-06-21,MSP Platform,IndigoMonitorSoft,8276869834,contact@indigomonitorsoft.co,https://indigomonitorsoft.co,109,Chicago,US,2026-06-21T04:11:41Z
2026-06-21,HR,SilverBenefit Suite,599-555-9229,hello@silverbenefitsuite.net,https://www.silverbenefitsuite.net,78,Denver,US,2026-06-21T01:39:59Z
2026-06-21,ERP,Summit Ops Consultants,+17678601054,sales@summitopsconsultants.io,https://www.summitopsconsultants.io,4495,Raleigh,US,2026-06-21T01:46:56Z
2026-06-21,Medical,Juniper RxCore,+17772418488,sales@juniperrxcore.com,juniperrxcore.com,42,Raleigh,US,2026-06-21T05:09:22Z
2026-06-21,Medical,Willow TriageSphere,488-430-5126,sales@willowtriagesphere.com,https://willowtriagesphere.com,3995,Leeds,UK,2026-06-21T04:30:24Z
2026-06-21,Medical,ZenChartLabs,8125204039,info@zenchartlabs.net,https://zenchartlabs.net,35,Melbourne,AU,2026-06-21T05:07:20Z
2026-06-21,legal,FalconBriefCloud,02849363501,hello@falconbriefcloud.io,falconbriefcloud.io,70,Austin,US,2026-06-21T02:19:19Z
2026-06-21,HR,PrimeTeamSoft,8644565914,hello@primeteamsoft.com,https://www.primeteamsoft.com,35,Denver,US,2026-06-21T03:30:01Z
2026-06-21,HR,Nimbus BenefitApp,1-685-947-6683,contact@nimbusbenefitapp.com,https://www.nimbusbenefitapp.com,31,Columbus,US,2026-06-21T04:06:33Z
2026-06-21,Medical,Umbra VitalSync,563.770.7918,sales@umbravitalsync.net,https://umbravitalsync.net,161,Dublin,IE,2026-06-21T04:13:02Z
2026-06-21,ERP,SableStockSuite,3979513667,sales@sablestocksuite.co,sablestocksuite.co,463,Austin,US,2026-06-21T05:40:43Z
2026-06-21,MSP Platform,Cobalt NodeSync,+1 (218) 930-0761,sales@cobaltnodesync.io,https://www.cobaltnodesync.io,31,Hyderabad,IN,2026-06-21T06:05:24Z
2026-06-21,MSP Platform,QuartzFin Core,3026387814,contact@quartzfincore.io,https://www.quartzfincore.io,222,Boston,US,2026-06-21T05:24:36Z
2026-06-21,HR,GraniteOnboardLabs,1-369-848-6084,hello@graniteonboardlabs.com,https://www.graniteonboardlabs.com,148,Boston,US,2026-06-21T06:58:02Z
2026-06-21,Legal,CoreFiling Desk,+14537259161,hello@corefilingdesk.io,corefilingdesk.io,343,Atlanta,US,2026-06-21T05:39:36Z
2026-06-21,HR,OmniOnboardPoint,+1 (710) 717-1013 ext. 68,info@omnionboardpoint.com,https://omnionboardpoint.com,8,Calgary,CA,2026-06-21T02:38:57Z
2026-06-21,ERP,Nova FinApp,974-567-3815,info@novafinapp.com,novafinapp.com,17,Sydney,AU,2026-06-21T02:18:09Z
2026-06-21,HR,Halo PerformCore,(434) 998-0275 ext. 44,sales@haloperformcore.io,https://www.haloperformcore.io,178,Austin,US,2026-06-21T04:46:16Z
2026-06-21,HR,Omni TalentPlatform,+15618842911,info@omnitalentplatform.com,https://www.omnitalentplatform.com,69,Phoenix,US,2026-06-21T01:35:07Z
2026-06-21,HR,JuniperOnboardSuite,1-727-694-1557,N/A,juniperonboardsuite.io,19,Phoenix,US,2026-06-21T01:09:10Z
2026-06-21,Medical,GoldenClinic’s Solutions,+1 (908) 936-1233,contact@goldenclinicsolutions.com,https://goldenclinicsolutions.com,43,Atlanta,US,2026-06-21T05:26:48Z
2026-06-21,HR,SilverTeamSphere,+16306154100,null,https://www.silverteamsphere.com,9,Melbourne,AU,2026-06-21T04:03:37Z
2026-06-21,Medical,Ridgeway RxSphere,967-797-0604,info@ridgewayrxsphere.io,https://ridgewayrxsphere.io,10,Pune,IN,2026-06-21T05:40:19Z
2026-06-21,HR,KeystonePeople Sync,5402664473,sales@keystonepeoplesync.net,https://www.keystonepeoplesync.net,345,Lahore,PK,2026-06-21T03:29:43Z
2026-06-21,MSP Platform,ZenTicketLabs,+1 (576) 909-6454,info@zenticketlabs.com,zenticketlabs.com,143,Boston,US,2026-06-21T03:55:25Z
2026-06-21,ERP,Onyx ResourceLogic,+14015531047,hello@onyxresourcelogic.com,https://www.onyxresourcelogic.com,57,London,UK,2026-06-21T01:03:17Z
2026-06-21,LMS,VeloTutorHub,+1 (654) 568-1151,contact@velotutorhub.com,velotutorhub.com,321,Boston,US,2026-06-21T06:35:07Z
2026-06-21,HR,BrightShift Tech,+1 (539) 372-7697,contact@brightshifttech.com,https://www.brightshifttech.com,32,Chicago,US,2026-06-21T03:01:16Z
2026-06-21,Medical,Prime PulseFlow,976.972.6838 ext. 7,hello@primepulseflow.com,primepulseflow.com,69,Seattle,US,2026-06-21T02:00:43Z
2026-06-21,ERP,Golden BatchPoint,+1 (903) 730-9172,sales@goldenbatchpoint.com,goldenbatchpoint.com,96,Raleigh,US,2026-06-21T03:00:00Z
2026-06-21,ERP,SableBatch Base,+12817556587,sales@sablebatchbase.net,https://www.sablebatchbase.net,43,Denver,US,2026-06-21T05:56:47Z
2026-06-21,LMS,Anchor LessonPoint,(393) 915-7429,hello@anchorlessonpoint.com,https://www.anchorlessonpoint.com,N/A,Singapore,SG,2026-06-21T03:40:07Z
2026-06-21,Medical,Keystone’s VitalLogic,(923) 907-9488 ext. 29,contact@keystonevitallogic.com,https://www.keystonevitallogic.com,43,Boston,US,2026-06-21T06:11:19Z
2026-06-21,MSP Platform,Arch PatchLogic,(872) 963-0078,info@archpatchlogic.com,https://www.archpatchlogic.com,99,Berlin,DE,2026-06-21T03:06:21Z
2026-06-21,ERP,ArchOps Desk,+14138850179,contact@archopsdesk.com,https://www.archopsdesk.com,476,Atlanta,US,2026-06-21T04:36:59Z
2026-06-21,Legal,Pivot ClauseCore,444-995-4708,sales@pivotclausecore.com,https://pivotclausecore.com,31,Amsterdam,NL,2026-06-21T01:08:37Z
2026-06-21,HR,FusionShift Desk,803-713-6130,info@fusionshiftdesk.com,fusionshiftdesk.com,15,Raleigh,US,2026-06-21T01:09:53Z
2026-06-21,ERP,BeaconResourceLogic,691-487-0164,info@beaconresourcelogic.com,https://www.beaconresourcelogic.com,39,Calgary,CA,2026-06-21T01:18:11Z
2026-06-21,Medical,Umbra PatientBase,8352738037,hello@umbrapatientbase.net,umbrapatientbase.net,18,Atlanta,US,2026-06-21T03:47:40Z
2026-06-21,LEGAL ,Lumen BriefBase,314-461-0772,null,https://www.lumenbriefbase.co,2832,Chicago,US,2026-06-21T01:32:57Z
2026-06-21,Medical,Indigo RxPlatform,8676986129,hello@indigorxplatform.com,https://www.indigorxplatform.com,43,Atlanta,US,2026-06-21T05:02:38Z
2026-06-21,Medical,Nimbus HealthFlow,275.501.1054,sales@nimbushealthflow.io,https://www.nimbushealthflow.io,15,Leeds,UK,2026-06-21T04:51:50Z
2026-06-21,Legal,UmbraBrief Hub,215-622-9873,contact@umbrabriefhub.io,umbrabriefhub.io,163,Denver,US,2026-06-21T05:57:12Z
2026-06-21,ERP,Golden ResourceLogic,4292152930,contact@goldenresourcelogic.io,https://www.goldenresourcelogic.io,40,Austin,US,2026-06-21T04:00:37Z
2026-06-21,HR,NovaTalentTech,+1 (755) 877-7637,contact@novatalenttech.com,novatalenttech.com,34,Chicago,US,2026-06-21T03:43:15Z
2026-06-21,ERP,CedarStock Desk,475-528-2702,contact@cedarstockdesk.com,https://cedarstockdesk.com,4202,London,UK,2026-06-21T06:34:02Z
2026-06-21,MSP Platform,BoldNet Platform,(245) 970-3683,info@boldnetplatform.com,https://www.boldnetplatform.com,57,Dublin,IE,2026-06-21T05:25:51Z
2026-06-21,ERP,KeystoneOps Flow,521-242-7085,hello@keystoneopsflow.com,https://www.keystoneopsflow.com,481,Tampa,US,2026-06-21T06:23:22Z
2026-06-21,ERP,RapidResource Logic,+15874849227,contact@rapidresourcelogic.io,https://www.rapidresourcelogic.io,90,Tampa,US,2026-06-21T06:15:25Z
2026-06-21,LEGAL ,Cedar CasePoint,3566268138,contact@cedarcasepoint.com,https://www.cedarcasepoint.com,151,Atlanta,US,2026-06-21T03:46:10Z
2026-06-21,MSP Platform,Tidal StackBase,(241) 439-7691,sales@tidalstackbase.io,https://www.tidalstackbase.io,15,Atlanta,US,2026-06-21T02:20:01Z
2026-06-21,Medical,ZephyrHealth Hub,(210) 546-2233,sales@zephyrhealthhub.com,https://zephyrhealthhub.com,30,Raleigh,US,2026-06-21T01:02:58Z
2026-06-21,MSP Platform,ArchGrid Systems,680.454.0681,contact@archgridsystems.com,https://www.archgridsystems.com,60,Tampa,US,2026-06-21T02:14:02Z
2026-06-21,LEGAL ,Blue FilingSolutions,(290) 568-3185,hello@bluefilingsolutions.co,https://www.bluefilingsolutions.co,12,Bengaluru,IN,2026-06-21T02:56:06Z
2026-06-21,ERP,IndigoPlan Base,8043114367,sales@indigoplanbase.net,https://indigoplanbase.net,412,Boston,US,2026-06-21T01:09:03Z
2026-06-21,ERP,Arch StockFlow,(613) 730-9922,contact@archstockflow.io,https://archstockflow.io,54,Amsterdam,NL,2026-06-21T03:15:19Z
2026-06-21,HR,Lumen PayrollSync,+16167523352,hello@lumenpayrollsync.com,lumenpayrollsync.com,1511,Calgary,CA,2026-06-21T01:03:07Z
2026-06-21,Medical,EmberChartWorks,657.893.6464,hello@emberchartworks.co,https://www.emberchartworks.co,210,London,UK,2026-06-21T06:54:20Z
2026-06-21,MSP Platform,PrimeMonitorCore,+1 (896) 897-5609 ext. 38,info@primemonitorcore.com,https://www.primemonitorcore.com,494,Calgary,CA,2026-06-21T04:46:36Z
2026-06-21,ERP,UmbraLedger Platform,1-636-446-1648,sales@umbraledgerplatform.com,https://umbraledgerplatform.com,14,Chicago,US,2026-06-21T02:55:58Z
2026-06-21,Medical,Anchor TriageWorks,701-421-8247,N/A,https://www.anchortriageworks.com,230,Hyderabad,IN,2026-06-21T06:37:53Z
2026-06-21,Medical,Pioneer PulseLabs,670-788-9230,contact@pioneerpulselabs.com,https://www.pioneerpulselabs.com,N/A,Amsterdam,NL,2026-06-21T04:13:53Z
2026-06-21,Medical,PolarisMedTech,+13485689360,info@polarismedtech.com,https://www.polarismedtech.com,14,Phoenix,US,2026-06-21T06:43:16Z
2026-06-21,MSP Platform,NimbusNodeSolutions,(966) 874-3416,contact@nimbusnodesolutions.com,https://www.nimbusnodesolutions.com,551,Columbus,US,2026-06-21T02:17:49Z
2026-06-21,HR,Harbor Onboard Consultants,+16949702018,info@harboronboardconsultants.com,https://www.harboronboardconsultants.com,726,Raleigh,US,2026-06-21T03:58:40Z
2026-06-21,Medical,Apex ChartSphere,1-434-682-0447,hello@apexchartsphere.com,https://www.apexchartsphere.com,7,Austin,US,2026-06-21T05:24:15Z
2026-06-21,ERP,JuniperLedger Labs,1-512-271-4549,hello@juniperledgerlabs.net,juniperledgerlabs.net,18,Sydney,AU,2026-06-21T02:51:45Z
2026-06-21,Medical,NorthPulseCore,+1 (303) 834-6214,sales@northpulsecore.com,https://www.northpulsecore.com,122,Singapore,SG,2026-06-21T04:01:47Z
2026-06-21,MSP Platform,RidgewayNode Hub,5376255317,info@ridgewaynodehub.com,https://www.ridgewaynodehub.com,11,Chicago,US,2026-06-21T03:58:03Z
2026-06-21,HR,CobaltRosterLogic,(688) 447-6461,info@cobaltrosterlogic.co,https://www.cobaltrosterlogic.co,19,Chicago,US,2026-06-21T05:16:10Z
2026-06-21,Medical,Velo VitalPlatform,(456) 736-6641,info@velovitalplatform.io,https://velovitalplatform.io,18,Columbus,US,2026-06-21T01:34:01Z
2026-06-21,MSP Platform,PioneerNodeDynamics,1-608-920-6081,info@pioneernodedynamics.net,https://www.pioneernodedynamics.net,272,Boston,US,2026-06-21T05:59:13Z
2026-06-21,MSP Platform,RidgewayNode Base,8308709176 ext. 6,contact@ridgewaynodebase.com,https://www.ridgewaynodebase.com,62,Chicago,US,2026-06-21T04:47:23Z
2026-06-21,ERP,HarborChainLabs,6923040835,hello@harborchainlabs.com,https://www.harborchainlabs.com,8,Columbus,US,2026-06-21T02:44:57Z
2026-06-21,Legal,AnchorMatterPoint,+19884863999,info@anchormatterpoint.com,https://www.anchormatterpoint.com,14,Boston,US,2026-06-21T05:04:37Z
2026-06-21,HR,Arch BenefitLabs,3558315743 ext. 47,info@archbenefitlabs.com,archbenefitlabs.com,118,Phoenix,US,2026-06-21T05:31:56Z
2026-06-21,ERP,Tidal LedgerTech,905.725.0046,contact@tidalledgertech.io,https://tidalledgertech.io,86,Atlanta,US,2026-06-21T02:17:12Z
2026-06-21,ERP,VistaStock Cloud,418-214-7788,contact@vistastockcloud.com,https://vistastockcloud.com,258,Atlanta,US,2026-06-21T05:34:24Z
2026-06-21,LEGAL ,Lumen VerdictSync,4227519940,info@lumenverdictsync.co,https://www.lumenverdictsync.co,57,Austin,US,2026-06-21T01:31:07Z
2026-06-21,LMS,ZephyrTutor Suite,822-447-1119,sales@zephyrtutorsuite.io,https://zephyrtutorsuite.io,102,Melbourne,AU,2026-06-21T02:24:14Z
2026-06-21,Medical,LumenMed Soft,+18709725751 ext. 30,hello@lumenmedsoft.com,https://www.lumenmedsoft.com,252,Phoenix,US,2026-06-21T06:15:12Z
2026-06-21,Legal,RidgeVerdictPlatform,5158532015,sales@ridgeverdictplatform.com,https://www.ridgeverdictplatform.com,17,Phoenix,US,2026-06-21T02:14:58Z
2026-06-21,ERP,SilverResource Base,(877) 770-8561,contact@silverresourcebase.co,https://www.silverresourcebase.co,248,Raleigh,US,2026-06-21T04:00:40Z
2026-06-21,LEGAL ,ClearDocket Base,(895) 941-9933,contact@cleardocketbase.io,https://www.cleardocketbase.io,756,Dublin,IE,2026-06-21T02:44:28Z
2026-06-21,MSP Platform,Blue StackSystems,(659) 456-6220,sales@bluestacksystems.com,https://www.bluestacksystems.com,89,Denver,US,2026-06-21T06:55:46Z
2026-06-21,ERP,Zephyr LedgerApp,+18475270557,sales@zephyrledgerapp.com,zephyrledgerapp.com,692,Amsterdam,NL,2026-06-21T02:35:02Z
2026-06-21,MSP Platform,Mosaic EndpointDesk,(593) 477-6984,sales@mosaicendpointdesk.com,https://www.mosaicendpointdesk.com,19,Denver,US,2026-06-21T02:42:39Z
2026-06-21,ERP,Orbit ForgeTech,+15747594748,sales@orbitforgetech.com,https://orbitforgetech.com,14,Atlanta,US,2026-06-21T03:35:53Z
2026-06-21,legal,Rapid DocketPoint,+19532082233,sales@rapiddocketpoint.co,https://rapiddocketpoint.co,58,Austin,US,2026-06-21T01:52:38Z
2026-06-21,HR,Vertex OnboardLogic,870.729.2591 ext. 85,sales@vertexonboardlogic.co,https://www.vertexonboardlogic.co,33,Phoenix,US,2026-06-21T05:10:56Z
2026-06-21,ERP,Vertex’s StockSoft,779-363-0762,hello@vertexstocksoft.net,https://www.vertexstocksoft.net,66,Seattle,US,2026-06-21T01:26:53Z
2026-06-21,Medical,VertexChart Base,713-419-5923,contact@vertexchartbase.com,https://www.vertexchartbase.com,24,Chicago,US,2026-06-21T06:13:10Z
2026-06-21,ERP,GraniteChain Base,479-632-4908,contact@granitechainbase.com,granitechainbase.com,348,Tampa,US,2026-06-21T04:31:34Z
2026-06-21,HR,RidgewayPeople Works,+16873921033,hello@ridgewaypeopleworks.net,https://www.ridgewaypeopleworks.net,46,Tampa,US,2026-06-21T05:11:53Z
2026-06-21,ERP,CobaltStockLogic,(371) 437-5838,contact@cobaltstocklogic.com,https://cobaltstocklogic.com,100,Sydney,AU,2026-06-21T02:34:39Z
2026-06-21,Medical,Atlas Med Talent Agency,9442215951 ext. 9,sales@atlasmedtalentagency.io,https://atlasmedtalentagency.io,156,Singapore,SG,2026-06-21T02:31:35Z
2026-06-21,ERP,PivotPatientCore,(677) 725-4255,sales@pivotpatientcore.com,https://www.pivotpatientcore.com,242,Columbus,US,2026-06-21T05:13:36Z
2026-06-21,Legal,NorthLaw Systems,1-783-595-1129,info@northlawsystems.com,https://northlawsystems.com,42,Lahore,PK,2026-06-21T05:51:03Z
2026-06-21,MSP Platform,BlueStackDesk,779.567.7644,sales@bluestackdesk.co,https://www.bluestackdesk.co,29,Denver,US,2026-06-21T05:39:02Z
2026-06-21,Medical,Pivot CultureDynamics,(223) 214-1898,contact@pivotculturedynamics.net,https://www.pivotculturedynamics.net,14,Austin,US,2026-06-21T01:30:27Z
2026-06-21,MSP Platform,XenonNodeTech Solutions LLC,6737812733,sales@xenonnodetech.com,https://xenonnodetech.com,,Karachi,PK,2026-06-21T05:01:17Z
2026-06-21,MSP Platform,XenonNet App,(598) 686-3583,-,https://xenonnetapp.io,16,Tampa,US,2026-06-21T06:37:57Z
2026-06-21,ERP,North ForgeHub,839-801-1342,contact@northforgehub.com,https://northforgehub.com,19,Boston,US,2026-06-21T04:55:59Z
2026-06-21,HR,RidgeOnboardSuite,606.409.0837,hello@ridgeonboardsuite.io,https://www.ridgeonboardsuite.io,315,Denver,US,2026-06-21T06:55:03Z
2026-06-21,Medical,VeloPulseDesk,654-457-7141,sales@velopulsedesk.com,https://www.velopulsedesk.com,23,Atlanta,US,2026-06-21T01:29:04Z
2026-06-21,ERP,ZenOps Sync,+17706852093,hello@zenopssync.com,https://www.zenopssync.com,50,Leeds,UK,2026-06-21T06:37:22Z
2026-06-21,MSP Platform,Lumen PatientLabs,+1 (575) 714-7330 ext. 72,sales@lumenpatientlabs.io,https://lumenpatientlabs.io,20,Leeds,UK,2026-06-21T05:19:33Z
2026-06-21,Medical,HaloPatient Labs,(722) 604-6382,info@halopatientlabs.com,https://halopatientlabs.com,N/A,Austin,US,2026-06-21T06:27:43Z
2026-06-21,Legal,SummitLawSuite,575-393-7792,hello@summitlawsuite.com,https://www.summitlawsuite.com,76,Phoenix,US,2026-06-21T04:03:59Z
2026-06-21,Medical,QuartzMed Labs,638.532.4472,contact@quartzmedlabs.co,quartzmedlabs.co,463,Leeds,UK,2026-06-21T02:20:09Z
2026-06-21,HR,CedarCulture Flow,218.800.7841,hello@cedarcultureflow.co,cedarcultureflow.co,17,Vancouver,CA,2026-06-21T01:30:11Z
2026-06-21,MSP Platform,CedarGridFlow,+1 (891) 736-9342,hello@cedargridflow.com,https://www.cedargridflow.com,19,Columbus,US,2026-06-21T03:27:05Z
2026-06-21,MSP Platform,LumenUptimeCore,+14012255721,info@lumenuptimecore.io,https://www.lumenuptimecore.io,24,Chicago,US,2026-06-21T04:59:11Z
2026-06-21,MSP Platform,BrightNode Soft,276.486.2480,contact@brightnodesoft.io,https://brightnodesoft.io,3644,Singapore,SG,2026-06-21T02:27:28Z
2026-06-21,HR,RapidPeople Cloud,1-786-363-6078,,https://www.rapidpeoplecloud.com,21,Chicago,US,2026-06-21T01:47:24Z
2026-06-21,HR,MosaicPayrollCore,222-723-1395,info@mosaicpayrollcore.com,https://mosaicpayrollcore.com,4921,null,US,2026-06-21T01:11:09Z
2026-06-21,HR,IronCulture Platform,(519) 300-1857 ext. 71,hello@ironcultureplatform.com,https://ironcultureplatform.com,811,Toronto,CA,2026-06-21T02:25:33Z
2026-06-21,LMS,XenonPathLogic,881.227.5486,info@xenonpathlogic.com,https://www.xenonpathlogic.com,15,Raleigh,US,2026-06-21T06:11:18Z
2026-06-21,ERP,SablePlan Point,553.406.9999,info@sableplanpoint.co,https://sableplanpoint.co,72,Manchester,UK,2026-06-21T04:08:24Z
2026-06-21,HR,FusionBenefit Solutions,(301) 884-9790,contact@fusionbenefitsolutions.com,https://fusionbenefitsolutions.com,7,Chicago,US,2026-06-21T01:28:27Z
2026-06-21,Medical,QuartzRxPlatform,3465668998,info@quartzrxplatform.com,https://www.quartzrxplatform.com,985,Manchester,UK,2026-06-21T04:41:14Z
2026-06-21,Legal,ZenDocket Cloud,+1 (215) 655-5353 ext. 58,N/A,https://www.zendocketcloud.com,28,Austin,US,2026-06-21T06:41:09Z
2026-06-21,ERP,Beacon ForgePlatform,675.255.1243,contact@beaconforgeplatform.co,https://www.beaconforgeplatform.co,344,Calgary,CA,2026-06-21T02:54:47Z
2026-06-21,legal,SableMatterSuite,456-889-7914,contact@sablemattersuite.net,sablemattersuite.net,2415,Austin,US,2026-06-21T06:39:49Z
2026-06-21,ERP,Umbra Chain BPO Services,(858) 985-2192,info@umbrachainbposervices.com,https://www.umbrachainbposervices.com,12,Tampa,US,2026-06-21T04:30:07Z
2026-06-21,ERP,AltaLedgerPoint,6054050260,hello@altaledgerpoint.com,https://www.altaledgerpoint.com,26,Atlanta,US,2026-06-21T06:48:18Z
2026-06-21,ERP,Juniper StockPoint Inc.,8596601608,info@juniperstockpoint.net,https://www.juniperstockpoint.net,18,Islamabad,PK,2026-06-21T02:48:05Z
2026-06-21,ERP,Juniper Order Consulting Group,+1 (868) 720-3496 ext. 26,sales@juniperorderconsultinggroup.com,https://www.juniperorderconsultinggroup.com,317,Austin,US,2026-06-21T02:19:36Z
2026-06-21,Medical,IndigoPulseSphere,1-951-689-5098,contact@indigopulsesphere.net,https://indigopulsesphere.net,6,Calgary,CA,2026-06-21T04:49:12Z
2026-06-21,Medical,CrestVital Solutions,(486) 813-7388,contact@crestvitalsolutions.io,https://www.crestvitalsolutions.io,4292,Bengaluru,IN,2026-06-21T05:31:47Z
2026-06-21,Medical,BluePulseTech,(959) 480-3666,contact@bluepulsetech.io,https://www.bluepulsetech.io,5,Manchester,UK,2026-06-21T02:09:10Z
2026-06-21,LMS,SummitMentorPoint,(329) 341-8256,hello@summitmentorpoint.com,https://www.summitmentorpoint.com,4777,Denver,US,2026-06-21T04:37:45Z
2026-06-21,Medical,SableTriageApp,451.395.1434,hello@sabletriageapp.com,https://www.sabletriageapp.com,9,Toronto,CA,2026-06-21T06:19:22Z
2026-06-21,ERP,QuartzChain Works,(853) 771-9622,hello@quartzchainworks.com,https://www.quartzchainworks.com,181,Raleigh,US,2026-06-21T02:05:47Z
2026-06-21,Legal,RidgewayCompli App,(376) 701-5786,contact@ridgewaycompliapp.net,ridgewaycompliapp.net,40,Austin,US,2026-06-21T02:10:15Z
2026-06-21,HR,PolarisPayroll Logic,918-423-4775 ext. 25,hello@polarispayrolllogic.com,https://www.polarispayrolllogic.com,17,Pune,IN,2026-06-21T03:52:39Z
2026-06-21,Medical,WillowChart Soft,4773852804,info@willowchartsoft.io,https://willowchartsoft.io,4057,Pune,IN,2026-06-21T04:32:19Z
2026-06-21,MSP Platform,QuartzNet Tech,(524) 382-6349,info@quartznettech.io,https://quartznettech.io,11,Chicago,US,2026-06-21T02:13:11Z
2026-06-21,HR,NimbusRoster Base,702-960-8345,info@nimbusrosterbase.com,https://www.nimbusrosterbase.com,2290,Karachi,PK,2026-06-21T01:51:08Z
2026-06-21,ERP,Zephyr ResourceDynamics,297-795-9337,contact@zephyrresourcedynamics.com,https://zephyrresourcedynamics.com,337,Denver,US,2026-06-21T05:26:07Z
2026-06-21,HR,Iron TalentSoft,(701) 708-8361,hello@irontalentsoft.co,https://www.irontalentsoft.co,220,Calgary,CA,2026-06-21T03:16:26Z
2026-06-21,MSP Platform,Halo StackCore,848-269-8790,contact@halostackcore.com,https://www.halostackcore.com,317,London,UK,2026-06-21T02:37:59Z
2026-06-21,MSP Platform,ZephyrUptime Sync,+17038910556,hello@zephyruptimesync.io,https://www.zephyruptimesync.io,468,Phoenix,US,2026-06-21T04:57:20Z
2026-06-21,MSP Platform,RidgeMonitor App,6943176464,info@ridgemonitorapp.com,https://www.ridgemonitorapp.com,7,Seattle,US,2026-06-21T05:58:48Z
2026-06-21,ERP,Solid ChainHub,285-379-7786,info@solidchainhub.io,https://solidchainhub.io,54,Toronto,CA,2026-06-21T05:38:05Z
2026-06-21,MSP Platform,Lattice Patch Consultants,664-735-7172,sales@latticepatchconsultants.com,https://www.latticepatchconsultants.com,36,Sydney,AU,2026-06-21T02:46:56Z
2026-06-21,Medical,Keystone TriageSoft,03828710201,sales@keystonetriagesoft.com,https://www.keystonetriagesoft.com,191,Denver,US,2026-06-21T02:24:44Z
2026-06-21,ERP,Polaris LedgerSolutions,08845397599,info@polarisledgersolutions.co,https://www.polarisledgersolutions.co,14,Chicago,US,2026-06-21T04:44:53Z
2026-06-21,legal,Juniper Brief Outsourcing,1-312-740-6239,hello@juniperbriefoutsourcing.net,https://www.juniperbriefoutsourcing.net,659,Atlanta,US,2026-06-21T03:48:03Z
2026-06-21,Medical,ArchTriageSync,7809220106,sales@archtriagesync.com,https://www.archtriagesync.com,18,Seattle,US,2026-06-21T01:19:06Z
2026-06-21,Medical,RidgeRxLabs,941-969-9719,hello@ridgerxlabs.com,https://ridgerxlabs.com,N/A,Singapore,SG,2026-06-21T03:00:34Z
2026-06-21,HR,FalconRosterSystems,651.599.3742,contact@falconrostersystems.com,https://www.falconrostersystems.com,10,Amsterdam,NL,2026-06-21T02:36:54Z
2026-06-21,MSP Platform,IronMonitorLogic,+1 (720) 960-9299,sales@ironmonitorlogic.com,https://ironmonitorlogic.com,13,Columbus,US,2026-06-21T04:50:29Z
2026-06-21,Medical,XenonHealthCloud,695-471-0467,hello@xenonhealthcloud.com,https://www.xenonhealthcloud.com,96,Boston,US,2026-06-21T03:38:51Z
2026-06-21,HR,CrestTeam Soft,6913171826,info@crestteamsoft.com,https://www.crestteamsoft.com,361,Atlanta,US,2026-06-21T05:10:18Z
2026-06-21,HR,Pioneer PayrollSolutions,+13185276062,sales@pioneerpayrollsolutions.com,https://www.pioneerpayrollsolutions.com,6,Denver,US,2026-06-21T03:12:52Z
2026-06-21,LMS,QuantumTrainSphere,695.247.1087,sales@quantumtrainsphere.com,https://www.quantumtrainsphere.com,40,Munich,DE,2026-06-21T04:24:32Z
2026-06-21,Medical,Zephyr CareCloud,930-835-3550,contact@zephyrcarecloud.co,zephyrcarecloud.co,68,Manchester,UK,2026-06-21T06:01:25Z
2026-06-21,ERP,Xenon FinDesk,+1 (664) 376-7835,hello@xenonfindesk.com,https://xenonfindesk.com,20,Lahore,PK,2026-06-21T04:06:14Z
2026-06-21,MSP Platform,IndigoStackHub,+18618300987,hello@indigostackhub.com,https://www.indigostackhub.com,80,Chicago,US,2026-06-21T03:30:15Z
2026-06-21,Medical,EmberMedApp,594.490.9021,hello@embermedapp.com,embermedapp.com,20,Melbourne,AU,2026-06-21T02:57:21Z
2026-06-21,MSP Platform,OnyxTicketSuite,1-236-862-8284,contact@onyxticketsuite.io,https://www.onyxticketsuite.io,88,Seattle,US,2026-06-21T05:07:58Z
2026-06-21,Medical,AnchorPatient Desk,554.344.4937,sales@anchorpatientdesk.com,https://anchorpatientdesk.com,N/A,Pune,IN,2026-06-21T03:43:38Z
2026-06-21,Medical,AtlasVitalCore,1-493-798-4348,contact@atlasvitalcore.net,https://atlasvitalcore.net,91,Boston,US,2026-06-21T01:39:16Z
2026-06-21,ERP,ClearLedger Tech,(757) 512-0133,contact@clearledgertech.com,https://www.clearledgertech.com,38,Phoenix,US,2026-06-21T02:32:42Z
2026-06-21,HR,Quantum PeopleWorks,226-529-8413,N/A,https://www.quantumpeopleworks.io,90,Atlanta,US,2026-06-21T02:11:39Z
2026-06-21,HR,AtlasTeamCore,+1 (506) 477-1659,info@atlasteamcore.io,atlasteamcore.io,983,Seattle,US,2026-06-21T04:31:27Z
2026-06-21,ERP,GoldenStock Cloud,1-933-458-1431 ext. 19,sales@goldenstockcloud.com,https://www.goldenstockcloud.com,22,Columbus,US,2026-06-21T04:55:25Z
2026-06-21,HR,Cobalt PeopleCore,1-206-524-1061,info@cobaltpeoplecore.io,https://cobaltpeoplecore.io,2111,Atlanta,US,2026-06-21T03:00:34Z
2026-06-21,Legal,Core CaseApp,349-921-4342,hello@corecaseapp.net,https://www.corecaseapp.net,33,Tampa,US,2026-06-21T03:03:24Z
2026-06-21,Medical,FusionVital Logic,621-236-6581,contact@fusionvitallogic.com,https://www.fusionvitallogic.com,88,Seattle,US,2026-06-21T02:25:53Z
2026-06-21,MSP Platform,GoldenGrid Base,+14395114864,contact@goldengridbase.com,goldengridbase.com,112,Vancouver,CA,2026-06-21T01:44:15Z
2026-06-21,ERP,ZephyrStock Sync,(588) 492-4206,null,https://www.zephyrstocksync.com,15,null,PK,2026-06-21T02:00:07Z
2026-06-21,LMS,Harbor Mentor Outsourcing,+1 (273) 960-7114,sales@harbormentoroutsourcing.com,https://harbormentoroutsourcing.com,54,Boston,US,2026-06-21T05:24:48Z
2026-06-21,Medical,CrestVital Core,903-563-9455,contact@crestvitalcore.co,https://www.crestvitalcore.co,40,Seattle,US,2026-06-21T04:51:02Z
2026-06-21,MSP Platform,CobaltTicketCloud,(545) 745-8607,sales@cobaltticketcloud.com,https://www.cobaltticketcloud.com,1392,Vancouver,CA,2026-06-21T04:39:59Z
2026-06-21,HR,PivotPayroll Suite,+15844334474,info@pivotpayrollsuite.com,https://pivotpayrollsuite.com,14,Columbus,US,2026-06-21T02:03:55Z
2026-06-21,Medical,Bold TriageFlow,430.987.3439,sales@boldtriageflow.net,https://www.boldtriageflow.net,29,,US,2026-06-21T06:41:38Z
2026-06-21,ERP,Quartz ForgeSync,748-914-7147,hello@quartzforgesync.com,https://www.quartzforgesync.com,413,Sydney,AU,2026-06-21T03:02:51Z
2026-06-21,ERP,NimbusFin Dynamics,914-637-8807,info@nimbusfindynamics.io,nimbusfindynamics.io,22,Hyderabad,IN,2026-06-21T03:04:56Z
2026-06-21,Medical,Ridge Triage Recruiting,(653) 293-8580,sales@ridgetriagerecruiting.io,https://www.ridgetriagerecruiting.io,18,Melbourne,AU,2026-06-21T03:13:42Z
2026-06-21,HR,MosaicRoster Cloud,385-892-4334,sales@mosaicrostercloud.com,mosaicrostercloud.com,24,Raleigh,US,2026-06-21T05:09:23Z
2026-06-21,ERP,KeystonePlanTech,3506035256,sales@keystoneplantech.com,https://www.keystoneplantech.com,41,Phoenix,US,2026-06-21T06:11:49Z
2026-06-21,Medical,Tidal MedSolutions,(936) 542-7154,sales@tidalmedsolutions.io,https://www.tidalmedsolutions.io,414,Phoenix,US,2026-06-21T01:33:11Z
2026-06-21,HR,Ridgeway RosterSolutions,385.510.3259,contact@ridgewayrostersolutions.com,https://www.ridgewayrostersolutions.com,133,Atlanta,US,2026-06-21T04:48:35Z
2026-06-21,HR,Atlas RosterSphere,(270) 673-3901,info@atlasrostersphere.net,https://atlasrostersphere.net,316,Calgary,CA,2026-06-21T06:02:10Z
2026-06-21,MSP Platform,Sable StackSystems,836-994-1575,sales@sablestacksystems.com,https://www.sablestacksystems.com,491,Columbus,US,2026-06-21T02:04:13Z
2026-06-21,ERP,CrownStockSystems,4605008061,hello@crownstocksystems.co,crownstocksystems.co,28,Seattle,US,2026-06-21T01:11:54Z
2026-06-21,ERP,VeloBatchCloud,725-571-8618,sales@velobatchcloud.com,https://velobatchcloud.com,60,Austin,US,2026-06-21T04:57:27Z
2026-06-21,MSP Platform,BeaconTicketApp,5554737169,hello@beaconticketapp.com,beaconticketapp.com,21,Boston,US,2026-06-21T01:59:42Z
2026-06-21,ERP,CrownBatch Desk,+14176408680,sales@crownbatchdesk.co,https://crownbatchdesk.co,249,Tampa,US,2026-06-21T06:18:06Z
2026-06-21,MSP Platform,Solid GridCore,+14633198506,hello@solidgridcore.net,https://solidgridcore.net,329,Columbus,US,2026-06-21T06:50:01Z
2026-06-21,MSP Platform,Ember EndpointTech,7094146127,contact@emberendpointtech.com,https://emberendpointtech.com,null,Phoenix,US,2026-06-21T04:04:59Z
2026-06-21,ERP,LatticeResourceHub,+13447979422,info@latticeresourcehub.co,https://www.latticeresourcehub.co,8,Hyderabad,IN,2026-06-21T06:10:04Z
2026-06-21,MSP Platform,Xenon Stack Consulting Group,1-728-902-0782 ext. 58,sales@xenonstackconsultinggroup.com,https://www.xenonstackconsultinggroup.com,13,Raleigh,US,2026-06-21T01:49:03Z
2026-06-21,legal,Meta FilingSphere,840-676-1965,hello@metafilingsphere.com,https://www.metafilingsphere.com,490,Chicago,US,2026-06-21T06:02:39Z
2026-06-21,ERP,Velo CaseTech,419-802-6328,info@velocasetech.co,https://velocasetech.co,77,Berlin,DE,2026-06-21T06:24:41Z
2026-06-21,MSP Platform,CrownGrid Logic,482.207.3070,hello@crowngridlogic.io,https://crowngridlogic.io,953,-,IN,2026-06-21T04:03:55Z
2026-06-21,ERP,Solid PlanSuite,(211) 280-1831,sales@solidplansuite.com,https://www.solidplansuite.com,70,Calgary,CA,2026-06-21T01:39:20Z
2026-06-21,Medical,MosaicPulseDesk,658-584-5753,info@mosaicpulsedesk.com,https://mosaicpulsedesk.com,7,Austin,US,2026-06-21T06:28:41Z
2026-06-21,ERP,NovaStock Cloud,(924) 416-0635,hello@novastockcloud.co,novastockcloud.co,22,Sydney,AU,2026-06-21T06:15:58Z
2026-06-21,ERP,Keystone ResourceTech,963-946-8530,contact@keystoneresourcetech.com,https://keystoneresourcetech.com,18,Singapore,SG,2026-06-21T05:54:01Z
2026-06-21,Medical,Quantum HealthWorks,02562344223,hello@quantumhealthworks.co,quantumhealthworks.co,38,Calgary,CA,2026-06-21T01:17:00Z
2026-06-21,Medical,NimbusCareDesk,07767967458,sales@nimbuscaredesk.com,https://nimbuscaredesk.com,46,Sydney,AU,2026-06-21T03:22:23Z
2026-06-21,MSP Platform,Rapid NodeLabs,9755017488,sales@rapidnodelabs.com,https://www.rapidnodelabs.com,23,Seattle,US,2026-06-21T02:56:53Z
2026-06-21,Medical,SableCareDesk,(773) 989-3207,hello@sablecaredesk.com,https://sablecaredesk.com,86,Munich,DE,2026-06-21T03:17:44Z
2026-06-21,MSP Platform,PioneerTicketFlow,9876151412,hello@pioneerticketflow.com,https://www.pioneerticketflow.com,21,Bengaluru,IN,2026-06-21T05:00:40Z
2026-06-21,LEGAL ,CoreVerdictCloud,497-698-1376,sales@coreverdictcloud.com,https://coreverdictcloud.com,223,Denver,US,2026-06-21T02:31:15Z
2026-06-21,Medical,CobaltTriageSystems,609-980-1350,hello@cobalttriagesystems.co,https://cobalttriagesystems.co,80,Raleigh,US,2026-06-21T05:15:41Z
2026-06-21,HR,CoreTeamApp,954-340-5059,hello@coreteamapp.co,https://coreteamapp.co,56,Raleigh,US,2026-06-21T05:42:17Z
2026-06-21,LMS,ZephyrTrain Logic,+18567815192,sales@zephyrtrainlogic.io,https://www.zephyrtrainlogic.io,43,Tampa,US,2026-06-21T05:13:12Z
2026-06-21,ERP,RidgeOrder Cloud,974-589-0900,contact@ridgeordercloud.com,https://www.ridgeordercloud.com,914,Toronto,CA,2026-06-21T03:42:24Z
2026-06-21,ERP,BeaconFin Works,1-857-524-3837,contact@beaconfinworks.co,https://www.beaconfinworks.co,31,Atlanta,US,2026-06-21T06:36:28Z
2026-06-21,HR,FalconBenefit Base,+19357891562,info@falconbenefitbase.com,https://www.falconbenefitbase.com,928,Bengaluru,IN,2026-06-21T06:32:33Z
2026-06-21,Medical,CobaltClinic Tech,+16622842355,sales@cobaltclinictech.co,https://cobaltclinictech.co,15,Denver,US,2026-06-21T06:20:18Z
2026-06-21,Medical,CedarClinicCloud,+14664672867,hello@cedarcliniccloud.com,https://www.cedarcliniccloud.com,48,N/A,US,2026-06-21T02:32:08Z
2026-06-21,Legal,True DocketApp,580.321.3332,hello@truedocketapp.com,https://www.truedocketapp.com,17,Boston,US,2026-06-21T01:43:40Z
2026-06-21,HR,Meta PayrollDynamics,362-585-9153,sales@metapayrolldynamics.co,https://www.metapayrolldynamics.co,38,Atlanta,US,2026-06-21T05:42:25Z
2026-06-21,MSP Platform,KeystoneNetTech,952-554-3562,info@keystonenettech.io,https://www.keystonenettech.io,35,Austin,US,2026-06-21T01:21:08Z
2026-06-21,Medical,NovaCare Base,+16537425935 ext. 14,hello@novacarebase.io,novacarebase.io,608,Vancouver,CA,2026-06-21T02:20:40Z
2026-06-21,LEGAL ,MosaicCaseLogic,246.920.3205,info@mosaiccaselogic.co,https://www.mosaiccaselogic.co,20,Boston,US,2026-06-21T04:38:48Z
2026-06-21,HR,SilverBenefitBase,940-640-3526,info@silverbenefitbase.com,https://www.silverbenefitbase.com,74,Raleigh,US,2026-06-21T04:22:16Z
2026-06-21,ERP,SilverStock Sphere,3843570183,contact@silverstocksphere.com,https://www.silverstocksphere.com,18,Tampa,US,2026-06-21T02:58:30Z
2026-06-21,Medical,AltaPatientTech,5219774728,contact@altapatienttech.net,https://altapatienttech.net,790,Atlanta,US,2026-06-21T02:15:31Z
2026-06-21,Medical,BoldRx Works,603-371-5548,contact@boldrxworks.com,boldrxworks.com,260,Tampa,US,2026-06-21T04:16:50Z
2026-06-21,HR,Ridgeway PayrollCore,303.444.1970,contact@ridgewaypayrollcore.io,https://ridgewaypayrollcore.io,16,Boston,US,2026-06-21T05:49:05Z
2026-06-21,legal,QuartzVerdictPoint,495-264-5627,hello@quartzverdictpoint.com,https://www.quartzverdictpoint.com,124,Munich,DE,2026-06-21T01:29:06Z
2026-06-21,Medical,BoldRxDesk,+1 (627) 680-5476,hello@boldrxdesk.com,https://boldrxdesk.com,64,Sydney,AU,2026-06-21T03:59:50Z
2026-06-21,ERP,EmberOrderSphere,(710) 440-7400,hello@emberordersphere.io,https://www.emberordersphere.io,449,Chicago,US,2026-06-21T02:58:10Z
2026-06-21,Medical,Crown ChartDesk,(430) 500-9340,hello@crownchartdesk.co,https://www.crownchartdesk.co,5,Seattle,US,2026-06-21T02:07:57Z
2026-06-21,ERP,NorthOps Flow,(914) 928-4767,info@northopsflow.co,https://www.northopsflow.co,95,Amsterdam,NL,2026-06-21T06:37:34Z
2026-06-21,LMS,NimbusLearnSystems,799.961.8801,info@nimbuslearnsystems.com,https://www.nimbuslearnsystems.com,44,Columbus,US,2026-06-21T02:34:27Z
2026-06-21,Legal,Xenon DocketDynamics,+13068887190,info@xenondocketdynamics.com,xenondocketdynamics.com,304,Chicago,US,2026-06-21T03:21:11Z
2026-06-21,Legal,DeltaClause Logic,784-680-6995,contact@deltaclauselogic.com,https://www.deltaclauselogic.com,84,London,UK,2026-06-21T01:22:50Z
2026-06-21,Medical,Mosaic ClinicPlatform,400-894-6940,hello@mosaicclinicplatform.io,https://mosaicclinicplatform.io,18,Raleigh,US,2026-06-21T06:40:29Z
2026-06-21,MSP Platform,SolidNetSphere,08548661097,contact@solidnetsphere.net,https://www.solidnetsphere.net,26,Hyderabad,IN,2026-06-21T01:32:44Z
2026-06-21,HR,ZenPeopleFlow,(291) 433-8958,sales@zenpeopleflow.com,https://www.zenpeopleflow.com,687,-,US,2026-06-21T06:49:44Z
2026-06-21,ERP,Bright ChainSoft,948-844-7739 ext. 85,contact@brightchainsoft.net,https://brightchainsoft.net,26,Denver,US,2026-06-21T02:37:06Z
2026-06-21,ERP,Raven OpsHub,9224119788,hello@ravenopshub.com,https://ravenopshub.com,139,Columbus,US,2026-06-21T06:02:07Z
2026-06-21,LMS,Raven TutorApp,561.450.4944,sales@raventutorapp.io,https://raventutorapp.io,495,Phoenix,US,2026-06-21T04:13:25Z
2026-06-21,ERP,Raven Forge Consultants,5876624240,hello@ravenforgeconsultants.io,https://www.ravenforgeconsultants.io,74,Melbourne,AU,2026-06-21T03:33:13Z
2026-06-21,HR,Nova CultureLogic,4093512118,hello@novaculturelogic.io,https://novaculturelogic.io,4935,Columbus,US,2026-06-21T01:14:02Z
2026-06-21,ERP,PivotOps Hub,362.479.7439,contact@pivotopshub.com,https://pivotopshub.com,3067,Phoenix,US,2026-06-21T02:55:31Z
2026-06-21,ERP,Sable OpsCore,231-861-5484,hello@sableopscore.com,https://www.sableopscore.com,28,Raleigh,US,2026-06-21T04:08:08Z
2026-06-21,Medical,TidalPatientSoft,+1 (393) 994-2165,info@tidalpatientsoft.com,tidalpatientsoft.com,883,Hyderabad,IN,2026-06-21T01:37:05Z
2026-06-21,HR,Atlas TeamLabs,+19457950131,info@atlasteamlabs.com,https://atlasteamlabs.com,303,London,UK,2026-06-21T05:48:38Z
2026-06-21,Legal,Juniper FilingLabs,751-885-1162,hello@juniperfilinglabs.com,https://www.juniperfilinglabs.com,97,Leeds,UK,2026-06-21T04:45:21Z
2026-06-21,HR,NovaShift Works,(476) 412-2832,sales@novashiftworks.io,https://www.novashiftworks.io,26,Calgary,CA,2026-06-21T05:03:39Z
2026-06-21,HR,NorthTalent Hub,+19824023397,info@northtalenthub.com,https://northtalenthub.com,230,Austin,US,2026-06-21T05:02:44Z
2026-06-21,Medical,BoldCare Works,1-594-523-4304,hello@boldcareworks.com,boldcareworks.com,363,Tampa,US,2026-06-21T05:27:18Z
2026-06-21,ERP,CrownChain Labs,374-789-0777,info@crownchainlabs.com,crownchainlabs.com,474,Calgary,CA,2026-06-21T05:53:19Z
2026-06-21,HR,OrbitBenefit Works,897-283-2875,info@orbitbenefitworks.co,https://orbitbenefitworks.co,70,Amsterdam,NL,2026-06-21T06:58:55Z
2026-06-21,HR,ZenTeam Base,379.933.2821 ext. 22,info@zenteambase.com,https://zenteambase.com,46,Boston,US,2026-06-21T01:00:18Z
2026-06-21,ERP,Orbit Stock BPO Services,597.989.0294,info@orbitstockbposervices.com,orbitstockbposervices.com,371,Leeds,UK,2026-06-21T02:05:56Z
2026-06-21,ERP,CoreOpsSync,+17589108807,contact@coreopssync.com,https://www.coreopssync.com,777,Austin,US,2026-06-21T06:33:12Z
2026-06-21,HR,SolidOnboardCore,6186668109,sales@solidonboardcore.com,https://www.solidonboardcore.com,13,Seattle,US,2026-06-21T01:15:12Z
2026-06-21,legal,EmberClause Logic,+1 (797) 974-1281,hello@emberclauselogic.com,emberclauselogic.com,90,Raleigh,US,2026-06-21T02:01:42Z
2026-06-21,Medical,Nova TriagePlatform,+17572052535,hello@novatriageplatform.com,https://www.novatriageplatform.com,90,Phoenix,US,2026-06-21T06:29:04Z
2026-06-21,MSP Platform,OnyxNodeCore,+16749322607,info@onyxnodecore.com,https://www.onyxnodecore.com,null,Tampa,US,2026-06-21T06:13:30Z
2026-06-21,MSP Platform,Zephyr UptimeSoft,4093648655,contact@zephyruptimesoft.net,https://zephyruptimesoft.net,55,Boston,US,2026-06-21T01:55:34Z
2026-06-21,ERP,Willow BatchTech,+1 (634) 321-6927,hello@willowbatchtech.com,https://www.willowbatchtech.com,191,Denver,US,2026-06-21T06:04:18Z
2026-06-21,Medical,EmberCareFlow,06143620016,hello@embercareflow.com,https://embercareflow.com,130,Seattle,US,2026-06-21T01:23:33Z
2026-06-21,ERP,True PlanFlow,+12448707724,hello@trueplanflow.io,https://trueplanflow.io,942,Chicago,US,2026-06-21T04:29:26Z
2026-06-21,HR,NorthPerform Core,9608174535,info@northperformcore.io,https://www.northperformcore.io,2237,Columbus,US,2026-06-21T01:08:15Z
2026-06-21,MSP Platform,Velo Stack Staffing,5118773887,contact@velostackstaffing.com,https://velostackstaffing.com,100,Tampa,US,2026-06-21T02:11:06Z
2026-06-21,MSP Platform,Nova OrderDynamics,+1 (509) 462-3087,sales@novaorderdynamics.com,https://novaorderdynamics.com,751,Toronto,CA,2026-06-21T01:15:15Z
2026-06-21,Medical,CobaltTriageApp,695.977.6010,,https://www.cobalttriageapp.com,38,Atlanta,US,2026-06-21T06:48:32Z
2026-06-21,Medical,CoreHealthDesk,1-644-689-8944,contact@corehealthdesk.com,https://www.corehealthdesk.com,928,Tampa,US,2026-06-21T05:27:39Z
2026-06-21,MSP Platform,Crest Grid Consulting Group,+18217093567,,https://www.crestgridconsultinggroup.com,42,London,UK,2026-06-21T05:01:02Z
2026-06-21,MSP Platform,LumenNode Labs,1-977-693-3161,contact@lumennodelabs.io,https://lumennodelabs.io,36,Manchester,UK,2026-06-21T03:26:20Z
2026-06-21,HR,QuantumRosterSync,7037529022 ext. 15,contact@quantumrostersync.com,https://www.quantumrostersync.com,-,Phoenix,US,2026-06-21T04:45:48Z
2026-06-21,Medical,EmberChartSync,1-981-639-1962,contact@emberchartsync.com,https://www.emberchartsync.com,41,Melbourne,AU,2026-06-21T04:50:25Z
2026-06-21,Medical,ArchVital Systems,(788) 713-4260,info@archvitalsystems.com,https://www.archvitalsystems.com,266,Vancouver,CA,2026-06-21T04:30:40Z
2026-06-21,LEGAL ,SableCounselLogic,4666548419,sales@sablecounsellogic.com,https://sablecounsellogic.com,12,Chicago,US,2026-06-21T02:36:18Z
2026-06-21,ERP,GoldenResource Point,+16934820406,info@goldenresourcepoint.net,https://www.goldenresourcepoint.net,7,Tampa,US,2026-06-21T05:34:42Z
2026-06-21,HR,Mosaic PeopleFlow,+17704925582,info@mosaicpeopleflow.com,https://www.mosaicpeopleflow.com,166,Raleigh,US,2026-06-21T06:13:13Z
2026-06-21,ERP,Polaris OrderLogic,846-852-6196,sales@polarisorderlogic.com,polarisorderlogic.com,103,Leeds,UK,2026-06-21T02:51:45Z
2026-06-21,LMS,SolidShift Base,4687802908,hello@solidshiftbase.com,https://www.solidshiftbase.com,69,Manchester,UK,2026-06-21T06:07:23Z
2026-06-21,HR,Meta RosterCloud,1-282-658-4998,info@metarostercloud.com,https://metarostercloud.com,209,Chicago,US,2026-06-21T06:52:51Z
2026-06-21,HR,HarborPeopleFlow,408-402-0340 ext. 86,info@harborpeopleflow.io,https://www.harborpeopleflow.io,134,-,US,2026-06-21T01:56:17Z
2026-06-21,ERP,QuantumLedger Solutions,8816157189,contact@quantumledgersolutions.com,https://quantumledgersolutions.com,179,Manchester,UK,2026-06-21T05:17:12Z
2026-06-21,MSP Platform,BrightEndpointPoint,+17834464695,sales@brightendpointpoint.com,https://brightendpointpoint.com,115,London,UK,2026-06-21T02:11:47Z
2026-06-21,Medical,IronVitalWorks,+1 (743) 418-0142,contact@ironvitalworks.com,https://ironvitalworks.com,477,Phoenix,US,2026-06-21T04:46:23Z
2026-06-21,Legal,CedarMatter Desk,1-617-420-0891 ext. 93,sales@cedarmatterdesk.io,https://www.cedarmatterdesk.io,25,Sydney,AU,2026-06-21T03:52:56Z
2026-06-21,Lgl,QuartzCompliApp,+1 (331) 242-4776,hello@quartzcompliapp.net,https://www.quartzcompliapp.net,91,Bengaluru,IN,2026-06-21T03:26:33Z
2026-06-21,ERP,Crown OpsBase,1-625-244-6751,info@crownopsbase.com,https://crownopsbase.com,33,Amsterdam,NL,2026-06-21T03:02:28Z
2026-06-21,Medical,Quartz CareSoft,(671) 857-1871,hello@quartzcaresoft.com,https://www.quartzcaresoft.com,20,Phoenix,US,2026-06-21T03:44:24Z
2026-06-21,LMS,Lumen QuizPlatform,(838) 859-8980,sales@lumenquizplatform.co,https://www.lumenquizplatform.co,594,Seattle,US,2026-06-21T01:48:47Z
2026-06-21,legal,GraniteCounsel Cloud,+19246429294,contact@granitecounselcloud.com,https://www.granitecounselcloud.com,10,Pune,IN,2026-06-21T06:18:45Z
2026-06-21,Medical,Bright Triage Consulting Group,1-985-953-2687,contact@brighttriageconsultinggroup.com,https://www.brighttriageconsultinggroup.com,1383,Austin,US,2026-06-21T01:54:17Z
2026-06-21,ERP,SilverResource Dynamics,+1 (835) 686-5269,info@silverresourcedynamics.com,https://silverresourcedynamics.com,N/A,Columbus,US,2026-06-21T04:39:18Z
2026-06-21,HR,OmniTeamDynamics,1-949-271-1412,contact@omniteamdynamics.net,https://omniteamdynamics.net,7,Atlanta,US,2026-06-21T01:47:34Z
2026-06-21,ERP,VistaOrder Sync,862-797-1366,contact@vistaordersync.com,https://www.vistaordersync.com,274,Manchester,UK,2026-06-21T03:34:17Z
2026-06-21,Medical,QuantumVital Solutions,(892) 997-0588,contact@quantumvitalsolutions.io,quantumvitalsolutions.io,715,Phoenix,US,2026-06-21T04:21:21Z
2026-06-21,HR,Lattice CultureHub,(610) 468-0391,contact@latticeculturehub.io,https://www.latticeculturehub.io,32,Austin,US,2026-06-21T01:15:48Z
2026-06-21,ERP,Rapid StockSystems,917-696-9906,sales@rapidstocksystems.com,https://www.rapidstocksystems.com,364,Dublin,IE,2026-06-21T03:53:13Z
2026-06-21,legal,PrimeVerdictPlatform,(874) 812-4973,hello@primeverdictplatform.com,https://www.primeverdictplatform.com,13,Raleigh,US,2026-06-21T02:54:52Z
2026-06-21,ERP,RidgeResource Cloud,594-754-2639,hello@ridgeresourcecloud.com,https://ridgeresourcecloud.com,128,Boston,US,2026-06-21T06:38:10Z
2026-06-21,Medical,PivotHealthHub’s,5739051902,sales@pivothealthhub.com,https://pivothealthhub.com,471,Atlanta,US,2026-06-21T04:02:33Z
2026-06-21,HR,UmbraRoster Sync,(630) 423-1698,contact@umbrarostersync.net,umbrarostersync.net,495,Bengaluru,IN,2026-06-21T01:11:58Z
2026-06-21,Medical,Clear RxLogic,279-453-3689,contact@clearrxlogic.net,https://clearrxlogic.net,8,Sydney,AU,2026-06-21T06:17:54Z
2026-06-21,legal,DeltaCompli Logic,273-743-2456,hello@deltacomplilogic.com,https://www.deltacomplilogic.com,617,Singapore,SG,2026-06-21T05:19:58Z
2026-06-21,Medical,Alta RxSoft,383.542.4285,info@altarxsoft.com,https://www.altarxsoft.com,65,Atlanta,US,2026-06-21T03:41:53Z
2026-06-21,ERP,Raven BatchSolutions,523-884-1255,sales@ravenbatchsolutions.co,https://www.ravenbatchsolutions.co,42,Dublin,IE,2026-06-21T01:24:29Z
2026-06-21,Medical,ApexHealth Logic,9424052965,info@apexhealthlogic.com,https://www.apexhealthlogic.com,100,Boston,US,2026-06-21T06:43:45Z
2026-06-21,MSP Platform,North NetDynamics,699-824-9531,null,https://www.northnetdynamics.co,223,Raleigh,US,2026-06-21T02:17:12Z
2026-06-21,Medical,Vista CareDesk,1-372-735-3420,contact@vistacaredesk.com,vistacaredesk.com,79,Tampa,US,2026-06-21T03:18:49Z
2026-06-21,HR,ArchBenefitApp,04535989851,sales@archbenefitapp.io,https://www.archbenefitapp.io,357,Denver,US,2026-06-21T06:37:47Z
2026-06-21,HR,ZephyrOnboardDynamics,723-814-1620,sales@zephyronboarddynamics.com,https://www.zephyronboarddynamics.com,256,Boston,US,2026-06-21T02:01:26Z
2026-06-21,MSP Platform,Bright Net Manpower Services,+12653718281 ext. 70,hello@brightnetmanpowerservices.net,https://brightnetmanpowerservices.net,14,Chicago,US,2026-06-21T05:26:08Z
2026-06-21,MSP Platform,True NetCore,670-673-0850,sales@truenetcore.com,truenetcore.com,940,Denver,US,2026-06-21T04:06:46Z
2026-06-21,MSP Platform,FalconRemoteSoft,374-680-5497,sales@falconremotesoft.com,falconremotesoft.com,4314,Tampa,US,2026-06-21T06:11:45Z
2026-06-21,HR,RavenOnboardSoft,+1 (500) 366-3272,contact@ravenonboardsoft.com,https://www.ravenonboardsoft.com,15,Tampa,US,2026-06-21T06:20:16Z
2026-06-21,Medical,PolarisVitalDesk,+18243231320,info@polarisvitaldesk.com,https://www.polarisvitaldesk.com,229,Hyderabad,IN,2026-06-21T05:28:50Z
2026-06-21,ERP,North ForgéSolutions,(306) 301-3131,sales@northforgesolutions.com,https://www.northforgesolutions.com,52,Munich,DE,2026-06-21T05:30:49Z
2026-06-21,HR,EmberPerformSuite,318.470.8117,hello@emberperformsuite.net,https://www.emberperformsuite.net,7,Raleigh,US,2026-06-21T03:58:43Z
2026-06-21,MSP Platform,VeloNodeFlow,4305773158,sales@velonodeflow.com,https://www.velonodeflow.com,448,Amsterdam,NL,2026-06-21T04:42:24Z
2026-06-21,Medical,VertexTriage Suite,670.505.5398,info@vertextriagesuite.com,https://www.vertextriagesuite.com,13,Singapore,SG,2026-06-21T05:14:32Z
2026-06-21,ERP,Bold FinTech,777-213-6033,info@boldfintech.com,https://www.boldfintech.com,368,Boston,US,2026-06-21T01:54:24Z
2026-06-21,HR,RidgeBenefitBase,452-528-4147,hello@ridgebenefitbase.com,https://www.ridgebenefitbase.com,69,Bengaluru,IN,2026-06-21T03:23:31Z
2026-06-21,Medical,Cobalt Chart BPO Services,+1 (240) 304-1627 ext. 13,null,https://www.cobaltchartbposervices.com,17,Hyderabad,IN,2026-06-21T04:31:30Z
2026-06-21,LMS,Orbit CourseLogic,783-522-7911,contact@orbitcourselogic.com,https://www.orbitcourselogic.com,18,Toronto,CA,2026-06-21T06:30:29Z
2026-06-21,ERP,CrownFinCore,(541) 367-1214,contact@crownfincore.io,https://www.crownfincore.io,14,Toronto,CA,2026-06-21T06:35:09Z
2026-06-21,Medical,LumenPatientBase,(327) 677-0881,sales@lumenpatientbase.com,https://www.lumenpatientbase.com,30,Karachi,PK,2026-06-21T01:36:30Z
2026-06-21,Medical,ZephyrCare Sync,1-204-641-7838,info@zephyrcaresync.net,zephyrcaresync.net,458,Columbus,US,2026-06-21T02:52:56Z
2026-06-21,ERP,LatticeBatchApp,839-605-0549 ext. 18,info@latticebatchapp.com,https://latticebatchapp.com,177,Chicago,US,2026-06-21T02:24:29Z
2026-06-21,LMS,VertexCourseSystems,(778) 541-4278,sales@vertexcoursesystems.io,https://www.vertexcoursesystems.io,230,Denver,US,2026-06-21T06:35:05Z
2026-06-21,Medical,CobaltChart Core,5665695363,hello@cobaltchartcore.com,https://cobaltchartcore.com,null,Singapore,SG,2026-06-21T04:02:16Z
2026-06-21,MSP Platform,Cedar GridWorks,8186941630,contact@cedargridworks.com,https://www.cedargridworks.com,167,Seattle,US,2026-06-21T05:10:29Z
2026-06-21,LMS,ClearTutor Works,715-763-8021,info@cleartutorworks.com,https://www.cleartutorworks.com,836,Hyderabad,IN,2026-06-21T03:04:50Z
2026-06-21,HR,Bright TalentCore,+1 (815) 649-2929 ext. 13,contact@brighttalentcore.co,https://www.brighttalentcore.co,275,Chicago,US,2026-06-21T06:06:41Z
2026-06-21,MSP Platform,Raven GridSphere,220-486-5092,hello@ravengridsphere.com,https://ravengridsphere.com,497,Melbourne,AU,2026-06-21T06:30:36Z
2026-06-21,MSP Platform,AnchorMonitor Flow,5785754118,info@anchormonitorflow.com,https://www.anchormonitorflow.com,520,Boston,US,2026-06-21T05:23:56Z
2026-06-21,ERP,PrimeChainPoint,1-255-946-7450 ext. 45,sales@primechainpoint.com,https://www.primechainpoint.com,50,Dublin,IE,2026-06-21T02:46:12Z
2026-06-21,LMS,RidgePathDynamics,+1 (880) 813-6805,contact@ridgepathdynamics.com,https://www.ridgepathdynamics.com,40,Hyderabad,IN,2026-06-21T04:05:49Z
2026-06-21,ERP,LatticeBatchSoft,+19738040514,hello@latticebatchsoft.com,https://www.latticebatchsoft.com,9,Berlin,DE,2026-06-21T03:51:03Z
2026-06-21,MSP Platform,FusionStackFlow,+1 (632) 207-2333,sales@fusionstackflow.co,https://www.fusionstackflow.co,963,Seattle,US,2026-06-21T06:56:23Z
2026-06-21,LEGAL ,BeaconBriefBase,564-351-8203,contact@beaconbriefbase.net,https://beaconbriefbase.net,11,Melbourne,AU,2026-06-21T02:10:55Z
2026-06-21,ERP,Delta OpsDynamics,3755036583,hello@deltaopsdynamics.com,https://www.deltaopsdynamics.com,50,Chicago,US,2026-06-21T01:54:09Z
2026-06-21,Legal,BeaconVerdict Systems,+1 (486) 905-8922,contact@beaconverdictsystems.net,beaconverdictsystems.net,30,Columbus,US,2026-06-21T03:44:46Z
2026-06-21,LMS,Arch QuizSuite,737.890.0185 ext. 84,sales@archquizsuite.com,https://archquizsuite.com,27,Tampa,US,2026-06-21T04:39:57Z
2026-06-21,ERP,FusionForge Cloud,570-930-7679,hello@fusionforgecloud.com,fusionforgecloud.com,14,Melbourne,AU,2026-06-21T05:01:54Z
2026-06-21,MSP Platform,Cobalt NodeSystems,+1 (452) 895-9948 ext. 72,info@cobaltnodesystems.io,https://www.cobaltnodesystems.io,728,Sydney,AU,2026-06-21T03:29:19Z
2026-06-21,Medical,Golden RxCore,886-710-9020,info@goldenrxcore.io,https://goldenrxcore.io,58,Toronto,CA,2026-06-21T05:45:33Z
2026-06-21,MSP Platform,Zephyr MonitorLabs,(920) 452-0841,sales@zephyrmonitorlabs.com,zephyrmonitorlabs.com,1589,Atlanta,US,2026-06-21T03:14:44Z
2026-06-21,Legal,OnyxBrief Tech,902-687-7238,sales@onyxbrieftech.io,https://www.onyxbrieftech.io,8,Seattle,US,2026-06-21T02:14:54Z
2026-06-21,HR,Summit PeopleDynamics,(740) 372-9749,hello@summitpeopledynamics.net,https://summitpeopledynamics.net,69,Columbus,US,2026-06-21T06:02:32Z
2026-06-21,Medical,Clear VitalCloud,(783) 269-4211,info@clearvitalcloud.co,clearvitalcloud.co,102,Phoenix,US,2026-06-21T04:20:30Z
2026-06-21,MSP Platform,NimbusStackDesk,+1 (255) 281-9447,contact@nimbusstackdesk.com,https://www.nimbusstackdesk.com,338,Dublin,IE,2026-06-21T01:50:10Z
2026-06-21,ERP,NimbusStock Logic,+13025644693,sales@nimbusstocklogic.com,https://www.nimbusstocklogic.com,17,Raleigh,US,2026-06-21T01:19:44Z
2026-06-21,MSP Platform,Alta UptiméCloud,(245) 218-2505,hello@altauptimecloud.com,https://www.altauptimecloud.com,17,Raleigh,US,2026-06-21T02:17:38Z
2026-06-21,LEGAL ,TrueMatter Systems,+17773132064 ext. 71,hello@truemattersystems.co,https://www.truemattersystems.co,175,Phoenix,US,2026-06-21T02:24:39Z
2026-06-21,Medical,Crest MedHub,+16814884400,hello@crestmedhub.com,https://www.crestmedhub.com,88,Calgary,CA,2026-06-21T04:35:29Z
2026-06-21,HR,BlueOnboardHub,2917261264,info@blueonboardhub.co,https://blueonboardhub.co,34,Austin,US,2026-06-21T05:33:23Z
2026-06-21,ERP,BrightPlanHub,973-672-8955,contact@brightplanhub.io,https://www.brightplanhub.io,50,Tampa,US,2026-06-21T05:41:55Z
2026-06-21,HR,GoldenPerform Suite,469-643-9463,N/A,https://www.goldenperformsuite.com,220,Atlanta,US,2026-06-21T02:28:44Z
2026-06-21,HR,RidgewayBenefitCloud,1-896-650-7728,sales@ridgewaybenefitcloud.com,https://www.ridgewaybenefitcloud.com,13,Atlanta,US,2026-06-21T03:19:45Z
2026-06-21,ERP,True ChainLabs,825-419-4341,contact@truechainlabs.com,https://www.truechainlabs.com,745,Seattle,US,2026-06-21T02:30:15Z
2026-06-21,Medical,Zephyr PulseWorks,(778) 393-1142,hello@zephyrpulseworks.com,https://www.zephyrpulseworks.com,64,Columbus,US,2026-06-21T01:49:09Z
2026-06-21,HR,Atlas TeamLogic,483-904-1967,info@atlasteamlogic.com,https://atlasteamlogic.com,26,Columbus,US,2026-06-21T04:17:42Z
2026-06-21,HR,SolidPeople Labs,+15402317813,contact@solidpeoplelabs.com,https://www.solidpeoplelabs.com,13,Raleigh,US,2026-06-21T02:39:54Z
2026-06-21,ERP,VeloForgeHub,972-559-4547,contact@veloforgehub.com,https://veloforgehub.com,40,Dublin,IE,2026-06-21T03:58:01Z
2026-06-21,HR,ArchCultureDesk,+18874811798,contact@archculturedesk.com,archculturedesk.com,485,Atlanta,US,2026-06-21T01:47:21Z
2026-06-21,ERP,Delta ForgeBase,592.621.8687,info@deltaforgebase.com,deltaforgebase.com,4346,Toronto,CA,2026-06-21T04:42:21Z
2026-06-21,ERP,Crown PulsePlatform,405.710.6470,hello@crownpulseplatform.io,https://www.crownpulseplatform.io,1185,Atlanta,US,2026-06-21T03:56:02Z
2026-06-21,HR,ZenShift’s Platform,+17239503587,info@zenshiftplatform.com,zenshiftplatform.com,221,Toronto,CA,2026-06-21T06:13:34Z
2026-06-21,Medical,VeloVitalApp,+17106468387,contact@velovitalapp.com,velovitalapp.com,414,Chicago,US,2026-06-21T01:36:14Z
2026-06-21,Medical,Nimbus VitalTech,259-310-0126,info@nimbusvitaltech.io,https://nimbusvitaltech.io,7,Columbus,US,2026-06-21T01:18:34Z
2026-06-21,ERP,RavenFin Dynamics,2526561123,info@ravenfindynamics.io,ravenfindynamics.io,198,Phoenix,US,2026-06-21T06:20:07Z
2026-06-21,Medical,Raven VitalLogic,1-700-514-3273,contact@ravenvitallogic.com,https://www.ravenvitallogic.com,494,Vancouver,CA,2026-06-21T04:27:24Z
2026-06-21,Legal,VertexBriefDesk,+14328563025 ext. 59,contact@vertexbriefdesk.com,https://www.vertexbriefdesk.com,21,Austin,US,2026-06-21T02:10:42Z
2026-06-21,Medical,OrbitRx Systems,806.836.2544,info@orbitrxsystems.com,https://www.orbitrxsystems.com,13,Tampa,US,2026-06-21T04:39:10Z
2026-06-21,HR,KeystonePerformPlatform,(476) 291-9463,hello@keystoneperformplatform.com,https://www.keystoneperformplatform.com,10,Columbus,US,2026-06-21T02:38:51Z
2026-06-21,ERP,Cobalt BatchDesk,(761) 569-0072,sales@cobaltbatchdesk.com,https://www.cobaltbatchdesk.com,5,Calgary,CA,2026-06-21T05:49:58Z
2026-06-21,Medical,Omni’s PatientTech,293.861.2526,info@omnipatienttech.co,https://omnipatienttech.co,84,Austin,US,2026-06-21T06:32:34Z
2026-06-21,LEGAL ,NorthCounselHub,04722320924,info@northcounselhub.com,https://www.northcounselhub.com,44,Singapore,SG,2026-06-21T02:54:47Z
2026-06-21,LEGAL ,VistaCounselSystems,492-286-4447,contact@vistacounselsystems.com,vistacounselsystems.com,40,Sydney,AU,2026-06-21T01:21:12Z
2026-06-21,MSP Platform,MetaNetHub,+12072213984,sales@metanethub.com,metanethub.com,189,Amsterdam,NL,2026-06-21T06:01:14Z
2026-06-21,LEGAL ,Quartz FilingSystems,362-728-5129,info@quartzfilingsystems.io,https://www.quartzfilingsystems.io,494,Munich,DE,2026-06-21T04:39:19Z
2026-06-21,ERP,FalconFin Solutions,(218) 569-0226,hello@falconfinsolutions.com,falconfinsolutions.com,16,,US,2026-06-21T05:31:40Z
2026-06-21,Legal,VertexCaseWorks,(533) 481-8790,sales@vertexcaseworks.com,https://www.vertexcaseworks.com,9,Raleigh,US,2026-06-21T02:11:05Z
2026-06-21,ERP,Meta OpsDesk,(944) 597-2516,info@metaopsdesk.io,https://www.metaopsdesk.io,51,Chicago,US,2026-06-21T01:13:38Z
2026-06-21,MSP Platform,GoldenNetSystems,2404077168,hello@goldennetsystems.com,https://www.goldennetsystems.com,92,Manchester,UK,2026-06-21T01:10:11Z
2026-06-21,MSP Platform,Mosaic UptimeCore,08829774470,sales@mosaicuptimecore.com,https://mosaicuptimecore.com,31,Boston,US,2026-06-21T06:12:36Z
2026-06-21,Lgl,Xenon CompliPoint,+18664008459,sales@xenoncomplipoint.net,https://www.xenoncomplipoint.net,433,Manchester,UK,2026-06-21T06:08:39Z
2026-06-21,HR,OrbitPerformSphere,1-849-230-3584,sales@orbitperformsphere.com,https://www.orbitperformsphere.com,10,Raleigh,US,2026-06-21T02:32:11Z
2026-06-21,ERP,SableOpsPlatform,916-658-1545 ext. 5,hello@sableopsplatform.com,https://sableopsplatform.com,182,Raleigh,US,2026-06-21T02:46:15Z
2026-06-21,ERP,GranitePlan Dynamics,(754) 376-5833,info@graniteplandynamics.com,https://www.graniteplandynamics.com,790,Melbourne,AU,2026-06-21T02:43:10Z
2026-06-21,Legal,ApexDocketSolutions,356.789.5400,sales@apexdocketsolutions.co,https://apexdocketsolutions.co,43,Chicago,US,2026-06-21T03:12:20Z
2026-06-21,LEGAL ,EmberVerdict Sync,+14954851010,null,https://www.emberverdictsync.com,,Seattle,US,2026-06-21T05:41:22Z
2026-06-21,HR,NorthPerform Platform,(962) 610-1275,hello@northperformplatform.io,https://www.northperformplatform.io,26,Vancouver,CA,2026-06-21T04:51:29Z
2026-06-21,HR,Bright Talent Consultants,+13756611609,info@brighttalentconsultants.io,https://www.brighttalentconsultants.io,37,Denver,US,2026-06-21T03:03:03Z
2026-06-21,HR,AtlasPeoplePoint,(409) 779-2557,sales@atlaspeoplepoint.com,https://www.atlaspeoplepoint.com,137,Raleigh,US,2026-06-21T06:57:21Z
2026-06-21,Medical,SummitPulseBase,675-366-9839,sales@summitpulsebase.net,https://www.summitpulsebase.net,1092,Chicago,US,2026-06-21T05:57:31Z
2026-06-21,HR,AnchorTeamCore,(558) 893-5871,sales@anchorteamcore.io,https://anchorteamcore.io,80,London,UK,2026-06-21T05:31:48Z
2026-06-21,ERP,VistaOrderSuite’s,+12976185811,contact@vistaordersuite.com,https://www.vistaordersuite.com,37,Raleigh,US,2026-06-21T06:06:32Z
2026-06-21,Medical,RidgewayMedLabs,+18977283321,contact@ridgewaymedlabs.com,https://ridgewaymedlabs.com,82,Islamabad,PK,2026-06-21T05:38:50Z
2026-06-21,MSP Platform,IndigoPatchPoint,+1 (703) 992-0281 ext. 9,info@indigopatchpoint.com,https://www.indigopatchpoint.com,4669,Denver,US,2026-06-21T05:05:42Z
2026-06-21,Legal,Pioneer LawPlatform,05045384298,info@pioneerlawplatform.com,https://www.pioneerlawplatform.com,354,Atlanta,US,2026-06-21T02:51:56Z
2026-06-21,HR,TidalShift Sphere,834-925-7377,contact@tidalshiftsphere.com,https://www.tidalshiftsphere.com,4108,Pune,IN,2026-06-21T03:20:43Z
2026-06-21,LEGAL ,Lattice DocketSoft,(800) 964-3789,contact@latticedocketsoft.com,https://latticedocketsoft.com,69,Atlanta,US,2026-06-21T05:53:01Z
2026-06-21,HR,Falcon OnboardLabs,4005770625,info@falcononboardlabs.com,https://www.falcononboardlabs.com,N/A,Melbourne,AU,2026-06-21T04:40:49Z
2026-06-21,ERP,Willow PlanCloud,+15057164446,hello@willowplancloud.com,https://www.willowplancloud.com,238,Denver,US,2026-06-21T03:29:16Z
2026-06-21,HR,Beacon Talent Recruiting,1-676-620-3068,info@beacontalentrecruiting.com,https://beacontalentrecruiting.com,758,Raleigh,US,2026-06-21T03:56:09Z
2026-06-21,ERP,Beacon OrderCloud,516-729-7478 ext. 32,contact@beaconordercloud.com,https://beaconordercloud.com,-,Tampa,US,2026-06-21T06:44:49Z
2026-06-21,Medical,CrownHealth Cloud,819.417.5314,hello@crownhealthcloud.co,https://crownhealthcloud.co,5,Austin,US,2026-06-21T02:22:53Z
2026-06-21,HR,North OnboardHub,6847556532,contact@northonboardhub.net,https://www.northonboardhub.net,31,Vancouver,CA,2026-06-21T04:27:54Z
2026-06-21,legal,Lattice BriefCloud,478-395-4368,-,https://www.latticebriefcloud.net,16,Austin,US,2026-06-21T06:13:59Z
2026-06-21,LMS,UmbraPath Base,1-461-643-4847,hello@umbrapathbase.com,https://www.umbrapathbase.com,27,Melbourne,AU,2026-06-21T06:58:25Z
2026-06-21,MSP Platform,UmbraPatch Flow,(810) 873-3592,hello@umbrapatchflow.com,https://www.umbrapatchflow.com,352,Pune,IN,2026-06-21T05:07:29Z
2026-06-21,ERP,SummitStock Systems,5835278068 ext. 51,hello@summitstocksystems.com,https://www.summitstocksystems.com,308,Leeds,UK,2026-06-21T01:27:45Z
2026-06-21,MSP Platform,Solid EndpointWorks,+15685513411,hello@solidendpointworks.com,https://solidendpointworks.com,41,Boston,US,2026-06-21T06:37:13Z
2026-06-21,ERP,SolidFinSphere,211-361-4762,info@solidfinsphere.com,https://www.solidfinsphere.com,113,Chicago,US,2026-06-21T01:15:05Z
2026-06-21,LMS,BlueTutorCore,09476437755,contact@bluetutorcore.net,https://www.bluetutorcore.net,707,Raleigh,US,2026-06-21T03:32:28Z
2026-06-21,LMS,RidgewayQuiz App,5968638215,info@ridgewayquizapp.com,https://www.ridgewayquizapp.com,28,Phoenix,US,2026-06-21T01:21:24Z
2026-06-21,Legal,Sable Docket Outsourcing,576-581-3969 ext. 74,hello@sabledocketoutsourcing.com,sabledocketoutsourcing.com,25,London,UK,2026-06-21T05:40:52Z
2026-06-21,Medical,WillowClinic Solutions,5034175619,hello@willowclinicsolutions.io,https://www.willowclinicsolutions.io,36,Boston,US,2026-06-21T05:14:20Z
2026-06-21,HR,ZenTalentPlatform,(516) 786-8493,sales@zentalentplatform.com,https://www.zentalentplatform.com,35,Atlanta,US,2026-06-21T06:41:29Z
2026-06-21,HR,CedarPayrollSolutions,4908428635,hello@cedarpayrollsolutions.com,https://cedarpayrollsolutions.com,44,Munich,DE,2026-06-21T05:45:45Z
2026-06-21,MSP Platform,BeaconNetWorks,+16437121124,hello@beaconnetworks.net,beaconnetworks.net,336,Manchester,UK,2026-06-21T01:38:20Z
2026-06-21,LEGAL ,CrestCompliFlow,(314) 782-4836,sales@crestcompliflow.co,https://www.crestcompliflow.co,176,Sydney,AU,2026-06-21T06:51:40Z
2026-06-21,Medical,True PulseApp,427-350-9651,sales@truepulseapp.com,https://www.truepulseapp.com,95,Chicago,US,2026-06-21T02:40:32Z
2026-06-21,ERP,Umbra Order Manpower Services,381-375-2756,N/A,https://www.umbraordermanpowerservices.com,18,Manchester,UK,2026-06-21T03:12:00Z
2026-06-21,Medical,Core PatientTech,802-543-4208,contact@corepatienttech.com,https://www.corepatienttech.com,15,Tampa,US,2026-06-21T03:58:37Z
2026-06-21,ERP,Halo ForgeDesk,456-564-5370,info@haloforgedesk.com,https://haloforgedesk.com,12,Manchester,UK,2026-06-21T06:41:36Z
2026-06-21,HR,BlueRoster Labs,(721) 845-1658,info@bluerosterlabs.com,https://bluerosterlabs.com,150,Denver,US,2026-06-21T02:53:39Z
2026-06-21,LMS,CobaltMentorPoint,874.717.7100,sales@cobaltmentorpoint.com,https://www.cobaltmentorpoint.com,5,Chicago,US,2026-06-21T02:05:17Z
2026-06-21,MSP Platform,ZephyrMonitor Base,964-793-3971,contact@zephyrmonitorbase.com,https://www.zephyrmonitorbase.com,50,Sydney,AU,2026-06-21T02:09:06Z
2026-06-21,HR,NorthPerform Hub,+14614814672,N/A,https://www.northperformhub.co,30,Vancouver,CA,2026-06-21T02:40:23Z
2026-06-21,HR,OnyxPeople App,04944945208,info@onyxpeopleapp.net,https://onyxpeopleapp.net,6,Columbus,US,2026-06-21T02:16:33Z
2026-06-21,LMS,Harbor CohortTech,821-204-7489,hello@harborcohorttech.com,https://www.harborcohorttech.com,25,Seattle,US,2026-06-21T01:28:18Z
2026-06-21,HR,MosaicCultureWorks,+19392289585,info@mosaiccultureworks.com,https://www.mosaiccultureworks.com,418,Denver,US,2026-06-21T01:15:54Z
2026-06-21,legal,TidalCompliDesk,7012484802,contact@tidalcomplidesk.com,https://tidalcomplidesk.com,11,Seattle,US,2026-06-21T01:11:08Z
2026-06-21,Medical,ArchRx Desk,855-450-2003,sales@archrxdesk.io,https://www.archrxdesk.io,217,Denver,US,2026-06-21T02:38:48Z
2026-06-21,HR,IronPayrollApp,+19703826641,contact@ironpayrollapp.com,https://www.ironpayrollapp.com,71,Boston,US,2026-06-21T05:39:43Z
2026-06-21,ERP,QuantumChain Solutions,405-580-0001 ext. 67,contact@quantumchainsolutions.net,https://www.quantumchainsolutions.net,64,Pune,IN,2026-06-21T05:56:18Z
2026-06-21,MSP Platform,PolarisNetHub,9159748988,contact@polarisnethub.com,https://www.polarisnethub.com,44,Calgary,CA,2026-06-21T01:06:02Z
2026-06-21,HR,Juniper TeamCore,08938289923,sales@juniperteamcore.com,https://www.juniperteamcore.com,47,Seattle,US,2026-06-21T01:29:40Z
2026-06-21,HR,Ridge TalentCore,+1 (568) 613-5832,sales@ridgetalentcore.io,https://www.ridgetalentcore.io,566,Columbus,US,2026-06-21T02:34:39Z
2026-06-21,HR,MosaicBenefitLabs,840.885.8211,info@mosaicbenefitlabs.com,https://www.mosaicbenefitlabs.com,639,Manchester,UK,2026-06-21T01:13:06Z
2026-06-21,HR,HaloBenefit Cloud,386-332-8426,info@halobenefitcloud.com,https://www.halobenefitcloud.com,78,Vancouver,CA,2026-06-21T02:36:26Z
2026-06-21,MSP Platform,MosaicGridSolutions,(258) 435-9553,contact@mosaicgridsolutions.com,https://www.mosaicgridsolutions.com,32,Leeds,UK,2026-06-21T06:55:02Z
2026-06-21,Medical,OnyxCare Hub,5016216856,contact@onyxcarehub.net,https://onyxcarehub.net,56,Manchester,UK,2026-06-21T03:02:31Z
2026-06-21,LMS,Indigo CareApp,(824) 887-3129,contact@indigocareapp.com,https://www.indigocareapp.com,35,Seattle,US,2026-06-21T06:53:08Z
2026-06-21,Medical,OmniTriage Solutions,04303389227,contact@omnitriagesolutions.com,https://omnitriagesolutions.com,24,Singapore,SG,2026-06-21T05:01:56Z
2026-06-21,HR,Alta BenefitWorks,(832) 337-7447 ext. 30,contact@altabenefitworks.com,https://altabenefitworks.com,340,Denver,US,2026-06-21T04:57:57Z
2026-06-21,MSP Platform,Summit GridApp,+13283443689,contact@summitgridapp.co,https://summitgridapp.co,8,Boston,US,2026-06-21T05:33:20Z
2026-06-21,LMS,LumenCourseSoft,1-496-960-7334,info@lumencoursesoft.com,https://www.lumencoursesoft.com,22,Leeds,UK,2026-06-21T06:40:21Z
2026-06-21,ERP,Cobalt OrderTech,+16979834008,contact@cobaltordertech.io,https://www.cobaltordertech.io,406,Atlanta,US,2026-06-21T03:22:02Z
2026-06-21,ERP,AltaBatchCloud,+13959298170,hello@altabatchcloud.io,https://altabatchcloud.io,17,Boston,US,2026-06-21T02:07:54Z
2026-06-21,Medical,Willow PulseSphere,+18668130482,hello@willowpulsesphere.co,https://www.willowpulsesphere.co,15,London,UK,2026-06-21T05:55:07Z
2026-06-21,ERP,EmberChainTech,02869099093 ext. 23,sales@emberchaintech.io,https://www.emberchaintech.io,9,Boston,US,2026-06-21T06:32:33Z
2026-06-21,legal,AltaClause Core,(874) 698-2121,contact@altaclausecore.com,https://www.altaclausecore.com,7,Berlin,DE,2026-06-21T01:20:50Z
2026-06-21,HR,Rapid Benefit Consulting Group,7338010911,hello@rapidbenefitconsultinggroup.com,https://www.rapidbenefitconsultinggroup.com,16,Phoenix,US,2026-06-21T06:49:55Z
2026-06-21,ERP,IndigoPlanLogic,5747846704,hello@indigoplanlogic.io,https://indigoplanlogic.io,573,Bengaluru,IN,2026-06-21T01:42:28Z
2026-06-21,Medical,Quartz TriageCloud,599-203-7329,sales@quartztriagecloud.io,https://quartztriagecloud.io,7,Tampa,US,2026-06-21T04:55:32Z
2026-06-21,LMS,Raven LearnLabs,5446622045 ext. 62,hello@ravenlearnlabs.io,https://www.ravenlearnlabs.io,6,Chicago,US,2026-06-21T02:54:53Z
2026-06-21,MSP Platform,MetaUptimeDesk,+13709311372,contact@metauptimedesk.net,https://metauptimedesk.net,44,Toronto,CA,2026-06-21T02:04:08Z
2026-06-21,ERP,CrestChain Core,332.522.6039,hello@crestchaincore.com,https://www.crestchaincore.com,10,Melbourne,AU,2026-06-21T06:16:38Z
2026-06-21,HR,Xenon ShiftHub,1-345-354-5498,hello@xenonshifthub.com,xenonshifthub.com,694,Boston,US,2026-06-21T06:38:30Z
2026-06-21,LEGAL ,FusionCounsel Suite,+13615114989,info@fusioncounselsuite.co,https://fusioncounselsuite.co,284,Boston,US,2026-06-21T03:42:08Z
2026-06-21,Medical,Anchor ClinicLabs,6837336680,sales@anchorcliniclabs.com,https://anchorcliniclabs.com,12,Leeds,UK,2026-06-21T03:02:10Z
2026-06-21,HR,EmberTalent Platform,1-848-659-5975,hello@embertalentplatform.io,https://embertalentplatform.io,212,Tampa,US,2026-06-21T01:07:21Z
2026-06-21,HR,ZephyrBenefitSolutions,1-856-286-3817,sales@zephyrbenefitsolutions.io,https://www.zephyrbenefitsolutions.io,13,Raleigh,US,2026-06-21T03:48:26Z
2026-06-21,HR,JuniperTalentLogic,+17942617347 ext. 29,contact@junipertalentlogic.io,https://www.junipertalentlogic.io,353,Manchester,UK,2026-06-21T03:22:49Z
2026-06-21,Medical,Mosaic ChartCore,+16866195911,info@mosaicchartcore.com,https://mosaicchartcore.com,96,Boston,US,2026-06-21T03:52:52Z
2026-06-21,HR,Prime PayrollDynamics,356-515-2002,info@primepayrolldynamics.com,https://primepayrolldynamics.com,19,Boston,US,2026-06-21T02:52:36Z
2026-06-21,ERP,FusionLedgerHub,+19849720961,info@fusionledgerhub.co,https://www.fusionledgerhub.co,318,Dublin,IE,2026-06-21T01:12:26Z
2026-06-21,Medical,Nimbus ChartDynamics,9555256639,info@nimbuschartdynamics.net,nimbuschartdynamics.net,347,Berlin,DE,2026-06-21T05:20:16Z
2026-06-21,ERP,RidgeOpsFlow,3232381876 ext. 23,info@ridgeopsflow.com,ridgeopsflow.com,95,Atlanta,US,2026-06-21T04:00:11Z
2026-06-21,Medical,RidgeHealthPlatform,7964324632,contact@ridgehealthplatform.io,https://www.ridgehealthplatform.io,9,Chicago,US,2026-06-21T05:11:57Z
2026-06-21,Legal,PolarisClauseSuite,+12748476844,hello@polarisclausesuite.net,https://www.polarisclausesuite.net,59,Austin,US,2026-06-21T04:10:50Z
2026-06-21,MSP Platform,LatticeNetApp,(740) 236-4753,info@latticenetapp.com,https://latticenetapp.com,11,Islamabad,PK,2026-06-21T02:12:39Z
2026-06-21,Medical,WillowHealth Logic,1-713-982-6029,sales@willowhealthlogic.com,https://www.willowhealthlogic.com,249,Raleigh,US,2026-06-21T05:53:43Z
2026-06-21,ERP,PioneerPlan Sync,729-351-1599,contact@pioneerplansync.co,pioneerplansync.co,170,Seattle,US,2026-06-21T03:22:35Z
2026-06-21,ERP,Apex PlanPlatform,4622040524,info@apexplanplatform.com,https://apexplanplatform.com,13,Sydney,AU,2026-06-21T02:28:27Z
2026-06-21,ERP,VertexStock Dynamics,+1 (701) 538-9985,contact@vertexstockdynamics.com,https://vertexstockdynamics.com,3353,Denver,US,2026-06-21T04:51:25Z
2026-06-21,Medical,OrbitCare Point,1-975-672-0986,sales@orbitcarepoint.co,orbitcarepoint.co,74,Karachi,PK,2026-06-21T01:37:47Z
2026-06-21,Legal,VistaFilingBase,+1 (902) 921-9466,info@vistafilingbase.com,https://www.vistafilingbase.com,318,Bengaluru,IN,2026-06-21T02:23:07Z
2026-06-21,ERP,RidgeBatchHub,322.535.7652 ext. 85,hello@ridgebatchhub.co,https://ridgebatchhub.co,8,Sydney,AU,2026-06-21T02:10:46Z
2026-06-21,Legal,PolarisCaseHub,1-807-622-3911,info@polariscasehub.co,https://www.polariscasehub.co,7,Hyderabad,IN,2026-06-21T01:08:19Z
2026-06-21,Legal,AtlasCase Hub,+15384260943,info@atlascasehub.co,https://atlascasehub.co,826,Dublin,IE,2026-06-21T04:36:46Z
2026-06-21,HR,Granite PayrollDynamics,635-396-3778,sales@granitepayrolldynamics.net,https://www.granitepayrolldynamics.net,59,Atlanta,US,2026-06-21T02:32:11Z
2026-06-21,HR,VeloCulture Desk,(886) 818-0807,info@veloculturedesk.net,https://www.veloculturedesk.net,41,London,UK,2026-06-21T03:33:26Z
2026-06-21,MSP Platform,JuniperNodeSync,+18945745252,contact@junipernodesync.com,https://www.junipernodesync.com,167,Leeds,UK,2026-06-21T06:01:53Z
2026-06-21,HR,Pioneer TalentBase,223.684.5408,hello@pioneertalentbase.co,https://www.pioneertalentbase.co,16,Tampa,US,2026-06-21T02:18:20Z
2026-06-21,ERP,SolidStockFlow,9719139568,info@solidstockflow.io,https://www.solidstockflow.io,39,Dublin,IE,2026-06-21T06:43:15Z
2026-06-21,ERP,OrbitOpsCloud,+17285715942,hello@orbitopscloud.com,https://www.orbitopscloud.com,16,Munich,DE,2026-06-21T03:27:47Z
2026-06-21,ERP,CedarFin Works,564-930-5403,info@cedarfinworks.com,https://www.cedarfinworks.com,114,Dublin,IE,2026-06-21T03:47:42Z
2026-06-21,Legal,Indigo FilingFlow,939.738.3961,hello@indigofilingflow.net,https://www.indigofilingflow.net,29,Tampa,US,2026-06-21T04:36:30Z
2026-06-21,HR,OrbitOnboardSync,8778591902,info@orbitonboardsync.com,https://orbitonboardsync.com,56,Columbus,US,2026-06-21T05:54:31Z
2026-06-21,Medical,SolidPulse Sync,646-650-3910,N/A,https://www.solidpulsesync.com,13,Vancouver,CA,2026-06-21T06:08:02Z
2026-06-21,ERP,BlueChain Labs,833-271-1505,sales@bluechainlabs.com,https://www.bluechainlabs.com,-,Calgary,CA,2026-06-21T02:30:42Z
2026-06-21,HR,ZephyrBenefitApp,4639418773,hello@zephyrbenefitapp.com,https://www.zephyrbenefitapp.com,19,Calgary,CA,2026-06-21T03:25:02Z
2026-06-21,legal,BoldClause Cloud,355.844.0595,sales@boldclausecloud.com,https://boldclausecloud.com,433,N/A,AU,2026-06-21T01:51:23Z
2026-06-21,Medical,Indigo CareApp,8248873129 ext. 16,contact@indigocareapp.com,https://indigocareapp.com,35,Seattle,US,2026-06-21T03:43:17Z
2026-06-21,MSP Platform,Halo NodePlatform,+16074534089,sales@halonodeplatform.co,https://www.halonodeplatform.co,12,Austin,US,2026-06-21T05:22:20Z
2026-06-21,LMS,AnchorMentorApp,8053284016,hello@anchormentorapp.com,https://www.anchormentorapp.com,93,Boston,US,2026-06-21T02:52:23Z
2026-06-21,ERP,CobaltRoster Logic,(785) 239-3047,contact@cobaltrosterlogic.com,cobaltrosterlogic.com,27,Amsterdam,NL,2026-06-21T02:53:26Z
2026-06-21,Legal,MetaCompliSync’s,(884) 316-7164,info@metacomplisync.io,https://www.metacomplisync.io,128,Pune,IN,2026-06-21T03:42:50Z
2026-06-21,HR,Polaris PayrollDesk,+12536481792,info@polarispayrolldesk.com,polarispayrolldesk.com,482,Atlanta,US,2026-06-21T05:15:52Z
2026-06-21,Lgl,Quartz ClauseWorks,+13407083808,hello@quartzclauseworks.io,quartzclauseworks.io,5,Denver,US,2026-06-21T04:00:55Z
2026-06-21,MSP Platform,PivotMonitorPoint,844.934.7720,info@pivotmonitorpoint.com,https://www.pivotmonitorpoint.com,7,Denver,US,2026-06-21T01:42:01Z
2026-06-21,Legal,TidalLawLabs,(864) 852-7874,N/A,https://www.tidallawlabs.com,91,Hyderabad,IN,2026-06-21T06:07:27Z
2026-06-21,HR,PolarisPeople Tech,(732) 281-4695,sales@polarispeopletech.com,https://www.polarispeopletech.com,17,Amsterdam,NL,2026-06-21T01:42:21Z
2026-06-21,Medical,Cedar PatientSync,305-619-0216,contact@cedarpatientsync.co,https://www.cedarpatientsync.co,25,Dublin,IE,2026-06-21T05:28:41Z
2026-06-21,HR,PrimePerformSolutions,1-539-876-0569,hello@primeperformsolutions.co,https://primeperformsolutions.co,32,Denver,US,2026-06-21T05:39:21Z
2026-06-21,MSP Platform,NovaTicketHub,(444) 509-2719,hello@novatickethub.com,https://www.novatickethub.com,21,Leeds,UK,2026-06-21T01:06:06Z
2026-06-21,HR,GranitéTeam Point,1-778-723-4780,contact@graniteteampoint.com,https://www.graniteteampoint.com,37,Dublin,IE,2026-06-21T04:34:55Z
2026-06-21,ERP,RavenForge Point,628.584.8869,hello@ravenforgepoint.com,https://www.ravenforgepoint.com,194,Phoenix,US,2026-06-21T05:35:15Z
2026-06-21,HR,Ember PeopleSystems,(703) 883-3441 ext. 40,sales@emberpeoplesystems.com,https://www.emberpeoplesystems.com,-,Tampa,US,2026-06-21T02:56:03Z
2026-06-21,ERP,Falcon OrderBase,+1 (848) 716-7738,contact@falconorderbase.io,https://www.falconorderbase.io,17,Dublin,IE,2026-06-21T03:53:50Z
2026-06-21,ERP,ZenPlanApp,436.609.8295,N/A,https://zenplanapp.com,471,Columbus,US,2026-06-21T05:16:20Z
2026-06-21,HR,Delta RosterWorks,(382) 862-7141,hello@deltarosterworks.com,https://www.deltarosterworks.com,119,Denver,US,2026-06-21T05:12:47Z
2026-06-21,ERP,OnyxLedger Base,6584528772,sales@onyxledgerbase.com,onyxledgerbase.com,35,Pune,IN,2026-06-21T02:56:49Z
2026-06-21,HR,Ridgeway PayrollFlow,677-705-5628,contact@ridgewaypayrollflow.co,https://ridgewaypayrollflow.co,107,Chicago,US,2026-06-21T04:59:08Z
2026-06-21,HR,Harbor BenefitFlow,1-979-298-3954,contact@harborbenefitflow.com,harborbenefitflow.com,45,Phoenix,US,2026-06-21T01:29:04Z
2026-06-21,MSP Platform,KeystoneGridTech,(209) 889-9196 ext. 13,hello@keystonegridtech.com,keystonegridtech.com,11,Chicago,US,2026-06-21T05:26:05Z
2026-06-21,HR,Quartz PerformCore,(433) 718-1580,info@quartzperformcore.com,https://quartzperformcore.com,11,Chicago,US,2026-06-21T03:22:49Z
2026-06-21,Medical,Ridge PatientLogic,355.831.0205,sales@ridgepatientlogic.io,ridgepatientlogic.io,16,Raleigh,US,2026-06-21T03:23:13Z
2026-06-21,ERP,MosaicForgeFlow,373-894-9821,info@mosaicforgeflow.co,https://www.mosaicforgeflow.co,75,Atlanta,US,2026-06-21T01:33:13Z
2026-06-21,MSP Platform,NimbusUptime Dynamics,8789976462,sales@nimbusuptimedynamics.net,https://www.nimbusuptimedynamics.net,4871,Dublin,IE,2026-06-21T01:00:17Z
2026-06-21,HR,TruePayroll Works,296.833.5431,hello@truepayrollworks.com,https://www.truepayrollworks.com,4761,Tampa,US,2026-06-21T02:20:39Z
2026-06-21,ERP,BoldChainTech,(207) 875-8003,info@boldchaintech.com,https://www.boldchaintech.com,130,Denver,US,2026-06-21T01:34:21Z
2026-06-21,MSP Platform,DeltaGrid Hub,+15626727239,N/A,https://www.deltagridhub.com,36,Tampa,US,2026-06-21T05:24:09Z
2026-06-21,HR,Arch Roster Consultants,8786075273,contact@archrosterconsultants.io,https://www.archrosterconsultants.io,25,Lahore,PK,2026-06-21T01:07:51Z
2026-06-21,MSP Platform,Nova PatchTech,(872) 658-3004,info@novapatchtech.io,https://novapatchtech.io,651,Phoenix,US,2026-06-21T05:03:29Z
2026-06-21,HR,SolidTeamPlatform,289.682.4569,info@solidteamplatform.com,https://www.solidteamplatform.com,36,Phoenix,US,2026-06-21T02:02:11Z
2026-06-21,Lgl,PivotClause Point,3182281347,sales@pivotclausepoint.com,pivotclausepoint.com,508,Austin,US,2026-06-21T03:30:49Z
2026-06-21,Legal,SableCounselPlatform,6654194760,contact@sablecounselplatform.com,https://www.sablecounselplatform.com,117,Denver,US,2026-06-21T03:00:33Z
2026-06-21,MSP Platform,Omni MonitorHub,(684) 229-7350,contact@omnimonitorhub.com,https://www.omnimonitorhub.com,456,Vancouver,CA,2026-06-21T04:47:54Z
2026-06-21,Medical,KeystoneChartSolutions,(741) 694-9631,sales@keystonechartsolutions.com,https://www.keystonechartsolutions.com,46,Amsterdam,NL,2026-06-21T05:55:15Z
2026-06-21,MSP Platform,QuartzGridHub,5264236467,sales@quartzgridhub.com,quartzgridhub.com,49,Berlin,DE,2026-06-21T03:43:09Z
2026-06-21,LEGAL ,Arch ClauseTech,+18638857952,info@archclausetech.com,https://archclausetech.com,17,Manchester,UK,2026-06-21T03:04:24Z
2026-06-21,ERP,SableBatchSolutions,1-830-401-5079,hello@sablebatchsolutions.com,https://www.sablebatchsolutions.com,85,Atlanta,US,2026-06-21T06:38:45Z
2026-06-21,HR,AnchorTalentSphere,(372) 322-2267,info@anchortalentsphere.com,anchortalentsphere.com,254,Lahore,PK,2026-06-21T03:21:35Z
2026-06-21,Medical,CobaltHealth Systems,843-202-9053,contact@cobalthealthsystems.com,https://cobalthealthsystems.com,185,Phoenix,US,2026-06-21T01:36:17Z
2026-06-21,Medical,AtlasCare Sync,1-511-820-8828,contact@atlascaresync.com,https://www.atlascaresync.com,12,Columbus,US,2026-06-21T01:41:33Z
2026-06-21,HR,JuniperPerform Sphere,585-573-9383,contact@juniperperformsphere.com,https://www.juniperperformsphere.com,1648,Boston,US,2026-06-21T04:42:31Z
2026-06-21,HR,RavenPerform Platform,6995801189,sales@ravenperformplatform.com,https://www.ravenperformplatform.com,9,Austin,US,2026-06-21T04:20:22Z
2026-06-21,HR,True TalentSphere,(660) 835-5573,hello@truetalentsphere.co,https://www.truetalentsphere.co,17,,US,2026-06-21T03:23:16Z
2026-06-21,HR,ZephyrShiftLabs,(395) 590-1285,sales@zephyrshiftlabs.co,zephyrshiftlabs.co,22,Melbourne,AU,2026-06-21T03:48:23Z
2026-06-21,Medical,CoreClinic Sphere,(323) 537-2781,sales@coreclinicsphere.com,https://coreclinicsphere.com,25,Seattle,US,2026-06-21T06:34:37Z
2026-06-21,Lgl,Umbra ClauseLogic,9527078515,hello@umbraclauselogic.com,https://www.umbraclauselogic.com,438,Toronto,CA,2026-06-21T03:12:14Z
2026-06-21,MSP Platform,Anchor StackSync,500.281.9738,hello@anchorstacksync.com,anchorstacksync.com,47,Vancouver,CA,2026-06-21T03:24:16Z
2026-06-21,ERP,Bold OpsLabs,1-290-542-8811,sales@boldopslabs.com,https://boldopslabs.com,115,Columbus,US,2026-06-21T03:44:59Z
2026-06-21,HR,SilverTalentSync,426-850-4789,hello@silvertalentsync.com,https://www.silvertalentsync.com,913,Sydney,AU,2026-06-21T01:57:35Z
2026-06-21,Medical,GraniteRxSolutions,+12908948507 ext. 11,hello@graniterxsolutions.com,https://graniterxsolutions.com,8,Seattle,US,2026-06-21T02:38:16Z
2026-06-21,Medical,North TriagePoint,(748) 424-5707 ext. 10,hello@northtriagepoint.com,https://www.northtriagepoint.com,19,Boston,US,2026-06-21T04:37:25Z
2026-06-21,ERP,SilverForge Sync,+1 (346) 657-9618,contact@silverforgesync.io,https://silverforgesync.io,null,Austin,US,2026-06-21T05:40:44Z
2026-06-21,ERP,FusionStock Dynamics,6754203937,hello@fusionstockdynamics.com,fusionstockdynamics.com,4096,Chicago,US,2026-06-21T03:57:34Z
2026-06-21,Medical,IndigoChart’s App,9604723445,sales@indigochartapp.com,https://www.indigochartapp.com,207,Sydney,AU,2026-06-21T04:17:04Z
2026-06-21,HR,PrimeTalentSync,225-745-6047,contact@primetalentsync.com,https://www.primetalentsync.com,30,Toronto,CA,2026-06-21T02:41:18Z
2026-06-21,ERP,AnchorFin Solutions,961-674-1981,sales@anchorfinsolutions.com,https://www.anchorfinsolutions.com,105,Tampa,US,2026-06-21T06:36:44Z
2026-06-21,Medical,North CareBase,1-799-662-3344,contact@northcarebase.co,https://www.northcarebase.co,4874,Columbus,US,2026-06-21T06:06:34Z
2026-06-21,HR,TrueTalentLogic,(378) 660-2451,info@truetalentlogic.com,truetalentlogic.com,12,Amsterdam,NL,2026-06-21T06:49:13Z
2026-06-21,Legal,BrightFilingFlow,+1 (313) 209-3054,-,https://www.brightfilingflow.io,22,Columbus,US,2026-06-21T04:23:54Z
2026-06-21,HR,LumenPayroll Solutions,1-696-919-5815,contact@lumenpayrollsolutions.io,https://www.lumenpayrollsolutions.io,201,Manchester,UK,2026-06-21T01:00:58Z
2026-06-21,ERP,Velo Ledger BPO Services,+12549150187,contact@veloledgerbposervices.com,https://www.veloledgerbposervices.com,521,Seattle,US,2026-06-21T05:42:41Z
2026-06-21,ERP,MosaicForge Solutions,(477) 412-6967,hello@mosaicforgesolutions.com,https://www.mosaicforgesolutions.com,40,Manchester,UK,2026-06-21T05:32:46Z
2026-06-21,ERP,NorthResourceSuite,564.558.3191,sales@northresourcesuite.com,https://www.northresourcesuite.com,829,Atlanta,US,2026-06-21T06:01:50Z
2026-06-21,Medical,MosaicChartWorks,4889931031,contact@mosaicchartworks.com,https://mosaicchartworks.com,13,Seattle,US,2026-06-21T03:36:05Z
2026-06-21,LMS,PrimeQuiz Platform,(867) 263-1615,sales@primequizplatform.io,https://primequizplatform.io,13,Columbus,US,2026-06-21T01:26:00Z
2026-06-21,Medical,Prime CareApp,790-406-4558,contact@primecareapp.co,https://www.primecareapp.co,87,Berlin,DE,2026-06-21T03:07:50Z
2026-06-21,ERP,Alta BatchLogic,896-322-6006,info@altabatchlogic.com,https://www.altabatchlogic.com,197,Atlanta,US,2026-06-21T02:28:24Z
2026-06-21,HR,Omni PerformBase,+1 (758) 326-7773,sales@omniperformbase.io,https://www.omniperformbase.io,45,Chicago,US,2026-06-21T01:39:38Z
2026-06-21,LEGAL ,Ridgeway MatterSolutions,+1 (973) 465-2840,hello@ridgewaymattersolutions.net,https://www.ridgewaymattersolutions.net,34,Dublin,IE,2026-06-21T03:44:32Z
2026-06-21,Legal,Blue MatterApp,+15173984482,contact@bluematterapp.co,https://www.bluematterapp.co,171,Raleigh,US,2026-06-21T02:50:44Z
2026-06-21,LMS,VertexMentor Desk,+15852641081,info@vertexmentordesk.io,https://www.vertexmentordesk.io,21,Tampa,US,2026-06-21T05:43:31Z
2026-06-21,MSP Platform,AnchorRemoteCloud,+1 (775) 513-1675,sales@anchorremotecloud.com,https://www.anchorremotecloud.com,197,Islamabad,PK,2026-06-21T01:23:05Z
2026-06-21,ERP,OmniBatchCloud,(726) 315-2173,contact@omnibatchcloud.net,omnibatchcloud.net,466,Dublin,IE,2026-06-21T05:37:33Z
2026-06-21,LMS,Cedar PathLabs,+14017470545,contact@cedarpathlabs.co,https://www.cedarpathlabs.co,405,Toronto,CA,2026-06-21T02:29:02Z
2026-06-21,Legal,AtlasCompli Flow,1-361-722-5217,contact@atlascompliflow.net,https://www.atlascompliflow.net,17,Raleigh,US,2026-06-21T03:10:06Z
2026-06-21,MSP Platform,ClearStackLabs,+12972328962 ext. 29,hello@clearstacklabs.com,https://www.clearstacklabs.com,24,Sydney,AU,2026-06-21T05:18:20Z
2026-06-21,ERP,UmbraPlan Works,(562) 683-2714,contact@umbraplanworks.com,https://www.umbraplanworks.com,1684,Phoenix,US,2026-06-21T05:20:18Z
2026-06-21,Legal,Onyx MatterFlow,+18993499227,contact@onyxmatterflow.com,https://www.onyxmatterflow.com,50,Denver,US,2026-06-21T02:29:38Z
2026-06-21,LEGAL ,ArchClauseSuite,(725) 662-7212,,https://www.archclausesuite.com,945,Columbus,US,2026-06-21T02:38:53Z
2026-06-21,Medical,PrimeChart Systems,+18346344829,sales@primechartsystems.com,https://www.primechartsystems.com,758,Karachi,PK,2026-06-21T03:25:41Z
2026-06-21,HR,ApexRoster Flow,+1 (334) 861-4276,sales@apexrosterflow.net,https://www.apexrosterflow.net,N/A,Phoenix,US,2026-06-21T02:41:16Z
2026-06-21,HR,Vista RosterWorks,+16234319193 ext. 92,info@vistarosterworks.net,vistarosterworks.net,65,Pune,IN,2026-06-21T04:04:03Z
2026-06-21,MSP Platform,PolarisPatchLabs,304-453-9499,hello@polarispatchlabs.com,polarispatchlabs.com,305,Leeds,UK,2026-06-21T05:24:59Z
2026-06-21,Legal,BoldClauseLogic,1-440-614-4333,info@boldclauselogic.com,https://www.boldclauselogic.com,469,Atlanta,US,2026-06-21T06:01:57Z
2026-06-21,Medical,CoreClinicLabs,309.337.8877,hello@corecliniclabs.com,https://corecliniclabs.com,24,Raleigh,US,2026-06-21T01:45:04Z
2026-06-21,ERP,VertexChainWorks,1-602-866-9798,info@vertexchainworks.com,https://www.vertexchainworks.com,302,Chicago,US,2026-06-21T02:33:47Z
2026-06-21,ERP,Sable LedgerHub,5035763813,sales@sableledgerhub.com,https://sableledgerhub.com,224,Phoenix,US,2026-06-21T06:43:26Z
2026-06-21,ERP,PrimeChainFlow,434-997-9873 ext. 88,info@primechainflow.com,https://primechainflow.com,297,Boston,US,2026-06-21T04:29:12Z
2026-06-21,Legal,Meta MatterSolutions,+17162875587,sales@metamattersolutions.com,https://www.metamattersolutions.com,862,Leeds,UK,2026-06-21T01:17:47Z
2026-06-21,MSP Platform,BeaconGrid Sync,+13957113205,info@beacongridsync.io,https://www.beacongridsync.io,150,Islamabad,PK,2026-06-21T04:09:57Z
2026-06-21,Medical,Anchor TriagePlatform,(624) 624-4152,sales@anchortriageplatform.com,anchortriageplatform.com,850,Austin,US,2026-06-21T03:19:46Z
2026-06-21,Medical,LumenCareSphere,+19687809459,contact@lumencaresphere.com,https://www.lumencaresphere.com,21,Austin,US,2026-06-21T06:36:46Z
2026-06-21,LEGAL ,WillowCompliDynamics,(255) 771-5021,info@willowcomplidynamics.com,https://www.willowcomplidynamics.com,359,Denver,US,2026-06-21T03:14:47Z
2026-06-21,LMS,Bright PathFlow,864-900-5122,sales@brightpathflow.com,https://www.brightpathflow.com,359,Chicago,US,2026-06-21T03:35:05Z
2026-06-21,HR,GoldenTalentTech,1-524-774-0082,sales@goldentalenttech.com,https://www.goldentalenttech.com,19,Seattle,US,2026-06-21T01:40:36Z
2026-06-21,ERP,VistaFin Works,8783645471,sales@vistafinworks.io,https://www.vistafinworks.io,127,Tampa,US,2026-06-21T02:09:52Z
2026-06-21,LMS,Sablé LessonBase,920.783.4238,contact@sablelessonbase.com,https://www.sablelessonbase.com,16,Melbourne,AU,2026-06-21T03:08:53Z
2026-06-21,ERP,JuniperForgePlatform,671-932-4862,info@juniperforgeplatform.com,https://www.juniperforgeplatform.com,N/A,Tampa,US,2026-06-21T05:37:59Z
2026-06-21,Legal,XenonBriefFlow,(807) 823-0343,contact@xenonbriefflow.com,https://xenonbriefflow.com,2235,Amsterdam,NL,2026-06-21T04:33:35Z
2026-06-21,ERP,WillowForgeSphere,680-940-5353,contact@willowforgesphere.com,https://willowforgesphere.com,61,Raleigh,US,2026-06-21T05:56:10Z
2026-06-21,MSP Platform,FalconEndpointSync,+19119324762,info@falconendpointsync.net,https://falconendpointsync.net,12,Boston,US,2026-06-21T02:14:47Z
2026-06-21,HR,Nova RosterLabs,(258) 799-8348,info@novarosterlabs.com,https://novarosterlabs.com,18,Denver,US,2026-06-21T01:58:19Z
2026-06-21,LMS,SummitLearnBase,358-341-6499,contact@summitlearnbase.co,summitlearnbase.co,778,Atlanta,US,2026-06-21T04:06:40Z
2026-06-21,ERP,CrownPlanPlatform,615-795-1708,hello@crownplanplatform.io,crownplanplatform.io,33,Austin,US,2026-06-21T02:46:40Z
2026-06-21,ERP,SableStockSoft,738-983-5966,sales@sablestocksoft.io,https://www.sablestocksoft.io,13,Raleigh,US,2026-06-21T01:47:59Z
2026-06-21,HR,GraniteBenefitBase,5847874217,info@granitebenefitbase.com,https://www.granitebenefitbase.com,855,Toronto,CA,2026-06-21T05:47:35Z
2026-06-21,Medical,IndigoChartBase,890.304.7112,hello@indigochartbase.com,https://www.indigochartbase.com,591,Boston,US,2026-06-21T03:39:19Z
2026-06-21,ERP,OmniOrderSolutions,4723593626,info@omniordersolutions.com,https://www.omniordersolutions.com,453,Atlanta,US,2026-06-21T05:16:37Z
2026-06-21,ERP,TrueOrder Platform,(956) 903-8491,contact@trueorderplatform.io,https://www.trueorderplatform.io,10,Phoenix,US,2026-06-21T03:06:08Z
2026-06-21,HR,Rapid TalentWorks,2972801000,info@rapidtalentworks.net,https://www.rapidtalentworks.net,497,N/A,UK,2026-06-21T05:15:09Z
2026-06-21,HR,Clear RosterFlow,8082113979,info@clearrosterflow.io,https://www.clearrosterflow.io,504,Bengaluru,IN,2026-06-21T01:03:26Z
2026-06-21,Legal,AtlasCaseSync,1-244-749-3996,info@atlascasesync.com,https://atlascasesync.com,374,Dublin,IE,2026-06-21T01:36:24Z
2026-06-21,HR,Lumen TalentLogic,(602) 927-6665,info@lumentalentlogic.io,https://www.lumentalentlogic.io,32,Columbus,US,2026-06-21T02:19:53Z
2026-06-21,HR,Quantum CultureTech,(944) 659-9771 ext. 46,sales@quantumculturetech.com,https://www.quantumculturetech.com,43,Bengaluru,IN,2026-06-21T01:43:54Z
2026-06-21,Medical,Ridge ClinicSync,09614520557,contact@ridgeclinicsync.net,https://www.ridgeclinicsync.net,3241,Bengaluru,IN,2026-06-21T03:53:44Z
2026-06-21,Legal,Orbit LawSuite,3029174044,info@orbitlawsuite.io,https://orbitlawsuite.io,20,Sydney,AU,2026-06-21T01:53:42Z
2026-06-21,LEGAL ,OrbitMatter Desk,665-559-9740,hello@orbitmatterdesk.com,https://www.orbitmatterdesk.com,4582,Melbourne,AU,2026-06-21T04:47:58Z
2026-06-21,ERP,FusionChain Works,(610) 712-0556 ext. 90,hello@fusionchainworks.io,https://fusionchainworks.io,205,Chicago,US,2026-06-21T04:32:27Z
2026-06-21,HR,JuniperPayrollSoft,+1 (853) 434-7134,info@juniperpayrollsoft.com,juniperpayrollsoft.com,726,Columbus,US,2026-06-21T06:30:32Z
2026-06-21,MSP Platform,LatticePatchWorks,(652) 479-9662,info@latticepatchworks.com,latticepatchworks.com,28,Tampa,US,2026-06-21T02:51:00Z
2026-06-21,ERP,PioneerStock Labs,(755) 280-7390,info@pioneerstocklabs.io,pioneerstocklabs.io,N/A,Calgary,CA,2026-06-21T01:23:51Z
2026-06-21,Medical,FusionChart Suite,1-527-929-8749,info@fusionchartsuite.co,https://www.fusionchartsuite.co,931,Dublin,IE,2026-06-21T04:11:12Z
2026-06-21,ERP,NimbusRemoteCore,918-844-9083,info@nimbusremotecore.com,https://www.nimbusremotecore.com,482,Seattle,US,2026-06-21T05:58:59Z
2026-06-21,HR,Golden TalentLabs,572.738.6067,info@goldentalentlabs.com,https://www.goldentalentlabs.com,63,London,UK,2026-06-21T05:34:28Z
2026-06-21,Legal,Umbra MatterSolutions,519.926.6486,info@umbramattersolutions.com,https://umbramattersolutions.com,9,Singapore,SG,2026-06-21T01:06:39Z
2026-06-21,ERP,Cedar LedgerSuite,+19567282173 ext. 63,contact@cedarledgersuite.io,https://www.cedarledgersuite.io,3341,Toronto,CA,2026-06-21T01:15:58Z
2026-06-21,HR,BeaconRosterSystems,02027806084,-,beaconrostersystems.com,203,Columbus,US,2026-06-21T06:23:59Z
2026-06-21,HR,CobaltPayroll Suite,3082346120,sales@cobaltpayrollsuite.com,https://www.cobaltpayrollsuite.com,179,Raleigh,US,2026-06-21T01:08:40Z
2026-06-21,HR,Falcon ShiftPoint,(849) 364-8977,contact@falconshiftpoint.net,https://www.falconshiftpoint.net,N/A,Pune,IN,2026-06-21T06:46:09Z
2026-06-21,MSP Platform,ArchStackHub,268.495.1584,info@archstackhub.com,https://www.archstackhub.com,241,Boston,US,2026-06-21T06:33:54Z
2026-06-21,LMS,UmbraTrainSuite,1-885-280-7035,info@umbratrainsuite.com,https://www.umbratrainsuite.com,479,Austin,US,2026-06-21T04:21:18Z
2026-06-21,ERP,Atlas ResourceHub,971.218.2451,contact@atlasresourcehub.com,atlasresourcehub.com,248,Phoenix,US,2026-06-21T03:42:58Z
2026-06-21,ERP,Xenon Ledger Consultants,+18237668376,sales@xenonledgerconsultants.io,https://xenonledgerconsultants.io,18,Calgary,CA,2026-06-21T05:21:53Z
2026-06-21,ERP,AtlasResourceSync,309-238-4014,sales@atlasresourcesync.co,https://atlasresourcesync.co,N/A,Phoenix,US,2026-06-21T06:44:41Z
2026-06-21,Medical,Bright PatientHub,590.216.5431,sales@brightpatienthub.com,https://www.brightpatienthub.com,97,Sydney,AU,2026-06-21T03:28:01Z
2026-06-21,HR,WillowTalent Desk,3648620967,info@willowtalentdesk.com,https://www.willowtalentdesk.com,12,Atlanta,US,2026-06-21T04:12:15Z
2026-06-21,Medical,Rapid ChartPoint,1-400-707-9260,contact@rapidchartpoint.com,https://www.rapidchartpoint.com,22,Phoenix,US,2026-06-21T02:00:51Z
2026-06-21,Medical,PrimePatientSolutions,1-679-840-6632,info@primepatientsolutions.co,https://www.primepatientsolutions.co,41,Tampa,US,2026-06-21T04:18:57Z
2026-06-21,HR,Vista PeopleBase,03043415363,contact@vistapeoplebase.co,https://vistapeoplebase.co,802,Atlanta,US,2026-06-21T06:12:52Z
2026-06-21,HR,Clear BenefitWorks,(693) 764-8030,contact@clearbenefitworks.com,clearbenefitworks.com,287,Seattle,US,2026-06-21T06:56:30Z
2026-06-21,ERP,TrueChainSphere,+12639984180,hello@truechainsphere.net,truechainsphere.net,20,Boston,US,2026-06-21T05:01:24Z
2026-06-21,HR,Willow TeamSolutions,1-732-415-9084,hello@willowteamsolutions.com,https://www.willowteamsolutions.com,6,Seattle,US,2026-06-21T03:55:51Z
2026-06-21,ERP,AltaStock Systems,(806) 408-6245,contact@altastocksystems.co,https://altastocksystems.co,67,Leeds,UK,2026-06-21T02:50:08Z
2026-06-21,HR,HaloOnboard Sphere,611-724-6842,sales@haloonboardsphere.io,https://haloonboardsphere.io,49,Boston,US,2026-06-21T02:29:47Z
2026-06-21,Medical,MetaClinicSoft,1-791-821-4866,sales@metaclinicsoft.net,https://www.metaclinicsoft.net,2655,Raleigh,US,2026-06-21T03:27:31Z
2026-06-21,Legal,Mosaic DocketSphere,1-895-738-9821,hello@mosaicdocketsphere.com,https://www.mosaicdocketsphere.com,9,Tampa,US,2026-06-21T02:08:57Z
2026-06-21,ERP,Halo PlanDynamics,+17432519912,info@haloplandynamics.com,https://haloplandynamics.com,64,Austin,US,2026-06-21T05:37:36Z
2026-06-21,MSP Platform,FalconPatch Soft,+18155212996,contact@falconpatchsoft.com,https://falconpatchsoft.com,48,Seattle,US,2026-06-21T02:49:59Z
2026-06-21,MSP Platform,BoldNode Systems,527-653-5520,sales@boldnodesystems.com,https://www.boldnodesystems.com,394,Atlanta,US,2026-06-21T06:23:32Z
2026-06-21,Medical,QuartzHealthPoint,456-563-5820,contact@quartzhealthpoint.net,https://www.quartzhealthpoint.net,80,Chicago,US,2026-06-21T01:09:18Z
2026-06-21,Medical,Crest Vital Talent Agency,4754482231,hello@crestvitaltalentagency.com,https://crestvitaltalentagency.com,85,Leeds,UK,2026-06-21T05:38:04Z
2026-06-21,ERP,CrestStockSolutions,+15905888694,contact@creststocksolutions.com,https://www.creststocksolutions.com,550,Raleigh,US,2026-06-21T05:24:29Z
2026-06-21,MSP Platform,Arch NodeLabs,(594) 933-8899,info@archnodelabs.com,https://www.archnodelabs.com,255,Atlanta,US,2026-06-21T02:14:46Z
2026-06-21,Medical,RavenTriage Soft,08013106920,sales@raventriagesoft.com,https://www.raventriagesoft.com,401,Raleigh,US,2026-06-21T02:32:37Z
2026-06-21,LEGAL ,NorthFilingLogic,(269) 540-9766,info@northfilinglogic.com,https://northfilinglogic.com,4445,Raleigh,US,2026-06-21T06:28:30Z
2026-06-21,ERP,Anchor FinDesk,1-934-235-9388,sales@anchorfindesk.com,https://www.anchorfindesk.com,3483,Seattle,US,2026-06-21T01:28:34Z
2026-06-21,Medical,MetaRxDynamics,(831) 809-7869,info@metarxdynamics.com,https://www.metarxdynamics.com,142,Chicago,US,2026-06-21T04:49:13Z
2026-06-21,ERP,LatticePlan Suite,903.960.8231,hello@latticeplansuite.io,https://latticeplansuite.io,10,Hyderabad,IN,2026-06-21T06:24:00Z
2026-06-21,HR,RidgePerformCloud,+18304509398,info@ridgeperformcloud.com,https://ridgeperformcloud.com,315,Manchester,UK,2026-06-21T06:16:05Z
2026-06-21,ERP,CrestStockSoft,07919046505,sales@creststocksoft.com,creststocksoft.com,51,Sydney,AU,2026-06-21T01:34:30Z
2026-06-21,Medical,GoldenHealth Solutions,1-908-500-2942,sales@goldenhealthsolutions.com,https://www.goldenhealthsolutions.com,211,Karachi,PK,2026-06-21T04:43:19Z
2026-06-21,ERP,Indigo StockPoint,577-342-7094,sales@indigostockpoint.net,https://www.indigostockpoint.net,18,Columbus,US,2026-06-21T01:57:53Z
2026-06-21,MSP Platform,AltaPatchWorks,6562814273,info@altapatchworks.io,altapatchworks.io,17,Amsterdam,NL,2026-06-21T03:27:29Z
2026-06-21,Medical,VertexPatientWorks,598-208-9634,sales@vertexpatientworks.io,https://www.vertexpatientworks.io,33,Denver,US,2026-06-21T06:07:56Z
2026-06-21,Legal,FusionVerdict Core,284.275.6617,sales@fusionverdictcore.com,https://fusionverdictcore.com,15,Amsterdam,NL,2026-06-21T02:51:43Z
2026-06-21,ERP,Silver ChainPoint,576.898.6058,hello@silverchainpoint.com,https://www.silverchainpoint.com,441,Dublin,IE,2026-06-21T05:32:46Z
2026-06-21,Medical,JuniperVitalSystems,(977) 839-2523,hello@junipervitalsystems.com,https://www.junipervitalsystems.com,82,Tampa,US,2026-06-21T01:33:47Z
2026-06-21,MSP Platform,Beacon Uptime Manpower Services,1-422-449-7581,hello@beaconuptimemanpowerservices.com,https://www.beaconuptimemanpowerservices.com,219,Boston,US,2026-06-21T04:23:37Z
2026-06-21,Legal,North DocketLogic,(278) 603-5944,sales@northdocketlogic.com,https://www.northdocketlogic.com,68,Chicago,US,2026-06-21T02:19:38Z
2026-06-21,ERP,MosaicLedgerBase,+1 (359) 434-7667,sales@mosaicledgerbase.com,https://www.mosaicledgerbase.com,909,Leeds,UK,2026-06-21T06:51:59Z
2026-06-21,ERP,GoldenFin Platform,9235483802,contact@goldenfinplatform.io,https://www.goldenfinplatform.io,186,Lahore,PK,2026-06-21T03:52:21Z
2026-06-21,MSP Platform,CobaltTicketTech,1-749-942-3046,hello@cobalttickettech.com,https://cobalttickettech.com,78,Raleigh,US,2026-06-21T01:48:09Z
2026-06-21,HR,Falcon Team Manpower Services,770-979-1683,info@falconteammanpowerservices.co,https://www.falconteammanpowerservices.co,245,Raleigh,US,2026-06-21T03:42:45Z
2026-06-21,ERP,CobaltForgeSystems,891.247.6359,info@cobaltforgesystems.com,https://www.cobaltforgesystems.com,207,Atlanta,US,2026-06-21T06:22:18Z
2026-06-21,Medical,Blue PatientSphere,(765) 397-0690,hello@bluepatientsphere.com,https://www.bluepatientsphere.com,7,Denver,US,2026-06-21T05:24:33Z
2026-06-21,HR,MetaPayroll Labs,213-568-6818,hello@metapayrolllabs.com,https://www.metapayrolllabs.com,417,Sydney,AU,2026-06-21T03:14:40Z
2026-06-21,Legal,Granite FilingCore,1-702-813-8086,sales@granitefilingcore.net,https://www.granitefilingcore.net,287,Leeds,UK,2026-06-21T06:39:45Z
2026-06-21,MSP Platform,WillowMonitor Works,+1 (556) 878-9345,info@willowmonitorworks.io,https://www.willowmonitorworks.io,25,Manchester,UK,2026-06-21T06:34:35Z
2026-06-21,HR,Meta BenefitSuite,2032312090,sales@metabenefitsuite.net,https://www.metabenefitsuite.net,73,Munich,DE,2026-06-21T04:45:24Z
2026-06-21,HR,ApexPeople Systems,(739) 456-0145,sales@apexpeoplesystems.com,https://www.apexpeoplesystems.com,11,Boston,US,2026-06-21T01:04:00Z
2026-06-21,HR,HarborPayroll Dynamics,592-583-3676,info@harborpayrolldynamics.io,https://www.harborpayrolldynamics.io,9,Singapore,SG,2026-06-21T01:33:47Z
2026-06-21,Medical,Sable HealthLogic,09724300409,contact@sablehealthlogic.com,https://sablehealthlogic.com,31,Melbourne,AU,2026-06-21T05:55:40Z
2026-06-21,HR,ApexShift Soft,(246) 523-5177,hello@apexshiftsoft.com,https://www.apexshiftsoft.com,36,Boston,US,2026-06-21T06:46:43Z
2026-06-21,ERP,NovaLedger Desk,681-648-8734,contact@novaledgerdesk.com,https://www.novaledgerdesk.com,985,Columbus,US,2026-06-21T02:02:46Z
2026-06-21,LEGAL ,Ember VerdictBase,+1 (388) 597-9537,-,https://www.emberverdictbase.com,640,Hyderabad,IN,2026-06-21T04:36:03Z
2026-06-21,Medical,BoldClinicSystems,429.547.7403,sales@boldclinicsystems.io,boldclinicsystems.io,408,Singapore,SG,2026-06-21T02:18:06Z
2026-06-21,ERP,UmbraResource Solutions,856-805-1201,hello@umbraresourcesolutions.net,https://www.umbraresourcesolutions.net,42,Seattle,US,2026-06-21T04:10:35Z
2026-06-21,Medical,IndigoTriageSync,+18733909777,contact@indigotriagesync.com,https://www.indigotriagesync.com,489,Chicago,US,2026-06-21T04:59:15Z
2026-06-21,LEGAL ,Raven VerdictSuite,+1 (572) 469-9779,hello@ravenverdictsuite.com,https://www.ravenverdictsuite.com,72,Tampa,US,2026-06-21T05:36:33Z
2026-06-21,MSP Platform,VeloRemoteLogic,(929) 401-0601,info@veloremotelogic.com,veloremotelogic.com,15,London,UK,2026-06-21T05:50:09Z
2026-06-21,HR,ZephyrCultureSolutions,944.437.8949,sales@zephyrculturesolutions.io,https://www.zephyrculturesolutions.io,985,London,UK,2026-06-21T01:32:03Z
2026-06-21,HR,Iron OnboardTech,(592) 937-2319,contact@irononboardtech.co,https://irononboardtech.co,694,London,UK,2026-06-21T05:28:39Z
2026-06-21,LMS,Keystone TutorSuite,+1 (961) 601-2065,hello@keystonetutorsuite.com,https://www.keystonetutorsuite.com,376,Austin,US,2026-06-21T06:22:48Z
2026-06-21,HR,CedarOnboard App,8852704915,hello@cedaronboardapp.net,https://cedaronboardapp.net,82,Calgary,CA,2026-06-21T01:37:28Z
2026-06-21,Medical,Vertex TriageSuite,1-747-286-6975,hello@vertextriagesuite.com,https://www.vertextriagesuite.com,768,Atlanta,US,2026-06-21T01:23:29Z
2026-06-21,HR,Summit BenefitSoft,1-825-399-2297,hello@summitbenefitsoft.io,https://www.summitbenefitsoft.io,11,Manchester,UK,2026-06-21T01:58:43Z
2026-06-21,Medical,ZephyrPatientBase,968.468.5674,hello@zephyrpatientbase.co,zephyrpatientbase.co,1492,London,UK,2026-06-21T01:38:01Z
2026-06-21,LMS,Vertex CounselHub,9453278365,sales@vertexcounselhub.com,https://www.vertexcounselhub.com,50,Phoenix,US,2026-06-21T05:47:03Z
2026-06-21,Medical,QuartzMedFlow,(548) 389-1552,info@quartzmedflow.com,https://quartzmedflow.com,204,Hyderabad,IN,2026-06-21T03:53:46Z
2026-06-21,LMS,HarborQuizLabs,(226) 793-1379,info@harborquizlabs.com,https://harborquizlabs.com,170,Leeds,UK,2026-06-21T02:04:49Z
2026-06-21,ERP,Apex ResourceSuite,+1 (432) 628-9415,hello@apexresourcesuite.com,https://www.apexresourcesuite.com,61,Phoenix,US,2026-06-21T03:38:57Z
2026-06-21,ERP,RapidBatch Solutions,271-937-5853,info@rapidbatchsolutions.com,https://www.rapidbatchsolutions.com,35,Amsterdam,NL,2026-06-21T03:25:10Z
2026-06-21,ERP,ApexLedgerHub,+12466051183,contact@apexledgerhub.co,https://www.apexledgerhub.co,15,Denver,US,2026-06-21T03:59:55Z
2026-06-21,Medical,Delta ClinicHub,+15254350186,contact@deltaclinichub.com,deltaclinichub.com,8,Leeds,UK,2026-06-21T06:47:08Z
2026-06-21,ERP,FalconPlanFlow,(619) 541-8107,sales@falconplanflow.io,falconplanflow.io,38,London,UK,2026-06-21T01:49:12Z
2026-06-21,HR,AltaBenefitCore,+14142036074,hello@altabenefitcore.co,https://www.altabenefitcore.co,252,Chicago,US,2026-06-21T01:31:27Z
2026-06-21,Medical,BeaconCareDesk,6443669475,hello@beaconcaredesk.com,https://beaconcaredesk.com,217,Seattle,US,2026-06-21T05:56:42Z
2026-06-21,LMS,DeltaSkillPlatform,803.643.8876 ext. 93,hello@deltaskillplatform.io,https://deltaskillplatform.io,25,Atlanta,US,2026-06-21T02:33:54Z
2026-06-21,MSP Platform,Prime MonitorPlatform,(560) 265-4981,contact@primemonitorplatform.com,https://www.primemonitorplatform.com,21,Phoenix,US,2026-06-21T03:55:35Z
2026-06-21,MSP Platform,RavenNode Cloud,(357) 723-1207,info@ravennodecloud.io,https://www.ravennodecloud.io,5,Chicago,US,2026-06-21T05:54:14Z
2026-06-21,MSP Platform,North StackFlow,(282) 461-3086,sales@northstackflow.com,https://www.northstackflow.com,659,Austin,US,2026-06-21T04:26:45Z
2026-06-21,Medical,IronTriage Desk,+1 (454) 255-3882,contact@irontriagedesk.com,https://www.irontriagedesk.com,24,Chicago,US,2026-06-21T01:32:10Z
2026-06-21,HR,Vertex CultureApp,+13213924856,hello@vertexcultureapp.com,https://www.vertexcultureapp.com,17,Dublin,IE,2026-06-21T04:45:16Z
2026-06-21,HR,Onyx CulturePoint,308.605.0006,contact@onyxculturepoint.io,onyxculturepoint.io,1827,Atlanta,US,2026-06-21T05:49:07Z
2026-06-21,MSP Platform,Sable NodePlatform,(571) 823-2165,hello@sablenodeplatform.io,sablenodeplatform.io,74,Toronto,CA,2026-06-21T05:42:20Z
2026-06-21,ERP,SableResource Point,+17808565221,info@sableresourcepoint.com,https://sableresourcepoint.com,93,Melbourne,AU,2026-06-21T04:07:36Z
2026-06-21,ERP,GraniteFin Flow,641-876-2597,contact@granitefinflow.com,https://www.granitefinflow.com,64,Denver,US,2026-06-21T04:16:27Z
2026-06-21,ERP,Rapid StockTech,+1 (369) 455-3503,sales@rapidstocktech.com,https://www.rapidstocktech.com,485,Denver,US,2026-06-21T02:55:51Z
2026-06-21,MSP Platform,Onyx StackBase,(295) 959-3287,info@onyxstackbase.net,https://www.onyxstackbase.net,21,Columbus,US,2026-06-21T01:44:16Z
2026-06-21,HR,Anchor PeopleSystems,8468219904,info@anchorpeoplesystems.com,https://www.anchorpeoplesystems.com,43,Leeds,UK,2026-06-21T01:34:09Z
2026-06-21,MSP Platform,BoldGrid Dynamics,6288371538,sales@boldgriddynamics.co,https://www.boldgriddynamics.co,541,Boston,US,2026-06-21T01:18:49Z
2026-06-21,Medical,LatticeHealth Flow,+18054784973,sales@latticehealthflow.co,https://www.latticehealthflow.co,726,Denver,US,2026-06-21T06:50:22Z
2026-06-21,LMS,RidgeTutor Sync,926-823-4107,info@ridgetutorsync.com,https://www.ridgetutorsync.com,21,Amsterdam,NL,2026-06-21T06:44:25Z
2026-06-21,ERP,RapidOps App,(721) 680-2101,sales@rapidopsapp.net,https://www.rapidopsapp.net,256,Amsterdam,NL,2026-06-21T01:06:52Z
2026-06-21,ERP,AnchorFin Suite,(427) 553-2047,sales@anchorfinsuite.co,https://anchorfinsuite.co,11,Amsterdam,NL,2026-06-21T05:14:40Z
2026-06-21,LMS,Lattice PathSphere,666.363.9825,hello@latticepathsphere.com,https://www.latticepathsphere.com,177,Toronto,CA,2026-06-21T01:10:04Z
2026-06-21,MSP Platform,Bright TicketPoint,886-268-8822,hello@brightticketpoint.com,https://brightticketpoint.com,426,Amsterdam,NL,2026-06-21T01:43:28Z
2026-06-21,Medical,Vertex CareSuite,(303) 331-6752,null,vertexcaresuite.co,48,London,UK,2026-06-21T06:22:45Z
2026-06-21,HR,SummitCultureBase,(434) 759-3885,sales@summitculturebase.com,https://www.summitculturebase.com,231,Atlanta,US,2026-06-21T02:40:30Z
2026-06-21,ERP,GoldenLedgerPoint,435-332-7896,sales@goldenledgerpoint.com,https://www.goldenledgerpoint.com,66,Singapore,SG,2026-06-21T04:14:00Z
2026-06-21,ERP,TrueForge Hub,4272693771,N/A,https://trueforgehub.com,78,Boston,US,2026-06-21T03:30:40Z
2026-06-21,LMS,LumenPlan Core,4342606350 ext. 13,info@lumenplancore.com,lumenplancore.com,45,Phoenix,US,2026-06-21T05:24:17Z
2026-06-21,ERP,Zen BatchPoint,+1 (962) 679-5572,info@zenbatchpoint.com,zenbatchpoint.com,636,Manchester,UK,2026-06-21T02:26:54Z
2026-06-21,ERP,Pioneer LedgerBase,1-548-244-2896,sales@pioneerledgerbase.co,https://www.pioneerledgerbase.co,48,Chicago,US,2026-06-21T06:00:46Z
2026-06-21,legal,Quantum VerdictLabs,626-912-3467,contact@quantumverdictlabs.co,quantumverdictlabs.co,66,Chicago,US,2026-06-21T02:13:34Z
2026-06-21,Legal,DeltaMatter Flow,709-279-6194 ext. 86,contact@deltamatterflow.com,https://www.deltamatterflow.com,19,Boston,US,2026-06-21T02:09:14Z
2026-06-21,ERP,CrownOpsDynamics,745-253-4372 ext. 17,contact@crownopsdynamics.com,https://www.crownopsdynamics.com,1005,Leeds,UK,2026-06-21T01:27:11Z
2026-06-21,MSP Platform,HarborUptimePoint,(945) 636-7442,info@harboruptimepoint.io,https://www.harboruptimepoint.io,373,Melbourne,AU,2026-06-21T01:47:51Z
2026-06-21,Medical,CrownCarePlatform,+16814865353 ext. 90,sales@crowncareplatform.io,https://crowncareplatform.io,19,Austin,US,2026-06-21T02:57:43Z
2026-06-21,HR,KeystonePayrollSoft,282-755-2146,hello@keystonepayrollsoft.co,https://www.keystonepayrollsoft.co,38,Lahore,PK,2026-06-21T06:08:12Z
2026-06-21,HR,Bright Shift Consulting Group,(382) 496-2677 ext. 86,contact@brightshiftconsultinggroup.com,https://brightshiftconsultinggroup.com,11,Atlanta,US,2026-06-21T04:02:35Z
2026-06-21,HR,ZephyrCulture Sync,07299140098,hello@zephyrculturesync.com,https://www.zephyrculturesync.com,10,Vancouver,CA,2026-06-21T03:00:17Z
2026-06-21,HR,XenonBenefitBase,(850) 398-7500,info@xenonbenefitbase.com,https://xenonbenefitbase.com,53,Denver,US,2026-06-21T05:40:48Z
2026-06-21,LMS,HarborSkill Systems,549.818.0759,info@harborskillsystems.com,https://www.harborskillsystems.com,206,Raleigh,US,2026-06-21T06:52:53Z
2026-06-21,HR,OrbitPeople Hub,+19129430762,contact@orbitpeoplehub.com,https://orbitpeoplehub.com,2801,Austin,US,2026-06-21T01:42:09Z
2026-06-21,HR,ClearTeamSoft,(274) 581-0887,info@clearteamsoft.com,https://www.clearteamsoft.com,12,Dublin,IE,2026-06-21T02:05:33Z
2026-06-21,ERP,PioneerFin Sphere,829.440.6875,info@pioneerfinsphere.net,https://www.pioneerfinsphere.net,711,Dublin,IE,2026-06-21T02:21:15Z
2026-06-21,Medical,OmniPatient Sync,964-933-8329,null,https://omnipatientsync.io,93,N/A,US,2026-06-21T01:32:45Z
2026-06-21,Medical,JuniperHealth Dynamics,1-535-650-8593,sales@juniperhealthdynamics.com,https://www.juniperhealthdynamics.com,214,Calgary,CA,2026-06-21T02:11:04Z
2026-06-21,MSP Platform,Summit TicketWorks,658-326-8590,hello@summitticketworks.com,https://www.summitticketworks.com,97,Calgary,CA,2026-06-21T02:05:51Z
2026-06-21,ERP,BrightBatchSync,+15513548812,hello@brightbatchsync.net,https://brightbatchsync.net,95,Sydney,AU,2026-06-21T04:37:07Z
2026-06-21,ERP,Xenon Batch Recruiting,1-941-594-7746,N/A,https://www.xenonbatchrecruiting.com,16,Austin,US,2026-06-21T03:26:46Z
2026-06-21,ERP,Xenon PlanFlow,+14605165707 ext. 45,info@xenonplanflow.com,https://www.xenonplanflow.com,431,Boston,US,2026-06-21T03:23:58Z
2026-06-21,ERP,QuartzResourceDynamics,+14724828990,contact@quartzresourcedynamics.co,https://www.quartzresourcedynamics.co,1530,Boston,US,2026-06-21T01:57:46Z
2026-06-21,MSP Platform,JuniperPatchTech,1-635-255-5848,null,https://juniperpatchtech.com,40,Boston,US,2026-06-21T04:34:37Z
2026-06-21,ERP,VistaBatch Hub,(976) 285-1920,hello@vistabatchhub.io,https://www.vistabatchhub.io,19,N/A,NL,2026-06-21T03:19:11Z
2026-06-21,MSP Platform,Vertex OpsPlatform,6617224602,sales@vertexopsplatform.com,https://vertexopsplatform.com,6,Munich,DE,2026-06-21T05:02:23Z
2026-06-21,HR,BlueRosterCore’s,+16324236561,info@bluerostercore.com,https://bluerostercore.com,52,Boston,US,2026-06-21T04:38:45Z
2026-06-21,ERP,CoreChainSystems,(206) 383-0611,contact@corechainsystems.co,https://www.corechainsystems.co,6,Calgary,CA,2026-06-21T04:55:18Z
2026-06-21,Legal,LumenCase Works,716-357-5896,hello@lumencaseworks.com,https://www.lumencaseworks.com,730,Columbus,US,2026-06-21T03:30:30Z
2026-06-21,ERP,PivotOrderSuite,8232565378,info@pivotordersuite.com,https://www.pivotordersuite.com,16,Denver,US,2026-06-21T05:23:07Z
2026-06-21,MSP Platform,Ridgeway NodeFlow,894-944-9759 ext. 5,info@ridgewaynodeflow.com,https://www.ridgewaynodeflow.com,5,Tampa,US,2026-06-21T06:50:37Z
2026-06-21,ERP,Ridgeway FinTech,630-797-8462,info@ridgewayfintech.io,https://www.ridgewayfintech.io,175,Phoenix,US,2026-06-21T06:08:11Z
2026-06-21,ERP,Alta OpsPlatform,398-859-0111 ext. 66,sales@altaopsplatform.com,https://altaopsplatform.com,83,Raleigh,US,2026-06-21T05:42:00Z
2026-06-21,MSP Platform,Core NodeCore,+15432461301 ext. 5,hello@corenodecore.com,https://www.corenodecore.com,12,Denver,US,2026-06-21T01:18:56Z
2026-06-21,Legal,BoldFiling Sphere,545-844-0703,sales@boldfilingsphere.io,boldfilingsphere.io,69,Austin,US,2026-06-21T03:37:40Z
2026-06-21,Medical,Mosaic CareSphere,+1 (270) 865-1868,hello@mosaiccaresphere.com,mosaiccaresphere.com,63,Calgary,CA,2026-06-21T03:56:17Z
2026-06-21,HR,XenonPeopleSolutions,604-965-0143,hello@xenonpeoplesolutions.com,https://xenonpeoplesolutions.com,42,Tampa,US,2026-06-21T04:06:23Z
2026-06-21,legal,Omni FilingSolutions,+19556068804,sales@omnifilingsolutions.com,https://www.omnifilingsolutions.com,77,Leeds,UK,2026-06-21T04:16:26Z
2026-06-21,ERP,Harbor PlanSoft,+18428737340,contact@harborplansoft.com,https://www.harborplansoft.com,18,Phoenix,US,2026-06-21T02:33:44Z
2026-06-21,MSP Platform,ArchFin Desk,+19052717348,-,https://www.archfindesk.com,N/A,Austin,US,2026-06-21T06:32:25Z
2026-06-21,HR,Willow BenefitDesk,9049272034,info@willowbenefitdesk.net,https://willowbenefitdesk.net,66,Singapore,SG,2026-06-21T05:37:20Z
2026-06-21,ERP,CobaltResource Sync,+12462862477,sales@cobaltresourcesync.com,https://www.cobaltresourcesync.com,18,Chicago,US,2026-06-21T04:44:13Z
2026-06-21,ERP,LatticeResourceSoft,1-400-595-8620,sales@latticeresourcesoft.com,https://www.latticeresourcesoft.com,41,Denver,US,2026-06-21T02:28:24Z
2026-06-21,ERP,PioneerPlanSphere,437-986-2053,sales@pioneerplansphere.com,https://www.pioneerplansphere.com,19,Seattle,US,2026-06-21T03:08:44Z
2026-06-21,ERP,ArchOrder Point,580.253.9841,contact@archorderpoint.com,archorderpoint.com,786,Denver,US,2026-06-21T02:32:00Z
2026-06-21,MSP Platform,RavenUptime Dynamics,+13632550435,sales@ravenuptimedynamics.com,https://www.ravenuptimedynamics.com,59,Raleigh,US,2026-06-21T02:56:31Z
2026-06-21,ERP,VertexResourceSolutions,7964235806 ext. 51,hello@vertexresourcesolutions.com,https://www.vertexresourcesolutions.com,410,,US,2026-06-21T06:43:59Z
2026-06-21,ERP,AltaLedgerFlow,4223510381,sales@altaledgerflow.com,https://altaledgerflow.com,33,Leeds,UK,2026-06-21T04:27:59Z
2026-06-21,Medical,RidgeMed Sync,(211) 559-0257,info@ridgemedsync.com,https://ridgemedsync.com,49,Austin,US,2026-06-21T04:31:49Z
2026-06-21,ERP,SolidPlanDynamics,268.525.6756,contact@solidplandynamics.co,https://www.solidplandynamics.co,150,Leeds,UK,2026-06-21T03:21:19Z
2026-06-21,Medical,Summit ClinicLogic,+19569670711,contact@summitcliniclogic.net,https://www.summitcliniclogic.net,70,Tampa,US,2026-06-21T06:07:30Z
2026-06-21,MSP Platform,Blue NodeFlow,+18108812148,sales@bluenodeflow.com,https://bluenodeflow.com,44,Toronto,CA,2026-06-21T02:39:59Z
2026-06-21,Legal,VertexClause Works,893-713-7408,hello@vertexclauseworks.io,https://www.vertexclauseworks.io,40,Pune,IN,2026-06-21T06:25:25Z
2026-06-21,HR,Atlas CultureFlow,2076209713,sales@atlascultureflow.co,https://www.atlascultureflow.co,28,Berlin,DE,2026-06-21T03:49:24Z
2026-06-21,ERP,RidgewayForge Sync,+1 (286) 735-9518,contact@ridgewayforgesync.com,https://www.ridgewayforgesync.com,27,Seattle,US,2026-06-21T03:15:46Z
2026-06-21,HR,CoreOnboard Point,(384) 454-0480,hello@coreonboardpoint.com,https://www.coreonboardpoint.com,23,Columbus,US,2026-06-21T06:07:03Z
2026-06-21,Medical,NovaPulseTech,311-212-5662,N/A,https://www.novapulsetech.com,34,Tampa,US,2026-06-21T01:57:13Z
2026-06-21,Medical,ZephyrPulse Desk,+1 (692) 924-6240,contact@zephyrpulsedesk.com,https://zephyrpulsedesk.com,28,Tampa,US,2026-06-21T01:43:07Z
2026-06-21,HR,North Team Outsourcing,7194476696,sales@northteamoutsourcing.com,https://www.northteamoutsourcing.com,-,Chicago,US,2026-06-21T05:04:45Z
2026-06-21,MSP Platform,PivotTicket Solutions,+12018517882,hello@pivotticketsolutions.io,https://www.pivotticketsolutions.io,21,Raleigh,US,2026-06-21T06:39:12Z
2026-06-21,Medical,BlueHealthSolutions,+17318883450 ext. 3,info@bluehealthsolutions.com,https://bluehealthsolutions.com,14,Chicago,US,2026-06-21T01:28:29Z
2026-06-21,ERP,Bright PlanPoint,702-464-1684,info@brightplanpoint.io,https://brightplanpoint.io,62,Dublin,IE,2026-06-21T02:11:20Z
2026-06-21,HR,OrbitPeopleDesk,365-800-0006,contact@orbitpeopledesk.net,https://www.orbitpeopledesk.net,91,Manchester,UK,2026-06-21T02:41:32Z
2026-06-21,HR,KeystoneTeamPoint,(449) 967-3098,sales@keystoneteampoint.co,https://keystoneteampoint.co,124,Tampa,US,2026-06-21T03:06:56Z
2026-06-21,LMS,WillowPathCore,1-525-921-2056,sales@willowpathcore.com,https://www.willowpathcore.com,11,Austin,US,2026-06-21T06:45:38Z
2026-06-21,HR,Delta BenefitPoint,+13322683874,contact@deltabenefitpoint.net,https://deltabenefitpoint.net,210,Tampa,US,2026-06-21T04:41:25Z
2026-06-21,Medical,CrownPulse Desk,902-719-8051,info@crownpulsedesk.co,https://www.crownpulsedesk.co,228,Raleigh,US,2026-06-21T03:46:12Z
2026-06-21,HR,TidalPerformCore,1-795-617-5431 ext. 10,sales@tidalperformcore.io,https://tidalperformcore.io,52,Islamabad,PK,2026-06-21T06:55:59Z
2026-06-21,HR,Anchor TeamCore,849-486-2455,sales@anchorteamcore.com,https://anchorteamcore.com,19,Calgary,CA,2026-06-21T03:47:49Z
2026-06-21,HR,VertexPerformSolutions,1-305-926-1663,hello@vertexperformsolutions.com,vertexperformsolutions.com,33,Tampa,US,2026-06-21T03:12:38Z
2026-06-21,Medical,ApexVitalHub,(762) 470-6599,sales@apexvitalhub.io,https://apexvitalhub.io,978,Leeds,UK,2026-06-21T03:10:30Z
2026-06-21,MSP Platform,Falcon MonitorSync,+18436085723 ext. 5,info@falconmonitorsync.com,https://www.falconmonitorsync.com,976,Leeds,UK,2026-06-21T03:00:46Z
2026-06-21,ERP,Zephyr ResourceSystems,+17099060537,info@zephyrresourcesystems.com,zephyrresourcesystems.com,11,-,US,2026-06-21T02:51:44Z
2026-06-21,ERP,SableFinFlow,(506) 784-2304,sales@sablefinflow.net,https://sablefinflow.net,92,Denver,US,2026-06-21T05:51:47Z
2026-06-21,HR,Lattice PayrollFlow,4184620935,hello@latticepayrollflow.com,https://www.latticepayrollflow.com,14,Raleigh,US,2026-06-21T05:43:46Z
2026-06-21,MSP Platform,GraniteUptime Sphere,570.720.2402,contact@graniteuptimesphere.com,https://www.graniteuptimesphere.com,14,Chicago,US,2026-06-21T01:11:54Z
2026-06-21,Medical,OrbitHealth Base,8819671840,info@orbithealthbase.com,https://www.orbithealthbase.com,null,Singapore,SG,2026-06-21T04:34:16Z
2026-06-21,HR,Golden CulturePoint,887-669-3981,sales@goldenculturepoint.com,https://goldenculturepoint.com,51,Boston,US,2026-06-21T02:13:07Z
2026-06-21,ERP,HarborChainCloud,554-245-5717,contact@harborchaincloud.io,https://www.harborchaincloud.io,280,Toronto,CA,2026-06-21T02:58:52Z
2026-06-21,ERP,SableLedgerSystems,6885064732,contact@sableledgersystems.net,https://www.sableledgersystems.net,61,Chicago,US,2026-06-21T02:23:40Z
2026-06-21,MSP Platform,BeaconEndpoint Labs,+17164449146,contact@beaconendpointlabs.io,beaconendpointlabs.io,412,Chicago,US,2026-06-21T01:10:00Z
2026-06-21,MSP Platform,VeloNode Logic,+15142365299,info@velonodelogic.com,https://www.velonodelogic.com,54,Denver,US,2026-06-21T06:11:06Z
2026-06-21,HR,Blue ShiftSync,+14916089948,sales@blueshiftsync.com,https://www.blueshiftsync.com,31,Tampa,US,2026-06-21T06:21:29Z
2026-06-21,LMS,Juniper Tutor Manpower Services,+1 (689) 997-0821,sales@junipertutormanpowerservices.com,https://junipertutormanpowerservices.com,79,Vancouver,CA,2026-06-21T02:31:26Z
2026-06-21,LEGAL ,CoreDocketSuite,2806857122,info@coredocketsuite.io,https://www.coredocketsuite.io,166,Atlanta,US,2026-06-21T01:24:09Z
2026-06-21,Legal,Crown MatterWorks,+19876997760,info@crownmatterworks.com,https://crownmatterworks.com,100,Boston,US,2026-06-21T06:51:14Z
2026-06-21,Legal,Golden LawCloud,(756) 681-2648,contact@goldenlawcloud.com,goldenlawcloud.com,125,Raleigh,US,2026-06-21T03:43:27Z
2026-06-21,ERP,SableOpsSphere,+1 (800) 228-4267,hello@sableopssphere.io,https://www.sableopssphere.io,12,Atlanta,US,2026-06-21T03:04:43Z
2026-06-21,Legal,Silver DocketWorks,788.499.2936,contact@silverdocketworks.com,https://www.silverdocketworks.com,440,Boston,US,2026-06-21T06:48:40Z
2026-06-21,HR,AltaRoster Platform,(838) 573-4608 ext. 77,contact@altarosterplatform.com,https://www.altarosterplatform.com,31,Denver,US,2026-06-21T03:17:31Z
2026-06-21,Medical,QuartzMed Point,1-317-861-0933,info@quartzmedpoint.net,https://www.quartzmedpoint.net,3160,Austin,US,2026-06-21T06:40:41Z
2026-06-21,Medical,WillowPulse Desk,+1 (837) 364-7022,hello@willowpulsedesk.net,https://willowpulsedesk.net,160,Dublin,IE,2026-06-21T03:50:00Z
2026-06-21,MSP Platform,BoldMonitorApp,(436) 478-3576,hello@boldmonitorapp.io,https://boldmonitorapp.io,22,Tampa,US,2026-06-21T02:15:20Z
2026-06-21,Medical,SummitPulseSoft,(312) 228-7923,sales@summitpulsesoft.io,summitpulsesoft.io,28,Vancouver,CA,2026-06-21T05:01:46Z
2026-06-21,MSP Platform,BoldRemoteFlow,317-391-3063,hello@boldremoteflow.net,https://boldremoteflow.net,102,Columbus,US,2026-06-21T05:31:03Z
2026-06-21,ERP,PivotLedger Hub,426-950-8124,hello@pivotledgerhub.com,https://pivotledgerhub.com,1693,Atlanta,US,2026-06-21T05:15:57Z
2026-06-21,HR,AnchorTeam Soft,1-270-875-5685 ext. 17,null,anchorteamsoft.com,3807,Tampa,US,2026-06-21T05:24:09Z
2026-06-21,MSP Platform,True StackDesk,9613747995,contact@truestackdesk.io,truestackdesk.io,7,Singapore,SG,2026-06-21T02:27:25Z
2026-06-21,legal,SolidFilingSync,709.784.1379,hello@solidfilingsync.com,https://www.solidfilingsync.com,373,Chicago,US,2026-06-21T04:58:18Z
2026-06-21,legal,Lumen FilingCloud,3407732861,hello@lumenfilingcloud.com,https://www.lumenfilingcloud.com,null,Columbus,US,2026-06-21T01:00:55Z
2026-06-21,Medical,TrueRx Systems,340-779-3770,hello@truerxsystems.co,https://www.truerxsystems.co,18,Denver,US,2026-06-21T02:30:43Z
2026-06-21,LEGAL ,QuartzCounsel Dynamics,5246219460,info@quartzcounseldynamics.com,quartzcounseldynamics.com,263,Atlanta,US,2026-06-21T04:30:15Z
2026-06-21,ERP,BeaconBatch Flow,(855) 730-6948,sales@beaconbatchflow.com,https://beaconbatchflow.com,6,Atlanta,US,2026-06-21T03:11:14Z
2026-06-21,Medical,TidalChartSoft,+1 (785) 328-4808,hello@tidalchartsoft.com,tidalchartsoft.com,79,Chicago,US,2026-06-21T03:39:37Z
2026-06-21,MSP Platform,AnchorRemoteWorks,6765188002 ext. 33,hello@anchorremoteworks.com,https://www.anchorremoteworks.com,311,Raleigh,US,2026-06-21T03:36:00Z
2026-06-21,MSP Platform,RidgewayEndpoint Sphere,+1 (935) 409-6606,sales@ridgewayendpointsphere.com,https://ridgewayendpointsphere.com,261,Raleigh,US,2026-06-21T01:02:07Z
2026-06-21,HR,CedarCultureSoft,(959) 883-1602,hello@cedarculturesoft.com,https://cedarculturesoft.com,49,Denver,US,2026-06-21T04:53:18Z
2026-06-21,HR,RidgeRosterSphere,731-364-6786,contact@ridgerostersphere.net,ridgerostersphere.net,256,Phoenix,US,2026-06-21T04:05:28Z
2026-06-21,ERP,LumenResource Logic,917-487-2412 ext. 69,hello@lumenresourcelogic.co,https://lumenresourcelogic.co,11,Amsterdam,NL,2026-06-21T04:11:01Z
2026-06-21,Lgl,Core LawLabs,(783) 622-0484,contact@corelawlabs.co,https://www.corelawlabs.co,221,Bengaluru,IN,2026-06-21T04:14:52Z
2026-06-21,LMS,ArchTrainTech,695-817-9973,sales@archtraintech.co,https://www.archtraintech.co,119,Toronto,CA,2026-06-21T03:00:07Z
2026-06-21,HR,Summit PeopleCore,(204) 577-9562,info@summitpeoplecore.net,https://www.summitpeoplecore.net,413,Columbus,US,2026-06-21T06:38:35Z
2026-06-21,MSP Platform,DeltaGridBase,261-453-4599 ext. 18,sales@deltagridbase.co,https://www.deltagridbase.co,null,Phoenix,US,2026-06-21T01:14:57Z
2026-06-21,MSP Platform,FalconEndpoint Base,511-800-5150,N/A,https://www.falconendpointbase.com,238,Bengaluru,IN,2026-06-21T01:43:15Z
2026-06-21,ERP,Pioneer OpsPlatform,1-928-424-3721,hello@pioneeropsplatform.io,https://pioneeropsplatform.io,49,Manchester,UK,2026-06-21T01:10:29Z
2026-06-21,Medical,North VitalTech,1-890-892-6058,-,https://northvitaltech.io,126,Boston,US,2026-06-21T02:15:46Z
2026-06-21,MSP Platform,Beacon Node BPO Services,832.516.2691,sales@beaconnodebposervices.com,https://www.beaconnodebposervices.com,24,Raleigh,US,2026-06-21T01:49:41Z
2026-06-21,HR,Tidal BenefitSuite,+15042193926,-,tidalbenefitsuite.com,87,Singapore,SG,2026-06-21T06:28:14Z
2026-06-21,Medical,CrestPulse Sphere,1-952-890-2541,sales@crestpulsesphere.co,https://www.crestpulsesphere.co,487,Columbus,US,2026-06-21T05:02:01Z
2026-06-21,LEGAL ,Blue ClauseApp,612.700.9130 ext. 18,sales@blueclauseapp.io,https://blueclauseapp.io,16,Chicago,US,2026-06-21T05:19:58Z
2026-06-21,Medical,RapidVitalSync,349.530.9947,info@rapidvitalsync.com,https://www.rapidvitalsync.com,687,Chicago,US,2026-06-21T04:10:44Z
2026-06-21,ERP,OrbitStock Hub,+14089875946,contact@orbitstockhub.com,https://orbitstockhub.com,83,Austin,US,2026-06-21T01:07:01Z
2026-06-21,ERP,Solid StockLogic,3093286896,info@solidstocklogic.co,https://www.solidstocklogic.co,91,Columbus,US,2026-06-21T02:25:30Z
2026-06-21,MSP Platform,Anchor PatchCloud,311-455-2816,hello@anchorpatchcloud.io,anchorpatchcloud.io,432,Seattle,US,2026-06-21T02:19:35Z
2026-06-21,HR,CrestPerformSolutions,+18972289989,hello@crestperformsolutions.com,https://www.crestperformsolutions.com,8,Vancouver,CA,2026-06-21T04:12:29Z
2026-06-21,MSP Platform,Meta RemoteSoft,+1 (348) 833-1944,hello@metaremotesoft.io,metaremotesoft.io,813,Amsterdam,NL,2026-06-21T04:55:28Z
2026-06-21,Medical,JuniperClinicSolutions,(300) 803-1691,,https://www.juniperclinicsolutions.co,16,Atlanta,US,2026-06-21T02:43:11Z
2026-06-21,ERP,EmberOps’s Point,382-351-1641,sales@emberopspoint.com,https://www.emberopspoint.com,5,Lahore,PK,2026-06-21T02:48:50Z
2026-06-21,ERP,Crest StockSolutions,+1 (255) 592-1631,info@creststocksolutions.com,https://creststocksolutions.com,471,Sydney,AU,2026-06-21T05:30:06Z
2026-06-21,ERP,FalconLedger Core,(752) 323-4089,info@falconledgercore.com,falconledgercore.com,91,Atlanta,US,2026-06-21T06:28:00Z
2026-06-21,ERP,PioneerStock Cloud,5677575137,info@pioneerstockcloud.net,https://www.pioneerstockcloud.net,82,Leeds,UK,2026-06-21T06:57:34Z
2026-06-21,LMS,Lattice MentorPoint,(431) 302-2108,sales@latticementorpoint.com,https://latticementorpoint.com,9,Columbus,US,2026-06-21T05:26:47Z
2026-06-21,ERP,XenonOrder Cloud,+1 (821) 905-7022 ext. 40,sales@xenonordercloud.net,xenonordercloud.net,8,Austin,US,2026-06-21T02:44:23Z
2026-06-21,MSP Platform,Zephyr GridHub,446-629-0290,contact@zephyrgridhub.com,https://www.zephyrgridhub.com,576,Raleigh,US,2026-06-21T03:43:30Z
2026-06-21,MSP Platform,NimbusRemoteDynamics,846-668-3808,hello@nimbusremotedynamics.io,https://www.nimbusremotedynamics.io,27,London,UK,2026-06-21T02:35:36Z
2026-06-21,ERP,AnchorStockFlow,4307166201,contact@anchorstockflow.io,https://anchorstockflow.io,12,Leeds,UK,2026-06-21T01:55:53Z
2026-06-21,Medical,CobaltCareHub,(835) 735-6002,sales@cobaltcarehub.com,https://www.cobaltcarehub.com,5,Melbourne,AU,2026-06-21T06:01:57Z
2026-06-21,MSP Platform,UmbraEndpointDynamics,1-524-473-1806,info@umbraendpointdynamics.net,https://www.umbraendpointdynamics.net,227,Leeds,UK,2026-06-21T04:55:02Z
2026-06-21,Medical,Anchor MedSphere,857-418-9725,sales@anchormedsphere.com,https://www.anchormedsphere.com,229,Denver,US,2026-06-21T05:43:10Z
2026-06-21,Medical,Harbor TriageLogic,8983069042,sales@harbortriagelogic.co,https://harbortriagelogic.co,244,Boston,US,2026-06-21T04:21:45Z
2026-06-21,ERP,VertexOps Platform,948-415-0427,contact@vertexopsplatform.co,https://www.vertexopsplatform.co,99,Vancouver,CA,2026-06-21T05:59:44Z
2026-06-21,Medical,PivotVitalApp,234.912.3214,info@pivotvitalapp.io,https://pivotvitalapp.io,5,Columbus,US,2026-06-21T01:09:13Z
2026-06-21,HR,Velo PayrollSync,1-282-475-0791,hello@velopayrollsync.io,https://velopayrollsync.io,40,Phoenix,US,2026-06-21T03:26:34Z
2026-06-21,Legal,ClearMatterWorks,(554) 200-4349,contact@clearmatterworks.com,https://www.clearmatterworks.com,64,Islamabad,PK,2026-06-21T04:20:59Z
2026-06-21,MSP Platform,XenonNet Works,1-677-744-6968 ext. 69,sales@xenonnetworks.com,https://www.xenonnetworks.com,113,Bengaluru,IN,2026-06-21T05:38:53Z
2026-06-21,ERP,IndigoOrderSoft,699-330-2378,sales@indigoordersoft.com,https://www.indigoordersoft.com,58,Austin,US,2026-06-21T02:47:48Z
2026-06-21,MSP Platform,TrueEndpoint Suite,(528) 299-5237,contact@trueendpointsuite.net,https://www.trueendpointsuite.net,161,Phoenix,US,2026-06-21T02:25:34Z
2026-06-21,HR,BlueBenefit Point,9097953405,contact@bluebenefitpoint.com,https://bluebenefitpoint.com,53,Boston,US,2026-06-21T06:30:49Z
2026-06-21,LMS,BoldQuiz Systems,1-957-592-8056,sales@boldquizsystems.net,https://www.boldquizsystems.net,16,Dublin,IE,2026-06-21T05:43:29Z
2026-06-21,ERP,BlueChainSphere,+18456300359,hello@bluechainsphere.com,https://www.bluechainsphere.com,54,Chicago,US,2026-06-21T02:53:02Z
2026-06-21,LEGAL ,Meta Brief Recruiting,(541) 932-0069,hello@metabriefrecruiting.com,https://www.metabriefrecruiting.com,12,Pune,IN,2026-06-21T04:26:38Z
2026-06-21,HR,HarborPayrollPoint,+19028395421,sales@harborpayrollpoint.com,https://www.harborpayrollpoint.com,173,Melbourne,AU,2026-06-21T04:34:18Z
2026-06-21,Medical,OmniRx’s App,438-293-7030,hello@omnirxapp.com,https://www.omnirxapp.com,34,Denver,US,2026-06-21T06:40:32Z
2026-06-21,HR,Silver PayrollCore,828.361.6113,sales@silverpayrollcore.co,https://www.silverpayrollcore.co,14,Columbus,US,2026-06-21T02:12:22Z
2026-06-21,Medical,EmberVitalSync,(750) 889-0437,sales@embervitalsync.com,https://embervitalsync.com,18,Raleigh,US,2026-06-21T06:09:32Z
2026-06-21,LEGAL ,ApexBrief Sync,+13265026966,hello@apexbriefsync.com,https://www.apexbriefsync.com,32,Chicago,US,2026-06-21T01:53:02Z
2026-06-21,ERP,Atlas PlanSphere,1-221-862-4161,contact@atlasplansphere.com,https://www.atlasplansphere.com,54,Singapore,SG,2026-06-21T06:07:20Z
2026-06-21,HR,UmbraPerform Solutions,3219283630 ext. 67,contact@umbraperformsolutions.net,https://umbraperformsolutions.net,1464,Seattle,US,2026-06-21T03:49:42Z
2026-06-21,MSP Platform,QuantumGridSystems,03717726314,sales@quantumgridsystems.io,https://www.quantumgridsystems.io,204,Manchester,UK,2026-06-21T04:24:51Z
2026-06-21,LMS,Golden TutorWorks,06024995440,contact@goldentutorworks.io,https://www.goldentutorworks.io,42,Berlin,DE,2026-06-21T01:32:50Z
2026-06-21,ERP,GoldenStockLogic,733.557.6386,info@goldenstocklogic.com,https://www.goldenstocklogic.com,9,Chicago,US,2026-06-21T05:24:02Z
2026-06-21,ERP,ZenResource Flow,254.492.5936,hello@zenresourceflow.io,https://zenresourceflow.io,95,Munich,DE,2026-06-21T04:14:10Z
2026-06-21,ERP,MetaFin Labs,382.307.5187,hello@metafinlabs.net,https://www.metafinlabs.net,25,Chicago,US,2026-06-21T01:24:57Z
2026-06-21,MSP Platform,Solid StackLabs,986-569-0841,info@solidstacklabs.com,solidstacklabs.com,976,Austin,US,2026-06-21T02:29:33Z
2026-06-21,Medical,Cobalt HealthLabs,04089860797,info@cobalthealthlabs.io,https://www.cobalthealthlabs.io,18,Columbus,US,2026-06-21T06:51:13Z
2026-06-21,ERP,AltaOps Solutions,1-708-893-5773,sales@altaopssolutions.com,https://altaopssolutions.com,23,Austin,US,2026-06-21T04:34:33Z
2026-06-21,Lgl,Nimbus CaseSync,6788333828,sales@nimbuscasesync.com,https://www.nimbuscasesync.com,266,London,UK,2026-06-21T05:27:12Z
2026-06-21,Medical,Crown ClinicSphere,1-807-222-7674 ext. 83,sales@crownclinicsphere.com,https://crownclinicsphere.com,55,Boston,US,2026-06-21T03:37:05Z
2026-06-21,MSP Platform,QuartzEndpoint Flow,5972573069,info@quartzendpointflow.com,https://www.quartzendpointflow.com,516,Denver,US,2026-06-21T03:45:33Z
2026-06-21,LMS,ApexSkillSync,(355) 210-7933,contact@apexskillsync.net,apexskillsync.net,389,London,UK,2026-06-21T03:27:52Z
2026-06-21,LEGAL ,TrueLaw Systems,+13756553360,sales@truelawsystems.io,https://truelawsystems.io,9,Melbourne,AU,2026-06-21T02:36:08Z
2026-06-21,MSP Platform,BlueTicket Sync,4265573008,hello@blueticketsync.com,https://www.blueticketsync.com,93,Lahore,PK,2026-06-21T03:17:40Z
2026-06-21,Medical,ZenVitalSphere,(963) 628-5800,info@zenvitalsphere.com,https://www.zenvitalsphere.com,8,Calgary,CA,2026-06-21T02:57:36Z
2026-06-21,HR,ZephyrTeamSuite,(659) 486-8046 ext. 11,sales@zephyrteamsuite.io,https://www.zephyrteamsuite.io,401,Chicago,US,2026-06-21T03:22:10Z
2026-06-21,LMS,NorthMentorLogic,(585) 292-2037,,https://www.northmentorlogic.com,48,Denver,US,2026-06-21T05:58:24Z
2026-06-21,MSP Platform,SummitEndpoint Base,715-737-9379,contact@summitendpointbase.net,https://www.summitendpointbase.net,781,Chicago,US,2026-06-21T06:15:22Z
2026-06-21,HR,PrimePayroll Systems,859-979-4514,contact@primepayrollsystems.com,https://www.primepayrollsystems.com,15,Denver,US,2026-06-21T05:47:46Z
2026-06-21,Medical,North VitalDesk,+1 (594) 985-7786,N/A,northvitaldesk.com,167,Seattle,US,2026-06-21T01:38:18Z
2026-06-21,MSP Platform,GraniteRemoteFlow,243-241-4369,hello@graniteremoteflow.com,https://www.graniteremoteflow.com,720,Columbus,US,2026-06-21T02:49:01Z
2026-06-21,Medical,OrbitCare Suite,785-633-5871,info@orbitcaresuite.com,https://www.orbitcaresuite.com,18,Denver,US,2026-06-21T06:56:11Z
2026-06-21,MSP Platform,CoreEndpoint Core,(577) 485-0460,contact@coreendpointcore.com,https://www.coreendpointcore.com,634,Vancouver,CA,2026-06-21T05:28:38Z
2026-06-21,Medical,QuartzTriage Dynamics,201-624-1829,contact@quartztriagedynamics.co,https://www.quartztriagedynamics.co,47,Austin,US,2026-06-21T04:55:44Z
2026-06-21,HR,RavenPayrollLogic,710-848-5225,sales@ravenpayrolllogic.com,https://ravenpayrolllogic.com,77,Denver,US,2026-06-21T01:37:50Z
2026-06-21,LMS,Core LearnLabs,2454635078,info@corelearnlabs.com,https://www.corelearnlabs.com,163,Seattle,US,2026-06-21T04:36:04Z
2026-06-21,HR,FalconCulture Platform,657-998-7373,hello@falconcultureplatform.com,https://www.falconcultureplatform.com,126,Seattle,US,2026-06-21T02:06:36Z
2026-06-21,LMS,SummitPathApp,4842889370 ext. 36,contact@summitpathapp.com,https://summitpathapp.com,12,Chicago,US,2026-06-21T03:17:05Z
2026-06-21,Medical,Fusion HealthPoint,(893) 374-0593,sales@fusionhealthpoint.io,https://www.fusionhealthpoint.io,157,Austin,US,2026-06-21T02:06:57Z
2026-06-21,Medical,Core TriageFlow,04236395514,info@coretriageflow.com,coretriageflow.com,177,Austin,US,2026-06-21T06:37:02Z
2026-06-21,HR,Arch PerformDynamics,465.669.3020,info@archperformdynamics.com,archperformdynamics.com,95,Melbourne,AU,2026-06-21T03:25:55Z
2026-06-21,LEGAL ,Cobalt BriefWorks,795-239-3284,contact@cobaltbriefworks.com,https://cobaltbriefworks.com,94,Seattle,US,2026-06-21T02:57:38Z
2026-06-21,HR,Pivot RosterSystems,+14479616729,hello@pivotrostersystems.com,https://pivotrostersystems.com,34,Atlanta,US,2026-06-21T02:33:40Z
2026-06-21,Legal,ZenCompli Soft,+17956230321,sales@zencomplisoft.co,zencomplisoft.co,323,Hyderabad,IN,2026-06-21T04:35:22Z
2026-06-21,HR,ZephyrBenefitSoft,+1 (252) 676-1576,sales@zephyrbenefitsoft.com,https://www.zephyrbenefitsoft.com,208,Boston,US,2026-06-21T01:23:52Z
2026-06-21,MSP Platform,Meta PatchDynamics,(970) 411-3722,hello@metapatchdynamics.com,metapatchdynamics.com,40,Boston,US,2026-06-21T06:13:44Z
2026-06-21,MSP Platform,WillowUptimeSolutions,1-464-702-2612,sales@willowuptimesolutions.net,https://www.willowuptimesolutions.net,53,Melbourne,AU,2026-06-21T02:12:03Z
2026-06-21,Medical,Summit TriagePlatform,(585) 553-1768,info@summittriageplatform.com,summittriageplatform.com,152,-,US,2026-06-21T04:07:32Z
2026-06-21,ERP,Falcon ForgeFlow,297.866.3438,info@falconforgeflow.com,https://www.falconforgeflow.com,41,Leeds,UK,2026-06-21T02:58:21Z
2026-06-21,ERP,FusionResourceSync,685-636-8158,sales@fusionresourcesync.io,https://fusionresourcesync.io,230,Hyderabad,IN,2026-06-21T01:12:53Z
2026-06-21,MSP Platform,CedarBenefit Logic,(310) 829-6312,hello@cedarbenefitlogic.net,https://www.cedarbenefitlogic.net,87,Raleigh,US,2026-06-21T02:16:28Z
2026-06-21,MSP Platform,Lattice RemoteApp,8248048579,info@latticeremoteapp.com,https://www.latticeremoteapp.com,900,Chicago,US,2026-06-21T05:16:14Z
2026-06-21,MSP Platform,ZenPatchWorks Solutions LLC,+12593825416,contact@zenpatchworks.com,https://zenpatchworks.com,12,Tampa,US,2026-06-21T02:20:27Z
2026-06-21,ERP,PrimeFin Soft,(593) 218-1793 ext. 80,hello@primefinsoft.com,https://www.primefinsoft.com,14,Leeds,UK,2026-06-21T06:22:54Z
2026-06-21,MSP Platform,SilvérPatchLogic,4668785748,-,https://www.silverpatchlogic.com,14,Boston,US,2026-06-21T05:50:27Z
2026-06-21,HR,ZenBenefit Sync,(549) 711-9642,hello@zenbenefitsync.com,https://www.zenbenefitsync.com,9,Chicago,US,2026-06-21T06:48:10Z
2026-06-21,Legal,MetaCounsel Labs,539-214-1044,contact@metacounsellabs.com,https://www.metacounsellabs.com,5,Singapore,SG,2026-06-21T05:27:30Z
2026-06-21,Medical,Anchor PulseSuite,909.253.6948,info@anchorpulsesuite.com,https://anchorpulsesuite.com,9,Leeds,UK,2026-06-21T01:33:17Z
2026-06-21,MSP Platform,UmbraTickét Hub,+12138380284,info@umbratickethub.io,https://www.umbratickethub.io,40,Munich,DE,2026-06-21T02:55:41Z
2026-06-21,ERP,MosaicLedger Point,(516) 215-1923,sales@mosaicledgerpoint.com,https://mosaicledgerpoint.com,18,Singapore,SG,2026-06-21T05:39:44Z
2026-06-21,legal,AtlasCaseSphere,(867) 576-2060,hello@atlascasesphere.net,https://www.atlascasesphere.net,29,Phoenix,US,2026-06-21T05:36:23Z
2026-06-21,Medical,Omni PatientSoft,(879) 897-2734,contact@omnipatientsoft.com,https://www.omnipatientsoft.com,38,Raleigh,US,2026-06-21T04:51:07Z
2026-06-21,legal,BoldCompliSoft,(399) 355-2828,info@boldcomplisoft.com,https://www.boldcomplisoft.com,416,Austin,US,2026-06-21T04:27:36Z
2026-06-21,MSP Platform,NovaTicket Point,525-820-6437,info@novaticketpoint.net,https://www.novaticketpoint.net,44,Sydney,AU,2026-06-21T03:15:20Z
2026-06-21,HR,Clear CultureTech,(723) 413-0534,sales@clearculturetech.net,https://www.clearculturetech.net,39,Phoenix,US,2026-06-21T04:56:07Z
2026-06-21,HR,CorePerformApp,866-227-6049,hello@coreperformapp.co,https://www.coreperformapp.co,251,Toronto,CA,2026-06-21T03:15:55Z
2026-06-21,legal,ApexClause Solutions,09318854032,hello@apexclausesolutions.com,https://www.apexclausesolutions.com,205,Leeds,UK,2026-06-21T01:31:09Z
2026-06-21,ERP,TrueFin Core,4296902105,sales@truefincore.io,https://truefincore.io,35,Atlanta,US,2026-06-21T01:46:31Z
2026-06-21,ERP,North ResourceDesk,+18685028799,sales@northresourcedesk.io,https://northresourcedesk.io,10,Seattle,US,2026-06-21T06:35:30Z
2026-06-21,HR,IronCultureDynamics,1-629-849-2826,N/A,https://www.ironculturedynamics.com,97,Denver,US,2026-06-21T02:59:11Z
2026-06-21,HR,Halo PerformSuite,(268) 938-2577,info@haloperformsuite.net,https://www.haloperformsuite.net,67,Boston,US,2026-06-21T05:01:16Z
2026-06-21,ERP,Vertex OrderDynamics,+16045265847,contact@vertexorderdynamics.com,https://www.vertexorderdynamics.com,5,Phoenix,US,2026-06-21T04:46:43Z
2026-06-21,Medical,NovaHealthHub,08564847058,contact@novahealthhub.co,https://www.novahealthhub.co,714,Austin,US,2026-06-21T02:30:34Z
2026-06-21,ERP,Vertex OpsPlatform,(661) 722-4602,sales@vertexopsplatform.com,https://vertexopsplatform.com,6,Munich,DE,2026-06-21T02:45:00Z
2026-06-21,MSP Platform,AnchorStack Logic,491.295.5937,sales@anchorstacklogic.co,anchorstacklogic.co,39,Manchester,UK,2026-06-21T02:36:15Z
2026-06-21,Legal,Omni ClauseCore,1-532-315-2210,info@omniclausecore.io,https://omniclausecore.io,34,Austin,US,2026-06-21T03:05:01Z
2026-06-21,ERP,PivotOps Flow,+15843753040,contact@pivotopsflow.com,https://pivotopsflow.com,316,Boston,US,2026-06-21T05:24:26Z
2026-06-21,HR,OnyxCulture Cloud,(621) 448-1436,sales@onyxculturecloud.com,https://www.onyxculturecloud.com,687,Islamabad,PK,2026-06-21T04:23:38Z
2026-06-21,ERP,Clear StockHub,8225110332,info@clearstockhub.com,https://clearstockhub.com,169,Seattle,US,2026-06-21T05:48:35Z
2026-06-21,HR,Solid’s TalentDynamics,(514) 644-1673,info@solidtalentdynamics.com,https://solidtalentdynamics.com,33,Chicago,US,2026-06-21T03:19:17Z
2026-06-21,HR,ArchTeamCloud,+1 (213) 381-5492 ext. 60,hello@archteamcloud.co,https://www.archteamcloud.co,,Columbus,US,2026-06-21T04:09:20Z
2026-06-21,HR,VeloTeam Base,6126170813,contact@veloteambase.com,https://www.veloteambase.com,42,Munich,DE,2026-06-21T02:02:29Z
2026-06-21,ERP,SilverForgePlatform,(212) 223-2066,info@silverforgeplatform.io,https://www.silverforgeplatform.io,33,Chicago,US,2026-06-21T03:17:24Z
2026-06-21,Medical,BrightRx Sync,+13914207654,contact@brightrxsync.com,https://www.brightrxsync.com,70,Raleigh,US,2026-06-21T03:36:42Z
2026-06-21,Legal,Orbit CompliCloud,+19123529234,info@orbitcomplicloud.com,https://orbitcomplicloud.com,7,Manchester,UK,2026-06-21T04:03:26Z
2026-06-21,legal,Atlas VerdictFlow,1-726-783-8692,info@atlasverdictflow.com,https://atlasverdictflow.com,12,Tampa,US,2026-06-21T05:10:14Z
2026-06-21,MSP Platform,IronMonitor Suite,(363) 323-9813,sales@ironmonitorsuite.com,https://ironmonitorsuite.com,57,Seattle,US,2026-06-21T02:33:26Z
2026-06-21,ERP,PioneerOpsWorks,+13808496495,info@pioneeropsworks.com,https://www.pioneeropsworks.com,14,Lahore,PK,2026-06-21T01:20:58Z
2026-06-21,Medical,Harbor RxCore,890-299-2420,contact@harborrxcore.com,https://www.harborrxcore.com,117,Tampa,US,2026-06-21T06:22:42Z
2026-06-21,HR,NimbusPayroll Systems,703.305.5700,hello@nimbuspayrollsystems.com,https://www.nimbuspayrollsystems.com,58,Denver,US,2026-06-21T03:11:41Z
2026-06-21,MSP Platform,Delta RemoteSoft,(700) 664-4564,hello@deltaremotesoft.io,deltaremotesoft.io,298,Amsterdam,NL,2026-06-21T04:49:33Z
2026-06-21,LEGAL ,RapidCounsel Flow,+19697786955,info@rapidcounselflow.com,rapidcounselflow.com,19,Raleigh,US,2026-06-21T03:25:08Z
2026-06-21,ERP,Arch LedgerCore,(581) 935-9174,info@archledgercore.io,https://www.archledgercore.io,689,Tampa,US,2026-06-21T01:44:54Z
2026-06-21,MSP Platform,NovaGridCloud Inc.,(292) 636-8648,info@novagridcloud.com,https://www.novagridcloud.com,66,Tampa,US,2026-06-21T06:40:04Z
2026-06-21,HR,True TalentWorks,1-724-635-2587,hello@truetalentworks.com,https://truetalentworks.com,68,Seattle,US,2026-06-21T04:40:40Z
2026-06-21,HR,Crest PeopleLabs,970.752.7857,hello@crestpeoplelabs.com,https://www.crestpeoplelabs.com,151,Sydney,AU,2026-06-21T03:54:52Z
2026-06-21,ERP,True BatchCore,+15946165080,hello@truebatchcore.net,https://truebatchcore.net,838,Atlanta,US,2026-06-21T05:22:14Z
2026-06-21,MSP Platform,Blue GridSystems,400-837-6485,hello@bluegridsystems.com,https://www.bluegridsystems.com,142,Karachi,PK,2026-06-21T02:38:23Z
2026-06-21,LMS,HaloTrainWorks,(713) 849-1890,sales@halotrainworks.com,https://halotrainworks.com,-,Toronto,CA,2026-06-21T03:37:20Z
2026-06-21,ERP,Pioneer FinSolutions,+15499117816,contact@pioneerfinsolutions.com,https://www.pioneerfinsolutions.com,40,Leeds,UK,2026-06-21T04:14:56Z
2026-06-21,Medical,ZenCareCore,673-945-8564,contact@zencarecore.io,https://www.zencarecore.io,106,Dublin,IE,2026-06-21T02:14:27Z
2026-06-21,HR,AltaTalent App,+14885912314,hello@altatalentapp.co,https://www.altatalentapp.co,52,Austin,US,2026-06-21T05:00:21Z
2026-06-21,ERP,EmberChain App,+1 (558) 709-4382,hello@emberchainapp.com,emberchainapp.com,378,Columbus,US,2026-06-21T03:35:49Z
2026-06-21,ERP,MetaStock Logic,(822) 387-5880,info@metastocklogic.net,https://www.metastocklogic.net,48,Columbus,US,2026-06-21T04:52:53Z
2026-06-21,HR,Fusion BenefitApp,+13569103892,contact@fusionbenefitapp.com,https://www.fusionbenefitapp.com,21,Atlanta,US,2026-06-21T03:41:12Z
2026-06-21,MSP Platform,PioneerPatchSphere,(552) 516-2591,sales@pioneerpatchsphere.net,https://www.pioneerpatchsphere.net,198,Raleigh,US,2026-06-21T05:06:43Z
2026-06-21,Medical,Ember HealthSystems,1-569-273-2463,hello@emberhealthsystems.com,emberhealthsystems.com,18,Calgary,CA,2026-06-21T06:26:58Z
2026-06-21,LMS,AnchorTutor Cloud,366.652.4639,info@anchortutorcloud.net,anchortutorcloud.net,971,Austin,US,2026-06-21T01:22:13Z
2026-06-21,Medical,BlueChartCloud,(853) 730-4030,sales@bluechartcloud.co,bluechartcloud.co,22,Atlanta,US,2026-06-21T04:35:15Z
2026-06-21,Medical,SilverTriage Systems,4868931393,hello@silvertriagesystems.co,https://silvertriagesystems.co,1774,Phoenix,US,2026-06-21T03:17:17Z
2026-06-21,HR,NimbusRosterSystems,+1 (207) 484-0583,hello@nimbusrostersystems.net,https://www.nimbusrostersystems.net,90,Tampa,US,2026-06-21T05:16:45Z
2026-06-21,HR,ClearOnboard Suite,(810) 870-3967,hello@clearonboardsuite.io,https://www.clearonboardsuite.io,11,Phoenix,US,2026-06-21T04:01:59Z
2026-06-21,HR,OmniCultureSolutions,1-798-980-0506,contact@omniculturesolutions.com,https://www.omniculturesolutions.com,427,Leeds,UK,2026-06-21T01:02:34Z
2026-06-21,MSP Platform,EmberStackHub,(208) 710-5017,info@emberstackhub.net,https://emberstackhub.net,395,Berlin,DE,2026-06-21T05:42:00Z
2026-06-21,Medical,VertexPatient Desk,315.875.8615,hello@vertexpatientdesk.net,https://www.vertexpatientdesk.net,19,Atlanta,US,2026-06-21T02:18:48Z
2026-06-21,HR,RapidRosterHub,5647687550,contact@rapidrosterhub.com,https://www.rapidrosterhub.com,21,Phoenix,US,2026-06-21T05:52:20Z
2026-06-21,LEGAL ,Falcon DocketSoft,+1 (890) 488-7904,hello@falcondocketsoft.co,https://www.falcondocketsoft.co,10,Toronto,CA,2026-06-21T01:37:15Z
2026-06-21,Medical,IndigoPatient Sync,+1 (351) 588-6870,contact@indigopatientsync.com,https://www.indigopatientsync.com,282,London,UK,2026-06-21T02:54:57Z
2026-06-21,Medical,Vista Rx Consulting Group,+1 (767) 222-8087,hello@vistarxconsultinggroup.io,https://vistarxconsultinggroup.io,493,Austin,US,2026-06-21T03:15:17Z
2026-06-21,HR,Umbra Shift Consultants,(557) 294-5305,sales@umbrashiftconsultants.com,https://www.umbrashiftconsultants.com,137,Sydney,AU,2026-06-21T03:19:19Z
2026-06-21,Legal,KeystoneFiling Point,629-392-7394,sales@keystonefilingpoint.com,https://keystonefilingpoint.com,283,Raleigh,US,2026-06-21T01:23:53Z
2026-06-21,Medical,HaloPatientApp,+16075332065,info@halopatientapp.io,https://halopatientapp.io,9,Bengaluru,IN,2026-06-21T04:07:19Z
2026-06-21,ERP,Golden OpsPlatform,930-314-7396,sales@goldenopsplatform.net,https://www.goldenopsplatform.net,930,Vancouver,CA,2026-06-21T02:26:47Z
2026-06-21,HR,Bright BenefitSoft,+1 (760) 496-8606,info@brightbenefitsoft.io,https://brightbenefitsoft.io,77,Vancouver,CA,2026-06-21T03:01:36Z
2026-06-21,ERP,Fusion OpsSuite,+18947255382,sales@fusionopssuite.com,https://www.fusionopssuite.com,65,Raleigh,US,2026-06-21T03:16:49Z
2026-06-21,Medical,SummitClinic Sync,+1 (753) 593-3788,contact@summitclinicsync.com,https://summitclinicsync.com,56,Chicago,US,2026-06-21T04:52:37Z
2026-06-21,ERP,Crown LedgerCloud,252.544.3661,hello@crownledgercloud.com,https://www.crownledgercloud.com,31,Singapore,SG,2026-06-21T01:46:15Z
2026-06-21,legal,Falcon CaseApp,(936) 300-9048,hello@falconcaseapp.com,https://www.falconcaseapp.com,42,Phoenix,US,2026-06-21T02:48:46Z
2026-06-21,HR,SolidOnboardBase,(228) 641-6966,info@solidonboardbase.com,https://www.solidonboardbase.com,20,Raleigh,US,2026-06-21T04:14:06Z
2026-06-21,MSP Platform,NorthUptime Cloud,+1 (415) 235-0093,hello@northuptimecloud.com,northuptimecloud.com,72,Phoenix,US,2026-06-21T04:21:00Z
2026-06-21,MSP Platform,CrestEndpoint Labs,335.969.8932 ext. 64,hello@crestendpointlabs.com,https://crestendpointlabs.com,18,Leeds,UK,2026-06-21T02:44:09Z
2026-06-21,HR,Summit PayrollDynamics,1-422-611-5547,hello@summitpayrolldynamics.com,https://www.summitpayrolldynamics.com,979,Dublin,IE,2026-06-21T05:14:10Z
2026-06-21,legal,RidgeClause Works,+17458159268,info@ridgeclauseworks.com,https://www.ridgeclauseworks.com,4118,Columbus,US,2026-06-21T05:50:38Z
2026-06-21,HR,CedarPayroll Tech,610-948-0799,sales@cedarpayrolltech.com,cedarpayrolltech.com,838,Austin,US,2026-06-21T02:55:22Z
2026-06-21,ERP,SolidChainTech,5532591566,info@solidchaintech.com,https://www.solidchaintech.com,543,Atlanta,US,2026-06-21T06:04:25Z
2026-06-21,Legal,Quartz BriefPoint,1-799-518-8395,sales@quartzbriefpoint.com,https://quartzbriefpoint.com,71,Boston,US,2026-06-21T02:32:33Z
2026-06-21,ERP,ArchOps Suite,(300) 859-2310,info@archopssuite.com,https://www.archopssuite.com,272,Seattle,US,2026-06-21T05:35:30Z
2026-06-21,MSP Platform,Solid Monitor Manpower Services,730.277.2554 ext. 54,hello@solidmonitormanpowerservices.io,solidmonitormanpowerservices.io,30,Seattle,US,2026-06-21T01:21:00Z
2026-06-21,ERP,Raven Resource Manpower Services,1-945-772-9158,sales@ravenresourcemanpowerservices.com,https://www.ravenresourcemanpowerservices.com,151,Leeds,UK,2026-06-21T06:43:29Z
2026-06-21,Legal,Halo BriefSolutions,+14828902811,sales@halobriefsolutions.com,https://halobriefsolutions.com,12,Toronto,CA,2026-06-21T06:22:45Z
2026-06-21,ERP,SummitFin Cloud,1-237-616-7273,info@summitfincloud.com,https://summitfincloud.com,596,Bengaluru,IN,2026-06-21T01:59:32Z
2026-06-21,HR,GoldenPerformSolutions,1-641-549-1234,info@goldenperformsolutions.com,https://www.goldenperformsolutions.com,8,Seattle,US,2026-06-21T05:10:32Z
2026-06-21,MSP Platform,DeltaRemote Labs,555-771-2770,info@deltaremotelabs.com,https://www.deltaremotelabs.com,53,Pune,IN,2026-06-21T05:00:48Z
2026-06-21,MSP Platform,Willow TicketSystems,(920) 578-0488 ext. 57,sales@willowticketsystems.com,https://willowticketsystems.com,N/A,Austin,US,2026-06-21T01:48:08Z
2026-06-21,ERP,BrightForgeSphere,586-887-4268,sales@brightforgesphere.com,https://www.brightforgesphere.com,19,Seattle,US,2026-06-21T04:54:29Z
2026-06-21,ERP,Delta ForgeCloud,+16032881126 ext. 32,hello@deltaforgecloud.io,https://www.deltaforgecloud.io,,Austin,US,2026-06-21T04:45:40Z
2026-06-21,ERP,ArchPlanDesk,986.832.4454,hello@archplandesk.com,https://www.archplandesk.com,36,Seattle,US,2026-06-21T01:32:58Z
2026-06-21,Medical,VistaRx Base,228-843-2130,sales@vistarxbase.com,https://www.vistarxbase.com,408,Karachi,PK,2026-06-21T04:09:14Z
2026-06-21,LMS,SableTutor Soft,827-385-3003,contact@sabletutorsoft.io,https://sabletutorsoft.io,20,Chicago,US,2026-06-21T02:52:39Z
2026-06-21,Medical,CrestHealth Works,311-393-1756,hello@cresthealthworks.com,https://www.cresthealthworks.com,18,Calgary,CA,2026-06-21T04:51:03Z
2026-06-21,Medical,Vista VitalSystems,+14557430551,hello@vistavitalsystems.net,https://vistavitalsystems.net,237,Boston,US,2026-06-21T03:37:28Z
2026-06-21,Medical,CobaltTriageSolutions,1-283-676-0221,contact@cobalttriagesolutions.com,https://www.cobalttriagesolutions.com,80,Raleigh,US,2026-06-21T05:00:59Z
2026-06-21,HR,HaloUptime Flow,+14988347153 ext. 19,hello@halouptimeflow.net,https://halouptimeflow.net,408,Chicago,US,2026-06-21T06:36:07Z
2026-06-21,ERP,EmberPlan Core,(567) 734-8914,,https://emberplancore.co,35,Seattle,US,2026-06-21T01:55:52Z
2026-06-21,MSP Platform,CrownTicket Sync,3557215667,contact@crownticketsync.co,https://crownticketsync.co,78,Columbus,US,2026-06-21T04:49:10Z
2026-06-21,ERP,Apex BatchDynamics,+13159926369,null,https://www.apexbatchdynamics.com,18,Phoenix,US,2026-06-21T04:15:39Z
2026-06-21,Medical,FalconHealthHub,1-407-810-0553,info@falconhealthhub.io,https://www.falconhealthhub.io,3397,Raleigh,US,2026-06-21T01:19:08Z
2026-06-21,MSP Platform,SilverStack Works,+12599642391,hello@silverstackworks.io,https://www.silverstackworks.io,-,London,UK,2026-06-21T05:04:18Z
2026-06-21,ERP,Falcon ResourceCore,(837) 524-8424,sales@falconresourcecore.io,https://www.falconresourcecore.io,68,Tampa,US,2026-06-21T03:57:28Z
2026-06-21,MSP Platform,True PatchDynamics,+1 (304) 669-5706,sales@truepatchdynamics.io,https://www.truepatchdynamics.io,35,Tampa,US,2026-06-21T01:23:41Z
2026-06-21,Lgl,AnchorRxHub,6422728773,contact@anchorrxhub.com,https://www.anchorrxhub.com,32,Columbus,US,2026-06-21T01:51:20Z
2026-06-21,HR,ZenPerformSolutions,+1 (670) 602-8695,hello@zenperformsolutions.co,https://www.zenperformsolutions.co,4537,Pune,IN,2026-06-21T02:14:52Z
2026-06-21,MSP Platform,OrbitGrid Hub,5955793580,sales@orbitgridhub.co,https://www.orbitgridhub.co,23,Columbus,US,2026-06-21T01:21:08Z
2026-06-21,Medical,SilverClinic Core,426.261.6811,sales@silvercliniccore.com,https://www.silvercliniccore.com,78,Chicago,US,2026-06-21T02:37:41Z
2026-06-21,MSP Platform,RapidUptime Sphere,575-208-1002 ext. 33,hello@rapiduptimesphere.com,https://www.rapiduptimesphere.com,null,Chicago,US,2026-06-21T01:00:02Z
2026-06-21,Legal,AnchorLaw Systems,+18869282373,info@anchorlawsystems.com,https://www.anchorlawsystems.com,285,London,UK,2026-06-21T05:16:01Z
2026-06-21,Medical,Rapid MedWorks,+16167551794,sales@rapidmedworks.io,https://rapidmedworks.io,48,Melbourne,AU,2026-06-21T05:16:52Z
2026-06-21,ERP,Lattice OpsPoint,+16519734038,info@latticeopspoint.com,https://latticeopspoint.com,33,Phoenix,US,2026-06-21T02:51:52Z
2026-06-21,LEGAL ,CobaltMatter Core,+1 (477) 363-2900,hello@cobaltmattercore.com,https://cobaltmattercore.com,45,Austin,US,2026-06-21T04:04:02Z
2026-06-21,MSP Platform,UmbraPatchSuite,729-698-3636,hello@umbrapatchsuite.com,https://www.umbrapatchsuite.com,12,Denver,US,2026-06-21T05:47:03Z
2026-06-21,legal,NorthCase Dynamics,1-970-661-9864,sales@northcasedynamics.com,https://northcasedynamics.com,10,Denver,US,2026-06-21T01:48:50Z
2026-06-21,ERP,Cobalt StockSuite,335-349-3934,contact@cobaltstocksuite.io,https://www.cobaltstocksuite.io,689,Hyderabad,IN,2026-06-21T03:09:27Z
2026-06-21,Medical,OmniTriage Desk,227-375-1570,info@omnitriagedesk.com,https://omnitriagedesk.com,128,Austin,US,2026-06-21T06:48:33Z
2026-06-21,Legal,Xenon DocketHub,+13253685945,hello@xenondockethub.io,https://www.xenondockethub.io,20,Austin,US,2026-06-21T03:11:52Z
2026-06-21,ERP,LumenChainFlow,765-778-9240,contact@lumenchainflow.net,https://www.lumenchainflow.net,164,Atlanta,US,2026-06-21T03:10:56Z
2026-06-21,Legal,Vertex LawApp,1-977-911-4095,info@vertexlawapp.co,https://www.vertexlawapp.co,21,Atlanta,US,2026-06-21T06:40:41Z
2026-06-21,MSP Platform,PioneerTicket Point,+12615141393,info@pioneerticketpoint.io,https://pioneerticketpoint.io,32,Sydney,AU,2026-06-21T03:41:22Z
2026-06-21,Medical,GoldenClinicSuite,+19183447008,contact@goldenclinicsuite.co,https://www.goldenclinicsuite.co,58,Austin,US,2026-06-21T03:25:02Z
2026-06-21,Legal,Velo CaseTech,419-802-6328,info@velocasetech.co,https://velocasetech.co,77,Berlin,DE,2026-06-21T05:37:10Z
2026-06-21,MSP Platform,NorthPatchSuite,+1 (716) 760-5930,sales@northpatchsuite.net,https://northpatchsuite.net,9,Denver,US,2026-06-21T02:24:49Z
2026-06-21,Medical,GoldenPatientDynamics,636-981-6100,sales@goldenpatientdynamics.net,https://www.goldenpatientdynamics.net,72,Vancouver,CA,2026-06-21T04:32:54Z
2026-06-21,Medical,ZephyrTriageSphere,09208181906,hello@zephyrtriagesphere.com,https://www.zephyrtriagesphere.com,4329,Columbus,US,2026-06-21T03:33:12Z
2026-06-21,LMS,Solid LessonCloud,654-978-1655,hello@solidlessoncloud.com,https://www.solidlessoncloud.com,386,Singapore,SG,2026-06-21T04:33:17Z
2026-06-21,ERP,Delta OpsBase,(709) 314-0073,hello@deltaopsbase.com,https://www.deltaopsbase.com,9,Boston,US,2026-06-21T02:09:40Z
2026-06-21,ERP,PrimeStock Hub,(309) 890-7571 ext. 83,contact@primestockhub.com,https://primestockhub.com,17,Phoenix,US,2026-06-21T04:39:11Z
2026-06-21,MSP Platform,OmniGridCore,(487) 592-8348,N/A,https://www.omnigridcore.net,10,Toronto,CA,2026-06-21T02:45:29Z
2026-06-21,MSP Platform,ClearRemotePoint,1-710-887-9289,contact@clearremotepoint.net,https://www.clearremotepoint.net,31,Raleigh,US,2026-06-21T01:42:56Z
2026-06-21,Medical,ZenCare Works,807-986-1892,hello@zencareworks.com,https://www.zencareworks.com,794,Boston,US,2026-06-21T06:29:29Z
2026-06-21,Legal,ZephyrVerdict Flow,+14608732479,sales@zephyrverdictflow.com,https://www.zephyrverdictflow.com,323,Atlanta,US,2026-06-21T06:56:51Z
2026-06-21,MSP Platform,Vista NodeCore,3349604155,contact@vistanodecore.net,https://www.vistanodecore.net,320,Munich,DE,2026-06-21T05:57:51Z
2026-06-21,Medical,PivotPulse Labs,+12168152955,contact@pivotpulselabs.io,https://www.pivotpulselabs.io,311,Seattle,US,2026-06-21T02:29:14Z
2026-06-21,MSP Platform,Keystone PatchCore,1-418-768-3029,sales@keystonepatchcore.com,https://www.keystonepatchcore.com,35,Melbourne,AU,2026-06-21T01:58:44Z
2026-06-21,MSP Platform,Silver GridCloud,+16569380170,sales@silvergridcloud.com,https://www.silvergridcloud.com,46,Dublin,IE,2026-06-21T06:19:31Z
2026-06-21,ERP,CedarFin Point,875-922-5130,hello@cedarfinpoint.io,cedarfinpoint.io,8,Seattle,US,2026-06-21T04:38:24Z
2026-06-21,ERP,BoldForge Soft,(840) 803-6207,contact@boldforgesoft.com,https://www.boldforgesoft.com,28,Atlanta,US,2026-06-21T01:33:42Z
2026-06-21,HR,RavenRoster Suite,426-481-6707,sales@ravenrostersuite.io,ravenrostersuite.io,201,Tampa,US,2026-06-21T06:33:20Z
2026-06-21,LMS,Arch MentorSphere,(691) 382-5440,info@archmentorsphere.com,https://www.archmentorsphere.com,26,Karachi,PK,2026-06-21T02:51:48Z
2026-06-21,MSP Platform,BrightUptime App,1-245-441-6222,contact@brightuptimeapp.com,https://brightuptimeapp.com,10,Melbourne,AU,2026-06-21T02:18:11Z
2026-06-21,ERP,Alta StockBase,234-276-5551,info@altastockbase.net,https://www.altastockbase.net,265,Boston,US,2026-06-21T02:59:52Z
2026-06-21,ERP,PolarisChain Logic,+1 (712) 983-6922,-,polarischainlogic.io,28,Leeds,UK,2026-06-21T03:14:54Z
2026-06-21,MSP Platform,RidgewayStack Dynamics,+19384245363,info@ridgewaystackdynamics.com,https://ridgewaystackdynamics.com,94,Boston,US,2026-06-21T04:49:15Z
2026-06-21,ERP,Ridge OpsPlatform,757-909-0428 ext. 74,info@ridgeopsplatform.net,https://www.ridgeopsplatform.net,16,Atlanta,US,2026-06-21T02:19:51Z
2026-06-21,HR,Umbra OnboardTech,3003914956,sales@umbraonboardtech.com,https://www.umbraonboardtech.com,2846,Toronto,CA,2026-06-21T06:03:03Z
2026-06-21,ERP,QuartzFinCore,4554238128,N/A,https://quartzfincore.com,198,Bengaluru,IN,2026-06-21T01:11:35Z
2026-06-21,MSP Platform,UmbraTicket’s Base,+17165848452,hello@umbraticketbase.com,https://umbraticketbase.com,11,Denver,US,2026-06-21T03:24:39Z
2026-06-21,HR,ZenTalent Sphere,+12757685535,contact@zentalentsphere.io,https://www.zentalentsphere.io,21,Denver,US,2026-06-21T04:05:06Z
2026-06-21,ERP,Bold PlanTech,+1 (875) 785-8563,contact@boldplantech.com,https://www.boldplantech.com,47,Tampa,US,2026-06-21T02:44:51Z
2026-06-21,LMS,RidgeMentor Sync,(948) 623-1614,sales@ridgementorsync.io,https://www.ridgementorsync.io,45,Tampa,US,2026-06-21T02:43:33Z
2026-06-21,Legal,Nimbus VerdictFlow,+1 (277) 774-1404,info@nimbusverdictflow.net,https://www.nimbusverdictflow.net,789,Austin,US,2026-06-21T06:53:31Z
2026-06-21,Lgl,EmberCaseDesk,(925) 237-2105,contact@embercasedesk.io,https://www.embercasedesk.io,76,Atlanta,US,2026-06-21T04:24:00Z
2026-06-21,HR,ArchShift Flow,+15933151219,info@archshiftflow.com,https://archshiftflow.com,235,Atlanta,US,2026-06-21T01:49:38Z
2026-06-21,HR,Core PayrollApp,(217) 812-7221,hello@corepayrollapp.com,https://www.corepayrollapp.com,166,,US,2026-06-21T03:18:02Z
2026-06-21,MSP Platform,Ember Endpoint Outsourcing,+1 (664) 637-1868,sales@emberendpointoutsourcing.com,https://emberendpointoutsourcing.com,8,Chicago,US,2026-06-21T04:24:08Z
2026-06-21,legal,SilverCounselTech,+1 (984) 977-3646 ext. 33,sales@silvercounseltech.com,https://silvercounseltech.com,42,Austin,US,2026-06-21T05:22:15Z
2026-06-21,Medical,Bold HealthSolutions,+17008476070,info@boldhealthsolutions.com,https://www.boldhealthsolutions.com,188,Melbourne,AU,2026-06-21T02:51:27Z
2026-06-21,ERP,SableBatchBase,(885) 715-3675,contact@sablebatchbase.com,https://www.sablebatchbase.com,7,Boston,US,2026-06-21T03:56:23Z
2026-06-21,Legal,Core BriefSystems,(493) 952-9466 ext. 80,info@corebriefsystems.com,corebriefsystems.com,91,Vancouver,CA,2026-06-21T04:44:05Z
2026-06-21,MSP Platform,HarborEndpointSystems,(580) 370-8721,contact@harborendpointsystems.co,https://harborendpointsystems.co,2451,Denver,US,2026-06-21T03:46:59Z
2026-06-21,ERP,RidgewayChain Dynamics,818-240-6319,info@ridgewaychaindynamics.com,https://www.ridgewaychaindynamics.com,18,Bengaluru,IN,2026-06-21T06:23:50Z
2026-06-21,MSP Platform,CedarTicketBase,425-846-1182,info@cedarticketbase.com,cedarticketbase.com,40,Chicago,US,2026-06-21T02:19:57Z
2026-06-21,LMS,VeloLearnTech,434-937-2129,hello@velolearntech.io,velolearntech.io,40,Bengaluru,IN,2026-06-21T03:21:29Z
2026-06-21,ERP,PrimeOpsDynamics,(796) 578-9804,contact@primeopsdynamics.co,https://www.primeopsdynamics.co,85,Sydney,AU,2026-06-21T06:23:06Z
2026-06-21,Medical,RapidVital Cloud,235.695.5103,info@rapidvitalcloud.com,https://rapidvitalcloud.com,,Atlanta,US,2026-06-21T01:14:51Z
2026-06-21,HR,IndigoBenefit Base,905.480.8284,contact@indigobenefitbase.com,indigobenefitbase.com,298,Phoenix,US,2026-06-21T05:22:57Z
2026-06-21,HR,BrightTeamSolutions,+12612069969,contact@brightteamsolutions.com,https://brightteamsolutions.com,15,Seattle,US,2026-06-21T02:17:47Z
2026-06-21,MSP Platform,VeloMonitorWorks,+13715889935,hello@velomonitorworks.com,https://www.velomonitorworks.com,20,Sydney,AU,2026-06-21T05:37:20Z
2026-06-21,ERP,NovaOpsCore,(936) 341-7603 ext. 48,hello@novaopscore.com,https://novaopscore.com,32,Columbus,US,2026-06-21T04:42:19Z
2026-06-21,ERP,BlueFinDynamics,378-395-4252,contact@bluefindynamics.co,https://www.bluefindynamics.co,23,Tampa,US,2026-06-21T01:28:16Z
2026-06-21,HR,MosaicRoster Solutions,+13475739067,hello@mosaicrostersolutions.com,https://mosaicrostersolutions.com,46,Atlanta,US,2026-06-21T01:20:32Z
2026-06-21,ERP,LatticeStockFlow,7054625939,,https://latticestockflow.io,18,Tampa,US,2026-06-21T01:39:12Z
2026-06-21,HR,LatticeTalentBase,1-241-813-8253,info@latticetalentbase.com,https://www.latticetalentbase.com,9,Seattle,US,2026-06-21T06:29:49Z
2026-06-21,Medical,LumenClinicSolutions,04993494667 ext. 10,info@lumenclinicsolutions.com,https://www.lumenclinicsolutions.com,7,Vancouver,CA,2026-06-21T01:34:04Z
2026-06-21,HR,EmberTeam Dynamics,(234) 865-9174,N/A,https://emberteamdynamics.com,18,Atlanta,US,2026-06-21T02:46:03Z
2026-06-21,ERP,Cobalt OrderLabs,8093414842,contact@cobaltorderlabs.com,https://www.cobaltorderlabs.com,-,Chicago,US,2026-06-21T02:37:42Z
2026-06-21,ERP,Alta OpsSuite,866-573-2081,sales@altaopssuite.io,https://altaopssuite.io,6,Melbourne,AU,2026-06-21T04:32:35Z
2026-06-21,HR,JuniperOnboardApp,+1 (767) 333-4234,sales@juniperonboardapp.net,https://www.juniperonboardapp.net,7,Lahore,PK,2026-06-21T06:53:30Z
2026-06-21,Legal,BrightStockLabs,570-289-3813,sales@brightstocklabs.com,https://www.brightstocklabs.com,N/A,Boston,US,2026-06-21T04:06:16Z
2026-06-21,Medical,Bold HealthBase,+17914333103,sales@boldhealthbase.com,https://www.boldhealthbase.com,8,Chicago,US,2026-06-21T01:10:34Z
2026-06-21,MSP Platform,OnyxPatch App,490-519-3222,hello@onyxpatchapp.com,https://www.onyxpatchapp.com,179,Seattle,US,2026-06-21T01:55:22Z
2026-06-21,MSP Platform,Crest MonitorSoft,8363643224,sales@crestmonitorsoft.com,https://crestmonitorsoft.com,114,Manchester,UK,2026-06-21T05:21:09Z
2026-06-21,Medical,Beacon PatientSystems,+16147784982,info@beaconpatientsystems.com,https://www.beaconpatientsystems.com,14,Manchester,UK,2026-06-21T05:57:33Z
2026-06-21,LEGAL ,CoreCase Point,+1 (717) 872-6828,contact@corecasepoint.com,https://www.corecasepoint.com,36,London,UK,2026-06-21T01:30:33Z
2026-06-21,LMS,BeaconLearnLogic,(684) 734-2146,hello@beaconlearnlogic.io,https://beaconlearnlogic.io,30,Tampa,US,2026-06-21T03:53:19Z
2026-06-21,Legal,Clear VerdictTech,890-447-3629,contact@clearverdicttech.com,https://www.clearverdicttech.com,283,Toronto,CA,2026-06-21T04:45:51Z
2026-06-21,LMS,RidgewayTutor Platform,7116317824,hello@ridgewaytutorplatform.com,https://ridgewaytutorplatform.com,755,Toronto,CA,2026-06-21T01:15:54Z
2026-06-21,Lgl,LumenVerdictLabs,1-694-205-3516,info@lumenverdictlabs.com,lumenverdictlabs.com,4035,Vancouver,CA,2026-06-21T06:11:15Z
2026-06-21,Lgl,BrightClausePlatform,(950) 806-1134,sales@brightclauseplatform.io,https://brightclauseplatform.io,11,Toronto,CA,2026-06-21T02:42:25Z
2026-06-21,HR,RapidPayroll Flow,559-909-1506,info@rapidpayrollflow.com,https://www.rapidpayrollflow.com,13,Hyderabad,IN,2026-06-21T05:39:01Z
2026-06-21,LMS,Nova SkillTech,1-386-421-0909,info@novaskilltech.co,https://www.novaskilltech.co,480,Hyderabad,IN,2026-06-21T06:21:25Z
2026-06-21,MSP Platform,Bold StackSuite,322.285.5449,sales@boldstacksuite.com,https://www.boldstacksuite.com,941,Atlanta,US,2026-06-21T05:10:07Z
2026-06-21,LEGAL ,ApexFiling Platform,(900) 950-2815,hello@apexfilingplatform.net,https://www.apexfilingplatform.net,972,Leeds,UK,2026-06-21T01:43:20Z
2026-06-21,MSP Platform,HaloStackDynamics’s,+1 (664) 392-4431,info@halostackdynamics.com,https://halostackdynamics.com,595,Bengaluru,IN,2026-06-21T03:50:07Z
2026-06-21,MSP Platform,FusionMonitor Labs,299.392.2165,contact@fusionmonitorlabs.com,https://fusionmonitorlabs.com,2166,Chicago,US,2026-06-21T03:16:40Z
2026-06-21,Medical,NovaCareSuite,+14549001644,info@novacaresuite.io,https://novacaresuite.io,142,Bengaluru,IN,2026-06-21T02:32:47Z
2026-06-21,LMS,XenonMentorLogic,218.640.2458,contact@xenonmentorlogic.com,https://www.xenonmentorlogic.com,19,London,UK,2026-06-21T06:28:12Z
2026-06-21,HR,BeaconPerformSystems,(775) 705-4221,contact@beaconperformsystems.com,https://www.beaconperformsystems.com,,Hyderabad,IN,2026-06-21T02:09:02Z
2026-06-21,HR,Prime Shift Recruiting,5195689074,contact@primeshiftrecruiting.com,primeshiftrecruiting.com,50,Vancouver,CA,2026-06-21T02:19:44Z
2026-06-21,legal,VistaFiling Platform,(632) 426-3648,hello@vistafilingplatform.io,https://www.vistafilingplatform.io,6,Columbus,US,2026-06-21T02:24:25Z
2026-06-21,ERP,Raven PlanDesk,820.605.3637,info@ravenplandesk.com,ravenplandesk.com,976,Leeds,UK,2026-06-21T04:24:36Z
2026-06-21,ERP,Ridgeway StockSoft,+16862659397,hello@ridgewaystocksoft.com,https://www.ridgewaystocksoft.com,159,Tampa,US,2026-06-21T02:10:05Z
2026-06-21,ERP,AnchorOrderSync,454-973-6562,contact@anchorordersync.com,https://www.anchorordersync.com,33,Chicago,US,2026-06-21T02:39:35Z
2026-06-21,ERP,Onyx ChainTech,+1 (288) 904-4613,sales@onyxchaintech.com,https://www.onyxchaintech.com,14,Calgary,CA,2026-06-21T03:24:26Z
2026-06-21,HR,GranitePeopleCore,901-713-9702,hello@granitepeoplecore.com,https://www.granitepeoplecore.com,12,Chicago,US,2026-06-21T03:29:22Z
2026-06-21,MSP Platform,VertexPatchHub,501-793-4388,sales@vertexpatchhub.net,https://www.vertexpatchhub.net,217,Berlin,DE,2026-06-21T05:32:08Z
2026-06-21,ERP,OrbitPlanHub,(305) 349-6993,contact@orbitplanhub.io,https://www.orbitplanhub.io,398,Raleigh,US,2026-06-21T06:26:45Z
2026-06-21,ERP,RidgewayPlan Solutions,845-480-1322,hello@ridgewayplansolutions.co,https://ridgewayplansolutions.co,9,London,UK,2026-06-21T04:03:46Z
2026-06-21,ERP,VertexStockDesk,872-435-7376 ext. 36,hello@vertexstockdesk.com,vertexstockdesk.com,47,Raleigh,US,2026-06-21T04:28:48Z
2026-06-21,Medical,UmbraRxSync,+1 (445) 715-3707,contact@umbrarxsync.com,https://www.umbrarxsync.com,338,London,UK,2026-06-21T06:32:14Z
2026-06-21,Medical,AnchorRx App,+15997464857,hello@anchorrxapp.net,https://www.anchorrxapp.net,107,Columbus,US,2026-06-21T01:47:30Z
2026-06-21,HR,MetaPeople Platform,715-698-7089,hello@metapeopleplatform.com,https://metapeopleplatform.com,6,Munich,DE,2026-06-21T01:30:32Z
2026-06-21,MSP Platform,FalconNetSync,+17683500679,hello@falconnetsync.com,https://www.falconnetsync.com,22,Calgary,CA,2026-06-21T06:29:10Z
2026-06-21,MSP Platform,HaloGrid Desk,(210) 870-8331,contact@halogriddesk.io,https://www.halogriddesk.io,31,Berlin,DE,2026-06-21T05:53:52Z
2026-06-21,Medical,Velo MedLabs,1-601-579-5052,contact@velomedlabs.io,velomedlabs.io,247,-,IN,2026-06-21T03:08:06Z
2026-06-21,Medical,Sable VitalSync,826-206-2294,contact@sablevitalsync.com,https://www.sablevitalsync.com,N/A,Denver,US,2026-06-21T01:04:42Z
2026-06-21,ERP,SummitOrder App,650-706-7306,sales@summitorderapp.co,https://www.summitorderapp.co,75,Phoenix,US,2026-06-21T01:17:52Z
2026-06-21,Medical,Delta PatientSoft,(230) 268-8337,contact@deltapatientsoft.io,https://deltapatientsoft.io,450,Atlanta,US,2026-06-21T04:56:41Z
2026-06-21,LMS,GranitePath Base,+16648994969,,https://granitepathbase.net,172,Pune,IN,2026-06-21T06:53:28Z
2026-06-21,HR,VertexBenefit Tech,829-921-2468,sales@vertexbenefittech.com,vertexbenefittech.com,12,Phoenix,US,2026-06-21T02:24:17Z
2026-06-21,MSP Platform,VertexGrid Base,5887738732,-,https://vertexgridbase.com,61,Raleigh,US,2026-06-21T02:56:51Z
2026-06-21,HR,Ridge PerformHub,(905) 682-7584,hello@ridgeperformhub.co,https://www.ridgeperformhub.co,9,Pune,IN,2026-06-21T01:44:14Z
2026-06-21,HR,RidgewayRosterLogic,662-735-9405,sales@ridgewayrosterlogic.co,ridgewayrosterlogic.co,13,Boston,US,2026-06-21T05:26:42Z
2026-06-21,HR,Cobalt BenefitDesk,3119723608,contact@cobaltbenefitdesk.io,https://www.cobaltbenefitdesk.io,34,Austin,US,2026-06-21T04:12:37Z
2026-06-21,HR,RapidTeamSolutions,5625209256,hello@rapidteamsolutions.co,https://www.rapidteamsolutions.co,73,Boston,US,2026-06-21T04:42:31Z
2026-06-21,HR,Bold TalentApp,4996241234,hello@boldtalentapp.com,https://www.boldtalentapp.com,11,Boston,US,2026-06-21T06:06:50Z
2026-06-21,MSP Platform,BlueRemoteSuite,7572778211,contact@blueremotesuite.com,https://www.blueremotesuite.com,7,Phoenix,US,2026-06-21T06:50:59Z
2026-06-21,Legal,CrestVerdict Systems,1-389-325-5495,info@crestverdictsystems.com,https://www.crestverdictsystems.com,31,Amsterdam,NL,2026-06-21T04:44:18Z
2026-06-21,ERP,RapidOrder App,(549) 375-0379,sales@rapidorderapp.co,https://www.rapidorderapp.co,382,Boston,US,2026-06-21T04:56:35Z
2026-06-21,Medical,Quartz MedPlatform,+18464261680,hello@quartzmedplatform.com,https://www.quartzmedplatform.com,29,Chicago,US,2026-06-21T04:30:29Z
2026-06-21,HR,IndigoPerformSphere,+19057848115,N/A,https://www.indigoperformsphere.io,24,Denver,US,2026-06-21T02:11:37Z
2026-06-21,ERP,RidgewayForge Suite,2282077978,hello@ridgewayforgesuite.com,https://www.ridgewayforgesuite.com,-,Austin,US,2026-06-21T03:27:08Z
2026-06-21,HR,GraniteTalentSolutions,+18927960749 ext. 99,info@granitetalentsolutions.com,https://www.granitetalentsolutions.com,162,Melbourne,AU,2026-06-21T05:31:25Z
2026-06-21,MSP Platform,HarborNet’s Flow,+12463289953,info@harbornetflow.io,https://harbornetflow.io,415,London,UK,2026-06-21T01:17:20Z
2026-06-21,MSP Platform,BlueNodeLabs,02054110427,null,https://www.bluenodelabs.io,28,Seattle,US,2026-06-21T01:51:31Z
2026-06-21,ERP,AltaChainPoint’s,8243382459,sales@altachainpoint.com,https://www.altachainpoint.com,697,Melbourne,AU,2026-06-21T02:03:48Z
2026-06-21,Medical,EmberRxSoft,+16266451958,sales@emberrxsoft.com,https://www.emberrxsoft.com,877,Phoenix,US,2026-06-21T06:11:56Z
2026-06-21,HR,Silver Team Consulting Group,434-984-7392,hello@silverteamconsultinggroup.com,silverteamconsultinggroup.com,-,Pune,IN,2026-06-21T05:00:10Z
2026-06-21,MSP Platform,HarborRemote Dynamics,+12656464766,contact@harborremotedynamics.com,https://www.harborremotedynamics.com,14,Munich,DE,2026-06-21T01:50:45Z
2026-06-21,LEGAL ,Bright LawBase,270-481-5031,hello@brightlawbase.com,https://brightlawbase.com,54,Boston,US,2026-06-21T03:49:33Z
2026-06-21,HR,Keystone PerformFlow,+1 (464) 569-8000,contact@keystoneperformflow.com,https://www.keystoneperformflow.com,35,Boston,US,2026-06-21T06:54:41Z
2026-06-21,ERP,Summit ChainSync,(732) 689-0609,sales@summitchainsync.io,summitchainsync.io,87,Munich,DE,2026-06-21T02:37:18Z
2026-06-21,ERP,RidgeBatchTech,1-973-924-7096,info@ridgebatchtech.io,ridgebatchtech.io,352,London,UK,2026-06-21T05:59:55Z
2026-06-21,ERP,Harbor Stock Consultants,892-228-4247,hello@harborstockconsultants.com,https://harborstockconsultants.com,48,Phoenix,US,2026-06-21T03:47:25Z
2026-06-21,HR,Crown PeopleLabs,1-432-513-3331,contact@crownpeoplelabs.com,crownpeoplelabs.com,30,Denver,US,2026-06-21T05:52:48Z
2026-06-21,HR,ApexOnboardBase,1-751-278-5746,hello@apexonboardbase.com,https://www.apexonboardbase.com,58,Austin,US,2026-06-21T04:08:01Z
2026-06-21,ERP,Cobalt ChainHub,(451) 626-9893,contact@cobaltchainhub.com,https://cobaltchainhub.com,274,Chicago,US,2026-06-21T03:52:31Z
2026-06-21,MSP Platform,FusionMonitorBase,282-505-5316 ext. 42,contact@fusionmonitorbase.net,https://fusionmonitorbase.net,10,Austin,US,2026-06-21T04:12:16Z
2026-06-21,MSP Platform,ZephyrTicket Sync,+1 (802) 720-2880 ext. 91,hello@zephyrticketsync.co,https://www.zephyrticketsync.co,851,Columbus,US,2026-06-21T03:49:02Z
2026-06-21,HR,AltaPeopleBase,366-317-3351,info@altapeoplebase.com,https://altapeoplebase.com,32,Hyderabad,IN,2026-06-21T02:10:53Z
2026-06-21,ERP,ArchPlanSoft,(358) 676-8977,hello@archplansoft.net,archplansoft.net,31,Raleigh,US,2026-06-21T04:50:24Z
2026-06-21,MSP Platform,Onyx PatchSuite,(756) 590-8456,info@onyxpatchsuite.com,https://www.onyxpatchsuite.com,18,Phoenix,US,2026-06-21T06:42:14Z
2026-06-21,MSP Platform,CrestRemoteSolutions,6127618993 ext. 63,sales@crestremotesolutions.co,https://www.crestremotesolutions.co,245,Boston,US,2026-06-21T05:45:11Z
2026-06-21,ERP,ZephyrStockPoint,+18027831363,sales@zephyrstockpoint.com,https://www.zephyrstockpoint.com,191,London,UK,2026-06-21T01:55:10Z
2026-06-21,Legal,FusionCounselHub,+14544525315,hello@fusioncounselhub.com,https://fusioncounselhub.com,33,Atlanta,US,2026-06-21T02:05:23Z
2026-06-21,HR,BlueCultureCore,881.389.1342,info@blueculturecore.com,https://www.blueculturecore.com,32,Melbourne,AU,2026-06-21T01:26:04Z
2026-06-21,ERP,Polaris PlanApp,(836) 362-2303,info@polarisplanapp.io,https://www.polarisplanapp.io,N/A,Bengaluru,IN,2026-06-21T04:49:37Z
2026-06-21,MSP Platform,Vista EndpointSync,1-538-836-1125,hello@vistaendpointsync.com,https://vistaendpointsync.com,31,Dublin,IE,2026-06-21T04:16:24Z
2026-06-21,MSP Platform,OnyxRemoteDynamics,+12238471163,contact@onyxremotedynamics.com,https://www.onyxremotedynamics.com,967,Hyderabad,IN,2026-06-21T03:20:26Z
2026-06-21,Medical,Fusion MedBase,638-372-1828,contact@fusionmedbase.co,https://www.fusionmedbase.co,39,Chicago,US,2026-06-21T06:45:21Z
2026-06-21,legal,AltaBrief App,9385193796 ext. 80,contact@altabriefapp.com,altabriefapp.com,91,Toronto,CA,2026-06-21T01:47:34Z
2026-06-21,Medical,OrbitPatientSphere,695-415-5125,sales@orbitpatientsphere.com,https://www.orbitpatientsphere.com,108,Dublin,IE,2026-06-21T03:00:28Z
2026-06-21,Lgl,MosaicVerdictSphere,05865059867,contact@mosaicverdictsphere.io,https://mosaicverdictsphere.io,45,Phoenix,US,2026-06-21T03:14:02Z
2026-06-21,Medical,Silver TriageCloud,+1 (273) 445-3715,sales@silvertriagecloud.io,https://www.silvertriagecloud.io,415,Tampa,US,2026-06-21T04:20:46Z
2026-06-21,ERP,Atlas PlanPoint,220.708.9662,sales@atlasplanpoint.co,https://www.atlasplanpoint.co,368,Berlin,DE,2026-06-21T02:51:39Z
2026-06-21,Medical,Nova’s PulsePoint,221-517-1685,,https://www.novapulsepoint.net,31,Raleigh,US,2026-06-21T03:17:06Z
2026-06-21,MSP Platform,CrestPatch Works,2659027786 ext. 42,sales@crestpatchworks.io,https://crestpatchworks.io,-,Manchester,UK,2026-06-21T06:10:52Z
2026-06-21,MSP Platform,Lattice EndpointSuite,(745) 758-8421,info@latticeendpointsuite.io,latticeendpointsuite.io,9,Seattle,US,2026-06-21T06:40:34Z
2026-06-21,MSP Platform,PioneerUptime Soft,4596618131,contact@pioneeruptimesoft.io,https://www.pioneeruptimesoft.io,355,Raleigh,US,2026-06-21T05:34:19Z
2026-06-21,Legal,Juniper MatterPoint,+1 (745) 568-9454,contact@junipermatterpoint.io,https://www.junipermatterpoint.io,14,Lahore,PK,2026-06-21T05:55:29Z
2026-06-21,MSP Platform,Fusion PatchLabs,3933433404,contact@fusionpatchlabs.com,https://www.fusionpatchlabs.com,82,Denver,US,2026-06-21T06:16:24Z
2026-06-21,ERP,Harbor BatchLabs,642-528-9441,info@harborbatchlabs.com,https://www.harborbatchlabs.com,38,Atlanta,US,2026-06-21T01:43:09Z
2026-06-21,HR,DeltaPeople Soft,713-328-4010,contact@deltapeoplesoft.com,https://www.deltapeoplesoft.com,107,Raleigh,US,2026-06-21T05:20:21Z
2026-06-21,HR,Golden OnboardSoft,1-853-448-1136,sales@goldenonboardsoft.com,https://www.goldenonboardsoft.com,4300,Atlanta,US,2026-06-21T03:50:16Z
2026-06-21,Legal,Indigo MatterDynamics,801-274-5947 ext. 96,contact@indigomatterdynamics.com,https://www.indigomatterdynamics.com,97,Karachi,PK,2026-06-21T06:36:58Z
2026-06-21,Medical,PrimeVitalApp,9105507164,contact@primevitalapp.com,https://primevitalapp.com,52,Denver,US,2026-06-21T04:03:24Z
2026-06-21,HR,Zen TeamHub,691.540.7207,info@zenteamhub.com,https://www.zenteamhub.com,24,Austin,US,2026-06-21T03:25:12Z
2026-06-21,ERP,KeystoneChainSphere,+17083435331,hello@keystonechainsphere.com,https://www.keystonechainsphere.com,385,Vancouver,CA,2026-06-21T02:56:31Z
2026-06-21,HR,Ridgeway PayrollHub,1-402-517-8748,hello@ridgewaypayrollhub.io,https://www.ridgewaypayrollhub.io,65,Seattle,US,2026-06-21T05:06:06Z
2026-06-21,MSP Platform,OmniNodeApp,+19034443048,sales@omninodeapp.com,omninodeapp.com,412,Phoenix,US,2026-06-21T01:13:56Z
2026-06-21,ERP,MetaPlanPlatform,(401) 912-1717,contact@metaplanplatform.com,https://www.metaplanplatform.com,12,Austin,US,2026-06-21T02:02:53Z
2026-06-21,Medical,Summit VitalSphere,983.968.4022,hello@summitvitalsphere.com,https://www.summitvitalsphere.com,45,Tampa,US,2026-06-21T01:05:09Z
2026-06-21,ERP,Pivot ForgeSoft,1-362-424-1232,hello@pivotforgesoft.com,https://www.pivotforgesoft.com,9,Tampa,US,2026-06-21T02:41:58Z
2026-06-21,ERP,Quantum OrderSoft,07677048510,info@quantumordersoft.net,https://www.quantumordersoft.net,10,Seattle,US,2026-06-21T03:56:05Z
2026-06-21,legal,RavenVerdict Tech,+18176039312,hello@ravenverdicttech.com,https://www.ravenverdicttech.com,-,Denver,US,2026-06-21T02:17:27Z
2026-06-21,HR,BeaconBenefit Desk,860-940-5622,info@beaconbenefitdesk.io,https://www.beaconbenefitdesk.io,21,Phoenix,US,2026-06-21T03:19:13Z
2026-06-21,HR,Prime PerformDynamics,+16952597331,info@primeperformdynamics.net,https://www.primeperformdynamics.net,161,Denver,US,2026-06-21T03:55:27Z
2026-06-21,HR,QuantumOnboardHub,359-755-4970,hello@quantumonboardhub.com,https://www.quantumonboardhub.com,12,Seattle,US,2026-06-21T03:34:59Z
2026-06-21,LMS,BeaconQuiz Core,1-575-842-9677,hello@beaconquizcore.co,https://www.beaconquizcore.co,11,Raleigh,US,2026-06-21T05:14:11Z
2026-06-21,MSP Platform,CedarGridPoint,+1 (565) 963-1632,contact@cedargridpoint.com,https://cedargridpoint.com,9,Tampa,US,2026-06-21T04:26:38Z
2026-06-21,HR,HaloTalentCloud,(986) 602-0303,info@halotalentcloud.com,halotalentcloud.com,816,London,UK,2026-06-21T03:55:37Z
2026-06-21,ERP,SummitFinDynamics,865.215.8245 ext. 49,sales@summitfindynamics.com,https://www.summitfindynamics.com,45,Boston,US,2026-06-21T01:14:42Z
2026-06-21,ERP,Core OrderSolutions,(872) 985-5501,sales@coreordersolutions.com,https://coreordersolutions.com,18,Manchester,UK,2026-06-21T02:22:34Z
2026-06-21,Lgl,Blue FilingPlatform,1-915-809-7922,sales@bluefilingplatform.com,https://www.bluefilingplatform.com,897,Dublin,IE,2026-06-21T01:59:25Z
2026-06-21,Medical,Alta PulseSystems,2445892638,info@altapulsesystems.com,https://www.altapulsesystems.com,347,Columbus,US,2026-06-21T05:09:42Z
2026-06-21,HR,OmniOnboard Sphere,+17986030296,info@omnionboardsphere.com,https://www.omnionboardsphere.com,198,Toronto,CA,2026-06-21T03:15:58Z
2026-06-21,Medical,MetaPatient Cloud,211-302-8100,info@metapatientcloud.co,https://www.metapatientcloud.co,N/A,Denver,US,2026-06-21T04:59:07Z
2026-06-21,ERP,Willow PlanLogic,1-740-496-3344 ext. 4,sales@willowplanlogic.com,https://willowplanlogic.com,37,Atlanta,US,2026-06-21T06:12:46Z
2026-06-21,Legal,Onyx ClauseSphere,+17648840449,info@onyxclausesphere.com,https://www.onyxclausesphere.com,14,Atlanta,US,2026-06-21T03:45:50Z
2026-06-21,MSP Platform,RapidRemote Point,+17142012871,info@rapidremotepoint.com,https://www.rapidremotepoint.com,35,Dublin,IE,2026-06-21T06:09:17Z
2026-06-21,Medical,CedarCare Systems,(880) 624-3305,sales@cedarcaresystems.io,https://www.cedarcaresystems.io,12,Tampa,US,2026-06-21T06:15:12Z
2026-06-21,ERP,BrightBatch Suite,(883) 615-5799,contact@brightbatchsuite.io,https://brightbatchsuite.io,451,Manchester,UK,2026-06-21T03:41:36Z
2026-06-21,Medical,CrownChartSoft,3945454959,contact@crownchartsoft.co,https://www.crownchartsoft.co,470,Austin,US,2026-06-21T01:29:15Z
2026-06-21,ERP,AtlasPlan Sphere,208-334-3372,sales@atlasplansphere.io,atlasplansphere.io,12,Phoenix,US,2026-06-21T06:52:34Z
2026-06-21,HR,Anchor OnboardHub,235-498-2539,sales@anchoronboardhub.co,https://www.anchoronboardhub.co,393,Karachi,PK,2026-06-21T01:50:02Z
2026-06-21,MSP Platform,MetaEndpoint Soft,284.296.6199,hello@metaendpointsoft.com,https://www.metaendpointsoft.com,46,Columbus,US,2026-06-21T03:53:10Z
2026-06-21,HR,HarborCultureSphere,1-714-396-1407,hello@harborculturesphere.com,https://www.harborculturesphere.com,15,Vancouver,CA,2026-06-21T05:57:27Z
2026-06-21,HR,Raven CultureSphere,06525910421,contact@ravenculturesphere.com,https://www.ravenculturesphere.com,95,Seattle,US,2026-06-21T04:34:15Z
2026-06-21,HR,NovaTalent Soft,293-390-9762,info@novatalentsoft.com,https://www.novatalentsoft.com,426,Calgary,CA,2026-06-21T03:01:58Z
2026-06-21,ERP,Crown PlanSync,479-209-4627,sales@crownplansync.com,https://www.crownplansync.com,67,Singapore,SG,2026-06-21T01:18:59Z
2026-06-21,Legal,CrownDocket Sync,5776792181,hello@crowndocketsync.io,https://www.crowndocketsync.io,324,Raleigh,US,2026-06-21T03:08:08Z
2026-06-21,ERP,GoldenBatch Suite,949.319.9081,sales@goldenbatchsuite.io,https://www.goldenbatchsuite.io,19,Tampa,US,2026-06-21T01:28:59Z
2026-06-21,MSP Platform,Lattice NetSuite,9814006332,contact@latticenetsuite.com,latticenetsuite.com,35,Boston,US,2026-06-21T04:08:19Z
2026-06-21,Medical,GoldenClinic Desk,+14532165203,sales@goldenclinicdesk.net,https://www.goldenclinicdesk.net,15,Berlin,DE,2026-06-21T02:55:09Z
2026-06-21,HR,DeltaCultureWorks,274.383.7805 ext. 47,info@deltacultureworks.com,https://deltacultureworks.com,27,Chicago,US,2026-06-21T01:13:45Z
2026-06-21,ERP,Ember ForgeBase,(406) 890-4714,sales@emberforgebase.com,https://www.emberforgebase.com,35,Atlanta,US,2026-06-21T04:06:26Z
2026-06-21,HR,TrueOnboardCore,926.609.2482 ext. 46,hello@trueonboardcore.com,trueonboardcore.com,347,Tampa,US,2026-06-21T05:38:43Z
2026-06-21,Medical,Alta PatientDesk,+18944505370,info@altapatientdesk.io,https://www.altapatientdesk.io,105,Denver,US,2026-06-21T05:36:03Z
2026-06-21,Medical,BlueMedFlow,235-557-1010,info@bluemedflow.com,https://www.bluemedflow.com,95,Toronto,CA,2026-06-21T03:08:37Z
2026-06-21,Legal,OmniCompli Dynamics,740.356.6051,hello@omnicomplidynamics.com,https://www.omnicomplidynamics.com,51,Seattle,US,2026-06-21T05:04:20Z
2026-06-21,HR,Core PayrollDesk,(888) 474-7213,sales@corepayrolldesk.io,https://corepayrolldesk.io,15,Phoenix,US,2026-06-21T04:18:55Z
2026-06-21,HR,Vertex OnboardSystems,967.905.2273,info@vertexonboardsystems.com,https://www.vertexonboardsystems.com,19,London,UK,2026-06-21T03:17:52Z
2026-06-21,ERP,PrimeFin Core,7707164227 ext. 50,hello@primefincore.com,https://www.primefincore.com,41,Denver,US,2026-06-21T01:46:40Z
2026-06-21,LMS,NimbusCohortBase,774.446.7560,contact@nimbuscohortbase.com,https://www.nimbuscohortbase.com,19,Atlanta,US,2026-06-21T03:29:08Z
2026-06-21,LMS,Xenon LearnFlow,(941) 668-5790,hello@xenonlearnflow.com,https://www.xenonlearnflow.com,327,Tampa,US,2026-06-21T06:34:19Z
2026-06-21,HR,Mosaic PeopleDesk,313-437-5314 ext. 87,hello@mosaicpeopledesk.net,https://mosaicpeopledesk.net,45,Columbus,US,2026-06-21T02:44:51Z
2026-06-21,LEGAL ,HarborBrief Core,443-977-3318,contact@harborbriefcore.com,https://www.harborbriefcore.com,3305,Chicago,US,2026-06-21T01:48:51Z
2026-06-21,MSP Platform,Xenon UptimeSync,625.487.4353,sales@xenonuptimesync.com,https://www.xenonuptimesync.com,607,Munich,DE,2026-06-21T06:33:07Z
2026-06-21,MSP Platform,CedarMonitor Sync,8245947419 ext. 40,hello@cedarmonitorsync.com,https://www.cedarmonitorsync.com,956,Phoenix,US,2026-06-21T06:41:03Z
2026-06-21,ERP,Lattice OpsPlatform,+16212061884,contact@latticeopsplatform.com,https://latticeopsplatform.com,7,Karachi,PK,2026-06-21T06:37:31Z
2026-06-21,HR,CobaltOnboard Flow,892-818-4089,info@cobaltonboardflow.com,https://www.cobaltonboardflow.com,16,London,UK,2026-06-21T06:44:08Z
2026-06-21,ERP,Juniper LedgerSolutions,+1 (455) 635-6174,sales@juniperledgersolutions.com,juniperledgersolutions.com,32,Seattle,US,2026-06-21T05:31:59Z
2026-06-21,legal,NorthClauseSoft,(703) 338-7180,hello@northclausesoft.io,https://www.northclausesoft.io,34,Atlanta,US,2026-06-21T05:58:55Z
2026-06-21,LEGAL ,Core ClauseSync,(857) 864-8312,info@coreclausesync.io,https://coreclausesync.io,7,Seattle,US,2026-06-21T05:43:21Z
2026-06-21,ERP,Prime BatchPoint,+1 (343) 737-7958,info@primebatchpoint.com,primebatchpoint.com,68,Phoenix,US,2026-06-21T05:21:13Z
2026-06-21,Medical,OrbitHealth Point,(912) 875-6620,contact@orbithealthpoint.com,https://orbithealthpoint.com,15,Singapore,SG,2026-06-21T05:20:30Z
2026-06-21,ERP,RavenOrderFlow,449.432.1361,sales@ravenorderflow.io,https://www.ravenorderflow.io,91,Karachi,PK,2026-06-21T03:51:57Z
2026-06-21,Legal,TidalFilingBase,1-307-287-2406,contact@tidalfilingbase.com,https://www.tidalfilingbase.com,3202,Denver,US,2026-06-21T04:24:15Z
2026-06-21,legal,SilverFilingDynamics,393.993.3226,hello@silverfilingdynamics.co,https://www.silverfilingdynamics.co,205,Seattle,US,2026-06-21T05:17:48Z
2026-06-21,LMS,Silver CourseTech,+17369986602,sales@silvercoursetech.io,https://www.silvercoursetech.io,6,Columbus,US,2026-06-21T01:30:58Z
2026-06-21,ERP,PrimeForge Soft,+1 (555) 580-5340,info@primeforgesoft.io,https://www.primeforgesoft.io,500,Boston,US,2026-06-21T03:19:14Z
2026-06-21,legal,Mosaic CaseApp,468-672-2577,contact@mosaiccaseapp.co,https://www.mosaiccaseapp.co,153,Manchester,UK,2026-06-21T02:56:29Z
2026-06-21,MSP Platform,PolarisGridHub,618.256.7735,hello@polarisgridhub.com,https://www.polarisgridhub.com,18,Calgary,CA,2026-06-21T04:47:15Z
2026-06-21,ERP,GoldenLedgerApp,(527) 814-2778,contact@goldenledgerapp.com,https://www.goldenledgerapp.com,58,Denver,US,2026-06-21T01:49:38Z
2026-06-21,MSP Platform,GraniteEndpoint Sync,+15969854087,sales@graniteendpointsync.io,graniteendpointsync.io,81,Chicago,US,2026-06-21T06:41:12Z
