scrape_date,category,company_name,phone,email,website,employee_count,city,country,scraped_at
2026-06-13,ERP,True PlanFlow,(244) 870-7724,hello@trueplanflow.io,https://trueplanflow.io,942,Chicago,US,2026-06-13 02:04:55
2026-06-13,ERP,Keystone BatchFlow,857.851.8201,contact@keystonebatchflow.io,https://www.keystonebatchflow.io,23,Melbourne,AU,2026-06-13 01:38:17
2026-06-13,HR,JuniperTalentSolutions,825-291-2304,hello@junipertalentsolutions.io,https://www.junipertalentsolutions.io,null,Columbus,US,2026-06-13 06:31:16
2026-06-13,HR,LatticeTalentApp,(694) 645-1386,N/A,latticetalentapp.com,144,Munich,DE,2026-06-13 05:14:55
2026-06-13,ERP,NorthStock Cloud,+19554745432,contact@northstockcloud.com,northstockcloud.com,140,Chicago,US,2026-06-13 02:05:07
2026-06-13,Medical,VeloRx Systems,+16555058940,info@velorxsystems.com,https://www.velorxsystems.com,23,Seattle,US,2026-06-13 03:05:44
2026-06-13,ERP,BoldBatchCore,+16669728594,hello@boldbatchcore.com,https://www.boldbatchcore.com,112,Phoenix,US,2026-06-13 01:24:16
2026-06-13,ERP,Pivot ForgeSoft,1-362-424-1232,hello@pivotforgesoft.com,https://pivotforgesoft.com,9,Tampa,US,2026-06-13 01:10:19
2026-06-13,Medical,Atlas TriagePoint,341.464.5988,sales@atlastriagepoint.net,https://www.atlastriagepoint.net,298,Berlin,DE,2026-06-13 04:40:21
2026-06-13,HR,IronPayrollLogic,+1 (548) 302-4730,contact@ironpayrolllogic.io,https://www.ironpayrolllogic.io,156,Boston,US,2026-06-13 02:37:22
2026-06-13,Legal,Atlas PatientPoint,+14174480434,contact@atlaspatientpoint.io,atlaspatientpoint.io,79,Boston,US,2026-06-13 04:17:43
2026-06-13,ERP,Pioneer FinSolutions,05499117816,contact@pioneerfinsolutions.com,https://www.pioneerfinsolutions.com,40,Leeds,UK,2026-06-13 03:11:01
2026-06-13,Medical,Nimbus ChartWorks,+12342790108,,nimbuschartworks.io,171,Austin,US,2026-06-13 02:47:23
2026-06-13,HR,QuantumCultureCloud,1-833-969-5760,hello@quantumculturecloud.com,https://www.quantumculturecloud.com,95,Chicago,US,2026-06-13 04:55:51
2026-06-13,Medical,CrownCareDesk,650-295-5027,hello@crowncaredesk.co,https://crowncaredesk.co,220,Munich,DE,2026-06-13 01:47:01
2026-06-13,ERP,Anchor FinDesk,+19342359388,sales@anchorfindesk.com,anchorfindesk.com,3483,Seattle,US,2026-06-13 01:34:56
2026-06-13,Legal,Core ClauseSync,+18578648312,info@coreclausesync.io,coreclausesync.io,7,Seattle,US,2026-06-13 02:21:07
2026-06-13,Medical,Nova MedPlatform,+19185011950,hello@novamedplatform.com,novamedplatform.com,223,Hyderabad,IN,2026-06-13 03:44:55
2026-06-13,ERP,Prime LedgerCloud,+16633129445,sales@primeledgercloud.com,https://www.primeledgercloud.com,25,Raleigh,US,2026-06-13 02:45:18
2026-06-13,HR,Ember ShiftTech,653-961-2187,contact@embershifttech.com,https://www.embershifttech.com,369,Columbus,US,2026-06-13 04:19:33
2026-06-13,ERP,SolidOpsPoint,+14505049786,contact@solidopspoint.co,https://www.solidopspoint.co,11,Phoenix,US,2026-06-13 01:29:28
2026-06-13,Legal,IronVerdictSphere,+19263558942,hello@ironverdictsphere.io,https://ironverdictsphere.io,6,Chicago,US,2026-06-13 02:00:42
2026-06-13,ERP,AnchorOrderSync,454-973-6562,contact@anchorordersync.com,https://www.anchorordersync.com,33,Chicago,US,2026-06-13 02:01:09
2026-06-13,ERP,Zen PlanHub,+19143491719,info@zenplanhub.net,https://zenplanhub.net,15,Phoenix,US,2026-06-13 04:59:19
2026-06-13,Medical,RidgewayMedLabs,+18977283321,contact@ridgewaymedlabs.com,https://www.ridgewaymedlabs.com,82,Islamabad,PK,2026-06-13 02:26:58
2026-06-13,HR,NovaPeople Soft,+1 (797) 770-8440,sales@novapeoplesoft.com,https://novapeoplesoft.com,127,Tampa,US,2026-06-13 03:55:16
2026-06-13,Medical,Orbit CareLogic,+16776155138,info@orbitcarelogic.com,https://www.orbitcarelogic.com,53,Seattle,US,2026-06-13 02:37:53
2026-06-13,MSP Platform,KeystoneEndpoint App,+17656275654,contact@keystoneendpointapp.io,https://www.keystoneendpointapp.io,13,Dublin,IE,2026-06-13 03:59:16
2026-06-13,Medical,FalconCareTech,(366) 807-4829,info@falconcaretech.io,https://www.falconcaretech.io,339,Denver,US,2026-06-13 06:12:55
2026-06-13,LMS,Falcon CohortDesk,358-902-1642,contact@falconcohortdesk.co,falconcohortdesk.co,39,Toronto,CA,2026-06-13 01:55:11
2026-06-13,HR,MosaicBenefitLabs,08408858211,info@mosaicbenefitlabs.com,mosaicbenefitlabs.com,639,Manchester,UK,2026-06-13 04:36:59
2026-06-13,HR,KeystonePerformPlatform,476.291.9463,hello@keystoneperformplatform.com,https://www.keystoneperformplatform.com,10,Columbus,US,2026-06-13 03:49:50
2026-06-13,Medical,Juniper RxSuite,925-490-6764,hello@juniperrxsuite.com,https://juniperrxsuite.com,48,Tampa,US,2026-06-13 05:36:24
2026-06-13,MSP Platform,ArchGridSync,753-797-4158,hello@archgridsync.com,archgridsync.com,13,Leeds,UK,2026-06-13 05:07:09
2026-06-13,LMS,Golden TutorWorks,602.499.5440,contact@goldentutorworks.io,https://www.goldentutorworks.io,42,Berlin,DE,2026-06-13 03:03:10
2026-06-13,Medical,PrimeCareSuite,284-742-6995,hello@primecaresuite.com,https://www.primecaresuite.com,29,Raleigh,US,2026-06-13 03:29:10
2026-06-13,Medical,ApexVital Hub,492-203-7733,sales@apexvitalhub.com,https://www.apexvitalhub.com,5,Boston,US,2026-06-13 06:05:50
2026-06-13,Legal,NimbusCompliWorks,687.626.7911,contact@nimbuscompliworks.io,https://www.nimbuscompliworks.io,92,Amsterdam,NL,2026-06-13 02:56:22
2026-06-13,Medical,Harbor TriageLogic,898-306-9042,sales@harbortriagelogic.co,https://www.harbortriagelogic.co,244,Boston,US,2026-06-13 06:20:10
2026-06-13,MSP Platform,SolidRemoteDynamics,783-946-0702 ext. 44,sales@solidremotedynamics.co,solidremotedynamics.co,100,Pune,IN,2026-06-13 03:25:37
2026-06-13,LMS,Nova MentorHub,+15296668095,contact@novamentorhub.com,https://www.novamentorhub.com,39,Sydney,AU,2026-06-13 06:32:46
2026-06-13,Medical,LatticeRxWorks,8914405002,hello@latticerxworks.net,https://www.latticerxworks.net,16,Denver,US,2026-06-13 02:44:37
2026-06-13,ERP,SableBatchSolutions,(830) 401-5079,hello@sablebatchsolutions.com,https://www.sablebatchsolutions.com,85,Atlanta,US,2026-06-13 01:57:20
2026-06-13,Medical,Granite CareSolutions,949.240.0804,info@granitecaresolutions.net,https://granitecaresolutions.net,19,Sydney,AU,2026-06-13 02:11:50
2026-06-13,MSP Platform,Willow StackSystems,3424641584,contact@willowstacksystems.com,https://willowstacksystems.com,25,Tampa,US,2026-06-13 04:41:52
2026-06-13,Medical,AltaChartCore,6118866077,info@altachartcore.net,https://www.altachartcore.net,6,Karachi,PK,2026-06-13 01:41:05
2026-06-13,ERP,OrbitForge Labs,795-886-9429,contact@orbitforgelabs.com,https://www.orbitforgelabs.com,333,Dublin,IE,2026-06-13 03:56:29
2026-06-13,Medical,PivotClinicSuite,348-854-3510,sales@pivotclinicsuite.com,https://www.pivotclinicsuite.com,89,Atlanta,US,2026-06-13 01:09:12
2026-06-13,ERP,Polaris LedgerSolutions,1-884-539-7599,info@polarisledgersolutions.co,polarisledgersolutions.co,14,Chicago,US,2026-06-13 02:24:10
2026-06-13,ERP,IndigoBatch Suite,827-600-6515,info@indigobatchsuite.io,https://www.indigobatchsuite.io,18,Raleigh,US,2026-06-13 01:46:12
2026-06-13,Medical,IndigoPulseSphere,1-951-689-5098,contact@indigopulsesphere.net,https://www.indigopulsesphere.net,6,Calgary,CA,2026-06-13 06:48:17
2026-06-13,MSP Platform,Vista NodeCore,3349604155 ext. 61,contact@vistanodecore.net,https://vistanodecore.net,320,Munich,DE,2026-06-13 05:55:25
2026-06-13,HR,RidgewayRoster Sync,7218249522,hello@ridgewayrostersync.com,https://www.ridgewayrostersync.com,72,Munich,DE,2026-06-13 02:35:35
2026-06-13,ERP,CrownOrderPlatform,945-999-0867,hello@crownorderplatform.net,https://crownorderplatform.net,25,Amsterdam,NL,2026-06-13 04:04:26
2026-06-13,HR,EmberTalentApp,+18258545917,hello@embertalentapp.com,embertalentapp.com,189,Chicago,US,2026-06-13 03:07:20
2026-06-13,Medical,Polaris MedPoint,983-953-8336,contact@polarismedpoint.io,https://www.polarismedpoint.io,7,Boston,US,2026-06-13 03:30:42
2026-06-13,Medical,Zephyr CareCloud,+19308353550,contact@zephyrcarecloud.co,https://www.zephyrcarecloud.co,68,Manchester,UK,2026-06-13 05:27:17
2026-06-13,MSP Platform,CedarPatch Desk,405.698.9820,contact@cedarpatchdesk.com,https://www.cedarpatchdesk.com,115,Columbus,US,2026-06-13 06:40:34
2026-06-13,ERP,LumenChainFlow,765.778.9240,contact@lumenchainflow.net,https://www.lumenchainflow.net,164,Atlanta,US,2026-06-13 01:15:04
2026-06-13,Medical,FalconMed Desk,887-592-2295,contact@falconmeddesk.io,https://www.falconmeddesk.io,-,Denver,US,2026-06-13 06:02:25
2026-06-13,LMS,PivotTriageLabs,270-246-6017,info@pivottriagelabs.co,https://pivottriagelabs.co,34,Bengaluru,IN,2026-06-13 04:52:21
2026-06-13,ERP,Bold FinSolutions,324-243-5185,hello@boldfinsolutions.com,https://www.boldfinsolutions.com,401,-,NL,2026-06-13 05:44:51
2026-06-13,HR,Juniper RosterWorks,+14024155256,contact@juniperrosterworks.com,https://www.juniperrosterworks.com,689,Chicago,US,2026-06-13 04:24:14
2026-06-13,Legal,HaloMatterApp,+14753108983,sales@halomatterapp.net,https://halomatterapp.net,417,Atlanta,US,2026-06-13 03:01:29
2026-06-13,ERP,CrestBatch Dynamics,(572) 901-8606,sales@crestbatchdynamics.com,https://www.crestbatchdynamics.com,224,Pune,IN,2026-06-13 01:11:19
2026-06-13,HR,IronBenefitBase,980-750-7808 ext. 28,contact@ironbenefitbase.com,ironbenefitbase.com,5,Singapore,SG,2026-06-13 01:29:06
2026-06-13,ERP,Atlas Order Recruiting,(966) 326-4720,contact@atlasorderrecruiting.co,https://www.atlasorderrecruiting.co,14,Melbourne,AU,2026-06-13 05:36:27
2026-06-13,Medical,Xenon ClinicPlatform,+19456762852,info@xenonclinicplatform.com,https://www.xenonclinicplatform.com,477,Toronto,CA,2026-06-13 05:07:37
2026-06-13,HR,Solid’s TalentDynamics,514-644-1673,info@solidtalentdynamics.com,https://www.solidtalentdynamics.com,33,Chicago,US,2026-06-13 04:55:44
2026-06-13,Legal,OrbitVerdict Suite,+19729450663,info@orbitverdictsuite.co,https://www.orbitverdictsuite.co,235,Chicago,US,2026-06-13 04:20:02
2026-06-13,ERP,LatticePlan Suite,9039608231,hello@latticeplansuite.io,https://www.latticeplansuite.io,10,Hyderabad,IN,2026-06-13 03:38:02
2026-06-13,Medical,Zen CareDynamics,+16345755906,contact@zencaredynamics.com,https://www.zencaredynamics.com,14,Hyderabad,IN,2026-06-13 03:21:34
2026-06-13,LMS,Orbit SkillWorks,7674839571,info@orbitskillworks.com,https://www.orbitskillworks.com,46,Phoenix,US,2026-06-13 05:03:42
2026-06-13,MSP Platform,IronNode Sphere,474-724-3237,contact@ironnodesphere.com,https://ironnodesphere.com,238,Columbus,US,2026-06-13 06:07:03
2026-06-13,LMS,Ember QuizHub,694-755-8644,info@emberquizhub.com,https://www.emberquizhub.com,10,Singapore,SG,2026-06-13 02:46:33
2026-06-13,HR,ZephyrCultureSolutions,9444378949,,https://www.zephyrculturesolutions.io,985,London,UK,2026-06-13 04:58:42
2026-06-13,HR,WillowRosterSolutions,+1 (411) 616-7646 ext. 72,sales@willowrostersolutions.com,https://willowrostersolutions.com,66,Calgary,CA,2026-06-13 06:48:18
2026-06-13,Legal,Quartz ClauseLogic,+12333127657,info@quartzclauselogic.io,https://www.quartzclauselogic.io,285,Atlanta,US,2026-06-13 02:53:57
2026-06-13,HR,GranitéTeam Point,+17787234780,contact@graniteteampoint.com,https://www.graniteteampoint.com,37,Dublin,IE,2026-06-13 06:34:19
2026-06-13,Medical,ApexVital Core,+13004509176,N/A,https://www.apexvitalcore.com,10,Calgary,CA,2026-06-13 06:16:55
2026-06-13,Medical,Lattice ChartCore,1-697-652-8073 ext. 54,info@latticechartcore.com,https://www.latticechartcore.com,101,Boston,US,2026-06-13 05:11:20
2026-06-13,HR,UmbraPeopleWorks,757-396-5171,info@umbrapeopleworks.com,https://www.umbrapeopleworks.com,228,Amsterdam,NL,2026-06-13 01:10:17
2026-06-13,HR,Willow PerformDesk,+12083825654,info@willowperformdesk.com,https://willowperformdesk.com,19,Munich,DE,2026-06-13 02:07:08
2026-06-13,ERP,BrightOps Soft,723.330.1600,info@brightopssoft.net,https://www.brightopssoft.net,83,Sydney,AU,2026-06-13 02:36:28
2026-06-13,Medical,ZenChartLabs,812-520-4039 ext. 40,info@zenchartlabs.net,https://www.zenchartlabs.net,35,Melbourne,AU,2026-06-13 01:52:36
2026-06-13,HR,Halo Culture BPO Services,347.792.3690,hello@haloculturebposervices.com,https://www.haloculturebposervices.com,6,Columbus,US,2026-06-13 02:38:43
2026-06-13,Medical,SolidPulse Base,(399) 744-8102,info@solidpulsebase.io,https://www.solidpulsebase.io,154,Chicago,US,2026-06-13 02:18:31
2026-06-13,Medical,AltaClinicCore,(460) 490-6167,sales@altacliniccore.com,https://www.altacliniccore.com,1865,Boston,US,2026-06-13 03:37:16
2026-06-13,Medical,GraniteCareDesk,343-397-8446,contact@granitecaredesk.io,https://www.granitecaredesk.io,68,Lahore,PK,2026-06-13 02:08:05
2026-06-13,ERP,NovaOrder Cloud,+12135525873,contact@novaordercloud.io,https://www.novaordercloud.io,334,Boston,US,2026-06-13 04:38:51
2026-06-13,MSP Platform,SilverMonitorSphere,(867) 619-8374,sales@silvermonitorsphere.io,silvermonitorsphere.io,17,London,UK,2026-06-13 01:57:46
2026-06-13,ERP,HarborOrderSolutions,3006758837,info@harborordersolutions.com,harborordersolutions.com,59,Manchester,UK,2026-06-13 03:18:23
2026-06-13,ERP,RavenForgeFlow,+12976142188,sales@ravenforgeflow.io,https://ravenforgeflow.io,,London,UK,2026-06-13 01:56:02
2026-06-13,Medical,Core RxCore,+13766632764,contact@corerxcore.io,https://www.corerxcore.io,5,Chicago,US,2026-06-13 03:35:09
2026-06-13,HR,OmniCultureCore,+19718327886,hello@omniculturecore.io,https://www.omniculturecore.io,33,Hyderabad,IN,2026-06-13 06:53:10
2026-06-13,ERP,NorthBatchLogic’s,445-614-7531,info@northbatchlogic.com,https://northbatchlogic.com,29,Sydney,AU,2026-06-13 03:32:43
2026-06-13,MSP Platform,TrueEndpointSoft,+12452275381 ext. 65,hello@trueendpointsoft.com,trueendpointsoft.com,402,Boston,US,2026-06-13 02:25:53
2026-06-13,Legal,EmberBriefApp,207-846-2205,sales@emberbriefapp.io,emberbriefapp.io,422,Manchester,UK,2026-06-13 04:11:49
2026-06-13,Legal,SummitCaseTech,3427364863 ext. 90,hello@summitcasetech.io,https://summitcasetech.io,75,Austin,US,2026-06-13 03:51:29
2026-06-13,Legal,PivotCounselSync,793.279.3670,contact@pivotcounselsync.com,https://www.pivotcounselsync.com,619,Columbus,US,2026-06-13 06:56:37
2026-06-13,ERP,Raven LedgerPoint,+1 (976) 313-6861,hello@ravenledgerpoint.net,https://www.ravenledgerpoint.net,23,Toronto,CA,2026-06-13 03:06:40
2026-06-13,Legal,OnyxCase Platform,544-873-3911,info@onyxcaseplatform.com,https://www.onyxcaseplatform.com,1797,Denver,US,2026-06-13 05:55:12
2026-06-13,MSP Platform,QuantumRemoteSoft,1-904-860-3787,hello@quantumremotesoft.net,https://www.quantumremotesoft.net,43,Dublin,IE,2026-06-13 06:24:03
2026-06-13,MSP Platform,UmbraMonitorApp,661-977-3632,hello@umbramonitorapp.com,https://www.umbramonitorapp.com,-,Raleigh,US,2026-06-13 04:58:05
2026-06-13,Legal,CobaltMatterPlatform,+16869516003,hello@cobaltmatterplatform.com,https://cobaltmatterplatform.com,794,Calgary,CA,2026-06-13 06:36:33
2026-06-13,ERP,PivotFinSystems,+13476049834,sales@pivotfinsystems.net,https://www.pivotfinsystems.net,8,Denver,US,2026-06-13 05:40:28
2026-06-13,ERP,MetaFin Labs,+13823075187,hello@metafinlabs.net,https://www.metafinlabs.net,25,Chicago,US,2026-06-13 02:55:41
2026-06-13,ERP,Silver’s StockPoint,6439942763,hello@silverstockpoint.com,https://silverstockpoint.com,289,Phoenix,US,2026-06-13 06:10:31
2026-06-13,Medical,Golden HealthCloud,882.919.8378,hello@goldenhealthcloud.net,https://www.goldenhealthcloud.net,20,Seattle,US,2026-06-13 05:04:53
2026-06-13,Medical,Umbra ClinicTech,777-664-5084,hello@umbraclinictech.com,https://umbraclinictech.com,7,Tampa,US,2026-06-13 05:55:12
2026-06-13,HR,Prime PerformDynamics,+1 (695) 259-7331,info@primeperformdynamics.net,https://www.primeperformdynamics.net,161,Denver,US,2026-06-13 06:38:01
2026-06-13,LMS,WillowLessonLogic,+15853105889,info@willowlessonlogic.com,https://www.willowlessonlogic.com,87,Denver,US,2026-06-13 04:16:43
2026-06-13,Medical,Sable VitalDesk,+1 (241) 855-1845,info@sablevitaldesk.com,https://www.sablevitaldesk.com,6,Atlanta,US,2026-06-13 05:17:45
2026-06-13,ERP,EmberResourcePoint,+14132410360,contact@emberresourcepoint.com,emberresourcepoint.com,N/A,Austin,US,2026-06-13 04:30:28
2026-06-13,ERP,MetaPlan Base,(941) 258-9448,info@metaplanbase.com,https://metaplanbase.com,832,Raleigh,US,2026-06-13 02:48:40
2026-06-13,Medical,Keystone MedCloud,217-948-4740,info@keystonemedcloud.com,https://www.keystonemedcloud.com,41,Austin,US,2026-06-13 02:23:15
2026-06-13,ERP,Beacon OrderSoft,792.919.3426,contact@beaconordersoft.com,https://www.beaconordersoft.com,12,Amsterdam,NL,2026-06-13 06:56:27
2026-06-13,ERP,Nova StockWorks,1-612-666-7074,info@novastockworks.io,https://novastockworks.io,330,Leeds,UK,2026-06-13 03:56:06
2026-06-13,ERP,BeaconPlan Flow,+1 (237) 660-2264,sales@beaconplanflow.com,https://www.beaconplanflow.com,928,Hyderabad,IN,2026-06-13 01:16:45
2026-06-13,MSP Platform,Lattice EndpointApp,+16222173127,contact@latticeendpointapp.io,latticeendpointapp.io,49,Atlanta,US,2026-06-13 01:29:38
2026-06-13,LMS,TidalTutorApp,5256124645,info@tidaltutorapp.com,https://tidaltutorapp.com,187,Toronto,CA,2026-06-13 03:44:11
2026-06-13,ERP,CobaltBatch Flow,+16734930437,contact@cobaltbatchflow.com,https://cobaltbatchflow.com,5,Phoenix,US,2026-06-13 01:35:35
2026-06-13,ERP,XenonFin Flow,+1 (727) 870-2932,sales@xenonfinflow.com,https://www.xenonfinflow.com,7,Toronto,CA,2026-06-13 06:31:31
2026-06-13,ERP,Blue OpsWorks,(676) 587-4454,sales@blueopsworks.co,blueopsworks.co,24,Phoenix,US,2026-06-13 03:18:36
2026-06-13,Medical,Nova PatiéntPoint,1-517-745-3258,info@novapatientpoint.io,https://www.novapatientpoint.io,27,Manchester,UK,2026-06-13 06:47:02
2026-06-13,MSP Platform,Vista RemoteBase,06245532372,sales@vistaremotebase.co,https://vistaremotebase.co,34,Columbus,US,2026-06-13 06:57:02
2026-06-13,Legal,CrownDocket Sync,+15776792181,hello@crowndocketsync.io,https://crowndocketsync.io,324,Raleigh,US,2026-06-13 02:25:57
2026-06-13,MSP Platform,Harbor NodeCloud,(772) 823-1375,sales@harbornodecloud.com,https://www.harbornodecloud.com,48,Singapore,SG,2026-06-13 02:55:22
2026-06-13,Medical,Harbor ForgeSync,7903494337,hello@harborforgesync.io,https://harborforgesync.io,554,Raleigh,US,2026-06-13 06:58:39
2026-06-13,ERP,MetaPlan Point,+15886407973,sales@metaplanpoint.net,https://www.metaplanpoint.net,474,Austin,US,2026-06-13 01:10:52
2026-06-13,MSP Platform,BoldGrid Dynamics,+16288371538,sales@boldgriddynamics.co,https://www.boldgriddynamics.co,541,Boston,US,2026-06-13 03:58:35
2026-06-13,Medical,HarborChartCloud’s,433-738-0753,hello@harborchartcloud.com,https://www.harborchartcloud.com,11,Chicago,US,2026-06-13 05:02:57
2026-06-13,ERP,Bright FinPlatform,8969431647,sales@brightfinplatform.com,https://www.brightfinplatform.com,51,Boston,US,2026-06-13 04:25:14
2026-06-13,Medical,MetaCareDesk,(721) 405-2883,contact@metacaredesk.co,https://www.metacaredesk.co,19,Phoenix,US,2026-06-13 06:04:09
2026-06-13,HR,QuartzTalent Tech,+1 (709) 941-2649,sales@quartztalenttech.com,quartztalenttech.com,172,Toronto,CA,2026-06-13 02:37:30
2026-06-13,HR,Fusion CultureWorks,+13362534189,hello@fusioncultureworks.com,fusioncultureworks.com,12,Raleigh,US,2026-06-13 04:26:58
2026-06-13,HR,BrightCulture Labs,1-548-332-6067,contact@brightculturelabs.io,https://www.brightculturelabs.io,368,Boston,US,2026-06-13 02:52:23
2026-06-13,Legal,ClearMatter Sync,(416) 762-3178,hello@clearmattersync.io,https://clearmattersync.io,18,London,UK,2026-06-13 02:27:19
2026-06-13,Legal,CrestCase Logic,1-679-886-3428 ext. 5,info@crestcaselogic.com,https://www.crestcaselogic.com,N/A,Melbourne,AU,2026-06-13 05:43:23
2026-06-13,ERP,NimbusStock Logic,(302) 564-4693,sales@nimbusstocklogic.com,https://www.nimbusstocklogic.com,17,Raleigh,US,2026-06-13 06:35:34
2026-06-13,ERP,PivotOrder Systems,261-266-4602,hello@pivotordersystems.com,https://www.pivotordersystems.com,158,Seattle,US,2026-06-13 01:34:02
2026-06-13,Legal,IndigoVerdict Logic,533-499-6219,sales@indigoverdictlogic.com,https://indigoverdictlogic.com,227,Tampa,US,2026-06-13 06:13:18
2026-06-13,ERP,Bright OrderBase,+19472852615,hello@brightorderbase.co,https://www.brightorderbase.co,66,Boston,US,2026-06-13 03:52:20
2026-06-13,Medical,Solid ClinicSphere,1-288-669-5744,contact@solidclinicsphere.com,https://www.solidclinicsphere.com,90,Atlanta,US,2026-06-13 06:11:43
2026-06-13,Medical,Velo MedLabs,06015795052,contact@velomedlabs.io,https://www.velomedlabs.io,247,Bengaluru,IN,2026-06-13 06:22:31
2026-06-13,HR,PolarisShiftHub,1-332-290-9954,sales@polarisshifthub.net,polarisshifthub.net,240,Boston,US,2026-06-13 02:14:52
2026-06-13,Legal,CoreMatter Suite,(263) 354-7666,contact@coremattersuite.co,https://www.coremattersuite.co,8,Phoenix,US,2026-06-13 06:10:35
2026-06-13,ERP,FalconStock Desk,654.294.9443,contact@falconstockdesk.net,falconstockdesk.net,173,Amsterdam,NL,2026-06-13 01:01:26
2026-06-13,MSP Platform,UmbraPatch Works,1-730-951-6885,hello@umbrapatchworks.com,https://umbrapatchworks.com,807,Tampa,US,2026-06-13 06:44:21
2026-06-13,ERP,MetaStock Logic,+18223875880 ext. 91,info@metastocklogic.net,https://www.metastocklogic.net,48,Columbus,US,2026-06-13 02:51:20
2026-06-13,ERP,Clear Resource Consultants,1-385-861-5384 ext. 27,contact@clearresourceconsultants.net,https://clearresourceconsultants.net,23,Columbus,US,2026-06-13 06:26:53
2026-06-13,ERP,SilverFinLabs,1-570-681-1330,N/A,https://www.silverfinlabs.co,19,Calgary,CA,2026-06-13 03:30:46
2026-06-13,LMS,Delta QuizSphere,414.268.0056,hello@deltaquizsphere.com,https://www.deltaquizsphere.com,19,Austin,US,2026-06-13 03:43:21
2026-06-13,Legal,Arch ClauseTech,863-885-7952,info@archclausetech.com,https://www.archclausetech.com,17,Manchester,UK,2026-06-13 05:36:00
2026-06-13,Medical,Vista TriageDesk,(226) 484-9929,sales@vistatriagedesk.com,https://www.vistatriagedesk.com,31,Tampa,US,2026-06-13 04:36:16
2026-06-13,Medical,QuartzPulse Hub,1-696-431-9446,sales@quartzpulsehub.io,https://www.quartzpulsehub.io,3149,Tampa,US,2026-06-13 06:20:36
2026-06-13,Legal,Quantum MatterBase,3164773979,contact@quantummatterbase.com,https://www.quantummatterbase.com,67,Chicago,US,2026-06-13 02:46:18
2026-06-13,HR,AltaShift Cloud,730.905.8384,info@altashiftcloud.io,https://www.altashiftcloud.io,78,Boston,US,2026-06-13 04:52:45
2026-06-13,Medical,Keystone RxSuite,976-662-9289,sales@keystonerxsuite.io,https://www.keystonerxsuite.io,169,Leeds,UK,2026-06-13 01:41:41
2026-06-13,HR,Bright BenefitSoft,760.496.8606,info@brightbenefitsoft.io,https://brightbenefitsoft.io,77,Vancouver,CA,2026-06-13 03:54:46
2026-06-13,HR,EmberRoster Base,850-652-8388,contact@emberrosterbase.com,https://emberrosterbase.com,99,Phoenix,US,2026-06-13 05:22:43
2026-06-13,ERP,Nimbus BatchWorks,983.858.1476,sales@nimbusbatchworks.io,https://nimbusbatchworks.io,21,Lahore,PK,2026-06-13 01:26:16
2026-06-13,Medical,QuantumMedDynamics,+1 (982) 812-8422,sales@quantummeddynamics.co,https://www.quantummeddynamics.co,29,Denver,US,2026-06-13 05:44:55
2026-06-13,HR,AnchorTeamHub,(665) 700-4084,hello@anchorteamhub.com,anchorteamhub.com,17,London,UK,2026-06-13 01:56:02
2026-06-13,Medical,Willow RxTech,2483877381,contact@willowrxtech.io,https://www.willowrxtech.io,111,Columbus,US,2026-06-13 01:09:04
2026-06-13,ERP,Lumen PlanBase,640-519-3561,info@lumenplanbase.com,https://www.lumenplanbase.com,18,Sydney,AU,2026-06-13 02:58:46
2026-06-13,Medical,IndigoCareDesk,5929546823,hello@indigocaredesk.io,https://www.indigocaredesk.io,8,Vancouver,CA,2026-06-13 05:34:20
2026-06-13,MSP Platform,AnchorEndpoint Sphere,1-326-418-2182,hello@anchorendpointsphere.com,anchorendpointsphere.com,null,Columbus,US,2026-06-13 02:41:22
2026-06-13,MSP Platform,Tidal EndpointLabs,(270) 640-2393,sales@tidalendpointlabs.co,tidalendpointlabs.co,53,Manchester,UK,2026-06-13 02:46:48
2026-06-13,ERP,XenonForgePoint,+1 (705) 879-2827,info@xenonforgepoint.com,https://xenonforgepoint.com,96,Seattle,US,2026-06-13 05:14:14
2026-06-13,Medical,GraniteMedBase,(810) 844-1928,sales@granitemedbase.co,https://granitemedbase.co,9,Sydney,AU,2026-06-13 03:14:44
2026-06-13,HR,VeloOnboardDynamics,(498) 410-9443,contact@veloonboarddynamics.com,https://www.veloonboarddynamics.com,930,Austin,US,2026-06-13 01:39:20
2026-06-13,Medical,Omni PulseSystems,305-517-7330,hello@omnipulsesystems.com,https://omnipulsesystems.com,216,Singapore,SG,2026-06-13 02:33:50
2026-06-13,HR,SilverTeamSphere,+16306154100,null,https://www.silverteamsphere.com,9,Melbourne,AU,2026-06-13 01:57:43
2026-06-13,Medical,AltaTriage Labs,966-667-1086,info@altatriagelabs.net,https://www.altatriagelabs.net,30,Boston,US,2026-06-13 01:57:34
2026-06-13,Medical,CrownClinic Platform,(509) 472-4798,sales@crownclinicplatform.com,https://www.crownclinicplatform.com,91,Toronto,CA,2026-06-13 05:25:30
2026-06-13,HR,SableTeamCore,1-605-203-1378,sales@sableteamcore.com,https://sableteamcore.com,501,Phoenix,US,2026-06-13 06:38:43
2026-06-13,ERP,AltaChainPoint’s,+18243382459,,https://altachainpoint.com,697,Melbourne,AU,2026-06-13 05:37:14
2026-06-13,Medical,Indigo Patient Staffing,986.907.4579,contact@indigopatientstaffing.io,indigopatientstaffing.io,277,Chicago,US,2026-06-13 01:07:21
2026-06-13,Legal,CoreVerdictCloud,+14976981376,sales@coreverdictcloud.com,https://coreverdictcloud.com,223,Denver,US,2026-06-13 04:33:44
2026-06-13,Medical,GoldenClinicSphere,527-484-7110,info@goldenclinicsphere.com,https://goldenclinicsphere.com,27,Manchester,UK,2026-06-13 05:58:44
2026-06-13,HR,BoldPayrollApp,526-420-6217 ext. 87,info@boldpayrollapp.com,https://www.boldpayrollapp.com,88,Denver,US,2026-06-13 04:46:50
2026-06-13,HR,CedarOnboard App,885-270-4915 ext. 90,hello@cedaronboardapp.net,cedaronboardapp.net,82,Calgary,CA,2026-06-13 03:28:58
2026-06-13,ERP,Ridge FinSystems,(602) 491-0930,hello@ridgefinsystems.io,https://ridgefinsystems.io,99,Tampa,US,2026-06-13 02:45:12
2026-06-13,Medical,LumenHealthPlatform,+16132984943,hello@lumenhealthplatform.com,https://lumenhealthplatform.com,13,Amsterdam,NL,2026-06-13 04:01:36
2026-06-13,ERP,True StockSoft,222-251-5336,null,https://www.truestocksoft.com,37,Amsterdam,NL,2026-06-13 03:34:19
2026-06-13,MSP Platform,OmniStackCloud,+16837368618,info@omnistackcloud.co,https://www.omnistackcloud.co,628,Sydney,AU,2026-06-13 02:28:23
2026-06-13,LMS,Vista LearnFlow,(635) 959-5965,sales@vistalearnflow.com,https://www.vistalearnflow.com,296,Atlanta,US,2026-06-13 01:11:14
2026-06-13,Medical,CrestClinicCore,508.761.2460,sales@crestcliniccore.com,https://www.crestcliniccore.com,39,Hyderabad,IN,2026-06-13 05:51:34
2026-06-13,Medical,XenonHealth Labs,(430) 827-1033 ext. 20,contact@xenonhealthlabs.io,https://www.xenonhealthlabs.io,9,Raleigh,US,2026-06-13 06:10:36
2026-06-13,HR,OrbitPeopleDesk,365.800.0006,contact@orbitpeopledesk.net,https://orbitpeopledesk.net,91,Manchester,UK,2026-06-13 06:48:06
2026-06-13,Medical,QuartzPatient Labs,(390) 221-9766,sales@quartzpatientlabs.io,https://www.quartzpatientlabs.io,169,Tampa,US,2026-06-13 03:41:35
2026-06-13,MSP Platform,NovaNetFlow,832-558-1113,contact@novanetflow.com,https://novanetflow.com,217,Calgary,CA,2026-06-13 06:36:25
2026-06-13,HR,JuniperPerformTech,288-439-2196,sales@juniperperformtech.com,https://juniperperformtech.com,39,Leeds,UK,2026-06-13 03:07:13
2026-06-13,Medical,OnyxCare Base,5596027199,info@onyxcarebase.com,https://www.onyxcarebase.com,32,Melbourne,AU,2026-06-13 02:21:47
2026-06-13,Medical,XenonTriageWorks,352.515.8778,hello@xenontriageworks.net,https://www.xenontriageworks.net,47,Sydney,AU,2026-06-13 05:27:45
2026-06-13,Legal,Anchor TriagePlatform,(624) 624-4152,sales@anchortriageplatform.com,https://www.anchortriageplatform.com,850,Austin,US,2026-06-13 02:32:46
2026-06-13,ERP,Bold ChainPlatform,+19692171632,info@boldchainplatform.com,https://boldchainplatform.com,298,Chicago,US,2026-06-13 05:48:22
2026-06-13,MSP Platform,KeystoneRemoteBase,(647) 630-0474,contact@keystoneremotebase.net,keystoneremotebase.net,629,Sydney,AU,2026-06-13 05:15:35
2026-06-13,Medical,CobaltTriage Hub,1-270-912-7344,contact@cobalttriagehub.co,https://www.cobalttriagehub.co,15,Austin,US,2026-06-13 06:13:19
2026-06-13,ERP,SilverForgePlatform,(212) 223-2066,info@silverforgeplatform.io,https://www.silverforgeplatform.io,33,Chicago,US,2026-06-13 04:00:33
2026-06-13,Legal,ClearCounselSphere,840-937-5144 ext. 34,contact@clearcounselsphere.com,https://www.clearcounselsphere.com,175,Denver,US,2026-06-13 06:17:18
2026-06-13,Legal,FusionCounselFlow,1-302-729-0829,info@fusioncounselflow.com,https://www.fusioncounselflow.com,322,Phoenix,US,2026-06-13 03:26:37
2026-06-13,Medical,Zen CareSolutions,(940) 796-1739,contact@zencaresolutions.co,zencaresolutions.co,94,Melbourne,AU,2026-06-13 01:40:18
2026-06-13,Legal,BoldFiling Base,852.841.3240,sales@boldfilingbase.com,https://www.boldfilingbase.com,40,Columbus,US,2026-06-13 04:14:26
2026-06-13,Legal,Alta VerdictDynamics,+12553828997,contact@altaverdictdynamics.com,https://www.altaverdictdynamics.com,150,Leeds,UK,2026-06-13 04:10:12
2026-06-13,ERP,RidgewayForge Suite,2282077978,hello@ridgewayforgesuite.com,https://www.ridgewayforgesuite.com,20,Austin,US,2026-06-13 03:31:37
2026-06-13,ERP,RidgewayForgeSystems,(510) 519-3300,hello@ridgewayforgesystems.com,ridgewayforgesystems.com,75,Austin,US,2026-06-13 03:16:15
2026-06-13,Legal,PrimeVerdictCloud,636.803.3047,sales@primeverdictcloud.com,primeverdictcloud.com,2477,Sydney,AU,2026-06-13 04:37:21
2026-06-13,MSP Platform,RidgeEndpoint Sync,586-442-9553,contact@ridgeendpointsync.com,https://www.ridgeendpointsync.com,28,Columbus,US,2026-06-13 06:33:50
2026-06-13,HR,NimbusRoster Base,(702) 960-8345,info@nimbusrosterbase.com,https://www.nimbusrosterbase.com,2290,Karachi,PK,2026-06-13 05:35:57
2026-06-13,MSP Platform,Omni UptimeTech,608.346.9552,hello@omniuptimetech.com,https://omniuptimetech.com,67,Chicago,US,2026-06-13 05:52:28
2026-06-13,ERP,SablePlanTech,613-539-2794,hello@sableplantech.co,https://www.sableplantech.co,9,Chicago,US,2026-06-13 01:27:20
2026-06-13,Medical,Arch PatientSphere,(411) 268-9374 ext. 78,sales@archpatientsphere.com,https://www.archpatientsphere.com,240,Atlanta,US,2026-06-13 02:59:06
2026-06-13,HR,ZephyrShift Desk,(842) 753-0837,hello@zephyrshiftdesk.com,https://www.zephyrshiftdesk.com,8,Chicago,US,2026-06-13 06:49:34
2026-06-13,Medical,VeloClinic Soft,+16553955176,info@veloclinicsoft.com,https://veloclinicsoft.com,94,Boston,US,2026-06-13 04:29:29
2026-06-13,Medical,SilverPulse Cloud,+16907698201,sales@silverpulsecloud.com,https://www.silverpulsecloud.com,4955,Melbourne,AU,2026-06-13 02:12:51
2026-06-13,MSP Platform,VeloNodeFlow,430.577.3158,sales@velonodeflow.com,https://velonodeflow.com,448,Amsterdam,NL,2026-06-13 03:48:35
2026-06-13,HR,PolarisShiftDesk,(688) 629-2747,sales@polarisshiftdesk.com,https://www.polarisshiftdesk.com,977,Chicago,US,2026-06-13 03:26:07
2026-06-13,MSP Platform,Cobalt EndpointSphere,290-579-0829 ext. 76,info@cobaltendpointsphere.com,https://www.cobaltendpointsphere.com,567,Austin,US,2026-06-13 06:22:21
2026-06-13,LMS,Fusion CohortBase,+14099377569,hello@fusioncohortbase.net,fusioncohortbase.net,1328,Berlin,DE,2026-06-13 04:33:43
2026-06-13,Legal,Cedar MatterDynamics,+15598275280,contact@cedarmatterdynamics.com,https://cedarmatterdynamics.com,26,Seattle,US,2026-06-13 05:33:29
2026-06-13,Legal,VistaLawSystems,+16727915178,contact@vistalawsystems.com,https://www.vistalawsystems.com,221,Phoenix,US,2026-06-13 06:38:31
2026-06-13,HR,Ridgeway CultureSuite,487-638-1597,contact@ridgewayculturesuite.net,https://www.ridgewayculturesuite.net,321,Atlanta,US,2026-06-13 05:56:03
2026-06-13,HR,TrueTeam Labs,863-612-5066,info@trueteamlabs.com,https://www.trueteamlabs.com,473,Chicago,US,2026-06-13 01:26:10
2026-06-13,HR,ZephyrTeamSuite,659-486-8046,,https://www.zephyrteamsuite.io,401,Chicago,US,2026-06-13 05:16:47
2026-06-13,Legal,ZephyrClauseSolutions,+17709677547,sales@zephyrclausesolutions.com,https://www.zephyrclausesolutions.com,13,Chicago,US,2026-06-13 04:46:41
2026-06-13,LMS,Cedar MentorCore,6752788700,sales@cedarmentorcore.com,https://cedarmentorcore.com,95,Atlanta,US,2026-06-13 02:03:03
2026-06-13,HR,ClearOnboardDynamics,729.851.3963,info@clearonboarddynamics.com,https://clearonboarddynamics.com,18,Atlanta,US,2026-06-13 05:58:56
2026-06-13,MSP Platform,FalconTicketBase,1-905-700-4396,contact@falconticketbase.io,https://www.falconticketbase.io,199,Raleigh,US,2026-06-13 02:15:12
2026-06-13,Medical,Zephyr TriageSystems,330.921.4294,sales@zephyrtriagesystems.com,https://www.zephyrtriagesystems.com,128,Boston,US,2026-06-13 04:44:54
2026-06-13,Medical,Rapid ChartDesk,8536487817,sales@rapidchartdesk.com,https://www.rapidchartdesk.com,6,Atlanta,US,2026-06-13 06:29:23
2026-06-13,Medical,Halo TriageHub,1-252-667-1314 ext. 65,sales@halotriagehub.io,https://www.halotriagehub.io,-,Columbus,US,2026-06-13 01:02:29
2026-06-13,HR,Vertex PeopleSphere,+12392710114,contact@vertexpeoplesphere.com,https://vertexpeoplesphere.com,4477,Chicago,US,2026-06-13 03:44:05
2026-06-13,HR,Pivot TeamDesk,+14896186973,hello@pivotteamdesk.com,https://www.pivotteamdesk.com,15,Amsterdam,NL,2026-06-13 01:19:32
2026-06-13,MSP Platform,Pivot NodeLogic,(204) 366-2906,info@pivotnodelogic.com,https://www.pivotnodelogic.com,3015,Boston,US,2026-06-13 06:27:45
2026-06-13,LMS,RidgeTutor Sync,(926) 823-4107,info@ridgetutorsync.com,ridgetutorsync.com,21,Amsterdam,NL,2026-06-13 03:42:58
2026-06-13,MSP Platform,Harbor EndpointLogic,585-562-2603 ext. 42,info@harborendpointlogic.com,https://www.harborendpointlogic.com,75,Denver,US,2026-06-13 02:22:18
2026-06-13,LMS,Zorvantek Learning Cloud,(505) 019-9911,hello@zorvantek.io,https://www.zorvantek.io,37,Boise,US,2026-06-13 02:21:07
2026-06-13,Legal,PolarisCompli Cloud,528.782.5020,info@polariscomplicloud.net,https://polariscomplicloud.net,799,London,UK,2026-06-13 04:27:27
2026-06-13,Medical,GranitePulseCloud,+16242550904,sales@granitepulsecloud.com,https://www.granitepulsecloud.com,15,Austin,US,2026-06-13 06:58:28
2026-06-13,Legal,Lumen FilingCloud,340-773-2861,hello@lumenfilingcloud.com,https://www.lumenfilingcloud.com,291,Columbus,US,2026-06-13 04:54:19
2026-06-13,MSP Platform,MetaStack’s Soft,(518) 480-2417,hello@metastacksoft.com,https://www.metastacksoft.com,96,Seattle,US,2026-06-13 05:04:06
2026-06-13,ERP,PrimeFinSolutions,+16128929584,info@primefinsolutions.net,primefinsolutions.net,16,Leeds,UK,2026-06-13 01:09:02
2026-06-13,Medical,BoldRxDesk,+1 (627) 680-5476,hello@boldrxdesk.com,https://www.boldrxdesk.com,64,Sydney,AU,2026-06-13 02:14:22
2026-06-13,ERP,Delta ForgeBase,592-621-8687,info@deltaforgebase.com,https://www.deltaforgebase.com,4346,Toronto,CA,2026-06-13 01:43:27
2026-06-13,MSP Platform,KeystoneMonitorSphere,4509533093,hello@keystonemonitorsphere.com,https://www.keystonemonitorsphere.com,59,Columbus,US,2026-06-13 05:47:34
2026-06-13,MSP Platform,HarborUptimeCore,405-310-0210,info@harboruptimecore.com,https://www.harboruptimecore.com,7,Lahore,PK,2026-06-13 06:44:47
2026-06-13,HR,Raven PeopleCloud,334.709.6744,sales@ravenpeoplecloud.com,https://www.ravenpeoplecloud.com,84,Denver,US,2026-06-13 05:16:36
2026-06-13,MSP Platform,PolarisNet Systems,+1 (329) 481-2766,hello@polarisnetsystems.com,https://www.polarisnetsystems.com,48,Austin,US,2026-06-13 04:47:41
2026-06-13,Legal,CobaltBriefPlatform,277-529-5036,sales@cobaltbriefplatform.com,https://www.cobaltbriefplatform.com,35,Austin,US,2026-06-13 02:59:40
2026-06-13,Legal,BoldCompliDésk,683.434.4577,info@boldcomplidesk.co,boldcomplidesk.co,680,Amsterdam,NL,2026-06-13 06:33:34
2026-06-13,Legal,Arch VerdictLogic,738-321-2206,hello@archverdictlogic.com,https://www.archverdictlogic.com,14,Phoenix,US,2026-06-13 02:20:02
2026-06-13,Medical,GraniteTriage App,1-685-573-7319,info@granitetriageapp.com,https://www.granitetriageapp.com,346,-,US,2026-06-13 06:57:16
2026-06-13,ERP,TidalResource Point,622-368-7467,info@tidalresourcepoint.com,https://tidalresourcepoint.com,140,Atlanta,US,2026-06-13 05:25:02
2026-06-13,MSP Platform,JuniperMonitorSystems,+17853158050,hello@junipermonitorsystems.com,junipermonitorsystems.com,19,London,UK,2026-06-13 01:57:15
2026-06-13,MSP Platform,VistaEndpointPoint’s,+15446230935,info@vistaendpointpoint.co,https://www.vistaendpointpoint.co,42,Islamabad,PK,2026-06-13 04:18:27
2026-06-13,Legal,AtlasDocketApp,930-446-1149,info@atlasdocketapp.com,https://atlasdocketapp.com,960,Boston,US,2026-06-13 01:16:15
2026-06-13,HR,RavenPeopleTech,(251) 901-5710,info@ravenpeopletech.com,https://ravenpeopletech.com,25,Chicago,US,2026-06-13 03:30:21
2026-06-13,MSP Platform,VistaBatch Hub,9762851920,hello@vistabatchhub.io,https://www.vistabatchhub.io,19,Amsterdam,NL,2026-06-13 01:20:30
2026-06-13,HR,HaloTalentSolutions,237.224.5213,sales@halotalentsolutions.com,https://www.halotalentsolutions.com,163,Pune,IN,2026-06-13 05:53:20
2026-06-13,HR,Atlas TeamLabs,(945) 795-0131 ext. 95,info@atlasteamlabs.com,atlasteamlabs.com,303,London,UK,2026-06-13 02:58:45
2026-06-13,Medical,Ember TriageTech,+17447737428,hello@embertriagetech.com,https://www.embertriagetech.com,15,Raleigh,US,2026-06-13 02:27:14
2026-06-13,HR,AtlasHealth Sphere,+17486909346,hello@atlashealthsphere.net,https://www.atlashealthsphere.net,22,Vancouver,CA,2026-06-13 01:20:25
2026-06-13,MSP Platform,GraniteStackSync,209-945-2696,info@granitestacksync.com,https://www.granitestacksync.com,54,Austin,US,2026-06-13 06:54:44
2026-06-13,HR,GoldenShiftSoft,(346) 745-8403,info@goldenshiftsoft.io,https://www.goldenshiftsoft.io,99,Melbourne,AU,2026-06-13 01:39:03
2026-06-13,Medical,KeystoneRxLabs,(484) 407-4899,hello@keystonerxlabs.net,https://www.keystonerxlabs.net,N/A,Seattle,US,2026-06-13 05:00:01
2026-06-13,Legal,Meta MatterSolutions,(716) 287-5587,sales@metamattersolutions.com,https://www.metamattersolutions.com,862,Leeds,UK,2026-06-13 01:10:45
2026-06-13,Legal,PrimeDocket Platform,478-409-3387,info@primedocketplatform.com,https://www.primedocketplatform.com,171,,IE,2026-06-13 06:29:16
2026-06-13,MSP Platform,BoldRemoteCore,1-274-490-9732,contact@boldremotecore.com,https://www.boldremotecore.com,107,Atlanta,US,2026-06-13 02:08:02
2026-06-13,ERP,KeystoneForge Desk,1-503-552-5425,hello@keystoneforgedesk.com,https://keystoneforgedesk.com,19,Toronto,CA,2026-06-13 01:00:08
2026-06-13,Medical,SilverTriageLogic,363-873-9913,sales@silvertriagelogic.com,https://www.silvertriagelogic.com,-,Islamabad,PK,2026-06-13 03:18:45
2026-06-13,ERP,PrimeResourceHub,+13893390710,hello@primeresourcehub.net,https://www.primeresourcehub.net,59,Austin,US,2026-06-13 04:34:41
2026-06-13,ERP,CedarLedger Works,(706) 302-4979,N/A,https://www.cedarledgerworks.co,380,Melbourne,AU,2026-06-13 03:08:47
2026-06-13,Legal,CoreFiling Dynamics,+18396507084,hello@corefilingdynamics.com,https://corefilingdynamics.com,88,-,US,2026-06-13 02:23:47
2026-06-13,Medical,WillowHealthWorks,9347814889,contact@willowhealthworks.io,https://www.willowhealthworks.io,12,Phoenix,US,2026-06-13 03:37:50
2026-06-13,Legal,Polaris CompliCore,1-368-553-4932 ext. 78,contact@polariscomplicore.com,https://www.polariscomplicore.com,151,Pune,IN,2026-06-13 04:49:48
2026-06-13,ERP,PolarisShiftDesk,(688) 629-2747,sales@polarisshiftdesk.com,https://www.polarisshiftdesk.com,977,Chicago,US,2026-06-13 03:45:46
2026-06-13,ERP,Keystone ResourceTech,+1 (963) 946-8530,contact@keystoneresourcetech.com,https://keystoneresourcetech.com,18,Singapore,SG,2026-06-13 04:45:20
2026-06-13,MSP Platform,RidgewayStack Point,+17468071549,hello@ridgewaystackpoint.net,https://ridgewaystackpoint.net,815,Hyderabad,IN,2026-06-13 01:23:01
2026-06-13,HR,PolarisPayrollCloud,+1 (415) 774-2252,sales@polarispayrollcloud.com,https://www.polarispayrollcloud.com,172,Columbus,US,2026-06-13 04:48:47
2026-06-13,MSP Platform,Clear NodePlatform,2147587076 ext. 7,info@clearnodeplatform.com,https://www.clearnodeplatform.com,26,Seattle,US,2026-06-13 04:27:42
2026-06-13,MSP Platform,Halo TicketCore,+15919165460,hello@haloticketcore.co,https://www.haloticketcore.co,3622,Seattle,US,2026-06-13 01:12:19
2026-06-13,Legal,AnchorFiling Point,661.651.2861,contact@anchorfilingpoint.io,https://www.anchorfilingpoint.io,35,Manchester,UK,2026-06-13 05:24:34
2026-06-13,HR,CrestTalentTech,1-706-531-9451,sales@cresttalenttech.com,https://www.cresttalenttech.com,178,Denver,US,2026-06-13 02:18:57
2026-06-13,MSP Platform,Keystone NodeWorks,+16295508699,,https://www.keystonenodeworks.com,158,Chicago,US,2026-06-13 01:03:15
2026-06-13,HR,TidalTeam Platform,719-875-5049,hello@tidalteamplatform.io,https://www.tidalteamplatform.io,28,Boston,US,2026-06-13 04:31:17
2026-06-13,MSP Platform,Silver GridFlow,1-400-707-3854,hello@silvergridflow.net,https://www.silvergridflow.net,478,Atlanta,US,2026-06-13 01:10:08
2026-06-13,ERP,Rapid StockTech,369-455-3503,sales@rapidstocktech.com,https://www.rapidstocktech.com,485,Denver,US,2026-06-13 04:32:57
2026-06-13,Legal,Ember VerdictBase,388.597.9537 ext. 79,contact@emberverdictbase.com,https://emberverdictbase.com,640,Hyderabad,IN,2026-06-13 01:50:03
2026-06-13,Legal,Halo DocketFlow,4938668969,info@halodocketflow.net,https://www.halodocketflow.net,314,Denver,US,2026-06-13 06:12:39
2026-06-13,Medical,VertexTriage App,607-847-9032,sales@vertextriageapp.io,https://www.vertextriageapp.io,191,Phoenix,US,2026-06-13 02:42:49
2026-06-13,MSP Platform,CrownNode Labs,+1 (286) 831-7405,contact@crownnodelabs.net,https://crownnodelabs.net,6,Hyderabad,IN,2026-06-13 01:03:44
2026-06-13,ERP,NorthBatch Works,(457) 999-9075,hello@northbatchworks.com,https://www.northbatchworks.com,83,Amsterdam,NL,2026-06-13 05:45:53
2026-06-13,HR,ArchTalentLabs,866.421.2092,hello@archtalentlabs.io,https://www.archtalentlabs.io,18,Denver,US,2026-06-13 05:13:29
2026-06-13,Medical,AnchorClinic Core,+15314194503,info@anchorcliniccore.io,https://www.anchorcliniccore.io,46,Columbus,US,2026-06-13 04:36:57
2026-06-13,HR,Meta Talent Talent Agency,(579) 880-7614,info@metatalenttalentagency.io,https://www.metatalenttalentagency.io,208,Munich,DE,2026-06-13 06:22:46
2026-06-13,MSP Platform,JuniperTicketFlow,(663) 396-0504,hello@juniperticketflow.com,https://www.juniperticketflow.com,425,Seattle,US,2026-06-13 06:43:38
2026-06-13,Legal,AnchorMatterPoint,+1 (988) 486-3999,info@anchormatterpoint.com,https://www.anchormatterpoint.com,14,Boston,US,2026-06-13 05:58:32
2026-06-13,MSP Platform,Bright GridSphere,+16393414650,contact@brightgridsphere.com,https://brightgridsphere.com,12,-,AU,2026-06-13 03:07:55
2026-06-13,Legal,Bold MatterSystems,470-285-7555,contact@boldmattersystems.com,https://boldmattersystems.com,14,Boston,US,2026-06-13 06:27:23
2026-06-13,MSP Platform,Beacon EndpointLogic Solutions LLC,(931) 439-6861,hello@beaconendpointlogic.com,https://www.beaconendpointlogic.com,49,Raleigh,US,2026-06-13 04:01:22
2026-06-13,LMS,HarborLessonCore,932-449-4093,contact@harborlessoncore.com,https://www.harborlessoncore.com,35,Denver,US,2026-06-13 02:44:48
2026-06-13,ERP,SolidPlanFlow,903-647-1112,info@solidplanflow.io,https://solidplanflow.io,190,London,UK,2026-06-13 03:34:37
2026-06-13,ERP,Xenon ForgeTech,(637) 587-7530,hello@xenonforgetech.io,https://www.xenonforgetech.io,18,Seattle,US,2026-06-13 04:41:41
2026-06-13,Legal,EmberVerdictWorks,+1 (956) 277-6126 ext. 52,contact@emberverdictworks.co,https://www.emberverdictworks.co,14,Austin,US,2026-06-13 05:41:35
2026-06-13,Medical,Umbra TriageHub,506-849-7215,info@umbratriagehub.co,https://umbratriagehub.co,37,Amsterdam,NL,2026-06-13 03:42:08
2026-06-13,Legal,Alta LawPlatform,+1 (268) 606-1525,info@altalawplatform.com,https://www.altalawplatform.com,105,N/A,US,2026-06-13 04:43:18
2026-06-13,Legal,MosaicClause Desk,+1 (853) 544-8344,info@mosaicclausedesk.com,https://www.mosaicclausedesk.com,311,Calgary,CA,2026-06-13 01:31:02
2026-06-13,Legal,RapidVerdict Dynamics,707-701-2350,hello@rapidverdictdynamics.co,https://www.rapidverdictdynamics.co,221,Seattle,US,2026-06-13 02:45:46
2026-06-13,HR,Lumen ShiftSystems,832.315.8409 ext. 65,hello@lumenshiftsystems.io,https://www.lumenshiftsystems.io,995,Columbus,US,2026-06-13 03:05:54
2026-06-13,ERP,JuniperFin Works,9255542164,sales@juniperfinworks.com,https://www.juniperfinworks.com,3275,Amsterdam,NL,2026-06-13 04:09:09
2026-06-13,MSP Platform,Orbit NetSphere,1-409-782-1650,sales@orbitnetsphere.com,https://orbitnetsphere.com,21,Sydney,AU,2026-06-13 04:24:01
2026-06-13,HR,CrestBenefitHub,(240) 934-7820,hello@crestbenefithub.com,https://www.crestbenefithub.com,33,Toronto,CA,2026-06-13 03:28:30
2026-06-13,Legal,KeystoneBriefSolutions,2668773129,info@keystonebriefsolutions.com,keystonebriefsolutions.com,29,Denver,US,2026-06-13 05:54:07
2026-06-13,MSP Platform,Beacon NetSoft,(385) 926-6118,sales@beaconnetsoft.com,https://www.beaconnetsoft.com,13,-,US,2026-06-13 03:42:16
2026-06-13,ERP,DeltaForge Hub,320-259-8408,contact@deltaforgehub.com,https://deltaforgehub.com,488,Phoenix,US,2026-06-13 06:14:17
2026-06-13,Legal,Sable FilingSystems,814-558-6738,sales@sablefilingsystems.net,https://www.sablefilingsystems.net,79,Pune,IN,2026-06-13 01:14:06
2026-06-13,HR,RapidTeam Solutions,790.292.4819,sales@rapidteamsolutions.com,rapidteamsolutions.com,419,Boston,US,2026-06-13 04:31:16
2026-06-13,LMS,IndigoLesson Platform,5125703331 ext. 72,sales@indigolessonplatform.com,https://www.indigolessonplatform.com,173,Denver,US,2026-06-13 02:55:29
2026-06-13,MSP Platform,Vista PlanLogic,1-524-402-6327,sales@vistaplanlogic.com,vistaplanlogic.com,47,Calgary,CA,2026-06-13 06:34:53
2026-06-13,ERP,ZenResource Hub,571-965-6442,info@zenresourcehub.co,https://www.zenresourcehub.co,36,Austin,US,2026-06-13 06:58:24
2026-06-13,ERP,OnyxBatchSuite,(961) 815-8657,sales@onyxbatchsuite.com,https://www.onyxbatchsuite.com,91,Boston,US,2026-06-13 06:48:56
2026-06-13,ERP,Prime ChainPlatform,1-339-499-7966,info@primechainplatform.com,https://www.primechainplatform.com,34,Munich,DE,2026-06-13 05:56:59
2026-06-13,HR,SilverOnboard’s Soft,+13116016887,hello@silveronboardsoft.com,https://www.silveronboardsoft.com,3179,Sydney,AU,2026-06-13 03:06:05
2026-06-13,Medical,BrightRxSuite’s,+15384638918,sales@brightrxsuite.com,https://www.brightrxsuite.com,475,Boston,US,2026-06-13 05:11:11
2026-06-13,Legal,Silver ClauseTech,+12644858035,info@silverclausetech.io,https://www.silverclausetech.io,446,Denver,US,2026-06-13 04:28:50
2026-06-13,Legal,Halo CounselFlow,1-835-625-1561,info@halocounselflow.net,https://halocounselflow.net,13,Atlanta,US,2026-06-13 05:22:41
2026-06-13,LMS,IronCohort Systems,+16585932374,contact@ironcohortsystems.io,https://www.ironcohortsystems.io,443,Manchester,UK,2026-06-13 06:31:24
2026-06-13,HR,Indigo OnboardSoft,773.769.2208,sales@indigoonboardsoft.net,https://www.indigoonboardsoft.net,487,Manchester,UK,2026-06-13 06:09:19
2026-06-13,Medical,CoreRx Flow,+18287287222,hello@corerxflow.io,https://corerxflow.io,30,Melbourne,AU,2026-06-13 06:04:18
2026-06-13,ERP,LatticeBatchApp,839.605.0549,info@latticebatchapp.com,https://latticebatchapp.com,177,Chicago,US,2026-06-13 04:13:42
2026-06-13,Legal,Keystone VerdictApp,+19166071584,null,https://www.keystoneverdictapp.com,70,Austin,US,2026-06-13 03:39:26
2026-06-13,ERP,AtlasFin Dynamics,+19158785851,info@atlasfindynamics.net,https://www.atlasfindynamics.net,891,Atlanta,US,2026-06-13 01:43:26
2026-06-13,MSP Platform,ZephyrPatchCloud,+1 (506) 898-7120,sales@zephyrpatchcloud.io,zephyrpatchcloud.io,14,Vancouver,CA,2026-06-13 01:43:30
2026-06-13,HR,Ridgeway RosterCloud,+1 (384) 371-7046,info@ridgewayrostercloud.com,https://www.ridgewayrostercloud.com,5,London,UK,2026-06-13 03:05:10
2026-06-13,Medical,Alta PatientDesk,1-894-450-5370 ext. 59,info@altapatientdesk.io,https://www.altapatientdesk.io,105,Denver,US,2026-06-13 02:39:27
2026-06-13,HR,OrbitTalentSync’s,09448818711,info@orbittalentsync.io,https://www.orbittalentsync.io,99,Melbourne,AU,2026-06-13 04:33:26
2026-06-13,HR,FalconCulture Core,(385) 448-8845,info@falconculturecore.com,falconculturecore.com,278,Austin,US,2026-06-13 02:00:13
2026-06-13,Legal,Polaris Filing Staffing,+1 (433) 706-9003,sales@polarisfilingstaffing.com,https://www.polarisfilingstaffing.com,434,Tampa,US,2026-06-13 03:48:50
2026-06-13,ERP,MosaicBatch Tech,921.291.4246,hello@mosaicbatchtech.com,https://www.mosaicbatchtech.com,10,Boston,US,2026-06-13 05:04:18
2026-06-13,Legal,BlueMatter Hub,3748490698,-,https://www.bluematterhub.net,48,Hyderabad,IN,2026-06-13 05:36:14
2026-06-13,ERP,Vertex OpsTech,(274) 498-6069,info@vertexopstech.com,https://www.vertexopstech.com,13,Chicago,US,2026-06-13 03:16:30
2026-06-13,HR,HarborTeamDesk,1-676-359-0008,sales@harborteamdesk.com,https://www.harborteamdesk.com,181,Chicago,US,2026-06-13 06:10:48
2026-06-13,ERP,RidgeForgeSystems,(295) 309-1961,contact@ridgeforgesystems.net,https://ridgeforgesystems.net,476,Atlanta,US,2026-06-13 05:30:21
2026-06-13,HR,JuniperPayrollSoft,1-853-434-7134,info@juniperpayrollsoft.com,https://www.juniperpayrollsoft.com,726,Columbus,US,2026-06-13 06:57:36
2026-06-13,Medical,Willow VitalSphere,(485) 338-0280,contact@willowvitalsphere.com,willowvitalsphere.com,11,Atlanta,US,2026-06-13 01:55:56
2026-06-13,HR,ApexCare Logic,295-322-0729,sales@apexcarelogic.io,https://www.apexcarelogic.io,342,Munich,DE,2026-06-13 02:42:16
2026-06-13,Medical,WillowHealth Works,(237) 876-8860,info@willowhealthworks.net,https://www.willowhealthworks.net,381,Tampa,US,2026-06-13 06:01:18
2026-06-13,ERP,ZenFin Base,+17879615662,hello@zenfinbase.com,https://www.zenfinbase.com,320,Singapore,SG,2026-06-13 06:15:29
2026-06-13,ERP,IndigoOpsSync,752-412-3878,info@indigoopssync.com,https://www.indigoopssync.com,5,Seattle,US,2026-06-13 02:03:36
2026-06-13,MSP Platform,Zen NodePoint,439-346-2873,contact@zennodepoint.com,https://www.zennodepoint.com,-,Leeds,UK,2026-06-13 02:07:14
2026-06-13,ERP,VistaForgeLabs,(320) 780-4989,hello@vistaforgelabs.com,https://vistaforgelabs.com,94,Singapore,SG,2026-06-13 06:04:31
2026-06-13,ERP,Core LedgerApp,+14473958976 ext. 82,hello@coreledgerapp.com,https://www.coreledgerapp.com,35,Austin,US,2026-06-13 02:44:38
2026-06-13,MSP Platform,DeltaRemote Cloud,(483) 548-3758,sales@deltaremotecloud.com,https://www.deltaremotecloud.com,24,Phoenix,US,2026-06-13 06:06:24
2026-06-13,MSP Platform,PivotTicket Solutions,201-851-7882,hello@pivotticketsolutions.io,https://pivotticketsolutions.io,21,Raleigh,US,2026-06-13 05:06:32
2026-06-13,Legal,Bold CounselCloud,285-753-9144,hello@boldcounselcloud.io,https://www.boldcounselcloud.io,482,Phoenix,US,2026-06-13 02:06:54
2026-06-13,Legal,Blue CaseBase,(501) 458-7953,hello@bluecasebase.com,https://www.bluecasebase.com,69,Calgary,CA,2026-06-13 06:08:56
2026-06-13,Medical,VertexHealth Sphere,(597) 869-0147,-,https://www.vertexhealthsphere.net,32,Chicago,US,2026-06-13 04:25:44
2026-06-13,ERP,North ResourceDesk,868-502-8799,-,https://www.northresourcedesk.io,10,Seattle,US,2026-06-13 02:25:02
2026-06-13,Legal,AltaLaw Works,4317455421,sales@altalawworks.com,https://www.altalawworks.com,65,Austin,US,2026-06-13 02:48:02
2026-06-13,MSP Platform,Nova NetTech,+1 (824) 595-5459,contact@novanettech.com,https://www.novanettech.com,6,Raleigh,US,2026-06-13 02:38:32
2026-06-13,HR,Raven TalentFlow,970-842-9317 ext. 25,contact@raventalentflow.co,https://raventalentflow.co,150,Boston,US,2026-06-13 05:36:31
2026-06-13,LMS,Kéystone QuizSuite,(983) 778-7706,info@keystonequizsuite.com,keystonequizsuite.com,497,Atlanta,US,2026-06-13 06:21:47
2026-06-13,HR,Crown PeopleLabs,432.513.3331,contact@crownpeoplelabs.com,https://www.crownpeoplelabs.com,30,Denver,US,2026-06-13 04:17:40
2026-06-13,Medical,TrueTriage Tech,531.520.2127,contact@truetriagetech.com,https://www.truetriagetech.com,72,Seattle,US,2026-06-13 05:06:04
2026-06-13,Medical,Mosaic TriageHub,+13352143441,hello@mosaictriagehub.com,https://www.mosaictriagehub.com,240,Seattle,US,2026-06-13 05:16:30
2026-06-13,Legal,Core Compli Consulting Group,637.484.0084,sales@corecompliconsultinggroup.com,https://www.corecompliconsultinggroup.com,248,Raleigh,US,2026-06-13 05:44:52
2026-06-13,HR,IndigoRoster Works,(572) 390-2382,hello@indigorosterworks.com,https://indigorosterworks.com,13,Leeds,UK,2026-06-13 02:42:13
2026-06-13,MSP Platform,BeaconUptimeApp,03812482633 ext. 44,info@beaconuptimeapp.io,https://beaconuptimeapp.io,450,London,UK,2026-06-13 04:19:17
2026-06-13,Legal,PrimeClauseApp,+15865630298,info@primeclauseapp.co,https://www.primeclauseapp.co,463,Boston,US,2026-06-13 06:06:29
2026-06-13,Legal,Orbit LawSuite,302.917.4044,info@orbitlawsuite.io,https://www.orbitlawsuite.io,20,Sydney,AU,2026-06-13 02:00:23
2026-06-13,MSP Platform,BoldRemote Point,247-963-6309,info@boldremotepoint.co,https://www.boldremotepoint.co,241,Munich,DE,2026-06-13 01:06:26
2026-06-13,MSP Platform,PolarisStack Point,(749) 379-4868 ext. 31,hello@polarisstackpoint.net,https://www.polarisstackpoint.net,5,Pune,IN,2026-06-13 02:15:05
2026-06-13,Legal,OrbitVerdictSoft,+15918397251,hello@orbitverdictsoft.net,https://www.orbitverdictsoft.net,7,Toronto,CA,2026-06-13 05:26:58
2026-06-13,HR,IndigoPerform Systems,901.969.4159,contact@indigoperformsystems.io,https://www.indigoperformsystems.io,19,Denver,US,2026-06-13 05:25:26
2026-06-13,HR,Pioneer RosterHub,(790) 344-1642,contact@pioneerrosterhub.com,pioneerrosterhub.com,95,Atlanta,US,2026-06-13 03:46:34
2026-06-13,Medical,IronMed App,(821) 798-9613,contact@ironmedapp.com,https://ironmedapp.com,471,Phoenix,US,2026-06-13 03:42:05
2026-06-13,HR,OnyxOnboard Core,+15248284931,hello@onyxonboardcore.com,onyxonboardcore.com,71,Austin,US,2026-06-13 02:54:36
2026-06-13,MSP Platform,PrimeStack Flow,+1 (611) 440-7125,sales@primestackflow.com,https://www.primestackflow.com,7,Phoenix,US,2026-06-13 04:49:28
2026-06-13,Medical,PivotMed Sync,9566600329,info@pivotmedsync.com,https://www.pivotmedsync.com,4636,Austin,US,2026-06-13 05:18:25
2026-06-13,ERP,NovaStock Cloud,+19244160635,hello@novastockcloud.co,https://www.novastockcloud.co,22,Sydney,AU,2026-06-13 03:18:43
2026-06-13,Medical,IndigoMedSoft,(570) 671-7583,contact@indigomedsoft.io,https://www.indigomedsoft.io,893,Denver,US,2026-06-13 06:34:46
2026-06-13,HR,RavenCultureSolutions,916-357-7388,sales@ravenculturesolutions.net,https://www.ravenculturesolutions.net,440,Toronto,CA,2026-06-13 05:10:08
2026-06-13,MSP Platform,VertexGrid Base,+15887738732,null,https://www.vertexgridbase.com,61,Raleigh,US,2026-06-13 05:35:30
2026-06-13,ERP,RapidLedger Solutions,+14145541843,contact@rapidledgersolutions.com,https://www.rapidledgersolutions.com,474,Denver,US,2026-06-13 05:18:41
2026-06-13,HR,Tidal ShiftHub,614-277-1295,hello@tidalshifthub.com,https://www.tidalshifthub.com,840,Boston,US,2026-06-13 04:41:11
2026-06-13,ERP,SilverOpsLogic,878.873.9272,contact@silveropslogic.co,https://www.silveropslogic.co,38,Seattle,US,2026-06-13 05:38:11
2026-06-13,HR,ClearPerform Works,(379) 972-9655,hello@clearperformworks.co,https://www.clearperformworks.co,25,Sydney,AU,2026-06-13 03:15:19
2026-06-13,Medical,ApexMedHub,06233726117,info@apexmedhub.com,https://www.apexmedhub.com,13,Phoenix,US,2026-06-13 01:19:47
2026-06-13,HR,ZephyrBenefitSolutions,856-286-3817,sales@zephyrbenefitsolutions.io,https://zephyrbenefitsolutions.io,13,Raleigh,US,2026-06-13 01:37:25
2026-06-13,Medical,CrownPatient Base,541.230.9471,contact@crownpatientbase.co,https://www.crownpatientbase.co,24,Munich,DE,2026-06-13 01:53:09
2026-06-13,ERP,JuniperPlan Dynamics,+1 (699) 973-9283,contact@juniperplandynamics.co,juniperplandynamics.co,10,Austin,US,2026-06-13 06:17:31
2026-06-13,MSP Platform,ClearRemoteWorks,520-683-0133,sales@clearremoteworks.io,https://www.clearremoteworks.io,2625,Atlanta,US,2026-06-13 05:19:49
2026-06-13,Medical,SableVital App,6772181950,contact@sablevitalapp.io,https://www.sablevitalapp.io,34,Boston,US,2026-06-13 05:44:24
2026-06-13,MSP Platform,Solid UptimeCore,4816920798,sales@soliduptimecore.com,https://www.soliduptimecore.com,56,Austin,US,2026-06-13 03:14:47
2026-06-13,ERP,PivotChain Cloud,+15085204320,hello@pivotchaincloud.co,https://www.pivotchaincloud.co,29,Pune,IN,2026-06-13 04:28:51
2026-06-13,ERP,SilverResource Base,877-770-8561,contact@silverresourcebase.co,https://www.silverresourcebase.co,248,Raleigh,US,2026-06-13 03:39:53
2026-06-13,Medical,GoldenClinic Desk,453-216-5203,sales@goldenclinicdesk.net,https://www.goldenclinicdesk.net,15,Berlin,DE,2026-06-13 02:58:32
2026-06-13,ERP,AtlasResourceSync,+13092384014,sales@atlasresourcesync.co,https://www.atlasresourcesync.co,-,Phoenix,US,2026-06-13 03:07:19
2026-06-13,HR,MosaicPeople Flow,+13398841206,contact@mosaicpeopleflow.net,https://www.mosaicpeopleflow.net,7,Leeds,UK,2026-06-13 02:42:41
2026-06-13,HR,IronPayrollApp,970.382.6641,contact@ironpayrollapp.com,https://www.ironpayrollapp.com,71,Boston,US,2026-06-13 06:39:13
2026-06-13,Medical,NimbusTriage Flow,339.329.7960,contact@nimbustriageflow.io,https://www.nimbustriageflow.io,211,Phoenix,US,2026-06-13 05:23:08
2026-06-13,Medical,Clear ClinicPoint,+18959326818,contact@clearclinicpoint.com,https://www.clearclinicpoint.com,816,Austin,US,2026-06-13 04:13:36
2026-06-13,HR,ZephyrOnboard Core,+18846524507,sales@zephyronboardcore.com,https://zephyronboardcore.com,75,Munich,DE,2026-06-13 01:59:08
2026-06-13,MSP Platform,XenonPatchApp,382.657.2321,hello@xenonpatchapp.io,https://www.xenonpatchapp.io,18,Toronto,CA,2026-06-13 06:28:55
2026-06-13,HR,RapidPeople Cloud,+17863636078,contact@rapidpeoplecloud.com,https://www.rapidpeoplecloud.com,21,Chicago,US,2026-06-13 05:38:12
2026-06-13,ERP,Pioneer StockSystems,+19876520902,sales@pioneerstocksystems.io,https://www.pioneerstocksystems.io,156,Atlanta,US,2026-06-13 02:13:42
2026-06-13,LMS,Alta TutorSoft,911.402.1578,info@altatutorsoft.com,https://www.altatutorsoft.com,11,Boston,US,2026-06-13 04:51:18
2026-06-13,MSP Platform,VertexPatchHub,(501) 793-4388,sales@vertexpatchhub.net,vertexpatchhub.net,217,Berlin,DE,2026-06-13 06:53:25
2026-06-13,ERP,Vertex OpsPlatform,661-722-4602,sales@vertexopsplatform.com,https://vertexopsplatform.com,6,Munich,DE,2026-06-13 06:15:16
2026-06-13,Legal,BrightFilingFlow,313.209.3054,hello@brightfilingflow.io,https://brightfilingflow.io,-,Columbus,US,2026-06-13 03:41:27
2026-06-13,Medical,ApexRx Tech,933-283-1661,hello@apexrxtech.com,https://www.apexrxtech.com,47,Amsterdam,NL,2026-06-13 02:32:01
2026-06-13,Medical,CrestPulseCore,(753) 899-0476,hello@crestpulsecore.io,crestpulsecore.io,7,Phoenix,US,2026-06-13 03:35:02
2026-06-13,Medical,Atlas RxDesk,814.233.0752,contact@atlasrxdesk.com,https://www.atlasrxdesk.com,10,Atlanta,US,2026-06-13 01:43:00
2026-06-13,Legal,Velo OrderDesk,1-754-595-5610,sales@veloorderdesk.io,https://www.veloorderdesk.io,421,Raleigh,US,2026-06-13 04:48:29
2026-06-13,MSP Platform,FalconMonitorPlatform,8982112066 ext. 62,hello@falconmonitorplatform.com,https://falconmonitorplatform.com,25,Boston,US,2026-06-13 04:39:32
2026-06-13,MSP Platform,RidgewayNodeWorks,+1 (290) 304-4348,sales@ridgewaynodeworks.com,https://www.ridgewaynodeworks.com,81,Tampa,US,2026-06-13 02:30:04
2026-06-13,LMS,ZenTrainDesk,+13264062889,contact@zentraindesk.net,https://www.zentraindesk.net,62,Seattle,US,2026-06-13 02:51:59
2026-06-13,HR,SummitTalentWorks,854.845.7994,info@summittalentworks.co,https://www.summittalentworks.co,42,Phoenix,US,2026-06-13 01:40:43
2026-06-13,MSP Platform,RidgePatch Platform,1-384-414-6149,hello@ridgepatchplatform.com,ridgepatchplatform.com,25,Tampa,US,2026-06-13 02:45:28
2026-06-13,ERP,CedarBatch Sync,763-984-5104,info@cedarbatchsync.com,https://cedarbatchsync.com,177,Melbourne,AU,2026-06-13 03:02:44
2026-06-13,MSP Platform,Alta StackLogic,1-972-317-0946,hello@altastacklogic.com,https://www.altastacklogic.com,61,Tampa,US,2026-06-13 02:40:56
2026-06-13,Medical,Harbor RxCore,890-299-2420 ext. 46,contact@harborrxcore.com,https://harborrxcore.com,117,Tampa,US,2026-06-13 03:45:59
2026-06-13,Medical,UmbraCare Tech,04989835088,contact@umbracaretech.com,https://umbracaretech.com,19,Boston,US,2026-06-13 01:09:58
2026-06-13,LMS,AltaTrainSync,(213) 685-2353,info@altatrainsync.net,altatrainsync.net,63,Columbus,US,2026-06-13 06:49:31
2026-06-13,HR,VeloTeam Base,+1 (612) 617-0813 ext. 19,contact@veloteambase.com,https://www.veloteambase.com,42,Munich,DE,2026-06-13 05:12:15
2026-06-13,Legal,Anchor ClauseSuite,(213) 506-7655,sales@anchorclausesuite.com,https://www.anchorclausesuite.com,6,Boston,US,2026-06-13 05:04:30
2026-06-13,MSP Platform,Blue NodeFlow,810-881-2148,sales@bluenodeflow.com,https://www.bluenodeflow.com,44,Toronto,CA,2026-06-13 02:04:35
2026-06-13,HR,NovaRoster’s Solutions,373-683-4177,hello@novarostersolutions.io,https://www.novarostersolutions.io,99,Toronto,CA,2026-06-13 03:04:39
2026-06-13,MSP Platform,OnyxNode Core,06927429618,hello@onyxnodecore.io,https://www.onyxnodecore.io,175,Raleigh,US,2026-06-13 05:24:58
2026-06-13,ERP,HarborFin Tech,556-339-1626 ext. 23,contact@harborfintech.com,https://www.harborfintech.com,246,Bengaluru,IN,2026-06-13 04:03:50
2026-06-13,MSP Platform,WillowRemote Sync,323-229-2074,info@willowremotesync.com,https://www.willowremotesync.com,3215,Atlanta,US,2026-06-13 02:31:37
2026-06-13,ERP,WillowFinCore,6456028150,sales@willowfincore.com,https://www.willowfincore.com,99,Vancouver,CA,2026-06-13 01:25:30
2026-06-13,HR,Raven CultureDynamics,+12683431973,sales@ravenculturedynamics.com,https://www.ravenculturedynamics.com,392,Calgary,CA,2026-06-13 05:36:17
2026-06-13,HR,RapidCultureSync,620.894.7742,info@rapidculturesync.com,https://www.rapidculturesync.com,4946,Lahore,PK,2026-06-13 01:51:08
2026-06-13,Medical,HaloPatientApp,607-533-2065,info@halopatientapp.io,https://www.halopatientapp.io,9,Bengaluru,IN,2026-06-13 06:32:49
2026-06-13,HR,Raven OnboardDesk,(625) 826-0353,contact@ravenonboarddesk.net,https://www.ravenonboarddesk.net,946,Tampa,US,2026-06-13 06:14:39
2026-06-13,HR,Indigo OnboardSuite,758-398-6774,sales@indigoonboardsuite.io,https://www.indigoonboardsuite.io,31,Austin,US,2026-06-13 05:14:02
2026-06-13,Legal,TidalCompliFlow,(553) 965-6089 ext. 87,info@tidalcompliflow.com,tidalcompliflow.com,29,Sydney,AU,2026-06-13 05:14:11
2026-06-13,ERP,Iron PlanSystems,3259149161,sales@ironplansystems.com,https://www.ironplansystems.com,6,Leeds,UK,2026-06-13 04:11:22
2026-06-13,LMS,Zephyr LearnWorks,905-896-0536,null,zephyrlearnworks.io,47,Manchester,UK,2026-06-13 01:35:17
2026-06-13,LMS,GoldenChartTech,658-686-1801,hello@goldencharttech.co,https://www.goldencharttech.co,75,Boston,US,2026-06-13 03:15:09
2026-06-13,ERP,TruePlan Platform,+14366936193,contact@trueplanplatform.com,https://trueplanplatform.com,6,Atlanta,US,2026-06-13 06:00:30
2026-06-13,Medical,ZenHealth Systems,+17848170891,sales@zenhealthsystems.com,https://www.zenhealthsystems.com,28,Columbus,US,2026-06-13 05:33:10
2026-06-13,Legal,FalconLedger App,1-637-831-5266,contact@falconledgerapp.com,https://www.falconledgerapp.com,534,Dublin,IE,2026-06-13 04:08:16
2026-06-13,Legal,RidgewayFilingTech,283-389-4576,sales@ridgewayfilingtech.io,https://www.ridgewayfilingtech.io,63,Manchester,UK,2026-06-13 01:13:13
2026-06-13,MSP Platform,FalconStackPoint,1-269-605-7849,hello@falconstackpoint.net,https://www.falconstackpoint.net,5,London,UK,2026-06-13 06:56:54
2026-06-13,Medical,CoreClinic Sphere,1-323-537-2781,sales@coreclinicsphere.com,coreclinicsphere.com,25,Seattle,US,2026-06-13 02:33:38
2026-06-13,Medical,RapidOps Flow,7086833061,sales@rapidopsflow.com,https://www.rapidopsflow.com,38,N/A,US,2026-06-13 05:06:44
2026-06-13,Legal,OmniClause Dynamics,362-441-6497,info@omniclausedynamics.com,https://www.omniclausedynamics.com,84,Munich,DE,2026-06-13 06:06:55
2026-06-13,Medical,OnyxClinic Sphere,314-381-0234,contact@onyxclinicsphere.net,https://www.onyxclinicsphere.net,9,Leeds,UK,2026-06-13 06:55:19
2026-06-13,LMS,Iron CourseSphere,(888) 452-4096,,https://www.ironcoursesphere.com,46,Seattle,US,2026-06-13 05:58:35
2026-06-13,Medical,Alta RxSoft,383.542.4285,info@altarxsoft.com,https://www.altarxsoft.com,65,Atlanta,US,2026-06-13 05:30:28
2026-06-13,MSP Platform,Mosaic EndpointHub,(682) 309-6735,hello@mosaicendpointhub.com,https://www.mosaicendpointhub.com,137,Karachi,PK,2026-06-13 04:32:15
2026-06-13,ERP,Alta StockBase,(234) 276-5551 ext. 12,info@altastockbase.net,https://www.altastockbase.net,265,Boston,US,2026-06-13 06:23:51
2026-06-13,LMS,AnchorMentorApp,+18053284016,hello@anchormentorapp.com,anchormentorapp.com,N/A,Boston,US,2026-06-13 01:44:33
2026-06-13,ERP,OnyxOpsLogic,1-384-918-7181 ext. 67,hello@onyxopslogic.com,https://www.onyxopslogic.com,47,Calgary,CA,2026-06-13 02:16:30
2026-06-13,Medical,NovaMed Core,+13485870533 ext. 41,hello@novamedcore.com,https://novamedcore.com,17,Amsterdam,NL,2026-06-13 05:57:59
2026-06-13,ERP,Cobalt ChainHub,(451) 626-9893,contact@cobaltchainhub.com,https://www.cobaltchainhub.com,274,Chicago,US,2026-06-13 03:18:31
2026-06-13,Medical,KeystoneVitalLogic,(552) 518-8624,hello@keystonevitallogic.io,https://keystonevitallogic.io,29,Raleigh,US,2026-06-13 04:36:49
2026-06-13,Legal,Summit VerdictSystems,+13312446420,sales@summitverdictsystems.com,https://summitverdictsystems.com,48,Atlanta,US,2026-06-13 02:45:11
2026-06-13,HR,Silver Team Staffing,+19659862115,hello@silverteamstaffing.com,https://www.silverteamstaffing.com,7,Tampa,US,2026-06-13 06:02:32
2026-06-13,HR,LatticeShift Desk,+18313132114,contact@latticeshiftdesk.co,latticeshiftdesk.co,421,Dublin,IE,2026-06-13 01:38:35
2026-06-13,ERP,Atlas FinSphere,1-731-797-9969,sales@atlasfinsphere.com,https://www.atlasfinsphere.com,691,Dublin,IE,2026-06-13 02:12:08
2026-06-13,Medical,Umbra PulseLogic,5344211338,contact@umbrapulselogic.com,https://www.umbrapulselogic.com,N/A,Phoenix,US,2026-06-13 02:07:05
2026-06-13,HR,Xenon TeamPoint,1-283-755-6542,info@xenonteampoint.com,xenonteampoint.com,11,Boston,US,2026-06-13 04:50:43
2026-06-13,MSP Platform,RidgewayNode Base,(830) 870-9176,contact@ridgewaynodebase.com,https://www.ridgewaynodebase.com,62,Chicago,US,2026-06-13 06:34:31
2026-06-13,Medical,Quantum TriageApp,(851) 650-7864,sales@quantumtriageapp.io,https://www.quantumtriageapp.io,145,Raleigh,US,2026-06-13 06:57:36
2026-06-13,HR,VeloOnboardSphere,+12019500709,hello@veloonboardsphere.com,veloonboardsphere.com,370,Atlanta,US,2026-06-13 06:03:50
2026-06-13,HR,Nimbus PayrollCore,+18292109503,sales@nimbuspayrollcore.com,https://nimbuspayrollcore.com,null,Raleigh,US,2026-06-13 04:21:07
2026-06-13,Medical,Vista HealthPlatform,556-253-8966,sales@vistahealthplatform.com,https://www.vistahealthplatform.com,34,Dublin,IE,2026-06-13 02:11:55
2026-06-13,ERP,RapidOps Flow,7086833061,sales@rapidopsflow.com,rapidopsflow.com,38,Tampa,US,2026-06-13 05:43:04
2026-06-13,HR,VistaRosterDynamics,(638) 676-9135,sales@vistarosterdynamics.io,https://www.vistarosterdynamics.io,10,London,UK,2026-06-13 06:45:45
2026-06-13,MSP Platform,NovaStack Logic,(758) 674-1559,hello@novastacklogic.co,https://www.novastacklogic.co,5,Karachi,PK,2026-06-13 02:36:31
2026-06-13,Medical,Keystone MedSolutions,+15119688895,contact@keystonemedsolutions.net,https://www.keystonemedsolutions.net,84,Seattle,US,2026-06-13 06:52:09
2026-06-13,HR,Halo PayrollSoft,+1 (499) 769-7298,hello@halopayrollsoft.io,https://www.halopayrollsoft.io,61,Sydney,AU,2026-06-13 05:25:17
2026-06-13,HR,NorthPeople Labs,666.803.1394,contact@northpeoplelabs.com,northpeoplelabs.com,372,Singapore,SG,2026-06-13 01:43:42
2026-06-13,HR,AltaBenefitCore,(414) 203-6074,hello@altabenefitcore.co,https://www.altabenefitcore.co,null,Chicago,US,2026-06-13 05:44:19
2026-06-13,MSP Platform,Harbor TicketTech,8795780948,hello@harbortickettech.com,https://www.harbortickettech.com,141,Seattle,US,2026-06-13 06:25:41
2026-06-13,HR,PrimePayroll Systems,8599794514,contact@primepayrollsystems.com,https://www.primepayrollsystems.com,15,Denver,US,2026-06-13 06:32:58
2026-06-13,ERP,Clear PlanSuite,+15404974816,info@clearplansuite.com,https://clearplansuite.com,11,,UK,2026-06-13 06:29:50
2026-06-13,Medical,Juniper TriageDynamics,886-745-8543 ext. 55,info@junipertriagedynamics.com,https://www.junipertriagedynamics.com,29,Tampa,US,2026-06-13 02:55:16
2026-06-13,LMS,QuantumLearn Labs,667-391-6904,info@quantumlearnlabs.net,quantumlearnlabs.net,62,Chicago,US,2026-06-13 05:30:35
2026-06-13,ERP,PioneerFinSoft,(526) 569-0805,sales@pioneerfinsoft.io,pioneerfinsoft.io,-,Hyderabad,IN,2026-06-13 02:40:27
2026-06-13,Legal,Bold CompliPlatform,488.208.0696 ext. 49,sales@boldcompliplatform.com,boldcompliplatform.com,8,Phoenix,US,2026-06-13 02:31:33
2026-06-13,ERP,Keystone BatchSoft,+1 (477) 700-5303,sales@keystonebatchsoft.com,https://keystonebatchsoft.com,297,Islamabad,PK,2026-06-13 04:26:09
2026-06-13,ERP,IndigoChain Labs,(260) 959-4262,sales@indigochainlabs.com,https://www.indigochainlabs.com,275,Austin,US,2026-06-13 06:48:13
2026-06-13,Medical,IronPulseCloud,+1 (378) 428-2447,contact@ironpulsecloud.com,https://ironpulsecloud.com,659,Chicago,US,2026-06-13 04:59:53
2026-06-13,ERP,LatticeOps Sync,1-576-799-7098,sales@latticeopssync.net,https://latticeopssync.net,128,Raleigh,US,2026-06-13 05:17:40
2026-06-13,Medical,BlueRxPoint,7654956242,contact@bluerxpoint.co,bluerxpoint.co,42,Vancouver,CA,2026-06-13 01:41:22
2026-06-13,LMS,IndigoTutor Works,604-513-0614,info@indigotutorworks.io,indigotutorworks.io,32,Dublin,IE,2026-06-13 03:19:45
2026-06-13,Medical,CedarClinicCloud,+14664672867,hello@cedarcliniccloud.com,https://www.cedarcliniccloud.com,48,Boston,US,2026-06-13 01:54:22
2026-06-13,Legal,SilverClause Cloud,+19539903038 ext. 12,sales@silverclausecloud.com,silverclausecloud.com,17,Chicago,US,2026-06-13 05:37:20
2026-06-13,LMS,Nova SkillTech,(386) 421-0909,info@novaskilltech.co,https://novaskilltech.co,480,Hyderabad,IN,2026-06-13 01:51:51
2026-06-13,ERP,Harbor OpsCloud,+17442092352,contact@harboropscloud.net,https://www.harboropscloud.net,22,Chicago,US,2026-06-13 06:35:13
2026-06-13,MSP Platform,SolidNode Systems,658-294-3679,hello@solidnodesystems.com,https://solidnodesystems.com,7,Phoenix,US,2026-06-13 02:12:42
2026-06-13,HR,LatticeRoster Soft,702.641.9147,contact@latticerostersoft.co,https://www.latticerostersoft.co,6,Tampa,US,2026-06-13 04:05:59
2026-06-13,Medical,Lattice CareDesk,1-918-315-0611,info@latticecaredesk.com,https://latticecaredesk.com,762,Leeds,UK,2026-06-13 05:49:45
2026-06-13,MSP Platform,Fusion NetHub,+1 (909) 838-0766,contact@fusionnethub.io,https://fusionnethub.io,9,Raleigh,US,2026-06-13 05:25:31
2026-06-13,HR,TrueShiftPlatform,1-694-822-3663,info@trueshiftplatform.net,https://www.trueshiftplatform.net,17,Munich,DE,2026-06-13 06:59:28
2026-06-13,Medical,Lumen VitalLogic,593-359-8955,hello@lumenvitallogic.net,lumenvitallogic.net,59,Denver,US,2026-06-13 06:08:05
2026-06-13,ERP,NovaStock Flow,1-231-487-1304 ext. 14,info@novastockflow.io,novastockflow.io,189,Raleigh,US,2026-06-13 02:24:08
2026-06-13,ERP,FalconLedgerPoint,(560) 806-0199,info@falconledgerpoint.com,https://www.falconledgerpoint.com,206,Tampa,US,2026-06-13 04:12:25
2026-06-13,LMS,CedarCourseDynamics,970.315.0988,hello@cedarcoursedynamics.co,https://cedarcoursedynamics.co,5,Tampa,US,2026-06-13 01:30:18
2026-06-13,ERP,ZenLedger Solutions,(209) 586-0372,sales@zenledgersolutions.co,https://zenledgersolutions.co,59,Calgary,CA,2026-06-13 04:31:44
2026-06-13,MSP Platform,ApexNet Sync,+12379564711,info@apexnetsync.com,https://www.apexnetsync.com,11,Boston,US,2026-06-13 01:37:37
2026-06-13,HR,Nimbus BenefitBase,1-377-235-3880,info@nimbusbenefitbase.com,https://www.nimbusbenefitbase.com,300,Berlin,DE,2026-06-13 03:34:27
2026-06-13,HR,Xenon CultureWorks,718-631-0110 ext. 39,info@xenoncultureworks.com,https://xenoncultureworks.com,18,Berlin,DE,2026-06-13 05:05:35
2026-06-13,HR,Keystone TeamDesk,961.968.9440 ext. 69,hello@keystoneteamdesk.com,https://www.keystoneteamdesk.com,156,Chicago,US,2026-06-13 01:46:05
2026-06-13,ERP,RapidOrder Labs,574-547-7322,sales@rapidorderlabs.co,https://www.rapidorderlabs.co,21,Singapore,SG,2026-06-13 04:02:52
2026-06-13,LMS,KeystoneTrain Base,05298589657,sales@keystonetrainbase.com,keystonetrainbase.com,14,London,UK,2026-06-13 04:07:43
2026-06-13,LMS,Lumen SkillFlow,362-533-7730,info@lumenskillflow.com,https://lumenskillflow.com,49,Columbus,US,2026-06-13 03:51:38
2026-06-13,HR,SummitOnboardTech,1-695-807-8025,info@summitonboardtech.com,https://www.summitonboardtech.com,722,Raleigh,US,2026-06-13 02:58:16
2026-06-13,HR,ArchCultureDesk,+1 (887) 481-1798,contact@archculturedesk.com,https://archculturedesk.com,485,Atlanta,US,2026-06-13 02:24:17
2026-06-13,ERP,OrbitForge Logic,(888) 335-7572,contact@orbitforgelogic.com,https://www.orbitforgelogic.com,31,Phoenix,US,2026-06-13 03:28:01
2026-06-13,Medical,QuartzVital Desk,293-724-1902,contact@quartzvitaldesk.co,https://www.quartzvitaldesk.co,24,Sydney,AU,2026-06-13 03:06:03
2026-06-13,ERP,CoreResourceDynamics,(442) 543-6727,info@coreresourcedynamics.com,https://coreresourcedynamics.com,99,Boston,US,2026-06-13 04:34:44
2026-06-13,Medical,Beacon ChartDesk,(231) 511-2112,hello@beaconchartdesk.com,https://www.beaconchartdesk.com,4235,Boston,US,2026-06-13 03:54:20
2026-06-13,Medical,JuniperPulse App,9798190635,info@juniperpulseapp.net,https://www.juniperpulseapp.net,1171,Leeds,UK,2026-06-13 04:42:06
2026-06-13,ERP,VeloOrder Tech,959-755-4925,hello@veloordertech.io,veloordertech.io,19,Columbus,US,2026-06-13 05:04:15
2026-06-13,HR,KeystonePayrollSoft,+1 (282) 755-2146,hello@keystonepayrollsoft.co,https://keystonepayrollsoft.co,38,Lahore,PK,2026-06-13 01:56:05
2026-06-13,Medical,Tidal MedBase,(630) 332-0074,sales@tidalmedbase.io,https://tidalmedbase.io,197,Columbus,US,2026-06-13 02:25:22
2026-06-13,MSP Platform,Ridgeway MonitorSync,+16278980370,info@ridgewaymonitorsync.com,https://www.ridgewaymonitorsync.com,33,Manchester,UK,2026-06-13 03:43:44
2026-06-13,Legal,Bold FilingDynamics,(390) 603-9475,sales@boldfilingdynamics.net,https://www.boldfilingdynamics.net,24,Denver,US,2026-06-13 04:21:59
2026-06-13,Medical,Alta PulseSystems,(244) 589-2638,info@altapulsesystems.com,https://www.altapulsesystems.com,347,Columbus,US,2026-06-13 05:09:22
2026-06-13,HR,Crown BenefitLogic,(938) 468-3810,sales@crownbenefitlogic.com,https://www.crownbenefitlogic.com,16,Denver,US,2026-06-13 04:15:44
2026-06-13,Medical,Nimbus TriageFlow,(496) 508-0891,sales@nimbustriageflow.io,https://nimbustriageflow.io,47,Raleigh,US,2026-06-13 06:23:19
2026-06-13,Medical,GoldenPatientDynamics,+16369816100,sales@goldenpatientdynamics.net,goldenpatientdynamics.net,72,Vancouver,CA,2026-06-13 01:46:08
2026-06-13,Medical,LatticePatient Systems,746-545-3570,hello@latticepatientsystems.co,https://www.latticepatientsystems.co,45,Manchester,UK,2026-06-13 04:55:10
2026-06-13,Medical,EmberCare Dynamics,1-839-316-7994,info@embercaredynamics.io,https://www.embercaredynamics.io,90,Sydney,AU,2026-06-13 02:42:01
2026-06-13,Legal,CrestDocketPlatform,(755) 743-6290,sales@crestdocketplatform.com,crestdocketplatform.com,398,Bengaluru,IN,2026-06-13 05:20:25
2026-06-13,HR,Mosaic RosterApp,265-990-1345,info@mosaicrosterapp.com,https://mosaicrosterapp.com,24,Atlanta,US,2026-06-13 06:47:49
2026-06-13,Legal,Omni Verdict Manpower Services,(555) 978-2481,sales@omniverdictmanpowerservices.com,omniverdictmanpowerservices.com,266,Austin,US,2026-06-13 01:40:02
2026-06-13,MSP Platform,Anchor StackSync,(500) 281-9738,hello@anchorstacksync.com,https://www.anchorstacksync.com,47,Vancouver,CA,2026-06-13 02:40:29
2026-06-13,HR,Lattice PeopleLogic,(403) 797-3789 ext. 8,sales@latticepeoplelogic.com,https://www.latticepeoplelogic.com,36,Boston,US,2026-06-13 02:22:32
2026-06-13,Medical,ZenRx Cloud,898-243-4664,sales@zenrxcloud.com,https://www.zenrxcloud.com,N/A,Manchester,UK,2026-06-13 03:57:32
2026-06-13,ERP,Ridge OpsPoint,971-853-2144,hello@ridgeopspoint.com,https://www.ridgeopspoint.com,61,Denver,US,2026-06-13 05:04:55
2026-06-13,Medical,OrbitVitalCore,371-294-8387,hello@orbitvitalcore.com,https://www.orbitvitalcore.com,141,Berlin,DE,2026-06-13 01:32:49
2026-06-13,Legal,Zephyr BriefPlatform,1-625-865-8987,sales@zephyrbriefplatform.net,https://www.zephyrbriefplatform.net,40,Denver,US,2026-06-13 05:46:56
2026-06-13,HR,Summit PayrollDynamics,1-422-611-5547,hello@summitpayrolldynamics.com,https://www.summitpayrolldynamics.com,979,Dublin,IE,2026-06-13 01:13:51
2026-06-13,LMS,Silver CourseTech,+17369986602,sales@silvercoursetech.io,silvercoursetech.io,6,Columbus,US,2026-06-13 05:27:48
2026-06-13,ERP,VistaFin Core,07963406011,contact@vistafincore.net,vistafincore.net,35,Columbus,US,2026-06-13 06:14:13
2026-06-13,Medical,WillowChart Soft,04773852804,info@willowchartsoft.io,https://willowchartsoft.io,4057,Pune,IN,2026-06-13 04:58:07
2026-06-13,HR,RidgeTalent Logic,675.851.4241,sales@ridgetalentlogic.com,https://www.ridgetalentlogic.com,30,Atlanta,US,2026-06-13 06:06:09
2026-06-13,ERP,Arch Batch Consultants,4632670570,info@archbatchconsultants.com,archbatchconsultants.com,9,Seattle,US,2026-06-13 01:59:05
2026-06-13,Legal,CrownCounselSystems’s,367-935-4623,contact@crowncounselsystems.com,https://www.crowncounselsystems.com,40,Boston,US,2026-06-13 03:24:00
2026-06-13,ERP,Crown ChainWorks,7862347839,contact@crownchainworks.io,https://www.crownchainworks.io,875,Manchester,UK,2026-06-13 05:38:10
2026-06-13,Medical,LumenPatientBase,1-327-677-0881,sales@lumenpatientbase.com,https://www.lumenpatientbase.com,30,Karachi,PK,2026-06-13 01:00:28
2026-06-13,Legal,RidgewayVerdictBase,+12857221461,contact@ridgewayverdictbase.io,https://www.ridgewayverdictbase.io,3794,Manchester,UK,2026-06-13 04:31:34
2026-06-13,HR,Crown TeamPoint,(227) 478-1511,sales@crownteampoint.com,crownteampoint.com,98,Chicago,US,2026-06-13 02:14:49
2026-06-13,MSP Platform,GoldenRemote Sync,+12419421818,hello@goldenremotesync.com,https://www.goldenremotesync.com,208,Munich,DE,2026-06-13 04:41:00
2026-06-13,Medical,LumenPatient Solutions,(847) 677-1792,hello@lumenpatientsolutions.com,https://www.lumenpatientsolutions.com,976,Raleigh,US,2026-06-13 06:21:43
2026-06-13,HR,Quartz BenefitBase,(309) 566-0594,sales@quartzbenefitbase.com,https://www.quartzbenefitbase.com,15,Karachi,PK,2026-06-13 03:42:42
2026-06-13,ERP,ZenLedger Hub,(557) 555-9726,contact@zenledgerhub.co,https://www.zenledgerhub.co,5,Tampa,US,2026-06-13 06:27:53
2026-06-13,LMS,HaloQuizHub,965-406-6835,contact@haloquizhub.io,haloquizhub.io,40,Boston,US,2026-06-13 05:45:49
2026-06-13,ERP,CedarLedger App,1-902-715-3480,hello@cedarledgerapp.io,https://www.cedarledgerapp.io,32,Phoenix,US,2026-06-13 04:47:27
2026-06-13,MSP Platform,Xenon RemoteCloud,1-689-473-9857,hello@xenonremotecloud.com,https://www.xenonremotecloud.com,36,Raleigh,US,2026-06-13 02:19:40
2026-06-13,ERP,Quartz ForgeHub,6735969157 ext. 69,sales@quartzforgehub.io,https://www.quartzforgehub.io,322,Melbourne,AU,2026-06-13 05:46:50
2026-06-13,MSP Platform,OrbitEndpoint Hub,604-299-1294,sales@orbitendpointhub.com,https://www.orbitendpointhub.com,11,Columbus,US,2026-06-13 01:43:03
2026-06-13,Legal,ArchFilingBase,+12428349075,sales@archfilingbase.io,https://www.archfilingbase.io,77,Chicago,US,2026-06-13 02:32:04
2026-06-13,ERP,AltaOps’s Flow,(271) 751-9022,contact@altaopsflow.com,https://altaopsflow.com,39,Islamabad,PK,2026-06-13 04:36:52
2026-06-13,ERP,Crest’s FinCloud,502-862-6475,info@crestfincloud.io,https://www.crestfincloud.io,56,Chicago,US,2026-06-13 02:16:26
2026-06-13,ERP,Beacon BatchPoint,+17656877270 ext. 21,sales@beaconbatchpoint.net,https://www.beaconbatchpoint.net,18,Melbourne,AU,2026-06-13 01:22:25
2026-06-13,HR,QuartzOnboardPoint,(922) 860-1162,hello@quartzonboardpoint.com,https://www.quartzonboardpoint.com,19,Austin,US,2026-06-13 03:37:49
2026-06-13,ERP,Summit ForgeTech,600-289-4196,sales@summitforgetech.net,https://www.summitforgetech.net,42,Columbus,US,2026-06-13 03:23:02
2026-06-13,HR,LumenPayroll Solutions,+16969195815,contact@lumenpayrollsolutions.io,https://www.lumenpayrollsolutions.io,201,null,UK,2026-06-13 02:04:20
2026-06-13,LMS,Bright EndpointBase,+14684892389,sales@brightendpointbase.net,https://www.brightendpointbase.net,N/A,Singapore,SG,2026-06-13 05:24:33
2026-06-13,Medical,MetaPatientLogic,+15453335399,info@metapatientlogic.com,https://www.metapatientlogic.com,56,Sydney,AU,2026-06-13 01:50:40
2026-06-13,ERP,NimbusOpsDynamics,1-551-507-0331,null,https://www.nimbusopsdynamics.co,32,Columbus,US,2026-06-13 05:23:19
2026-06-13,ERP,Rapid ChainWorks,+12132209775,sales@rapidchainworks.com,rapidchainworks.com,155,London,UK,2026-06-13 06:31:02
2026-06-13,ERP,Pivot Ops BPO Services,8822102252,info@pivotopsbposervices.co,pivotopsbposervices.co,113,Denver,US,2026-06-13 04:44:19
2026-06-13,Medical,BrightClinic App,1-314-506-8546,contact@brightclinicapp.com,https://www.brightclinicapp.com,77,Seattle,US,2026-06-13 05:40:18
2026-06-13,ERP,WillowResource Solutions,7942482615,sales@willowresourcesolutions.com,https://www.willowresourcesolutions.com,40,Phoenix,US,2026-06-13 03:14:12
2026-06-13,Medical,RidgeChart Soft,+18089665596,sales@ridgechartsoft.io,https://www.ridgechartsoft.io,60,Austin,US,2026-06-13 03:31:27
2026-06-13,Legal,RidgeMatterFlow,269-758-3686,null,https://ridgematterflow.com,3048,Atlanta,US,2026-06-13 03:47:16
2026-06-13,ERP,Xenon BatchPlatform,514-495-6646,hello@xenonbatchplatform.io,https://www.xenonbatchplatform.io,,Dublin,IE,2026-06-13 03:36:33
2026-06-13,HR,IronCultureDynamics,+16298492826,info@ironculturedynamics.com,https://www.ironculturedynamics.com,97,Denver,US,2026-06-13 05:26:04
2026-06-13,Legal,SolidMatterDynamics,9685399052,info@solidmatterdynamics.io,https://www.solidmatterdynamics.io,77,Chicago,US,2026-06-13 06:35:34
2026-06-13,ERP,Bold OpsFlow,+14896199002,null,boldopsflow.com,109,Phoenix,US,2026-06-13 06:46:18
2026-06-13,ERP,DeltaBatch Tech,1-389-576-0234,contact@deltabatchtech.io,https://deltabatchtech.io,9,Pune,IN,2026-06-13 05:06:48
2026-06-13,ERP,FalconChainPlatform,(668) 833-3088,N/A,falconchainplatform.com,13,null,US,2026-06-13 04:00:56
2026-06-13,Medical,ApexChart Dynamics,(419) 458-0015,hello@apexchartdynamics.co,https://apexchartdynamics.co,50,Vancouver,CA,2026-06-13 03:05:00
2026-06-13,HR,GranitePerformDesk,481-905-3017,hello@graniteperformdesk.co,https://graniteperformdesk.co,471,Phoenix,US,2026-06-13 04:02:40
2026-06-13,ERP,Fusion ResourceSphere,(807) 928-5808,contact@fusionresourcesphere.com,https://www.fusionresourcesphere.com,93,-,US,2026-06-13 05:20:46
2026-06-13,ERP,Bright ResourceTech,+17136471472,info@brightresourcetech.net,https://www.brightresourcetech.net,314,Atlanta,US,2026-06-13 01:49:29
2026-06-13,HR,Arch PerformSoft,(247) 419-2375,info@archperformsoft.com,https://archperformsoft.com,54,Leeds,UK,2026-06-13 02:57:35
2026-06-13,Legal,GraniteCompliSync,(401) 557-0557 ext. 52,sales@granitecomplisync.io,https://www.granitecomplisync.io,235,Phoenix,US,2026-06-13 06:01:40
2026-06-13,HR,RavenOnboardSoft,1-500-366-3272,contact@ravenonboardsoft.com,https://www.ravenonboardsoft.com,15,Tampa,US,2026-06-13 03:50:48
2026-06-13,MSP Platform,Lattice EndpointSuite,1-745-758-8421,info@latticeendpointsuite.io,https://www.latticeendpointsuite.io,9,Seattle,US,2026-06-13 01:21:55
2026-06-13,ERP,RidgewayOpsLogic,02604174625,hello@ridgewayopslogic.com,https://www.ridgewayopslogic.com,28,Tampa,US,2026-06-13 05:00:30
2026-06-13,Legal,PolarisLaw Sphere,+13663976816,sales@polarislawsphere.com,https://www.polarislawsphere.com,475,Pune,IN,2026-06-13 06:17:37
2026-06-13,MSP Platform,Tidal PatchDesk,1-660-678-3793 ext. 35,hello@tidalpatchdesk.io,https://www.tidalpatchdesk.io,16,Seattle,US,2026-06-13 02:28:00
2026-06-13,HR,Quantum PeopleWorks,2265298413,hello@quantumpeopleworks.io,https://www.quantumpeopleworks.io,90,Atlanta,US,2026-06-13 04:04:24
2026-06-13,LMS,NimbusCohort Point,1-936-803-4828,info@nimbuscohortpoint.com,https://nimbuscohortpoint.com,271,Leeds,UK,2026-06-13 02:36:36
2026-06-13,HR,FalconCultureLabs,(288) 523-0468,contact@falconculturelabs.com,falconculturelabs.com,N/A,Phoenix,US,2026-06-13 04:17:29
2026-06-13,Legal,QuartzVerdictPoint,1-495-264-5627,N/A,https://www.quartzverdictpoint.com,124,Munich,DE,2026-06-13 03:40:49
2026-06-13,MSP Platform,TrueEndpoint Suite,+15282995237,contact@trueendpointsuite.net,https://trueendpointsuite.net,161,Phoenix,US,2026-06-13 01:03:19
2026-06-13,LMS,Core LessonPoint,+12108049465,hello@corelessonpoint.com,https://www.corelessonpoint.com,469,Raleigh,US,2026-06-13 03:23:23
2026-06-13,LMS,PioneerClause Works,(428) 628-3862,hello@pioneerclauseworks.io,https://www.pioneerclauseworks.io,95,Tampa,US,2026-06-13 01:32:10
2026-06-13,Medical,WillowPulse Desk,837-364-7022,hello@willowpulsedesk.net,willowpulsedesk.net,null,Dublin,IE,2026-06-13 05:37:11
2026-06-13,HR,Indigo Shift Talent Agency,810-483-6875,hello@indigoshifttalentagency.io,https://indigoshifttalentagency.io,50,Raleigh,US,2026-06-13 03:16:16
2026-06-13,ERP,Alta StockWorks,+1 (454) 931-3855,hello@altastockworks.com,https://www.altastockworks.com,4211,Melbourne,AU,2026-06-13 05:05:20
2026-06-13,MSP Platform,RapidNode Sync,1-355-782-0597,info@rapidnodesync.com,https://rapidnodesync.com,76,London,UK,2026-06-13 05:23:21
2026-06-13,Medical,OmniVitalSync,986-589-5665,info@omnivitalsync.io,https://omnivitalsync.io,82,Austin,US,2026-06-13 01:21:50
2026-06-13,MSP Platform,PolarisUptime Systems,414.888.1585,sales@polarisuptimesystems.com,https://www.polarisuptimesystems.com,401,Lahore,PK,2026-06-13 02:55:45
2026-06-13,LMS,TidalPathPoint,(739) 909-7347,info@tidalpathpoint.com,https://www.tidalpathpoint.com,null,Bengaluru,IN,2026-06-13 01:45:56
2026-06-13,ERP,Indigo OrderLogic,514-991-8929,hello@indigoorderlogic.co,https://www.indigoorderlogic.co,913,Seattle,US,2026-06-13 06:21:00
2026-06-13,LMS,PionéerLessonSystems,411-567-0431,hello@pioneerlessonsystems.com,https://www.pioneerlessonsystems.com,26,Denver,US,2026-06-13 02:26:20
2026-06-13,ERP,IndigoLedgerLogic,+1 (815) 475-9350,hello@indigoledgerlogic.io,https://indigoledgerlogic.io,414,Atlanta,US,2026-06-13 01:29:56
2026-06-13,ERP,Apex ResourceDynamics,4509605248,sales@apexresourcedynamics.net,https://www.apexresourcedynamics.net,5,Chicago,US,2026-06-13 05:01:28
2026-06-13,Legal,Meta Brief Recruiting,+15419320069,hello@metabriefrecruiting.com,https://www.metabriefrecruiting.com,12,Pune,IN,2026-06-13 02:47:02
2026-06-13,MSP Platform,MosaicMonitorSolutions,1-350-627-7038,hello@mosaicmonitorsolutions.com,https://www.mosaicmonitorsolutions.com,44,Vancouver,CA,2026-06-13 02:57:57
2026-06-13,LMS,QuartzQuiz Sphere,+18552762365,sales@quartzquizsphere.com,https://www.quartzquizsphere.com,16,Raleigh,US,2026-06-13 01:58:25
2026-06-13,HR,AtlasTeamSphere,(856) 583-8365,info@atlasteamsphere.net,https://www.atlasteamsphere.net,48,Toronto,CA,2026-06-13 04:18:34
2026-06-13,ERP,SilverFin App,(717) 579-0588,contact@silverfinapp.com,https://www.silverfinapp.com,53,Bengaluru,IN,2026-06-13 01:35:20
2026-06-13,ERP,TidalChainHub,1-643-908-4871,info@tidalchainhub.com,https://www.tidalchainhub.com,239,N/A,US,2026-06-13 05:28:11
2026-06-13,ERP,CedarLedger Solutions,+18535826648 ext. 40,info@cedarledgersolutions.com,https://cedarledgersolutions.com,138,Karachi,PK,2026-06-13 01:30:09
2026-06-13,HR,Raven TalentPoint,284-480-2471,contact@raventalentpoint.net,https://raventalentpoint.net,20,Seattle,US,2026-06-13 03:56:12
2026-06-13,HR,BluePayrollDynamics,+13802268848,info@bluepayrolldynamics.com,https://bluepayrolldynamics.com,160,Boston,US,2026-06-13 02:30:39
2026-06-13,HR,Crest RosterTech,(391) 524-1364,sales@crestrostertech.com,crestrostertech.com,27,Austin,US,2026-06-13 05:58:02
2026-06-13,Medical,QuartzTriage Dynamics,2016241829 ext. 46,contact@quartztriagedynamics.co,quartztriagedynamics.co,47,Austin,US,2026-06-13 06:28:42
2026-06-13,ERP,Pivot BatchLogic,239-802-0176,-,https://pivotbatchlogic.io,812,Islamabad,PK,2026-06-13 06:36:25
2026-06-13,ERP,Anchor PlanSync,(284) 901-8257,sales@anchorplansync.com,https://www.anchorplansync.com,3477,Columbus,US,2026-06-13 03:23:16
2026-06-13,LMS,Anchor LessonPoint,+13939157429,hello@anchorlessonpoint.com,https://anchorlessonpoint.com,11,Singapore,SG,2026-06-13 02:16:15
2026-06-13,ERP,CoreOrder Systems,684-845-5704,contact@coreordersystems.com,https://www.coreordersystems.com,529,Chicago,US,2026-06-13 04:17:07
2026-06-13,ERP,Mosaic StockSolutions,493-747-1109,sales@mosaicstocksolutions.com,https://mosaicstocksolutions.com,151,London,UK,2026-06-13 02:49:38
2026-06-13,HR,Silver CultureWorks,3476866288,info@silvercultureworks.net,https://www.silvercultureworks.net,294,Raleigh,US,2026-06-13 03:26:18
2026-06-13,HR,Lumen BenefitSync,+1 (821) 394-5771,hello@lumenbenefitsync.com,https://lumenbenefitsync.com,43,Seattle,US,2026-06-13 02:35:00
2026-06-13,ERP,Fusion LedgerFlow,483-308-0082,info@fusionledgerflow.net,https://www.fusionledgerflow.net,23,Boston,US,2026-06-13 04:56:25
2026-06-13,HR,RapidCulture Labs,1-686-208-2386,sales@rapidculturelabs.com,https://rapidculturelabs.com,20,Denver,US,2026-06-13 02:21:48
2026-06-13,Medical,Beacon TriageApp,355-798-3892,info@beacontriageapp.com,beacontriageapp.com,33,Atlanta,US,2026-06-13 06:51:23
2026-06-13,ERP,RapidStock Suite,(782) 857-8968,contact@rapidstocksuite.com,https://www.rapidstocksuite.com,11,Tampa,US,2026-06-13 02:58:08
2026-06-13,Medical,Sable PatientCore,+1 (482) 876-0498,info@sablepatientcore.com,https://www.sablepatientcore.com,294,Hyderabad,IN,2026-06-13 01:45:20
2026-06-13,Medical,Nimbus ClinicCloud,937.293.8058,info@nimbuscliniccloud.com,https://www.nimbuscliniccloud.com,22,Tampa,US,2026-06-13 04:51:37
2026-06-13,Legal,Delta MatterDesk,336-642-4916,info@deltamatterdesk.com,deltamatterdesk.com,6,Seattle,US,2026-06-13 02:06:59
2026-06-13,ERP,RapidOrder Platform,1-521-250-4628,info@rapidorderplatform.com,rapidorderplatform.com,4807,Boston,US,2026-06-13 06:59:54
2026-06-13,Medical,GoldenHealth Solutions,(908) 500-2942,sales@goldenhealthsolutions.com,https://www.goldenhealthsolutions.com,211,Karachi,PK,2026-06-13 03:43:51
2026-06-13,HR,PolarisOnboard Labs,672-838-9424,hello@polarisonboardlabs.com,polarisonboardlabs.com,48,Boston,US,2026-06-13 03:40:27
2026-06-13,HR,Apex OnboardCloud,1-948-659-7404,-,https://www.apexonboardcloud.net,47,Phoenix,US,2026-06-13 04:48:50
2026-06-13,HR,Orbit OnboardDynamics,1-873-522-7241,hello@orbitonboarddynamics.io,orbitonboarddynamics.io,11,Boston,US,2026-06-13 03:31:51
2026-06-13,ERP,ArchChain Solutions,216-296-9453,sales@archchainsolutions.com,https://archchainsolutions.com,18,Seattle,US,2026-06-13 06:09:33
2026-06-13,Legal,XenonCompli Works,442-336-1561,hello@xenoncompliworks.com,https://xenoncompliworks.com,24,Tampa,US,2026-06-13 02:48:09
2026-06-13,MSP Platform,North PatchSystems,706-491-9730,sales@northpatchsystems.com,https://www.northpatchsystems.com,144,Denver,US,2026-06-13 06:18:42
2026-06-13,Medical,SolidPulse Sync,(646) 650-3910,info@solidpulsesync.com,https://www.solidpulsesync.com,13,Vancouver,CA,2026-06-13 04:28:27
2026-06-13,Medical,BoldCareDynamics,+1 (413) 925-1707,sales@boldcaredynamics.co,https://boldcaredynamics.co,54,Columbus,US,2026-06-13 06:00:32
2026-06-13,Legal,SableCounselLogic,466.654.8419,sales@sablecounsellogic.com,https://www.sablecounsellogic.com,12,Chicago,US,2026-06-13 05:19:56
2026-06-13,ERP,AltaBatch Tech,9746946344,hello@altabatchtech.co,https://www.altabatchtech.co,49,Austin,US,2026-06-13 02:49:14
2026-06-13,ERP,Falcon BatchHub,2997792442,hello@falconbatchhub.com,https://www.falconbatchhub.com,49,Phoenix,US,2026-06-13 05:46:53
2026-06-13,ERP,BrightForge Base,(659) 474-0826,info@brightforgebase.net,https://brightforgebase.net,559,Chicago,US,2026-06-13 03:20:40
2026-06-13,Legal,SilverDocket Hub,3118841952,hello@silverdockethub.com,https://www.silverdockethub.com,63,Tampa,US,2026-06-13 05:09:40
2026-06-13,Medical,HarborVitalDesk,682.795.4446,info@harborvitaldesk.com,https://harborvitaldesk.com,481,Pune,IN,2026-06-13 04:12:31
2026-06-13,Medical,OnyxClinic Soft,(593) 636-8053,hello@onyxclinicsoft.net,https://www.onyxclinicsoft.net,19,Toronto,CA,2026-06-13 06:04:18
2026-06-13,MSP Platform,Arch Endpoint Talent Agency,312.679.7215,hello@archendpointtalentagency.co,https://www.archendpointtalentagency.co,28,Singapore,SG,2026-06-13 05:39:40
2026-06-13,ERP,IronPlanBase,+1 (909) 766-8176,hello@ironplanbase.net,https://www.ironplanbase.net,17,Seattle,US,2026-06-13 02:29:13
2026-06-13,HR,HaloRoster Hub,9462619798,info@halorosterhub.com,https://www.halorosterhub.com,12,Atlanta,US,2026-06-13 03:49:21
2026-06-13,ERP,Ridgeway StockSoft,+16862659397 ext. 4,hello@ridgewaystocksoft.com,https://ridgewaystocksoft.com,159,Tampa,US,2026-06-13 05:43:54
2026-06-13,Legal,HarborBrief Core,+14439773318,contact@harborbriefcore.com,https://harborbriefcore.com,3305,Chicago,US,2026-06-13 06:07:39
2026-06-13,Legal,Keystone DocketCloud,1-612-935-8649,hello@keystonedocketcloud.io,https://www.keystonedocketcloud.io,6,Seattle,US,2026-06-13 04:42:14
2026-06-13,ERP,PioneerLedgerApp,(979) 928-7909,contact@pioneerledgerapp.com,pioneerledgerapp.com,525,Tampa,US,2026-06-13 03:23:23
2026-06-13,ERP,XenonForgeWorks,7005279523,hello@xenonforgeworks.com,https://www.xenonforgeworks.com,58,Austin,US,2026-06-13 05:35:45
2026-06-13,Legal,Juniper CaseHub,(659) 819-3108,info@junipercasehub.io,junipercasehub.io,14,Hyderabad,IN,2026-06-13 05:23:43
2026-06-13,Medical,QuantumPulse Dynamics,(579) 953-6028 ext. 95,hello@quantumpulsedynamics.com,https://www.quantumpulsedynamics.com,10,Seattle,US,2026-06-13 02:10:46
2026-06-13,Medical,VistaCareDynamics,(404) 683-9000,hello@vistacaredynamics.com,https://vistacaredynamics.com,145,Singapore,SG,2026-06-13 05:00:59
2026-06-13,ERP,Crest OrderBase,+1 (913) 777-6652,hello@crestorderbase.co,https://www.crestorderbase.co,92,Denver,US,2026-06-13 04:56:27
2026-06-13,Legal,Apex LawLogic,+1 (868) 484-8973,N/A,https://www.apexlawlogic.io,56,Chicago,US,2026-06-13 05:47:13
2026-06-13,ERP,Harbor ChainApp,702-356-4131,info@harborchainapp.com,https://www.harborchainapp.com,45,Tampa,US,2026-06-13 04:32:33
2026-06-13,Legal,Crown CompliPoint,328-803-7736 ext. 12,sales@crowncomplipoint.net,https://crowncomplipoint.net,93,Manchester,UK,2026-06-13 03:36:53
2026-06-13,ERP,Omni ForgePoint,5125819309,hello@omniforgepoint.net,https://www.omniforgepoint.net,36,Bengaluru,IN,2026-06-13 04:37:40
2026-06-13,ERP,MosaicFinCore,(346) 353-3555,info@mosaicfincore.com,https://www.mosaicfincore.com,15,Seattle,US,2026-06-13 05:51:31
2026-06-13,Legal,RavenCase Core,(219) 586-2979,contact@ravencasecore.io,https://ravencasecore.io,67,Leeds,UK,2026-06-13 06:41:14
2026-06-13,MSP Platform,TidalRemoteTech,6425284276,contact@tidalremotetech.net,https://www.tidalremotetech.net,149,Atlanta,US,2026-06-13 03:26:16
2026-06-13,HR,OnyxPayrollSystems,724-840-1302 ext. 90,sales@onyxpayrollsystems.com,https://onyxpayrollsystems.com,9,Seattle,US,2026-06-13 06:43:56
2026-06-13,Medical,JuniperClinicDesk,02143951239,sales@juniperclinicdesk.com,https://juniperclinicdesk.com,282,Vancouver,CA,2026-06-13 02:24:39
2026-06-13,Legal,SilverCounselCloud,(710) 260-5777,contact@silvercounselcloud.com,https://www.silvercounselcloud.com,75,Tampa,US,2026-06-13 05:23:56
2026-06-13,MSP Platform,UmbraPatchFlow,+12402142831,contact@umbrapatchflow.com,https://www.umbrapatchflow.com,185,Boston,US,2026-06-13 04:00:49
2026-06-13,ERP,IndigoBatch Works,490-793-2603,contact@indigobatchworks.net,https://www.indigobatchworks.net,233,Singapore,SG,2026-06-13 01:55:37
2026-06-13,MSP Platform,EmberUptimeCore,(361) 600-3705,hello@emberuptimecore.io,https://www.emberuptimecore.io,933,Boston,US,2026-06-13 03:41:51
2026-06-13,ERP,Keystone OrderLabs,(819) 512-5201,hello@keystoneorderlabs.co,https://www.keystoneorderlabs.co,9,Lahore,PK,2026-06-13 02:16:20
2026-06-13,Medical,CrestPulse Platform,479-590-0571,hello@crestpulseplatform.com,https://www.crestpulseplatform.com,58,London,UK,2026-06-13 01:56:16
2026-06-13,Medical,CobaltClinic Cloud,5826258800,info@cobaltcliniccloud.net,https://www.cobaltcliniccloud.net,12,Raleigh,US,2026-06-13 05:27:46
2026-06-13,MSP Platform,MosaicNet Soft,(677) 666-5623 ext. 87,sales@mosaicnetsoft.net,https://www.mosaicnetsoft.net,14,Boston,US,2026-06-13 01:51:30
2026-06-13,Legal,XenonMatter Solutions,+1 (765) 627-6472,contact@xenonmattersolutions.co,https://xenonmattersolutions.co,N/A,Sydney,AU,2026-06-13 06:26:30
2026-06-13,ERP,Juniper OpsCore,+13262399343,info@juniperopscore.com,https://www.juniperopscore.com,656,Munich,DE,2026-06-13 02:21:32
2026-06-13,ERP,SolidBatch’s Platform,556.759.6804,hello@solidbatchplatform.com,solidbatchplatform.com,29,London,UK,2026-06-13 03:57:18
2026-06-13,ERP,Cobalt LedgerTech,1-956-597-0432,contact@cobaltledgertech.io,https://www.cobaltledgertech.io,115,Denver,US,2026-06-13 05:09:25
2026-06-13,Medical,VistaHealth Hub,+12406556466,contact@vistahealthhub.com,https://www.vistahealthhub.com,5,Singapore,SG,2026-06-13 04:45:31
2026-06-13,ERP,Onyx ChainTech,288.904.4613 ext. 75,sales@onyxchaintech.com,onyxchaintech.com,14,Calgary,CA,2026-06-13 04:38:44
2026-06-13,MSP Platform,JuniperNodeSync,894.574.5252,contact@junipernodesync.com,https://www.junipernodesync.com,167,Leeds,UK,2026-06-13 01:33:23
2026-06-13,ERP,HaloBatchApp,(884) 747-0471,hello@halobatchapp.com,https://halobatchapp.com,49,Sydney,AU,2026-06-13 02:59:44
2026-06-13,ERP,PivotOrderSuite,(823) 256-5378,info@pivotordersuite.com,https://www.pivotordersuite.com,16,Denver,US,2026-06-13 05:30:19
2026-06-13,HR,VertexPerformSolutions,3059261663,hello@vertexperformsolutions.com,https://www.vertexperformsolutions.com,33,Tampa,US,2026-06-13 05:40:13
2026-06-13,Legal,RapidCase Solutions,6226764162,hello@rapidcasesolutions.com,https://rapidcasesolutions.com,39,Amsterdam,NL,2026-06-13 06:24:19
2026-06-13,Medical,RidgeTriageDesk,1-474-837-4449 ext. 90,info@ridgetriagedesk.co,https://www.ridgetriagedesk.co,32,Chicago,US,2026-06-13 02:59:23
2026-06-13,Medical,Ember ClinicCloud,874-605-7186,contact@embercliniccloud.io,https://www.embercliniccloud.io,357,Melbourne,AU,2026-06-13 01:38:18
2026-06-13,Medical,Iron PlanSystems,(325) 914-9161,sales@ironplansystems.com,https://www.ironplansystems.com,6,Leeds,UK,2026-06-13 05:14:57
2026-06-13,Medical,Halo Patient Manpower Services,956.625.1370,info@halopatientmanpowerservices.com,https://www.halopatientmanpowerservices.com,40,Karachi,PK,2026-06-13 05:44:08
2026-06-13,MSP Platform,Bold GridBase,639.966.7484,contact@boldgridbase.co,https://www.boldgridbase.co,,Seattle,US,2026-06-13 01:53:59
2026-06-13,Legal,PioneerCase Labs,1-984-672-1001,info@pioneercaselabs.com,https://www.pioneercaselabs.com,16,Seattle,US,2026-06-13 05:31:58
2026-06-13,ERP,IronFin Logic,(402) 233-3513,info@ironfinlogic.com,https://ironfinlogic.com,219,Calgary,CA,2026-06-13 04:32:20
2026-06-13,MSP Platform,MetaGrid Sphere,676-686-5598,contact@metagridsphere.net,metagridsphere.net,249,Tampa,US,2026-06-13 06:44:03
2026-06-13,HR,Indigo OnboardLogic,+1 (567) 259-9991,contact@indigoonboardlogic.co,https://www.indigoonboardlogic.co,52,Columbus,US,2026-06-13 02:29:07
2026-06-13,HR,CrestPayrollPlatform,(766) 983-9634 ext. 91,contact@crestpayrollplatform.com,crestpayrollplatform.com,67,Atlanta,US,2026-06-13 02:09:53
2026-06-13,HR,Lumen PayrollSync,(616) 752-3352,hello@lumenpayrollsync.com,https://www.lumenpayrollsync.com,1511,Calgary,CA,2026-06-13 03:09:17
2026-06-13,HR,CrownCulture Tech,(778) 511-3413,sales@crownculturetech.co,crownculturetech.co,429,Columbus,US,2026-06-13 04:58:07
2026-06-13,ERP,CobaltResource Base,796-879-0573,N/A,https://www.cobaltresourcebase.io,4157,Amsterdam,NL,2026-06-13 05:24:48
2026-06-13,ERP,BrightOrderSolutions,(375) 431-6780,contact@brightordersolutions.com,brightordersolutions.com,11,Phoenix,US,2026-06-13 04:20:28
2026-06-13,Legal,RidgeVerdictPlatform,+15158532015,sales@ridgeverdictplatform.com,https://ridgeverdictplatform.com,17,Phoenix,US,2026-06-13 05:54:17
2026-06-13,ERP,NovaFinDesk,231-803-0206,hello@novafindesk.io,https://www.novafindesk.io,104,Leeds,UK,2026-06-13 01:06:34
2026-06-13,Legal,RapidClause Sync,(771) 980-1311 ext. 70,hello@rapidclausesync.co,rapidclausesync.co,559,Vancouver,CA,2026-06-13 03:13:49
2026-06-13,ERP,AtlasOps Systems,859-920-2254,hello@atlasopssystems.com,https://atlasopssystems.com,141,Amsterdam,NL,2026-06-13 03:29:06
2026-06-13,MSP Platform,TidalNode Tech,(468) 678-2417,info@tidalnodetech.io,https://www.tidalnodetech.io,67,Manchester,UK,2026-06-13 03:24:11
2026-06-13,ERP,TrueOpsSolutions,+1 (306) 603-9677,contact@trueopssolutions.io,https://www.trueopssolutions.io,19,Lahore,PK,2026-06-13 03:33:12
2026-06-13,MSP Platform,Arch PatchLogic,+18729630078,info@archpatchlogic.com,https://www.archpatchlogic.com,99,Berlin,DE,2026-06-13 03:43:05
2026-06-13,Medical,HaloPulse Hub,+16868495273,info@halopulsehub.net,https://halopulsehub.net,23,Chicago,US,2026-06-13 02:00:34
2026-06-13,LMS,RavenTrain Point,395-239-5341,sales@raventrainpoint.io,https://raventrainpoint.io,659,Chicago,US,2026-06-13 02:55:58
2026-06-13,Legal,ZephyrCompli Base,(847) 713-4449,sales@zephyrcomplibase.com,https://www.zephyrcomplibase.com,2082,Tampa,US,2026-06-13 03:59:29
2026-06-13,Medical,Quartz CareDesk,+1 (847) 654-9402,sales@quartzcaredesk.net,quartzcaredesk.net,447,Manchester,UK,2026-06-13 02:00:12
2026-06-13,ERP,ClearStock Works,04903299583,hello@clearstockworks.com,https://www.clearstockworks.com,23,Raleigh,US,2026-06-13 05:46:13
2026-06-13,MSP Platform,Crest NodeCloud,09148297954,sales@crestnodecloud.com,https://www.crestnodecloud.com,19,Denver,US,2026-06-13 02:23:18
2026-06-13,ERP,AnchorChain Core,+12083305522,sales@anchorchaincore.io,https://www.anchorchaincore.io,36,Karachi,PK,2026-06-13 02:42:18
2026-06-13,Legal,AtlasCaseSphere,867.576.2060,hello@atlascasesphere.net,atlascasesphere.net,29,Phoenix,US,2026-06-13 03:40:55
2026-06-13,ERP,Willow PlanCloud,5057164446,hello@willowplancloud.com,https://www.willowplancloud.com,238,Denver,US,2026-06-13 02:54:16
2026-06-13,ERP,Blue ForgeDesk,727-335-4885,hello@blueforgedesk.io,https://blueforgedesk.io,484,Tampa,US,2026-06-13 06:39:26
2026-06-13,HR,JuniperOnboard Point,649.736.1094,info@juniperonboardpoint.co,https://www.juniperonboardpoint.co,8,Melbourne,AU,2026-06-13 04:27:10
2026-06-13,MSP Platform,Fusion NodeLabs,4328966201,info@fusionnodelabs.com,https://www.fusionnodelabs.com,21,Phoenix,US,2026-06-13 05:36:28
2026-06-13,HR,OnyxOnboard Sync,1-913-296-6172 ext. 58,contact@onyxonboardsync.com,https://www.onyxonboardsync.com,78,Raleigh,US,2026-06-13 01:07:15
2026-06-13,Medical,Nimbus VitalTech,2593100126,info@nimbusvitaltech.io,https://nimbusvitaltech.io,7,Columbus,US,2026-06-13 04:56:22
2026-06-13,Legal,Sable CounselSoft,986-689-8854,info@sablecounselsoft.net,https://sablecounselsoft.net,1411,Atlanta,US,2026-06-13 05:05:17
2026-06-13,HR,SolidPerformPlatform,267-481-1046,sales@solidperformplatform.com,https://solidperformplatform.com,888,Singapore,SG,2026-06-13 02:38:16
2026-06-13,MSP Platform,SableRemoteSolutions,514-839-0032,hello@sableremotesolutions.io,https://sableremotesolutions.io,51,Raleigh,US,2026-06-13 02:30:13
2026-06-13,MSP Platform,MetaUptimeDesk,(370) 931-1372 ext. 21,contact@metauptimedesk.net,https://www.metauptimedesk.net,44,Toronto,CA,2026-06-13 03:56:38
2026-06-13,Medical,FusionPulsePlatform,(420) 719-7367,info@fusionpulseplatform.io,https://www.fusionpulseplatform.io,9,N/A,US,2026-06-13 01:24:09
2026-06-13,ERP,BrightOps Sphere,566-311-6409,contact@brightopssphere.com,https://brightopssphere.com,46,Munich,DE,2026-06-13 05:03:06
2026-06-13,LMS,Falcon PathSoft,+18448244365,contact@falconpathsoft.io,https://falconpathsoft.io,107,Sydney,AU,2026-06-13 02:10:23
2026-06-13,ERP,MosaicLedger Solutions,07368971850,N/A,mosaicledgersolutions.com,24,Tampa,US,2026-06-13 05:33:35
2026-06-13,Legal,CobaltBriefBase,(851) 880-7454,info@cobaltbriefbase.com,https://www.cobaltbriefbase.com,127,Phoenix,US,2026-06-13 02:46:01
2026-06-13,HR,Juniper PeopleCloud,(551) 325-5807,contact@juniperpeoplecloud.com,https://juniperpeoplecloud.com,391,Phoenix,US,2026-06-13 04:29:51
2026-06-13,ERP,PioneerResourceBase,889.851.8330,contact@pioneerresourcebase.com,https://pioneerresourcebase.com,110,Vancouver,CA,2026-06-13 04:03:49
2026-06-13,MSP Platform,Crest PatchSuite,1-907-278-5918,info@crestpatchsuite.com,https://www.crestpatchsuite.com,9,Chicago,US,2026-06-13 04:41:01
2026-06-13,HR,Lattice CultureHub,+16104680391 ext. 56,contact@latticeculturehub.io,latticeculturehub.io,32,Austin,US,2026-06-13 01:00:32
2026-06-13,HR,IronTeam Works,2494272165,hello@ironteamworks.co,https://www.ironteamworks.co,185,Manchester,UK,2026-06-13 04:29:08
2026-06-13,HR,IronOnboard Systems,+18715502289 ext. 95,contact@irononboardsystems.com,https://www.irononboardsystems.com,364,-,US,2026-06-13 02:25:56
2026-06-13,HR,XenonTalent Solutions,591.811.3183,hello@xenontalentsolutions.com,https://www.xenontalentsolutions.com,-,Boston,US,2026-06-13 04:40:27
2026-06-13,Medical,QuantumHealthDesk,3254573870,contact@quantumhealthdesk.co,https://www.quantumhealthdesk.co,494,Chicago,US,2026-06-13 02:35:26
2026-06-13,ERP,CrestOps Sync,+1 (728) 348-6600,hello@crestopssync.com,https://www.crestopssync.com,2673,Berlin,DE,2026-06-13 03:38:29
2026-06-13,ERP,PrimeChainSoft’s,+13572363118,contact@primechainsoft.io,primechainsoft.io,31,Tampa,US,2026-06-13 05:47:10
2026-06-13,HR,Ridgeway ShiftCore,+14946369714,sales@ridgewayshiftcore.co,https://www.ridgewayshiftcore.co,16,Chicago,US,2026-06-13 03:36:42
2026-06-13,Legal,Juniper CaseCloud,+1 (914) 909-8686 ext. 31,contact@junipercasecloud.com,https://junipercasecloud.com,N/A,Seattle,US,2026-06-13 06:46:51
2026-06-13,MSP Platform,RidgewayNet Core,1-298-475-5316 ext. 59,sales@ridgewaynetcore.io,ridgewaynetcore.io,48,Singapore,SG,2026-06-13 04:23:32
2026-06-13,MSP Platform,CrestRemoteSolutions,(612) 761-8993,sales@crestremotesolutions.co,https://www.crestremotesolutions.co,245,Boston,US,2026-06-13 03:01:38
2026-06-13,ERP,Quantum OrderSoft,+17677048510,info@quantumordersoft.net,quantumordersoft.net,10,Seattle,US,2026-06-13 04:58:03
2026-06-13,MSP Platform,KeystoneGridTech,+12098899196,hello@keystonegridtech.com,https://www.keystonegridtech.com,11,Chicago,US,2026-06-13 03:18:41
2026-06-13,MSP Platform,SolidPatch Dynamics,(886) 314-1598,contact@solidpatchdynamics.com,https://solidpatchdynamics.com,24,Phoenix,US,2026-06-13 02:00:18
2026-06-13,MSP Platform,NimbusTicket Solutions,+14422670306,hello@nimbusticketsolutions.net,https://www.nimbusticketsolutions.net,6,Raleigh,US,2026-06-13 06:36:36
2026-06-13,ERP,SableOps Core,692-928-3441,sales@sableopscore.com,https://www.sableopscore.com,967,Berlin,DE,2026-06-13 01:42:56
2026-06-13,Medical,Beacon PulsePoint,(835) 801-2429,hello@beaconpulsepoint.com,https://www.beaconpulsepoint.com,95,Atlanta,US,2026-06-13 05:50:44
2026-06-13,HR,RidgeRxLabs,941-969-9719 ext. 39,hello@ridgerxlabs.com,https://www.ridgerxlabs.com,32,Singapore,SG,2026-06-13 06:58:37
2026-06-13,Medical,JuniperHealth Dynamics,5356508593,,https://www.juniperhealthdynamics.com,214,Calgary,CA,2026-06-13 06:27:13
2026-06-13,Medical,Cedar PulseDesk,(354) 884-1335,contact@cedarpulsedesk.com,https://www.cedarpulsedesk.com,19,Austin,US,2026-06-13 03:09:27
2026-06-13,MSP Platform,ZenGridCloud,733-935-0383,contact@zengridcloud.com,https://www.zengridcloud.com,380,Austin,US,2026-06-13 02:37:04
2026-06-13,HR,BeaconTalentApp,428.328.9275,hello@beacontalentapp.io,https://www.beacontalentapp.io,436,Melbourne,AU,2026-06-13 01:34:55
2026-06-13,MSP Platform,Crest GridTech,370-744-9889 ext. 79,contact@crestgridtech.io,https://www.crestgridtech.io,81,Islamabad,PK,2026-06-13 03:15:59
2026-06-13,MSP Platform,ZenEndpoint Dynamics,(301) 425-5505,hello@zenendpointdynamics.com,https://www.zenendpointdynamics.com,198,Vancouver,CA,2026-06-13 06:02:33
2026-06-13,Medical,RidgeRxSphere,+1 (475) 805-4441,hello@ridgerxsphere.io,ridgerxsphere.io,826,Munich,DE,2026-06-13 04:12:52
2026-06-13,ERP,Crown OrderBase,+1 (568) 216-7342,info@crownorderbase.com,https://www.crownorderbase.com,29,Singapore,SG,2026-06-13 05:51:26
2026-06-13,MSP Platform,UmbraUptimePoint,+13128450454,hello@umbrauptimepoint.com,https://www.umbrauptimepoint.com,143,Islamabad,PK,2026-06-13 01:43:29
2026-06-13,HR,BluePeople Sync,939-495-9766,contact@bluepeoplesync.com,https://www.bluepeoplesync.com,9,Tampa,US,2026-06-13 05:18:34
2026-06-13,Medical,Ember CareBase,469.205.1017,sales@embercarebase.com,https://www.embercarebase.com,70,Dublin,IE,2026-06-13 04:47:19
2026-06-13,HR,RidgeTalent Labs,1-963-211-8187,sales@ridgetalentlabs.com,ridgetalentlabs.com,185,N/A,US,2026-06-13 02:48:37
2026-06-13,Medical,Meta VitalCloud,8536617870,sales@metavitalcloud.com,metavitalcloud.com,136,Hyderabad,IN,2026-06-13 03:21:04
2026-06-13,HR,Willow BenefitDesk,+1 (904) 927-2034,info@willowbenefitdesk.net,https://willowbenefitdesk.net,66,Singapore,SG,2026-06-13 01:07:07
2026-06-13,Medical,SableCareDesk,7739893207 ext. 29,hello@sablecaredesk.com,https://www.sablecaredesk.com,86,Munich,DE,2026-06-13 04:05:00
2026-06-13,Legal,Vertex CounselHub,9453278365,sales@vertexcounselhub.com,https://www.vertexcounselhub.com,50,Phoenix,US,2026-06-13 06:44:48
2026-06-13,LMS,ClearCohort Desk,+1 (875) 823-7240,info@clearcohortdesk.com,clearcohortdesk.com,27,Seattle,US,2026-06-13 02:29:04
2026-06-13,ERP,GraniteOpsFlow,+15433827706,contact@graniteopsflow.com,https://graniteopsflow.com,2861,Atlanta,US,2026-06-13 01:44:39
2026-06-13,Medical,TruePatient Desk,1-578-634-9759,sales@truepatientdesk.com,https://www.truepatientdesk.com,50,Phoenix,US,2026-06-13 02:28:30
2026-06-13,ERP,BoldChainTech,1-207-875-8003,info@boldchaintech.com,https://www.boldchaintech.com,130,Denver,US,2026-06-13 01:30:30
2026-06-13,HR,Blue ShiftTech,1-655-492-2972,null,https://www.blueshifttech.com,15,Amsterdam,NL,2026-06-13 05:53:15
2026-06-13,ERP,BlueResourcePlatform,8576645030,info@blueresourceplatform.com,blueresourceplatform.com,20,Austin,US,2026-06-13 03:52:38
2026-06-13,HR,VistaTeam Platform,+1 (764) 637-2067,hello@vistateamplatform.com,https://www.vistateamplatform.com,8,Raleigh,US,2026-06-13 05:52:38
2026-06-13,ERP,VertexStock Dynamics,(701) 538-9985 ext. 39,contact@vertexstockdynamics.com,vertexstockdynamics.com,3353,Denver,US,2026-06-13 06:39:27
2026-06-13,LMS,SableTutorHub,621.505.5964,hello@sabletutorhub.io,https://www.sabletutorhub.io,19,Tampa,US,2026-06-13 05:48:06
2026-06-13,Medical,JuniperTriageLabs,308.713.3237,contact@junipertriagelabs.com,https://www.junipertriagelabs.com,19,Tampa,US,2026-06-13 04:23:35
2026-06-13,HR,Core PerformPoint,(454) 479-9357,sales@coreperformpoint.com,https://www.coreperformpoint.com,23,Seattle,US,2026-06-13 04:45:59
2026-06-13,Legal,FalconCounsel Desk,1-853-250-6234,hello@falconcounseldesk.com,https://www.falconcounseldesk.com,11,Lahore,PK,2026-06-13 02:31:28
2026-06-13,Legal,RapidCounsel Flow,(969) 778-6955,info@rapidcounselflow.com,https://www.rapidcounselflow.com,19,Raleigh,US,2026-06-13 03:04:17
2026-06-13,HR,Summit PeopleCore,204-577-9562,info@summitpeoplecore.net,summitpeoplecore.net,413,Columbus,US,2026-06-13 01:10:57
2026-06-13,ERP,FalconOrder Platform,827.876.3646,sales@falconorderplatform.io,https://www.falconorderplatform.io,38,Vancouver,CA,2026-06-13 04:30:09
2026-06-13,ERP,ZephyrStock Sync,588-492-4206,sales@zephyrstocksync.com,zephyrstocksync.com,15,Lahore,PK,2026-06-13 04:14:08
2026-06-13,HR,RidgewayPerformCore,863-573-0401,info@ridgewayperformcore.com,https://ridgewayperformcore.com,239,Chicago,US,2026-06-13 03:10:40
2026-06-13,HR,Meta RosterCloud,1-282-658-4998,info@metarostercloud.com,metarostercloud.com,209,Chicago,US,2026-06-13 05:41:02
2026-06-13,ERP,PioneerLedgerCore,265.598.0541,sales@pioneerledgercore.co,https://pioneerledgercore.co,35,Leeds,UK,2026-06-13 05:31:21
2026-06-13,Legal,LatticeCaseDynamics,+13328490113,info@latticecasedynamics.co,https://www.latticecasedynamics.co,472,Columbus,US,2026-06-13 03:48:34
2026-06-13,Medical,ArchTriageSync,1-780-922-0106,sales@archtriagesync.com,archtriagesync.com,18,Seattle,US,2026-06-13 03:12:48
2026-06-13,Legal,Sable Docket Outsourcing,+1 (576) 581-3969,hello@sabledocketoutsourcing.com,https://www.sabledocketoutsourcing.com,25,London,UK,2026-06-13 06:19:45
2026-06-13,LMS,ZéphyrTutorDesk,6676722201,contact@zephyrtutordesk.co,https://www.zephyrtutordesk.co,17,Phoenix,US,2026-06-13 01:53:54
2026-06-13,Medical,Lumen ChartSuite,289.638.8429,sales@lumenchartsuite.net,https://www.lumenchartsuite.net,146,Hyderabad,IN,2026-06-13 04:47:09
2026-06-13,MSP Platform,CedarMonitor Sync,8245947419 ext. 23,-,https://cedarmonitorsync.com,956,Phoenix,US,2026-06-13 01:46:57
2026-06-13,HR,North BenefitDesk,952-495-5426,info@northbenefitdesk.com,https://northbenefitdesk.com,341,Vancouver,CA,2026-06-13 02:51:53
2026-06-13,HR,UmbraRosterApp,5237590433 ext. 68,sales@umbrarosterapp.com,https://www.umbrarosterapp.com,314,Atlanta,US,2026-06-13 03:05:59
2026-06-13,HR,CrownRosterBase,476.567.1119,sales@crownrosterbase.net,https://www.crownrosterbase.net,1030,Phoenix,US,2026-06-13 02:21:09
2026-06-13,LMS,IronResourceCloud,669-298-0660,sales@ironresourcecloud.com,ironresourcecloud.com,469,Atlanta,US,2026-06-13 06:09:16
2026-06-13,LMS,PioneerCohortLabs,577.849.5285,info@pioneercohortlabs.io,https://pioneercohortlabs.io,148,Berlin,DE,2026-06-13 04:27:15
2026-06-13,MSP Platform,Crown NodeDynamics,263-569-5217,info@crownnodedynamics.com,https://www.crownnodedynamics.com,14,Seattle,US,2026-06-13 04:01:35
2026-06-13,Legal,BoldCompli Platform,+19547042361,sales@boldcompliplatform.com,https://boldcompliplatform.com,79,London,UK,2026-06-13 03:48:31
2026-06-13,ERP,Arch PlanSolutions,+18506348191,hello@archplansolutions.com,https://www.archplansolutions.com,29,Calgary,CA,2026-06-13 04:00:20
2026-06-13,Medical,CedarPulseApp,(238) 831-9062,contact@cedarpulseapp.io,https://cedarpulseapp.io,48,Austin,US,2026-06-13 02:19:39
2026-06-13,HR,NorthTalent Platform,8608152119,info@northtalentplatform.com,https://northtalentplatform.com,757,Columbus,US,2026-06-13 01:45:48
2026-06-13,Legal,LatticeCaseSystems,1-758-631-1686,hello@latticecasesystems.com,https://www.latticecasesystems.com,,Columbus,US,2026-06-13 05:44:05
2026-06-13,MSP Platform,ArchTicket Works,+16165287605,hello@archticketworks.com,https://www.archticketworks.com,84,Sydney,AU,2026-06-13 04:24:34
2026-06-13,LMS,RapidTutorPoint,+1 (295) 879-7906,contact@rapidtutorpoint.com,https://rapidtutorpoint.com,354,Seattle,US,2026-06-13 05:06:45
2026-06-13,MSP Platform,TrueEndpointCloud,+16278727331,info@trueendpointcloud.com,https://trueendpointcloud.com,16,Tampa,US,2026-06-13 02:47:24
2026-06-13,Legal,HarborLawPlatform,2344442807,hello@harborlawplatform.com,https://www.harborlawplatform.com,18,Columbus,US,2026-06-13 06:24:22
2026-06-13,ERP,MosaicFin Base,+14952170413,contact@mosaicfinbase.co,https://mosaicfinbase.co,95,Atlanta,US,2026-06-13 04:46:37
2026-06-13,ERP,IndigoChain Suite,1-380-423-4358,hello@indigochainsuite.com,https://www.indigochainsuite.com,3631,Boston,US,2026-06-13 06:09:02
2026-06-13,ERP,ArchPlanSoft,3586768977,hello@archplansoft.net,https://www.archplansoft.net,31,Raleigh,US,2026-06-13 05:18:29
2026-06-13,Medical,Keystone PulseApp,787-304-9161,sales@keystonepulseapp.io,https://www.keystonepulseapp.io,8,Tampa,US,2026-06-13 04:45:57
2026-06-13,HR,OnyxPerformCore,+17972413029,contact@onyxperformcore.com,https://www.onyxperformcore.com,325,Denver,US,2026-06-13 02:45:47
2026-06-13,MSP Platform,Nova PatchTech,(872) 658-3004,info@novapatchtech.io,https://www.novapatchtech.io,651,Phoenix,US,2026-06-13 02:00:30
2026-06-13,Legal,OrbitLawSync,+12282862014 ext. 85,hello@orbitlawsync.co,https://www.orbitlawsync.co,5,Columbus,US,2026-06-13 03:23:16
2026-06-13,Legal,VertexDocketDesk,5649505771,hello@vertexdocketdesk.io,https://www.vertexdocketdesk.io,527,Denver,US,2026-06-13 05:54:04
2026-06-13,ERP,SolidOrder Dynamics,558-511-6698,hello@solidorderdynamics.co,https://solidorderdynamics.co,318,null,US,2026-06-13 03:55:22
2026-06-13,ERP,VistaChain Flow,+14865810518,hello@vistachainflow.net,https://vistachainflow.net,399,Phoenix,US,2026-06-13 04:47:51
2026-06-13,LMS,CobaltSkillSync,4747064384,contact@cobaltskillsync.io,https://www.cobaltskillsync.io,104,Tampa,US,2026-06-13 03:40:13
2026-06-13,ERP,AltaResource Works,06657180284,hello@altaresourceworks.com,https://www.altaresourceworks.com,88,Atlanta,US,2026-06-13 05:37:53
2026-06-13,Medical,Clear VitalCloud,(783) 269-4211,info@clearvitalcloud.co,clearvitalcloud.co,N/A,Phoenix,US,2026-06-13 05:08:06
2026-06-13,Medical,Meta TriageSphere,(680) 499-5423,info@metatriagesphere.com,https://www.metatriagesphere.com,95,Boston,US,2026-06-13 03:17:09
2026-06-13,ERP,VistaOrder App,(758) 297-5490,sales@vistaorderapp.com,https://www.vistaorderapp.com,11,Berlin,DE,2026-06-13 05:56:14
2026-06-13,HR,CrownOnboard Logic,7984849353,sales@crownonboardlogic.io,https://www.crownonboardlogic.io,19,Raleigh,US,2026-06-13 05:20:17
2026-06-13,ERP,CrestStockHub,+19092428763,contact@creststockhub.com,https://creststockhub.com,84,Atlanta,US,2026-06-13 05:25:02
2026-06-13,ERP,Solid LedgerFlow,960-803-5977,sales@solidledgerflow.com,https://www.solidledgerflow.com,18,Toronto,CA,2026-06-13 04:58:35
2026-06-13,Legal,Xenon DocketHub,03253685945,hello@xenondockethub.io,https://www.xenondockethub.io,20,Austin,US,2026-06-13 06:32:15
2026-06-13,ERP,Zephyr ResourceDynamics,+1 (297) 795-9337,contact@zephyrresourcedynamics.com,https://www.zephyrresourcedynamics.com,337,Denver,US,2026-06-13 01:33:56
2026-06-13,HR,Lattice OnboardSoft,+18455010538,info@latticeonboardsoft.co,https://www.latticeonboardsoft.co,18,Vancouver,CA,2026-06-13 05:12:17
2026-06-13,ERP,GoldenForge Logic,(877) 355-9580,hello@goldenforgelogic.com,https://www.goldenforgelogic.com,17,London,UK,2026-06-13 04:58:23
2026-06-13,ERP,MetaChainPlatform,(939) 697-3943,hello@metachainplatform.com,https://www.metachainplatform.com,1189,Phoenix,US,2026-06-13 05:49:57
2026-06-13,HR,NimbusRosterSystems,2074840583,hello@nimbusrostersystems.net,https://www.nimbusrostersystems.net,90,Tampa,US,2026-06-13 02:22:51
2026-06-13,MSP Platform,PivotEndpoint Core,595-393-1889,N/A,pivotendpointcore.co,12,Manchester,UK,2026-06-13 04:55:19
2026-06-13,Legal,Bold VerdictHub,1-368-984-9912,info@boldverdicthub.com,boldverdicthub.com,965,Vancouver,CA,2026-06-13 04:54:12
2026-06-13,ERP,BrightOpsTech,836-743-7772,hello@brightopstech.io,https://www.brightopstech.io,18,Denver,US,2026-06-13 04:04:52
2026-06-13,LMS,Prime CourseSoft,489-844-3394,info@primecoursesoft.com,https://www.primecoursesoft.com,82,Leeds,UK,2026-06-13 05:13:43
2026-06-13,Legal,VertexMatterCloud,1-787-870-7790,contact@vertexmattercloud.net,https://www.vertexmattercloud.net,N/A,Austin,US,2026-06-13 04:49:02
2026-06-13,ERP,Nimbus OpsApp,(687) 942-7820,contact@nimbusopsapp.com,https://www.nimbusopsapp.com,735,Manchester,UK,2026-06-13 05:37:33
2026-06-13,LMS,JuniperLearn Platform,06055595940,sales@juniperlearnplatform.com,https://www.juniperlearnplatform.com,262,Raleigh,US,2026-06-13 05:14:43
2026-06-13,ERP,CoreChainSystems,2063830611,contact@corechainsystems.co,https://corechainsystems.co,6,Calgary,CA,2026-06-13 02:34:11
2026-06-13,MSP Platform,AltaPatchWorks,(656) 281-4273,info@altapatchworks.io,https://altapatchworks.io,17,Amsterdam,NL,2026-06-13 02:28:53
2026-06-13,ERP,Crest PlanCore,+14264094142,hello@crestplancore.net,https://www.crestplancore.net,88,Austin,US,2026-06-13 04:04:59
2026-06-13,ERP,FalconForge Sphere,510-825-0815,sales@falconforgesphere.com,https://falconforgesphere.com,6,Raleigh,US,2026-06-13 06:13:42
2026-06-13,ERP,RapidOps App,7216802101,sales@rapidopsapp.net,https://www.rapidopsapp.net,256,Amsterdam,NL,2026-06-13 02:05:58
2026-06-13,HR,Lumen BenefitSphere,+1 (710) 330-5505,contact@lumenbenefitsphere.com,https://www.lumenbenefitsphere.com,693,Manchester,UK,2026-06-13 06:01:13
2026-06-13,ERP,Ridge PlanSphere,749.918.5226,contact@ridgeplansphere.io,https://www.ridgeplansphere.io,60,Manchester,UK,2026-06-13 02:16:39
2026-06-13,MSP Platform,Quantum MonitorCore,09746837160,contact@quantummonitorcore.com,https://www.quantummonitorcore.com,315,Austin,US,2026-06-13 02:39:33
2026-06-13,MSP Platform,NorthPatch Hub,+19185861651,info@northpatchhub.com,https://www.northpatchhub.com,286,Bengaluru,IN,2026-06-13 05:30:43
2026-06-13,Legal,ZephyrVerdict Works,+1 (262) 874-1188,hello@zephyrverdictworks.com,https://www.zephyrverdictworks.com,5,Sydney,AU,2026-06-13 01:09:17
2026-06-13,Medical,TidalCareDesk,7402316648,sales@tidalcaredesk.io,https://www.tidalcaredesk.io,817,Bengaluru,IN,2026-06-13 03:53:47
2026-06-13,LMS,NimbusCohortBase,1-774-446-7560,contact@nimbuscohortbase.com,https://www.nimbuscohortbase.com,19,Atlanta,US,2026-06-13 02:00:20
2026-06-13,Medical,TidalTriageTech,+16098019010,hello@tidaltriagetech.com,https://www.tidaltriagetech.com,1579,London,UK,2026-06-13 02:18:38
2026-06-13,ERP,OrbitPlan Soft,1-316-299-7394,contact@orbitplansoft.com,https://orbitplansoft.com,15,Austin,US,2026-06-13 01:03:43
2026-06-13,MSP Platform,RavenTicketBase,2265122703,hello@raventicketbase.com,https://www.raventicketbase.com,8,Atlanta,US,2026-06-13 04:36:10
2026-06-13,ERP,PolarisChainWorks,(364) 277-1937,sales@polarischainworks.co,https://polarischainworks.co,212,Hyderabad,IN,2026-06-13 03:14:23
2026-06-13,MSP Platform,Iron StackBase,+1 (622) 882-2124,hello@ironstackbase.io,ironstackbase.io,31,Phoenix,US,2026-06-13 05:42:31
2026-06-13,Medical,GoldenVitalSystems,03723136258,contact@goldenvitalsystems.com,goldenvitalsystems.com,39,Atlanta,US,2026-06-13 06:17:10
2026-06-13,ERP,ApexOrder Logic,404-931-6352,contact@apexorderlogic.com,https://www.apexorderlogic.com,38,Calgary,CA,2026-06-13 02:22:19
2026-06-13,LMS,SummitMentorPoint,3293418256,hello@summitmentorpoint.com,https://www.summitmentorpoint.com,4777,Denver,US,2026-06-13 04:50:39
2026-06-13,LMS,OrbitLesson Core,748.732.7240,info@orbitlessoncore.co,https://www.orbitlessoncore.co,85,Denver,US,2026-06-13 04:06:51
2026-06-13,Medical,Orbit Med Consultants,6692800885,contact@orbitmedconsultants.co,https://www.orbitmedconsultants.co,21,Chicago,US,2026-06-13 06:54:13
2026-06-13,HR,TidalPayrollApp,506.412.6022,contact@tidalpayrollapp.com,https://www.tidalpayrollapp.com,16,Phoenix,US,2026-06-13 02:25:34
2026-06-13,ERP,FusionStock Cloud,+13839078972,hello@fusionstockcloud.com,https://www.fusionstockcloud.com,6,Chicago,US,2026-06-13 03:46:30
2026-06-13,Medical,Solid PulseSolutions,5005168452,sales@solidpulsesolutions.com,https://www.solidpulsesolutions.com,363,Munich,DE,2026-06-13 05:04:46
2026-06-13,ERP,Falcon ForgeCore,6248330000,hello@falconforgecore.com,https://www.falconforgecore.com,82,Dublin,IE,2026-06-13 05:28:21
2026-06-13,MSP Platform,MetaGrid Sync,978.529.5872,hello@metagridsync.io,https://metagridsync.io,43,Atlanta,US,2026-06-13 03:45:40
2026-06-13,MSP Platform,Sable TicketCore,952-648-1990,contact@sableticketcore.io,https://www.sableticketcore.io,14,Tampa,US,2026-06-13 04:54:54
2026-06-13,ERP,XenonOrderCloud,+1 (890) 527-2070,-,https://www.xenonordercloud.com,7,Leeds,UK,2026-06-13 05:06:24
2026-06-13,HR,CrestPerformSolutions,(897) 228-9989,hello@crestperformsolutions.com,https://www.crestperformsolutions.com,8,Vancouver,CA,2026-06-13 03:23:19
2026-06-13,Legal,ZenFiling Sphere,1-488-884-9252,sales@zenfilingsphere.io,https://www.zenfilingsphere.io,50,Tampa,US,2026-06-13 06:00:02
2026-06-13,Legal,SableMatter Desk,(277) 530-8111,contact@sablematterdesk.io,https://sablematterdesk.io,7,Sydney,AU,2026-06-13 03:51:33
2026-06-13,ERP,ZenChain Flow,769-652-0586,info@zenchainflow.com,https://zenchainflow.com,7,Columbus,US,2026-06-13 05:59:38
2026-06-13,Medical,ApexPulseSoft,542.462.7548,-,apexpulsesoft.com,840,Chicago,US,2026-06-13 04:14:25
2026-06-13,HR,SolidShift Suite,1-223-806-3337,info@solidshiftsuite.com,https://www.solidshiftsuite.com,131,Seattle,US,2026-06-13 06:07:21
2026-06-13,ERP,PioneerLedgerWorks,677.818.2584,hello@pioneerledgerworks.com,https://www.pioneerledgerworks.com,21,Singapore,SG,2026-06-13 04:41:34
2026-06-13,Legal,Apex CaseBase,706-212-5492,contact@apexcasebase.co,https://www.apexcasebase.co,407,Seattle,US,2026-06-13 03:07:16
2026-06-13,ERP,Cedar FinHub,483-283-8234,info@cedarfinhub.io,https://www.cedarfinhub.io,118,Columbus,US,2026-06-13 01:10:05
2026-06-13,Legal,Willow VerdictBase,4196658220,contact@willowverdictbase.io,https://willowverdictbase.io,489,Seattle,US,2026-06-13 02:27:07
2026-06-13,ERP,QuartzStockApp,4169964152,sales@quartzstockapp.com,https://www.quartzstockapp.com,46,Manchester,UK,2026-06-13 03:12:32
2026-06-13,Medical,NimbusTriage Point,599-752-8108,info@nimbustriagepoint.net,nimbustriagepoint.net,,Chicago,US,2026-06-13 05:40:43
2026-06-13,HR,GraniteCulture Point,3538530588,hello@graniteculturepoint.co,https://www.graniteculturepoint.co,12,Berlin,DE,2026-06-13 03:22:30
2026-06-13,Medical,CedarClinicCore,+14323839614,sales@cedarcliniccore.io,cedarcliniccore.io,85,Amsterdam,NL,2026-06-13 06:40:33
2026-06-13,ERP,Atlas OpsCore,812-221-1508,sales@atlasopscore.com,https://www.atlasopscore.com,,Islamabad,PK,2026-06-13 03:03:39
2026-06-13,Medical,Iron PulseLabs,368-884-0718,,https://ironpulselabs.com,497,Columbus,US,2026-06-13 03:00:46
2026-06-13,Legal,LumenMatterSuite,+17327350299,contact@lumenmattersuite.io,https://www.lumenmattersuite.io,51,Atlanta,US,2026-06-13 04:53:26
2026-06-13,ERP,KeystoneOps Sphere,2876858702,sales@keystoneopssphere.io,https://www.keystoneopssphere.io,N/A,Dublin,IE,2026-06-13 05:09:08
2026-06-13,Medical,VistaVitalSuite,868-883-9820,hello@vistavitalsuite.com,https://www.vistavitalsuite.com,202,Atlanta,US,2026-06-13 04:52:51
2026-06-13,ERP,SilverStockLogic,+14737986924,sales@silverstocklogic.com,https://www.silverstocklogic.com,94,Melbourne,AU,2026-06-13 03:02:56
2026-06-13,Legal,TrueVerdictDesk,(378) 832-0281 ext. 65,contact@trueverdictdesk.com,https://www.trueverdictdesk.com,3351,Seattle,US,2026-06-13 01:16:35
2026-06-13,MSP Platform,RidgeMonitor Sphere,+14739679338,contact@ridgemonitorsphere.co,https://www.ridgemonitorsphere.co,4726,Calgary,CA,2026-06-13 02:28:56
2026-06-13,MSP Platform,SolidEndpoint Cloud,+15434129704,contact@solidendpointcloud.net,https://www.solidendpointcloud.net,13,Berlin,DE,2026-06-13 05:40:27
2026-06-13,LMS,OnyxLearnWorks,09602924691,hello@onyxlearnworks.io,https://www.onyxlearnworks.io,17,Atlanta,US,2026-06-13 02:28:49
2026-06-13,Legal,AnchorMatter Tech,291-563-6810,hello@anchormattertech.com,https://www.anchormattertech.com,64,Bengaluru,IN,2026-06-13 05:23:50
2026-06-13,HR,IronTeam Sphere,1-636-575-1451,sales@ironteamsphere.com,https://ironteamsphere.com,10,Denver,US,2026-06-13 05:14:32
2026-06-13,HR,HaloBenefit Base,08812899760 ext. 90,hello@halobenefitbase.com,https://www.halobenefitbase.com,7,Chicago,US,2026-06-13 03:59:18
2026-06-13,Legal,VeloDocket Works,+16106804842,contact@velodocketworks.io,https://www.velodocketworks.io,9,Manchester,UK,2026-06-13 03:31:29
2026-06-13,HR,Ember BenefitSuite,+1 (334) 869-2115,contact@emberbenefitsuite.com,https://emberbenefitsuite.com,1104,Islamabad,PK,2026-06-13 01:13:22
2026-06-13,Medical,KeystoneChartSolutions,741-694-9631,sales@keystonechartsolutions.com,https://www.keystonechartsolutions.com,46,Amsterdam,NL,2026-06-13 06:44:45
2026-06-13,MSP Platform,Tidal PatchWorks,619-735-7684,info@tidalpatchworks.com,https://www.tidalpatchworks.com,1352,Lahore,PK,2026-06-13 03:08:07
2026-06-13,ERP,Velo Ledger BPO Services,(254) 915-0187,contact@veloledgerbposervices.com,veloledgerbposervices.com,521,Seattle,US,2026-06-13 01:57:40
2026-06-13,ERP,Omni ResourceSuite,449-753-2125,-,https://www.omniresourcesuite.io,428,Denver,US,2026-06-13 03:22:00
2026-06-13,ERP,BeaconChainSystems,899.733.9225,sales@beaconchainsystems.com,https://beaconchainsystems.com,51,Phoenix,US,2026-06-13 03:10:08
2026-06-13,MSP Platform,CobaltTicketSync,(430) 368-3924,sales@cobaltticketsync.com,https://www.cobaltticketsync.com,360,Seattle,US,2026-06-13 04:12:39
2026-06-13,Legal,Tidal CounselSync,908-366-0118,hello@tidalcounselsync.com,https://tidalcounselsync.com,6,Manchester,UK,2026-06-13 01:04:00
2026-06-13,Medical,FusionPatientCloud,828-427-6076,sales@fusionpatientcloud.net,https://www.fusionpatientcloud.net,73,London,UK,2026-06-13 03:36:14
2026-06-13,MSP Platform,Quartz NodeWorks,1-952-486-9241,hello@quartznodeworks.co,https://www.quartznodeworks.co,1744,Islamabad,PK,2026-06-13 05:09:25
2026-06-13,Legal,VertexCompliSync,441.493.3744,contact@vertexcomplisync.com,https://www.vertexcomplisync.com,58,Raleigh,US,2026-06-13 05:19:09
2026-06-13,ERP,OrbitOrder Core,(872) 415-7752,contact@orbitordercore.com,https://www.orbitordercore.com,337,Atlanta,US,2026-06-13 01:53:13
2026-06-13,HR,BrightTeamSolutions,261-206-9969,contact@brightteamsolutions.com,https://www.brightteamsolutions.com,15,Seattle,US,2026-06-13 05:06:22
2026-06-13,ERP,Beacon ForgeCloud,812-813-0021,sales@beaconforgecloud.io,https://www.beaconforgecloud.io,62,,US,2026-06-13 02:44:18
2026-06-13,Medical,SablePulse Flow,542-510-3487,hello@sablepulseflow.io,https://sablepulseflow.io,94,Phoenix,US,2026-06-13 01:55:01
2026-06-13,Legal,SolidClauseWorks,228-267-4990,sales@solidclauseworks.net,https://solidclauseworks.net,23,Chicago,US,2026-06-13 06:34:36
2026-06-13,HR,CrownBenefit Dynamics,955.446.9611 ext. 99,hello@crownbenefitdynamics.co,https://www.crownbenefitdynamics.co,14,Munich,DE,2026-06-13 04:11:11
2026-06-13,Legal,Raven CounselSync,+16903680272,sales@ravencounselsync.com,https://www.ravencounselsync.com,-,Sydney,AU,2026-06-13 01:25:52
2026-06-13,Medical,HarborClinic Soft,2976371631,info@harborclinicsoft.io,https://www.harborclinicsoft.io,17,Seattle,US,2026-06-13 01:32:42
2026-06-13,HR,Umbra RosterCore,+18369461251,sales@umbrarostercore.com,https://umbrarostercore.com,61,Atlanta,US,2026-06-13 01:57:31
2026-06-13,Medical,Summit VitalSphere,9839684022,hello@summitvitalsphere.com,https://www.summitvitalsphere.com,45,Tampa,US,2026-06-13 04:47:40
2026-06-13,Legal,TrueLaw Systems,375-655-3360 ext. 4,sales@truelawsystems.io,https://www.truelawsystems.io,9,Melbourne,AU,2026-06-13 05:10:32
2026-06-13,Medical,RidgePatient Sphere,6622931017,contact@ridgepatientsphere.io,ridgepatientsphere.io,6,Raleigh,US,2026-06-13 05:53:59
2026-06-13,HR,Nimbus PeopleDynamics,1-758-444-5672,,https://www.nimbuspeopledynamics.com,372,Atlanta,US,2026-06-13 01:58:28
2026-06-13,Legal,RidgeVerdictSolutions,3108703383,info@ridgeverdictsolutions.com,https://www.ridgeverdictsolutions.com,84,Lahore,PK,2026-06-13 03:59:25
2026-06-13,LMS,Lattice MentorPoint,431-302-2108,sales@latticementorpoint.com,https://www.latticementorpoint.com,9,Columbus,US,2026-06-13 05:42:48
2026-06-13,HR,Falcon CultureCloud,830-326-6016 ext. 12,sales@falconculturecloud.com,https://falconculturecloud.com,94,Raleigh,US,2026-06-13 01:13:29
2026-06-13,ERP,CoreChain Core,+19149095884,hello@corechaincore.com,https://www.corechaincore.com,14,Boston,US,2026-06-13 06:31:02
2026-06-13,LMS,ZephyrTutorPlatform,1-240-892-1630,contact@zephyrtutorplatform.net,https://www.zephyrtutorplatform.net,17,Singapore,SG,2026-06-13 02:44:32
2026-06-13,Legal,VeloCompli Soft,437.691.8823,info@velocomplisoft.com,https://velocomplisoft.com,16,Austin,US,2026-06-13 01:03:46
2026-06-13,ERP,CrestPlanSphere,8469031063,contact@crestplansphere.com,https://www.crestplansphere.com,20,Boston,US,2026-06-13 03:10:32
2026-06-13,HR,RavenPerformHub,616-893-7293,hello@ravenperformhub.com,https://www.ravenperformhub.com,33,Hyderabad,IN,2026-06-13 02:35:37
2026-06-13,Legal,FalconBriefPlatform,3552519034,sales@falconbriefplatform.com,https://www.falconbriefplatform.com,465,Boston,US,2026-06-13 06:17:50
2026-06-13,LMS,Meta LearnWorks,497.296.3545,hello@metalearnworks.co,https://www.metalearnworks.co,38,Phoenix,US,2026-06-13 05:32:41
2026-06-13,LMS,GoldenCourse Systems,+12937789861,hello@goldencoursesystems.com,https://www.goldencoursesystems.com,N/A,Austin,US,2026-06-13 04:49:44
2026-06-13,HR,IndigoShift Point,1-796-532-0442,info@indigoshiftpoint.io,https://indigoshiftpoint.io,70,Leeds,UK,2026-06-13 06:23:33
2026-06-13,Medical,Quantum ClinicLogic,360-758-7398,contact@quantumcliniclogic.com,https://www.quantumcliniclogic.com,25,Sydney,AU,2026-06-13 02:47:07
2026-06-13,ERP,KeystoneOps Labs,8062662486,hello@keystoneopslabs.io,https://www.keystoneopslabs.io,127,London,UK,2026-06-13 01:30:51
2026-06-13,HR,LatticeOnboardCore,9167984048,contact@latticeonboardcore.io,https://latticeonboardcore.io,52,Denver,US,2026-06-13 01:28:36
2026-06-13,Legal,Mosaic DocketSphere,+18957389821,hello@mosaicdocketsphere.com,https://mosaicdocketsphere.com,9,Tampa,US,2026-06-13 01:14:48
2026-06-13,LMS,WillowPathCore,+15259212056,sales@willowpathcore.com,https://www.willowpathcore.com,11,Austin,US,2026-06-13 02:35:20
2026-06-13,HR,CrownBenefitTech,08684602825,sales@crownbenefittech.io,https://crownbenefittech.io,21,Denver,US,2026-06-13 06:09:32
2026-06-13,ERP,UmbraForgeCore,(306) 677-1608,sales@umbraforgecore.com,https://umbraforgecore.com,8,Phoenix,US,2026-06-13 06:50:03
2026-06-13,Legal,TidalLawHub,4674236612,contact@tidallawhub.io,https://www.tidallawhub.io,8,Amsterdam,NL,2026-06-13 06:40:41
2026-06-13,Legal,LatticeDocket Logic,1-547-514-6964 ext. 91,hello@latticedocketlogic.com,https://latticedocketlogic.com,158,Singapore,SG,2026-06-13 06:05:02
2026-06-13,ERP,QuartzResourceTech,1-743-776-2259,contact@quartzresourcetech.com,https://quartzresourcetech.com,N/A,Hyderabad,IN,2026-06-13 01:53:17
2026-06-13,Medical,Atlas ChartSync,(802) 423-7855,contact@atlaschartsync.io,atlaschartsync.io,170,Chicago,US,2026-06-13 03:23:14
2026-06-13,MSP Platform,PivotStack Sphere,+1 (271) 597-5872,sales@pivotstacksphere.co,https://www.pivotstacksphere.co,70,Atlanta,US,2026-06-13 05:21:57
2026-06-13,MSP Platform,FusionNode Sync,749-647-2279,hello@fusionnodesync.io,https://www.fusionnodesync.io,952,Atlanta,US,2026-06-13 02:06:04
2026-06-13,Medical,ZephyrPulsePlatform,(438) 496-6542 ext. 53,sales@zephyrpulseplatform.com,zephyrpulseplatform.com,176,Denver,US,2026-06-13 03:13:14
2026-06-13,Medical,ZenPulse Platform,876.561.3831,contact@zenpulseplatform.com,https://www.zenpulseplatform.com,65,Leeds,UK,2026-06-13 01:29:50
2026-06-13,Medical,KeystonePulse Works,9072838026,contact@keystonepulseworks.co,https://keystonepulseworks.co,5,Calgary,CA,2026-06-13 06:59:21
2026-06-13,ERP,QuantumChain Solutions,405.580.0001,contact@quantumchainsolutions.net,https://www.quantumchainsolutions.net,64,Pune,IN,2026-06-13 05:36:38
2026-06-13,Medical,RapidMed Suite,02493890699,hello@rapidmedsuite.co,https://www.rapidmedsuite.co,5,Amsterdam,NL,2026-06-13 01:05:17
2026-06-13,HR,NimbusOnboardSolutions,+1 (870) 782-3450,info@nimbusonboardsolutions.co,https://www.nimbusonboardsolutions.co,1120,Phoenix,US,2026-06-13 01:18:06
2026-06-13,LMS,GraniteTutorSoft,1-309-852-5442,sales@granitetutorsoft.com,https://www.granitetutorsoft.com,18,Phoenix,US,2026-06-13 06:14:04
2026-06-13,Medical,RapidMed Point,1-490-986-0326,info@rapidmedpoint.co,https://www.rapidmedpoint.co,764,Chicago,US,2026-06-13 03:52:53
2026-06-13,HR,NorthBenefit Works,+1 (542) 983-3224,info@northbenefitworks.net,https://www.northbenefitworks.net,349,Pune,IN,2026-06-13 06:50:33
2026-06-13,MSP Platform,EmberUptimeLabs,(744) 916-1307,hello@emberuptimelabs.com,https://www.emberuptimelabs.com,4409,Calgary,CA,2026-06-13 01:30:52
2026-06-13,Medical,Keystone TriageSoft,3828710201,sales@keystonetriagesoft.com,https://www.keystonetriagesoft.com,191,Denver,US,2026-06-13 03:33:12
2026-06-13,ERP,PioneerStock Solutions,(365) 447-7997,info@pioneerstocksolutions.io,https://pioneerstocksolutions.io,34,Denver,US,2026-06-13 03:19:42
2026-06-13,ERP,Quantum PlanCloud,+13683130525,N/A,https://www.quantumplancloud.com,941,Seattle,US,2026-06-13 01:43:35
2026-06-13,Medical,GraniteCare Desk,+1 (370) 896-0443,info@granitecaredesk.com,https://granitecaredesk.com,229,Munich,DE,2026-06-13 05:23:23
2026-06-13,Medical,Ridgé PulseDynamics,(249) 665-6353,contact@ridgepulsedynamics.com,https://ridgepulsedynamics.com,44,Denver,US,2026-06-13 05:38:09
2026-06-13,Medical,SummitVital Sync,6584210733,contact@summitvitalsync.com,https://www.summitvitalsync.com,15,Pune,IN,2026-06-13 01:37:40
2026-06-13,Legal,RidgewayBriefCore,(825) 443-5642,info@ridgewaybriefcore.com,https://ridgewaybriefcore.com,82,Denver,US,2026-06-13 06:23:24
2026-06-13,LMS,FusionForgeSuite,1-331-695-8037,sales@fusionforgesuite.io,fusionforgesuite.io,38,Austin,US,2026-06-13 03:52:20
2026-06-13,Legal,CedarClauseSolutions,264.885.3830,contact@cedarclausesolutions.co,https://www.cedarclausesolutions.co,11,Atlanta,US,2026-06-13 03:14:01
2026-06-13,Legal,ApexLawPlatform,03324905533,info@apexlawplatform.com,https://www.apexlawplatform.com,39,Austin,US,2026-06-13 05:22:21
2026-06-13,HR,TidalPerformTech,347.574.8915 ext. 87,sales@tidalperformtech.com,https://tidalperformtech.com,89,Atlanta,US,2026-06-13 04:59:41
2026-06-13,Medical,PolarisMedTech,+13485689360,N/A,https://www.polarismedtech.com,14,Phoenix,US,2026-06-13 02:18:46
2026-06-13,MSP Platform,XenonUptime Sphere,4755957224,contact@xenonuptimesphere.com,xenonuptimesphere.com,641,N/A,US,2026-06-13 06:57:58
2026-06-13,Legal,MosaicLawCloud,07204162760,hello@mosaiclawcloud.net,https://www.mosaiclawcloud.net,48,Boston,US,2026-06-13 03:37:22
2026-06-13,ERP,Xenon OpsSuite,+12072087280,contact@xenonopssuite.io,https://www.xenonopssuite.io,154,Singapore,SG,2026-06-13 05:37:38
2026-06-13,Medical,Summit RxPlatform,(446) 366-3098,sales@summitrxplatform.com,https://www.summitrxplatform.com,1039,Chicago,US,2026-06-13 05:41:46
2026-06-13,Legal,PioneerLaw Core,04165820682,hello@pioneerlawcore.com,https://www.pioneerlawcore.com,136,Atlanta,US,2026-06-13 05:12:40
2026-06-13,MSP Platform,Omni NetLabs,+12235415385,contact@omninetlabs.com,https://omninetlabs.com,19,Phoenix,US,2026-06-13 03:07:25
2026-06-13,Medical,VeloClinic Logic,609-475-3660,contact@velocliniclogic.com,https://www.velocliniclogic.com,null,Manchester,UK,2026-06-13 04:00:34
2026-06-13,MSP Platform,QuartzStack Sphere,1-668-202-9983,info@quartzstacksphere.com,https://www.quartzstacksphere.com,21,Denver,US,2026-06-13 01:54:55
2026-06-13,HR,CedarCulture Flow,218.800.7841,hello@cedarcultureflow.co,https://www.cedarcultureflow.co,17,Vancouver,CA,2026-06-13 06:17:02
2026-06-13,ERP,RidgePlan App,932-449-7181,info@ridgeplanapp.com,https://www.ridgeplanapp.com,5,Seattle,US,2026-06-13 04:59:18
2026-06-13,HR,Juniper BenefitHub,1-677-309-7013,sales@juniperbenefithub.com,https://www.juniperbenefithub.com,63,Boston,US,2026-06-13 01:26:38
2026-06-13,Legal,ArchCounsel Systems,+17337468950,sales@archcounselsystems.net,https://www.archcounselsystems.net,297,Chicago,US,2026-06-13 02:09:14
2026-06-13,Medical,TidalChartSoft,+17853284808 ext. 97,hello@tidalchartsoft.com,https://www.tidalchartsoft.com,79,Chicago,US,2026-06-13 06:17:46
2026-06-13,ERP,ArchOrder’s Core,208-728-0553,hello@archordercore.com,https://archordercore.com,149,Tampa,US,2026-06-13 02:01:50
2026-06-13,ERP,Bold PlanPlatform,852-282-5696,info@boldplanplatform.com,https://www.boldplanplatform.com,152,Denver,US,2026-06-13 01:53:18
2026-06-13,ERP,RavenOrder Soft,841-360-5297,info@ravenordersoft.co,https://www.ravenordersoft.co,120,Raleigh,US,2026-06-13 02:12:25
2026-06-13,Medical,Velo PatientCloud,1-587-714-1693 ext. 99,sales@velopatientcloud.com,https://www.velopatientcloud.com,5,null,IN,2026-06-13 06:30:16
2026-06-13,Medical,VistaPatient Sphere,+19859593731,sales@vistapatientsphere.com,https://www.vistapatientsphere.com,45,Raleigh,US,2026-06-13 06:59:20
2026-06-13,Legal,FusionCounsel Suite,1-361-511-4989,info@fusioncounselsuite.co,https://www.fusioncounselsuite.co,284,Boston,US,2026-06-13 01:12:38
2026-06-13,MSP Platform,BeaconPatchSolutions,+14733885005,,https://www.beaconpatchsolutions.com,409,Dublin,IE,2026-06-13 05:43:09
2026-06-13,LMS,KeystoneMentor Hub,1-677-955-5700,info@keystonementorhub.co,https://www.keystonementorhub.co,37,Munich,DE,2026-06-13 04:02:36
2026-06-13,ERP,Quartz BatchSoft,432-530-2808,info@quartzbatchsoft.co,https://www.quartzbatchsoft.co,194,Boston,US,2026-06-13 01:02:24
2026-06-13,Medical,FalconCareSphere,(624) 415-5354,info@falconcaresphere.com,https://www.falconcaresphere.com,135,Raleigh,US,2026-06-13 06:57:43
2026-06-13,Medical,IronPatient Tech,+1 (364) 955-6601,hello@ironpatienttech.co,https://www.ironpatienttech.co,8,-,AU,2026-06-13 05:04:58
2026-06-13,Legal,Lattice CaseDesk,(214) 567-6828,info@latticecasedesk.com,https://www.latticecasedesk.com,,Berlin,DE,2026-06-13 06:43:14
2026-06-13,Legal,Quantum CaseLogic,03246617633,info@quantumcaselogic.io,quantumcaselogic.io,16,Pune,IN,2026-06-13 03:37:05
2026-06-13,Legal,NimbusClauseLabs,287.459.6961,info@nimbusclauselabs.com,https://www.nimbusclauselabs.com,185,Toronto,CA,2026-06-13 06:26:00
2026-06-13,ERP,FusionLedgerHub,984-972-0961,info@fusionledgerhub.co,https://www.fusionledgerhub.co,318,Dublin,IE,2026-06-13 04:42:43
2026-06-13,HR,Apex TeamSphere,671-363-1853,info@apexteamsphere.net,https://www.apexteamsphere.net,98,Islamabad,PK,2026-06-13 02:52:35
2026-06-13,Medical,LatticeChart Sync,+14107648693,contact@latticechartsync.io,https://www.latticechartsync.io,N/A,Dublin,IE,2026-06-13 02:28:27
2026-06-13,MSP Platform,QuantumNet Desk,747-733-3491,contact@quantumnetdesk.com,https://www.quantumnetdesk.com,349,Vancouver,CA,2026-06-13 03:30:33
2026-06-13,Medical,CobaltClinic Tech,(662) 284-2355,sales@cobaltclinictech.co,https://cobaltclinictech.co,N/A,Denver,US,2026-06-13 01:41:35
2026-06-13,HR,Onyx BenefitSphere,+16463141386,sales@onyxbenefitsphere.com,https://onyxbenefitsphere.com,25,Austin,US,2026-06-13 04:36:42
2026-06-13,HR,CrownShiftSolutions,5385878914,contact@crownshiftsolutions.com,https://www.crownshiftsolutions.com,-,Singapore,SG,2026-06-13 03:20:01
2026-06-13,Legal,AtlasCompli Flow,361-722-5217,contact@atlascompliflow.net,https://atlascompliflow.net,17,Raleigh,US,2026-06-13 03:26:12
2026-06-13,ERP,ZenForge Soft LLC,04762456888,contact@zenforgesoft.com,zenforgesoft.com,12,Pune,IN,2026-06-13 06:00:50
2026-06-13,ERP,FusionResourceSync,+1 (685) 636-8158,sales@fusionresourcesync.io,https://fusionresourcesync.io,230,Hyderabad,IN,2026-06-13 04:49:05
2026-06-13,MSP Platform,RidgewayNode Systems,361-599-8676,sales@ridgewaynodesystems.com,https://www.ridgewaynodesystems.com,1983,Munich,DE,2026-06-13 01:30:37
2026-06-13,MSP Platform,NorthRemote Soft,(899) 920-8038,hello@northremotesoft.com,https://northremotesoft.com,43,Columbus,US,2026-06-13 02:31:52
2026-06-13,ERP,PolarisChain Logic,(712) 983-6922,sales@polarischainlogic.io,polarischainlogic.io,28,Leeds,UK,2026-06-13 05:26:20
2026-06-13,ERP,EmberOrderSphere,+17104407400,hello@emberordersphere.io,https://www.emberordersphere.io,449,Chicago,US,2026-06-13 06:32:16
2026-06-13,ERP,OrbitPlan Tech,+13603596363,contact@orbitplantech.com,https://www.orbitplantech.com,7,Islamabad,PK,2026-06-13 06:57:39
2026-06-13,HR,BlueOnboardHub,+1 (291) 726-1264,info@blueonboardhub.co,https://www.blueonboardhub.co,34,Austin,US,2026-06-13 02:49:20
2026-06-13,Medical,FusionTriage Works,862-573-9598,contact@fusiontriageworks.com,https://www.fusiontriageworks.com,185,Tampa,US,2026-06-13 03:48:10
2026-06-13,ERP,BlueBatch Labs,+12273442570,hello@bluebatchlabs.io,https://bluebatchlabs.io,456,Tampa,US,2026-06-13 01:10:41
2026-06-13,LMS,BeaconQuiz Core,(575) 842-9677,hello@beaconquizcore.co,https://www.beaconquizcore.co,11,Raleigh,US,2026-06-13 01:28:00
2026-06-13,MSP Platform,RidgewayStack Labs,2907111562,contact@ridgewaystacklabs.co,ridgewaystacklabs.co,105,Tampa,US,2026-06-13 05:27:36
2026-06-13,ERP,Granite OpsPoint,2884619190,info@graniteopspoint.co,https://graniteopspoint.co,168,Lahore,PK,2026-06-13 03:14:48
2026-06-13,MSP Platform,SolidUptimeDynamics,(265) 266-5566,contact@soliduptimedynamics.com,soliduptimedynamics.com,486,Vancouver,CA,2026-06-13 01:33:04
2026-06-13,MSP Platform,ArchPatch Coré,(276) 534-0638,hello@archpatchcore.com,https://www.archpatchcore.com,222,Melbourne,AU,2026-06-13 02:03:42
2026-06-13,LMS,RapidCourse Tech,(796) 605-7451,,https://www.rapidcoursetech.net,10,Leeds,UK,2026-06-13 06:56:48
2026-06-13,ERP,Crown StockLogic,309-973-7071,hello@crownstocklogic.net,crownstocklogic.net,121,Atlanta,US,2026-06-13 04:54:42
2026-06-13,HR,FusionPayroll Desk,8857595020,hello@fusionpayrolldesk.io,https://www.fusionpayrolldesk.io,82,Columbus,US,2026-06-13 02:51:35
2026-06-13,Legal,QuartzFiling Soft,+12676892587,hello@quartzfilingsoft.com,https://www.quartzfilingsoft.com,28,Chicago,US,2026-06-13 03:46:52
2026-06-13,Legal,NorthClause Desk,(885) 362-1793,info@northclausedesk.co,https://northclausedesk.co,47,Austin,US,2026-06-13 03:21:40
2026-06-13,Medical,AnchorRxHub,(642) 272-8773,contact@anchorrxhub.com,https://anchorrxhub.com,32,Columbus,US,2026-06-13 05:02:38
2026-06-13,Legal,BrightMatter Cloud,757-640-6921 ext. 66,sales@brightmattercloud.io,https://www.brightmattercloud.io,18,Phoenix,US,2026-06-13 06:29:55
2026-06-13,Medical,EmberTriageSphere,(403) 533-5245,info@embertriagesphere.io,https://www.embertriagesphere.io,437,Seattle,US,2026-06-13 05:32:49
2026-06-13,ERP,ZephyrResourceTech,3345618078,sales@zephyrresourcetech.co,https://zephyrresourcetech.co,173,Atlanta,US,2026-06-13 05:07:31
2026-06-13,MSP Platform,IronNode Soft,5179356573,hello@ironnodesoft.com,ironnodesoft.com,77,Calgary,CA,2026-06-13 06:08:13
2026-06-13,ERP,Ridgeway PlanLogic,(989) 676-4413,sales@ridgewayplanlogic.co,https://www.ridgewayplanlogic.co,972,Columbus,US,2026-06-13 04:21:33
2026-06-13,MSP Platform,RapidRemote Hub,1-933-980-2764 ext. 64,info@rapidremotehub.com,https://www.rapidremotehub.com,7,Atlanta,US,2026-06-13 02:51:51
2026-06-13,MSP Platform,PrimeEndpointSolutions,774-857-1814 ext. 4,hello@primeendpointsolutions.co,https://primeendpointsolutions.co,95,Boston,US,2026-06-13 01:17:41
2026-06-13,Medical,Apex TriageSoft,6779271855,sales@apextriagesoft.com,https://www.apextriagesoft.com,207,Columbus,US,2026-06-13 06:29:50
2026-06-13,ERP,QuantumResource Hub,+16308272664,info@quantumresourcehub.com,https://www.quantumresourcehub.com,2283,Amsterdam,NL,2026-06-13 01:58:44
2026-06-13,Medical,BeaconCareSphere,1-262-707-5709,contact@beaconcaresphere.io,https://www.beaconcaresphere.io,20,Austin,US,2026-06-13 05:11:09
2026-06-13,HR,Tidal PeopleDesk,5918746156,sales@tidalpeopledesk.net,https://www.tidalpeopledesk.net,4935,Seattle,US,2026-06-13 05:42:38
2026-06-13,Legal,Raven FilingDesk,636-654-6613,sales@ravenfilingdesk.net,https://ravenfilingdesk.net,3341,Raleigh,US,2026-06-13 04:56:32
2026-06-13,ERP,Harbor FinHub,881-752-2121,info@harborfinhub.com,https://harborfinhub.com,270,Austin,US,2026-06-13 05:23:36
2026-06-13,Medical,ClearMed Platform,+18115930155,contact@clearmedplatform.io,https://clearmedplatform.io,869,London,UK,2026-06-13 04:21:53
2026-06-13,ERP,Pivot ResourceBase,(505) 209-6662,sales@pivotresourcebase.com,https://www.pivotresourcebase.com,682,Melbourne,AU,2026-06-13 02:05:20
2026-06-13,ERP,SableStock Suite,3675258998,hello@sablestocksuite.io,https://sablestocksuite.io,45,Hyderabad,IN,2026-06-13 01:50:01
2026-06-13,HR,SableStackApp,6139130575,hello@sablestackapp.com,sablestackapp.com,18,Tampa,US,2026-06-13 02:42:13
2026-06-13,ERP,ZephyrStockTech,(297) 561-6830,info@zephyrstocktech.com,https://www.zephyrstocktech.com,1969,Columbus,US,2026-06-13 03:52:38
2026-06-13,ERP,Pioneer LedgerApp,1-337-765-4310 ext. 81,info@pioneerledgerapp.com,pioneerledgerapp.com,196,Raleigh,US,2026-06-13 06:34:06
2026-06-13,HR,NorthRosterDynamics,09553295012,-,https://www.northrosterdynamics.co,55,Calgary,CA,2026-06-13 03:07:30
2026-06-13,ERP,Nimbus PlanTech,05403753299 ext. 2,sales@nimbusplantech.io,https://nimbusplantech.io,13,Raleigh,US,2026-06-13 03:57:59
2026-06-13,ERP,LatticeChain Sphere,390-810-7429,sales@latticechainsphere.io,https://www.latticechainsphere.io,1114,Munich,DE,2026-06-13 03:32:18
2026-06-13,HR,Nova OnboardPoint,1-741-774-3132,sales@novaonboardpoint.com,https://www.novaonboardpoint.com,106,Denver,US,2026-06-13 04:07:21
2026-06-13,ERP,LumenPlan Core,04342606350,info@lumenplancore.com,https://www.lumenplancore.com,45,Phoenix,US,2026-06-13 04:56:26
2026-06-13,MSP Platform,Zen GridBase,6987416430,hello@zengridbase.com,https://www.zengridbase.com,11,Tampa,US,2026-06-13 05:50:59
2026-06-13,HR,TidalOnboard Systems,967-357-0579 ext. 36,sales@tidalonboardsystems.io,https://tidalonboardsystems.io,123,Chicago,US,2026-06-13 01:22:45
2026-06-13,MSP Platform,GraniteStackSoft,(844) 471-3426,contact@granitestacksoft.co,https://www.granitestacksoft.co,52,Melbourne,AU,2026-06-13 05:49:21
2026-06-13,Legal,Solid CaseCore,911-736-2538,info@solidcasecore.com,https://www.solidcasecore.com,4960,Singapore,SG,2026-06-13 06:03:53
2026-06-13,Medical,NovaCare Base,+16537425935,hello@novacarebase.io,https://www.novacarebase.io,608,Vancouver,CA,2026-06-13 06:47:47
2026-06-13,Medical,RapidTriageSync,+12162852486,sales@rapidtriagesync.net,https://www.rapidtriagesync.net,184,Boston,US,2026-06-13 03:34:15
2026-06-13,Legal,WillowCompliDynamics,(255) 771-5021,info@willowcomplidynamics.com,https://willowcomplidynamics.com,359,Denver,US,2026-06-13 03:18:05
2026-06-13,Legal,Golden CompliSync,1-873-322-9329,info@goldencomplisync.com,https://www.goldencomplisync.com,null,Sydney,AU,2026-06-13 04:00:09
2026-06-13,LMS,VertexQuiz Labs,989.699.7309,info@vertexquizlabs.com,https://www.vertexquizlabs.com,90,Boston,US,2026-06-13 01:25:17
2026-06-13,Medical,RidgePatientCore,442.439.4684,sales@ridgepatientcore.net,https://www.ridgepatientcore.net,9,London,UK,2026-06-13 01:29:10
2026-06-13,Legal,Sable VerdictFlow,07176410643,info@sableverdictflow.com,sableverdictflow.com,8,Chicago,US,2026-06-13 05:53:52
2026-06-13,Medical,Crown PulseFlow,09157337212,contact@crownpulseflow.com,crownpulseflow.com,29,Tampa,US,2026-06-13 01:46:11
2026-06-13,Legal,Meta BriefSync,851.946.1680,contact@metabriefsync.com,https://www.metabriefsync.com,67,Austin,US,2026-06-13 06:07:56
2026-06-13,Medical,Delta RxFlow,(533) 990-6255,contact@deltarxflow.com,https://deltarxflow.com,29,Hyderabad,IN,2026-06-13 01:10:10
2026-06-13,ERP,PolarisForge Desk,+13749627953,hello@polarisforgedesk.com,https://www.polarisforgedesk.com,184,Denver,US,2026-06-13 02:47:16
2026-06-13,Medical,ZephyrPatient Point,(609) 298-6403,hello@zephyrpatientpoint.com,https://zephyrpatientpoint.com,359,Columbus,US,2026-06-13 02:45:29
2026-06-13,MSP Platform,EmberNode Base,242-311-8796,info@embernodebase.com,https://embernodebase.com,407,Karachi,PK,2026-06-13 06:18:25
2026-06-13,ERP,Vertex ForgeLogic,+1 (979) 284-5648,info@vertexforgelogic.com,vertexforgelogic.com,21,Tampa,US,2026-06-13 04:18:55
2026-06-13,Legal,Fusion CounselSystems,1-593-499-9478,hello@fusioncounselsystems.com,https://www.fusioncounselsystems.com,35,Denver,US,2026-06-13 04:40:24
2026-06-13,HR,AnchorRosterSolutions,9163496663,hello@anchorrostersolutions.com,https://www.anchorrostersolutions.com,137,Toronto,CA,2026-06-13 04:14:54
2026-06-13,Legal,Xenon CompliPoint,866-400-8459,sales@xenoncomplipoint.net,https://www.xenoncomplipoint.net,433,Manchester,UK,2026-06-13 06:02:49
2026-06-13,MSP Platform,NovaTicket Point,+15258206437,info@novaticketpoint.net,https://www.novaticketpoint.net,44,Sydney,AU,2026-06-13 01:35:08
2026-06-13,Legal,Blue ClauseApp,(612) 700-9130,sales@blueclauseapp.io,https://www.blueclauseapp.io,16,Chicago,US,2026-06-13 01:49:13
2026-06-13,MSP Platform,AnchorRemoteWorks,+16765188002,hello@anchorremoteworks.com,https://www.anchorremoteworks.com,311,Raleigh,US,2026-06-13 04:07:40
2026-06-13,ERP,DeltaPlan Cloud,426.269.9968,contact@deltaplancloud.io,https://deltaplancloud.io,638,Seattle,US,2026-06-13 05:06:41
2026-06-13,Medical,Indigo PatientFlow,8822046383,hello@indigopatientflow.com,https://indigopatientflow.com,47,Phoenix,US,2026-06-13 06:07:10
2026-06-13,MSP Platform,ZephyrStackSystems,5509299427,info@zephyrstacksystems.net,https://www.zephyrstacksystems.net,19,Boston,US,2026-06-13 02:25:25
2026-06-13,HR,HaloPeople Point,(596) 472-8325,hello@halopeoplepoint.io,https://www.halopeoplepoint.io,36,Toronto,CA,2026-06-13 05:41:26
2026-06-13,LMS,AtlasCohort Core,1-208-914-0608,sales@atlascohortcore.com,https://atlascohortcore.com,206,Chicago,US,2026-06-13 03:38:43
2026-06-13,MSP Platform,OrbitStackBase,08487479400,sales@orbitstackbase.com,https://orbitstackbase.com,8,Denver,US,2026-06-13 06:31:52
2026-06-13,Medical,Raven ClinicLogic,(694) 866-5603,info@ravencliniclogic.com,https://www.ravencliniclogic.com,126,Vancouver,CA,2026-06-13 03:56:57
2026-06-13,HR,PioneerOnboardCloud,+1 (711) 495-7376,hello@pioneeronboardcloud.com,https://www.pioneeronboardcloud.com,212,Pune,IN,2026-06-13 05:33:11
2026-06-13,Legal,Arch CompliCore,+16986798478,hello@archcomplicore.io,https://www.archcomplicore.io,13,Phoenix,US,2026-06-13 06:10:40
2026-06-13,HR,Zen ShiftLogic,273-297-3508,hello@zenshiftlogic.io,https://www.zenshiftlogic.io,909,Toronto,CA,2026-06-13 03:21:51
2026-06-13,Legal,Alta VerdictCore,(613) 215-6846,sales@altaverdictcore.com,https://altaverdictcore.com,13,Columbus,US,2026-06-13 06:08:19
2026-06-13,HR,DeltaPayrollSolutions,979.893.5940,contact@deltapayrollsolutions.com,https://www.deltapayrollsolutions.com,360,Toronto,CA,2026-06-13 03:27:56
2026-06-13,HR,VeloBenefit Labs,1-324-673-2928,contact@velobenefitlabs.com,velobenefitlabs.com,53,Tampa,US,2026-06-13 05:47:07
2026-06-13,HR,VertexRoster Point,6063418421,info@vertexrosterpoint.com,https://www.vertexrosterpoint.com,7,Leeds,UK,2026-06-13 02:59:03
2026-06-13,ERP,Halo ResourceSystems,(435) 340-7624,hello@haloresourcesystems.com,https://www.haloresourcesystems.com,14,Boston,US,2026-06-13 03:14:48
2026-06-13,HR,KeystoneOnboardLogic,599-713-8936,sales@keystoneonboardlogic.com,keystoneonboardlogic.com,12,Tampa,US,2026-06-13 02:33:04
2026-06-13,Medical,Vista Rx Consulting Group,767.222.8087,hello@vistarxconsultinggroup.io,https://www.vistarxconsultinggroup.io,493,Austin,US,2026-06-13 06:47:46
2026-06-13,ERP,Rapid PlanDynamics,+16127486088,contact@rapidplandynamics.com,https://www.rapidplandynamics.com,35,Atlanta,US,2026-06-13 06:25:58
2026-06-13,ERP,ZephyrResourceHub,7848045670,hello@zephyrresourcehub.io,https://www.zephyrresourcehub.io,14,Atlanta,US,2026-06-13 03:15:37
2026-06-13,HR,Lumen Talent Manpower Services,(332) 506-0079,info@lumentalentmanpowerservices.com,https://lumentalentmanpowerservices.com,38,N/A,US,2026-06-13 05:11:25
2026-06-13,HR,ZephyrShift Platform,(805) 834-2744,sales@zephyrshiftplatform.com,https://www.zephyrshiftplatform.com,13,Amsterdam,NL,2026-06-13 01:36:38
2026-06-13,LMS,QuantumQuiz Platform,+12132941587,contact@quantumquizplatform.com,https://www.quantumquizplatform.com,956,Denver,US,2026-06-13 06:13:15
2026-06-13,ERP,Juniper BatchSphere,1-946-276-5340,info@juniperbatchsphere.com,https://www.juniperbatchsphere.com,9,Tampa,US,2026-06-13 01:35:29
2026-06-13,Medical,Quantum TriageHub,422-923-3190,sales@quantumtriagehub.io,https://quantumtriagehub.io,878,Boston,US,2026-06-13 02:27:18
2026-06-13,Legal,GraniteDocketApp,(295) 389-5940,contact@granitedocketapp.io,https://www.granitedocketapp.io,133,Tampa,US,2026-06-13 05:27:13
2026-06-13,Legal,Granite Clause Recruiting,459-224-3576,sales@graniteclauserecruiting.io,https://www.graniteclauserecruiting.io,25,Dublin,IE,2026-06-13 03:26:30
2026-06-13,ERP,XenonOpsCore,+1 (412) 756-4111,hello@xenonopscore.com,https://www.xenonopscore.com,766,Seattle,US,2026-06-13 01:41:37
2026-06-13,ERP,Juniper Order Consulting Group,1-868-720-3496,sales@juniperorderconsultinggroup.com,https://www.juniperorderconsultinggroup.com,317,Austin,US,2026-06-13 06:42:52
2026-06-13,Medical,CobaltMed Systems,4778798458,info@cobaltmedsystems.com,https://www.cobaltmedsystems.com,77,Austin,US,2026-06-13 04:18:06
2026-06-13,HR,UmbraTeam Hub,(619) 817-2251,info@umbrateamhub.io,https://www.umbrateamhub.io,43,Seattle,US,2026-06-13 06:38:44
2026-06-13,MSP Platform,Xenon NodeCore,+12562909314,hello@xenonnodecore.com,https://www.xenonnodecore.com,40,-,CA,2026-06-13 05:34:05
2026-06-13,Legal,True MatterLogic,(738) 561-0816,info@truematterlogic.com,https://www.truematterlogic.com,46,Denver,US,2026-06-13 01:58:51
2026-06-13,ERP,XenonLedgerTech,403.265.0986,contact@xenonledgertech.io,https://xenonledgertech.io,23,Austin,US,2026-06-13 05:16:45
2026-06-13,Legal,KeystoneFiling Hub,+14213663638,info@keystonefilinghub.com,https://www.keystonefilinghub.com,156,Tampa,US,2026-06-13 05:05:53
2026-06-13,Medical,Crest PulsePlatform,951-643-2818,hello@crestpulseplatform.com,https://www.crestpulseplatform.com,36,Melbourne,AU,2026-06-13 06:13:39
2026-06-13,Medical,SilverClinic Core,(426) 261-6811,sales@silvercliniccore.com,https://www.silvercliniccore.com,78,Chicago,US,2026-06-13 02:18:12
2026-06-13,Legal,MetaBriefDesk,810.305.1445,sales@metabriefdesk.io,https://metabriefdesk.io,33,London,UK,2026-06-13 01:25:44
2026-06-13,MSP Platform,Falcon NetWorks,218.643.9092,contact@falconnetworks.com,https://www.falconnetworks.com,302,Singapore,SG,2026-06-13 06:28:01
2026-06-13,HR,SummitCultureBase,04347593885,sales@summitculturebase.com,https://www.summitculturebase.com,231,Atlanta,US,2026-06-13 04:46:28
2026-06-13,HR,Omni CultureSolutions,666.675.3710,contact@omniculturesolutions.co,https://www.omniculturesolutions.co,417,Chicago,US,2026-06-13 06:42:30
2026-06-13,ERP,Prime PlanBase,(790) 342-7845,hello@primeplanbase.net,https://www.primeplanbase.net,250,Amsterdam,NL,2026-06-13 03:31:48
2026-06-13,HR,Fusion PerformLabs,827-446-7625,contact@fusionperformlabs.com,https://www.fusionperformlabs.com,9,Hyderabad,IN,2026-06-13 01:15:59
2026-06-13,Medical,ZephyrTriage’s Systems,+14822282231,info@zephyrtriagesystems.net,zephyrtriagesystems.net,13,Tampa,US,2026-06-13 06:18:26
2026-06-13,LMS,Meta Mentor BPO Services,736.413.7638,-,https://www.metamentorbposervices.com,50,Tampa,US,2026-06-13 03:23:05
2026-06-13,HR,Solid CarePoint,946.585.1375,sales@solidcarepoint.io,https://www.solidcarepoint.io,498,Sydney,AU,2026-06-13 06:55:00
2026-06-13,HR,Keystone PerformFlow,464-569-8000,contact@keystoneperformflow.com,https://keystoneperformflow.com,35,Boston,US,2026-06-13 03:16:52
2026-06-13,Legal,BeaconFilingLabs,7369706016,sales@beaconfilinglabs.co,https://beaconfilinglabs.co,8,Raleigh,US,2026-06-13 03:44:05
2026-06-13,Medical,LumenCare Labs,1-362-541-3387,contact@lumencarelabs.io,https://www.lumencarelabs.io,744,Singapore,SG,2026-06-13 04:52:42
2026-06-13,MSP Platform,GoldenEndpoint Soft,754.954.7299,sales@goldenendpointsoft.com,https://www.goldenendpointsoft.com,29,Atlanta,US,2026-06-13 04:13:50
2026-06-13,Legal,CedarClauseCloud,1-346-862-9373,sales@cedarclausecloud.co,https://www.cedarclausecloud.co,145,Atlanta,US,2026-06-13 01:54:49
2026-06-13,Medical,Polaris HealthWorks,914-652-4642,sales@polarishealthworks.io,https://www.polarishealthworks.io,93,Chicago,US,2026-06-13 05:07:24
2026-06-13,MSP Platform,PioneerNodeDynamics,1-608-920-6081,info@pioneernodedynamics.net,https://www.pioneernodedynamics.net,272,Boston,US,2026-06-13 06:31:34
2026-06-13,Legal,Zephyr CompliSoft,9149072702,hello@zephyrcomplisoft.com,zephyrcomplisoft.com,86,Raleigh,US,2026-06-13 05:13:02
2026-06-13,HR,Falcon ShiftPoint,849-364-8977,contact@falconshiftpoint.net,https://falconshiftpoint.net,2895,Pune,IN,2026-06-13 03:18:28
2026-06-13,ERP,Clear StockHub,08225110332,info@clearstockhub.com,clearstockhub.com,169,Seattle,US,2026-06-13 04:37:59
2026-06-13,Legal,SummitBriefApp,(506) 540-4870,contact@summitbriefapp.net,https://www.summitbriefapp.net,72,Singapore,SG,2026-06-13 04:36:42
2026-06-13,ERP,Nova PlanCore,+19556854162,hello@novaplancore.com,https://www.novaplancore.com,69,Bengaluru,IN,2026-06-13 02:23:39
2026-06-13,Legal,BeaconCase Base,(433) 243-2792,info@beaconcasebase.io,https://www.beaconcasebase.io,259,Chicago,US,2026-06-13 06:28:56
2026-06-13,Legal,HaloFiling Sync,220-243-4372,info@halofilingsync.com,https://www.halofilingsync.com,19,Austin,US,2026-06-13 02:49:40
2026-06-13,MSP Platform,Halo NodePlatform,(607) 453-4089,sales@halonodeplatform.co,https://www.halonodeplatform.co,12,Austin,US,2026-06-13 05:53:59
2026-06-13,ERP,Arch ForgeLabs,+12514046525,hello@archforgelabs.net,https://www.archforgelabs.net,94,Denver,US,2026-06-13 04:18:33
2026-06-13,MSP Platform,NovaUptimeSync,882.874.8617,hello@novauptimesync.com,https://www.novauptimesync.com,93,Raleigh,US,2026-06-13 05:10:15
2026-06-13,ERP,GraniteStockCore,954-997-2298,hello@granitestockcore.com,https://granitestockcore.com,60,Tampa,US,2026-06-13 04:34:40
2026-06-13,Medical,KeystoneCare Sphere,2783523541,contact@keystonecaresphere.com,https://keystonecaresphere.com,469,Karachi,PK,2026-06-13 02:20:21
2026-06-13,Legal,Harbor ClauseBase,655-876-5727,hello@harborclausebase.io,https://www.harborclausebase.io,497,Vancouver,CA,2026-06-13 05:57:41
2026-06-13,LMS,DeltaCohort Dynamics,1-968-410-7338,sales@deltacohortdynamics.com,https://deltacohortdynamics.com,9,Atlanta,US,2026-06-13 03:29:32
2026-06-13,Legal,Clear BriefSync,(618) 815-4374,sales@clearbriefsync.com,https://www.clearbriefsync.com,78,London,UK,2026-06-13 02:40:02
2026-06-13,LMS,RavenTutorSystems,762.477.8537,contact@raventutorsystems.io,https://www.raventutorsystems.io,7,Denver,US,2026-06-13 01:54:34
2026-06-13,ERP,Zen Ops Consulting Group,+1 (681) 550-1026,contact@zenopsconsultinggroup.com,zenopsconsultinggroup.com,31,Columbus,US,2026-06-13 05:26:05
2026-06-13,ERP,IndigoChain Tech,1-507-410-2532,hello@indigochaintech.com,https://www.indigochaintech.com,2012,Chicago,US,2026-06-13 03:56:29
2026-06-13,HR,Iron CultureSolutions,+17594527727,contact@ironculturesolutions.io,https://ironculturesolutions.io,42,Munich,DE,2026-06-13 03:13:58
2026-06-13,MSP Platform,XenonNet Works,(677) 744-6968,sales@xenonnetworks.com,https://www.xenonnetworks.com,113,Bengaluru,IN,2026-06-13 06:00:47
2026-06-13,HR,Blue Culture Consulting Group,(213) 467-2162,sales@bluecultureconsultinggroup.com,https://www.bluecultureconsultinggroup.com,579,Phoenix,US,2026-06-13 05:07:10
2026-06-13,ERP,ArchOps Desk,(413) 885-0179,-,https://archopsdesk.com,476,Atlanta,US,2026-06-13 03:23:16
2026-06-13,HR,CrownPayroll Soft,(678) 972-7899,hello@crownpayrollsoft.net,https://crownpayrollsoft.net,16,Leeds,UK,2026-06-13 05:39:55
2026-06-13,HR,Core PeopleSystems,(550) 786-5561,hello@corepeoplesystems.com,https://www.corepeoplesystems.com,801,Austin,US,2026-06-13 04:17:35
2026-06-13,ERP,WillowResourceWorks,(866) 783-6206,info@willowresourceworks.com,willowresourceworks.com,15,Singapore,SG,2026-06-13 03:05:52
2026-06-13,HR,EmberShift Solutions,914-786-4264,hello@embershiftsolutions.io,embershiftsolutions.io,36,Columbus,US,2026-06-13 06:26:07
2026-06-13,Legal,Keystone FilingPoint,+1 (751) 331-7482,contact@keystonefilingpoint.com,https://www.keystonefilingpoint.com,134,Bengaluru,IN,2026-06-13 03:10:47
2026-06-13,Medical,TrueCare Systems,(783) 651-7684,info@truecaresystems.com,https://www.truecaresystems.com,100,Manchester,UK,2026-06-13 04:04:56
2026-06-13,LMS,Vista PathApp,225-654-7416,info@vistapathapp.net,https://vistapathapp.net,74,Manchester,UK,2026-06-13 01:58:48
2026-06-13,HR,ZephyrPayrollHub,+1 (822) 374-7245,sales@zephyrpayrollhub.co,https://www.zephyrpayrollhub.co,175,Vancouver,CA,2026-06-13 03:30:06
2026-06-13,Legal,QuartzCounsel Dynamics,524-621-9460,info@quartzcounseldynamics.com,https://www.quartzcounseldynamics.com,263,Atlanta,US,2026-06-13 02:51:38
2026-06-13,ERP,CoreOrderDesk,972-734-5930,contact@coreorderdesk.com,https://coreorderdesk.com,13,Melbourne,AU,2026-06-13 04:18:47
2026-06-13,ERP,Xenon FinDesk,664.376.7835,hello@xenonfindesk.com,https://www.xenonfindesk.com,20,Lahore,PK,2026-06-13 03:40:34
2026-06-13,ERP,Beacon ResourcePoint,1-569-507-3352,info@beaconresourcepoint.net,https://www.beaconresourcepoint.net,105,Denver,US,2026-06-13 03:59:59
2026-06-13,Medical,GoldenCareFlow,+12355610633,contact@goldencareflow.com,https://www.goldencareflow.com,41,Denver,US,2026-06-13 03:02:03
2026-06-13,Legal,CobaltCase Point,+1 (745) 392-5585,info@cobaltcasepoint.com,https://www.cobaltcasepoint.com,214,Hyderabad,IN,2026-06-13 02:13:32
2026-06-13,HR,ApexPeople Systems,(739) 456-0145,sales@apexpeoplesystems.com,https://www.apexpeoplesystems.com,11,Boston,US,2026-06-13 05:14:08
2026-06-13,Legal,PolarisClauseDynamics,880.999.8520,info@polarisclausedynamics.com,https://www.polarisclausedynamics.com,738,Columbus,US,2026-06-13 02:39:21
2026-06-13,ERP,Meta ResourceBase,+16475540153,contact@metaresourcebase.io,https://metaresourcebase.io,10,Seattle,US,2026-06-13 06:47:06
2026-06-13,ERP,DeltaChainLabs,474.493.2420,contact@deltachainlabs.com,https://www.deltachainlabs.com,450,Seattle,US,2026-06-13 04:58:31
2026-06-13,Medical,Tidal RxHub,(694) 206-1001,contact@tidalrxhub.io,https://tidalrxhub.io,4833,Melbourne,AU,2026-06-13 04:25:03
2026-06-13,Medical,Ridge TriageSphere,+12737854817,sales@ridgetriagesphere.com,https://ridgetriagesphere.com,4678,Sydney,AU,2026-06-13 03:10:36
2026-06-13,Legal,Alta VerdictHub,910-437-9120,contact@altaverdicthub.com,https://www.altaverdicthub.com,14,Islamabad,PK,2026-06-13 05:01:19
2026-06-13,LMS,ClearTrain Cloud,+12308928904,contact@cleartraincloud.com,https://www.cleartraincloud.com,90,Leeds,UK,2026-06-13 06:42:55
2026-06-13,HR,Ridgé RosterHub,749.738.9999,sales@ridgerosterhub.com,https://www.ridgerosterhub.com,16,Melbourne,AU,2026-06-13 06:42:56
2026-06-13,LMS,SolidShift Base,468-780-2908,hello@solidshiftbase.com,https://solidshiftbase.com,69,Manchester,UK,2026-06-13 04:59:03
2026-06-13,ERP,XenonChainSoft,3026782882,info@xenonchainsoft.com,https://www.xenonchainsoft.com,316,Denver,US,2026-06-13 02:26:06
2026-06-13,HR,SummitTeamDynamics,(222) 745-8700,contact@summitteamdynamics.io,https://www.summitteamdynamics.io,82,Atlanta,US,2026-06-13 04:24:26
2026-06-13,ERP,Delta ChainSuite,(626) 347-3375,sales@deltachainsuite.com,https://deltachainsuite.com,475,Boston,US,2026-06-13 05:53:43
2026-06-13,Legal,Delta’s CounselTech,3287169728,hello@deltacounseltech.com,deltacounseltech.com,22,Atlanta,US,2026-06-13 01:18:36
2026-06-13,Medical,GoldenChartTech,06586861801,hello@goldencharttech.co,goldencharttech.co,75,Boston,US,2026-06-13 06:10:04
2026-06-13,Medical,Bright PulseFlow,733-961-9518,sales@brightpulseflow.com,https://brightpulseflow.com,81,Atlanta,US,2026-06-13 01:49:20
2026-06-13,ERP,FalconOrder Solutions,1-265-239-6863 ext. 58,hello@falconordersolutions.com,https://www.falconordersolutions.com,322,Amsterdam,NL,2026-06-13 02:42:59
2026-06-13,MSP Platform,VertexStackBase,1-408-651-1761,info@vertexstackbase.io,https://www.vertexstackbase.io,9,null,US,2026-06-13 04:27:47
2026-06-13,ERP,Lumen FinSphere,244.255.3305 ext. 82,hello@lumenfinsphere.co,https://www.lumenfinsphere.co,35,Boston,US,2026-06-13 02:56:34
2026-06-13,Legal,AtlasCase Hub,(538) 426-0943,info@atlascasehub.co,https://www.atlascasehub.co,826,Dublin,IE,2026-06-13 02:46:12
2026-06-13,ERP,ZenChain Desk,(607) 774-5047,info@zenchaindesk.com,https://zenchaindesk.com,30,Tampa,US,2026-06-13 06:27:58
2026-06-13,ERP,MosaicForge Solutions,(477) 412-6967,hello@mosaicforgesolutions.com,https://www.mosaicforgesolutions.com,40,Manchester,UK,2026-06-13 05:37:59
2026-06-13,ERP,BlueChain Logic,637-605-9302,sales@bluechainlogic.com,https://bluechainlogic.com,297,Tampa,US,2026-06-13 01:34:09
2026-06-13,Legal,Arch CounselLogic,3263108894,sales@archcounsellogic.net,https://www.archcounsellogic.net,400,Chicago,US,2026-06-13 01:24:28
2026-06-13,Legal,Harbor ClauseSphere,913.565.0677,info@harborclausesphere.com,https://harborclausesphere.com,46,Seattle,US,2026-06-13 01:19:31
2026-06-13,Medical,RidgePulseSoft,657-973-2121,contact@ridgepulsesoft.com,https://ridgepulsesoft.com,128,Austin,US,2026-06-13 02:46:12
2026-06-13,ERP,RidgewayPlan Solutions,8454801322,hello@ridgewayplansolutions.co,https://ridgewayplansolutions.co,9,London,UK,2026-06-13 06:04:57
2026-06-13,MSP Platform,Bright TicketCloud,385-534-1030,info@brightticketcloud.com,https://www.brightticketcloud.com,2142,Columbus,US,2026-06-13 02:51:17
2026-06-13,MSP Platform,RapidStackHub,206.665.3343 ext. 22,info@rapidstackhub.com,https://rapidstackhub.com,22,London,UK,2026-06-13 03:12:45
2026-06-13,ERP,EmberFinBase,(487) 341-4916,contact@emberfinbase.io,https://emberfinbase.io,972,London,UK,2026-06-13 03:19:14
2026-06-13,Medical,Crest HealthSphere,1-786-246-6202,sales@cresthealthsphere.com,https://cresthealthsphere.com,147,Toronto,CA,2026-06-13 03:27:22
2026-06-13,ERP,HaloBatch Flow,(488) 502-0362,sales@halobatchflow.co,https://halobatchflow.co,42,null,US,2026-06-13 05:10:19
2026-06-13,Medical,Core TriageSuite,(905) 667-5500,sales@coretriagesuite.co,https://www.coretriagesuite.co,1368,Manchester,UK,2026-06-13 06:35:19
2026-06-13,Medical,SolidVitalSystems,549.768.9281,info@solidvitalsystems.com,https://www.solidvitalsystems.com,11,Tampa,US,2026-06-13 06:41:49
2026-06-13,Medical,BlueChartCloud,8537304030,sales@bluechartcloud.co,https://bluechartcloud.co,22,Atlanta,US,2026-06-13 03:18:06
2026-06-13,Legal,IronVerdictLogic,(571) 525-8917,sales@ironverdictlogic.com,ironverdictlogic.com,29,Boston,US,2026-06-13 04:35:21
2026-06-13,HR,Blue PerformSphere,3007527406,sales@blueperformsphere.com,https://www.blueperformsphere.com,2971,Phoenix,US,2026-06-13 06:20:44
2026-06-13,ERP,RidgeChainSync,1-433-626-2436,hello@ridgechainsync.io,https://www.ridgechainsync.io,235,Toronto,CA,2026-06-13 06:23:22
2026-06-13,Legal,IronBriefFlow,500-669-3995,info@ironbriefflow.io,ironbriefflow.io,3030,Manchester,UK,2026-06-13 04:50:39
2026-06-13,ERP,AnchorPlan Tech,429.568.2080,contact@anchorplantech.com,https://www.anchorplantech.com,863,Boston,US,2026-06-13 05:27:55
2026-06-13,HR,ArchBenefitHub,+16804630251,info@archbenefithub.com,https://www.archbenefithub.com,437,Leeds,UK,2026-06-13 05:37:25
2026-06-13,MSP Platform,RavenUptime Dynamics,363.255.0435,sales@ravenuptimedynamics.com,ravenuptimedynamics.com,59,Raleigh,US,2026-06-13 01:40:42
2026-06-13,Medical,Rapid MedWorks,616-755-1794,sales@rapidmedworks.io,https://www.rapidmedworks.io,48,Melbourne,AU,2026-06-13 04:12:04
2026-06-13,HR,AltaCultureWorks,(736) 490-8040,info@altacultureworks.io,https://www.altacultureworks.io,95,Tampa,US,2026-06-13 03:50:54
2026-06-13,HR,BeaconBenefit Desk,8609405622,info@beaconbenefitdesk.io,https://www.beaconbenefitdesk.io,21,Phoenix,US,2026-06-13 04:16:33
2026-06-13,ERP,GoldenOpsDynamics,1-368-558-7115,contact@goldenopsdynamics.net,goldenopsdynamics.net,424,Austin,US,2026-06-13 05:14:21
2026-06-13,MSP Platform,Rapid EndpointSphere,7762555620,info@rapidendpointsphere.com,https://rapidendpointsphere.com,235,Berlin,DE,2026-06-13 05:38:28
2026-06-13,HR,Zen PeopleHub,(713) 539-1836,contact@zenpeoplehub.co,https://zenpeoplehub.co,35,Atlanta,US,2026-06-13 05:27:15
2026-06-13,Legal,Iron BriefCore,269.394.4610,hello@ironbriefcore.co,https://ironbriefcore.co,247,Chicago,US,2026-06-13 04:42:44
2026-06-13,ERP,RapidForgeTech,1-435-313-4729,contact@rapidforgetech.io,https://rapidforgetech.io,13,Denver,US,2026-06-13 05:52:06
2026-06-13,Legal,Quartz DocketLogic,871.276.6783,sales@quartzdocketlogic.net,https://www.quartzdocketlogic.net,27,Raleigh,US,2026-06-13 04:33:50
2026-06-13,ERP,LumenStockHub,+19333486054,contact@lumenstockhub.com,https://www.lumenstockhub.com,463,Denver,US,2026-06-13 02:28:45
2026-06-13,HR,Cobalt TeamSoft,497.391.9882,hello@cobaltteamsoft.com,https://cobaltteamsoft.com,16,Columbus,US,2026-06-13 03:10:45
2026-06-13,LMS,QuantumMentor Platform,839-246-8105,info@quantummentorplatform.com,https://quantummentorplatform.com,349,London,UK,2026-06-13 05:45:04
2026-06-13,Medical,JuniperHealthHub,1-846-990-1487 ext. 97,info@juniperhealthhub.com,juniperhealthhub.com,19,Raleigh,US,2026-06-13 05:38:58
2026-06-13,ERP,NimbusResource Dynamics,(896) 437-9802,info@nimbusresourcedynamics.io,https://www.nimbusresourcedynamics.io,41,Toronto,CA,2026-06-13 05:30:57
2026-06-13,Medical,BlueCare Systems,791.220.8538,hello@bluecaresystems.com,https://bluecaresystems.com,179,Leeds,UK,2026-06-13 05:34:00
2026-06-13,ERP,NimbusOpsCloud,+15645811827,info@nimbusopscloud.com,https://www.nimbusopscloud.com,10,Calgary,CA,2026-06-13 03:09:14
2026-06-13,LMS,VertexCourseHub,+13856066753,sales@vertexcoursehub.io,https://vertexcoursehub.io,291,Toronto,CA,2026-06-13 06:50:06
2026-06-13,ERP,RidgePlan Cloud,981-691-4512,hello@ridgeplancloud.com,https://www.ridgeplancloud.com,19,Denver,US,2026-06-13 06:52:03
2026-06-13,ERP,CedarFin Works,564-930-5403,info@cedarfinworks.com,https://cedarfinworks.com,114,Dublin,IE,2026-06-13 03:56:30
2026-06-13,HR,Quantum PeopleSphere,4497283964,hello@quantumpeoplesphere.io,https://www.quantumpeoplesphere.io,9,Phoenix,US,2026-06-13 01:11:08
2026-06-13,HR,RidgeOnboardHub,+19555430414,info@ridgeonboardhub.com,https://www.ridgeonboardhub.com,156,Chicago,US,2026-06-13 03:03:06
2026-06-13,ERP,LumenForge Base,9084391975,info@lumenforgebase.com,https://www.lumenforgebase.com,934,London,UK,2026-06-13 01:26:55
2026-06-13,ERP,TrueChainSync,(915) 825-2253,sales@truechainsync.com,https://truechainsync.com,29,Austin,US,2026-06-13 06:26:31
2026-06-13,Medical,Tidal’s ClinicPlatform,(412) 237-1564 ext. 6,contact@tidalclinicplatform.io,https://www.tidalclinicplatform.io,63,Leeds,UK,2026-06-13 04:49:03
2026-06-13,MSP Platform,Crest MonitorSoft,+1 (836) 364-3224,sales@crestmonitorsoft.com,crestmonitorsoft.com,114,Manchester,UK,2026-06-13 02:12:26
2026-06-13,MSP Platform,ApexEndpointSolutions,+14528075689,hello@apexendpointsolutions.co,https://www.apexendpointsolutions.co,125,Columbus,US,2026-06-13 01:39:55
2026-06-13,HR,GoldenTalentTech,5247740082,sales@goldentalenttech.com,https://www.goldentalenttech.com,19,Seattle,US,2026-06-13 06:29:57
2026-06-13,HR,OmniPeoplePoint,+13134794929 ext. 18,N/A,omnipeoplepoint.io,331,Munich,DE,2026-06-13 06:29:25
2026-06-13,ERP,NimbusPlanLabs,853.284.5188,info@nimbusplanlabs.io,https://www.nimbusplanlabs.io,14,Chicago,US,2026-06-13 01:44:25
2026-06-13,LMS,NimbusTutorWorks,+1 (239) 813-0305,hello@nimbustutorworks.co,https://www.nimbustutorworks.co,45,London,UK,2026-06-13 01:07:49
2026-06-13,Medical,PolarisVitalDesk,824.323.1320,info@polarisvitaldesk.com,https://www.polarisvitaldesk.com,229,Hyderabad,IN,2026-06-13 03:05:26
2026-06-13,ERP,PrimeOrder Hub,4816498856,contact@primeorderhub.io,https://primeorderhub.io,496,Amsterdam,NL,2026-06-13 01:31:28
2026-06-13,Medical,NovaPatient Sphere,6134177322,info@novapatientsphere.com,https://www.novapatientsphere.com,98,Tampa,US,2026-06-13 06:35:37
2026-06-13,Medical,IronHealthSphere,(420) 821-5913,info@ironhealthsphere.com,https://www.ironhealthsphere.com,8,N/A,PK,2026-06-13 05:11:09
2026-06-13,LMS,PrimeQuiz Core,424.794.5103,sales@primequizcore.com,https://primequizcore.com,506,Austin,US,2026-06-13 02:40:10
2026-06-13,ERP,Willow BatchTech,6343216927,hello@willowbatchtech.com,https://willowbatchtech.com,191,Denver,US,2026-06-13 05:12:13
2026-06-13,Medical,KeystoneMedSuite,(748) 819-6551,info@keystonemedsuite.io,https://www.keystonemedsuite.io,968,Chicago,US,2026-06-13 01:29:50
2026-06-13,MSP Platform,Bold StackSuite,(322) 285-5449,sales@boldstacksuite.com,https://www.boldstacksuite.com,941,N/A,US,2026-06-13 02:55:48
2026-06-13,Medical,Raven Clinic Outsourcing,6258032148,contact@ravenclinicoutsourcing.com,https://ravenclinicoutsourcing.com,4531,Dublin,IE,2026-06-13 06:39:31
2026-06-13,Medical,HarborClinic Platform,06307925466,contact@harborclinicplatform.com,harborclinicplatform.com,N/A,Austin,US,2026-06-13 02:03:00
2026-06-13,Medical,SilverTriage Hub,1-630-502-5176 ext. 89,info@silvertriagehub.com,https://silvertriagehub.com,44,Sydney,AU,2026-06-13 05:09:11
2026-06-13,Legal,ZephyrClause Works,(276) 859-9850 ext. 86,sales@zephyrclauseworks.com,https://www.zephyrclauseworks.com,5,Columbus,US,2026-06-13 05:02:55
2026-06-13,MSP Platform,PolarisPatch’s Hub,1-270-387-6771 ext. 82,sales@polarispatchhub.net,https://www.polarispatchhub.net,12,London,UK,2026-06-13 01:10:02
2026-06-13,ERP,QuartzStock Core,525-519-9896,sales@quartzstockcore.net,https://quartzstockcore.net,203,Munich,DE,2026-06-13 05:24:10
2026-06-13,Medical,PivotRx Tech,+1 (751) 832-1802,sales@pivotrxtech.net,https://www.pivotrxtech.net,473,Munich,DE,2026-06-13 06:20:27
2026-06-13,MSP Platform,AnchorMonitorApp,714-238-5154,sales@anchormonitorapp.net,https://www.anchormonitorapp.net,68,Bengaluru,IN,2026-06-13 04:50:29
2026-06-13,Legal,Lumén LawCore,1-905-277-4601,info@lumenlawcore.io,https://www.lumenlawcore.io,10,Raleigh,US,2026-06-13 01:14:05
2026-06-13,Medical,HarborChart’s Dynamics,960.317.6902,contact@harborchartdynamics.io,https://harborchartdynamics.io,312,Berlin,DE,2026-06-13 06:50:22
2026-06-13,Legal,Silver DocketLogic,1-641-539-0777,hello@silverdocketlogic.com,https://www.silverdocketlogic.com,1225,Melbourne,AU,2026-06-13 05:07:37
2026-06-13,HR,EmberPayroll Point,+13805749343,hello@emberpayrollpoint.io,https://www.emberpayrollpoint.io,49,Phoenix,US,2026-06-13 05:34:47
2026-06-13,MSP Platform,ClearTicket Desk,(268) 482-4775,hello@clearticketdesk.net,https://www.clearticketdesk.net,157,Phoenix,US,2026-06-13 01:29:37
2026-06-13,ERP,BeaconFin Works,857-524-3837,contact@beaconfinworks.co,https://www.beaconfinworks.co,31,Atlanta,US,2026-06-13 01:54:11
2026-06-13,ERP,Rapid ChainTech,876-336-2431,hello@rapidchaintech.com,https://rapidchaintech.com,944,Tampa,US,2026-06-13 03:14:21
2026-06-13,Medical,Clear PulseHub,1-412-557-8298,contact@clearpulsehub.com,https://clearpulsehub.com,4496,Boston,US,2026-06-13 04:52:20
2026-06-13,Legal,RidgeCase Logic,05346646758,sales@ridgecaselogic.com,https://www.ridgecaselogic.com,77,Atlanta,US,2026-06-13 03:24:21
2026-06-13,Medical,UmbraVitalCore,1-340-476-6410,contact@umbravitalcore.com,https://www.umbravitalcore.com,73,Denver,US,2026-06-13 02:50:24
2026-06-13,Medical,Rapid ChartPoint,+14007079260 ext. 34,contact@rapidchartpoint.com,https://rapidchartpoint.com,22,Phoenix,US,2026-06-13 04:26:47
2026-06-13,MSP Platform,PioneerEndpoint Sync,+1 (394) 362-7499,hello@pioneerendpointsync.com,pioneerendpointsync.com,70,Dublin,IE,2026-06-13 06:19:48
2026-06-13,ERP,PrimeChainFlow,(434) 997-9873,info@primechainflow.com,https://www.primechainflow.com,297,Boston,US,2026-06-13 04:30:42
2026-06-13,Medical,SilverPatient Hub,(879) 445-2834,info@silverpatienthub.com,https://silverpatienthub.com,36,Melbourne,AU,2026-06-13 02:14:03
2026-06-13,ERP,ApexBatch Sphere,519.741.8898,sales@apexbatchsphere.co,https://apexbatchsphere.co,631,Phoenix,US,2026-06-13 01:46:16
2026-06-13,ERP,Bold ForgeWorks,(573) 627-5630,info@boldforgeworks.net,https://boldforgeworks.net,11,London,UK,2026-06-13 03:07:48
2026-06-13,Medical,Lumen VitalSuite,815.915.0056,hello@lumenvitalsuite.com,https://www.lumenvitalsuite.com,7,Boston,US,2026-06-13 04:03:45
2026-06-13,ERP,IronBatchSphere,(367) 834-6874,hello@ironbatchsphere.com,ironbatchsphere.com,880,Tampa,US,2026-06-13 06:31:12
2026-06-13,LMS,TidalSkill Soft,218-583-3963,contact@tidalskillsoft.co,https://www.tidalskillsoft.co,26,Austin,US,2026-06-13 03:47:35
2026-06-13,Medical,QuantumVitalCloud,477-369-6267,hello@quantumvitalcloud.com,https://www.quantumvitalcloud.com,6,Seattle,US,2026-06-13 01:44:27
2026-06-13,Medical,IronVitalWorks,+17434180142,contact@ironvitalworks.com,https://ironvitalworks.com,477,Phoenix,US,2026-06-13 03:23:36
2026-06-13,MSP Platform,ArchPatch Point,9745252345,contact@archpatchpoint.com,https://archpatchpoint.com,465,Raleigh,US,2026-06-13 04:16:09
2026-06-13,ERP,Lumen ChainSoft,738.757.9527,contact@lumenchainsoft.net,https://www.lumenchainsoft.net,1365,Chicago,US,2026-06-13 01:32:56
2026-06-13,Medical,Blue ClinicSuite,695-959-1319,info@blueclinicsuite.com,blueclinicsuite.com,20,Raleigh,US,2026-06-13 03:40:10
2026-06-13,LMS,Harbor CourseSystems,+1 (652) 735-6527,sales@harborcoursesystems.co,https://www.harborcoursesystems.co,19,Sydney,AU,2026-06-13 01:33:22
2026-06-13,MSP Platform,RidgeMonitorLogic,921-809-6585,hello@ridgemonitorlogic.com,https://ridgemonitorlogic.com,893,Phoenix,US,2026-06-13 06:03:51
2026-06-13,Medical,Vista HealthSphere,(556) 654-4004,-,https://www.vistahealthsphere.co,883,Berlin,DE,2026-06-13 05:08:38
2026-06-13,ERP,Quartz ChainCloud,+1 (619) 569-7114,contact@quartzchaincloud.io,https://www.quartzchaincloud.io,143,Dublin,IE,2026-06-13 04:43:21
2026-06-13,HR,Delta RosterCloud,855-899-8038,hello@deltarostercloud.com,https://deltarostercloud.com,184,Lahore,PK,2026-06-13 06:53:07
2026-06-13,Medical,HarborMed Tech,+17612297101,info@harbormedtech.com,https://www.harbormedtech.com,44,Atlanta,US,2026-06-13 06:16:37
2026-06-13,HR,Sable CultureWorks,(606) 709-7760,hello@sablecultureworks.io,https://www.sablecultureworks.io,35,Boston,US,2026-06-13 02:19:19
2026-06-13,ERP,FalconForgePlatform,(920) 329-0065,info@falconforgeplatform.io,https://www.falconforgeplatform.io,112,Atlanta,US,2026-06-13 02:16:58
2026-06-13,Legal,NorthLaw Systems,(783) 595-1129,info@northlawsystems.com,https://northlawsystems.com,42,Lahore,PK,2026-06-13 01:26:18
2026-06-13,Medical,MetaRxDynamics,1-831-809-7869,null,metarxdynamics.com,142,Chicago,US,2026-06-13 03:59:00
2026-06-13,Medical,BlueMedFlow,235-557-1010,info@bluemedflow.com,https://bluemedflow.com,95,Toronto,CA,2026-06-13 05:42:21
2026-06-13,MSP Platform,XenonNodeTech,(673) 781-2733,sales@xenonnodetech.com,https://www.xenonnodetech.com,4159,Karachi,PK,2026-06-13 01:26:56
2026-06-13,ERP,ArchOpsHub,(766) 728-0069 ext. 26,sales@archopshub.com,https://www.archopshub.com,12,Tampa,US,2026-06-13 06:46:32
2026-06-13,Legal,Fusion CompliLabs,(932) 266-2946,contact@fusioncomplilabs.com,fusioncomplilabs.com,29,Columbus,US,2026-06-13 06:54:09
2026-06-13,HR,Golden CulturePoint,8876693981,sales@goldenculturepoint.com,goldenculturepoint.com,51,Boston,US,2026-06-13 06:12:02
2026-06-13,Medical,Nimbus ChainLogic,(728) 997-9528,hello@nimbuschainlogic.io,https://nimbuschainlogic.io,2332,Chicago,US,2026-06-13 02:06:12
2026-06-13,ERP,VeloBatch Sync,1-522-522-6890,contact@velobatchsync.com,https://www.velobatchsync.com,58,Seattle,US,2026-06-13 04:11:41
2026-06-13,ERP,SilverBatch Sync,1-910-363-6038,contact@silverbatchsync.com,https://www.silverbatchsync.com,270,Singapore,SG,2026-06-13 01:05:56
2026-06-13,ERP,IndigoChain Sync,+1 (444) 428-3193,sales@indigochainsync.com,https://www.indigochainsync.com,40,Manchester,UK,2026-06-13 02:52:08
2026-06-13,MSP Platform,PioneerTicketFlow,9876151412,hello@pioneerticketflow.com,https://www.pioneerticketflow.com,21,Bengaluru,IN,2026-06-13 04:11:00
2026-06-13,ERP,MosaicOps Sphere,789-649-3607,sales@mosaicopssphere.com,https://mosaicopssphere.com,144,Hyderabad,IN,2026-06-13 03:15:42
2026-06-13,HR,VeloPerform Logic,(585) 916-8371,sales@veloperformlogic.net,https://veloperformlogic.net,38,Boston,US,2026-06-13 01:04:07
2026-06-13,ERP,GoldenLedgerLogic,1-834-585-7962,hello@goldenledgerlogic.com,https://www.goldenledgerlogic.com,47,Columbus,US,2026-06-13 05:49:58
2026-06-13,HR,SilverOnboard App,+1 (347) 676-4218,sales@silveronboardapp.com,https://silveronboardapp.com,-,Raleigh,US,2026-06-13 06:53:43
2026-06-13,ERP,Ember StockSphere,846.261.0725,sales@emberstocksphere.net,https://www.emberstocksphere.net,20,Phoenix,US,2026-06-13 04:34:11
2026-06-13,Medical,Pivot VitalLogic,324.629.9939,sales@pivotvitallogic.io,https://www.pivotvitallogic.io,35,Seattle,US,2026-06-13 05:17:01
2026-06-13,ERP,SolidFin Works,04119485123,-,https://www.solidfinworks.com,81,Leeds,UK,2026-06-13 04:58:24
2026-06-13,ERP,CedarLedgerWorks,(635) 521-9791,sales@cedarledgerworks.co,https://cedarledgerworks.co,2233,Tampa,US,2026-06-13 01:04:00
2026-06-13,ERP,OmniFin Logic,+17319614558,contact@omnifinlogic.io,https://omnifinlogic.io,50,Manchester,UK,2026-06-13 05:04:55
2026-06-13,ERP,FusionPlan Hub,(884) 705-5203,info@fusionplanhub.com,https://fusionplanhub.com,439,Amsterdam,NL,2026-06-13 04:34:16
2026-06-13,MSP Platform,BoldGrid Sphere,657-489-0679,sales@boldgridsphere.com,https://www.boldgridsphere.com,405,Melbourne,AU,2026-06-13 05:08:05
2026-06-13,MSP Platform,NimbusGridSync,+19022679133,contact@nimbusgridsync.io,https://www.nimbusgridsync.io,50,Sydney,AU,2026-06-13 04:18:22
2026-06-13,LMS,NorthMentorLogic,+15852922037,contact@northmentorlogic.com,https://www.northmentorlogic.com,48,Denver,US,2026-06-13 04:02:47
2026-06-13,HR,BeaconShiftFlow,1-708-856-3706,sales@beaconshiftflow.com,https://www.beaconshiftflow.com,47,Columbus,US,2026-06-13 06:55:13
2026-06-13,Legal,MosaicVerdictSphere,+1 (586) 505-9867,contact@mosaicverdictsphere.io,https://www.mosaicverdictsphere.io,45,Phoenix,US,2026-06-13 02:50:28
2026-06-13,Legal,Sable MatterHub,+15774455933,contact@sablematterhub.com,https://www.sablematterhub.com,342,Raleigh,US,2026-06-13 03:41:34
2026-06-13,Legal,Lumen LawLabs,+1 (697) 344-8579,hello@lumenlawlabs.com,https://www.lumenlawlabs.com,,Columbus,US,2026-06-13 04:23:34
2026-06-13,ERP,SableLedgerSphere,533-415-8753,sales@sableledgersphere.com,https://www.sableledgersphere.com,32,Austin,US,2026-06-13 06:32:03
2026-06-13,HR,DeltaPeople Soft,+17133284010,contact@deltapeoplesoft.com,https://www.deltapeoplesoft.com,107,Raleigh,US,2026-06-13 04:57:37
2026-06-13,ERP,Golden ResourceCloud,1-295-568-3319,contact@goldenresourcecloud.co,https://goldenresourcecloud.co,6,Sydney,AU,2026-06-13 01:49:13
2026-06-13,HR,VertexBenefit Desk,833-330-2535,hello@vertexbenefitdesk.com,https://www.vertexbenefitdesk.com,700,Seattle,US,2026-06-13 03:42:13
2026-06-13,ERP,TidalPlanPlatform,1-845-539-0491,hello@tidalplanplatform.com,https://www.tidalplanplatform.com,9,Melbourne,AU,2026-06-13 04:10:05
2026-06-13,ERP,HarborLedger App,832.645.4173,info@harborledgerapp.io,https://www.harborledgerapp.io,2088,Raleigh,US,2026-06-13 05:44:30
2026-06-13,LMS,NovaTutorPoint,(709) 493-5326,contact@novatutorpoint.co,https://novatutorpoint.co,54,Singapore,SG,2026-06-13 02:29:23
2026-06-13,MSP Platform,Harbor NodeDynamics,+13517525687,info@harbornodedynamics.co,https://www.harbornodedynamics.co,20,Seattle,US,2026-06-13 01:26:12
2026-06-13,Legal,LumenVerdictPoint,1-388-841-7546,info@lumenverdictpoint.com,https://lumenverdictpoint.com,14,Columbus,US,2026-06-13 02:27:05
2026-06-13,HR,QuantumTalent Flow,+1 (331) 769-5992,hello@quantumtalentflow.com,https://quantumtalentflow.com,2734,Leeds,UK,2026-06-13 04:02:03
2026-06-13,HR,BoldPayroll Cloud,8908326541,info@boldpayrollcloud.com,https://www.boldpayrollcloud.com,91,null,NL,2026-06-13 04:25:47
2026-06-13,ERP,NovaForgeWorks,958-820-9467,info@novaforgeworks.com,https://www.novaforgeworks.com,-,Atlanta,US,2026-06-13 03:19:46
2026-06-13,Legal,FusionCounselHub,4544525315,hello@fusioncounselhub.com,https://fusioncounselhub.com,33,Atlanta,US,2026-06-13 03:28:48
2026-06-13,ERP,CobaltForgeSystems,891-247-6359,info@cobaltforgesystems.com,https://www.cobaltforgesystems.com,207,Atlanta,US,2026-06-13 02:40:23
2026-06-13,Legal,ApexCompli Desk,332-876-3119,sales@apexcomplidesk.io,https://apexcomplidesk.io,10,Boston,US,2026-06-13 06:53:09
2026-06-13,ERP,Summit ChainHub,+17075555361,sales@summitchainhub.com,summitchainhub.com,3465,Boston,US,2026-06-13 03:29:38
2026-06-13,ERP,Orbit LedgerBase,(907) 711-1613,hello@orbitledgerbase.io,orbitledgerbase.io,12,Denver,US,2026-06-13 02:07:49
2026-06-13,Legal,RidgeClause Solutions,+19576727916,sales@ridgeclausesolutions.com,https://www.ridgeclausesolutions.com,792,Austin,US,2026-06-13 01:23:18
2026-06-13,Medical,Core MedHub,(676) 371-1469,info@coremedhub.com,https://coremedhub.com,15,Boston,US,2026-06-13 06:55:04
2026-06-13,ERP,QuantumPlanSolutions,+1 (252) 597-5270,info@quantumplansolutions.net,quantumplansolutions.net,78,Toronto,CA,2026-06-13 03:06:47
2026-06-13,MSP Platform,Halo TicketHub,5224963405 ext. 1,info@halotickethub.com,halotickethub.com,14,Atlanta,US,2026-06-13 02:04:27
2026-06-13,ERP,SummitBatch Dynamics,+15028908829,contact@summitbatchdynamics.io,https://www.summitbatchdynamics.io,19,Chicago,US,2026-06-13 05:35:45
2026-06-13,Medical,Atlas PulseBase,259.435.9268,sales@atlaspulsebase.com,https://www.atlaspulsebase.com,367,Tampa,US,2026-06-13 03:36:01
2026-06-13,ERP,Sable LedgerHub,503-576-3813,sales@sableledgerhub.com,https://www.sableledgerhub.com,224,Phoenix,US,2026-06-13 06:08:19
2026-06-13,Legal,OmniLawDesk,+19176709005,hello@omnilawdesk.com,https://omnilawdesk.com,15,Hyderabad,IN,2026-06-13 03:04:10
2026-06-13,MSP Platform,Golden Net BPO Services,(726) 601-5514,hello@goldennetbposervices.net,https://goldennetbposervices.net,56,Berlin,DE,2026-06-13 02:24:33
2026-06-13,ERP,JuniperOps Dynamics,248-433-6812,contact@juniperopsdynamics.co,https://juniperopsdynamics.co,47,Denver,US,2026-06-13 01:38:47
2026-06-13,Medical,IronChartSystems,7689299005,info@ironchartsystems.com,https://www.ironchartsystems.com,59,Amsterdam,NL,2026-06-13 03:17:31
2026-06-13,HR,Golden OnboardSoft,+18534481136,sales@goldenonboardsoft.com,goldenonboardsoft.com,4300,Atlanta,US,2026-06-13 01:15:02
2026-06-13,Medical,OmniCare Labs,514.831.2130,contact@omnicarelabs.com,https://www.omnicarelabs.com,438,Austin,US,2026-06-13 04:50:28
2026-06-13,MSP Platform,FusionStack Sync,723-324-8171,sales@fusionstacksync.io,https://www.fusionstacksync.io,85,Seattle,US,2026-06-13 05:50:36
2026-06-13,HR,Blue ShiftSync,+14916089948,sales@blueshiftsync.com,https://www.blueshiftsync.com,31,Tampa,US,2026-06-13 02:26:53
2026-06-13,Medical,VertexChainWorks,06028669798 ext. 71,info@vertexchainworks.com,https://vertexchainworks.com,302,Chicago,US,2026-06-13 02:17:33
2026-06-13,HR,AltaCulture Sync,570-232-4575,sales@altaculturesync.com,https://altaculturesync.com,219,Austin,US,2026-06-13 06:21:56
2026-06-13,Medical,Solid PulseDesk,6638899924,contact@solidpulsedesk.com,solidpulsedesk.com,392,Austin,US,2026-06-13 03:22:56
2026-06-13,HR,Meta TeamLabs,(302) 807-5857,info@metateamlabs.com,https://metateamlabs.com,44,Leeds,UK,2026-06-13 05:36:57
2026-06-13,Medical,IndigoHealth App,8832672802,info@indigohealthapp.io,https://www.indigohealthapp.io,,Austin,US,2026-06-13 01:11:39
2026-06-13,HR,VeloPayroll Sphere,259.980.9089,hello@velopayrollsphere.com,https://www.velopayrollsphere.com,11,Seattle,US,2026-06-13 02:45:02
2026-06-13,ERP,AltaStockSuite,377-410-0466,contact@altastocksuite.co,https://www.altastocksuite.co,1375,Hyderabad,IN,2026-06-13 01:47:14
2026-06-13,ERP,SableOrderPoint,(957) 611-9550,hello@sableorderpoint.com,sableorderpoint.com,98,Atlanta,US,2026-06-13 03:23:20
2026-06-13,Medical,ClearHealth Base,7038454906,hello@clearhealthbase.com,https://www.clearhealthbase.com,47,Austin,US,2026-06-13 01:08:24
2026-06-13,MSP Platform,MosaicGridSolutions,+12584359553,contact@mosaicgridsolutions.com,https://mosaicgridsolutions.com,32,Leeds,UK,2026-06-13 03:59:34
2026-06-13,ERP,FusionPlanSoft,(345) 549-9566,contact@fusionplansoft.com,fusionplansoft.com,21,Denver,US,2026-06-13 01:27:07
2026-06-13,MSP Platform,Nimbus MonitorWorks,(820) 210-7057,hello@nimbusmonitorworks.com,https://www.nimbusmonitorworks.com,15,Phoenix,US,2026-06-13 06:05:41
2026-06-13,Medical,Beacon HealthLogic,884.863.1725,contact@beaconhealthlogic.io,https://beaconhealthlogic.io,43,Columbus,US,2026-06-13 06:58:56
2026-06-13,Legal,FalconFiling Sphere,+1 (323) 622-3572,contact@falconfilingsphere.com,https://falconfilingsphere.com,429,Vancouver,CA,2026-06-13 02:57:01
2026-06-13,MSP Platform,ArchGrid Systems,(680) 454-0681,contact@archgridsystems.com,https://www.archgridsystems.com,60,Tampa,US,2026-06-13 03:28:43
2026-06-13,ERP,SableChain Labs,(318) 940-6683,contact@sablechainlabs.com,https://www.sablechainlabs.com,49,Denver,US,2026-06-13 01:13:51
2026-06-13,Legal,CedarCompli Logic,1-809-803-6324,contact@cedarcomplilogic.net,https://cedarcomplilogic.net,25,Seattle,US,2026-06-13 03:03:46
2026-06-13,ERP,BrightLedger Logic,+14673371998,hello@brightledgerlogic.io,https://brightledgerlogic.io,49,Columbus,US,2026-06-13 04:49:46
2026-06-13,HR,JuniperShiftCore,(441) 625-7337,sales@junipershiftcore.co,https://junipershiftcore.co,19,Boston,US,2026-06-13 02:11:05
2026-06-13,ERP,Raven FinPlatform,+14443082587,hello@ravenfinplatform.io,https://ravenfinplatform.io,89,Karachi,PK,2026-06-13 06:40:19
2026-06-13,LMS,AnchorSkillSuite,(525) 205-9045,info@anchorskillsuite.com,https://www.anchorskillsuite.com,5,Columbus,US,2026-06-13 04:33:05
2026-06-13,Legal,Bright LawBase,1-270-481-5031,hello@brightlawbase.com,https://brightlawbase.com,54,Boston,US,2026-06-13 06:41:28
2026-06-13,Legal,NimbusCompliFlow,+1 (858) 839-7489,hello@nimbuscompliflow.com,https://www.nimbuscompliflow.com,42,Tampa,US,2026-06-13 01:00:28
2026-06-13,Legal,ArchFiling Suite,4603240107 ext. 61,info@archfilingsuite.com,https://www.archfilingsuite.com,39,Chicago,US,2026-06-13 04:28:02
2026-06-13,HR,BeaconPerform Labs,1-214-493-7294,contact@beaconperformlabs.com,https://www.beaconperformlabs.com,778,Seattle,US,2026-06-13 04:50:30
2026-06-13,Medical,OmniPulse Suite,+18313014935,hello@omnipulsesuite.com,https://www.omnipulsesuite.com,13,Boston,US,2026-06-13 03:55:03
2026-06-13,Legal,GoldenVerdict Cloud,(398) 561-9252,contact@goldenverdictcloud.com,https://www.goldenverdictcloud.com,5,Chicago,US,2026-06-13 05:40:49
2026-06-13,HR,LatticePerform Platform,(728) 851-2142,info@latticeperformplatform.co,https://latticeperformplatform.co,77,Seattle,US,2026-06-13 05:46:12
2026-06-13,MSP Platform,ClearMonitorPlatform,2748192466,sales@clearmonitorplatform.com,https://www.clearmonitorplatform.com,123,Raleigh,US,2026-06-13 03:18:23
2026-06-13,Legal,NorthClauseSolutions,5138682668,hello@northclausesolutions.co,https://northclausesolutions.co,18,Phoenix,US,2026-06-13 02:54:18
2026-06-13,Medical,Golden Pulse Staffing,609-430-8485,contact@goldenpulsestaffing.io,https://www.goldenpulsestaffing.io,8,Seattle,US,2026-06-13 01:22:09
2026-06-13,MSP Platform,ZenPatchWorks Solutions LLC,2593825416,contact@zenpatchworks.com,https://www.zenpatchworks.com,12,Tampa,US,2026-06-13 05:57:28
2026-06-13,ERP,SolidPlanSolutions,1-266-569-4674,sales@solidplansolutions.com,https://www.solidplansolutions.com,321,Seattle,US,2026-06-13 02:26:21
2026-06-13,Medical,Zephyr PulsePoint,810.389.1209 ext. 19,hello@zephyrpulsepoint.io,https://www.zephyrpulsepoint.io,61,Raleigh,US,2026-06-13 05:38:59
2026-06-13,MSP Platform,DeltaUptime Systems,(334) 896-2261,sales@deltauptimesystems.com,https://www.deltauptimesystems.com,136,Denver,US,2026-06-13 04:40:59
2026-06-13,LMS,PrimeCourseLogic,576-994-6102,contact@primecourselogic.com,https://www.primecourselogic.com,13,Melbourne,AU,2026-06-13 03:47:44
2026-06-13,Legal,Quartz ClauseWorks,(340) 708-3808,hello@quartzclauseworks.io,quartzclauseworks.io,5,Denver,US,2026-06-13 04:17:01
2026-06-13,Legal,OmniCompli Dynamics,7403566051,-,https://www.omnicomplidynamics.com,51,Seattle,US,2026-06-13 04:07:59
2026-06-13,HR,UmbraShift Core,+19234088733,N/A,https://www.umbrashiftcore.com,888,Toronto,CA,2026-06-13 05:29:58
2026-06-13,ERP,SilverResource Dynamics,835-686-5269,info@silverresourcedynamics.com,https://silverresourcedynamics.com,24,Columbus,US,2026-06-13 06:56:53
2026-06-13,LMS,IndigoPath Systems,(851) 591-5182,info@indigopathsystems.io,https://indigopathsystems.io,7,Boston,US,2026-06-13 05:37:04
2026-06-13,HR,MetaShift Tech,+14209192071 ext. 72,contact@metashifttech.com,https://www.metashifttech.com,3956,Raleigh,US,2026-06-13 03:02:02
2026-06-13,Legal,TidalMatter Suite,1-425-811-0719,contact@tidalmattersuite.io,https://tidalmattersuite.io,222,Raleigh,US,2026-06-13 01:18:02
2026-06-13,HR,PionéerPayrollCloud,+16469011221,contact@pioneerpayrollcloud.co,pioneerpayrollcloud.co,46,Denver,US,2026-06-13 05:52:47
2026-06-13,HR,Atlas PayrollDynamics,(380) 459-8479,contact@atlaspayrolldynamics.com,https://www.atlaspayrolldynamics.com,160,Amsterdam,NL,2026-06-13 01:44:46
2026-06-13,HR,PolarisTeamSystems,+18255000205 ext. 10,contact@polaristeamsystems.io,https://www.polaristeamsystems.io,996,Pune,IN,2026-06-13 01:37:23
2026-06-13,Medical,VertexVitalSystems,+12827796839,contact@vertexvitalsystems.io,https://vertexvitalsystems.io,36,Sydney,AU,2026-06-13 05:12:56
2026-06-13,ERP,JuniperResourceSystems,+1 (362) 263-3478,contact@juniperresourcesystems.com,https://juniperresourcesystems.com,209,Calgary,CA,2026-06-13 06:36:00
2026-06-13,LMS,MosaicCourseSoft,751-677-0696,contact@mosaiccoursesoft.com,https://www.mosaiccoursesoft.com,189,Seattle,US,2026-06-13 03:42:16
2026-06-13,ERP,JuniperPlan App,642.621.3647,hello@juniperplanapp.net,https://www.juniperplanapp.net,48,Manchester,UK,2026-06-13 02:45:31
2026-06-13,ERP,FalconFinSystems,675-943-1539,info@falconfinsystems.co,https://www.falconfinsystems.co,-,Denver,US,2026-06-13 02:05:43
2026-06-13,HR,ZephyrCulture Point,+14845274708,contact@zephyrculturepoint.com,zephyrculturepoint.com,26,Vancouver,CA,2026-06-13 03:38:51
2026-06-13,Legal,Atlas ClauseSuite,585-433-2803,sales@atlasclausesuite.com,atlasclausesuite.com,13,Amsterdam,NL,2026-06-13 03:35:51
2026-06-13,Medical,HarborTriage Works,+13828736499,hello@harbortriageworks.com,https://www.harbortriageworks.com,324,Phoenix,US,2026-06-13 03:24:13
2026-06-13,Medical,Lattice MedDesk,(806) 586-7110,sales@latticemeddesk.io,https://www.latticemeddesk.io,40,Chicago,US,2026-06-13 02:12:47
2026-06-13,MSP Platform,HaloGrid Sync,+1 (891) 730-3540,sales@halogridsync.io,https://halogridsync.io,34,Vancouver,CA,2026-06-13 01:23:17
2026-06-13,ERP,FalconFin Solutions,1-218-569-0226 ext. 88,hello@falconfinsolutions.com,https://www.falconfinsolutions.com,16,Columbus,US,2026-06-13 01:07:12
2026-06-13,ERP,Crest StockSolutions,255.592.1631,info@creststocksolutions.com,https://www.creststocksolutions.com,,Sydney,AU,2026-06-13 06:03:14
2026-06-13,HR,DeltaTalent Sphere,1-534-928-5126,info@deltatalentsphere.io,https://www.deltatalentsphere.io,9,Vancouver,CA,2026-06-13 06:34:44
2026-06-13,HR,OmniOnboardFlow,(887) 281-8267,-,omnionboardflow.com,72,Seattle,US,2026-06-13 01:04:39
2026-06-13,HR,LatticePerform Labs,+15775997762,hello@latticeperformlabs.com,latticeperformlabs.com,7,Melbourne,AU,2026-06-13 01:59:42
2026-06-13,MSP Platform,WillowUptimeSolutions,(464) 702-2612,sales@willowuptimesolutions.net,https://willowuptimesolutions.net,53,null,AU,2026-06-13 02:34:41
2026-06-13,ERP,IronResourceCloud,(669) 298-0660 ext. 35,sales@ironresourcecloud.com,ironresourcecloud.com,469,Atlanta,US,2026-06-13 02:28:01
2026-06-13,ERP,MosaicStockDesk,(241) 835-6815,sales@mosaicstockdesk.co,https://www.mosaicstockdesk.co,137,Dublin,IE,2026-06-13 04:13:00
2026-06-13,Medical,BrightTriageCore,1-979-524-0859,sales@brighttriagecore.com,https://www.brighttriagecore.com,27,Tampa,US,2026-06-13 02:31:25
2026-06-13,Medical,OmniCare Suite,5128932233,contact@omnicaresuite.io,https://omnicaresuite.io,156,Melbourne,AU,2026-06-13 01:15:58
2026-06-13,MSP Platform,OmniNetCloud,1-474-365-6864,sales@omninetcloud.com,omninetcloud.com,601,Denver,US,2026-06-13 03:21:01
2026-06-13,HR,RidgeTalent Flow,(729) 508-9696,contact@ridgetalentflow.com,https://ridgetalentflow.com,266,Columbus,US,2026-06-13 04:51:12
2026-06-13,MSP Platform,KeystoneMonitorLogic,810-927-3494,hello@keystonemonitorlogic.io,keystonemonitorlogic.io,70,Seattle,US,2026-06-13 04:04:38
2026-06-13,Medical,FalconCare Hub,687-269-0405,contact@falconcarehub.com,https://www.falconcarehub.com,17,Leeds,UK,2026-06-13 05:09:42
2026-06-13,MSP Platform,FusionTicketBase,+17707468384,sales@fusionticketbase.net,https://fusionticketbase.net,18,Columbus,US,2026-06-13 05:53:19
2026-06-13,ERP,Nimbus ChainSync,(858) 581-0760,hello@nimbuschainsync.com,https://www.nimbuschainsync.com,184,Austin,US,2026-06-13 05:09:45
2026-06-13,HR,BoldPayrollCloud,(503) 678-9484,contact@boldpayrollcloud.com,https://www.boldpayrollcloud.com,124,Columbus,US,2026-06-13 04:04:51
2026-06-13,LMS,Iron CourseCore,+19025775244,hello@ironcoursecore.com,https://www.ironcoursecore.com,992,Berlin,DE,2026-06-13 01:21:02
2026-06-13,Medical,TrueHealthSphere,1-754-972-6701,sales@truehealthsphere.io,https://www.truehealthsphere.io,120,Manchester,UK,2026-06-13 06:51:21
2026-06-13,HR,HarborCulturePlatform,(761) 727-0084,contact@harborcultureplatform.io,https://www.harborcultureplatform.io,932,Dublin,IE,2026-06-13 04:36:48
2026-06-13,ERP,BrightBatchSync,+1 (551) 354-8812,hello@brightbatchsync.net,https://brightbatchsync.net,95,Sydney,AU,2026-06-13 03:37:03
2026-06-13,ERP,VistaOrderSuite’s,+12976185811,contact@vistaordersuite.com,https://www.vistaordersuite.com,37,Raleigh,US,2026-06-13 06:07:31
2026-06-13,Legal,WillowCompli Suite,(862) 982-0131,contact@willowcomplisuite.net,willowcomplisuite.net,89,Austin,US,2026-06-13 06:36:39
2026-06-13,MSP Platform,HarborMonitorDynamics,+1 (588) 833-1545,info@harbormonitordynamics.com,https://harbormonitordynamics.com,67,Lahore,PK,2026-06-13 06:14:07
2026-06-13,ERP,Nova OpsDesk,+16403034201,sales@novaopsdesk.com,https://novaopsdesk.com,130,Amsterdam,NL,2026-06-13 06:26:29
2026-06-13,ERP,Xenon ResourceWorks,665-340-4794,info@xenonresourceworks.co,https://xenonresourceworks.co,8,Austin,US,2026-06-13 03:13:07
2026-06-13,Legal,Falcon DocketDynamics,338-830-5068,contact@falcondocketdynamics.com,https://falcondocketdynamics.com,32,Atlanta,US,2026-06-13 01:34:58
2026-06-13,LMS,Nimbus MentorSphere,+18316822020 ext. 82,sales@nimbusmentorsphere.io,https://www.nimbusmentorsphere.io,16,Raleigh,US,2026-06-13 04:03:40
2026-06-13,HR,Willow’s TalentSync,1-942-618-4153,info@willowtalentsync.com,willowtalentsync.com,43,Boston,US,2026-06-13 01:24:27
2026-06-13,ERP,ApexOpsWorks,6082271417,info@apexopsworks.com,https://apexopsworks.com,14,Phoenix,US,2026-06-13 05:56:14
2026-06-13,HR,PrimeTalentBase,624.292.6240 ext. 3,info@primetalentbase.co,https://www.primetalentbase.co,13,Chicago,US,2026-06-13 02:19:23
2026-06-13,Medical,Cobalt PulseTech,(809) 844-2231,sales@cobaltpulsetech.net,https://www.cobaltpulsetech.net,147,Columbus,US,2026-06-13 05:21:55
2026-06-13,Legal,NimbusBrief Dynamics,(863) 644-6256,sales@nimbusbriefdynamics.com,https://nimbusbriefdynamics.com,77,Lahore,PK,2026-06-13 01:58:54
2026-06-13,Legal,VeloClinic Logic,+1 (609) 475-3660,contact@velocliniclogic.com,velocliniclogic.com,13,Manchester,UK,2026-06-13 06:27:06
2026-06-13,LMS,Bright PathFlow,08649005122,sales@brightpathflow.com,https://www.brightpathflow.com,359,Chicago,US,2026-06-13 01:05:32
2026-06-13,Medical,OmniChart Sync,633-474-4325,sales@omnichartsync.com,https://www.omnichartsync.com,16,Atlanta,US,2026-06-13 05:46:20
2026-06-13,LMS,AltaLearn Systems,430-200-8205,info@altalearnsystems.com,altalearnsystems.com,362,Tampa,US,2026-06-13 01:42:27
2026-06-13,LMS,Core Quiz Recruiting,6463712262,contact@corequizrecruiting.com,https://www.corequizrecruiting.com,474,Austin,US,2026-06-13 06:43:14
2026-06-13,MSP Platform,ZenGrid Solutions,+15562522686,contact@zengridsolutions.com,https://www.zengridsolutions.com,448,Phoenix,US,2026-06-13 03:25:56
2026-06-13,HR,CobaltOnboard Flow,+1 (892) 818-4089,info@cobaltonboardflow.com,https://www.cobaltonboardflow.com,16,London,UK,2026-06-13 01:21:02
2026-06-13,Medical,PivotHealthHub’s,573-905-1902,sales@pivothealthhub.com,https://www.pivothealthhub.com,471,Atlanta,US,2026-06-13 06:24:28
2026-06-13,Medical,EmberPatient Sync,06573576456,sales@emberpatientsync.io,https://www.emberpatientsync.io,17,Tampa,US,2026-06-13 01:51:45
2026-06-13,ERP,VeloStockCore,1-279-641-6524,info@velostockcore.com,https://velostockcore.com,636,Dublin,IE,2026-06-13 04:27:14
2026-06-13,HR,Vista PayrollSoft,+15432261906,contact@vistapayrollsoft.com,https://www.vistapayrollsoft.com,9,null,IN,2026-06-13 06:52:57
2026-06-13,Legal,NimbusClause Point,+1 (586) 804-2224,info@nimbusclausepoint.io,https://nimbusclausepoint.io,7,Hyderabad,IN,2026-06-13 06:36:44
2026-06-13,Medical,QuartzVital Logic,784-326-4095,-,https://www.quartzvitallogic.io,26,Chicago,US,2026-06-13 05:37:24
2026-06-13,Medical,NimbusHealth Soft,(688) 903-7804,contact@nimbushealthsoft.io,https://www.nimbushealthsoft.io,31,Melbourne,AU,2026-06-13 06:20:10
2026-06-13,ERP,Delta LedgerSoft,(573) 274-9013,hello@deltaledgersoft.io,deltaledgersoft.io,6,Atlanta,US,2026-06-13 05:11:45
2026-06-13,ERP,CrownLedgerSync,(905) 262-9507,hello@crownledgersync.net,https://www.crownledgersync.net,65,Sydney,AU,2026-06-13 03:04:00
2026-06-13,ERP,BeaconResourceBase,637-963-9394,info@beaconresourcebase.com,beaconresourcebase.com,98,Munich,DE,2026-06-13 03:33:10
2026-06-13,MSP Platform,ZephyrGrid App,6905905137,sales@zephyrgridapp.io,https://www.zephyrgridapp.io,65,Austin,US,2026-06-13 05:48:12
2026-06-13,ERP,Vertex OpsSolutions,380-873-2153 ext. 17,info@vertexopssolutions.co,https://www.vertexopssolutions.co,9,Lahore,PK,2026-06-13 06:06:44
2026-06-13,HR,NorthTalent’s Logic,487.600.6256,info@northtalentlogic.net,northtalentlogic.net,12,Pune,IN,2026-06-13 05:48:16
2026-06-13,Medical,NovaChartBase,(950) 228-2107,sales@novachartbase.com,novachartbase.com,45,N/A,US,2026-06-13 06:43:06
2026-06-13,LMS,QuantumCohortSync,1-905-592-2601,info@quantumcohortsync.com,https://www.quantumcohortsync.com,97,Seattle,US,2026-06-13 02:46:03
2026-06-13,MSP Platform,WillowRemoteWorks,1-478-511-4114,contact@willowremoteworks.net,https://www.willowremoteworks.net,7,Austin,US,2026-06-13 02:29:59
2026-06-13,Medical,PioneerRx Soft,+18032084302,sales@pioneerrxsoft.com,https://pioneerrxsoft.com,238,Tampa,US,2026-06-13 04:46:39
2026-06-13,MSP Platform,Golden EndpointFlow,377.525.3584,sales@goldenendpointflow.com,https://www.goldenendpointflow.com,119,Chicago,US,2026-06-13 01:24:43
2026-06-13,ERP,RidgeFinSoft,738-311-6586,contact@ridgefinsoft.com,https://www.ridgefinsoft.com,222,Sydney,AU,2026-06-13 02:02:27
2026-06-13,HR,Quartz PayrollSync,900-678-0355,contact@quartzpayrollsync.com,https://www.quartzpayrollsync.com,17,London,UK,2026-06-13 04:06:34
2026-06-13,HR,Umbra PerformSoft,(934) 303-0468,info@umbraperformsoft.com,https://www.umbraperformsoft.com,106,Chicago,US,2026-06-13 01:59:56
2026-06-13,ERP,Delta ChainDesk,633.615.6621,info@deltachaindesk.com,https://www.deltachaindesk.com,24,Singapore,SG,2026-06-13 01:01:23
2026-06-13,Medical,QuantumChart Solutions,(550) 215-1564,hello@quantumchartsolutions.com,https://www.quantumchartsolutions.com,17,Seattle,US,2026-06-13 03:49:55
2026-06-13,ERP,Bright ChainSoft,948.844.7739,contact@brightchainsoft.net,https://brightchainsoft.net,26,Denver,US,2026-06-13 02:23:24
2026-06-13,ERP,Ember PlanSystems,(313) 345-8424,sales@emberplansystems.com,emberplansystems.com,103,Tampa,US,2026-06-13 02:35:46
2026-06-13,Medical,Quantum MedCore,(481) 938-6735,sales@quantummedcore.com,https://www.quantummedcore.com,20,Atlanta,US,2026-06-13 03:58:18
2026-06-13,Medical,Mosaic ClinicFlow,541-653-5629,contact@mosaicclinicflow.com,https://mosaicclinicflow.com,163,Phoenix,US,2026-06-13 03:07:58
2026-06-13,LMS,Onyx MentorFlow,(308) 290-1796,contact@onyxmentorflow.com,https://onyxmentorflow.com,3360,Pune,IN,2026-06-13 04:44:50
2026-06-13,Legal,OnyxLaw Sync,(708) 451-0107,info@onyxlawsync.com,onyxlawsync.com,229,Columbus,US,2026-06-13 04:24:23
2026-06-13,Medical,OmniVitalSolutions,+14446494373,contact@omnivitalsolutions.co,https://www.omnivitalsolutions.co,9,Melbourne,AU,2026-06-13 05:01:34
2026-06-13,HR,Cobalt PeopleDynamics,289.921.6343,sales@cobaltpeopledynamics.com,https://cobaltpeopledynamics.com,256,Phoenix,US,2026-06-13 02:06:08
2026-06-13,Legal,IndigoLawPlatform,8813696098,info@indigolawplatform.com,https://indigolawplatform.com,16,Raleigh,US,2026-06-13 03:01:58
2026-06-13,MSP Platform,ClearMonitor Sync,1-744-842-9956,contact@clearmonitorsync.com,https://www.clearmonitorsync.com,803,Tampa,US,2026-06-13 03:54:00
2026-06-13,HR,Iron Talent Outsourcing,1-814-391-7805,contact@irontalentoutsourcing.com,https://www.irontalentoutsourcing.com,429,Vancouver,CA,2026-06-13 02:05:36
2026-06-13,Legal,True DocketApp,+15803213332,hello@truedocketapp.com,https://www.truedocketapp.com,17,Boston,US,2026-06-13 02:47:37
2026-06-13,Medical,Ember PulseDesk,2924968848,info@emberpulsedesk.com,https://www.emberpulsedesk.com,71,Phoenix,US,2026-06-13 06:07:31
2026-06-13,Medical,Ridgeway CarePlatform,+17958302201,sales@ridgewaycareplatform.com,https://ridgewaycareplatform.com,641,Austin,US,2026-06-13 03:17:16
2026-06-13,HR,LatticeTalentBase,+12418138253,info@latticetalentbase.com,https://www.latticetalentbase.com,9,Seattle,US,2026-06-13 01:51:14
2026-06-13,ERP,PivotFin Hub,(804) 830-4153,hello@pivotfinhub.io,https://www.pivotfinhub.io,13,Hyderabad,IN,2026-06-13 03:06:16
2026-06-13,HR,NorthTeam App,2463401758,hello@northteamapp.com,https://www.northteamapp.com,14,Atlanta,US,2026-06-13 03:55:54
2026-06-13,ERP,Velo ChainBase,1-879-429-2145,contact@velochainbase.net,https://velochainbase.net,486,Seattle,US,2026-06-13 02:37:39
2026-06-13,MSP Platform,DeltaMonitorSync,+1 (397) 926-0072,contact@deltamonitorsync.net,https://deltamonitorsync.net,7,Columbus,US,2026-06-13 02:42:00
2026-06-13,HR,Xenon BenefitBase,382-666-9657,,https://xenonbenefitbase.io,477,Chicago,US,2026-06-13 06:26:45
2026-06-13,HR,SilverTalent Systems,7938557485 ext. 84,contact@silvertalentsystems.com,https://silvertalentsystems.com,52,Seattle,US,2026-06-13 02:27:33
2026-06-13,ERP,BrightOpsDynamics,(664) 517-6669,hello@brightopsdynamics.com,https://www.brightopsdynamics.com,22,Leeds,UK,2026-06-13 01:50:21
2026-06-13,Legal,Lumen VerdictBase,(681) 205-5841,sales@lumenverdictbase.com,lumenverdictbase.com,405,Denver,US,2026-06-13 04:35:36
2026-06-13,ERP,SableChainWorks,9528734202,info@sablechainworks.co,sablechainworks.co,885,Phoenix,US,2026-06-13 02:10:53
2026-06-13,ERP,FalconOrder Core,896-383-7917,info@falconordercore.com,https://www.falconordercore.com,81,Singapore,SG,2026-06-13 06:03:56
2026-06-13,Legal,AltaBrief App,938.519.3796 ext. 24,contact@altabriefapp.com,https://www.altabriefapp.com,91,Toronto,CA,2026-06-13 05:51:31
2026-06-13,MSP Platform,FusionPatchSphere,(465) 281-9297,hello@fusionpatchsphere.co,https://www.fusionpatchsphere.co,-,Seattle,US,2026-06-13 02:07:05
2026-06-13,Medical,UmbraCare Platform,652-517-4806,,https://www.umbracareplatform.com,293,Dublin,IE,2026-06-13 06:45:54
2026-06-13,MSP Platform,Meta NodeSoft,490-486-5143,hello@metanodesoft.io,https://www.metanodesoft.io,19,Singapore,SG,2026-06-13 05:52:23
2026-06-13,Medical,Silver Rx Talent Agency,(920) 414-0547,contact@silverrxtalentagency.net,https://www.silverrxtalentagency.net,66,Calgary,CA,2026-06-13 02:38:58
2026-06-13,Medical,Pivot CareDynamics,808.851.7649,hello@pivotcaredynamics.io,https://pivotcaredynamics.io,168,Columbus,US,2026-06-13 03:46:39
2026-06-13,Medical,CedarHealth App,593-406-6390,contact@cedarhealthapp.com,https://cedarhealthapp.com,11,Denver,US,2026-06-13 04:46:32
2026-06-13,ERP,CrestOrderSoft,253-455-2569,sales@crestordersoft.com,https://www.crestordersoft.com,32,Phoenix,US,2026-06-13 02:19:17
2026-06-13,ERP,Orbit StockSystems,348-448-3895,sales@orbitstocksystems.com,orbitstocksystems.com,208,Denver,US,2026-06-13 03:50:26
2026-06-13,Medical,RavenPulse Flow,(508) 919-3577,sales@ravenpulseflow.io,https://ravenpulseflow.io,485,Bengaluru,IN,2026-06-13 03:21:29
2026-06-13,LMS,JuniperQuiz Dynamics,(694) 669-4595,info@juniperquizdynamics.io,https://juniperquizdynamics.io,25,Leeds,UK,2026-06-13 01:12:55
2026-06-13,Medical,EmberChartSync,+1 (981) 639-1962,contact@emberchartsync.com,https://www.emberchartsync.com,41,Melbourne,AU,2026-06-13 02:09:04
2026-06-13,Medical,Sable HealthSphere,+1 (964) 735-9277 ext. 43,hello@sablehealthsphere.com,sablehealthsphere.com,29,Karachi,PK,2026-06-13 04:40:36
2026-06-13,HR,Falcon Team Manpower Services,+17709791683,info@falconteammanpowerservices.co,https://www.falconteammanpowerservices.co,245,Raleigh,US,2026-06-13 02:26:10
2026-06-13,LMS,TidalQuiz App,(293) 530-7559,hello@tidalquizapp.io,https://tidalquizapp.io,323,Tampa,US,2026-06-13 04:37:24
2026-06-13,LMS,Anchor LessonBase,(373) 755-0555,sales@anchorlessonbase.co,https://www.anchorlessonbase.co,28,Singapore,SG,2026-06-13 03:37:30
2026-06-13,HR,RapidTeamSolutions,562.520.9256,hello@rapidteamsolutions.co,https://www.rapidteamsolutions.co,73,Boston,US,2026-06-13 01:26:48
2026-06-13,ERP,Fusion StockFlow,9344855218,info@fusionstockflow.com,fusionstockflow.com,52,Austin,US,2026-06-13 02:52:58
2026-06-13,MSP Platform,Quantum StackPlatform,657.826.8581,contact@quantumstackplatform.co,quantumstackplatform.co,19,Lahore,PK,2026-06-13 02:55:08
2026-06-13,MSP Platform,ZenTicketLabs,+15769096454 ext. 96,info@zenticketlabs.com,https://www.zenticketlabs.com,143,Boston,US,2026-06-13 01:25:48
2026-06-13,Legal,OnyxCase Sphere,5904956106,contact@onyxcasesphere.com,https://www.onyxcasesphere.com,N/A,-,UK,2026-06-13 02:46:34
2026-06-13,Medical,ApexPulseBase,1-252-798-9299,-,https://www.apexpulsebase.com,39,Calgary,CA,2026-06-13 06:55:49
2026-06-13,Medical,Granite MedPlatform,5002532003,sales@granitemedplatform.com,https://granitemedplatform.com,115,Melbourne,AU,2026-06-13 04:12:56
2026-06-13,MSP Platform,Granite NodeDesk,412.559.6418,contact@granitenodedesk.com,https://granitenodedesk.com,37,Atlanta,US,2026-06-13 03:12:29
2026-06-13,MSP Platform,BlueNodeLabs,1-205-411-0427,hello@bluenodelabs.io,https://bluenodelabs.io,28,Seattle,US,2026-06-13 06:03:50
2026-06-13,Legal,UmbraBrief’s Sync,1-414-573-6179,contact@umbrabriefsync.com,https://www.umbrabriefsync.com,29,Phoenix,US,2026-06-13 02:03:14
2026-06-13,Legal,ZephyrCompliDynamics,8704544109,info@zephyrcomplidynamics.net,https://www.zephyrcomplidynamics.net,18,Columbus,US,2026-06-13 06:24:05
2026-06-13,MSP Platform,IronNode Flow,277-901-2176,hello@ironnodeflow.com,https://www.ironnodeflow.com,49,Columbus,US,2026-06-13 05:01:13
2026-06-13,Medical,IronPatientCore,487-754-4050,hello@ironpatientcore.io,https://www.ironpatientcore.io,83,Pune,IN,2026-06-13 01:02:52
2026-06-13,ERP,Arch ForgeWorks,+1 (578) 370-0896 ext. 28,hello@archforgeworks.com,https://www.archforgeworks.com,4653,Singapore,SG,2026-06-13 06:45:56
2026-06-13,Legal,OnyxDocketDynamics,+13544351104,hello@onyxdocketdynamics.com,https://www.onyxdocketdynamics.com,351,Atlanta,US,2026-06-13 05:16:23
2026-06-13,Medical,PivotChart Tech,(544) 432-6040,info@pivotcharttech.io,https://pivotcharttech.io,681,Melbourne,AU,2026-06-13 02:42:22
2026-06-13,Medical,ClearPatientSuite,+13298233866,info@clearpatientsuite.com,https://www.clearpatientsuite.com,157,Phoenix,US,2026-06-13 05:23:30
2026-06-13,ERP,GoldenForgeDesk,(710) 451-8018,hello@goldenforgedesk.com,https://www.goldenforgedesk.com,827,Lahore,PK,2026-06-13 05:39:37
2026-06-13,Medical,RavenTriage Soft,1-801-310-6920,null,https://www.raventriagesoft.com,401,Raleigh,US,2026-06-13 04:54:00
2026-06-13,Legal,Halo BriefSolutions,+1 (482) 890-2811,sales@halobriefsolutions.com,https://halobriefsolutions.com,12,Toronto,CA,2026-06-13 06:31:57
2026-06-13,MSP Platform,BrightRemote Tech,483-398-4935,sales@brightremotetech.io,https://www.brightremotetech.io,8,Pune,IN,2026-06-13 01:19:48
2026-06-13,HR,Raven TeamSolutions,8258724986,hello@raventeamsolutions.net,https://www.raventeamsolutions.net,36,Pune,IN,2026-06-13 01:26:00
2026-06-13,MSP Platform,OnyxTicketSuite,+12368628284 ext. 16,contact@onyxticketsuite.io,https://www.onyxticketsuite.io,88,Seattle,US,2026-06-13 02:30:01
2026-06-13,Medical,Blue MedSuite,821-479-7228,contact@bluemedsuite.com,https://www.bluemedsuite.com,18,Pune,IN,2026-06-13 02:21:08
2026-06-13,Legal,UmbraCase Flow,208.595.7010 ext. 1,sales@umbracaseflow.com,https://www.umbracaseflow.com,8,Denver,US,2026-06-13 01:34:35
2026-06-13,Medical,LumenTriage Labs,1-211-235-9961 ext. 92,sales@lumentriagelabs.com,https://lumentriagelabs.com,70,-,US,2026-06-13 02:50:05
2026-06-13,Legal,Anchor CaseApp,775-286-1067,info@anchorcaseapp.com,https://www.anchorcaseapp.com,14,Singapore,SG,2026-06-13 01:13:08
2026-06-13,HR,NorthTalent Solutions,534-982-8137,info@northtalentsolutions.com,https://www.northtalentsolutions.com,86,Columbus,US,2026-06-13 03:48:46
2026-06-13,MSP Platform,North GridPoint,02778428887,contact@northgridpoint.com,https://www.northgridpoint.com,42,N/A,US,2026-06-13 05:03:28
2026-06-13,ERP,Atlas ForgePoint,(590) 702-3219,sales@atlasforgepoint.com,https://atlasforgepoint.com,238,Columbus,US,2026-06-13 04:23:58
2026-06-13,Medical,PivotClinic Solutions,+1 (558) 791-2463,contact@pivotclinicsolutions.io,https://www.pivotclinicsolutions.io,122,Berlin,DE,2026-06-13 04:18:10
2026-06-13,Legal,EmberMatterLabs’s,682.445.5521,info@embermatterlabs.com,https://www.embermatterlabs.com,20,Atlanta,US,2026-06-13 04:43:16
2026-06-13,Legal,Velo CaseTech,419-802-6328,info@velocasetech.co,https://www.velocasetech.co,77,Berlin,DE,2026-06-13 06:45:10
2026-06-13,ERP,XenonForge Works,+18119500538,info@xenonforgeworks.io,https://www.xenonforgeworks.io,35,Chicago,US,2026-06-13 01:08:00
2026-06-13,MSP Platform,Silver EndpointWorks,589.654.7411,contact@silverendpointworks.com,https://www.silverendpointworks.com,21,Raleigh,US,2026-06-13 03:33:21
2026-06-13,MSP Platform,OnyxPatch App,+14905193222,,https://onyxpatchapp.com,179,Seattle,US,2026-06-13 01:29:05
2026-06-13,Medical,AltaPatientTech,521-977-4728,contact@altapatienttech.net,https://www.altapatienttech.net,790,Atlanta,US,2026-06-13 03:35:09
2026-06-13,ERP,Meta PlanSuite,6429031169,info@metaplansuite.com,https://metaplansuite.com,9,Phoenix,US,2026-06-13 04:35:15
2026-06-13,ERP,EmberOrder Works,+18938968614,sales@emberorderworks.com,https://www.emberorderworks.com,634,Phoenix,US,2026-06-13 05:03:03
2026-06-13,MSP Platform,OnyxStackTech,322.891.1445,hello@onyxstacktech.com,https://www.onyxstacktech.com,4537,Calgary,CA,2026-06-13 03:14:05
2026-06-13,LMS,GoldenQuizFlow,(385) 332-2560,contact@goldenquizflow.io,https://www.goldenquizflow.io,267,Phoenix,US,2026-06-13 03:49:58
2026-06-13,Legal,ClearFilingDesk,+14453800927,hello@clearfilingdesk.com,https://www.clearfilingdesk.com,348,Bengaluru,IN,2026-06-13 06:00:18
2026-06-13,Medical,NorthChartLogic,(732) 369-4730,hello@northchartlogic.com,https://northchartlogic.com,10,Bengaluru,IN,2026-06-13 05:50:46
2026-06-13,HR,Pivot RosterSystems,+14479616729,hello@pivotrostersystems.com,https://www.pivotrostersystems.com,34,Atlanta,US,2026-06-13 02:16:43
2026-06-13,HR,Vertex OnboardSystems,09679052273,info@vertexonboardsystems.com,https://vertexonboardsystems.com,19,London,UK,2026-06-13 03:52:02
2026-06-13,HR,Cedar PeopleDesk,+13469707743,sales@cedarpeopledesk.com,https://www.cedarpeopledesk.com,334,,US,2026-06-13 03:29:07
2026-06-13,ERP,DeltaChain Systems,(954) 482-9758,sales@deltachainsystems.co,https://www.deltachainsystems.co,553,Chicago,US,2026-06-13 06:02:47
2026-06-13,MSP Platform,Beacon EndpointApp,+17987310099,sales@beaconendpointapp.com,beaconendpointapp.com,23,Boston,US,2026-06-13 04:09:18
2026-06-13,Medical,BeaconRx Soft,617.949.8518,hello@beaconrxsoft.com,https://www.beaconrxsoft.com,494,Denver,US,2026-06-13 04:00:11
2026-06-13,ERP,CoreResource Dynamics,(276) 902-6282,info@coreresourcedynamics.co,https://www.coreresourcedynamics.co,6,Chicago,US,2026-06-13 06:48:24
2026-06-13,MSP Platform,Delta StackSolutions,+15058462950,sales@deltastacksolutions.com,https://www.deltastacksolutions.com,9,Manchester,UK,2026-06-13 02:54:16
2026-06-13,Medical,Quantum HealthWorks,+12562344223,hello@quantumhealthworks.co,https://www.quantumhealthworks.co,38,Calgary,CA,2026-06-13 03:06:43
2026-06-13,HR,PrimePeople Point,+16333949059,sales@primepeoplepoint.com,primepeoplepoint.com,229,Karachi,PK,2026-06-13 02:00:15
2026-06-13,HR,BrightPeoplePlatform,(242) 919-9777,sales@brightpeopleplatform.io,https://brightpeopleplatform.io,329,Denver,US,2026-06-13 05:11:56
2026-06-13,Legal,LumenDocketLogic,1-838-881-5983,sales@lumendocketlogic.co,lumendocketlogic.co,775,Denver,US,2026-06-13 05:22:57
2026-06-13,ERP,TidalFinFlow,215-347-1298 ext. 95,sales@tidalfinflow.com,https://www.tidalfinflow.com,11,Boston,US,2026-06-13 04:26:55
2026-06-13,LMS,KeystoneSkillPoint,4644807207,hello@keystoneskillpoint.com,keystoneskillpoint.com,192,Boston,US,2026-06-13 03:51:58
2026-06-13,Medical,SolidHealthSync,(462) 387-8769,contact@solidhealthsync.com,https://solidhealthsync.com,12,London,UK,2026-06-13 01:58:12
2026-06-13,Medical,SilverHealthFlow,8194162988,sales@silverhealthflow.com,https://www.silverhealthflow.com,4038,Seattle,US,2026-06-13 06:29:32
2026-06-13,Legal,Quartz’s CounselPlatform,(682) 922-9303 ext. 8,info@quartzcounselplatform.co,quartzcounselplatform.co,2839,Atlanta,US,2026-06-13 03:30:35
2026-06-13,HR,GoldenOnboard Cloud,+18844734762,contact@goldenonboardcloud.com,https://www.goldenonboardcloud.com,166,Pune,IN,2026-06-13 04:09:52
2026-06-13,Legal,Fusion VerdictApp,595-403-3233,contact@fusionverdictapp.net,fusionverdictapp.net,41,Denver,US,2026-06-13 06:55:04
2026-06-13,ERP,CrownChainSuite,+12524100432,contact@crownchainsuite.com,https://www.crownchainsuite.com,732,London,UK,2026-06-13 01:19:53
2026-06-13,Medical,OrbitVitalDynamics,898.981.1028,contact@orbitvitaldynamics.com,https://www.orbitvitaldynamics.com,924,Phoenix,US,2026-06-13 02:23:29
2026-06-13,Medical,BeaconVital Desk,725.573.7881,sales@beaconvitaldesk.com,beaconvitaldesk.com,389,Phoenix,US,2026-06-13 06:38:58
2026-06-13,Medical,ApexHealthFlow,1-205-550-3118,contact@apexhealthflow.io,https://www.apexhealthflow.io,692,Atlanta,US,2026-06-13 06:02:57
2026-06-13,ERP,SilverChainDynamics,+17625634289,contact@silverchaindynamics.com,https://silverchaindynamics.com,5,Hyderabad,IN,2026-06-13 03:11:28
2026-06-13,ERP,Silver ChainPoint,5768986058,hello@silverchainpoint.com,https://silverchainpoint.com,441,Dublin,IE,2026-06-13 04:04:07
2026-06-13,ERP,Nova StockCore,955.744.7146,contact@novastockcore.com,https://www.novastockcore.com,-,Munich,DE,2026-06-13 04:12:01
2026-06-13,Medical,CrownChartSoft,3945454959,contact@crownchartsoft.co,crownchartsoft.co,470,Austin,US,2026-06-13 02:06:30
2026-06-13,ERP,Mosaic ChainSolutions,(285) 500-2652,info@mosaicchainsolutions.co,https://mosaicchainsolutions.co,87,Raleigh,US,2026-06-13 04:48:46
2026-06-13,Legal,ApexPulse Solutions,1-669-889-2145,contact@apexpulsesolutions.io,https://www.apexpulsesolutions.io,777,London,UK,2026-06-13 01:48:51
2026-06-13,Medical,ZenPulse Logic,745-818-3427,hello@zenpulselogic.com,https://zenpulselogic.com,713,Seattle,US,2026-06-13 01:42:35
2026-06-13,MSP Platform,RapidPatch Works,591.820.2328,hello@rapidpatchworks.com,https://www.rapidpatchworks.com,429,Columbus,US,2026-06-13 06:44:23
2026-06-13,Legal,BlueDocketPoint,777.656.8449 ext. 99,contact@bluedocketpoint.com,https://www.bluedocketpoint.com,50,Tampa,US,2026-06-13 01:30:58
2026-06-13,HR,Ridgeway PayrollSystems,1-530-374-1820,info@ridgewaypayrollsystems.com,https://www.ridgewaypayrollsystems.com,123,Austin,US,2026-06-13 03:31:52
2026-06-13,MSP Platform,KeystoneNetSoft,(655) 518-9799,info@keystonenetsoft.com,https://www.keystonenetsoft.com,43,Chicago,US,2026-06-13 06:31:49
2026-06-13,ERP,CoreOrder Soft,+1 (832) 832-7045,contact@coreordersoft.com,https://www.coreordersoft.com,15,Boston,US,2026-06-13 04:56:52
2026-06-13,Medical,Bright PulseTech,625.380.1095,sales@brightpulsetech.io,https://www.brightpulsetech.io,240,Melbourne,AU,2026-06-13 01:52:17
2026-06-13,MSP Platform,MosaicUptime Systems,627-420-6456,sales@mosaicuptimesystems.co,mosaicuptimesystems.co,563,Calgary,CA,2026-06-13 02:57:02
2026-06-13,ERP,Lattice ResourceDesk,+14784583026,hello@latticeresourcedesk.net,https://www.latticeresourcedesk.net,5,Manchester,UK,2026-06-13 03:13:08
2026-06-13,ERP,Nova OrderDynamics,+1 (509) 462-3087,sales@novaorderdynamics.com,https://www.novaorderdynamics.com,751,Toronto,CA,2026-06-13 02:54:44
2026-06-13,Medical,DeltaRxLogic,(202) 989-6363,contact@deltarxlogic.com,https://www.deltarxlogic.com,24,Seattle,US,2026-06-13 03:56:51
2026-06-13,Medical,AnchorMedPoint,2807415494,hello@anchormedpoint.com,anchormedpoint.com,53,Toronto,CA,2026-06-13 03:26:50
2026-06-13,HR,NorthOnboardFlow,753-680-0047,hello@northonboardflow.com,https://www.northonboardflow.com,61,Raleigh,US,2026-06-13 01:50:22
2026-06-13,ERP,Silver LedgerSuite,+1 (818) 570-2881,info@silverledgersuite.io,https://silverledgersuite.io,218,Leeds,UK,2026-06-13 06:41:13
2026-06-13,HR,Rapid TalentPoint,6489648819,null,rapidtalentpoint.net,null,Phoenix,US,2026-06-13 04:24:25
2026-06-13,LMS,Arch MentorSphere,6913825440,info@archmentorsphere.com,https://www.archmentorsphere.com,26,Karachi,PK,2026-06-13 01:12:38
2026-06-13,Medical,IndigoCareLogic,+19493005237,hello@indigocarelogic.com,https://www.indigocarelogic.com,15,Chicago,US,2026-06-13 02:07:30
2026-06-13,ERP,RapidChain Desk,438.204.5673,hello@rapidchaindesk.co,rapidchaindesk.co,516,Denver,US,2026-06-13 05:53:00
2026-06-13,ERP,Omni FinLogic,4676014206,sales@omnifinlogic.com,https://www.omnifinlogic.com,11,Austin,US,2026-06-13 04:04:06
2026-06-13,Medical,TidalHealth Sphere,+1 (391) 992-1796,sales@tidalhealthsphere.com,https://www.tidalhealthsphere.com,5,Raleigh,US,2026-06-13 04:32:55
2026-06-13,ERP,OnyxOps Soft,+16284814085,info@onyxopssoft.co,https://onyxopssoft.co,33,Atlanta,US,2026-06-13 05:26:38
2026-06-13,Medical,AtlasClinicCore,04418342380,info@atlascliniccore.com,https://www.atlascliniccore.com,27,Chicago,US,2026-06-13 01:27:41
2026-06-13,Medical,BeaconPatient Solutions,+17992211270,hello@beaconpatientsolutions.co,https://beaconpatientsolutions.co,20,Tampa,US,2026-06-13 03:28:47
2026-06-13,ERP,QuantumLedger Solutions,+18816157189,contact@quantumledgersolutions.com,https://www.quantumledgersolutions.com,179,Manchester,UK,2026-06-13 04:24:10
2026-06-13,ERP,Bright ChainTech,358-581-8775,hello@brightchaintech.com,brightchaintech.com,12,Austin,US,2026-06-13 03:25:03
2026-06-13,HR,NorthPayrollSoft,+1 (282) 421-6886,hello@northpayrollsoft.io,northpayrollsoft.io,176,Chicago,US,2026-06-13 01:29:27
2026-06-13,ERP,North StockSoft,741-555-5796,hello@northstocksoft.com,https://www.northstocksoft.com,755,Chicago,US,2026-06-13 04:57:27
2026-06-13,HR,HaloPerformSolutions,(567) 790-0855 ext. 96,sales@haloperformsolutions.com,https://www.haloperformsolutions.com,20,Dublin,IE,2026-06-13 01:10:27
2026-06-13,ERP,Xenon StockSphere,1-276-804-2280,info@xenonstocksphere.com,https://www.xenonstocksphere.com,860,Vancouver,CA,2026-06-13 06:17:54
2026-06-13,ERP,ClearStock Cloud,1-885-838-0910,sales@clearstockcloud.com,https://www.clearstockcloud.com,127,Columbus,US,2026-06-13 05:03:35
2026-06-13,HR,NovaTalent Soft,+12933909762,info@novatalentsoft.com,novatalentsoft.com,426,Calgary,CA,2026-06-13 02:55:53
2026-06-13,HR,MetaLearn Base,922.367.0253,-,https://metalearnbase.com,380,Karachi,PK,2026-06-13 02:35:01
2026-06-13,Medical,Umbra ClinicSoft,660-352-3980,hello@umbraclinicsoft.com,https://www.umbraclinicsoft.com,8,Boston,US,2026-06-13 02:08:27
2026-06-13,Medical,IronClinicPlatform,+1 (620) 796-9323,hello@ironclinicplatform.com,https://ironclinicplatform.com,10,Phoenix,US,2026-06-13 04:45:19
2026-06-13,ERP,Bright ChainLabs,+15116654192,sales@brightchainlabs.net,https://brightchainlabs.net,5,Boston,US,2026-06-13 04:49:56
2026-06-13,Medical,Lumen HealthLabs,+1 (684) 703-0174,hello@lumenhealthlabs.com,lumenhealthlabs.com,13,Austin,US,2026-06-13 06:46:34
2026-06-13,HR,HaloPeopleHub,(740) 352-4526,info@halopeoplehub.net,https://www.halopeoplehub.net,384,Pune,IN,2026-06-13 05:21:58
2026-06-13,MSP Platform,Raven StackSync,+16542249473,info@ravenstacksync.com,https://www.ravenstacksync.com,6,London,UK,2026-06-13 03:27:53
2026-06-13,Medical,NimbusPatient Systems,258.446.0947,sales@nimbuspatientsystems.com,https://nimbuspatientsystems.com,28,Raleigh,US,2026-06-13 04:14:59
2026-06-13,ERP,OrbitStock Works,243.301.4659,hello@orbitstockworks.io,orbitstockworks.io,9,Islamabad,PK,2026-06-13 01:49:07
2026-06-13,Legal,BoldMatter Labs,1-869-588-6450,contact@boldmatterlabs.com,https://boldmatterlabs.com,35,Austin,US,2026-06-13 03:38:09
2026-06-13,ERP,Bright PlanPoint,702-464-1684,info@brightplanpoint.io,https://brightplanpoint.io,62,Dublin,IE,2026-06-13 04:04:18
2026-06-13,Legal,SableCounselSphere,03604549173,contact@sablecounselsphere.com,https://sablecounselsphere.com,67,Boston,US,2026-06-13 05:53:19
2026-06-13,MSP Platform,BlueChain Logic,637-605-9302,sales@bluechainlogic.com,https://bluechainlogic.com,297,Tampa,US,2026-06-13 03:00:43
2026-06-13,MSP Platform,Falcon UptimeApp,542.439.4175,sales@falconuptimeapp.com,https://www.falconuptimeapp.com,162,Calgary,CA,2026-06-13 03:11:36
2026-06-13,ERP,FalconStock Systems,07823285793,hello@falconstocksystems.io,https://www.falconstocksystems.io,30,Boston,US,2026-06-13 01:42:52
2026-06-13,MSP Platform,TidalNodeSoft,7045388253,info@tidalnodesoft.io,https://www.tidalnodesoft.io,46,Phoenix,US,2026-06-13 06:21:45
2026-06-13,Legal,IronVerdictPlatform,09817681095,hello@ironverdictplatform.com,https://www.ironverdictplatform.com,11,Phoenix,US,2026-06-13 03:54:53
2026-06-13,Medical,NimbusMedCloud,+17844604328,contact@nimbusmedcloud.com,https://www.nimbusmedcloud.com,46,Boston,US,2026-06-13 01:34:37
2026-06-13,HR,OrbitRoster Soft,3505519707,sales@orbitrostersoft.net,orbitrostersoft.net,4686,Pune,IN,2026-06-13 02:15:51
2026-06-13,MSP Platform,AnchorRemoteLogic,515.946.3789,contact@anchorremotelogic.io,https://www.anchorremotelogic.io,70,Atlanta,US,2026-06-13 02:48:18
2026-06-13,HR,Velo BenefitWorks,8139920216,info@velobenefitworks.co,https://www.velobenefitworks.co,20,Calgary,CA,2026-06-13 04:16:10
2026-06-13,MSP Platform,RapidNet Base,(488) 533-2411,info@rapidnetbase.com,https://www.rapidnetbase.com,16,Berlin,DE,2026-06-13 03:36:11
2026-06-13,Medical,GoldenClinic Dynamics,483.317.8098,contact@goldenclinicdynamics.co,goldenclinicdynamics.co,9,Atlanta,US,2026-06-13 06:45:48
2026-06-13,ERP,GraniteChainSolutions,658.434.5881,sales@granitechainsolutions.net,https://www.granitechainsolutions.net,1724,Manchester,UK,2026-06-13 06:05:35
2026-06-13,Medical,Nova RxSuite,+1 (559) 687-6367,sales@novarxsuite.com,https://www.novarxsuite.com,10,Boston,US,2026-06-13 02:54:00
2026-06-13,MSP Platform,PrimeNet Systems,(659) 641-5984,hello@primenetsystems.net,https://www.primenetsystems.net,10,Seattle,US,2026-06-13 02:56:42
2026-06-13,Legal,Blue CounselLabs,649.962.4709,contact@bluecounsellabs.com,https://www.bluecounsellabs.com,77,null,US,2026-06-13 04:05:48
2026-06-13,HR,HarborPeopleFlow,408.402.0340,info@harborpeopleflow.io,harborpeopleflow.io,134,Boston,US,2026-06-13 04:39:20
2026-06-13,ERP,Golden PlanSoft,3967412457,info@goldenplansoft.com,https://www.goldenplansoft.com,18,Seattle,US,2026-06-13 03:48:29
2026-06-13,Medical,ArchPulse Logic,815.293.0611,info@archpulselogic.com,https://archpulselogic.com,1441,Chicago,US,2026-06-13 04:32:11
2026-06-13,MSP Platform,TrueUptimeBase,+19638467557,contact@trueuptimebase.io,https://www.trueuptimebase.io,667,Berlin,DE,2026-06-13 05:20:35
2026-06-13,ERP,KeystonePlanFlow,05854411912,contact@keystoneplanflow.io,https://www.keystoneplanflow.io,13,Seattle,US,2026-06-13 04:12:14
2026-06-13,MSP Platform,VistaUptime Cloud,(472) 349-1245 ext. 75,info@vistauptimecloud.com,https://www.vistauptimecloud.com,179,Columbus,US,2026-06-13 04:55:54
2026-06-13,ERP,Juniper StockPoint,+18596601608,info@juniperstockpoint.net,https://www.juniperstockpoint.net,18,Islamabad,PK,2026-06-13 04:28:58
2026-06-13,ERP,Atlas Stock BPO Services,561.846.5719,contact@atlasstockbposervices.io,https://atlasstockbposervices.io,217,Raleigh,US,2026-06-13 03:39:21
2026-06-13,MSP Platform,AnchorNet Flow,(673) 634-0260,contact@anchornetflow.io,https://www.anchornetflow.io,29,Atlanta,US,2026-06-13 04:22:25
2026-06-13,ERP,GraniteOpsSphere,985.241.3539,info@graniteopssphere.com,https://www.graniteopssphere.com,69,Phoenix,US,2026-06-13 04:54:05
2026-06-13,Legal,CedarFiling App,837-755-2916,info@cedarfilingapp.com,https://www.cedarfilingapp.com,null,Seattle,US,2026-06-13 04:13:21
2026-06-13,ERP,Beacon ResourceSoft,(457) 314-1746,,https://www.beaconresourcesoft.com,197,Atlanta,US,2026-06-13 06:34:01
2026-06-13,HR,ZenTalentPlatform,516-786-8493,sales@zentalentplatform.com,https://zentalentplatform.com,35,Atlanta,US,2026-06-13 03:14:38
2026-06-13,MSP Platform,ZephyrRemote Cloud,8496243872,sales@zephyrremotecloud.net,https://www.zephyrremotecloud.net,14,Amsterdam,NL,2026-06-13 04:40:17
2026-06-13,MSP Platform,Xenon UptimeSync,+1 (625) 487-4353,sales@xenonuptimesync.com,https://www.xenonuptimesync.com,607,Munich,DE,2026-06-13 05:37:44
2026-06-13,MSP Platform,AtlasNodeApp,(659) 412-1163,contact@atlasnodeapp.com,https://www.atlasnodeapp.com,309,Leeds,UK,2026-06-13 02:33:28
2026-06-13,HR,HaloOnboardSync,1-703-558-9194,contact@haloonboardsync.io,https://www.haloonboardsync.io,159,Chicago,US,2026-06-13 03:24:02
2026-06-13,ERP,PioneerStock Cloud,567.757.5137,info@pioneerstockcloud.net,https://www.pioneerstockcloud.net,82,Leeds,UK,2026-06-13 05:39:06
2026-06-13,ERP,PolarisStockSystems,5787798732,info@polarisstocksystems.com,https://polarisstocksystems.com,564,Denver,US,2026-06-13 02:33:21
2026-06-13,ERP,FalconLedger Core,1-752-323-4089,info@falconledgercore.com,falconledgercore.com,91,Atlanta,US,2026-06-13 04:49:41
2026-06-13,MSP Platform,Vista NodeFlow,457-753-1201,info@vistanodeflow.com,vistanodeflow.com,895,Phoenix,US,2026-06-13 03:04:26
2026-06-13,MSP Platform,Zephyr NodeSystems,(456) 896-7958,contact@zephyrnodesystems.com,https://www.zephyrnodesystems.com,N/A,Melbourne,AU,2026-06-13 01:41:52
2026-06-13,LMS,CrownCoursePoint,05106465223,contact@crowncoursepoint.net,https://www.crowncoursepoint.net,147,Chicago,US,2026-06-13 04:29:20
2026-06-13,HR,PolarisPeople Tech,+1 (732) 281-4695,sales@polarispeopletech.com,polarispeopletech.com,17,Amsterdam,NL,2026-06-13 04:02:59
2026-06-13,MSP Platform,SabléTicketSolutions,+1 (335) 693-3225,hello@sableticketsolutions.com,https://www.sableticketsolutions.com,132,Atlanta,US,2026-06-13 01:32:25
2026-06-13,Medical,Bright TriageWorks,943-266-0727,contact@brighttriageworks.com,https://www.brighttriageworks.com,178,Phoenix,US,2026-06-13 02:16:21
2026-06-13,HR,SablePayrollSoft,+14623460106,contact@sablepayrollsoft.com,https://sablepayrollsoft.com,59,Seattle,US,2026-06-13 02:27:55
2026-06-13,Medical,OnyxPatient Soft,2285721351,sales@onyxpatientsoft.net,https://onyxpatientsoft.net,50,Karachi,PK,2026-06-13 04:06:52
2026-06-13,MSP Platform,SableRemoteTech,+14742204790,info@sableremotetech.io,https://sableremotetech.io,1771,Atlanta,US,2026-06-13 04:23:06
2026-06-13,Medical,IndigoPatient Sync,03515886870,contact@indigopatientsync.com,indigopatientsync.com,282,London,UK,2026-06-13 01:15:01
2026-06-13,Legal,Beacon VerdictHub,294-358-3248,-,https://beaconverdicthub.com,72,Tampa,US,2026-06-13 05:44:30
2026-06-13,Medical,VistaChartDynamics,861.630.0922,sales@vistachartdynamics.com,https://vistachartdynamics.com,72,Boston,US,2026-06-13 05:40:20
2026-06-13,ERP,BrightOrder Dynamics,909-543-2329,sales@brightorderdynamics.io,https://brightorderdynamics.io,20,Austin,US,2026-06-13 03:36:32
2026-06-13,Medical,WillowPulse Works,+17934713707,contact@willowpulseworks.net,willowpulseworks.net,7,Dublin,IE,2026-06-13 03:02:00
2026-06-13,HR,Vertex PerformFlow,1-956-864-8273,hello@vertexperformflow.com,https://www.vertexperformflow.com,48,Seattle,US,2026-06-13 05:40:48
2026-06-13,HR,Zephyr ShiftDesk,09403950589 ext. 43,sales@zephyrshiftdesk.net,https://zephyrshiftdesk.net,174,Columbus,US,2026-06-13 03:57:33
2026-06-13,HR,WillowTalent Dynamics,1-483-909-9793,sales@willowtalentdynamics.io,https://www.willowtalentdynamics.io,567,Calgary,CA,2026-06-13 01:00:27
2026-06-13,MSP Platform,Bright MonitorSystems,529-357-7784,sales@brightmonitorsystems.com,https://brightmonitorsystems.com,162,Melbourne,AU,2026-06-13 03:57:13
2026-06-13,HR,NovaTeamSoft,+15985554240,sales@novateamsoft.com,https://www.novateamsoft.com,42,Chicago,US,2026-06-13 02:34:56
2026-06-13,MSP Platform,ArchNodePoint,547.637.3946,contact@archnodepoint.io,archnodepoint.io,846,Boston,US,2026-06-13 05:39:15
2026-06-13,MSP Platform,Bright TicketPoint,8862688822,hello@brightticketpoint.com,https://www.brightticketpoint.com,426,Amsterdam,NL,2026-06-13 06:29:33
2026-06-13,MSP Platform,LumenEndpoint App,304.724.9955,hello@lumenendpointapp.com,https://www.lumenendpointapp.com,1937,Sydney,AU,2026-06-13 01:14:09
2026-06-13,MSP Platform,Willow NodeDynamics,+1 (292) 894-0717,contact@willownodedynamics.net,https://www.willownodedynamics.net,15,Denver,US,2026-06-13 01:52:34
2026-06-13,HR,GraniteTalent Base,1-330-704-2250,sales@granitetalentbase.com,https://granitetalentbase.com,232,Austin,US,2026-06-13 04:37:37
2026-06-13,ERP,CrestLedger Hub,+15444709521,hello@crestledgerhub.net,crestledgerhub.net,7,Atlanta,US,2026-06-13 06:08:58
2026-06-13,Legal,Sable CasePoint,514-533-8789,hello@sablecasepoint.io,https://www.sablecasepoint.io,5,Raleigh,US,2026-06-13 02:39:31
2026-06-13,Medical,ApexPatient Core,+18412677981,contact@apexpatientcore.com,https://www.apexpatientcore.com,23,Melbourne,AU,2026-06-13 05:16:43
2026-06-13,HR,RavenRoster Suite,+14264816707 ext. 55,sales@ravenrostersuite.io,https://www.ravenrostersuite.io,201,Tampa,US,2026-06-13 02:28:11
2026-06-13,Medical,TidalMedApp,385-550-5775,hello@tidalmedapp.com,tidalmedapp.com,10,Seattle,US,2026-06-13 02:48:41
2026-06-13,ERP,GoldenFinCore,669.320.1451 ext. 82,contact@goldenfincore.com,https://goldenfincore.com,121,Munich,DE,2026-06-13 04:58:44
2026-06-13,ERP,GoldenLedgerSphere,(561) 927-8423,info@goldenledgersphere.com,https://www.goldenledgersphere.com,6,Phoenix,US,2026-06-13 02:37:04
2026-06-13,MSP Platform,Alta TicketApp,630.372.7851,info@altaticketapp.io,https://altaticketapp.io,14,Atlanta,US,2026-06-13 03:18:25
2026-06-13,Medical,QuantumCare Suite,05204320061,hello@quantumcaresuite.com,https://quantumcaresuite.com,21,Austin,US,2026-06-13 04:23:37
2026-06-13,MSP Platform,Zephyr NetPoint,1-677-482-0419,info@zephyrnetpoint.com,https://www.zephyrnetpoint.com,4008,Amsterdam,NL,2026-06-13 04:39:34
2026-06-13,MSP Platform,JuniperUptime Labs,722-484-4500,sales@juniperuptimelabs.net,juniperuptimelabs.net,529,Denver,US,2026-06-13 05:42:38
2026-06-13,HR,TrueOnboardApp,763.506.6795,hello@trueonboardapp.com,https://trueonboardapp.com,3529,Atlanta,US,2026-06-13 06:59:20
2026-06-13,HR,Harbor BenefitFlow,09792983954,contact@harborbenefitflow.com,https://harborbenefitflow.com,45,Phoenix,US,2026-06-13 02:40:48
2026-06-13,HR,BluePerform Logic,(341) 619-9201,,blueperformlogic.com,41,Singapore,SG,2026-06-13 04:34:37
2026-06-13,Medical,Harbor CarePlatform,1-608-485-2639,info@harborcareplatform.com,https://www.harborcareplatform.com,2569,Manchester,UK,2026-06-13 02:41:51
2026-06-13,ERP,OnyxStock Hub,6124343192,sales@onyxstockhub.com,https://onyxstockhub.com,100,Chicago,US,2026-06-13 02:27:50
2026-06-13,ERP,RavenResource Solutions,+15887093687,info@ravenresourcesolutions.io,ravenresourcesolutions.io,32,Chicago,US,2026-06-13 04:14:18
2026-06-13,Legal,CrestClause Point,5673739613,hello@crestclausepoint.com,https://www.crestclausepoint.com,4733,Boston,US,2026-06-13 03:49:05
2026-06-13,Medical,Onyx PulseSoft,6659351959,hello@onyxpulsesoft.com,https://www.onyxpulsesoft.com,16,Vancouver,CA,2026-06-13 01:32:55
2026-06-13,MSP Platform,Xenon TicketCloud,881-489-5703,contact@xenonticketcloud.io,xenonticketcloud.io,138,Denver,US,2026-06-13 01:27:06
2026-06-13,MSP Platform,VeloMonitorWorks,371.588.9935,hello@velomonitorworks.com,https://velomonitorworks.com,20,Sydney,AU,2026-06-13 05:23:47
2026-06-13,HR,ZephyrCulture Cloud,8502434998,contact@zephyrculturecloud.io,https://www.zephyrculturecloud.io,405,Raleigh,US,2026-06-13 05:55:16
2026-06-13,HR,DeltaCultureSync,953.736.2956,contact@deltaculturesync.com,https://deltaculturesync.com,17,Boston,US,2026-06-13 03:46:17
2026-06-13,ERP,SableChain Hub,+1 (574) 986-8468,hello@sablechainhub.com,sablechainhub.com,8,Atlanta,US,2026-06-13 03:36:37
2026-06-13,MSP Platform,RidgeStackDynamics,1-924-528-5861,info@ridgestackdynamics.io,https://ridgestackdynamics.io,446,Boston,US,2026-06-13 06:03:15
2026-06-13,Legal,Beacon OrderSoft,(792) 919-3426,null,https://www.beaconordersoft.com,12,Amsterdam,NL,2026-06-13 06:46:19
2026-06-13,Legal,SilverFiling Flow,(551) 490-8824,contact@silverfilingflow.io,silverfilingflow.io,11,Melbourne,AU,2026-06-13 01:26:33
2026-06-13,ERP,Prime StockSuite,3095228161,info@primestocksuite.com,https://primestocksuite.com,42,Chicago,US,2026-06-13 03:05:42
2026-06-13,ERP,TrueChainSphere,263-998-4180,hello@truechainsphere.net,truechainsphere.net,20,Boston,US,2026-06-13 04:49:58
2026-06-13,ERP,Lumen PlanTech,+12919085771,info@lumenplantech.io,https://www.lumenplantech.io,19,Tampa,US,2026-06-13 06:08:36
2026-06-13,Medical,Core HealthPlatform,919-548-5330,info@corehealthplatform.net,https://corehealthplatform.net,12,Denver,US,2026-06-13 01:21:06
2026-06-13,ERP,FusionFinCore,939.660.0578 ext. 65,info@fusionfincore.io,https://www.fusionfincore.io,36,Calgary,CA,2026-06-13 05:51:57
2026-06-13,HR,Lumen CultureCore,+13595982074,info@lumenculturecore.com,https://www.lumenculturecore.com,17,London,UK,2026-06-13 06:26:58
2026-06-13,Legal,PivotVerdict Cloud,(440) 290-1864,null,pivotverdictcloud.com,5,Seattle,US,2026-06-13 01:58:22
2026-06-13,MSP Platform,BoldNet Soft,+16712136577,,https://www.boldnetsoft.com,363,Manchester,UK,2026-06-13 01:00:36
2026-06-13,Legal,Meta FilingSphere,1-840-676-1965,hello@metafilingsphere.com,https://metafilingsphere.com,490,Chicago,US,2026-06-13 04:24:52
2026-06-13,Medical,KeystoneRxSoft,+19617520041,hello@keystonerxsoft.com,https://www.keystonerxsoft.com,1458,Tampa,US,2026-06-13 06:12:29
2026-06-13,Medical,BrightTriageSystems,(551) 790-8128,hello@brighttriagesystems.com,https://brighttriagesystems.com,6,Phoenix,US,2026-06-13 06:57:30
2026-06-13,Medical,VertexPatient Desk,315-875-8615,hello@vertexpatientdesk.net,vertexpatientdesk.net,19,Atlanta,US,2026-06-13 05:58:24
2026-06-13,ERP,NovaFinSolutions,(481) 857-0733 ext. 20,hello@novafinsolutions.com,https://www.novafinsolutions.com,785,Austin,US,2026-06-13 03:05:56
2026-06-13,ERP,Orbit ChainPlatform,(226) 228-2109,sales@orbitchainplatform.com,https://www.orbitchainplatform.com,34,Raleigh,US,2026-06-13 05:40:31
2026-06-13,MSP Platform,AnchorPatch Solutions,673.585.1693,contact@anchorpatchsolutions.io,https://www.anchorpatchsolutions.io,21,Chicago,US,2026-06-13 03:48:14
2026-06-13,MSP Platform,CrownRemote Point,299.897.9765,hello@crownremotepoint.com,https://www.crownremotepoint.com,19,Phoenix,US,2026-06-13 05:16:09
2026-06-13,Medical,CrestPulse Sphere,(952) 890-2541,sales@crestpulsesphere.co,https://crestpulsesphere.co,487,Columbus,US,2026-06-13 05:25:47
2026-06-13,LMS,Clear LearnSync,(567) 270-6852 ext. 17,hello@clearlearnsync.io,https://www.clearlearnsync.io,18,Phoenix,US,2026-06-13 04:07:39
2026-06-13,Medical,Nimbus ChartDynamics,955-525-6639,info@nimbuschartdynamics.net,nimbuschartdynamics.net,347,Berlin,DE,2026-06-13 03:13:40
2026-06-13,HR,KeystoneCulture Works,805-427-0120,contact@keystonecultureworks.com,https://www.keystonecultureworks.com,244,Toronto,CA,2026-06-13 01:43:36
2026-06-13,Medical,BoldMed Sync,595-778-8044,info@boldmedsync.io,https://www.boldmedsync.io,44,Singapore,SG,2026-06-13 06:41:15
2026-06-13,Legal,IronFilingLogic,944-745-2739,hello@ironfilinglogic.net,https://ironfilinglogic.net,37,Raleigh,US,2026-06-13 06:02:34
2026-06-13,HR,CrownCulture Sync,3354327454,contact@crownculturesync.com,https://www.crownculturesync.com,20,Columbus,US,2026-06-13 05:46:42
2026-06-13,ERP,Nova ForgeBase,(310) 204-3238,sales@novaforgebase.com,https://www.novaforgebase.com,203,Boston,US,2026-06-13 03:09:50
2026-06-13,Legal,CoreDocketSuite,+1 (280) 685-7122,N/A,https://coredocketsuite.io,166,Atlanta,US,2026-06-13 04:58:38
2026-06-13,ERP,PrimeForge Solutions,+1 (503) 431-6470,contact@primeforgesolutions.net,https://www.primeforgesolutions.net,141,Austin,US,2026-06-13 06:53:20
2026-06-13,ERP,TidalFin Cloud,+16247923251,info@tidalfincloud.com,https://www.tidalfincloud.com,481,Toronto,CA,2026-06-13 04:01:22
2026-06-13,Medical,Lumén HealthSphere,+13504396845 ext. 73,sales@lumenhealthsphere.co,https://www.lumenhealthsphere.co,9,Chicago,US,2026-06-13 04:27:53
2026-06-13,Legal,OnyxClause Flow,+1 (659) 874-8287,contact@onyxclauseflow.com,onyxclauseflow.com,75,Chicago,US,2026-06-13 04:20:48
2026-06-13,MSP Platform,KeystoneRemoteDesk,917-421-8173,-,https://www.keystoneremotedesk.io,38,Boston,US,2026-06-13 03:53:05
2026-06-13,ERP,Ridge PlanDynamics,339-895-0386,info@ridgeplandynamics.com,https://www.ridgeplandynamics.com,130,Manchester,UK,2026-06-13 03:33:05
2026-06-13,HR,JuniperBenefit Works,237.385.3186,sales@juniperbenefitworks.co,https://www.juniperbenefitworks.co,60,Chicago,US,2026-06-13 06:50:49
2026-06-13,Medical,Tidal PulseDesk,379-806-2132,sales@tidalpulsedesk.com,https://www.tidalpulsedesk.com,9,Vancouver,CA,2026-06-13 02:24:16
2026-06-13,LMS,Bright LearnSuite,+18766025316,hello@brightlearnsuite.com,brightlearnsuite.com,3434,Hyderabad,IN,2026-06-13 03:30:26
2026-06-13,HR,VertexCultureTech,(270) 384-2267,contact@vertexculturetech.com,https://www.vertexculturetech.com,32,Sydney,AU,2026-06-13 05:54:43
2026-06-13,ERP,True Forge BPO Services,3724965807,sales@trueforgebposervices.io,trueforgebposervices.io,963,Chicago,US,2026-06-13 06:29:39
2026-06-13,ERP,QuantumResource Desk,(512) 925-5083,contact@quantumresourcedesk.io,https://www.quantumresourcedesk.io,44,Vancouver,CA,2026-06-13 02:43:32
2026-06-13,HR,FusionShift Desk,+18037136130,null,https://fusionshiftdesk.com,15,Raleigh,US,2026-06-13 02:11:24
2026-06-13,LMS,CobaltMentorPoint,+1 (874) 717-7100 ext. 64,sales@cobaltmentorpoint.com,https://cobaltmentorpoint.com,5,Chicago,US,2026-06-13 02:40:39
2026-06-13,Medical,BluePulseTech,(959) 480-3666,contact@bluepulsetech.io,https://www.bluepulsetech.io,-,Manchester,UK,2026-06-13 06:04:48
2026-06-13,MSP Platform,TidalNetLabs,+15205675611,sales@tidalnetlabs.com,tidalnetlabs.com,20,Singapore,SG,2026-06-13 05:46:11
2026-06-13,ERP,CedarFin Logic,9149132050,sales@cedarfinlogic.com,https://www.cedarfinlogic.com,716,Hyderabad,IN,2026-06-13 04:20:10
2026-06-13,Medical,RapidHealthSoft,+16155505522,info@rapidhealthsoft.com,https://www.rapidhealthsoft.com,4633,Chicago,US,2026-06-13 04:09:35
2026-06-13,HR,MetaCultureSphere,+17374277832,hello@metaculturesphere.com,https://metaculturesphere.com,99,Manchester,UK,2026-06-13 01:03:25
2026-06-13,ERP,Delta OrderLogic,4335550284 ext. 92,hello@deltaorderlogic.com,https://www.deltaorderlogic.com,53,Columbus,US,2026-06-13 03:36:45
2026-06-13,ERP,UmbraStockApp,+15979592266,contact@umbrastockapp.com,https://umbrastockapp.com,10,Denver,US,2026-06-13 03:31:17
2026-06-13,ERP,TruePlanSuite,6044945051,hello@trueplansuite.co,https://www.trueplansuite.co,62,Chicago,US,2026-06-13 03:07:10
2026-06-13,Medical,Velo PatientFlow,(279) 562-8046,contact@velopatientflow.io,velopatientflow.io,32,Tampa,US,2026-06-13 01:31:05
2026-06-13,ERP,CrestForge Flow,1-564-552-7076,hello@crestforgeflow.io,https://crestforgeflow.io,39,Denver,US,2026-06-13 04:59:19
2026-06-13,ERP,CrownBatch Desk,+14176408680,sales@crownbatchdesk.co,https://crownbatchdesk.co,249,Tampa,US,2026-06-13 06:09:18
2026-06-13,HR,Iron ShiftSync,722.581.1319,contact@ironshiftsync.io,https://ironshiftsync.io,887,Amsterdam,NL,2026-06-13 04:16:13
2026-06-13,MSP Platform,VistaStackPlatform,(542) 852-6932 ext. 68,sales@vistastackplatform.com,https://vistastackplatform.com,308,Seattle,US,2026-06-13 01:34:30
2026-06-13,ERP,Halo OrderSync,(662) 682-4688,contact@haloordersync.com,https://www.haloordersync.com,73,Chicago,US,2026-06-13 06:53:34
2026-06-13,Medical,Nova MedDesk,+17318171478,hello@novameddesk.co,https://www.novameddesk.co,13,Toronto,CA,2026-06-13 01:54:35
2026-06-13,HR,Golden’s TeamFlow,(339) 741-4019,info@goldenteamflow.co,https://www.goldenteamflow.co,753,Columbus,US,2026-06-13 02:38:54
2026-06-13,Legal,CoreVerdictSuite,959.392.4732,contact@coreverdictsuite.com,coreverdictsuite.com,13,Pune,IN,2026-06-13 04:33:43
2026-06-13,LMS,Silver CourseLogic,6649280127,contact@silvercourselogic.io,https://www.silvercourselogic.io,17,Atlanta,US,2026-06-13 04:06:40
2026-06-13,Medical,AtlasTriagePoint,(535) 800-9442,hello@atlastriagepoint.com,https://www.atlastriagepoint.com,41,Denver,US,2026-06-13 02:44:27
2026-06-13,HR,RapidRosterSolutions,+12514200949,sales@rapidrostersolutions.com,https://rapidrostersolutions.com,369,Phoenix,US,2026-06-13 06:50:02
2026-06-13,MSP Platform,Granite MonitorLogic,577-595-3355 ext. 33,contact@granitemonitorlogic.co,granitemonitorlogic.co,40,Amsterdam,NL,2026-06-13 01:50:23
2026-06-13,HR,UmbraRoster App,(311) 662-2226,info@umbrarosterapp.com,https://umbrarosterapp.com,806,Toronto,CA,2026-06-13 03:24:30
2026-06-13,HR,RapidRoster Labs,+18913951961 ext. 84,hello@rapidrosterlabs.net,https://rapidrosterlabs.net,9,Boston,US,2026-06-13 01:06:36
2026-06-13,Medical,VistaRxLogic,(534) 943-5202,hello@vistarxlogic.com,https://www.vistarxlogic.com,440,Sydney,AU,2026-06-13 02:53:05
2026-06-13,HR,RidgewayTeam App,519-494-0967,hello@ridgewayteamapp.com,ridgewayteamapp.com,15,Chicago,US,2026-06-13 01:20:58
2026-06-13,HR,TrueTalentLogic,(378) 660-2451,info@truetalentlogic.com,https://www.truetalentlogic.com,12,Amsterdam,NL,2026-06-13 02:51:22
2026-06-13,ERP,AtlasForge Systems,+13534232902,contact@atlasforgesystems.com,atlasforgesystems.com,58,Boston,US,2026-06-13 02:47:06
2026-06-13,MSP Platform,Nimbus NetPlatform,4895685891,sales@nimbusnetplatform.com,nimbusnetplatform.com,27,Singapore,SG,2026-06-13 01:46:37
2026-06-13,Medical,SableMed Desk,943-466-6917,contact@sablemeddesk.com,https://www.sablemeddesk.com,9,Vancouver,CA,2026-06-13 02:00:12
2026-06-13,HR,Alta TeamFlow,+14473997477,info@altateamflow.com,https://www.altateamflow.com,20,Bengaluru,IN,2026-06-13 03:58:23
2026-06-13,Medical,Apex MedPlatform,(983) 767-9123,hello@apexmedplatform.com,apexmedplatform.com,19,Seattle,US,2026-06-13 05:57:43
2026-06-13,HR,ClearShiftApp,3669639117,info@clearshiftapp.com,https://www.clearshiftapp.com,38,Atlanta,US,2026-06-13 06:18:45
2026-06-13,LMS,SolidLearnPlatform,6765062724,contact@solidlearnplatform.io,https://www.solidlearnplatform.io,170,Tampa,US,2026-06-13 05:55:17
2026-06-13,Medical,MetaMonitorSystems,650.545.0676,info@metamonitorsystems.com,https://www.metamonitorsystems.com,547,Denver,US,2026-06-13 01:32:33
2026-06-13,ERP,VistaFinSystems,+1 (713) 890-5736,info@vistafinsystems.com,https://vistafinsystems.com,8,Toronto,CA,2026-06-13 05:34:54
2026-06-13,MSP Platform,Arch RemoteDesk,581-672-9584,contact@archremotedesk.io,https://www.archremotedesk.io,11,Tampa,US,2026-06-13 06:00:56
2026-06-13,Medical,Cedar HealthPlatform,+14673245989,sales@cedarhealthplatform.io,https://cedarhealthplatform.io,12,Denver,US,2026-06-13 02:58:59
2026-06-13,HR,North OnboardHub,1-684-755-6532,contact@northonboardhub.net,https://northonboardhub.net,31,Vancouver,CA,2026-06-13 01:32:26
2026-06-13,ERP,PivotStock Logic,801-611-1694,hello@pivotstocklogic.com,https://pivotstocklogic.com,10,Boston,US,2026-06-13 02:27:44
2026-06-13,Medical,CobaltPatientLogic,(885) 912-4980,info@cobaltpatientlogic.com,cobaltpatientlogic.com,35,Islamabad,PK,2026-06-13 03:56:32
2026-06-13,HR,Delta BenefitPoint,332-268-3874,contact@deltabenefitpoint.net,https://www.deltabenefitpoint.net,210,Tampa,US,2026-06-13 04:23:57
2026-06-13,Medical,TrueClinic Base,8607418649,hello@trueclinicbase.com,trueclinicbase.com,1254,Raleigh,US,2026-06-13 03:51:59
2026-06-13,LMS,Vista TutorSphere,+14087168349,hello@vistatutorsphere.com,https://www.vistatutorsphere.com,6,Lahore,PK,2026-06-13 06:17:32
2026-06-13,ERP,TidalPlan Soft,1-816-793-2549 ext. 48,hello@tidalplansoft.com,https://www.tidalplansoft.com,19,Columbus,US,2026-06-13 06:41:19
2026-06-13,HR,WillowTalent Desk,1-364-862-0967,info@willowtalentdesk.com,https://www.willowtalentdesk.com,12,Atlanta,US,2026-06-13 05:24:00
2026-06-13,MSP Platform,Core NodeCore,05432461301,hello@corenodecore.com,https://www.corenodecore.com,12,Denver,US,2026-06-13 06:38:41
2026-06-13,ERP,SableBatchBase,+18857153675,contact@sablebatchbase.com,https://www.sablebatchbase.com,7,Boston,US,2026-06-13 04:47:40
2026-06-13,HR,Arch BenefitLabs,+13558315743,info@archbenefitlabs.com,https://archbenefitlabs.com,118,Phoenix,US,2026-06-13 05:05:23
2026-06-13,Medical,Indigo CareApp,824-887-3129,contact@indigocareapp.com,https://indigocareapp.com,35,Seattle,US,2026-06-13 06:09:03
2026-06-13,ERP,AltaStock Systems,806-408-6245,contact@altastocksystems.co,https://www.altastocksystems.co,67,Leeds,UK,2026-06-13 05:41:47
2026-06-13,Medical,BlueHealthSolutions,(731) 888-3450,info@bluehealthsolutions.com,https://bluehealthsolutions.com,14,Chicago,US,2026-06-13 03:26:17
2026-06-13,Legal,VertexBrief Suite,7669840585,contact@vertexbriefsuite.co,https://vertexbriefsuite.co,11,Tampa,US,2026-06-13 03:44:25
2026-06-13,Medical,OrbitRxDesk,695.751.3568 ext. 82,sales@orbitrxdesk.co,https://www.orbitrxdesk.co,116,Dublin,IE,2026-06-13 04:04:06
2026-06-13,HR,Pioneer PayrollSolutions,318-527-6062,sales@pioneerpayrollsolutions.com,https://www.pioneerpayrollsolutions.com,6,-,US,2026-06-13 01:17:11
2026-06-13,HR,IndigoOnboardPoint,(505) 855-8497 ext. 60,contact@indigoonboardpoint.com,indigoonboardpoint.com,92,Leeds,UK,2026-06-13 03:42:38
2026-06-13,ERP,VertexChain App,(216) 205-7904,info@vertexchainapp.com,https://vertexchainapp.com,161,Columbus,US,2026-06-13 02:54:35
2026-06-13,HR,SableStockSuite,+13979513667 ext. 11,sales@sablestocksuite.co,https://www.sablestocksuite.co,463,Austin,US,2026-06-13 01:14:31
2026-06-13,MSP Platform,Iron Node Manpower Services,8185933801,info@ironnodemanpowerservices.io,https://www.ironnodemanpowerservices.io,8,Denver,US,2026-06-13 01:42:35
2026-06-13,ERP,FusionForgeSuite,331.695.8037,sales@fusionforgesuite.io,https://fusionforgesuite.io,38,Austin,US,2026-06-13 05:47:27
2026-06-13,ERP,Falcon ForgeFlow,2978663438,-,https://falconforgeflow.com,41,Leeds,UK,2026-06-13 01:12:58
2026-06-13,Medical,RidgeClinicLabs,+1 (692) 452-3801,sales@ridgecliniclabs.com,https://ridgecliniclabs.com,5,Manchester,UK,2026-06-13 04:53:11
2026-06-13,MSP Platform,QuantumGridSystems,371-772-6314,sales@quantumgridsystems.io,quantumgridsystems.io,204,Manchester,UK,2026-06-13 06:29:06
2026-06-13,LMS,ZephyrQuiz Hub,+16359716827,hello@zephyrquizhub.com,https://www.zephyrquizhub.com,218,Raleigh,US,2026-06-13 04:04:42
2026-06-13,HR,MosaicPayrollCore,(222) 723-1395,info@mosaicpayrollcore.com,https://mosaicpayrollcore.com,4921,Austin,US,2026-06-13 01:26:13
2026-06-13,Medical,CrownPulse Desk,902.719.8051,info@crownpulsedesk.co,https://www.crownpulsedesk.co,228,Raleigh,US,2026-06-13 06:39:22
2026-06-13,Medical,BeaconVital Systems,954.826.1078,sales@beaconvitalsystems.com,https://www.beaconvitalsystems.com,137,Seattle,US,2026-06-13 04:04:32
2026-06-13,ERP,GraniteResourcePoint,+18284386096,info@graniteresourcepoint.com,https://graniteresourcepoint.com,67,Chicago,US,2026-06-13 04:26:15
2026-06-13,Medical,QuantumMedSuite,203-376-9021 ext. 66,hello@quantummedsuite.net,https://www.quantummedsuite.net,501,Leeds,UK,2026-06-13 06:34:23
2026-06-13,LMS,VeloMentor Soft,414-695-4711,hello@velomentorsoft.com,https://www.velomentorsoft.com,55,Raleigh,US,2026-06-13 06:14:19
2026-06-13,MSP Platform,Cobalt TicketHub,+12498861630,hello@cobalttickethub.io,https://www.cobalttickethub.io,824,Phoenix,US,2026-06-13 02:17:22
2026-06-13,ERP,OnyxBatchSoft,+1 (851) 573-3526,contact@onyxbatchsoft.net,onyxbatchsoft.net,17,Boston,US,2026-06-13 03:06:51
2026-06-13,MSP Platform,GoldenStackSolutions,338-620-7689,hello@goldenstacksolutions.io,https://www.goldenstacksolutions.io,39,Bengaluru,IN,2026-06-13 02:56:05
2026-06-13,HR,CedarPeople Hub,426-626-3757,sales@cedarpeoplehub.com,https://www.cedarpeoplehub.com,50,Pune,IN,2026-06-13 04:51:10
2026-06-13,MSP Platform,PioneerUptime Logic,1-746-899-2415,contact@pioneeruptimelogic.com,pioneeruptimelogic.com,-,Chicago,US,2026-06-13 04:25:31
2026-06-13,ERP,SableStockSoft,(738) 983-5966,sales@sablestocksoft.io,https://www.sablestocksoft.io,13,Raleigh,US,2026-06-13 02:03:18
2026-06-13,ERP,Juniper ResourceDynamics,316.244.7832,,https://www.juniperresourcedynamics.com,2454,Denver,US,2026-06-13 01:47:42
2026-06-13,ERP,North BatchLabs,09224418194,contact@northbatchlabs.com,northbatchlabs.com,15,Vancouver,CA,2026-06-13 01:44:57
2026-06-13,Legal,UmbraBrief Hub,(215) 622-9873,contact@umbrabriefhub.io,https://www.umbrabriefhub.io,163,Denver,US,2026-06-13 05:15:49
2026-06-13,MSP Platform,RavenEndpointWorks,853-858-0424,info@ravenendpointworks.com,ravenendpointworks.com,457,Seattle,US,2026-06-13 05:42:01
2026-06-13,HR,VertexOnboardSoft,(404) 747-6986,sales@vertexonboardsoft.io,https://vertexonboardsoft.io,19,Phoenix,US,2026-06-13 03:56:48
2026-06-13,ERP,PrimeChainSync,513-586-1290 ext. 87,hello@primechainsync.com,https://www.primechainsync.com,13,Raleigh,US,2026-06-13 04:15:01
2026-06-13,ERP,MetaLedgerApp,+1 (630) 492-3077,contact@metaledgerapp.com,https://www.metaledgerapp.com,63,Columbus,US,2026-06-13 05:24:42
2026-06-13,Medical,RidgePatient Soft,672-507-9492,info@ridgepatientsoft.com,https://www.ridgepatientsoft.com,74,Pune,IN,2026-06-13 06:08:39
2026-06-13,Medical,WillowHealthSuite,1-688-514-1968,hello@willowhealthsuite.net,https://www.willowhealthsuite.net,143,Phoenix,US,2026-06-13 06:17:30
2026-06-13,Medical,Blue PulseCloud,483.202.3787 ext. 3,contact@bluepulsecloud.com,https://www.bluepulsecloud.com,392,Islamabad,PK,2026-06-13 01:49:00
2026-06-13,Legal,OnyxCompliSoft,(968) 247-7404,contact@onyxcomplisoft.com,https://onyxcomplisoft.com,228,Dublin,IE,2026-06-13 06:57:59
2026-06-13,MSP Platform,Omni StackLabs,1-560-693-0409,sales@omnistacklabs.com,https://omnistacklabs.com,248,Raleigh,US,2026-06-13 05:44:26
2026-06-13,Medical,OmniClinicPoint,+12119071520,hello@omniclinicpoint.co,https://www.omniclinicpoint.co,7,Sydney,AU,2026-06-13 02:31:06
2026-06-13,MSP Platform,GraniteEndpoint Solutions,1-506-374-4034,-,https://www.graniteendpointsolutions.io,10,Boston,US,2026-06-13 02:08:39
2026-06-13,HR,HarborShift Suite,422-355-3741,N/A,https://www.harborshiftsuite.co,466,Boston,US,2026-06-13 03:26:41
2026-06-13,HR,PivotCultureSystems,+1 (566) 742-0176,contact@pivotculturesystems.io,https://www.pivotculturesystems.io,118,Manchester,UK,2026-06-13 06:14:14
2026-06-13,HR,FusionPayrollPoint,(362) 283-2223,hello@fusionpayrollpoint.com,https://fusionpayrollpoint.com,3459,Chicago,US,2026-06-13 03:58:32
2026-06-13,ERP,TrueResource Platform,955.860.5650,hello@trueresourceplatform.com,https://www.trueresourceplatform.com,18,Austin,US,2026-06-13 05:51:24
2026-06-13,Medical,FalconCare Sync,(777) 864-0888,info@falconcaresync.co,https://www.falconcaresync.co,16,Bengaluru,IN,2026-06-13 05:10:11
2026-06-13,ERP,Pioneer Forge Outsourcing,(351) 290-2014,sales@pioneerforgeoutsourcing.com,https://www.pioneerforgeoutsourcing.com,53,Berlin,DE,2026-06-13 02:41:50
2026-06-13,Medical,SolidRx Platform,345-306-9601,info@solidrxplatform.co,https://solidrxplatform.co,482,Columbus,US,2026-06-13 01:20:34
2026-06-13,Medical,KeystoneHealth Core,1-863-550-7913,hello@keystonehealthcore.com,https://www.keystonehealthcore.com,100,Phoenix,US,2026-06-13 05:32:44
2026-06-13,LMS,KeystoneCohort Labs,797-262-3950,info@keystonecohortlabs.com,https://www.keystonecohortlabs.com,4968,Vancouver,CA,2026-06-13 05:05:17
2026-06-13,Legal,Zephyr VerdictTech,776-303-4081 ext. 24,contact@zephyrverdicttech.io,https://zephyrverdicttech.io,12,Phoenix,US,2026-06-13 02:35:18
2026-06-13,MSP Platform,Pioneer GridSystems,329.964.4583,contact@pioneergridsystems.com,https://www.pioneergridsystems.com,57,Austin,US,2026-06-13 03:10:42
2026-06-13,HR,Omni TalentDesk,1-385-639-5726,info@omnitalentdesk.com,https://www.omnitalentdesk.com,3163,Chicago,US,2026-06-13 06:50:00
2026-06-13,Legal,AtlasBrief Labs,525-839-5065,sales@atlasbrieflabs.com,https://www.atlasbrieflabs.com,462,Phoenix,US,2026-06-13 01:10:02
2026-06-13,HR,QuartzShiftSync,1-436-255-9470,contact@quartzshiftsync.com,quartzshiftsync.com,63,Melbourne,AU,2026-06-13 02:21:04
2026-06-13,MSP Platform,LatticeTicket Suite,331-606-4143,hello@latticeticketsuite.io,latticeticketsuite.io,49,Amsterdam,NL,2026-06-13 01:01:35
2026-06-13,Legal,Cedar ClauseWorks,527.543.8530 ext. 8,info@cedarclauseworks.com,https://www.cedarclauseworks.com,99,Austin,US,2026-06-13 05:39:52
2026-06-13,Medical,Falcon PulseSphere,+15285511816,hello@falconpulsesphere.com,https://www.falconpulsesphere.com,55,Seattle,US,2026-06-13 03:01:05
2026-06-13,ERP,PrimeOps Hub,(407) 288-1093,info@primeopshub.com,https://www.primeopshub.com,88,Dublin,IE,2026-06-13 01:15:59
2026-06-13,HR,QuartzCulture Desk,(794) 615-6365,contact@quartzculturedesk.co,https://www.quartzculturedesk.co,6,Melbourne,AU,2026-06-13 06:43:12
2026-06-13,ERP,MetaChainSystems,1-446-415-6567 ext. 66,hello@metachainsystems.net,https://www.metachainsystems.net,354,Austin,US,2026-06-13 01:00:39
2026-06-13,Legal,LumenVerdictLabs,+1 (694) 205-3516,info@lumenverdictlabs.com,https://www.lumenverdictlabs.com,4035,Vancouver,CA,2026-06-13 01:01:12
2026-06-13,Medical,SableVitalTech,845.760.1644,hello@sablevitaltech.net,https://sablevitaltech.net,3572,Raleigh,US,2026-06-13 03:01:33
2026-06-13,ERP,QuartzStock Desk,1-688-576-0405,info@quartzstockdesk.io,https://www.quartzstockdesk.io,57,Vancouver,CA,2026-06-13 06:37:40
2026-06-13,ERP,Beacon OrderCloud,(516) 729-7478,contact@beaconordercloud.com,https://www.beaconordercloud.com,210,Tampa,US,2026-06-13 05:09:03
2026-06-13,Legal,RapidFilingSoft,722-760-5008,sales@rapidfilingsoft.com,https://rapidfilingsoft.com,562,Vancouver,CA,2026-06-13 02:46:23
2026-06-13,HR,PioneerBenefitSphere,(492) 608-6072,sales@pioneerbenefitsphere.io,https://www.pioneerbenefitsphere.io,166,Tampa,US,2026-06-13 04:19:47
2026-06-13,ERP,MetaLedger Dynamics,07778496667,hello@metaledgerdynamics.net,https://www.metaledgerdynamics.net,154,Chicago,US,2026-06-13 02:46:04
2026-06-13,MSP Platform,MosaicNet Point,+16839638616,hello@mosaicnetpoint.com,https://www.mosaicnetpoint.com,10,Denver,US,2026-06-13 01:39:04
2026-06-13,Medical,CorePatientSync,2176208999,contact@corepatientsync.co,https://www.corepatientsync.co,179,Amsterdam,NL,2026-06-13 05:46:15
2026-06-13,Medical,Bright VitalFlow,(352) 924-4460,sales@brightvitalflow.io,https://www.brightvitalflow.io,490,Chicago,US,2026-06-13 05:19:44
2026-06-13,ERP,True BatchCore,(594) 616-5080,hello@truebatchcore.net,https://www.truebatchcore.net,838,Atlanta,US,2026-06-13 04:44:26
2026-06-13,LMS,RidgeQuizPlatform,+15903382646,contact@ridgequizplatform.com,https://www.ridgequizplatform.com,34,London,UK,2026-06-13 03:22:35
2026-06-13,Legal,PivotFiling’s Solutions,539-951-5261,hello@pivotfilingsolutions.co,https://www.pivotfilingsolutions.co,48,Hyderabad,IN,2026-06-13 04:17:42
2026-06-13,Medical,MetaRxWorks,(318) 739-4618,hello@metarxworks.co,https://www.metarxworks.co,N/A,Atlanta,US,2026-06-13 06:42:28
2026-06-13,ERP,SummitOrder App,650-706-7306 ext. 23,sales@summitorderapp.co,summitorderapp.co,75,Phoenix,US,2026-06-13 02:44:30
2026-06-13,ERP,OmniChain Désk,501-415-5433,sales@omnichaindesk.io,https://www.omnichaindesk.io,6,Columbus,US,2026-06-13 02:54:52
2026-06-13,ERP,ZenForge Cloud,7016282762,info@zenforgecloud.com,https://zenforgecloud.com,8,Raleigh,US,2026-06-13 01:00:39
2026-06-13,MSP Platform,BoldGridFlow,3538607305 ext. 9,contact@boldgridflow.com,https://boldgridflow.com,6,Columbus,US,2026-06-13 05:11:31
2026-06-13,HR,CrestOnboardBase,(378) 536-5260,hello@crestonboardbase.com,https://www.crestonboardbase.com,13,Denver,US,2026-06-13 03:41:09
2026-06-13,Medical,GoldenClinicTech,+1 (820) 392-9985,hello@goldenclinictech.net,https://www.goldenclinictech.net,36,Boston,US,2026-06-13 02:43:54
2026-06-13,Medical,ZephyrPulse Desk,+16929246240,contact@zephyrpulsedesk.com,https://www.zephyrpulsedesk.com,28,,US,2026-06-13 06:24:55
2026-06-13,HR,Nimbus BenefitApp,685.947.6683,N/A,https://www.nimbusbenefitapp.com,31,Columbus,US,2026-06-13 03:44:28
2026-06-13,HR,Polaris PayrollDesk,253-648-1792,info@polarispayrolldesk.com,https://www.polarispayrolldesk.com,482,Atlanta,US,2026-06-13 04:11:52
2026-06-13,HR,VeloPayroll Dynamics,4733378504,hello@velopayrolldynamics.com,https://www.velopayrolldynamics.com,428,Vancouver,CA,2026-06-13 03:12:29
2026-06-13,Medical,CrestHealthFlow,(969) 882-6906,info@cresthealthflow.com,https://www.cresthealthflow.com,530,Chicago,US,2026-06-13 03:46:02
2026-06-13,HR,ZenBenefit Sync,(549) 711-9642,hello@zenbenefitsync.com,https://www.zenbenefitsync.com,9,Chicago,US,2026-06-13 01:54:18
2026-06-13,Medical,HaloCareCloud,1-765-856-1110,hello@halocarecloud.io,https://www.halocarecloud.io,20,Phoenix,US,2026-06-13 04:45:50
2026-06-13,ERP,GraniteBatch Platform,673.361.0895,hello@granitebatchplatform.net,https://www.granitebatchplatform.net,36,Columbus,US,2026-06-13 06:36:13
2026-06-13,MSP Platform,Alta UptimeSphere,+14702983153,sales@altauptimesphere.com,https://www.altauptimesphere.com,194,Pune,IN,2026-06-13 02:12:18
2026-06-13,MSP Platform,RapidMonitorWorks,+16266011346 ext. 93,hello@rapidmonitorworks.io,https://www.rapidmonitorworks.io,12,Hyderabad,IN,2026-06-13 01:57:56
2026-06-13,HR,CrestPeopleCloud,+13872134325 ext. 78,sales@crestpeoplecloud.io,crestpeoplecloud.io,20,Atlanta,US,2026-06-13 03:52:47
2026-06-13,MSP Platform,OmniPatch Tech,+16436505047,info@omnipatchtech.com,https://omnipatchtech.com,72,Dublin,IE,2026-06-13 03:35:53
2026-06-13,ERP,TrueForge Solutions,888-870-8034,contact@trueforgesolutions.com,https://www.trueforgesolutions.com,N/A,Raleigh,US,2026-06-13 05:19:10
2026-06-13,LMS,ArchQuizPlatform,1-557-832-6971,info@archquizplatform.com,https://www.archquizplatform.com,880,Toronto,CA,2026-06-13 02:32:23
2026-06-13,Legal,CobaltCompliLogic,9597065057,sales@cobaltcomplilogic.io,https://www.cobaltcomplilogic.io,16,Boston,US,2026-06-13 03:37:37
2026-06-13,ERP,LatticeTriage Soft,+16186868296,N/A,https://www.latticetriagesoft.co,23,Atlanta,US,2026-06-13 04:36:04
2026-06-13,Medical,GoldenClinicCloud,1-382-828-3733,info@goldencliniccloud.co,https://www.goldencliniccloud.co,45,Chicago,US,2026-06-13 05:58:18
2026-06-13,ERP,AtlasOpsSolutions,864-259-8967,sales@atlasopssolutions.io,https://atlasopssolutions.io,12,Amsterdam,NL,2026-06-13 05:28:45
2026-06-13,Medical,RidgewayClinicCore,+15076930369,sales@ridgewaycliniccore.co,https://ridgewaycliniccore.co,16,Atlanta,US,2026-06-13 02:07:57
2026-06-13,HR,LatticePeople Works,1-920-964-2384,info@latticepeopleworks.com,https://latticepeopleworks.com,35,London,UK,2026-06-13 03:30:15
2026-06-13,Legal,Orbit CounselPoint,+1 (541) 566-6616,hello@orbitcounselpoint.io,orbitcounselpoint.io,230,London,UK,2026-06-13 06:18:04
2026-06-13,MSP Platform,SableMonitorSync,886.494.6394,info@sablemonitorsync.com,https://www.sablemonitorsync.com,39,Seattle,US,2026-06-13 01:28:47
2026-06-13,MSP Platform,Ember EndpointTech,07094146127,contact@emberendpointtech.com,https://emberendpointtech.com,17,Phoenix,US,2026-06-13 03:41:58
2026-06-13,Medical,Mosaic PulseHub,361-353-0526,hello@mosaicpulsehub.com,https://mosaicpulsehub.com,40,Amsterdam,NL,2026-06-13 05:56:16
2026-06-13,ERP,PivotForgeSync,1-937-661-4978,hello@pivotforgesync.net,https://pivotforgesync.net,463,Melbourne,AU,2026-06-13 05:51:14
2026-06-13,HR,Onyx TeamLabs,(785) 786-6107,sales@onyxteamlabs.io,https://onyxteamlabs.io,203,Leeds,UK,2026-06-13 06:33:10
2026-06-13,Medical,Atlas Med Talent Agency,+1 (944) 221-5951,sales@atlasmedtalentagency.io,https://www.atlasmedtalentagency.io,156,Singapore,SG,2026-06-13 03:28:21
2026-06-13,Medical,Umbra PulseCore,336-990-9670,hello@umbrapulsecore.com,https://umbrapulsecore.com,27,Vancouver,CA,2026-06-13 03:09:50
2026-06-13,HR,Vertex OnboardLogic,8707292591,sales@vertexonboardlogic.co,https://www.vertexonboardlogic.co,33,Phoenix,US,2026-06-13 02:40:17
2026-06-13,ERP,Lumen ForgeSuite,(363) 992-3552,sales@lumenforgesuite.com,https://www.lumenforgesuite.com,114,Manchester,UK,2026-06-13 06:13:33
2026-06-13,ERP,Sable FinLogic,744-613-3256,sales@sablefinlogic.com,https://sablefinlogic.com,2796,Chicago,US,2026-06-13 05:59:48
2026-06-13,ERP,IronBatch Logic,+12526264902,info@ironbatchlogic.co,https://www.ironbatchlogic.co,55,Atlanta,US,2026-06-13 02:51:14
2026-06-13,Medical,OmniPatient Sync,964-933-8329,contact@omnipatientsync.io,https://omnipatientsync.io,93,Phoenix,US,2026-06-13 02:39:07
2026-06-13,MSP Platform,ZephyrMonitor Base,964-793-3971,contact@zephyrmonitorbase.com,zephyrmonitorbase.com,N/A,Sydney,AU,2026-06-13 05:38:41
2026-06-13,ERP,Anchor BatchLabs,664-666-0976,contact@anchorbatchlabs.com,https://www.anchorbatchlabs.com,7,Sydney,AU,2026-06-13 01:03:18
2026-06-13,HR,Omni OnboardPoint,(781) 361-4626 ext. 63,info@omnionboardpoint.io,https://www.omnionboardpoint.io,69,Lahore,PK,2026-06-13 05:18:52
2026-06-13,MSP Platform,QuantumUptime App,807-330-9780,hello@quantumuptimeapp.co,https://www.quantumuptimeapp.co,70,Seattle,US,2026-06-13 06:46:41
2026-06-13,HR,VeloPerform Hub,(831) 687-6312,hello@veloperformhub.co,https://www.veloperformhub.co,114,Columbus,US,2026-06-13 02:33:15
2026-06-13,HR,LatticeShift Core,+16526403951,sales@latticeshiftcore.com,https://latticeshiftcore.com,6,Phoenix,US,2026-06-13 01:41:31
2026-06-13,HR,CobaltOnboard Labs,2753737944,hello@cobaltonboardlabs.com,https://www.cobaltonboardlabs.com,-,Calgary,CA,2026-06-13 06:52:46
2026-06-13,MSP Platform,Lumen NetWorks,06924567189,contact@lumennetworks.com,lumennetworks.com,209,Chicago,US,2026-06-13 01:03:35
2026-06-13,Medical,CedarCare Systems,880-624-3305,sales@cedarcaresystems.io,https://www.cedarcaresystems.io,12,Tampa,US,2026-06-13 02:23:14
2026-06-13,Medical,MetaClinic Cloud,819.786.0306,contact@metacliniccloud.com,https://metacliniccloud.com,285,London,UK,2026-06-13 04:07:06
2026-06-13,Legal,Solid BriefCloud,603-329-6648,hello@solidbriefcloud.com,solidbriefcloud.com,77,Austin,US,2026-06-13 04:28:39
2026-06-13,Medical,Velo Rx Consultants,08478560764,hello@velorxconsultants.com,velorxconsultants.com,109,Singapore,SG,2026-06-13 01:46:18
2026-06-13,HR,Core PayrollApp,2178127221,hello@corepayrollapp.com,https://corepayrollapp.com,166,N/A,US,2026-06-13 01:44:03
2026-06-13,Medical,CrestHealthLabs,(373) 255-2960,contact@cresthealthlabs.net,https://www.cresthealthlabs.net,20,Hyderabad,IN,2026-06-13 06:12:58
2026-06-13,ERP,Cobalt BatchSphere,(988) 880-3588,info@cobaltbatchsphere.com,https://cobaltbatchsphere.com,704,Chicago,US,2026-06-13 04:57:34
2026-06-13,HR,NimbusPayroll Systems,703.305.5700,hello@nimbuspayrollsystems.com,https://nimbuspayrollsystems.com,58,Denver,US,2026-06-13 04:21:17
2026-06-13,ERP,Orbit Ops BPO Services,1-890-918-8369,info@orbitopsbposervices.co,https://www.orbitopsbposervices.co,37,Chicago,US,2026-06-13 02:17:52
2026-06-13,HR,CrestTeamSystems,324-209-1846,sales@crestteamsystems.co,https://www.crestteamsystems.co,88,Denver,US,2026-06-13 04:20:03
2026-06-13,HR,Zen FinApp,(910) 658-0969,sales@zenfinapp.com,zenfinapp.com,18,Raleigh,US,2026-06-13 05:17:52
2026-06-13,ERP,Delta OpsDynamics,3755036583,hello@deltaopsdynamics.com,deltaopsdynamics.com,50,Chicago,US,2026-06-13 04:37:47
2026-06-13,Medical,Meta TriagePoint,602-781-7343,info@metatriagepoint.com,https://metatriagepoint.com,25,Leeds,UK,2026-06-13 01:59:12
2026-06-13,ERP,CrestStockSoft,791-904-6505 ext. 58,sales@creststocksoft.com,https://www.creststocksoft.com,51,Sydney,AU,2026-06-13 06:54:31
2026-06-13,MSP Platform,Prime PatchSolutions,(399) 825-8180,sales@primepatchsolutions.com,https://www.primepatchsolutions.com,431,Tampa,US,2026-06-13 03:04:50
2026-06-13,LMS,ArchLearnPlatform,5779879861,contact@archlearnplatform.com,https://www.archlearnplatform.com,5,Tampa,US,2026-06-13 05:45:52
2026-06-13,Legal,CoreCase Point,717.872.6828,-,https://www.corecasepoint.com,36,London,UK,2026-06-13 01:19:27
2026-06-13,Medical,SolidPatient Sphere,(519) 714-4421,info@solidpatientsphere.co,https://solidpatientsphere.co,54,Chicago,US,2026-06-13 03:33:25
2026-06-13,HR,Iron BenefitCore,+1 (908) 631-9115,hello@ironbenefitcore.com,https://www.ironbenefitcore.com,150,Columbus,US,2026-06-13 02:02:03
2026-06-13,HR,Beacon TalentWorks,(710) 293-5762,info@beacontalentworks.io,https://beacontalentworks.io,3465,Seattle,US,2026-06-13 02:15:11
2026-06-13,HR,CoreOnboard Point,3844540480,hello@coreonboardpoint.com,https://coreonboardpoint.com,23,Columbus,US,2026-06-13 05:18:58
2026-06-13,Legal,AnchorFilingSoft,(783) 561-2402,contact@anchorfilingsoft.com,anchorfilingsoft.com,17,Melbourne,AU,2026-06-13 01:35:16
2026-06-13,Legal,TrueDocketTech,529-426-0058,hello@truedockettech.io,https://www.truedockettech.io,123,Atlanta,US,2026-06-13 01:28:21
2026-06-13,ERP,SummitLedger Works,8819001052,contact@summitledgerworks.com,https://www.summitledgerworks.com,82,Phoenix,US,2026-06-13 03:10:30
2026-06-13,HR,SilverTeam Platform,649-347-6189 ext. 50,sales@silverteamplatform.net,https://www.silverteamplatform.net,40,Seattle,US,2026-06-13 04:57:47
2026-06-13,HR,IronCultureCore,(360) 202-4760 ext. 75,hello@ironculturecore.com,https://www.ironculturecore.com,6,Dublin,IE,2026-06-13 01:21:32
2026-06-13,Medical,North PulseSuite,03555329673,hello@northpulsesuite.com,northpulsesuite.com,54,Columbus,US,2026-06-13 05:54:56
2026-06-13,ERP,OnyxOrder App,(892) 515-7923,sales@onyxorderapp.co,https://www.onyxorderapp.co,385,Amsterdam,NL,2026-06-13 02:42:59
2026-06-13,ERP,SilverChain Desk,670.227.2805,info@silverchaindesk.com,https://www.silverchaindesk.com,8,Dublin,IE,2026-06-13 04:39:23
2026-06-13,Legal,ClearFilingLabs,+16169945738,hello@clearfilinglabs.net,https://www.clearfilinglabs.net,173,Atlanta,US,2026-06-13 03:27:23
2026-06-13,Medical,Nova MedLabs,1-342-829-1581,hello@novamedlabs.com,https://www.novamedlabs.com,N/A,Tampa,US,2026-06-13 01:41:32
2026-06-13,ERP,ArchPlanDesk,986-832-4454,hello@archplandesk.com,archplandesk.com,36,Seattle,US,2026-06-13 04:09:22
2026-06-13,ERP,CrestChain Core,1-332-522-6039,hello@crestchaincore.com,https://www.crestchaincore.com,10,Melbourne,AU,2026-06-13 02:37:39
2026-06-13,MSP Platform,CoreMonitor Cloud,(987) 383-3783,info@coremonitorcloud.com,coremonitorcloud.com,-,Singapore,SG,2026-06-13 01:43:58
2026-06-13,HR,Arch ShiftSystems,+17738247888,info@archshiftsystems.com,https://www.archshiftsystems.com,92,Berlin,DE,2026-06-13 04:32:52
2026-06-13,Legal,NorthCounselHub,472-232-0924,null,https://www.northcounselhub.com,44,Singapore,SG,2026-06-13 02:48:47
2026-06-13,Medical,Ridgeway RxSphere,1-967-797-0604,info@ridgewayrxsphere.io,https://ridgewayrxsphere.io,10,Pune,IN,2026-06-13 05:41:37
2026-06-13,HR,CoreCultureHub,901.900.4419,sales@coreculturehub.com,https://coreculturehub.com,12,Raleigh,US,2026-06-13 03:38:58
2026-06-13,Legal,SolidFilingSync,709.784.1379,hello@solidfilingsync.com,https://solidfilingsync.com,373,Chicago,US,2026-06-13 02:48:20
2026-06-13,MSP Platform,CrownPatch Tech,+16082379654,hello@crownpatchtech.com,https://www.crownpatchtech.com,20,Columbus,US,2026-06-13 02:13:27
2026-06-13,HR,BoldRosterSolutions,+1 (540) 785-8012,sales@boldrostersolutions.com,https://www.boldrostersolutions.com,15,Tampa,US,2026-06-13 04:08:48
2026-06-13,HR,Pioneer TalentBase,+12236845408,hello@pioneertalentbase.co,https://www.pioneertalentbase.co,16,Tampa,US,2026-06-13 05:51:25
2026-06-13,MSP Platform,RidgewayTicket Sphere,625-219-7771,contact@ridgewayticketsphere.co,https://ridgewayticketsphere.co,50,Tampa,US,2026-06-13 04:01:23
2026-06-13,MSP Platform,Vista NetLogic,+13267211914,hello@vistanetlogic.com,https://www.vistanetlogic.com,90,Phoenix,US,2026-06-13 05:38:29
2026-06-13,MSP Platform,ZenMonitor Hub,5307369010,sales@zenmonitorhub.com,https://www.zenmonitorhub.com,N/A,Pune,IN,2026-06-13 06:55:38
2026-06-13,MSP Platform,Orbit GridWorks,(466) 356-9948,hello@orbitgridworks.com,https://www.orbitgridworks.com,20,Tampa,US,2026-06-13 01:50:41
2026-06-13,Medical,Beacon RxDesk,1-231-517-4476,sales@beaconrxdesk.co,https://www.beaconrxdesk.co,23,Phoenix,US,2026-06-13 03:48:32
2026-06-13,MSP Platform,Iron NodeLabs,(644) 282-9135,hello@ironnodelabs.com,https://www.ironnodelabs.com,25,Vancouver,CA,2026-06-13 05:18:56
2026-06-13,HR,Mosaic TalentPoint,1-650-580-7019,contact@mosaictalentpoint.com,https://mosaictalentpoint.com,226,Denver,US,2026-06-13 01:00:38
2026-06-13,ERP,Ridgeway OpsTech,+18125780232,contact@ridgewayopstech.com,https://ridgewayopstech.com,176,Raleigh,US,2026-06-13 06:49:52
2026-06-13,Legal,Onyx ClauseSphere,(764) 884-0449,info@onyxclausesphere.com,onyxclausesphere.com,14,Atlanta,US,2026-06-13 03:54:28
2026-06-13,Medical,Atlas TriageLogic,1-526-242-2948,contact@atlastriagelogic.com,https://www.atlastriagelogic.com,766,Austin,US,2026-06-13 03:23:53
2026-06-13,HR,OmniPeopleLabs,3584725605 ext. 89,sales@omnipeoplelabs.com,omnipeoplelabs.com,7,Denver,US,2026-06-13 03:47:55
2026-06-13,Medical,LumenRx Systems,9495129801,sales@lumenrxsystems.net,https://lumenrxsystems.net,888,Raleigh,US,2026-06-13 01:02:05
2026-06-13,HR,RidgewayPayrollSphere,(773) 946-5686,sales@ridgewaypayrollsphere.net,ridgewaypayrollsphere.net,9,Islamabad,PK,2026-06-13 04:58:23
2026-06-13,ERP,SolidChain Cloud,06843257450,contact@solidchaincloud.com,https://www.solidchaincloud.com,20,Phoenix,US,2026-06-13 01:20:06
2026-06-13,Medical,Ridgeway LearnFlow,572-316-6133,contact@ridgewaylearnflow.co,https://ridgewaylearnflow.co,806,Raleigh,US,2026-06-13 01:48:33
2026-06-13,HR,AtlasPeoplePoint,409.779.2557,sales@atlaspeoplepoint.com,atlaspeoplepoint.com,137,Raleigh,US,2026-06-13 06:33:25
2026-06-13,HR,Anchor CultureSoft,809-581-6143 ext. 72,info@anchorculturesoft.io,https://www.anchorculturesoft.io,5,Atlanta,US,2026-06-13 04:55:32
2026-06-13,Medical,PivotCare Works,+13395260197,hello@pivotcareworks.com,https://www.pivotcareworks.com,239,Munich,DE,2026-06-13 02:36:44
2026-06-13,MSP Platform,Ridgeway GridHub,968.990.2452,contact@ridgewaygridhub.io,https://www.ridgewaygridhub.io,132,Bengaluru,IN,2026-06-13 02:00:57
2026-06-13,Medical,Raven PatientBase,1-549-510-8464,hello@ravenpatientbase.io,https://www.ravenpatientbase.io,15,Austin,US,2026-06-13 06:26:34
2026-06-13,ERP,Crest StockLogic,1-957-409-0194,sales@creststocklogic.com,creststocklogic.com,N/A,Phoenix,US,2026-06-13 02:31:21
2026-06-13,ERP,Tidal PlanSync,(380) 377-3958,contact@tidalplansync.com,https://www.tidalplansync.com,194,Vancouver,CA,2026-06-13 06:52:44
2026-06-13,MSP Platform,XenonNet App,(598) 686-3583,sales@xenonnetapp.io,https://www.xenonnetapp.io,16,Tampa,US,2026-06-13 05:36:44
2026-06-13,HR,Omni TalentSystems,07609691572,sales@omnitalentsystems.com,https://www.omnitalentsystems.com,37,Seattle,US,2026-06-13 02:41:36
2026-06-13,ERP,JuniperStock Soft,1-885-745-9418,contact@juniperstocksoft.com,https://www.juniperstocksoft.com,52,Toronto,CA,2026-06-13 03:12:43
2026-06-13,Medical,ApexRx Sync,1-694-354-4195,hello@apexrxsync.com,https://www.apexrxsync.com,20,Austin,US,2026-06-13 03:35:44
2026-06-13,HR,Halo TalentSphere,7389138017,contact@halotalentsphere.co,halotalentsphere.co,930,Chicago,US,2026-06-13 06:28:17
2026-06-13,HR,Onyx PayrollWorks,469.820.0511,info@onyxpayrollworks.io,https://www.onyxpayrollworks.io,147,Columbus,US,2026-06-13 02:43:17
2026-06-13,MSP Platform,LumenRemoteHub,+14258573297,contact@lumenremotehub.com,https://www.lumenremotehub.com,10,London,UK,2026-06-13 06:44:19
2026-06-13,MSP Platform,SolidPatchSystems,751-404-1508,info@solidpatchsystems.com,https://www.solidpatchsystems.com,26,Lahore,PK,2026-06-13 02:38:48
2026-06-13,Legal,ApexBrief Sync,+13265026966,hello@apexbriefsync.com,https://www.apexbriefsync.com,32,Chicago,US,2026-06-13 02:38:09
2026-06-13,ERP,IndigoChain Hub,1-453-533-0866,hello@indigochainhub.com,https://www.indigochainhub.com,15,Columbus,US,2026-06-13 01:19:28
2026-06-13,Legal,Sable CompliDesk,445-814-8456,info@sablecomplidesk.net,https://sablecomplidesk.net,39,Atlanta,US,2026-06-13 06:03:38
2026-06-13,Legal,BrightClausePlatform,1-950-806-1134,sales@brightclauseplatform.io,brightclauseplatform.io,11,Toronto,CA,2026-06-13 02:14:33
2026-06-13,MSP Platform,Iron PatchSystems,628-594-6419,contact@ironpatchsystems.com,ironpatchsystems.com,226,Columbus,US,2026-06-13 04:21:03
2026-06-13,HR,FalconBenefit Base,1-935-789-1562,info@falconbenefitbase.com,https://www.falconbenefitbase.com,928,Bengaluru,IN,2026-06-13 06:32:16
2026-06-13,HR,Prime CultureBase,6646138041,hello@primeculturebase.com,https://www.primeculturebase.com,9,Austin,US,2026-06-13 02:27:12
2026-06-13,Legal,KeystoneDocketLabs,205-205-3878,contact@keystonedocketlabs.com,https://www.keystonedocketlabs.com,28,Seattle,US,2026-06-13 03:21:21
2026-06-13,Medical,Umbra PatientPoint,1-206-345-3432,contact@umbrapatientpoint.com,https://www.umbrapatientpoint.com,78,Atlanta,US,2026-06-13 01:57:29
2026-06-13,ERP,Ember ForgeBase,+14068904714,sales@emberforgebase.com,https://www.emberforgebase.com,35,Atlanta,US,2026-06-13 06:23:33
2026-06-13,HR,WillowBenefitCore,(263) 368-9678,info@willowbenefitcore.com,willowbenefitcore.com,16,Phoenix,US,2026-06-13 06:37:29
2026-06-13,LMS,JuniperLearnPlatform,425-982-5939,hello@juniperlearnplatform.io,https://www.juniperlearnplatform.io,39,Seattle,US,2026-06-13 03:13:07
2026-06-13,HR,Blue PerformSystems,738-301-2237,info@blueperformsystems.com,https://www.blueperformsystems.com,28,Leeds,UK,2026-06-13 02:45:04
2026-06-13,HR,RapidPayroll Works,(201) 518-6241,hello@rapidpayrollworks.com,https://rapidpayrollworks.com,311,Raleigh,US,2026-06-13 05:29:11
2026-06-13,ERP,Juniper Order BPO Services,+16625660565,contact@juniperorderbposervices.com,https://juniperorderbposervices.com,105,Dublin,IE,2026-06-13 03:38:41
2026-06-13,LMS,Sablé LessonBase,+19207834238,N/A,https://www.sablelessonbase.com,16,Melbourne,AU,2026-06-13 03:44:01
2026-06-13,HR,Cedar OnboardSphere,+17357623095,sales@cedaronboardsphere.net,https://cedaronboardsphere.net,369,Berlin,DE,2026-06-13 02:09:58
2026-06-13,HR,Iron BenefitSolutions,1-278-932-0649,info@ironbenefitsolutions.io,https://www.ironbenefitsolutions.io,382,Leeds,UK,2026-06-13 03:22:54
2026-06-13,ERP,Orbit Forge Consultants,5645338096,hello@orbitforgeconsultants.com,https://orbitforgeconsultants.com,35,Chicago,US,2026-06-13 03:34:35
2026-06-13,MSP Platform,ZenMonitor Flow,+13508643673,sales@zenmonitorflow.io,https://zenmonitorflow.io,42,Raleigh,US,2026-06-13 01:10:14
2026-06-13,Legal,JuniperVerdict Flow,(753) 513-8279,,https://www.juniperverdictflow.com,17,Tampa,US,2026-06-13 05:56:54
2026-06-13,ERP,PrimeForgeSphere,+13777108331,hello@primeforgesphere.com,https://www.primeforgesphere.com,421,Phoenix,US,2026-06-13 03:24:01
2026-06-13,Medical,Bold HealthSolutions,+17008476070,info@boldhealthsolutions.com,https://boldhealthsolutions.com,188,Melbourne,AU,2026-06-13 01:14:42
2026-06-13,Legal,Nimbus ClauseLabs,980-941-5252,hello@nimbusclauselabs.io,https://www.nimbusclauselabs.io,3730,Columbus,US,2026-06-13 05:48:09
2026-06-13,Medical,Mosaic HealthDynamics,568.651.2778,info@mosaichealthdynamics.com,https://mosaichealthdynamics.com,457,Chicago,US,2026-06-13 02:22:12
2026-06-13,HR,GoldenRoster Base,(631) 344-8884,N/A,https://www.goldenrosterbase.co,670,Tampa,US,2026-06-13 04:52:52
2026-06-13,HR,Beacon CultureBase,(344) 580-0141,contact@beaconculturebase.com,https://www.beaconculturebase.com,24,Raleigh,US,2026-06-13 03:21:42
2026-06-13,Medical,SummitPulseSoft,312-228-7923 ext. 70,sales@summitpulsesoft.io,https://www.summitpulsesoft.io,28,Vancouver,CA,2026-06-13 06:01:12
2026-06-13,Medical,MosaicTriage Sync,1-419-841-0808 ext. 94,sales@mosaictriagesync.com,https://www.mosaictriagesync.com,7,Denver,US,2026-06-13 01:17:40
2026-06-13,ERP,BeaconBatch Flow,+18557306948,sales@beaconbatchflow.com,https://beaconbatchflow.com,6,Atlanta,US,2026-06-13 04:48:59
2026-06-13,ERP,PioneerFin Works,628-700-2226,contact@pioneerfinworks.com,pioneerfinworks.com,9,Raleigh,US,2026-06-13 01:05:35
2026-06-13,MSP Platform,LatticeNodeHub,615.247.9492,hello@latticenodehub.com,https://www.latticenodehub.com,409,Singapore,SG,2026-06-13 02:30:41
2026-06-13,Medical,MosaicChartWorks,1-488-993-1031,contact@mosaicchartworks.com,https://www.mosaicchartworks.com,13,Seattle,US,2026-06-13 03:19:51
2026-06-13,Medical,Ember VitalSoft,1-842-760-3459,info@embervitalsoft.com,https://embervitalsoft.com,37,Phoenix,US,2026-06-13 06:14:30
2026-06-13,LMS,HaloLessonPlatform,6077840917,info@halolessonplatform.io,https://halolessonplatform.io,49,Boston,US,2026-06-13 05:36:02
2026-06-13,HR,Crown Culture Outsourcing,1-603-717-2459,sales@crowncultureoutsourcing.com,https://crowncultureoutsourcing.com,36,Austin,US,2026-06-13 04:53:22
2026-06-13,Medical,FalconClinicSync,7374065659,info@falconclinicsync.com,https://www.falconclinicsync.com,34,Dublin,IE,2026-06-13 06:56:44
2026-06-13,LMS,AtlasBenefit Works,277.947.7609,contact@atlasbenefitworks.io,https://www.atlasbenefitworks.io,29,Tampa,US,2026-06-13 04:07:48
2026-06-13,Medical,FusionTriageTech,+14137145129,hello@fusiontriagetech.io,https://www.fusiontriagetech.io,742,Pune,IN,2026-06-13 05:17:12
2026-06-13,MSP Platform,Bold RemoteHub,+1 (697) 714-3285 ext. 33,sales@boldremotehub.co,https://www.boldremotehub.co,19,Austin,US,2026-06-13 02:43:35
2026-06-13,Medical,QuartzPulse Logic,+14168326296,sales@quartzpulselogic.com,https://www.quartzpulselogic.com,17,Denver,US,2026-06-13 06:23:18
2026-06-13,Legal,PivotLawDynamics,1-702-407-6756 ext. 19,hello@pivotlawdynamics.com,pivotlawdynamics.com,11,Munich,DE,2026-06-13 06:09:46
2026-06-13,Legal,JuniperLaw Sync,+17089120174,contact@juniperlawsync.com,https://www.juniperlawsync.com,25,Boston,US,2026-06-13 01:37:43
2026-06-13,Medical,Sable VitalSync,+1 (826) 206-2294,contact@sablevitalsync.com,sablevitalsync.com,95,Denver,US,2026-06-13 05:50:15
2026-06-13,MSP Platform,RapidNodéHub,1-688-402-9375,contact@rapidnodehub.com,https://rapidnodehub.com,761,Seattle,US,2026-06-13 04:26:36
2026-06-13,Legal,HaloDocketLogic,1-298-923-6813,contact@halodocketlogic.com,https://www.halodocketlogic.com,11,Columbus,US,2026-06-13 06:27:23
2026-06-13,HR,GraniteTalentLabs,709.792.4660,hello@granitetalentlabs.com,https://www.granitetalentlabs.com,857,Columbus,US,2026-06-13 03:16:33
2026-06-13,Legal,SableMatterDynamics,1-520-617-5093,info@sablematterdynamics.com,https://sablematterdynamics.com,93,Boston,US,2026-06-13 03:57:12
2026-06-13,Medical,True PatientSuite,+19737909773 ext. 65,hello@truepatientsuite.com,https://www.truepatientsuite.com,88,Chicago,US,2026-06-13 03:17:44
2026-06-13,HR,NorthRoster Hub,5478319126,sales@northrosterhub.io,https://www.northrosterhub.io,38,Raleigh,US,2026-06-13 04:48:07
2026-06-13,LMS,PrimeQuiz Platform,867-263-1615,sales@primequizplatform.io,https://www.primequizplatform.io,13,Columbus,US,2026-06-13 01:30:34
2026-06-13,Medical,True VitalWorks,+1 (637) 777-5471,contact@truevitalworks.com,https://www.truevitalworks.com,16,Raleigh,US,2026-06-13 05:16:07
2026-06-13,Legal,AtlasDocket Soft,391-239-0639,hello@atlasdocketsoft.com,https://www.atlasdocketsoft.com,10,Raleigh,US,2026-06-13 01:08:59
2026-06-13,HR,BoldRoster Works,1-311-969-6215,contact@boldrosterworks.net,https://boldrosterworks.net,34,Atlanta,US,2026-06-13 06:26:21
2026-06-13,HR,Iron PayrollDesk,7534706208,null,https://www.ironpayrolldesk.com,14,Raleigh,US,2026-06-13 04:42:10
2026-06-13,MSP Platform,Keystone PatchCore,(418) 768-3029,sales@keystonepatchcore.com,https://keystonepatchcore.com,35,Melbourne,AU,2026-06-13 01:02:00
2026-06-13,Medical,Pivot CultureDynamics,+12232141898,contact@pivotculturedynamics.net,https://pivotculturedynamics.net,14,Austin,US,2026-06-13 06:26:04
2026-06-13,ERP,AtlasBatchDynamics,8225885953,sales@atlasbatchdynamics.co,https://www.atlasbatchdynamics.co,66,Raleigh,US,2026-06-13 04:58:30
2026-06-13,ERP,Vertex PlanLogic,281-454-3606,info@vertexplanlogic.co,https://vertexplanlogic.co,41,Hyderabad,IN,2026-06-13 02:02:56
2026-06-13,Medical,Lattice Clinic BPO Services,289-476-4958,hello@latticeclinicbposervices.com,latticeclinicbposervices.com,8,Calgary,CA,2026-06-13 05:11:48
2026-06-13,ERP,Falcon StockBase,08609635135,hello@falconstockbase.com,falconstockbase.com,447,Atlanta,US,2026-06-13 01:10:37
2026-06-13,HR,ApexRoster Flow,3348614276,sales@apexrosterflow.net,https://apexrosterflow.net,210,Phoenix,US,2026-06-13 04:58:43
2026-06-13,Medical,Polaris RxSync,571-741-8547,hello@polarisrxsync.com,https://polarisrxsync.com,613,Melbourne,AU,2026-06-13 06:45:10
2026-06-13,HR,PolarisPerformSphere,9249633035 ext. 86,hello@polarisperformsphere.co,https://www.polarisperformsphere.co,221,Seattle,US,2026-06-13 05:23:59
2026-06-13,MSP Platform,PivotPatch Platform,1-679-603-1086,hello@pivotpatchplatform.com,https://pivotpatchplatform.com,7,Seattle,US,2026-06-13 06:16:53
2026-06-13,ERP,Summit ResourceTech,491-874-0111,contact@summitresourcetech.net,summitresourcetech.net,1732,London,UK,2026-06-13 04:01:06
2026-06-13,MSP Platform,CobaltTicketCloud,(545) 745-8607,sales@cobaltticketcloud.com,https://www.cobaltticketcloud.com,1392,Vancouver,CA,2026-06-13 02:31:50
2026-06-13,MSP Platform,NovaGrid Solutions,(809) 400-0346,contact@novagridsolutions.co,https://www.novagridsolutions.co,32,Raleigh,US,2026-06-13 05:35:22
2026-06-13,MSP Platform,Ridge StackLogic,+16075558564,contact@ridgestacklogic.net,https://ridgestacklogic.net,49,Atlanta,US,2026-06-13 03:08:58
2026-06-13,HR,IndigoPayroll Desk,431.608.3442,contact@indigopayrolldesk.com,https://www.indigopayrolldesk.com,156,Seattle,US,2026-06-13 05:42:08
2026-06-13,Medical,TidalMedSync,+19048690862,hello@tidalmedsync.net,https://www.tidalmedsync.net,482,Atlanta,US,2026-06-13 03:39:45
2026-06-13,HR,CrestShift Dynamics,385-997-8986 ext. 58,info@crestshiftdynamics.com,https://www.crestshiftdynamics.com,749,Atlanta,US,2026-06-13 06:52:56
2026-06-13,Legal,CrownFilingLogic,+18493159100,sales@crownfilinglogic.com,https://crownfilinglogic.com,50,Berlin,DE,2026-06-13 06:55:34
2026-06-13,ERP,KeystonePlanTech,350.603.5256,sales@keystoneplantech.com,https://www.keystoneplantech.com,41,Phoenix,US,2026-06-13 05:36:16
2026-06-13,Medical,CoreClinicLabs,(309) 337-8877,hello@corecliniclabs.com,https://www.corecliniclabs.com,24,Raleigh,US,2026-06-13 06:59:56
2026-06-13,Medical,AtlasHealth Sphere,(748) 690-9346,hello@atlashealthsphere.net,https://www.atlashealthsphere.net,22,Vancouver,CA,2026-06-13 05:24:11
2026-06-13,Medical,AtlasCareTech,349-509-7890,sales@atlascaretech.io,atlascaretech.io,14,Boston,US,2026-06-13 02:22:19
2026-06-13,MSP Platform,HarborPatchWorks,1-553-524-6531,contact@harborpatchworks.com,harborpatchworks.com,30,Chicago,US,2026-06-13 04:36:07
2026-06-13,Legal,BeaconCase Core,456-559-9027,info@beaconcasecore.net,https://www.beaconcasecore.net,94,Boston,US,2026-06-13 06:28:21
2026-06-13,Medical,Clear CareSuite,+19386623809,sales@clearcaresuite.co,https://clearcaresuite.co,8,N/A,PK,2026-06-13 05:50:21
2026-06-13,MSP Platform,RidgewayRemoteTech,1-965-878-0087,contact@ridgewayremotetech.co,ridgewayremotetech.co,17,Tampa,US,2026-06-13 01:32:58
2026-06-13,Medical,GraniteClinic Platform,(662) 561-4867,sales@graniteclinicplatform.com,graniteclinicplatform.com,106,Amsterdam,NL,2026-06-13 01:32:01
2026-06-13,ERP,Iron PlanSphere,688.780.7922,sales@ironplansphere.com,https://ironplansphere.com,13,Raleigh,US,2026-06-13 06:39:09
2026-06-13,Medical,Anchor TriageWorks,1-701-421-8247,hello@anchortriageworks.com,https://www.anchortriageworks.com,230,Hyderabad,IN,2026-06-13 06:24:10
2026-06-13,LMS,PolarisMentorSolutions,+16307595021,sales@polarismentorsolutions.co,https://www.polarismentorsolutions.co,1341,Austin,US,2026-06-13 06:47:44
2026-06-13,Legal,SolidDocketBase,(360) 775-1892 ext. 27,hello@soliddocketbase.net,https://www.soliddocketbase.net,46,Columbus,US,2026-06-13 01:43:07
2026-06-13,Medical,Quantum VitalCloud,637.539.0994,hello@quantumvitalcloud.com,https://www.quantumvitalcloud.com,5,Amsterdam,NL,2026-06-13 03:39:44
2026-06-13,MSP Platform,Crown UptimeTech,02322510240,hello@crownuptimetech.net,https://crownuptimetech.net,360,Leeds,UK,2026-06-13 03:17:32
2026-06-13,ERP,RidgewayOpsSoft,3538553024,contact@ridgewayopssoft.com,https://www.ridgewayopssoft.com,13,Leeds,UK,2026-06-13 02:14:07
2026-06-13,ERP,IndigoLedger Tech,+15662214961,info@indigoledgertech.com,https://www.indigoledgertech.com,13,London,UK,2026-06-13 04:51:57
2026-06-13,ERP,Prime ForgeSync,1-812-982-0135,contact@primeforgesync.com,primeforgesync.com,53,Chicago,US,2026-06-13 06:26:48
2026-06-13,ERP,VeloBatch Soft,4146303609,,velobatchsoft.com,107,Phoenix,US,2026-06-13 02:06:16
2026-06-13,ERP,Prime Batch Recruiting,+13115034232,info@primebatchrecruiting.com,https://www.primebatchrecruiting.com,134,Boston,US,2026-06-13 04:16:51
2026-06-13,ERP,Clear LedgerDynamics,+1 (673) 472-0994,hello@clearledgerdynamics.net,https://www.clearledgerdynamics.net,499,Phoenix,US,2026-06-13 02:11:13
2026-06-13,HR,MetaPeople Platform,(715) 698-7089,hello@metapeopleplatform.com,https://metapeopleplatform.com,6,Munich,DE,2026-06-13 05:49:44
2026-06-13,ERP,Juniper LedgerHub,679-846-7560,contact@juniperledgerhub.co,juniperledgerhub.co,120,Dublin,IE,2026-06-13 01:47:27
2026-06-13,ERP,Velo OrderFlow,1-809-778-0085 ext. 40,hello@veloorderflow.com,https://veloorderflow.com,11,Chicago,US,2026-06-13 01:57:08
2026-06-13,MSP Platform,UmbraEndpointDynamics,+1 (524) 473-1806,info@umbraendpointdynamics.net,https://www.umbraendpointdynamics.net,227,Leeds,UK,2026-06-13 06:47:33
2026-06-13,Medical,Xenon PulseSolutions,794.329.7441,hello@xenonpulsesolutions.io,https://www.xenonpulsesolutions.io,44,Raleigh,US,2026-06-13 04:06:45
2026-06-13,Medical,VertexPulseDynamics,+19112530280 ext. 89,N/A,https://www.vertexpulsedynamics.co,475,Boston,US,2026-06-13 06:09:43
2026-06-13,Medical,AltaHealth Base,+15714517899,contact@altahealthbase.com,https://www.altahealthbase.com,223,Raleigh,US,2026-06-13 03:46:35
2026-06-13,MSP Platform,HaloEndpointCloud,1-669-382-5452,contact@haloendpointcloud.io,https://haloendpointcloud.io,-,Atlanta,US,2026-06-13 06:35:09
2026-06-13,MSP Platform,QuartzStack Base,+17872784820,contact@quartzstackbase.com,https://www.quartzstackbase.com,764,Atlanta,US,2026-06-13 05:25:19
2026-06-13,ERP,Alta OpsPlatform,+13988590111,sales@altaopsplatform.com,https://www.altaopsplatform.com,83,Raleigh,US,2026-06-13 06:32:51
2026-06-13,ERP,IndigoChainDesk,1-446-754-9280,contact@indigochaindesk.com,https://www.indigochaindesk.com,111,Melbourne,AU,2026-06-13 02:28:56
2026-06-13,MSP Platform,CoreGrid App,462-475-9443,sales@coregridapp.io,https://coregridapp.io,17,Hyderabad,IN,2026-06-13 06:59:59
2026-06-13,MSP Platform,Quartz’s MonitorSolutions,+18033023615,sales@quartzmonitorsolutions.com,https://www.quartzmonitorsolutions.com,20,Leeds,UK,2026-06-13 05:00:08
2026-06-13,Medical,Juniper ChartPoint,777-775-3299,-,https://www.juniperchartpoint.com,61,Chicago,US,2026-06-13 05:20:29
2026-06-13,Legal,LumenCaseSoft,(262) 372-8921,hello@lumencasesoft.com,https://www.lumencasesoft.com,24,London,UK,2026-06-13 05:16:36
2026-06-13,Medical,Apex MedSystems,2346305600,sales@apexmedsystems.com,https://apexmedsystems.com,38,Munich,DE,2026-06-13 06:50:38
2026-06-13,HR,CrownRoster Flow,1-971-751-1990,sales@crownrosterflow.com,https://www.crownrosterflow.com,244,Bengaluru,IN,2026-06-13 05:27:15
2026-06-13,Legal,ClearDocket Base,(895) 941-9933,contact@cleardocketbase.io,https://www.cleardocketbase.io,756,Dublin,IE,2026-06-13 04:19:44
2026-06-13,ERP,RavenChainSync,(683) 203-7657,info@ravenchainsync.com,https://ravenchainsync.com,6,Chicago,US,2026-06-13 06:17:33
2026-06-13,MSP Platform,Atlas Node Recruiting,+12799335264,sales@atlasnoderecruiting.io,https://www.atlasnoderecruiting.io,18,Raleigh,US,2026-06-13 04:02:10
2026-06-13,Medical,ZephyrHealthBase,(986) 740-5866,contact@zephyrhealthbase.com,https://www.zephyrhealthbase.com,7,Columbus,US,2026-06-13 04:51:39
2026-06-13,HR,IronCulture Platform,+15193001857,hello@ironcultureplatform.com,https://ironcultureplatform.com,811,Toronto,CA,2026-06-13 06:41:01
2026-06-13,ERP,NimbusPlanSync,6415787917,contact@nimbusplansync.co,nimbusplansync.co,47,Pune,IN,2026-06-13 01:20:20
2026-06-13,Legal,PioneerVerdictLogic,664-595-0360,sales@pioneerverdictlogic.io,https://www.pioneerverdictlogic.io,27,Toronto,CA,2026-06-13 06:17:52
2026-06-13,ERP,IronForgeSuite,1-654-423-9997,info@ironforgesuite.com,https://ironforgesuite.com,78,Seattle,US,2026-06-13 02:05:28
2026-06-13,Medical,PivotTriageLabs,+1 (270) 246-6017,info@pivottriagelabs.co,https://www.pivottriagelabs.co,34,Bengaluru,IN,2026-06-13 01:02:57
2026-06-13,Legal,Solid DocketSolutions,+1 (889) 486-0588,info@soliddocketsolutions.net,https://www.soliddocketsolutions.net,39,Atlanta,US,2026-06-13 05:24:35
2026-06-13,HR,MetaPayroll Labs,2135686818,hello@metapayrolllabs.com,https://www.metapayrolllabs.com,417,Sydney,AU,2026-06-13 04:30:50
2026-06-13,Medical,LatticePatient Dynamics,686-256-3155,info@latticepatientdynamics.com,https://www.latticepatientdynamics.com,18,London,UK,2026-06-13 04:57:26
2026-06-13,ERP,Mosaic OrderHub,07976403926,contact@mosaicorderhub.co,https://www.mosaicorderhub.co,195,Phoenix,US,2026-06-13 04:15:41
2026-06-13,ERP,HaloResourceLabs,800-785-7409,info@haloresourcelabs.com,https://www.haloresourcelabs.com,8,Austin,US,2026-06-13 05:41:28
2026-06-13,ERP,VeloPlan Tech,682.219.0704,info@veloplantech.com,https://www.veloplantech.com,48,Denver,US,2026-06-13 03:18:53
2026-06-13,ERP,OnyxLedger Base,658.452.8772 ext. 26,sales@onyxledgerbase.com,https://onyxledgerbase.com,35,Pune,IN,2026-06-13 02:42:37
2026-06-13,ERP,NimbusCase Labs,617-726-5297,info@nimbuscaselabs.io,https://nimbuscaselabs.io,183,Austin,US,2026-06-13 05:03:18
2026-06-13,HR,MosaicRoster Point,1-580-873-4800,info@mosaicrosterpoint.com,https://www.mosaicrosterpoint.com,19,Denver,US,2026-06-13 03:27:54
2026-06-13,Medical,IndigoPatientSoft,+15718811007,sales@indigopatientsoft.com,https://www.indigopatientsoft.com,44,Raleigh,US,2026-06-13 02:13:42
2026-06-13,Medical,CrownCare Tech,(564) 408-6485,contact@crowncaretech.co,https://crowncaretech.co,209,Phoenix,US,2026-06-13 06:39:35
2026-06-13,MSP Platform,Silver GridPlatform,+12276990970,hello@silvergridplatform.com,https://silvergridplatform.com,8,Toronto,CA,2026-06-13 05:52:24
2026-06-13,Medical,NovaCareSuite,454.900.1644,info@novacaresuite.io,https://novacaresuite.io,142,Bengaluru,IN,2026-06-13 03:40:48
2026-06-13,MSP Platform,SilverStackSystems,(307) 616-4146,info@silverstacksystems.io,https://www.silverstacksystems.io,240,Amsterdam,NL,2026-06-13 06:04:29
2026-06-13,Legal,XenonLawSphere,378-253-1118,hello@xenonlawsphere.com,https://www.xenonlawsphere.com,11,Karachi,PK,2026-06-13 04:02:53
2026-06-13,Legal,KeystoneDocket App,661-427-0086,contact@keystonedocketapp.net,https://www.keystonedocketapp.net,4651,Seattle,US,2026-06-13 03:21:33
2026-06-13,ERP,CrownResourceSoft,+15146168668,info@crownresourcesoft.net,https://www.crownresourcesoft.net,15,Hyderabad,IN,2026-06-13 06:30:06
2026-06-13,LMS,PioneerCourseSoft,(760) 657-1087 ext. 62,sales@pioneercoursesoft.com,https://pioneercoursesoft.com,33,Islamabad,PK,2026-06-13 01:04:39
2026-06-13,LMS,KeystoneLesson Base,613-835-8402,hello@keystonelessonbase.co,https://keystonelessonbase.co,57,Austin,US,2026-06-13 01:15:08
2026-06-13,ERP,Pivot Batch Outsourcing,290-854-5235,sales@pivotbatchoutsourcing.com,https://pivotbatchoutsourcing.com,17,Phoenix,US,2026-06-13 05:15:09
2026-06-13,HR,NovaTalent Solutions,+13788164296,info@novatalentsolutions.com,novatalentsolutions.com,448,Lahore,PK,2026-06-13 02:21:22
2026-06-13,HR,VeloCulture Desk,(886) 818-0807,info@veloculturedesk.net,https://www.veloculturedesk.net,41,London,UK,2026-06-13 02:22:21
2026-06-13,HR,KeystoneRosterApp,+13544455879,sales@keystonerosterapp.com,https://keystonerosterapp.com,230,Manchester,UK,2026-06-13 03:54:43
2026-06-13,Medical,GraniteTriage Systems,6099140921 ext. 97,contact@granitetriagesystems.com,https://granitetriagesystems.com,24,Islamabad,PK,2026-06-13 05:03:10
2026-06-13,ERP,RavenChain Hub,1-441-768-9723,sales@ravenchainhub.io,https://www.ravenchainhub.io,505,Sydney,AU,2026-06-13 01:35:12
2026-06-13,ERP,IndigoLedgerCloud,+17783641375,contact@indigoledgercloud.com,https://www.indigoledgercloud.com,500,Boston,US,2026-06-13 04:37:24
2026-06-13,ERP,EmberOrder Solutions,1-618-295-8915,info@emberordersolutions.io,emberordersolutions.io,51,Boston,US,2026-06-13 02:16:15
2026-06-13,ERP,Silver OrderLabs,(755) 843-3664,hello@silverorderlabs.com,https://silverorderlabs.com,123,Munich,DE,2026-06-13 01:02:41
2026-06-13,MSP Platform,SummitRemote Soft,+18318111332,sales@summitremotesoft.io,https://www.summitremotesoft.io,2332,Berlin,DE,2026-06-13 04:21:35
2026-06-13,Medical,Iron RxHub,+17596700588,info@ironrxhub.com,ironrxhub.com,205,Denver,US,2026-06-13 01:38:37
2026-06-13,Legal,CedarVerdictApp,+15996546369,,https://www.cedarverdictapp.com,24,Tampa,US,2026-06-13 04:19:26
2026-06-13,ERP,Keystone OpsSphere,1-921-879-5909,sales@keystoneopssphere.com,https://www.keystoneopssphere.com,-,Vancouver,CA,2026-06-13 02:19:36
2026-06-13,ERP,IronPlan Hub,981.869.5718,contact@ironplanhub.com,https://www.ironplanhub.com,2960,Columbus,US,2026-06-13 05:43:10
2026-06-13,ERP,Orbit OpsSoft,(666) 580-4154,info@orbitopssoft.co,https://orbitopssoft.co,404,Chicago,US,2026-06-13 01:16:33
2026-06-13,Medical,ClearPatientBase,812.395.6998,contact@clearpatientbase.co,https://clearpatientbase.co,105,Berlin,DE,2026-06-13 03:11:56
2026-06-13,HR,RidgeOnboard Platform,1-941-950-3689,contact@ridgeonboardplatform.com,https://www.ridgeonboardplatform.com,193,Pune,IN,2026-06-13 05:11:29
2026-06-13,HR,LumenTalent Solutions,438-495-5153,N/A,https://lumentalentsolutions.net,N/A,London,UK,2026-06-13 04:15:33
2026-06-13,ERP,HaloForgeDynamics,8994006288,sales@haloforgedynamics.com,https://www.haloforgedynamics.com,241,Sydney,AU,2026-06-13 03:48:18
2026-06-13,MSP Platform,MetaMonitorSystems,+1 (650) 545-0676,info@metamonitorsystems.com,https://metamonitorsystems.com,547,Denver,US,2026-06-13 03:29:25
2026-06-13,HR,AltaRoster Platform,1-838-573-4608,contact@altarosterplatform.com,https://altarosterplatform.com,31,Denver,US,2026-06-13 05:05:44
2026-06-13,MSP Platform,Silver GridCloud,656-938-0170 ext. 89,sales@silvergridcloud.com,https://www.silvergridcloud.com,46,Dublin,IE,2026-06-13 03:49:37
2026-06-13,MSP Platform,Onyx Stack BPO Services,(492) 273-9228,contact@onyxstackbposervices.net,https://www.onyxstackbposervices.net,43,Pune,IN,2026-06-13 05:11:42
2026-06-13,MSP Platform,EmberRemote Works,1-310-822-7842,contact@emberremoteworks.com,emberremoteworks.com,40,Atlanta,US,2026-06-13 06:55:49
2026-06-13,Medical,CrownPatient Works,09848237510,info@crownpatientworks.net,https://www.crownpatientworks.net,43,Toronto,CA,2026-06-13 05:03:32
2026-06-13,HR,TidalShift Sphere,+18349257377,contact@tidalshiftsphere.com,https://www.tidalshiftsphere.com,4108,Pune,IN,2026-06-13 05:57:00
2026-06-13,Medical,BrightPulse Labs,(858) 593-5429,contact@brightpulselabs.com,https://brightpulselabs.com,2980,Melbourne,AU,2026-06-13 05:53:24
2026-06-13,LMS,XenonLessonDynamics,1-538-606-5959,info@xenonlessondynamics.com,https://xenonlessondynamics.com,81,Tampa,US,2026-06-13 04:48:39
2026-06-13,MSP Platform,DeltaTicketPlatform,+12186418733,sales@deltaticketplatform.io,https://www.deltaticketplatform.io,10,Atlanta,US,2026-06-13 03:08:29
2026-06-13,Legal,RapidCase’s Tech,876.882.5288,hello@rapidcasetech.net,https://www.rapidcasetech.net,26,Karachi,PK,2026-06-13 03:11:37
2026-06-13,Medical,ZephyrHealth Hub,2105462233,sales@zephyrhealthhub.com,zephyrhealthhub.com,30,Raleigh,US,2026-06-13 04:04:03
2026-06-13,HR,SilverRosterBase,(959) 619-6075,info@silverrosterbase.net,https://silverrosterbase.net,67,Phoenix,US,2026-06-13 02:05:18
2026-06-13,ERP,Keystone PlanDesk,+1 (376) 505-0024,contact@keystoneplandesk.io,https://www.keystoneplandesk.io,16,Atlanta,US,2026-06-13 02:35:58
2026-06-13,HR,PolarisCulture Hub,+17013543904,info@polarisculturehub.net,https://www.polarisculturehub.net,92,Toronto,CA,2026-06-13 01:29:40
2026-06-13,HR,NorthPerform Hub,(461) 481-4672,hello@northperformhub.co,northperformhub.co,30,Vancouver,CA,2026-06-13 04:01:22
2026-06-13,MSP Platform,CrownStackSystems,+13567313382,contact@crownstacksystems.co,https://www.crownstacksystems.co,21,Raleigh,US,2026-06-13 02:38:09
2026-06-13,MSP Platform,Summit UptimeApp,+1 (348) 536-1478,sales@summituptimeapp.com,https://summituptimeapp.com,36,Chicago,US,2026-06-13 02:07:52
2026-06-13,ERP,OrbitPlanHub,+1 (305) 349-6993,contact@orbitplanhub.io,https://orbitplanhub.io,398,Raleigh,US,2026-06-13 06:46:20
2026-06-13,ERP,CrestOrderCloud,+1 (242) 324-7295,info@crestordercloud.com,https://www.crestordercloud.com,725,Atlanta,US,2026-06-13 02:41:08
2026-06-13,Medical,Bright Vital Manpower Services,+13217601765,hello@brightvitalmanpowerservices.net,https://www.brightvitalmanpowerservices.net,17,Boston,US,2026-06-13 06:25:23
2026-06-13,Medical,DeltaChartSystems,+12513217584,contact@deltachartsystems.io,https://www.deltachartsystems.io,719,Singapore,SG,2026-06-13 03:09:28
2026-06-13,HR,RavenOnboard Point,(295) 687-5970,hello@ravenonboardpoint.com,https://ravenonboardpoint.com,129,Seattle,US,2026-06-13 01:43:47
2026-06-13,Medical,Blué ClinicBase,+1 (957) 260-9046,sales@blueclinicbase.com,https://blueclinicbase.com,3247,Columbus,US,2026-06-13 02:24:18
2026-06-13,HR,AnchorPayroll Suite,(544) 483-2788 ext. 63,info@anchorpayrollsuite.com,https://www.anchorpayrollsuite.com,6,Seattle,US,2026-06-13 04:12:38
2026-06-13,Legal,VistaFiling App,372-911-5101,sales@vistafilingapp.co,https://www.vistafilingapp.co,-,Amsterdam,NL,2026-06-13 02:02:15
2026-06-13,ERP,Cobalt StockSystems,7447128315,hello@cobaltstocksystems.com,cobaltstocksystems.com,19,Austin,US,2026-06-13 04:18:38
2026-06-13,ERP,AtlasOrderApp,+16253050637,contact@atlasorderapp.io,https://www.atlasorderapp.io,5,Boston,US,2026-06-13 06:44:17
2026-06-13,Legal,Nova CulturePoint,(923) 941-5415,info@novaculturepoint.com,novaculturepoint.com,205,Tampa,US,2026-06-13 03:58:35
2026-06-13,HR,FusionPayroll Platform,204-317-9402,contact@fusionpayrollplatform.com,fusionpayrollplatform.com,44,Austin,US,2026-06-13 01:01:25
2026-06-13,HR,Crest PerformSphere,(848) 887-3136,contact@crestperformsphere.com,https://crestperformsphere.com,6,Raleigh,US,2026-06-13 01:12:41
2026-06-13,Medical,VistaCare Base,+1 (582) 299-0713,hello@vistacarebase.com,https://vistacarebase.com,16,Phoenix,US,2026-06-13 05:34:33
2026-06-13,Legal,SableLawSphere,301-730-5513,contact@sablelawsphere.io,https://www.sablelawsphere.io,104,Raleigh,US,2026-06-13 01:29:17
2026-06-13,Medical,RidgeMed Sphere,(810) 269-8096,contact@ridgemedsphere.io,https://www.ridgemedsphere.io,533,Lahore,PK,2026-06-13 05:21:47
2026-06-13,Legal,Rapid FilingSoft,1-397-489-4788,hello@rapidfilingsoft.com,https://www.rapidfilingsoft.com,13,Phoenix,US,2026-06-13 03:46:19
2026-06-13,LMS,HarborQuizLabs,1-226-793-1379,info@harborquizlabs.com,https://harborquizlabs.com,170,Leeds,UK,2026-06-13 01:11:17
2026-06-13,ERP,Beacon ResourceCore,(468) 352-0985,hello@beaconresourcecore.com,https://www.beaconresourcecore.com,884,Atlanta,US,2026-06-13 02:19:27
2026-06-13,ERP,UmbraForge Cloud,859.972.3061,hello@umbraforgecloud.com,umbraforgecloud.com,50,Calgary,CA,2026-06-13 01:27:01
2026-06-13,Medical,Beacon PatientFlow,8195602518,hello@beaconpatientflow.com,https://beaconpatientflow.com,188,Vancouver,CA,2026-06-13 06:02:42
2026-06-13,Medical,WillowVitalCore,(676) 518-5713,info@willowvitalcore.com,https://willowvitalcore.com,259,Phoenix,US,2026-06-13 02:14:44
2026-06-13,ERP,Nova ForgeSphere,+1 (665) 518-2424,info@novaforgesphere.com,https://www.novaforgesphere.com,13,London,UK,2026-06-13 03:15:23
2026-06-13,LMS,AnchorTutor Cloud,03666524639,info@anchortutorcloud.net,https://www.anchortutorcloud.net,971,Austin,US,2026-06-13 01:12:31
2026-06-13,HR,OmniRosterPoint,944.287.8559,hello@omnirosterpoint.io,https://www.omnirosterpoint.io,98,Vancouver,CA,2026-06-13 01:05:13
2026-06-13,Legal,Iron VerdictCore,(687) 869-7828,hello@ironverdictcore.com,https://www.ironverdictcore.com,458,Boston,US,2026-06-13 06:07:26
2026-06-13,MSP Platform,Pivot RemoteLabs,1-742-391-7482,sales@pivotremotelabs.com,https://www.pivotremotelabs.com,13,Toronto,CA,2026-06-13 06:27:30
2026-06-13,ERP,Lattice ChainCore,1-813-602-0112,contact@latticechaincore.com,https://latticechaincore.com,95,Phoenix,US,2026-06-13 02:20:06
2026-06-13,Legal,CrownBrief Cloud,+12657251224,contact@crownbriefcloud.io,https://www.crownbriefcloud.io,18,Austin,US,2026-06-13 05:46:57
2026-06-13,Legal,BeaconMatterTech,+1 (633) 218-2806,hello@beaconmattertech.com,https://beaconmattertech.com,292,Manchester,UK,2026-06-13 03:13:56
2026-06-13,MSP Platform,Nimbus MonitorSuite,726-887-0212,contact@nimbusmonitorsuite.com,https://nimbusmonitorsuite.com,19,Denver,US,2026-06-13 03:21:13
2026-06-13,Medical,OrbitRxSuite,+12955967590,hello@orbitrxsuite.io,https://orbitrxsuite.io,34,Phoenix,US,2026-06-13 03:49:01
2026-06-13,HR,ApexRoster App,395.465.9656,sales@apexrosterapp.io,apexrosterapp.io,21,Denver,US,2026-06-13 05:51:14
2026-06-13,Legal,CobaltMatter Core,477-363-2900,hello@cobaltmattercore.com,https://www.cobaltmattercore.com,45,Austin,US,2026-06-13 05:08:47
2026-06-13,Medical,BoldVital’s Hub,+14562040765,info@boldvitalhub.com,https://www.boldvitalhub.com,368,Raleigh,US,2026-06-13 04:27:58
2026-06-13,MSP Platform,Prime PatchWorks,(226) 627-1343,hello@primepatchworks.com,https://primepatchworks.com,12,Bengaluru,IN,2026-06-13 06:29:10
2026-06-13,Medical,Alta MedPoint,1-675-887-3462,sales@altamedpoint.com,https://altamedpoint.com,3661,Raleigh,US,2026-06-13 02:12:54
2026-06-13,ERP,Indigo BatchBase,965.535.7211,hello@indigobatchbase.com,https://indigobatchbase.com,103,Seattle,US,2026-06-13 02:37:43
2026-06-13,HR,Keystone PeopleSoft,(260) 439-0596,hello@keystonepeoplesoft.com,keystonepeoplesoft.com,38,Hyderabad,IN,2026-06-13 02:49:15
2026-06-13,MSP Platform,VistaPatch Suite,+19042506398,hello@vistapatchsuite.io,https://www.vistapatchsuite.io,171,Tampa,US,2026-06-13 05:25:50
2026-06-13,ERP,AnchorOpsSoft,2788415055,info@anchoropssoft.com,https://anchoropssoft.com,516,Seattle,US,2026-06-13 03:44:20
2026-06-13,ERP,IndigoPlan Base,1-804-311-4367,sales@indigoplanbase.net,https://www.indigoplanbase.net,412,Boston,US,2026-06-13 06:24:15
2026-06-13,Legal,MetaMatter App,+1 (696) 594-7092,hello@metamatterapp.com,https://www.metamatterapp.com,30,London,UK,2026-06-13 03:48:07
2026-06-13,MSP Platform,Onyx Grid Staffing,837-340-2893,contact@onyxgridstaffing.com,https://www.onyxgridstaffing.com,370,N/A,US,2026-06-13 03:18:54
2026-06-13,ERP,LatticeResource Desk,7748476020,contact@latticeresourcedesk.com,https://www.latticeresourcedesk.com,18,London,UK,2026-06-13 01:57:10
2026-06-13,Legal,RidgewayBrief Base,6829513690,hello@ridgewaybriefbase.co,https://www.ridgewaybriefbase.co,124,Islamabad,PK,2026-06-13 01:04:59
2026-06-13,HR,EmberShiftSuite,+1 (683) 573-8171,info@embershiftsuite.com,https://embershiftsuite.com,N/A,Tampa,US,2026-06-13 06:39:19
2026-06-13,HR,RidgewayPayrollDesk,908-545-4435,sales@ridgewaypayrolldesk.com,https://www.ridgewaypayrolldesk.com,18,Atlanta,US,2026-06-13 03:24:11
2026-06-13,Medical,QuantumMedHub,(295) 595-3100,sales@quantummedhub.com,https://quantummedhub.com,151,Columbus,US,2026-06-13 05:40:48
2026-06-13,MSP Platform,OnyxMonitor Logic,(289) 613-9330,hello@onyxmonitorlogic.co,https://www.onyxmonitorlogic.co,56,Manchester,UK,2026-06-13 01:39:10
2026-06-13,MSP Platform,ArchStack Works,+17122315275 ext. 43,hello@archstackworks.co,https://www.archstackworks.co,32,Phoenix,US,2026-06-13 05:00:54
2026-06-13,ERP,HaloFin Solutions,345-546-6857 ext. 13,info@halofinsolutions.com,https://www.halofinsolutions.com,7,Austin,US,2026-06-13 06:05:52
2026-06-13,HR,LumenRoster Suite,+18337073244,info@lumenrostersuite.net,https://www.lumenrostersuite.net,131,Phoenix,US,2026-06-13 03:13:13
2026-06-13,Medical,CoreVitalCloud,(839) 416-5603,info@corevitalcloud.net,corevitalcloud.net,44,Amsterdam,NL,2026-06-13 05:23:24
2026-06-13,Medical,MetaChart Base,404.841.5397,info@metachartbase.com,https://metachartbase.com,2032,Columbus,US,2026-06-13 03:57:44
2026-06-13,ERP,WillowForgeSystems,(662) 436-3776,info@willowforgesystems.com,https://www.willowforgesystems.com,67,Austin,US,2026-06-13 02:21:07
2026-06-13,HR,MosaicRoster Solutions,347-573-9067,hello@mosaicrostersolutions.com,https://www.mosaicrostersolutions.com,46,Atlanta,US,2026-06-13 03:19:02
2026-06-13,HR,UmbraPerform Solutions,(321) 928-3630,contact@umbraperformsolutions.net,https://umbraperformsolutions.net,1464,Seattle,US,2026-06-13 02:57:17
2026-06-13,Medical,Umbra HealthCore,(982) 610-2234,sales@umbrahealthcore.com,https://umbrahealthcore.com,-,Berlin,DE,2026-06-13 01:23:41
2026-06-13,HR,MosaicBénefit Platform,+18684988753,sales@mosaicbenefitplatform.net,mosaicbenefitplatform.net,66,Boston,US,2026-06-13 04:56:56
2026-06-13,MSP Platform,Ridge UptimeSuite,529-614-4916,hello@ridgeuptimesuite.io,https://www.ridgeuptimesuite.io,70,Boston,US,2026-06-13 03:18:39
2026-06-13,ERP,Golden OpsCore,(442) 799-3182,hello@goldenopscore.com,https://www.goldenopscore.com,10,Denver,US,2026-06-13 02:41:48
2026-06-13,ERP,GraniteOrderLabs,+12738934573 ext. 1,hello@graniteorderlabs.com,https://www.graniteorderlabs.com,209,Raleigh,US,2026-06-13 03:34:25
2026-06-13,MSP Platform,IndigoNet Labs,1-892-295-5271,hello@indigonetlabs.com,https://www.indigonetlabs.com,214,Austin,US,2026-06-13 03:08:38
2026-06-13,Legal,VertexCaseWorks,533.481.8790,sales@vertexcaseworks.com,https://vertexcaseworks.com,9,Raleigh,US,2026-06-13 05:55:10
2026-06-13,HR,QuantumPeopleLogic,+17166487552 ext. 83,info@quantumpeoplelogic.net,https://www.quantumpeoplelogic.net,1113,Seattle,US,2026-06-13 03:05:16
2026-06-13,MSP Platform,Ember UptimeWorks,+15063667014,info@emberuptimeworks.com,https://www.emberuptimeworks.com,11,Denver,US,2026-06-13 01:57:09
2026-06-13,HR,Alta PerformCloud,372-772-9728,hello@altaperformcloud.com,https://www.altaperformcloud.com,387,Seattle,US,2026-06-13 03:58:35
2026-06-13,MSP Platform,QuartzUptimeCore,+16767480498,info@quartzuptimecore.com,https://www.quartzuptimecore.com,17,Austin,US,2026-06-13 05:29:02
2026-06-13,Medical,Tidal TriageSync,4859672778,info@tidaltriagesync.io,https://tidaltriagesync.io,N/A,Tampa,US,2026-06-13 05:29:31
2026-06-13,MSP Platform,Xenon StackSphere,(396) 830-7456,sales@xenonstacksphere.com,https://www.xenonstacksphere.com,171,Columbus,US,2026-06-13 05:36:19
2026-06-13,Legal,ZenCompliSuite,(570) 974-5366,contact@zencomplisuite.net,https://www.zencomplisuite.net,6,Tampa,US,2026-06-13 05:58:48
2026-06-13,Legal,Prime CompliSystems,+19704703036,contact@primecomplisystems.io,https://primecomplisystems.io,48,London,UK,2026-06-13 03:12:46
2026-06-13,HR,PrimeRoster Base,287.320.9101,sales@primerosterbase.co,https://www.primerosterbase.co,68,Chicago,US,2026-06-13 03:27:14
2026-06-13,HR,OmniBenefit Point,619.446.9803,contact@omnibenefitpoint.com,https://www.omnibenefitpoint.com,12,Columbus,US,2026-06-13 02:40:19
2026-06-13,HR,HarborBenefit Suite,+18017836715,info@harborbenefitsuite.com,https://harborbenefitsuite.com,44,Manchester,UK,2026-06-13 03:37:58
2026-06-13,ERP,Quartz ChainFlow,+18473246194,hello@quartzchainflow.com,https://www.quartzchainflow.com,166,Toronto,CA,2026-06-13 02:58:51
2026-06-13,Medical,VertexPulseTech,1-889-784-6096,contact@vertexpulsetech.com,https://vertexpulsetech.com,13,Chicago,US,2026-06-13 06:33:20
2026-06-13,HR,Willow Perform Talent Agency,+1 (735) 719-0616,info@willowperformtalentagency.com,https://willowperformtalentagency.com,700,Sydney,AU,2026-06-13 02:17:04
2026-06-13,Medical,Pioneer HealthDynamics,+12194876178 ext. 52,hello@pioneerhealthdynamics.io,https://pioneerhealthdynamics.io,27,null,CA,2026-06-13 05:27:38
2026-06-13,Legal,CrownMatter Labs,482-759-7709,contact@crownmatterlabs.co,https://www.crownmatterlabs.co,456,Boston,US,2026-06-13 01:43:34
2026-06-13,Medical,WillowPulse Soft,583.304.1467 ext. 15,info@willowpulsesoft.net,https://www.willowpulsesoft.net,8,N/A,US,2026-06-13 04:15:39
2026-06-13,Medical,SableHealth Platform,(318) 759-5812,N/A,https://www.sablehealthplatform.io,34,Melbourne,AU,2026-06-13 06:21:22
2026-06-13,MSP Platform,UmbraRemoteSoft,9637258248,contact@umbraremotesoft.io,https://umbraremotesoft.io,110,Singapore,SG,2026-06-13 03:44:50
2026-06-13,Legal,Granite LawHub,621-769-6891,,https://www.granitelawhub.io,19,Bengaluru,IN,2026-06-13 02:04:24
2026-06-13,HR,Crest BenefitSystems,+1 (812) 371-8899 ext. 57,info@crestbenefitsystems.io,https://www.crestbenefitsystems.io,69,Boston,US,2026-06-13 03:49:21
2026-06-13,ERP,Harbor ResourceWorks,327-826-0837,hello@harborresourceworks.co,https://www.harborresourceworks.co,37,Manchester,UK,2026-06-13 03:50:58
2026-06-13,Medical,PrimeVitalPoint,(733) 471-8309,hello@primevitalpoint.com,https://www.primevitalpoint.com,49,Phoenix,US,2026-06-13 04:53:41
2026-06-13,ERP,XenonStockDesk,+19023293250,sales@xenonstockdesk.com,https://www.xenonstockdesk.com,123,Munich,DE,2026-06-13 03:24:36
2026-06-13,HR,Cobalt Payroll Consultants,+17289645949,info@cobaltpayrollconsultants.com,https://cobaltpayrollconsultants.com,354,Phoenix,US,2026-06-13 02:39:49
2026-06-13,MSP Platform,Rapid RemoteWorks,1-881-764-5643,hello@rapidremoteworks.io,https://www.rapidremoteworks.io,20,Columbus,US,2026-06-13 04:28:31
2026-06-13,HR,Zephyr BenefitSync,9704800848,hello@zephyrbenefitsync.com,zephyrbenefitsync.com,8,Seattle,US,2026-06-13 01:49:48
2026-06-13,Legal,Arch BriefWorks,+14908261162,info@archbriefworks.com,https://www.archbriefworks.com,12,Phoenix,US,2026-06-13 05:05:40
2026-06-13,ERP,Orbit ChainWorks,538.551.3378,sales@orbitchainworks.com,https://www.orbitchainworks.com,138,London,UK,2026-06-13 02:40:16
2026-06-13,ERP,Beacon FinWorks,1-669-360-4231,sales@beaconfinworks.com,https://www.beaconfinworks.com,89,Singapore,SG,2026-06-13 01:18:19
2026-06-13,Medical,Beacon ChartLabs,374-374-5094,contact@beaconchartlabs.net,https://www.beaconchartlabs.net,15,Columbus,US,2026-06-13 02:34:03
2026-06-13,MSP Platform,NovaEndpoint Suite,+14574797252 ext. 14,sales@novaendpointsuite.co,https://novaendpointsuite.co,74,Dublin,IE,2026-06-13 01:57:36
2026-06-13,MSP Platform,ClearMonitorSoft,583.754.3318,contact@clearmonitorsoft.net,https://www.clearmonitorsoft.net,93,Raleigh,US,2026-06-13 02:10:03
2026-06-13,MSP Platform,FalconTicketFlow,391.874.4467,info@falconticketflow.net,https://www.falconticketflow.net,32,Boston,US,2026-06-13 05:36:15
2026-06-13,ERP,BeaconLedgerApp,(949) 367-7121,contact@beaconledgerapp.io,https://www.beaconledgerapp.io,41,Boston,US,2026-06-13 01:30:52
2026-06-13,Legal,PivotPatch Platform,6796031086,hello@pivotpatchplatform.com,pivotpatchplatform.com,7,Seattle,US,2026-06-13 03:29:10
2026-06-13,LMS,RapidSkill Dynamics,(743) 974-5394 ext. 67,hello@rapidskilldynamics.co,https://www.rapidskilldynamics.co,370,Dublin,IE,2026-06-13 03:29:12
2026-06-13,ERP,RavenFin Works,1-568-910-9298,hello@ravenfinworks.com,https://ravenfinworks.com,22,Columbus,US,2026-06-13 05:27:19
2026-06-13,Medical,BeaconCareWorks,1-296-629-2094,contact@beaconcareworks.com,https://www.beaconcareworks.com,2004,Chicago,US,2026-06-13 03:23:40
2026-06-13,Medical,Summit ChartSystems,8732528466,contact@summitchartsystems.com,summitchartsystems.com,9,Boston,US,2026-06-13 06:14:11
2026-06-13,Legal,ZenCase Dynamics,(800) 667-7149,hello@zencasedynamics.com,https://zencasedynamics.com,7,Denver,US,2026-06-13 03:20:44
2026-06-13,HR,RidgeTalentSuite,968-587-4731,sales@ridgetalentsuite.com,https://www.ridgetalentsuite.com,150,Manchester,UK,2026-06-13 05:05:25
2026-06-13,Legal,Anchor CounselPlatform,310-955-5703,contact@anchorcounselplatform.io,https://anchorcounselplatform.io,91,Chicago,US,2026-06-13 04:54:08
2026-06-13,HR,ClearTalentWorks,884-430-9030,sales@cleartalentworks.com,cleartalentworks.com,310,Austin,US,2026-06-13 06:54:52
2026-06-13,Medical,RavenHealthDesk,+17958918239,contact@ravenhealthdesk.com,https://www.ravenhealthdesk.com,143,Islamabad,PK,2026-06-13 06:51:00
2026-06-13,Legal,Lattice LawSystems,+18463941404,hello@latticelawsystems.com,https://latticelawsystems.com,11,Raleigh,US,2026-06-13 03:51:21
2026-06-13,ERP,HarborOpsSync,5279740307,contact@harboropssync.com,https://www.harboropssync.com,166,Atlanta,US,2026-06-13 04:24:32
2026-06-13,Legal,OrbitFiling Sphere,264-656-8066,info@orbitfilingsphere.io,https://orbitfilingsphere.io,32,Karachi,PK,2026-06-13 05:13:13
2026-06-13,HR,Fusion PerformSphere,1-653-532-9107,contact@fusionperformsphere.com,https://www.fusionperformsphere.com,137,Sydney,AU,2026-06-13 03:11:27
2026-06-13,HR,IndigoCultureLogic,+15459202466,sales@indigoculturelogic.com,https://www.indigoculturelogic.com,661,Tampa,US,2026-06-13 03:14:09
2026-06-13,ERP,NorthOpsFlow,+19174488021,sales@northopsflow.co,https://www.northopsflow.co,6,Austin,US,2026-06-13 06:25:28
2026-06-13,Medical,VeloChartSuite,1-475-697-2512,sales@velochartsuite.io,velochartsuite.io,41,Bengaluru,IN,2026-06-13 04:03:42
2026-06-13,HR,Vista OnboardLabs,(534) 643-7819 ext. 15,sales@vistaonboardlabs.net,vistaonboardlabs.net,15,Chicago,US,2026-06-13 04:04:14
2026-06-13,HR,SilverShift Systems,+18896842058,contact@silvershiftsystems.io,https://silvershiftsystems.io,814,London,UK,2026-06-13 03:01:40
2026-06-13,ERP,Core FinCore,623-773-4877,info@corefincore.com,https://corefincore.com,18,Pune,IN,2026-06-13 04:35:23
2026-06-13,HR,AnchorTeamCore,558-893-5871,sales@anchorteamcore.io,https://www.anchorteamcore.io,80,London,UK,2026-06-13 05:58:20
2026-06-13,Medical,Summit CareDesk,795-782-5658,sales@summitcaredesk.com,https://www.summitcaredesk.com,14,Dublin,IE,2026-06-13 05:14:46
2026-06-13,Legal,FusionVerdict Sync,4194262561,N/A,https://www.fusionverdictsync.com,237,Berlin,DE,2026-06-13 06:12:44
2026-06-13,Legal,MosaicFilingHub,(568) 942-9405,info@mosaicfilinghub.com,https://mosaicfilinghub.com,58,Seattle,US,2026-06-13 02:54:28
2026-06-13,HR,BrightShift Solutions,06504492155,contact@brightshiftsolutions.com,https://www.brightshiftsolutions.com,38,Austin,US,2026-06-13 01:23:12
2026-06-13,ERP,Harbor LedgerSoft,9215470574,info@harborledgersoft.com,https://www.harborledgersoft.com,464,Leeds,UK,2026-06-13 01:17:29
2026-06-13,ERP,SableOrder Base,+1 (439) 662-1321,info@sableorderbase.com,https://sableorderbase.com,198,Denver,US,2026-06-13 06:15:55
2026-06-13,HR,ApexOnboardBase,751-278-5746,hello@apexonboardbase.com,https://apexonboardbase.com,58,Austin,US,2026-06-13 04:10:31
2026-06-13,Medical,NorthCarePoint,1-326-596-1266,hello@northcarepoint.net,https://www.northcarepoint.net,435,Bengaluru,IN,2026-06-13 06:50:27
2026-06-13,MSP Platform,Tidal EndpointPoint,9635185242 ext. 89,info@tidalendpointpoint.co,https://www.tidalendpointpoint.co,195,Boston,US,2026-06-13 05:56:53
2026-06-13,MSP Platform,Nova OrderDynamics,+15094623087,sales@novaorderdynamics.com,https://novaorderdynamics.com,751,Toronto,CA,2026-06-13 01:48:21
2026-06-13,ERP,Meta OrderLogic,1-750-236-3656,info@metaorderlogic.com,https://www.metaorderlogic.com,40,Columbus,US,2026-06-13 06:35:21
2026-06-13,Legal,MetaBriefTech,1-437-688-3586,info@metabrieftech.com,https://www.metabrieftech.com,49,Austin,US,2026-06-13 04:20:00
2026-06-13,Medical,ArchVital Soft,+13546110436,contact@archvitalsoft.com,https://www.archvitalsoft.com,78,Boston,US,2026-06-13 03:01:38
2026-06-13,ERP,AtlasStock Dynamics,+16852831220,sales@atlasstockdynamics.com,https://www.atlasstockdynamics.com,108,Austin,US,2026-06-13 06:32:31
2026-06-13,MSP Platform,Cedar EndpointApp,1-626-828-4446,sales@cedarendpointapp.io,https://www.cedarendpointapp.io,594,Amsterdam,NL,2026-06-13 04:20:43
2026-06-13,HR,BoldPeopleDesk,754-625-4220,sales@boldpeopledesk.co,https://boldpeopledesk.co,948,Tampa,US,2026-06-13 03:02:50
2026-06-13,HR,RidgeOnboardCore,(747) 459-7627,contact@ridgeonboardcore.net,https://ridgeonboardcore.net,65,London,UK,2026-06-13 02:09:42
2026-06-13,Medical,TrueCareLabs,+1 (912) 224-1913,info@truecarelabs.io,https://www.truecarelabs.io,49,Raleigh,US,2026-06-13 05:40:21
2026-06-13,ERP,CobaltForge Platform,(670) 637-2910,info@cobaltforgeplatform.io,https://www.cobaltforgeplatform.io,34,Seattle,US,2026-06-13 05:53:20
2026-06-13,HR,CrownRosterLabs,3524847751,contact@crownrosterlabs.com,https://www.crownrosterlabs.com,593,Chicago,US,2026-06-13 02:25:18
2026-06-13,LMS,ClearTutor Works,+1 (715) 763-8021,info@cleartutorworks.com,https://www.cleartutorworks.com,836,Hyderabad,IN,2026-06-13 01:21:06
2026-06-13,Legal,SableMatter Base,+17477001295,sales@sablematterbase.com,https://www.sablematterbase.com,78,Melbourne,AU,2026-06-13 04:38:51
2026-06-13,ERP,KeystoneResourceSphere,870-628-6597,sales@keystoneresourcesphere.com,https://keystoneresourcesphere.com,19,London,UK,2026-06-13 06:14:38
2026-06-13,Legal,TidalLawLabs,+18648527874,contact@tidallawlabs.com,https://www.tidallawlabs.com,91,Hyderabad,IN,2026-06-13 05:32:23
2026-06-13,Medical,Falcon VitalSync,+16279602440,sales@falconvitalsync.com,https://www.falconvitalsync.com,98,Seattle,US,2026-06-13 06:38:59
2026-06-13,Legal,XenonBriefFlow,807-823-0343,contact@xenonbriefflow.com,https://www.xenonbriefflow.com,2235,Amsterdam,NL,2026-06-13 01:09:16
2026-06-13,HR,GoldenPerform Suite,1-469-643-9463,contact@goldenperformsuite.com,https://goldenperformsuite.com,220,Atlanta,US,2026-06-13 04:34:32
2026-06-13,MSP Platform,BlueUptime Hub,05287109479 ext. 63,info@blueuptimehub.com,https://www.blueuptimehub.com,395,Chicago,US,2026-06-13 05:42:01
2026-06-13,ERP,HarborChainCloud,(554) 245-5717,contact@harborchaincloud.io,https://harborchaincloud.io,280,Toronto,CA,2026-06-13 03:50:29
2026-06-13,LMS,BeaconTrainTech,326-512-3833,hello@beacontraintech.io,https://www.beacontraintech.io,260,Atlanta,US,2026-06-13 06:49:48
2026-06-13,Medical,Core PatientTech,8025434208,contact@corepatienttech.com,corepatienttech.com,15,Tampa,US,2026-06-13 05:04:41
2026-06-13,HR,Keystone CultureSoft,(326) 996-0879,info@keystoneculturesoft.co,https://keystoneculturesoft.co,93,Atlanta,US,2026-06-13 05:55:46
2026-06-13,ERP,Harbor StockSync,(771) 580-4615,sales@harborstocksync.io,https://www.harborstocksync.io,35,Phoenix,US,2026-06-13 03:28:50
2026-06-13,ERP,Silver BatchApp,1-873-960-2953,contact@silverbatchapp.io,https://www.silverbatchapp.io,7,Tampa,US,2026-06-13 06:17:21
2026-06-13,Medical,Pioneer PulseDynamics,+18318830622,contact@pioneerpulsedynamics.com,https://www.pioneerpulsedynamics.com,81,Seattle,US,2026-06-13 04:09:35
2026-06-13,ERP,VistaForge Sphere,2278264136,sales@vistaforgesphere.io,https://vistaforgesphere.io,85,N/A,US,2026-06-13 02:04:01
2026-06-13,ERP,Summit Ops Recruiting,+13347679114,info@summitopsrecruiting.com,summitopsrecruiting.com,,Lahore,PK,2026-06-13 06:01:06
2026-06-13,ERP,VistaOps Tech,(471) 651-3311,sales@vistaopstech.co,https://vistaopstech.co,38,Phoenix,US,2026-06-13 01:09:14
2026-06-13,MSP Platform,VertexEndpointLogic,396-351-3666,sales@vertexendpointlogic.com,https://vertexendpointlogic.com,492,Sydney,AU,2026-06-13 06:16:19
2026-06-13,Medical,ClearPatient Platform,359-411-0909,sales@clearpatientplatform.co,https://www.clearpatientplatform.co,42,Austin,US,2026-06-13 05:52:37
2026-06-13,MSP Platform,NimbusNodeSolutions,966.874.3416,contact@nimbusnodesolutions.com,https://www.nimbusnodesolutions.com,551,Columbus,US,2026-06-13 04:56:08
2026-06-13,Medical,Ridge CareSolutions,+13002424507 ext. 65,sales@ridgecaresolutions.com,https://www.ridgecaresolutions.com,40,Phoenix,US,2026-06-13 04:41:51
2026-06-13,LMS,Quantum SkillSync,790-380-7423,contact@quantumskillsync.co,https://www.quantumskillsync.co,N/A,Sydney,AU,2026-06-13 04:51:25
2026-06-13,HR,Clear CultureTech,+1 (723) 413-0534,sales@clearculturetech.net,https://www.clearculturetech.net,39,Phoenix,US,2026-06-13 06:25:38
2026-06-13,ERP,NorthResourceSync,(300) 521-0173,contact@northresourcesync.com,northresourcesync.com,1087,Bengaluru,IN,2026-06-13 02:45:34
2026-06-13,ERP,SableStockSuite,1-397-951-3667,sales@sablestocksuite.co,https://sablestocksuite.co,-,Austin,US,2026-06-13 04:54:31
2026-06-13,MSP Platform,CoreUptime Point,6914668607,sales@coreuptimepoint.co,https://www.coreuptimepoint.co,76,Seattle,US,2026-06-13 02:07:40
2026-06-13,LMS,BoldMentorSoft,+16153676842,info@boldmentorsoft.io,https://www.boldmentorsoft.io,23,Boston,US,2026-06-13 04:39:03
2026-06-13,Legal,Zen CounselPoint,+16479488273,hello@zencounselpoint.com,https://zencounselpoint.com,226,Chicago,US,2026-06-13 04:45:40
2026-06-13,Medical,Mosaic HealthPlatform,+13933383143,sales@mosaichealthplatform.net,https://www.mosaichealthplatform.net,707,Austin,US,2026-06-13 03:47:17
2026-06-13,MSP Platform,Indigo RemoteLabs,(854) 851-4813,hello@indigoremotelabs.net,https://indigoremotelabs.net,34,Seattle,US,2026-06-13 01:30:03
2026-06-13,HR,Sable TalentDynamics,1-421-889-0605,contact@sabletalentdynamics.com,sabletalentdynamics.com,465,Phoenix,US,2026-06-13 04:19:03
2026-06-13,MSP Platform,VeloGridSoft,02583199741,,https://velogridsoft.io,89,Tampa,US,2026-06-13 04:20:03
2026-06-13,Medical,Nimbus HealthPoint,887-383-6027,null,https://www.nimbushealthpoint.com,11,Seattle,US,2026-06-13 03:12:34
2026-06-13,HR,NimbusCulturePoint,(715) 644-1182,contact@nimbusculturepoint.com,nimbusculturepoint.com,14,Raleigh,US,2026-06-13 04:55:36
2026-06-13,HR,UmbraPeople App,6493268569,contact@umbrapeopleapp.net,https://umbrapeopleapp.net,36,Denver,US,2026-06-13 05:00:07
2026-06-13,ERP,AnchorForge Logic,+1 (467) 568-4578,info@anchorforgelogic.co,https://www.anchorforgelogic.co,312,Boston,US,2026-06-13 04:12:02
2026-06-13,HR,RidgeBenefit Works,6663202655,contact@ridgebenefitworks.com,https://www.ridgebenefitworks.com,11,Boston,US,2026-06-13 02:25:24
2026-06-13,Legal,AnchorCompliCore,1-407-895-6613,sales@anchorcomplicore.net,https://www.anchorcomplicore.net,207,London,UK,2026-06-13 03:58:50
2026-06-13,Medical,PioneerVital Systems,(649) 622-0080,hello@pioneervitalsystems.co,https://www.pioneervitalsystems.co,13,Atlanta,US,2026-06-13 02:59:53
2026-06-13,ERP,HaloResource Core,952-287-5976,contact@haloresourcecore.com,https://www.haloresourcecore.com,236,Phoenix,US,2026-06-13 04:47:22
2026-06-13,ERP,PolarisPlanSystems,(894) 540-8683,contact@polarisplansystems.co,polarisplansystems.co,4532,Phoenix,US,2026-06-13 03:24:05
2026-06-13,Medical,IronVitalSuite,6599086129,hello@ironvitalsuite.com,https://ironvitalsuite.com,28,Tampa,US,2026-06-13 01:30:54
2026-06-13,ERP,XenonChain Flow,(644) 892-5535,hello@xenonchainflow.com,https://www.xenonchainflow.com,7,Calgary,CA,2026-06-13 01:42:12
2026-06-13,Legal,Nimbus VerdictFlow,277-774-1404,info@nimbusverdictflow.net,https://www.nimbusverdictflow.net,789,Austin,US,2026-06-13 02:15:53
2026-06-13,HR,PolarisTalent Cloud,515-391-4875 ext. 28,contact@polaristalentcloud.com,https://polaristalentcloud.com,478,Columbus,US,2026-06-13 04:25:09
2026-06-13,Medical,OrbitChartDynamics,6458488015 ext. 27,info@orbitchartdynamics.co,https://orbitchartdynamics.co,248,Seattle,US,2026-06-13 05:41:35
2026-06-13,Medical,MetaRxSync,8834999221,sales@metarxsync.com,metarxsync.com,202,Islamabad,PK,2026-06-13 05:06:06
2026-06-13,Legal,IronCounselWorks,961-891-9367,contact@ironcounselworks.com,https://www.ironcounselworks.com,50,Seattle,US,2026-06-13 02:48:30
2026-06-13,ERP,EmberOrder Soft,276-528-6930,sales@emberordersoft.co,https://www.emberordersoft.co,41,Austin,US,2026-06-13 01:45:34
2026-06-13,ERP,JuniperStock Logic,+17187929567,info@juniperstocklogic.co,https://www.juniperstocklogic.co,10,Phoenix,US,2026-06-13 06:04:32
2026-06-13,HR,NorthPeopleLabs,579-688-6444,info@northpeoplelabs.com,northpeoplelabs.com,22,Seattle,US,2026-06-13 05:55:57
2026-06-13,ERP,BeaconPlan Cloud,864-327-3055,info@beaconplancloud.com,https://beaconplancloud.com,218,Munich,DE,2026-06-13 01:03:16
2026-06-13,HR,Summit CultureSync,(603) 383-7704,sales@summitculturesync.com,summitculturesync.com,128,Atlanta,US,2026-06-13 02:36:46
2026-06-13,Medical,Raven LedgerPoint,1-976-313-6861,hello@ravenledgerpoint.net,https://www.ravenledgerpoint.net,23,Toronto,CA,2026-06-13 02:39:57
2026-06-13,ERP,HarborChainDynamics,6882898926,sales@harborchaindynamics.com,https://harborchaindynamics.com,145,Calgary,CA,2026-06-13 02:02:57
2026-06-13,ERP,Summit OpsSphere,642.664.9535 ext. 34,info@summitopssphere.io,https://summitopssphere.io,408,Pune,IN,2026-06-13 02:15:37
2026-06-13,Legal,SolidDocket Tech,9056334176,hello@soliddockettech.com,https://www.soliddockettech.com,72,Tampa,US,2026-06-13 04:05:00
2026-06-13,Medical,ApexRxTech,4599754188,contact@apexrxtech.com,https://www.apexrxtech.com,48,Sydney,AU,2026-06-13 03:17:09
2026-06-13,HR,Cobalt Perform Recruiting,(866) 306-7313,contact@cobaltperformrecruiting.io,https://www.cobaltperformrecruiting.io,14,Boston,US,2026-06-13 05:21:34
2026-06-13,ERP,Solid ResourceSystems,(809) 622-3311,sales@solidresourcesystems.com,https://solidresourcesystems.com,76,Phoenix,US,2026-06-13 04:20:18
2026-06-13,MSP Platform,NovaFilingHub,+1 (335) 857-4142,hello@novafilinghub.io,https://novafilinghub.io,8,Raleigh,US,2026-06-13 04:39:40
2026-06-13,ERP,HaloPlan Works,+12568753074,hello@haloplanworks.com,haloplanworks.com,7,Chicago,US,2026-06-13 06:50:18
2026-06-13,ERP,TrueLedger Tech,+18224548108,sales@trueledgertech.io,https://www.trueledgertech.io,18,Denver,US,2026-06-13 04:55:32
2026-06-13,HR,LatticeOnboardPlatform,(863) 591-6864,info@latticeonboardplatform.io,https://latticeonboardplatform.io,18,Raleigh,US,2026-06-13 04:02:35
2026-06-13,Medical,Mosaic CareSphere,02708651868,hello@mosaiccaresphere.com,mosaiccaresphere.com,63,Calgary,CA,2026-06-13 04:38:55
2026-06-13,ERP,CoreOrder Flow,05345601175,contact@coreorderflow.com,coreorderflow.com,53,Seattle,US,2026-06-13 01:03:11
2026-06-13,Legal,QuartzFilingFlow,1-472-404-9845,contact@quartzfilingflow.co,https://www.quartzfilingflow.co,276,Tampa,US,2026-06-13 06:27:45
2026-06-13,MSP Platform,RavenUptimeFlow,+13587428209,info@ravenuptimeflow.com,https://www.ravenuptimeflow.com,282,Berlin,DE,2026-06-13 03:13:14
2026-06-13,ERP,Silver ChainPlatform,(920) 663-7369,contact@silverchainplatform.com,silverchainplatform.com,41,Melbourne,AU,2026-06-13 02:40:03
2026-06-13,ERP,IronResourceLogic,05297514749,info@ironresourcelogic.net,https://www.ironresourcelogic.net,92,Atlanta,US,2026-06-13 01:40:20
2026-06-13,Medical,Willow PulseDynamics,(526) 529-3032,sales@willowpulsedynamics.com,https://www.willowpulsedynamics.com,40,Phoenix,US,2026-06-13 05:10:34
2026-06-13,Medical,Meta HealthSuite,+17522763247,hello@metahealthsuite.com,https://www.metahealthsuite.com,607,Chicago,US,2026-06-13 04:03:23
2026-06-13,Medical,BrightRx Sync,391-420-7654,contact@brightrxsync.com,https://www.brightrxsync.com,70,Raleigh,US,2026-06-13 03:51:07
2026-06-13,Legal,Bold DocketHub,300-784-0347 ext. 34,sales@bolddockethub.co,https://www.bolddockethub.co,379,Munich,DE,2026-06-13 02:36:36
2026-06-13,HR,Xenon OnboardSync,06767193490,sales@xenononboardsync.co,https://xenononboardsync.co,141,Sydney,AU,2026-06-13 02:22:38
2026-06-13,ERP,GraniteStockDesk,(519) 689-6144,null,https://www.granitestockdesk.co,288,Vancouver,CA,2026-06-13 02:55:51
2026-06-13,Legal,CedarMatterBase,9553802790,hello@cedarmatterbase.com,https://www.cedarmatterbase.com,7,Amsterdam,NL,2026-06-13 02:56:01
2026-06-13,HR,NimbusRoster Sync,3209015428,info@nimbusrostersync.com,https://www.nimbusrostersync.com,4001,Dublin,IE,2026-06-13 02:01:22
2026-06-13,ERP,RapidOrderSolutions,+1 (712) 667-0186,hello@rapidordersolutions.co,https://rapidordersolutions.co,28,Columbus,US,2026-06-13 05:51:32
2026-06-13,HR,Vertex TalentLogic,+15369962601 ext. 35,hello@vertextalentlogic.com,https://vertextalentlogic.com,147,Columbus,US,2026-06-13 06:22:25
2026-06-13,MSP Platform,SummitGridSolutions,685-980-5748,sales@summitgridsolutions.com,https://www.summitgridsolutions.com,22,Hyderabad,IN,2026-06-13 04:46:23
2026-06-13,HR,HaloPayroll Sphere,1-363-468-1942 ext. 25,sales@halopayrollsphere.com,halopayrollsphere.com,994,London,UK,2026-06-13 02:37:33
2026-06-13,ERP,FalconFinBase,+1 (378) 764-0936,contact@falconfinbase.com,https://www.falconfinbase.com,3776,Boston,US,2026-06-13 02:06:44
2026-06-13,Legal,SableClause Logic,(822) 262-9131,contact@sableclauselogic.net,sableclauselogic.net,82,Dublin,IE,2026-06-13 01:14:26
2026-06-13,Medical,WillowHealthSync,+1 (634) 293-2702,hello@willowhealthsync.io,willowhealthsync.io,8,Austin,US,2026-06-13 03:43:42
2026-06-13,ERP,RidgewayResource Desk,(319) 318-6339,sales@ridgewayresourcedesk.com,https://www.ridgewayresourcedesk.com,23,Boston,US,2026-06-13 04:49:09
2026-06-13,Medical,Bold TriageFlow,430.987.3439,-,https://boldtriageflow.net,29,Tampa,US,2026-06-13 03:40:53
2026-06-13,MSP Platform,RidgewayUptime’s Core,455-940-8044,hello@ridgewayuptimecore.net,https://www.ridgewayuptimecore.net,86,Dublin,IE,2026-06-13 01:29:34
2026-06-13,ERP,Mosaic FinApp,(867) 323-6371,hello@mosaicfinapp.net,https://www.mosaicfinapp.net,11,Singapore,SG,2026-06-13 02:03:19
2026-06-13,HR,Indigo ShiftSphere,1-434-401-2036,sales@indigoshiftsphere.net,https://www.indigoshiftsphere.net,283,Berlin,DE,2026-06-13 02:38:47
2026-06-13,Legal,Ember MatterBase,5899114357,sales@embermatterbase.com,https://embermatterbase.com,44,Phoenix,US,2026-06-13 05:42:12
2026-06-13,Legal,ApexClause Solutions,+1 (931) 885-4032,null,apexclausesolutions.com,205,Leeds,UK,2026-06-13 05:16:12
2026-06-13,Legal,SilverCounselTech,984.977.3646,sales@silvercounseltech.com,https://silvercounseltech.com,42,Austin,US,2026-06-13 03:42:46
2026-06-13,HR,CobaltPayroll Suite,(308) 234-6120,sales@cobaltpayrollsuite.com,https://www.cobaltpayrollsuite.com,179,Raleigh,US,2026-06-13 02:07:29
2026-06-13,Medical,XenonForgePoint,+17058792827,info@xenonforgepoint.com,https://xenonforgepoint.com,96,Seattle,US,2026-06-13 04:08:50
2026-06-13,ERP,ZenOrder App,8724174179,hello@zenorderapp.com,https://www.zenorderapp.com,35,Tampa,US,2026-06-13 04:58:45
2026-06-13,ERP,SilverStockSphere,(263) 457-1403,info@silverstocksphere.com,https://silverstocksphere.com,915,Hyderabad,IN,2026-06-13 03:47:38
2026-06-13,Medical,WillowClinic Tech,+13609222727,info@willowclinictech.com,https://www.willowclinictech.com,96,Raleigh,US,2026-06-13 03:02:06
2026-06-13,HR,ArchTéam Base,(464) 969-0808,contact@archteambase.co,https://www.archteambase.co,32,null,UK,2026-06-13 03:02:54
2026-06-13,Legal,RidgewayClauseDynamics,+18365087770 ext. 84,N/A,https://www.ridgewayclausedynamics.com,842,Seattle,US,2026-06-13 03:08:45
2026-06-13,ERP,Sable BatchPoint,1-735-972-4411,hello@sablebatchpoint.com,https://sablebatchpoint.com,10,Leeds,UK,2026-06-13 02:30:05
2026-06-13,HR,OnyxRosterSphere,1-859-309-9224,sales@onyxrostersphere.com,https://onyxrostersphere.com,34,Dublin,IE,2026-06-13 03:40:37
2026-06-13,Medical,VeloCare Suite,9177264008,hello@velocaresuite.com,https://www.velocaresuite.com,179,Austin,US,2026-06-13 02:19:49
2026-06-13,HR,Willow OnboardHub,+19308862866,info@willowonboardhub.com,https://www.willowonboardhub.com,221,Boston,US,2026-06-13 01:19:35
2026-06-13,HR,Ridgeway RosterCore,+19642801822 ext. 76,contact@ridgewayrostercore.com,https://ridgewayrostercore.com,490,Vancouver,CA,2026-06-13 01:40:37
2026-06-13,MSP Platform,CrownMonitorDesk,(769) 494-2838,hello@crownmonitordesk.io,https://crownmonitordesk.io,7,Munich,DE,2026-06-13 04:05:36
2026-06-13,HR,XenonShift Sync,888.849.4529,info@xenonshiftsync.com,https://www.xenonshiftsync.com,455,Chicago,US,2026-06-13 06:12:50
2026-06-13,HR,Cedar CultureSoft,885.669.4794,info@cedarculturesoft.com,https://cedarculturesoft.com,42,Boston,US,2026-06-13 04:24:08
2026-06-13,HR,Anchor OnboardTech,1-263-583-3076,info@anchoronboardtech.io,https://anchoronboardtech.io,35,Denver,US,2026-06-13 06:27:15
2026-06-13,Legal,Summit LawPlatform,1-447-646-6816,sales@summitlawplatform.com,https://www.summitlawplatform.com,5,Denver,US,2026-06-13 03:41:03
2026-06-13,Legal,PrimeClause Point,(841) 598-3029,contact@primeclausepoint.com,https://primeclausepoint.com,232,Sydney,AU,2026-06-13 05:50:33
2026-06-13,MSP Platform,Vertex PatchApp,(435) 529-0707,sales@vertexpatchapp.io,vertexpatchapp.io,656,Columbus,US,2026-06-13 03:41:35
2026-06-13,ERP,ZenOps Sync,770-685-2093,hello@zenopssync.com,https://www.zenopssync.com,50,Leeds,UK,2026-06-13 06:07:07
2026-06-13,Legal,OrbitMatter Desk,+16655599740,hello@orbitmatterdesk.com,https://orbitmatterdesk.com,4582,Melbourne,AU,2026-06-13 06:42:51
2026-06-13,Legal,Cedar LawSphere,+16343538266,info@cedarlawsphere.com,https://cedarlawsphere.com,34,Bengaluru,IN,2026-06-13 03:29:01
2026-06-13,Legal,BlueCounsel Sync,+18179550990,contact@bluecounselsync.com,https://bluecounselsync.com,34,Pune,IN,2026-06-13 06:08:42
2026-06-13,HR,MetaShift Solutions,+15979469234,hello@metashiftsolutions.net,metashiftsolutions.net,4868,Leeds,UK,2026-06-13 01:18:11
2026-06-13,MSP Platform,NorthMonitor Labs,1-650-990-4708,contact@northmonitorlabs.co,https://www.northmonitorlabs.co,54,Austin,US,2026-06-13 06:02:41
2026-06-13,HR,OnyxRoster Cloud,867-612-6337,contact@onyxrostercloud.com,https://onyxrostercloud.com,67,Chicago,US,2026-06-13 04:41:36
2026-06-13,Legal,CrestCompliFlow,+13147824836,sales@crestcompliflow.co,crestcompliflow.co,176,Sydney,AU,2026-06-13 04:07:04
2026-06-13,HR,Atlas TalentCloud,(726) 670-1860 ext. 82,hello@atlastalentcloud.io,https://www.atlastalentcloud.io,15,Amsterdam,NL,2026-06-13 04:26:53
2026-06-13,Medical,ClearTriage Cloud,+18943734185,sales@cleartriagecloud.com,https://www.cleartriagecloud.com,21,Leeds,UK,2026-06-13 06:36:59
2026-06-13,MSP Platform,RidgeStack Labs,766-241-7061 ext. 37,info@ridgestacklabs.com,ridgestacklabs.com,29,Singapore,SG,2026-06-13 02:47:59
2026-06-13,LMS,UmbraSkill Sphére,4875835839,contact@umbraskillsphere.com,umbraskillsphere.com,-,Austin,US,2026-06-13 01:24:25
2026-06-13,ERP,ArchOpsSuite,4787339940,null,https://archopssuite.io,317,Vancouver,CA,2026-06-13 06:13:24
2026-06-13,MSP Platform,FusionRemoteSystems,275-237-9918,-,https://www.fusionremotesystems.com,239,Austin,US,2026-06-13 01:54:10
2026-06-13,Medical,GranitePatient Core,(362) 733-1101,info@granitepatientcore.com,https://www.granitepatientcore.com,71,Sydney,AU,2026-06-13 03:41:04
2026-06-13,HR,BoldOnboard Tech,+1 (603) 305-6426,info@boldonboardtech.com,https://boldonboardtech.com,19,Toronto,CA,2026-06-13 05:59:31
2026-06-13,LMS,Core Cohort Talent Agency,+12393839346,info@corecohorttalentagency.co,https://www.corecohorttalentagency.co,82,Raleigh,US,2026-06-13 03:03:58
2026-06-13,Medical,NorthChartCore,(509) 807-6392,sales@northchartcore.io,https://www.northchartcore.io,254,Denver,US,2026-06-13 03:22:21
2026-06-13,HR,Mosaic ShiftSuite,239-386-4014,info@mosaicshiftsuite.com,https://www.mosaicshiftsuite.com,86,Seattle,US,2026-06-13 05:07:51
2026-06-13,Legal,AtlasBriefPoint,+1 (283) 762-1038,sales@atlasbriefpoint.com,https://www.atlasbriefpoint.com,77,Islamabad,PK,2026-06-13 03:51:03
2026-06-13,MSP Platform,Onyx ResourceLogic,401-553-1047,hello@onyxresourcelogic.com,https://www.onyxresourcelogic.com,57,London,UK,2026-06-13 01:58:42
2026-06-13,MSP Platform,PolarisMonitor Base,809-422-7674,hello@polarismonitorbase.com,https://www.polarismonitorbase.com,6,Atlanta,US,2026-06-13 04:57:17
2026-06-13,ERP,FusionOpsFlow,906.875.3133,contact@fusionopsflow.net,fusionopsflow.net,84,Amsterdam,NL,2026-06-13 01:47:13
2026-06-13,HR,CobaltTalentCloud,8608729502,hello@cobalttalentcloud.com,https://www.cobalttalentcloud.com,409,Austin,US,2026-06-13 04:07:28
2026-06-13,HR,OmniTeam Cloud,+12915018027,contact@omniteamcloud.net,https://omniteamcloud.net,22,Raleigh,US,2026-06-13 05:56:10
2026-06-13,Legal,Blue FilingPlatform,9158097922 ext. 13,sales@bluefilingplatform.com,https://bluefilingplatform.com,897,Dublin,IE,2026-06-13 01:34:50
2026-06-13,Medical,PivotPatientBase,565.830.4914 ext. 91,contact@pivotpatientbase.com,https://www.pivotpatientbase.com,9,Seattle,US,2026-06-13 02:16:00
2026-06-13,LMS,CoreSkillPoint,(714) 676-2184,contact@coreskillpoint.com,https://www.coreskillpoint.com,31,Toronto,CA,2026-06-13 06:27:27
2026-06-13,HR,Tidal Culture Manpower Services,526.429.9924,hello@tidalculturemanpowerservices.co,https://www.tidalculturemanpowerservices.co,21,Seattle,US,2026-06-13 05:11:08
2026-06-13,ERP,BoldForge Dynamics,+1 (307) 731-7159,hello@boldforgedynamics.com,boldforgedynamics.com,34,null,CA,2026-06-13 04:54:39
2026-06-13,HR,HarborTeam Point,289-245-8029 ext. 4,contact@harborteampoint.com,https://www.harborteampoint.com,362,Singapore,SG,2026-06-13 01:18:16
2026-06-13,Legal,HarborVerdictDesk,+17437167758,sales@harborverdictdesk.com,https://www.harborverdictdesk.com,19,Atlanta,US,2026-06-13 03:57:10
2026-06-13,Medical,NovaMedSolutions,393-920-0178 ext. 42,contact@novamedsolutions.com,https://www.novamedsolutions.com,97,Tampa,US,2026-06-13 05:39:02
2026-06-13,HR,Orbit CultureSuite,(366) 627-1761,hello@orbitculturesuite.com,https://www.orbitculturesuite.com,42,Tampa,US,2026-06-13 02:36:58
2026-06-13,MSP Platform,RidgewayTicket Core,561-903-8542,hello@ridgewayticketcore.com,https://www.ridgewayticketcore.com,13,Lahore,PK,2026-06-13 06:03:26
2026-06-13,Medical,IronMed Flow,1-711-460-8046,contact@ironmedflow.com,https://www.ironmedflow.com,317,Denver,US,2026-06-13 03:35:03
2026-06-13,ERP,RavenChain Core,+1 (471) 435-3935,contact@ravenchaincore.com,https://ravenchaincore.com,40,Manchester,UK,2026-06-13 04:26:26
2026-06-13,MSP Platform,PolarisEndpointSystems,(751) 615-1816,contact@polarisendpointsystems.com,https://polarisendpointsystems.com,340,Austin,US,2026-06-13 05:39:36
2026-06-13,Medical,AtlasVital Soft,+16212952494 ext. 54,contact@atlasvitalsoft.com,https://www.atlasvitalsoft.com,18,Seattle,US,2026-06-13 04:57:21
2026-06-13,MSP Platform,QuantumGridPlatform,(754) 344-9998,hello@quantumgridplatform.com,https://quantumgridplatform.com,17,Denver,US,2026-06-13 01:14:30
2026-06-13,MSP Platform,RapidNode Core,8015556858,contact@rapidnodecore.com,https://www.rapidnodecore.com,38,Melbourne,AU,2026-06-13 03:34:33
2026-06-13,MSP Platform,Meta PatchDynamics,9704113722,hello@metapatchdynamics.com,https://www.metapatchdynamics.com,40,Boston,US,2026-06-13 02:29:53
2026-06-13,HR,CorePeoplePoint,+1 (744) 888-7144,sales@corepeoplepoint.net,https://www.corepeoplepoint.net,44,Chicago,US,2026-06-13 04:04:32
2026-06-13,Medical,TruePulseSuite,+12607412723,hello@truepulsesuite.com,https://www.truepulsesuite.com,18,Denver,US,2026-06-13 06:08:48
2026-06-13,Medical,RavenClinicSync,2552086521,contact@ravenclinicsync.com,https://ravenclinicsync.com,15,Tampa,US,2026-06-13 04:17:39
2026-06-13,HR,Bright PerformSphere,(854) 271-4239,info@brightperformsphere.io,brightperformsphere.io,52,Denver,US,2026-06-13 04:33:23
2026-06-13,ERP,QuartzResource Hub,4625665726,hello@quartzresourcehub.com,https://www.quartzresourcehub.com,441,Chicago,US,2026-06-13 05:06:08
2026-06-13,HR,DeltaTeam Point,+1 (256) 762-0411,info@deltateampoint.com,deltateampoint.com,394,Columbus,US,2026-06-13 03:59:35
2026-06-13,Medical,Blue ChartPoint,+17168678580,contact@bluechartpoint.com,bluechartpoint.com,122,Austin,US,2026-06-13 04:43:31
2026-06-13,Legal,Crown VerdictBase,5274663531,hello@crownverdictbase.io,https://crownverdictbase.io,104,Singapore,SG,2026-06-13 02:18:31
2026-06-13,Medical,BoldClinicSystems,429.547.7403,sales@boldclinicsystems.io,https://www.boldclinicsystems.io,408,Singapore,SG,2026-06-13 03:52:15
2026-06-13,ERP,Orbit LedgerSuite,1-316-783-4700,,https://www.orbitledgersuite.com,38,Seattle,US,2026-06-13 04:04:21
2026-06-13,ERP,Atlas Resource Outsourcing,+19816465468,hello@atlasresourceoutsourcing.com,https://atlasresourceoutsourcing.com,35,Columbus,US,2026-06-13 05:50:29
2026-06-13,ERP,PrimeBatch Dynamics,+14523715412,sales@primebatchdynamics.com,https://www.primebatchdynamics.com,23,Raleigh,US,2026-06-13 04:22:31
2026-06-13,ERP,MetaFin Desk,+13873052261,hello@metafindesk.com,metafindesk.com,45,Chicago,US,2026-06-13 05:00:08
2026-06-13,MSP Platform,BoldEndpoint Point,+13797948523,contact@boldendpointpoint.net,https://www.boldendpointpoint.net,29,Calgary,CA,2026-06-13 02:52:19
2026-06-13,ERP,BrightStock Sphere,+1 (779) 875-4539,info@brightstocksphere.com,https://www.brightstocksphere.com,401,Pune,IN,2026-06-13 06:08:23
2026-06-13,Medical,PivotRxPlatform,+14952035049,hello@pivotrxplatform.co,https://www.pivotrxplatform.co,39,Seattle,US,2026-06-13 04:26:31
2026-06-13,ERP,ApexResource Cloud,+1 (927) 671-9889,sales@apexresourcecloud.com,https://www.apexresourcecloud.com,961,Pune,IN,2026-06-13 06:17:57
2026-06-13,Legal,Lumen BriefBase,(314) 461-0772,hello@lumenbriefbase.co,https://lumenbriefbase.co,2832,Chicago,US,2026-06-13 03:21:02
2026-06-13,Medical,NovaClinic Dynamics,699.555.6078,,https://novaclinicdynamics.io,34,Denver,US,2026-06-13 01:02:05
2026-06-13,MSP Platform,Polaris StackHub,272.518.8657,info@polarisstackhub.com,https://www.polarisstackhub.com,698,Berlin,DE,2026-06-13 02:15:40
2026-06-13,MSP Platform,ZenEndpoint Core,(383) 667-6391,info@zenendpointcore.net,https://www.zenendpointcore.net,31,Denver,US,2026-06-13 04:22:41
2026-06-13,HR,Quartz BenefitLogic,647.857.0249,sales@quartzbenefitlogic.net,https://www.quartzbenefitlogic.net,5,Phoenix,US,2026-06-13 02:38:19
2026-06-13,ERP,Rapid ResourceFlow,612-451-4772,contact@rapidresourceflow.io,https://www.rapidresourceflow.io,179,Amsterdam,NL,2026-06-13 03:03:40
2026-06-13,MSP Platform,BoldNet Platform,(245) 970-3683,info@boldnetplatform.com,boldnetplatform.com,57,null,IE,2026-06-13 01:28:34
2026-06-13,HR,Pivot PerformSphere,+15456902956,sales@pivotperformsphere.co,https://pivotperformsphere.co,262,London,UK,2026-06-13 03:53:18
2026-06-13,ERP,Raven ChainDesk,5264567141,hello@ravenchaindesk.com,https://ravenchaindesk.com,387,Boston,US,2026-06-13 03:10:56
2026-06-13,ERP,SilverStock Systems,331.441.5524,sales@silverstocksystems.net,https://www.silverstocksystems.net,149,Vancouver,CA,2026-06-13 02:44:25
2026-06-13,MSP Platform,WillowRemoteSystems,827-886-2772,sales@willowremotesystems.net,https://www.willowremotesystems.net,85,Columbus,US,2026-06-13 02:42:18
2026-06-13,HR,AnchorTeam Soft,270-875-5685,contact@anchorteamsoft.com,https://www.anchorteamsoft.com,3807,Tampa,US,2026-06-13 03:26:07
2026-06-13,HR,NimbusOnboardApp,+12504124031,info@nimbusonboardapp.com,https://www.nimbusonboardapp.com,226,London,UK,2026-06-13 05:25:41
2026-06-13,ERP,Bright ForgeLabs,768-687-3015,N/A,https://www.brightforgelabs.com,223,N/A,US,2026-06-13 04:57:54
2026-06-13,Legal,VeloClause Point,+12745576860,info@veloclausepoint.com,https://www.veloclausepoint.com,997,Phoenix,US,2026-06-13 06:51:33
2026-06-13,Legal,Ridgeway MatterSolutions,+1 (973) 465-2840,hello@ridgewaymattersolutions.net,https://www.ridgewaymattersolutions.net,34,Dublin,IE,2026-06-13 02:38:22
2026-06-13,HR,SolidOnboardCore,618.666.8109,sales@solidonboardcore.com,solidonboardcore.com,13,Seattle,US,2026-06-13 01:42:10
2026-06-13,Medical,RidgePatient Systems,1-677-552-2305,hello@ridgepatientsystems.com,https://www.ridgepatientsystems.com,29,Chicago,US,2026-06-13 05:15:03
2026-06-13,ERP,SolidPlanDynamics,1-268-525-6756,contact@solidplandynamics.co,https://www.solidplandynamics.co,9999999,Leeds,UK,2026-06-13 04:31:37
2026-06-13,MSP Platform,SableStackApp,(613) 913-0575,,https://www.sablestackapp.com,18,Tampa,US,2026-06-13 05:41:37
2026-06-13,Legal,SummitCompliDynamics,+1 (498) 728-7843,info@summitcomplidynamics.com,https://www.summitcomplidynamics.com,559,Boston,US,2026-06-13 05:35:15
2026-06-13,ERP,Tidal ChainPlatform,1-810-527-5542,info@tidalchainplatform.com,https://www.tidalchainplatform.com,10,Hyderabad,IN,2026-06-13 04:43:30
2026-06-13,LMS,ClearPathSolutions,(816) 462-7041,null,https://clearpathsolutions.net,401,Boston,US,2026-06-13 01:04:52
2026-06-13,MSP Platform,IndigoNetDesk,(892) 994-8285,contact@indigonetdesk.com,https://www.indigonetdesk.com,230,Chicago,US,2026-06-13 02:36:51
2026-06-13,Legal,Mosaic CaseApp,468-672-2577,contact@mosaiccaseapp.co,https://mosaiccaseapp.co,153,Manchester,UK,2026-06-13 03:41:01
2026-06-13,Medical,WillowChartDesk,+17158532270,info@willowchartdesk.com,https://willowchartdesk.com,3986,Atlanta,US,2026-06-13 05:16:24
2026-06-13,HR,ZenPerformSolutions,670-602-8695,hello@zenperformsolutions.co,https://www.zenperformsolutions.co,4537,Pune,IN,2026-06-13 06:32:40
2026-06-13,MSP Platform,EmberNodePlatform,5643873410,hello@embernodeplatform.io,https://www.embernodeplatform.io,46,Boston,US,2026-06-13 06:23:02
2026-06-13,HR,VistaPeople Sync,(494) 268-6726,info@vistapeoplesync.com,https://www.vistapeoplesync.com,206,Raleigh,US,2026-06-13 06:21:32
2026-06-13,Medical,SummitChart Sphere,+16266327266,sales@summitchartsphere.com,https://www.summitchartsphere.com,12,Manchester,UK,2026-06-13 06:44:46
2026-06-13,LMS,Indigo CareApp,824-887-3129,null,https://www.indigocareapp.com,35,-,US,2026-06-13 04:51:32
2026-06-13,Legal,BeaconVerdict Systems,1-486-905-8922,contact@beaconverdictsystems.net,beaconverdictsystems.net,30,Columbus,US,2026-06-13 06:11:38
2026-06-13,ERP,Vista ForgeApp,+16526163275,hello@vistaforgeapp.com,https://www.vistaforgeapp.com,895,Pune,IN,2026-06-13 05:24:10
2026-06-13,ERP,HarborBatchSuite,249.717.2742,contact@harborbatchsuite.net,https://www.harborbatchsuite.net,193,Calgary,CA,2026-06-13 01:39:19
2026-06-13,ERP,ZephyrOrderBase,+17232223144,sales@zephyrorderbase.co,https://www.zephyrorderbase.co,435,Denver,US,2026-06-13 04:10:51
2026-06-13,Medical,QuantumRxSync,+18339522962,hello@quantumrxsync.com,https://quantumrxsync.com,176,Karachi,PK,2026-06-13 06:17:01
2026-06-13,Legal,Iron CounselDynamics,280-969-2884,,https://www.ironcounseldynamics.com,26,Hyderabad,IN,2026-06-13 02:45:28
2026-06-13,ERP,CrownFinPlatform,(319) 290-0794,sales@crownfinplatform.com,https://www.crownfinplatform.com,4470,Singapore,SG,2026-06-13 05:52:23
2026-06-13,HR,NorthTalent Hub,982.402.3397,info@northtalenthub.com,https://www.northtalenthub.com,230,Austin,US,2026-06-13 03:19:51
2026-06-13,Medical,MosaicHealth’s Tech,1-253-443-8579 ext. 75,hello@mosaichealthtech.com,https://www.mosaichealthtech.com,16,Columbus,US,2026-06-13 02:31:43
2026-06-13,MSP Platform,TidalEndpoint Sphere,282.203.4179,info@tidalendpointsphere.com,https://tidalendpointsphere.com,5,Columbus,US,2026-06-13 06:00:36
2026-06-13,LMS,Delta BenefitPlatform,+16905557777,,https://www.deltabenefitplatform.com,131,Pune,IN,2026-06-13 01:11:08
2026-06-13,ERP,ClearOrder Works,332-374-0644,info@clearorderworks.co,https://clearorderworks.co,36,Raleigh,US,2026-06-13 02:47:54
2026-06-13,HR,HaloPerformLabs,1-225-966-8650,sales@haloperformlabs.co,https://www.haloperformlabs.co,995,Seattle,US,2026-06-13 05:12:25
2026-06-13,ERP,RapidResourceLogic,506-944-6271,info@rapidresourcelogic.com,https://rapidresourcelogic.com,30,Seattle,US,2026-06-13 05:30:30
2026-06-13,HR,Velo RosterHub,235.332.2741,hello@velorosterhub.com,https://www.velorosterhub.com,496,Boston,US,2026-06-13 06:21:26
2026-06-13,Medical,Golden VitalWorks,702-642-6794,contact@goldenvitalworks.net,https://www.goldenvitalworks.net,33,Leeds,UK,2026-06-13 01:24:16
2026-06-13,Legal,CrownDocket Systems,+12463267090,contact@crowndocketsystems.io,https://www.crowndocketsystems.io,283,Amsterdam,NL,2026-06-13 03:49:55
2026-06-13,MSP Platform,Meta Uptime Staffing,08272594278,sales@metauptimestaffing.com,https://www.metauptimestaffing.com,578,London,UK,2026-06-13 02:06:31
2026-06-13,Legal,AnchorVerdictDesk,1-224-847-6314,contact@anchorverdictdesk.com,https://www.anchorverdictdesk.com,12,Islamabad,PK,2026-06-13 01:14:10
2026-06-13,HR,OrbitCultureWorks,(821) 293-1391,contact@orbitcultureworks.io,https://orbitcultureworks.io,444,Phoenix,US,2026-06-13 04:49:45
2026-06-13,Medical,Onyx PatientSphere,(350) 413-6794,contact@onyxpatientsphere.io,https://www.onyxpatientsphere.io,33,Raleigh,US,2026-06-13 06:19:52
2026-06-13,Medical,Sable HealthLogic,(972) 430-0409,contact@sablehealthlogic.com,https://www.sablehealthlogic.com,31,Melbourne,AU,2026-06-13 04:01:47
2026-06-13,HR,Beacon PeopleSolutions,456-697-9185,sales@beaconpeoplesolutions.com,beaconpeoplesolutions.com,358,Tampa,US,2026-06-13 02:34:08
2026-06-13,Legal,Fusion Case Recruiting,(728) 428-8754,sales@fusioncaserecruiting.com,https://www.fusioncaserecruiting.com,20,Sydney,AU,2026-06-13 06:23:13
2026-06-13,Legal,Atlas Case Staffing,6598879287,,https://atlascasestaffing.co,168,Berlin,DE,2026-06-13 04:47:20
2026-06-13,ERP,Falcon FinLabs,+19675338416,hello@falconfinlabs.io,falconfinlabs.io,10,Vancouver,CA,2026-06-13 01:12:48
2026-06-13,HR,JuniperBenefitSphere,+14854719629,sales@juniperbenefitsphere.io,https://www.juniperbenefitsphere.io,15,Phoenix,US,2026-06-13 02:17:20
2026-06-13,ERP,PivotFin Sphere,471-630-3368 ext. 15,hello@pivotfinsphere.com,pivotfinsphere.com,28,Munich,DE,2026-06-13 06:48:14
2026-06-13,Legal,EmberCounselSync,484.389.8304,info@embercounselsync.io,https://www.embercounselsync.io,17,Tampa,US,2026-06-13 02:25:28
2026-06-13,ERP,CrownOrder Sphere,1-520-454-3194,contact@crownordersphere.io,https://crownordersphere.io,80,Austin,US,2026-06-13 04:37:00
2026-06-13,MSP Platform,VeloNodeLabs,767-334-4328,info@velonodelabs.co,velonodelabs.co,40,Columbus,US,2026-06-13 06:32:09
2026-06-13,ERP,QuantumForgeHub,4676971898,hello@quantumforgehub.com,https://www.quantumforgehub.com,19,Boston,US,2026-06-13 03:11:35
2026-06-13,LMS,Omni PathPlatform,684.493.5488,info@omnipathplatform.com,https://www.omnipathplatform.com,26,Seattle,US,2026-06-13 06:18:17
2026-06-13,ERP,FalconForge Platform,+1 (772) 825-8012 ext. 29,hello@falconforgeplatform.com,https://falconforgeplatform.com,48,Phoenix,US,2026-06-13 02:01:44
2026-06-13,ERP,SableOpsSphere,+1 (800) 228-4267,hello@sableopssphere.io,https://www.sableopssphere.io,12,Atlanta,US,2026-06-13 03:37:44
2026-06-13,ERP,NimbusPlan’s Soft,356.551.5321,sales@nimbusplansoft.com,https://www.nimbusplansoft.com,59,Phoenix,US,2026-06-13 03:26:06
2026-06-13,HR,Ember PeopleSystems,(703) 883-3441,sales@emberpeoplesystems.com,https://www.emberpeoplesystems.com,34,Tampa,US,2026-06-13 05:41:14
2026-06-13,MSP Platform,CrestTicketDesk,903-250-9480,contact@crestticketdesk.com,https://www.crestticketdesk.com,442,Chicago,US,2026-06-13 05:33:04
2026-06-13,Medical,VistaClause Base,918.530.5121,contact@vistaclausebase.net,https://www.vistaclausebase.net,17,Boston,US,2026-06-13 02:46:16
2026-06-13,Legal,ZephyrCounsel App,+17038100017,contact@zephyrcounselapp.com,https://www.zephyrcounselapp.com,427,London,UK,2026-06-13 03:37:32
2026-06-13,Legal,Tidal CompliLogic,+1 (746) 720-0894 ext. 34,hello@tidalcomplilogic.com,https://tidalcomplilogic.com,18,Pune,IN,2026-06-13 03:06:26
2026-06-13,Legal,CedarDocket Dynamics,+19045271921,contact@cedardocketdynamics.com,https://www.cedardocketdynamics.com,17,Chicago,US,2026-06-13 03:07:52
2026-06-13,Medical,NimbusChart Logic,+12525946137,hello@nimbuschartlogic.com,https://www.nimbuschartlogic.com,54,Manchester,UK,2026-06-13 06:51:39
2026-06-13,LMS,OrbitPeople Hub,912.943.0762,contact@orbitpeoplehub.com,https://orbitpeoplehub.com,2801,Austin,US,2026-06-13 03:12:51
2026-06-13,MSP Platform,Willow EndpointPoint,487-227-4444,contact@willowendpointpoint.io,https://willowendpointpoint.io,19,Amsterdam,NL,2026-06-13 05:55:58
2026-06-13,Legal,ZenMatter Solutions,786-439-2965,hello@zenmattersolutions.co,https://www.zenmattersolutions.co,78,Atlanta,US,2026-06-13 01:10:03
2026-06-13,MSP Platform,WillowStackCloud,3269240112,sales@willowstackcloud.io,https://willowstackcloud.io,47,Austin,US,2026-06-13 03:11:29
2026-06-13,MSP Platform,North PatchSuite,+18564874081,contact@northpatchsuite.com,https://northpatchsuite.com,348,Pune,IN,2026-06-13 03:46:30
2026-06-13,ERP,NimbusStock Tech,+12806298489,info@nimbusstocktech.io,https://www.nimbusstocktech.io,319,Columbus,US,2026-06-13 02:57:32
2026-06-13,ERP,CrownOps’s Flow,855.250.9190,contact@crownopsflow.com,https://www.crownopsflow.com,207,Boston,US,2026-06-13 03:23:32
2026-06-13,MSP Platform,ApexEndpointLabs,1-574-322-6856 ext. 60,sales@apexendpointlabs.io,https://apexendpointlabs.io,17,Raleigh,US,2026-06-13 03:36:20
2026-06-13,LMS,Tidal LessonLogic,(723) 566-6209,hello@tidallessonlogic.com,https://www.tidallessonlogic.com,521,Raleigh,US,2026-06-13 02:22:49
2026-06-13,Medical,Ember CareHub,293.806.7954,sales@embercarehub.com,https://www.embercarehub.com,787,Phoenix,US,2026-06-13 03:57:44
2026-06-13,HR,Core OnboardWorks,+18975593067,info@coreonboardworks.com,https://coreonboardworks.com,20,Chicago,US,2026-06-13 03:49:58
2026-06-13,Medical,OmniClinicPlatform,661-910-6269,info@omniclinicplatform.com,https://www.omniclinicplatform.com,63,Austin,US,2026-06-13 02:00:56
2026-06-13,ERP,SilverChainLabs,482-489-7310,contact@silverchainlabs.net,https://www.silverchainlabs.net,163,Raleigh,US,2026-06-13 03:19:45
2026-06-13,Medical,Sable Rx BPO Services,1-217-211-0177,hello@sablerxbposervices.io,https://www.sablerxbposervices.io,740,Austin,US,2026-06-13 03:39:11
2026-06-13,Legal,Falcon LawApp,(544) 372-9484,hello@falconlawapp.com,https://www.falconlawapp.com,44,Atlanta,US,2026-06-13 03:12:45
2026-06-13,MSP Platform,NovaRemote Solutions,+14129150636,hello@novaremotesolutions.com,https://novaremotesolutions.com,67,Raleigh,US,2026-06-13 03:51:21
2026-06-13,LMS,PolarisQuizWorks,513.590.2569,sales@polarisquizworks.com,https://www.polarisquizworks.com,28,Seattle,US,2026-06-13 06:36:34
2026-06-13,ERP,WillowFin Sphere,(239) 272-1505,contact@willowfinsphere.co,https://willowfinsphere.co,14,Denver,US,2026-06-13 01:48:43
2026-06-13,ERP,IronForgeCloud,+19599213246,sales@ironforgecloud.co,https://www.ironforgecloud.co,45,Raleigh,US,2026-06-13 02:29:04
2026-06-13,MSP Platform,RapidGridSync,7356887512,hello@rapidgridsync.co,https://rapidgridsync.co,28,Sydney,AU,2026-06-13 05:52:49
2026-06-13,HR,SilverCulture Soft,8884070668,contact@silverculturesoft.com,silverculturesoft.com,9,Tampa,US,2026-06-13 04:52:52
2026-06-13,MSP Platform,Solid StackLabs,+19865690841,info@solidstacklabs.com,https://www.solidstacklabs.com,976,Austin,US,2026-06-13 04:22:23
2026-06-13,HR,SolidPeople Platform,528-406-3756,hello@solidpeopleplatform.net,solidpeopleplatform.net,11,Vancouver,CA,2026-06-13 05:04:25
2026-06-13,MSP Platform,CobaltStack Dynamics,+17408508051,info@cobaltstackdynamics.com,https://cobaltstackdynamics.com,131,Singapore,SG,2026-06-13 04:07:04
2026-06-13,MSP Platform,CrestGrid Flow,471.319.5598,hello@crestgridflow.com,https://www.crestgridflow.com,90,Seattle,US,2026-06-13 02:22:41
2026-06-13,ERP,PrimePlanFlow,(384) 520-9758,hello@primeplanflow.io,primeplanflow.io,30,Tampa,US,2026-06-13 04:55:48
2026-06-13,HR,Ridgeway CultureSphere,3757770018,info@ridgewayculturesphere.io,ridgewayculturesphere.io,13,Manchester,UK,2026-06-13 02:15:44
2026-06-13,MSP Platform,PioneerTicket Point,261-514-1393,info@pioneerticketpoint.io,https://www.pioneerticketpoint.io,32,Sydney,AU,2026-06-13 03:41:31
2026-06-13,HR,BlueCultureApp,+19568070818,-,https://www.bluecultureapp.io,28,Boston,US,2026-06-13 05:51:43
2026-06-13,ERP,HaloResource Logic,+19058294824,sales@haloresourcelogic.com,https://www.haloresourcelogic.com,10,Columbus,US,2026-06-13 06:53:38
2026-06-13,LMS,Harbor CohortTech,(821) 204-7489,hello@harborcohorttech.com,https://www.harborcohorttech.com,25,Seattle,US,2026-06-13 04:26:11
2026-06-13,ERP,Cobalt PlanLogic,7158547081,hello@cobaltplanlogic.com,https://www.cobaltplanlogic.com,18,Atlanta,US,2026-06-13 01:02:43
2026-06-13,HR,Apex CultureLogic,+14526596849,sales@apexculturelogic.com,https://apexculturelogic.com,1108,Pune,IN,2026-06-13 03:32:59
2026-06-13,HR,Alta BenefitWorks,832-337-7447,contact@altabenefitworks.com,altabenefitworks.com,340,Denver,US,2026-06-13 06:19:46
2026-06-13,ERP,BeaconResource Flow,(689) 943-9528,info@beaconresourceflow.com,https://www.beaconresourceflow.com,82,Columbus,US,2026-06-13 04:33:55
2026-06-13,MSP Platform,ClearGridFlow,642-977-6297,contact@cleargridflow.io,https://www.cleargridflow.io,19,Columbus,US,2026-06-13 03:11:28
2026-06-13,HR,Quantum BenefitHub,921-731-3363,hello@quantumbenefithub.com,quantumbenefithub.com,199,Leeds,UK,2026-06-13 03:49:02
2026-06-13,MSP Platform,DeltaStackTech,+12989097780,hello@deltastacktech.com,https://www.deltastacktech.com,37,Toronto,CA,2026-06-13 03:15:39
2026-06-13,MSP Platform,Pioneer StackSoft,+17444311462,info@pioneerstacksoft.com,https://www.pioneerstacksoft.com,17,Chicago,US,2026-06-13 01:52:46
2026-06-13,ERP,OrbitOrderCloud,904-483-6418,hello@orbitordercloud.com,https://www.orbitordercloud.com,8,Singapore,SG,2026-06-13 05:15:18
2026-06-13,ERP,OrbitOrder Systems,5014032417,hello@orbitordersystems.com,https://orbitordersystems.com,14,Lahore,PK,2026-06-13 01:27:35
2026-06-13,HR,PivotOnboardDesk,(777) 523-2728,contact@pivotonboarddesk.io,pivotonboarddesk.io,18,Dublin,IE,2026-06-13 01:34:28
2026-06-13,Legal,RidgewayDocket Works,2806495911,info@ridgewaydocketworks.com,ridgewaydocketworks.com,48,Columbus,US,2026-06-13 03:19:58
2026-06-13,ERP,BoldForgéDesk,357.657.8132,sales@boldforgedesk.com,https://www.boldforgedesk.com,22,Tampa,US,2026-06-13 01:37:23
2026-06-13,ERP,HaloPlanCloud,500-360-1530,info@haloplancloud.net,https://www.haloplancloud.net,97,Seattle,US,2026-06-13 03:37:30
2026-06-13,Legal,Anchor Matter Staffing,(784) 694-5965,info@anchormatterstaffing.net,https://anchormatterstaffing.net,84,Manchester,UK,2026-06-13 02:43:48
2026-06-13,Legal,Omni ClausePoint,3814756827,contact@omniclausepoint.com,https://omniclausepoint.com,92,Seattle,US,2026-06-13 04:12:45
2026-06-13,Legal,LatticeVerdict Sync,(295) 277-2194,sales@latticeverdictsync.com,https://latticeverdictsync.com,21,Singapore,SG,2026-06-13 04:46:56
2026-06-13,Medical,Delta ClinicFlow,(776) 494-9738,info@deltaclinicflow.net,https://www.deltaclinicflow.net,418,Phoenix,US,2026-06-13 01:02:17
2026-06-13,ERP,Delta ForgeCloud,6032881126,hello@deltaforgecloud.io,https://www.deltaforgecloud.io,31,Austin,US,2026-06-13 05:51:34
2026-06-13,Medical,BlueClinic Solutions,4038338587,info@blueclinicsolutions.com,https://www.blueclinicsolutions.com,8,Seattle,US,2026-06-13 03:09:00
2026-06-13,MSP Platform,BeaconMonitorFlow,+14728603710,hello@beaconmonitorflow.com,beaconmonitorflow.com,94,Boston,US,2026-06-13 04:13:03
2026-06-13,ERP,Crest PlanSync,(637) 408-5228,sales@crestplansync.com,https://www.crestplansync.com,927,Seattle,US,2026-06-13 03:03:54
2026-06-13,Legal,TidalVerdict Hub,2678035591,hello@tidalverdicthub.io,https://www.tidalverdicthub.io,287,Phoenix,US,2026-06-13 04:49:19
2026-06-13,Medical,TrueRxApp,1-500-914-0394,info@truerxapp.co,https://www.truerxapp.co,57,Chicago,US,2026-06-13 05:24:17
2026-06-13,HR,NimbusPerform Systems,7287614535,info@nimbusperformsystems.net,https://nimbusperformsystems.net,4414,Boston,US,2026-06-13 04:24:37
2026-06-13,HR,AltaRoster Systems,(969) 905-1380,,https://www.altarostersystems.io,37,Tampa,US,2026-06-13 03:03:22
2026-06-13,Medical,Tidal MedSolutions,09365427154,sales@tidalmedsolutions.io,https://www.tidalmedsolutions.io,414,Phoenix,US,2026-06-13 06:31:09
2026-06-13,ERP,BrightForgeHub,+1 (968) 492-1312,sales@brightforgehub.io,https://www.brightforgehub.io,11,Amsterdam,NL,2026-06-13 04:53:35
2026-06-13,Legal,TidalCounselSphere,463-827-7948,contact@tidalcounselsphere.com,https://www.tidalcounselsphere.com,19,Sydney,AU,2026-06-13 05:19:10
2026-06-13,Medical,QuantumPatientApp,686-470-3580,info@quantumpatientapp.com,https://www.quantumpatientapp.com,48,Vancouver,CA,2026-06-13 05:13:11
2026-06-13,Legal,Apex FilingTech,+14363864467,hello@apexfilingtech.co,https://www.apexfilingtech.co,56,Columbus,US,2026-06-13 05:26:54
2026-06-13,ERP,MosaicBatchCore,314.273.3462,sales@mosaicbatchcore.co,https://mosaicbatchcore.co,13,Austin,US,2026-06-13 01:28:14
2026-06-13,HR,Silver Perform Consulting Group,+16267672829,sales@silverperformconsultinggroup.com,https://www.silverperformconsultinggroup.com,57,Denver,US,2026-06-13 04:58:45
2026-06-13,ERP,GoldenStock Sync,422.491.9953,contact@goldenstocksync.com,https://www.goldenstocksync.com,5,Boston,US,2026-06-13 02:24:56
2026-06-13,Legal,RavenClauseTech,+1 (322) 737-4686,sales@ravenclausetech.com,https://www.ravenclausetech.com,15,London,UK,2026-06-13 03:29:01
2026-06-13,Legal,ArchCase Base,+18663911812,hello@archcasebase.com,https://www.archcasebase.com,18,Islamabad,PK,2026-06-13 04:10:01
2026-06-13,Legal,FalconDocket Sphere,+17056547670,hello@falcondocketsphere.com,falcondocketsphere.com,56,Bengaluru,IN,2026-06-13 03:25:44
2026-06-13,LMS,NorthQuiz Platform,1-685-695-1297,sales@northquizplatform.io,https://www.northquizplatform.io,709,Austin,US,2026-06-13 01:33:37
2026-06-13,ERP,Zephyr ResourceSystems,1-709-906-0537,info@zephyrresourcesystems.com,https://www.zephyrresourcesystems.com,11,Austin,US,2026-06-13 05:59:25
2026-06-13,Legal,SableMatterPoint,574-846-2290,sales@sablematterpoint.com,sablematterpoint.com,40,Calgary,CA,2026-06-13 02:17:47
2026-06-13,ERP,OmniForgeSync,1-980-402-3416,info@omniforgesync.com,omniforgesync.com,239,London,UK,2026-06-13 03:06:10
2026-06-13,ERP,Sable OrderLabs,+1 (866) 876-3018,info@sableorderlabs.com,https://www.sableorderlabs.com,90,Dublin,IE,2026-06-13 06:05:19
2026-06-13,ERP,RidgeOrderSoft,+1 (432) 244-5257,hello@ridgeordersoft.com,https://ridgeordersoft.com,45,Melbourne,AU,2026-06-13 05:52:23
2026-06-13,Legal,Core CompliDynamics,227-498-7152,info@corecomplidynamics.com,https://www.corecomplidynamics.com,86,Atlanta,US,2026-06-13 04:12:01
2026-06-13,ERP,Velo StockDesk,7162340382 ext. 72,hello@velostockdesk.com,https://www.velostockdesk.com,115,Chicago,US,2026-06-13 03:31:15
2026-06-13,MSP Platform,Halo StackDesk,1-571-265-5173,hello@halostackdesk.net,https://halostackdesk.net,11,Tampa,US,2026-06-13 03:20:18
2026-06-13,ERP,Clear OpsSuite,(547) 268-0808,hello@clearopssuite.com,https://clearopssuite.com,377,Dublin,IE,2026-06-13 01:41:32
2026-06-13,HR,BrightPayrollLabs,+1 (219) 845-3041,info@brightpayrolllabs.com,https://www.brightpayrolllabs.com,435,Dublin,IE,2026-06-13 02:12:59
2026-06-13,Legal,Clear CounselApp,+17278513577,contact@clearcounselapp.com,https://www.clearcounselapp.com,218,Calgary,CA,2026-06-13 06:21:53
2026-06-13,ERP,FalconBatchLogic,(266) 886-9616,contact@falconbatchlogic.io,falconbatchlogic.io,9,Bengaluru,IN,2026-06-13 01:34:15
2026-06-13,ERP,Onyx ResourceLogic,401-553-1047,hello@onyxresourcelogic.com,https://www.onyxresourcelogic.com,57,London,UK,2026-06-13 03:05:16
2026-06-13,ERP,SilverOrderDynamics,311.436.2017,info@silverorderdynamics.net,https://silverorderdynamics.net,6,Tampa,US,2026-06-13 02:11:15
2026-06-13,ERP,Arch OpsCore,1-712-285-4074,contact@archopscore.io,https://archopscore.io,487,Calgary,CA,2026-06-13 04:38:24
2026-06-13,LMS,NorthQuiz App,+18438021208,hello@northquizapp.com,northquizapp.com,11,Manchester,UK,2026-06-13 01:36:34
2026-06-13,ERP,HaloOrderSystems,293-402-4892,N/A,https://www.haloordersystems.io,81,Boston,US,2026-06-13 05:15:30
2026-06-13,Medical,Blue PulseSync,1-772-999-0616,info@bluepulsesync.io,https://bluepulsesync.io,40,Phoenix,US,2026-06-13 06:42:28
2026-06-13,MSP Platform,LatticeRemoteDynamics,+19445271458,contact@latticeremotedynamics.com,https://latticeremotedynamics.com,,Sydney,AU,2026-06-13 03:20:50
2026-06-13,Legal,ZephyrCaseCloud,(873) 264-1364,sales@zephyrcasecloud.com,https://www.zephyrcasecloud.com,7,Raleigh,US,2026-06-13 06:16:27
2026-06-13,Legal,CoreFilingCore,716-863-4425,info@corefilingcore.com,https://www.corefilingcore.com,95,Amsterdam,NL,2026-06-13 04:23:22
2026-06-13,HR,Atlas RosterSphere,1-270-673-3901,info@atlasrostersphere.net,https://atlasrostersphere.net,316,Calgary,CA,2026-06-13 05:37:57
2026-06-13,Legal,PivotDocket Tech,(236) 778-1479,info@pivotdockettech.co,https://www.pivotdockettech.co,137,Austin,US,2026-06-13 06:03:05
2026-06-13,Legal,Pioneer LawLabs,(879) 810-1654,hello@pioneerlawlabs.net,pioneerlawlabs.net,492,Boston,US,2026-06-13 02:08:02
2026-06-13,Legal,PivotCase Point,210-594-5228,hello@pivotcasepoint.com,https://pivotcasepoint.com,8,Dublin,IE,2026-06-13 05:52:02
2026-06-13,ERP,CrestResourceCloud,328.561.0969,hello@crestresourcecloud.com,https://www.crestresourcecloud.com,9,Melbourne,AU,2026-06-13 06:56:43
2026-06-13,HR,ZenPerform Cloud,+16359153312,hello@zenperformcloud.io,https://www.zenperformcloud.io,4069,Sydney,AU,2026-06-13 01:15:52
2026-06-13,MSP Platform,RidgeRemote Hub,1-663-352-8173,info@ridgeremotehub.com,https://www.ridgeremotehub.com,792,Atlanta,US,2026-06-13 05:04:21
2026-06-13,MSP Platform,Zen Uptime BPO Services,528-229-2927,hello@zenuptimebposervices.com,https://zenuptimebposervices.com,18,Austin,US,2026-06-13 05:37:49
2026-06-13,Medical,BrightTriage Desk,+1 (897) 701-3300,hello@brighttriagedesk.com,https://brighttriagedesk.com,71,Islamabad,PK,2026-06-13 06:16:55
2026-06-13,Legal,NimbusLaw Sphere,+18807340563,info@nimbuslawsphere.com,https://nimbuslawsphere.com,4402,Seattle,US,2026-06-13 05:26:12
2026-06-13,Legal,Omni VerdictDesk,7076613295,-,https://omniverdictdesk.com,21,Denver,US,2026-06-13 01:22:18
2026-06-13,Medical,RapidHealth Flow,1-980-846-8370,sales@rapidhealthflow.com,https://www.rapidhealthflow.com,38,Atlanta,US,2026-06-13 02:57:18
2026-06-13,ERP,VertexChainWorks,+16028669798,info@vertexchainworks.com,https://vertexchainworks.com,302,Chicago,US,2026-06-13 05:08:20
2026-06-13,Legal,LumenVerdict Solutions,725-579-2673,info@lumenverdictsolutions.com,https://www.lumenverdictsolutions.com,72,Atlanta,US,2026-06-13 01:36:23
2026-06-13,ERP,QuartzForge Works,675.551.1673,contact@quartzforgeworks.com,https://www.quartzforgeworks.com,24,Calgary,CA,2026-06-13 06:02:49
2026-06-13,Legal,KeystoneMatter Tech,7049171968,info@keystonemattertech.com,https://www.keystonemattertech.com,5,Columbus,US,2026-06-13 04:02:51
2026-06-13,MSP Platform,VistaStackApp,1-918-973-8632 ext. 95,info@vistastackapp.com,https://www.vistastackapp.com,80,Vancouver,CA,2026-06-13 05:23:55
2026-06-13,ERP,KeystoneChainSphere,708-343-5331,hello@keystonechainsphere.com,keystonechainsphere.com,385,Vancouver,CA,2026-06-13 03:51:56
2026-06-13,Medical,GoldenVital Soft,2712374881,sales@goldenvitalsoft.com,https://www.goldenvitalsoft.com,66,Boston,US,2026-06-13 01:41:29
2026-06-13,ERP,ZephyrForgeSuite,242-473-8585 ext. 61,sales@zephyrforgesuite.com,https://www.zephyrforgesuite.com,425,London,UK,2026-06-13 04:59:13
2026-06-13,Medical,NovaVitalApp,7639151287,sales@novavitalapp.com,novavitalapp.com,297,Raleigh,US,2026-06-13 02:32:50
2026-06-13,ERP,Polaris StockTech,896.630.0423,sales@polarisstocktech.com,https://polarisstocktech.com,14,Chicago,US,2026-06-13 04:20:24
2026-06-13,Legal,Beacon Law Outsourcing,326.429.9857,info@beaconlawoutsourcing.com,https://www.beaconlawoutsourcing.com,30,Munich,DE,2026-06-13 02:23:32
2026-06-13,ERP,BrightBatchFlow,+12836295291,info@brightbatchflow.com,https://brightbatchflow.com,20,Denver,US,2026-06-13 06:21:36
2026-06-13,Medical,Cedar PatientSync,(305) 619-0216,contact@cedarpatientsync.co,cedarpatientsync.co,25,Dublin,IE,2026-06-13 01:41:16
2026-06-13,HR,NovaBenefit Flow,568-479-7095,contact@novabenefitflow.io,https://www.novabenefitflow.io,41,N/A,US,2026-06-13 05:16:14
2026-06-13,MSP Platform,WillowNet Logic,611-424-5973,hello@willownetlogic.com,https://willownetlogic.com,791,Melbourne,AU,2026-06-13 06:41:45
2026-06-13,Legal,EmberBriefSolutions,1-914-937-1491,hello@emberbriefsolutions.co,https://www.emberbriefsolutions.co,66,Austin,US,2026-06-13 03:09:30
2026-06-13,ERP,Lattice PlanDesk,(739) 656-4090,hello@latticeplandesk.com,https://latticeplandesk.com,3270,Austin,US,2026-06-13 01:41:11
2026-06-13,ERP,IronChain Platform,+1 (474) 256-9553,info@ironchainplatform.com,https://www.ironchainplatform.com,56,Austin,US,2026-06-13 01:06:14
2026-06-13,MSP Platform,Delta TicketDynamics,(515) 884-8740,sales@deltaticketdynamics.io,https://www.deltaticketdynamics.io,22,Austin,US,2026-06-13 05:16:42
2026-06-13,HR,BrightBenefit Sync,+1 (762) 211-6489 ext. 69,hello@brightbenefitsync.io,https://www.brightbenefitsync.io,156,Atlanta,US,2026-06-13 05:10:49
2026-06-13,MSP Platform,IndigoStack’s Solutions,+16359676452,-,https://indigostacksolutions.net,46,Atlanta,US,2026-06-13 02:38:17
2026-06-13,HR,Pivot PayrollTech,398.868.2840,contact@pivotpayrolltech.com,pivotpayrolltech.com,149,Toronto,CA,2026-06-13 03:28:06
2026-06-13,Medical,PivotTriage Labs,917.228.3841,contact@pivottriagelabs.com,https://pivottriagelabs.com,18,Pune,IN,2026-06-13 02:25:10
2026-06-13,ERP,Summit OpsLogic,318.200.9627,sales@summitopslogic.com,https://www.summitopslogic.com,12,Tampa,US,2026-06-13 02:22:04
2026-06-13,ERP,Delta OpsApp,(647) 594-2555 ext. 8,hello@deltaopsapp.com,https://www.deltaopsapp.com,10,Pune,IN,2026-06-13 05:07:29
2026-06-13,HR,NovaRoster Tech,8232188532,contact@novarostertech.com,https://novarostertech.com,137,Tampa,US,2026-06-13 01:05:55
2026-06-13,HR,Omni People Consultants,942-434-7818,info@omnipeopleconsultants.io,https://www.omnipeopleconsultants.io,26,Atlanta,US,2026-06-13 02:36:25
2026-06-13,ERP,Harbor BatchLabs,+16425289441,info@harborbatchlabs.com,https://www.harborbatchlabs.com,38,Atlanta,US,2026-06-13 01:07:29
2026-06-13,HR,FalconRosterPoint,414-527-1160,contact@falconrosterpoint.com,https://falconrosterpoint.com,14,Denver,US,2026-06-13 06:10:42
2026-06-13,ERP,WillowChainLabs,305-437-9018,hello@willowchainlabs.com,https://willowchainlabs.com,95,Atlanta,US,2026-06-13 06:33:41
2026-06-13,ERP,NovaFinSystéms,1-618-716-1291 ext. 24,contact@novafinsystems.com,https://www.novafinsystems.com,126,Atlanta,US,2026-06-13 01:21:32
2026-06-13,MSP Platform,AnchorStackDynamics,646.655.8704,info@anchorstackdynamics.com,https://www.anchorstackdynamics.com,76,Seattle,US,2026-06-13 01:07:55
2026-06-13,Legal,PolarisFiling Base,+1 (800) 633-7495,hello@polarisfilingbase.com,https://www.polarisfilingbase.com,531,Denver,US,2026-06-13 05:26:27
2026-06-13,HR,Vertex PerformSphere,+12134176182,contact@vertexperformsphere.com,https://vertexperformsphere.com,84,,US,2026-06-13 05:37:28
2026-06-13,MSP Platform,LatticeUptimeSphere,3836071797,sales@latticeuptimesphere.net,https://www.latticeuptimesphere.net,null,Atlanta,US,2026-06-13 03:50:42
2026-06-13,HR,RavenPayrollLogic,(710) 848-5225,sales@ravenpayrolllogic.com,ravenpayrolllogic.com,77,null,US,2026-06-13 06:23:46
2026-06-13,Medical,Core TriageFlow,1-423-639-5514,info@coretriageflow.com,https://www.coretriageflow.com,177,Austin,US,2026-06-13 04:11:22
2026-06-13,MSP Platform,CrownGrid Logic,(482) 207-3070,hello@crowngridlogic.io,crowngridlogic.io,953,Hyderabad,IN,2026-06-13 04:35:42
2026-06-13,HR,WillowPerform Sphere,463-498-1237,info@willowperformsphere.com,willowperformsphere.com,214,London,UK,2026-06-13 03:22:32
2026-06-13,MSP Platform,MetaTicket Core,+15968947745,-,https://www.metaticketcore.com,10,Austin,US,2026-06-13 04:26:10
2026-06-13,ERP,Anchor OrderSystems,1-740-766-5143,hello@anchorordersystems.com,https://www.anchorordersystems.com,2801,Raleigh,US,2026-06-13 02:59:30
2026-06-13,MSP Platform,Halo GridApp,867.805.7350,info@halogridapp.com,https://www.halogridapp.com,12,Boston,US,2026-06-13 05:58:55
2026-06-13,ERP,Bold ChainWorks,(444) 322-4786,hello@boldchainworks.com,https://boldchainworks.com,351,Dublin,IE,2026-06-13 04:40:08
2026-06-13,ERP,NovaPlan App,738.385.5613,contact@novaplanapp.com,novaplanapp.com,39,London,UK,2026-06-13 03:48:28
2026-06-13,MSP Platform,ArchStack Cloud,+17687617544,contact@archstackcloud.co,https://www.archstackcloud.co,354,Toronto,CA,2026-06-13 05:12:54
2026-06-13,LMS,DeltaSkillPlatform,+1 (803) 643-8876,hello@deltaskillplatform.io,https://www.deltaskillplatform.io,25,Atlanta,US,2026-06-13 04:12:25
2026-06-13,HR,HarborOnboardWorks,685.660.3703,sales@harboronboardworks.com,https://www.harboronboardworks.com,15,Chicago,US,2026-06-13 03:08:59
2026-06-13,Medical,TidalChartDesk,(934) 385-0679,contact@tidalchartdesk.io,https://www.tidalchartdesk.io,53,Chicago,US,2026-06-13 05:34:51
2026-06-13,HR,NovaCulturePlatform,+15539675295,contact@novacultureplatform.com,https://novacultureplatform.com,39,Seattle,US,2026-06-13 06:38:46
2026-06-13,ERP,True LedgerTech,6149041533 ext. 56,contact@trueledgertech.co,https://www.trueledgertech.co,834,Chicago,US,2026-06-13 05:33:18
2026-06-13,Medical,SummitPatient Works,+15853349764,hello@summitpatientworks.io,https://www.summitpatientworks.io,N/A,Boston,US,2026-06-13 02:45:29
2026-06-13,Medical,NorthPatient Logic,+16629560421,info@northpatientlogic.com,https://www.northpatientlogic.com,4050,Austin,US,2026-06-13 03:01:32
2026-06-13,Medical,RapidCarePlatform,676-737-7426,hello@rapidcareplatform.co,https://www.rapidcareplatform.co,12,Islamabad,PK,2026-06-13 04:22:58
2026-06-13,Legal,WillowCounselSuite,554.990.2569,hello@willowcounselsuite.com,https://willowcounselsuite.com,44,Boston,US,2026-06-13 01:14:29
2026-06-13,MSP Platform,NimbusUptime Dynamics,08789976462,sales@nimbusuptimedynamics.net,https://www.nimbusuptimedynamics.net,4871,Dublin,IE,2026-06-13 05:23:11
2026-06-13,HR,Prime Shift Recruiting,5195689074 ext. 9,contact@primeshiftrecruiting.com,https://www.primeshiftrecruiting.com,50,Vancouver,CA,2026-06-13 03:06:17
2026-06-13,Medical,FusionMed Dynamics,+16719363875,hello@fusionmeddynamics.net,https://www.fusionmeddynamics.net,12,Atlanta,US,2026-06-13 02:22:55
2026-06-13,ERP,CoreOpsSuite,+1 (234) 458-6434,contact@coreopssuite.com,https://coreopssuite.com,,Atlanta,US,2026-06-13 03:40:38
2026-06-13,Medical,ZephyrTriageSphere,920-818-1906,hello@zephyrtriagesphere.com,https://www.zephyrtriagesphere.com,4329,Columbus,US,2026-06-13 05:45:22
2026-06-13,ERP,Fusion StockDesk,419.899.3061 ext. 19,hello@fusionstockdesk.com,fusionstockdesk.com,92,Denver,US,2026-06-13 01:16:54
2026-06-13,Medical,Cobalt ChartSync,873-355-6172,hello@cobaltchartsync.com,cobaltchartsync.com,6,Atlanta,US,2026-06-13 05:21:50
2026-06-13,ERP,HaloChain Suite,+1 (751) 401-6152,info@halochainsuite.io,halochainsuite.io,3446,Chicago,US,2026-06-13 01:37:25
2026-06-13,MSP Platform,PolarisNetHub,09159748988,contact@polarisnethub.com,https://www.polarisnethub.com,44,Calgary,CA,2026-06-13 03:45:55
2026-06-13,Medical,RidgeMedWorks,6457834160,hello@ridgemedworks.com,https://ridgemedworks.com,799,Manchester,UK,2026-06-13 04:26:41
2026-06-13,Legal,Nova CompliPoint,505-755-6181,sales@novacomplipoint.io,https://www.novacomplipoint.io,470,Raleigh,US,2026-06-13 05:47:03
2026-06-13,ERP,SolidFinDesk,9394174721,hello@solidfindesk.com,https://solidfindesk.com,13,Sydney,AU,2026-06-13 06:29:22
2026-06-13,HR,DeltaRoster Platform,+13107522802,contact@deltarosterplatform.co,https://deltarosterplatform.co,73,Chicago,US,2026-06-13 03:19:56
2026-06-13,HR,OnyxPerformHub,286-987-4126,-,https://www.onyxperformhub.com,14,Seattle,US,2026-06-13 01:26:15
2026-06-13,ERP,JuniperForge Cloud,+14425278264,info@juniperforgecloud.com,https://www.juniperforgecloud.com,9,London,UK,2026-06-13 04:55:39
2026-06-13,ERP,OnyxTalentSuite,934.550.4245,sales@onyxtalentsuite.net,https://www.onyxtalentsuite.net,3815,Columbus,US,2026-06-13 06:16:59
2026-06-13,HR,Quartz RosterSolutions,(520) 812-5078,hello@quartzrostersolutions.com,https://www.quartzrostersolutions.com,50,Denver,US,2026-06-13 06:11:30
2026-06-13,MSP Platform,QuantumEndpoint Solutions,6455969848 ext. 12,info@quantumendpointsolutions.io,https://www.quantumendpointsolutions.io,26,Manchester,UK,2026-06-13 04:13:08
2026-06-13,HR,PioneerOnboardBase,2963438005,hello@pioneeronboardbase.com,https://www.pioneeronboardbase.com,53,Munich,DE,2026-06-13 06:18:44
2026-06-13,Legal,Apex CaseDesk,479-345-9393,info@apexcasedesk.net,apexcasedesk.net,160,Denver,US,2026-06-13 03:27:56
2026-06-13,ERP,BoldOrderWorks,601-236-5798,sales@boldorderworks.net,https://www.boldorderworks.net,9,Denver,US,2026-06-13 01:41:07
2026-06-13,ERP,Raven OpsHub,922-411-9788,hello@ravenopshub.com,https://www.ravenopshub.com,139,Columbus,US,2026-06-13 06:36:01
2026-06-13,HR,CedarPayroll Tech,6109480799,sales@cedarpayrolltech.com,https://www.cedarpayrolltech.com,838,Austin,US,2026-06-13 06:34:04
2026-06-13,Legal,AnchorFilingSystems,+12052336286,sales@anchorfilingsystems.com,https://www.anchorfilingsystems.com,9,Austin,US,2026-06-13 05:27:22
2026-06-13,Legal,Silver DocketCloud,471.372.4563 ext. 71,info@silverdocketcloud.net,https://www.silverdocketcloud.net,97,Manchester,UK,2026-06-13 06:18:50
2026-06-13,MSP Platform,OmniGridCore,487-592-8348,contact@omnigridcore.net,https://www.omnigridcore.net,10,Toronto,CA,2026-06-13 02:58:53
2026-06-13,ERP,AnchorChainDesk,+13007794405,sales@anchorchaindesk.net,https://www.anchorchaindesk.net,N/A,Manchester,UK,2026-06-13 03:56:21
2026-06-13,ERP,RidgeOpsFlow,(323) 238-1876,info@ridgeopsflow.com,ridgeopsflow.com,95,Atlanta,US,2026-06-13 03:17:56
2026-06-13,Medical,Silver VitalSystems,(288) 909-9105,contact@silvervitalsystems.com,silvervitalsystems.com,23,Denver,US,2026-06-13 02:00:39
2026-06-13,HR,Vista PathApp,(225) 654-7416,info@vistapathapp.net,https://www.vistapathapp.net,74,Manchester,UK,2026-06-13 03:21:04
2026-06-13,ERP,VistaBatch Hub,+1 (976) 285-1920,hello@vistabatchhub.io,https://vistabatchhub.io,19,Amsterdam,NL,2026-06-13 06:37:54
2026-06-13,MSP Platform,MetaNode Systems,(919) 840-8900,sales@metanodesystems.net,metanodesystems.net,91,Raleigh,US,2026-06-13 06:14:06
2026-06-13,Medical,BoldRx Systems,+1 (845) 575-3370 ext. 77,sales@boldrxsystems.com,https://www.boldrxsystems.com,31,Raleigh,US,2026-06-13 02:55:23
2026-06-13,Medical,OmniMedSoft,631.354.2237,info@omnimedsoft.com,omnimedsoft.com,499,Pune,IN,2026-06-13 02:40:52
2026-06-13,MSP Platform,IronGrid Sync,464-924-3788,sales@irongridsync.net,https://irongridsync.net,302,Columbus,US,2026-06-13 01:00:32
2026-06-13,HR,DeltaTeamFlow,252-839-4325,contact@deltateamflow.com,deltateamflow.com,91,Tampa,US,2026-06-13 03:14:40
2026-06-13,ERP,Golden ForgeBase,+12226220623,hello@goldenforgebase.net,https://www.goldenforgebase.net,891,Phoenix,US,2026-06-13 02:22:24
2026-06-13,LMS,Pioneer TutorDynamics,(465) 684-0591,sales@pioneertutordynamics.com,https://www.pioneertutordynamics.com,917,Singapore,SG,2026-06-13 05:38:15
2026-06-13,ERP,North OrderHub,279-410-2680,info@northorderhub.co,https://northorderhub.co,86,Berlin,DE,2026-06-13 02:21:39
2026-06-13,MSP Platform,Delta RemoteDesk,744-710-2631,contact@deltaremotedesk.net,https://www.deltaremotedesk.net,421,Phoenix,US,2026-06-13 01:42:33
2026-06-13,ERP,Sablé BatchFlow,576-371-0519 ext. 48,info@sablebatchflow.co,https://www.sablebatchflow.co,12,Phoenix,US,2026-06-13 06:35:36
2026-06-13,HR,ApexPayrollApp,+17368065235,contact@apexpayrollapp.co,https://www.apexpayrollapp.co,266,Pune,IN,2026-06-13 01:35:52
2026-06-13,Legal,Cedar CaseLabs,916.520.4337,contact@cedarcaselabs.com,https://cedarcaselabs.com,17,Karachi,PK,2026-06-13 04:28:07
2026-06-13,ERP,Arch OpsSphere,557.333.6109 ext. 42,sales@archopssphere.com,https://archopssphere.com,35,Phoenix,US,2026-06-13 03:06:06
2026-06-13,HR,AltaPeopleTech,(956) 469-6038,hello@altapeopletech.com,https://altapeopletech.com,26,Raleigh,US,2026-06-13 02:45:11
2026-06-13,Legal,AltaFiling Works,(614) 748-6404,-,altafilingworks.com,41,Lahore,PK,2026-06-13 03:55:21
2026-06-13,ERP,Apex Fin Outsourcing,893-721-3631,sales@apexfinoutsourcing.com,https://www.apexfinoutsourcing.com,30,Austin,US,2026-06-13 05:59:33
2026-06-13,Medical,FalconCareDynamics,963.895.0465,hello@falconcaredynamics.com,falconcaredynamics.com,984,Manchester,UK,2026-06-13 02:35:52
2026-06-13,ERP,Golden ResourceLogic,+14292152930,contact@goldenresourcelogic.io,https://goldenresourcelogic.io,40,Austin,US,2026-06-13 02:13:57
2026-06-13,Legal,QuartzDocketLogic,432-903-2192,,https://www.quartzdocketlogic.com,18,Phoenix,US,2026-06-13 05:13:27
2026-06-13,LMS,AltaQuizLabs,+13238297316,sales@altaquizlabs.net,https://www.altaquizlabs.net,28,Boston,US,2026-06-13 06:56:28
2026-06-13,MSP Platform,RidgewayGrid Cloud,(734) 930-8828,hello@ridgewaygridcloud.io,ridgewaygridcloud.io,15,Vancouver,CA,2026-06-13 06:02:20
2026-06-13,Legal,ZenLawHub,647-395-9172 ext. 72,info@zenlawhub.com,https://zenlawhub.com,null,Austin,US,2026-06-13 04:28:25
2026-06-13,ERP,BoldPlanFlow,338-946-5811,contact@boldplanflow.com,https://www.boldplanflow.com,295,Raleigh,US,2026-06-13 03:57:16
2026-06-13,ERP,Ridge ForgeCloud,+15327802546,contact@ridgeforgecloud.io,https://ridgeforgecloud.io,142,Denver,US,2026-06-13 03:24:21
2026-06-13,MSP Platform,FusionMonitorBase,+1 (282) 505-5316,contact@fusionmonitorbase.net,https://www.fusionmonitorbase.net,10,Austin,US,2026-06-13 05:20:17
2026-06-13,ERP,Quantum StockSoft,350-557-6088,sales@quantumstocksoft.com,https://www.quantumstocksoft.com,N/A,Dublin,IE,2026-06-13 03:01:57
2026-06-13,ERP,Ridge OpsSphere,9129659123,contact@ridgeopssphere.com,https://ridgeopssphere.com,96,Calgary,CA,2026-06-13 02:46:59
2026-06-13,HR,SolidPeople Labs,+15402317813,contact@solidpeoplelabs.com,https://www.solidpeoplelabs.com,13,Raleigh,US,2026-06-13 01:48:54
2026-06-13,ERP,OnyxResourceBase,896-779-7278,hello@onyxresourcebase.co,onyxresourcebase.co,192,Pune,IN,2026-06-13 02:21:26
2026-06-13,Medical,OnyxTriage Flow,(329) 850-9133 ext. 21,hello@onyxtriageflow.com,https://www.onyxtriageflow.com,133,Chicago,US,2026-06-13 04:59:16
2026-06-13,Legal,Polaris VerdictPoint,1-398-391-8689,N/A,https://www.polarisverdictpoint.com,671,Berlin,DE,2026-06-13 01:07:26
2026-06-13,HR,Fusion RosterDesk,715-840-0338,sales@fusionrosterdesk.co,https://fusionrosterdesk.co,8,Singapore,SG,2026-06-13 02:33:39
2026-06-13,Medical,HaloMed Cloud,+14762613834,contact@halomedcloud.co,https://www.halomedcloud.co,4367,Phoenix,US,2026-06-13 01:23:47
2026-06-13,ERP,ArchResourceSoft,4952279532,sales@archresourcesoft.net,https://archresourcesoft.net,14,Pune,IN,2026-06-13 01:41:32
2026-06-13,Legal,ZenCompli Platform,+15514481244,sales@zencompliplatform.com,https://zencompliplatform.com,6,Leeds,UK,2026-06-13 05:16:58
2026-06-13,Legal,BrightFilingLabs,698.459.3909,info@brightfilinglabs.io,https://www.brightfilinglabs.io,7,Sydney,AU,2026-06-13 02:06:41
2026-06-13,Medical,LumenPulseCore,490-366-9917,sales@lumenpulsecore.io,https://www.lumenpulsecore.io,17,London,UK,2026-06-13 05:20:35
2026-06-13,HR,Atlas Talent Consulting Group,343.537.5459,hello@atlastalentconsultinggroup.io,https://www.atlastalentconsultinggroup.io,67,Austin,US,2026-06-13 03:08:11
2026-06-13,HR,Zen’s CultureApp,(254) 847-7137,sales@zencultureapp.com,https://zencultureapp.com,N/A,Boston,US,2026-06-13 04:20:23
2026-06-13,Medical,JuniperMedApp,+17602077979,contact@junipermedapp.co,https://www.junipermedapp.co,199,Calgary,CA,2026-06-13 06:41:52
2026-06-13,MSP Platform,CedarUptimeSystems,1-431-905-8222,contact@cedaruptimesystems.net,https://www.cedaruptimesystems.net,58,Chicago,US,2026-06-13 01:17:07
2026-06-13,ERP,BoldForge Soft,+18408036207,contact@boldforgesoft.com,https://www.boldforgesoft.com,28,Atlanta,US,2026-06-13 05:19:42
2026-06-13,MSP Platform,Lumén EndpointDesk,3365067797,hello@lumenendpointdesk.com,https://lumenendpointdesk.com,123,Amsterdam,NL,2026-06-13 03:19:20
2026-06-13,MSP Platform,Willow TicketSystems,920-578-0488,sales@willowticketsystems.com,willowticketsystems.com,2398,Austin,US,2026-06-13 06:03:02
2026-06-13,Medical,Nimbus TriagéSphere,(926) 762-1236,contact@nimbustriagesphere.co,https://www.nimbustriagesphere.co,446,Phoenix,US,2026-06-13 02:35:31
2026-06-13,Medical,QuantumVital Hub,711-884-2362,info@quantumvitalhub.com,https://quantumvitalhub.com,963,Manchester,UK,2026-06-13 03:38:53
2026-06-13,HR,PrimeTalentSync,02257456047,contact@primetalentsync.com,https://www.primetalentsync.com,30,Toronto,CA,2026-06-13 06:48:19
2026-06-13,Medical,OmniRx’s App,(438) 293-7030 ext. 7,hello@omnirxapp.com,https://www.omnirxapp.com,34,Denver,US,2026-06-13 03:29:35
2026-06-13,MSP Platform,BrightNet Tech,+12345008846,contact@brightnettech.co,https://www.brightnettech.co,12,Calgary,CA,2026-06-13 04:41:23
2026-06-13,Legal,Quantum CompliSphere,683-656-3736,sales@quantumcomplisphere.com,quantumcomplisphere.com,24,Dublin,IE,2026-06-13 04:59:07
2026-06-13,Legal,NovaMatterDesk,09537236962,sales@novamatterdesk.com,https://www.novamatterdesk.com,50,Seattle,US,2026-06-13 05:39:05
2026-06-13,MSP Platform,LatticeNetApp,1-740-236-4753,info@latticenetapp.com,https://www.latticenetapp.com,11,Islamabad,PK,2026-06-13 02:39:11
2026-06-13,MSP Platform,CrestGrid Systems,+16395357409,hello@crestgridsystems.com,crestgridsystems.com,322,Boston,US,2026-06-13 03:37:46
2026-06-13,HR,Bold TeamSuite,3335874775,info@boldteamsuite.com,boldteamsuite.com,93,Raleigh,US,2026-06-13 01:58:11
2026-06-13,MSP Platform,Crest NodeFlow,1-850-586-5598,hello@crestnodeflow.com,crestnodeflow.com,184,Phoenix,US,2026-06-13 03:56:16
2026-06-13,Medical,PolarisClinicPlatform’s,516-575-5045,contact@polarisclinicplatform.com,https://www.polarisclinicplatform.com,61,Sydney,AU,2026-06-13 03:15:17
2026-06-13,ERP,FalconChain Solutions,+15873449633,hello@falconchainsolutions.co,falconchainsolutions.co,545,Phoenix,US,2026-06-13 01:31:01
2026-06-13,ERP,Keystone ChainSync,(348) 262-6777,info@keystonechainsync.com,https://www.keystonechainsync.com,17,Austin,US,2026-06-13 03:48:35
2026-06-13,MSP Platform,IronNodeBase,285-848-0470,info@ironnodebase.com,https://www.ironnodebase.com,73,Columbus,US,2026-06-13 04:38:14
2026-06-13,Medical,TrueHealthSystems,+19209995072,info@truehealthsystems.com,https://www.truehealthsystems.com,48,Sydney,AU,2026-06-13 04:15:47
2026-06-13,Legal,XenonBriefDesk,1-397-911-0747,info@xenonbriefdesk.io,https://www.xenonbriefdesk.io,3839,Melbourne,AU,2026-06-13 05:39:50
2026-06-13,HR,ClearBenefitWorks,1-331-885-9259,hello@clearbenefitworks.com,https://www.clearbenefitworks.com,400,Leeds,UK,2026-06-13 06:17:24
2026-06-13,ERP,RapidOrder App,(549) 375-0379 ext. 93,sales@rapidorderapp.co,https://www.rapidorderapp.co,382,Boston,US,2026-06-13 01:55:20
2026-06-13,HR,QuantumTalent Works,+1 (696) 883-3021,sales@quantumtalentworks.co,quantumtalentworks.co,14,Chicago,US,2026-06-13 01:33:45
2026-06-13,Legal,RidgeBrief Flow,655-829-1058,info@ridgebriefflow.io,https://www.ridgebriefflow.io,320,N/A,UK,2026-06-13 06:27:18
2026-06-13,MSP Platform,Blue GridLogic,928.202.9639,sales@bluegridlogic.com,https://www.bluegridlogic.com,7,Berlin,DE,2026-06-13 01:57:01
2026-06-13,Medical,Keystone CareLabs,+16415632298,N/A,https://www.keystonecarelabs.com,6,Toronto,CA,2026-06-13 06:11:25
2026-06-13,ERP,BrightBatch Labs,(359) 438-1597,contact@brightbatchlabs.com,brightbatchlabs.com,31,Chicago,US,2026-06-13 04:57:15
2026-06-13,HR,LumenBenefit Desk,220.781.3326 ext. 85,info@lumenbenefitdesk.io,https://lumenbenefitdesk.io,4679,Amsterdam,NL,2026-06-13 06:32:32
2026-06-13,ERP,CedarLedger Labs,399.550.2990,sales@cedarledgerlabs.io,cedarledgerlabs.io,719,Raleigh,US,2026-06-13 02:23:25
2026-06-13,HR,Nimbus TalentDynamics,(534) 611-3635,info@nimbustalentdynamics.co,https://www.nimbustalentdynamics.co,467,London,UK,2026-06-13 06:51:58
2026-06-13,HR,DeltaCultureCloud’s,5747774508,hello@deltaculturecloud.com,https://www.deltaculturecloud.com,10,Denver,US,2026-06-13 04:09:36
2026-06-13,HR,ZenTalentLabs,+16765529774,info@zentalentlabs.com,zentalentlabs.com,18,Boston,US,2026-06-13 04:53:17
2026-06-13,ERP,GoldenStockLogic,733.557.6386,info@goldenstocklogic.com,https://goldenstocklogic.com,9,Chicago,US,2026-06-13 06:15:44
2026-06-13,MSP Platform,Halo PatchApp,05349932524,hello@halopatchapp.com,https://www.halopatchapp.com,37,Atlanta,US,2026-06-13 04:18:57
2026-06-13,ERP,FalconOpsSuite,1-621-799-3904,hello@falconopssuite.co,https://www.falconopssuite.co,20,Atlanta,US,2026-06-13 03:06:40
2026-06-13,MSP Platform,Orbit PatchWorks,434-465-8345,info@orbitpatchworks.io,https://www.orbitpatchworks.io,19,Islamabad,PK,2026-06-13 06:51:23
2026-06-13,ERP,BrightLedger Flow,520-859-1141,sales@brightledgerflow.io,https://www.brightledgerflow.io,2900,Austin,US,2026-06-13 01:19:53
2026-06-13,HR,IndigoBenefit Base,905.480.8284 ext. 14,contact@indigobenefitbase.com,https://www.indigobenefitbase.com,298,null,US,2026-06-13 03:35:53
2026-06-13,Medical,Omni RxBase,(220) 251-2530,contact@omnirxbase.com,https://www.omnirxbase.com,136,Melbourne,AU,2026-06-13 06:46:15
2026-06-13,Medical,Beacon MedFlow,985.856.0599,contact@beaconmedflow.net,https://www.beaconmedflow.net,894,Tampa,US,2026-06-13 04:54:36
2026-06-13,ERP,IronChainDynamics,(860) 336-7408,hello@ironchaindynamics.com,https://www.ironchaindynamics.com,30,Pune,IN,2026-06-13 02:27:27
2026-06-13,Legal,CrestLawDesk,(979) 438-4137,contact@crestlawdesk.com,https://crestlawdesk.com,91,Leeds,UK,2026-06-13 05:16:24
2026-06-13,HR,KeystoneTeamPoint,+14499673098,sales@keystoneteampoint.co,keystoneteampoint.co,124,Tampa,US,2026-06-13 01:26:39
2026-06-13,ERP,BoldForge Works,351-881-6488,hello@boldforgeworks.net,https://www.boldforgeworks.net,533,Raleigh,US,2026-06-13 03:38:20
2026-06-13,ERP,FusionForgeLogic,(234) 665-1250,hello@fusionforgelogic.io,https://www.fusionforgelogic.io,8,Leeds,UK,2026-06-13 04:45:18
2026-06-13,Medical,MosaicVitalSoft,1-915-536-8774 ext. 65,hello@mosaicvitalsoft.com,https://www.mosaicvitalsoft.com,-,Berlin,DE,2026-06-13 03:26:18
2026-06-13,MSP Platform,Clear Net Recruiting,+16035216484,contact@clearnetrecruiting.com,https://www.clearnetrecruiting.com,466,Tampa,US,2026-06-13 06:04:23
2026-06-13,Medical,WillowHealth Logic,(713) 982-6029,sales@willowhealthlogic.com,https://www.willowhealthlogic.com,249,Raleigh,US,2026-06-13 05:05:34
2026-06-13,ERP,Juniper OpsSoft,1-913-325-2148,info@juniperopssoft.com,https://www.juniperopssoft.com,19,Amsterdam,NL,2026-06-13 03:50:22
2026-06-13,HR,AtlasRosterDynamics,5122961688,hello@atlasrosterdynamics.io,https://www.atlasrosterdynamics.io,165,Melbourne,AU,2026-06-13 01:21:57
2026-06-13,MSP Platform,ArchMonitor Suite,232-484-5016,info@archmonitorsuite.net,https://www.archmonitorsuite.net,143,Tampa,US,2026-06-13 04:42:43
2026-06-13,HR,Zen TeamHub,+1 (691) 540-7207,info@zenteamhub.com,https://zenteamhub.com,24,Austin,US,2026-06-13 06:05:00
2026-06-13,LMS,BeaconLessonDesk,+14247450490,N/A,https://www.beaconlessondesk.com,54,Leeds,UK,2026-06-13 05:03:50
2026-06-13,Legal,WillowMatter Hub,(317) 540-8565,sales@willowmatterhub.com,https://willowmatterhub.com,10,Boston,US,2026-06-13 03:00:27
2026-06-13,HR,ZephyrShift Works,8289501639,info@zephyrshiftworks.io,https://www.zephyrshiftworks.io,146,Chicago,US,2026-06-13 04:24:25
2026-06-13,HR,CoreRoster Systems,+18477470466,info@corerostersystems.com,https://www.corerostersystems.com,46,Raleigh,US,2026-06-13 05:48:43
2026-06-13,HR,ArchPayroll Hub,520.866.7639,info@archpayrollhub.co,https://www.archpayrollhub.co,20,Seattle,US,2026-06-13 06:05:18
2026-06-13,HR,FalconCulture Dynamics,251-650-7670,info@falconculturedynamics.io,https://www.falconculturedynamics.io,N/A,Atlanta,US,2026-06-13 05:26:16
2026-06-13,MSP Platform,MetaUptime Point,(239) 630-3186,hello@metauptimepoint.com,metauptimepoint.com,62,Raleigh,US,2026-06-13 01:59:46
2026-06-13,Medical,Vertex PulseBase,589-900-1072,contact@vertexpulsebase.com,https://vertexpulsebase.com,485,Phoenix,US,2026-06-13 02:16:42
2026-06-13,ERP,Golden LedgerWorks,(573) 223-9122,,https://www.goldenledgerworks.io,15,Denver,US,2026-06-13 02:41:20
2026-06-13,LMS,Arch CohortSuite,+1 (549) 283-9588,sales@archcohortsuite.com,https://archcohortsuite.com,23,Columbus,US,2026-06-13 02:09:09
2026-06-13,ERP,Silver Plan BPO Services,+17838330379,sales@silverplanbposervices.com,https://www.silverplanbposervices.com,58,Denver,US,2026-06-13 03:05:33
2026-06-13,MSP Platform,Vista Uptime Staffing,+14903460676,hello@vistauptimestaffing.com,https://www.vistauptimestaffing.com,66,Munich,DE,2026-06-13 05:57:53
2026-06-13,HR,BluePerform Platform,9654280266 ext. 88,info@blueperformplatform.net,https://blueperformplatform.net,9,Raleigh,US,2026-06-13 02:12:38
2026-06-13,MSP Platform,ClearTicketCloud,(590) 710-7402,hello@clearticketcloud.com,https://www.clearticketcloud.com,9,Denver,US,2026-06-13 04:01:56
2026-06-13,MSP Platform,North NetDynamics,(699) 824-9531,contact@northnetdynamics.co,https://northnetdynamics.co,223,Raleigh,US,2026-06-13 05:47:00
2026-06-13,HR,Mosaic PeopleFlow,770.492.5582,info@mosaicpeopleflow.com,https://mosaicpeopleflow.com,166,Raleigh,US,2026-06-13 02:52:15
2026-06-13,Legal,RavenClause Sync,(355) 272-8807,sales@ravenclausesync.com,https://www.ravenclausesync.com,165,Amsterdam,NL,2026-06-13 05:13:50
2026-06-13,HR,VertexRosterBase,6624786972,sales@vertexrosterbase.com,https://www.vertexrosterbase.com,201,Denver,US,2026-06-13 05:18:10
2026-06-13,Legal,Juniper FilingLabs,+17518851162,hello@juniperfilinglabs.com,https://www.juniperfilinglabs.com,97,Leeds,UK,2026-06-13 02:40:57
2026-06-13,Medical,ArchMedWorks,1-964-462-1278,contact@archmedworks.com,https://www.archmedworks.com,414,Toronto,CA,2026-06-13 04:18:22
2026-06-13,HR,Quantum PayrollSoft,1-440-793-8050,contact@quantumpayrollsoft.com,https://quantumpayrollsoft.com,10,Sydney,AU,2026-06-13 06:14:40
2026-06-13,HR,ApexShiftPoint,1-324-256-6796,info@apexshiftpoint.com,https://www.apexshiftpoint.com,444,Manchester,UK,2026-06-13 02:48:37
2026-06-13,HR,NorthPayrollCore,(543) 238-1572,info@northpayrollcore.co,https://www.northpayrollcore.co,373,Atlanta,US,2026-06-13 03:35:53
2026-06-13,MSP Platform,Apex NodeCore,555-522-2052,null,https://apexnodecore.co,126,Phoenix,US,2026-06-13 01:24:49
2026-06-13,LMS,CrestPath Sphere,518-476-1341,sales@crestpathsphere.com,https://www.crestpathsphere.com,86,Tampa,US,2026-06-13 01:44:27
2026-06-13,HR,QuartzBenefit Core,400.298.3432,contact@quartzbenefitcore.com,https://www.quartzbenefitcore.com,146,Phoenix,US,2026-06-13 03:51:08
2026-06-13,Legal,ZephyrVerdict Flow,460-873-2479,sales@zephyrverdictflow.com,https://www.zephyrverdictflow.com,323,Atlanta,US,2026-06-13 01:56:49
2026-06-13,ERP,Quantum ForgeSystems,953.840.8420,sales@quantumforgesystems.com,https://quantumforgesystems.com,43,N/A,US,2026-06-13 03:32:27
2026-06-13,Legal,Lumen VerdictSync,422.751.9940,info@lumenverdictsync.co,https://lumenverdictsync.co,57,-,US,2026-06-13 05:10:41
2026-06-13,MSP Platform,XenonTicket Cloud,+17655196729,hello@xenonticketcloud.com,https://www.xenonticketcloud.com,494,Sydney,AU,2026-06-13 02:22:05
2026-06-13,Legal,Granite FilingCore,702-813-8086,sales@granitefilingcore.net,https://www.granitefilingcore.net,287,Leeds,UK,2026-06-13 05:59:56
2026-06-13,HR,PivotCulture’s App,(243) 959-5432,contact@pivotcultureapp.io,pivotcultureapp.io,N/A,Denver,US,2026-06-13 01:45:22
2026-06-13,HR,Halo OnboardCore,1-522-577-8560,info@haloonboardcore.com,haloonboardcore.com,20,Boston,US,2026-06-13 02:36:12
2026-06-13,Medical,Golden VitalLogic,+1 (384) 941-5288,sales@goldenvitallogic.co,https://www.goldenvitallogic.co,45,Tampa,US,2026-06-13 04:30:41
2026-06-13,ERP,CedarLedgerCore,1-935-568-9240 ext. 8,hello@cedarledgercore.com,https://www.cedarledgercore.com,72,Atlanta,US,2026-06-13 03:10:43
2026-06-13,Legal,GraniteDocket App,+1 (778) 401-7226,sales@granitedocketapp.com,https://www.granitedocketapp.com,424,Raleigh,US,2026-06-13 03:20:38
2026-06-13,ERP,CrestStockSolutions,1-590-588-8694,contact@creststocksolutions.com,https://www.creststocksolutions.com,550,Raleigh,US,2026-06-13 06:38:32
2026-06-13,ERP,Mosaic StockSoft,278-937-3912,contact@mosaicstocksoft.com,mosaicstocksoft.com,153,Tampa,US,2026-06-13 02:58:50
2026-06-13,Medical,Meta PatientPoint,(664) 629-2455,sales@metapatientpoint.com,https://www.metapatientpoint.com,5,Chicago,US,2026-06-13 04:25:04
2026-06-13,ERP,AnchorFinApp,07953014997 ext. 3,sales@anchorfinapp.com,anchorfinapp.com,15,Chicago,US,2026-06-13 05:31:12
2026-06-13,MSP Platform,Silver PatchPlatform,984-759-8452,info@silverpatchplatform.com,https://www.silverpatchplatform.com,194,Phoenix,US,2026-06-13 05:07:58
2026-06-13,Legal,Apex CaseHub,(510) 455-4735,hello@apexcasehub.io,https://apexcasehub.io,17,Boston,US,2026-06-13 06:29:54
2026-06-13,Medical,LumenPatient Cloud,3709905311,contact@lumenpatientcloud.io,https://www.lumenpatientcloud.io,61,Boston,US,2026-06-13 02:16:04
2026-06-13,HR,HarborBenefit Cloud,1-424-748-5517,sales@harborbenefitcloud.com,https://harborbenefitcloud.com,105,Austin,US,2026-06-13 04:26:15
2026-06-13,MSP Platform,GraniteTicketBase,(458) 956-7907,sales@graniteticketbase.com,https://www.graniteticketbase.com,55,Phoenix,US,2026-06-13 04:19:45
2026-06-13,HR,Cobalt BenefitDesk,+13119723608,,cobaltbenefitdesk.io,-,Austin,US,2026-06-13 03:55:59
2026-06-13,LMS,VeloPathSolutions,781.872.5579,sales@velopathsolutions.io,https://www.velopathsolutions.io,58,Atlanta,US,2026-06-13 03:59:23
2026-06-13,Medical,Bold RxSync,+16158686603,sales@boldrxsync.com,https://boldrxsync.com,16,Columbus,US,2026-06-13 06:08:53
2026-06-13,MSP Platform,DeltaEndpointSync,964-661-6993 ext. 99,sales@deltaendpointsync.com,https://www.deltaendpointsync.com,170,Seattle,US,2026-06-13 06:07:18
2026-06-13,ERP,UmbraPlan Works,+1 (562) 683-2714,contact@umbraplanworks.com,https://www.umbraplanworks.com,1684,Phoenix,US,2026-06-13 03:58:10
2026-06-13,HR,RavenRosterPoint,(811) 517-8673,hello@ravenrosterpoint.co,https://www.ravenrosterpoint.co,3546,Singapore,SG,2026-06-13 02:58:33
2026-06-13,ERP,TruePlan Dynamics,+19639895421,hello@trueplandynamics.io,https://www.trueplandynamics.io,1664,Leeds,UK,2026-06-13 02:23:31
2026-06-13,Legal,Juniper BriefLogic,+1 (445) 603-2791,info@juniperbrieflogic.io,https://www.juniperbrieflogic.io,2358,Leeds,UK,2026-06-13 01:12:03
2026-06-13,Medical,MosaicVital Point,701.591.6683,hello@mosaicvitalpoint.com,https://www.mosaicvitalpoint.com,15,Seattle,US,2026-06-13 05:44:09
2026-06-13,Legal,GraniteMatter Logic,669-504-7085,contact@granitematterlogic.co,https://granitematterlogic.co,14,Vancouver,CA,2026-06-13 02:13:38
2026-06-13,ERP,SolidFin Sync,379.801.3735,contact@solidfinsync.co,https://www.solidfinsync.co,20,Sydney,AU,2026-06-13 03:54:02
2026-06-13,ERP,OrbitChainSync,04247975454,contact@orbitchainsync.com,https://orbitchainsync.com,838,Boston,US,2026-06-13 02:11:48
2026-06-13,MSP Platform,HaloMonitorSphere,+16525865561,info@halomonitorsphere.com,https://halomonitorsphere.com,16,Seattle,US,2026-06-13 05:54:11
2026-06-13,LMS,KeystoneCourse Flow,+15493005368 ext. 77,info@keystonecourseflow.com,https://www.keystonecourseflow.com,19,Sydney,AU,2026-06-13 01:29:22
2026-06-13,Legal,FalconVerdict Core,554-516-2130,sales@falconverdictcore.io,falconverdictcore.io,89,Chicago,US,2026-06-13 03:52:04
2026-06-13,HR,OrbitPayroll Base,373.523.2469 ext. 46,sales@orbitpayrollbase.com,https://www.orbitpayrollbase.com,561,Denver,US,2026-06-13 01:22:22
2026-06-13,ERP,ZenOrder Solutions,6964827197,hello@zenordersolutions.io,https://zenordersolutions.io,16,Leeds,UK,2026-06-13 03:50:45
2026-06-13,HR,SableChain Labs,(318) 940-6683,contact@sablechainlabs.com,https://sablechainlabs.com,49,Denver,US,2026-06-13 06:30:22
2026-06-13,MSP Platform,MosaicGrid Platform,+1 (255) 797-3642,sales@mosaicgridplatform.io,https://mosaicgridplatform.io,100,Dublin,IE,2026-06-13 05:36:45
2026-06-13,MSP Platform,ZephyrNodeTech,668-786-7949 ext. 87,sales@zephyrnodetech.com,https://www.zephyrnodetech.com,46,Atlanta,US,2026-06-13 02:01:04
2026-06-13,ERP,RavenTrain Point,3952395341,sales@raventrainpoint.io,raventrainpoint.io,659,Chicago,US,2026-06-13 03:46:41
2026-06-13,ERP,QuantumOps Cloud,1-746-435-7912,info@quantumopscloud.com,quantumopscloud.com,14,-,US,2026-06-13 03:31:38
2026-06-13,Medical,NorthClinic Solutions,+16582741853,info@northclinicsolutions.io,https://www.northclinicsolutions.io,15,Columbus,US,2026-06-13 02:52:05
2026-06-13,Medical,UmbraMedLogic,(764) 577-9275,sales@umbramedlogic.com,https://umbramedlogic.com,N/A,Phoenix,US,2026-06-13 02:00:45
2026-06-13,HR,NimbusRoster Flow,5482951796,contact@nimbusrosterflow.net,https://nimbusrosterflow.net,618,London,UK,2026-06-13 02:03:03
2026-06-13,MSP Platform,FusionMonitorSolutions,+15526387830,info@fusionmonitorsolutions.com,https://fusionmonitorsolutions.com,43,Seattle,US,2026-06-13 06:54:46
2026-06-13,ERP,QuartzPlanCore,931-820-4452,contact@quartzplancore.net,https://www.quartzplancore.net,5,Calgary,CA,2026-06-13 05:50:23
2026-06-13,MSP Platform,TrueEndpoint Core,+18044447398,contact@trueendpointcore.com,https://www.trueendpointcore.com,381,Calgary,CA,2026-06-13 06:23:53
2026-06-13,Medical,Zephyr PatientFlow,562-305-4634,contact@zephyrpatientflow.com,https://zephyrpatientflow.com,188,Chicago,US,2026-06-13 03:21:15
2026-06-13,Medical,Zen Med Talent Agency,8566657922,info@zenmedtalentagency.com,https://www.zenmedtalentagency.com,45,Tampa,US,2026-06-13 06:30:29
2026-06-13,Medical,Velo VitalPlatform,+14567366641,info@velovitalplatform.io,https://www.velovitalplatform.io,18,Columbus,US,2026-06-13 05:16:59
2026-06-13,Medical,Crest MedHub,+16814884400,hello@crestmedhub.com,https://www.crestmedhub.com,88,Calgary,CA,2026-06-13 01:15:12
2026-06-13,Medical,LatticeClinic Point,(854) 509-7750,contact@latticeclinicpoint.com,https://latticeclinicpoint.com,179,Tampa,US,2026-06-13 01:33:45
2026-06-13,HR,ZephyrCulture Sync,729-914-0098,hello@zephyrculturesync.com,https://www.zephyrculturesync.com,10,Vancouver,CA,2026-06-13 06:10:50
2026-06-13,MSP Platform,HaloNetHub,953-346-7093,contact@halonethub.com,https://www.halonethub.com,89,Tampa,US,2026-06-13 03:04:31
2026-06-13,HR,SilverBenefit Suite,599-555-9229 ext. 58,hello@silverbenefitsuite.net,https://silverbenefitsuite.net,78,Denver,US,2026-06-13 01:54:48
2026-06-13,ERP,CedarForge Sync,373-696-4449,info@cedarforgesync.net,https://www.cedarforgesync.net,15,Tampa,US,2026-06-13 05:30:08
2026-06-13,ERP,EmberLedger Systems,5869315829,hello@emberledgersystems.net,https://www.emberledgersystems.net,168,Columbus,US,2026-06-13 05:59:56
2026-06-13,ERP,Willow ChainPlatform,(730) 969-6106,hello@willowchainplatform.io,https://www.willowchainplatform.io,29,Toronto,CA,2026-06-13 04:54:16
2026-06-13,ERP,CobaltFin App,(216) 551-7528,sales@cobaltfinapp.com,https://cobaltfinapp.com,18,Singapore,SG,2026-06-13 01:55:22
2026-06-13,Medical,RidgeRxLabs,941-969-9719 ext. 95,hello@ridgerxlabs.com,https://ridgerxlabs.com,32,Singapore,SG,2026-06-13 02:48:26
2026-06-13,Medical,XenonHealthCloud,(695) 471-0467,hello@xenonhealthcloud.com,https://www.xenonhealthcloud.com,96,Boston,US,2026-06-13 06:04:14
2026-06-13,Legal,Clear CounselBase,270-740-7138,hello@clearcounselbase.co,https://www.clearcounselbase.co,126,Boston,US,2026-06-13 05:21:37
2026-06-13,HR,AnchorPeopleTech,532-992-5258,sales@anchorpeopletech.io,https://anchorpeopletech.io,15,,US,2026-06-13 06:08:36
2026-06-13,Medical,Crown PatientSoft,819-758-5786,info@crownpatientsoft.io,https://crownpatientsoft.io,38,Toronto,CA,2026-06-13 06:45:48
2026-06-13,Legal,Pivot BriefCore,(716) 688-9545,hello@pivotbriefcore.com,https://www.pivotbriefcore.com,51,Phoenix,US,2026-06-13 06:48:56
2026-06-13,ERP,AtlasOrder Hub,4113569907,hello@atlasorderhub.com,https://www.atlasorderhub.com,83,Chicago,US,2026-06-13 06:04:16
2026-06-13,Legal,Indigo CounselLabs,577-480-6939,sales@indigocounsellabs.com,indigocounsellabs.com,19,Munich,DE,2026-06-13 05:44:14
2026-06-13,LMS,OrbitSkillLabs,449.262.6011,hello@orbitskilllabs.co,https://www.orbitskilllabs.co,702,Tampa,US,2026-06-13 01:13:02
2026-06-13,HR,MetaTalent Labs,+16035725144,hello@metatalentlabs.com,metatalentlabs.com,5,Seattle,US,2026-06-13 02:00:00
2026-06-13,Medical,CobaltHealth Systems,(843) 202-9053,N/A,cobalthealthsystems.com,185,Phoenix,US,2026-06-13 01:25:14
2026-06-13,HR,SolidOnboardBase,+1 (228) 641-6966,info@solidonboardbase.com,https://www.solidonboardbase.com,20,Raleigh,US,2026-06-13 06:39:22
2026-06-13,MSP Platform,TidalEndpointSphere,9264562301,info@tidalendpointsphere.io,https://tidalendpointsphere.io,60,Columbus,US,2026-06-13 03:00:53
2026-06-13,HR,Iron ShiftPoint,+1 (804) 883-2137,hello@ironshiftpoint.com,https://www.ironshiftpoint.com,43,Seattle,US,2026-06-13 03:19:03
2026-06-13,Medical,North HealthPlatform,5674057877 ext. 62,info@northhealthplatform.com,https://northhealthplatform.com,196,Sydney,AU,2026-06-13 05:20:53
2026-06-13,Legal,Polaris Law Consulting Group,+1 (408) 962-2265,hello@polarislawconsultinggroup.com,https://polarislawconsultinggroup.com,13,Boston,US,2026-06-13 03:24:46
2026-06-13,MSP Platform,FusionMonitor Labs,+1 (299) 392-2165,contact@fusionmonitorlabs.com,https://www.fusionmonitorlabs.com,2166,Chicago,US,2026-06-13 06:26:14
2026-06-13,ERP,Golden StockLogic,+14284870212,info@goldenstocklogic.io,https://www.goldenstocklogic.io,4131,Leeds,UK,2026-06-13 06:14:16
2026-06-13,MSP Platform,Atlas Monitor BPO Services,+1 (321) 230-2421,contact@atlasmonitorbposervices.io,atlasmonitorbposervices.io,141,N/A,US,2026-06-13 05:40:31
2026-06-13,Legal,Delta LawCore,(713) 600-0974,info@deltalawcore.com,https://deltalawcore.com,180,Raleigh,US,2026-06-13 01:49:42
2026-06-13,LMS,Golden CourseLabs,(381) 553-5971,info@goldencourselabs.com,https://www.goldencourselabs.com,4480,Melbourne,AU,2026-06-13 06:34:52
2026-06-13,MSP Platform,ZenEndpoint Flow,(289) 338-6981,contact@zenendpointflow.com,https://www.zenendpointflow.com,12,Seattle,US,2026-06-13 05:48:09
2026-06-13,LMS,QuartzLessonHub,+19697008624 ext. 12,contact@quartzlessonhub.com,https://www.quartzlessonhub.com,86,Seattle,US,2026-06-13 02:39:34
2026-06-13,HR,Omni PerformSuite,389.704.2369,sales@omniperformsuite.com,https://www.omniperformsuite.com,12,Tampa,US,2026-06-13 03:21:47
2026-06-13,HR,SummitPerformFlow,+1 (689) 652-0402,hello@summitperformflow.net,https://summitperformflow.net,360,Phoenix,US,2026-06-13 05:52:38
2026-06-13,Medical,OmniTriage Desk,227-375-1570,info@omnitriagedesk.com,https://www.omnitriagedesk.com,128,Austin,US,2026-06-13 02:09:49
2026-06-13,Legal,NovaBriefSphere,+18097583358,contact@novabriefsphere.com,https://novabriefsphere.com,343,Amsterdam,NL,2026-06-13 06:29:30
2026-06-13,MSP Platform,RapidRemote Point,1-714-201-2871,info@rapidremotepoint.com,https://www.rapidremotepoint.com,35,Dublin,IE,2026-06-13 06:32:58
2026-06-13,Medical,NovaChart Systems,+16057849941,info@novachartsystems.io,https://novachartsystems.io,36,Boston,US,2026-06-13 06:33:58
2026-06-13,MSP Platform,BlueNodeSync,+1 (630) 479-1850,hello@bluenodesync.io,https://www.bluenodesync.io,12,Denver,US,2026-06-13 03:57:54
2026-06-13,ERP,PioneerChain Labs,3845331971,contact@pioneerchainlabs.io,https://www.pioneerchainlabs.io,1239,Atlanta,US,2026-06-13 02:10:24
2026-06-13,HR,VistaTeamSolutions,(875) 358-0017,contact@vistateamsolutions.io,https://vistateamsolutions.io,572,Seattle,US,2026-06-13 02:19:19
2026-06-13,ERP,Pioneer Ops Recruiting,1-431-520-8437,,https://www.pioneeropsrecruiting.co,436,Denver,US,2026-06-13 05:20:41
2026-06-13,ERP,SummitForge Core,+1 (969) 213-1700,sales@summitforgecore.io,https://www.summitforgecore.io,803,Columbus,US,2026-06-13 02:57:02
2026-06-13,Legal,PivotLawDesk,(906) 283-2589,info@pivotlawdesk.com,https://www.pivotlawdesk.com,565,Chicago,US,2026-06-13 03:58:37
2026-06-13,HR,ZenPerform Solutions,2979588892,sales@zenperformsolutions.co,https://zenperformsolutions.co,282,Raleigh,US,2026-06-13 04:13:08
2026-06-13,HR,OmniShift Sync,1-513-829-2098,hello@omnishiftsync.com,https://omnishiftsync.com,251,Austin,US,2026-06-13 05:24:21
2026-06-13,Medical,EmberCareFlow,1-614-362-0016,hello@embercareflow.com,https://www.embercareflow.com,130,Seattle,US,2026-06-13 02:25:13
2026-06-13,ERP,QuartzOpsApp,(399) 457-3698,contact@quartzopsapp.io,https://www.quartzopsapp.io,59,Raleigh,US,2026-06-13 02:52:57
2026-06-13,ERP,SilverForgeWorks,(983) 400-1641 ext. 97,hello@silverforgeworks.com,silverforgeworks.com,208,Phoenix,US,2026-06-13 02:31:57
2026-06-13,MSP Platform,True MonitorHub,576-313-3956,sales@truemonitorhub.net,https://www.truemonitorhub.net,240,Atlanta,US,2026-06-13 04:38:23
2026-06-13,HR,Crown Payroll Manpower Services,(338) 655-8428,info@crownpayrollmanpowerservices.com,https://www.crownpayrollmanpowerservices.com,74,Raleigh,US,2026-06-13 03:37:26
2026-06-13,Legal,TrueBriefSystems,2558566347 ext. 55,hello@truebriefsystems.net,truebriefsystems.net,784,Calgary,CA,2026-06-13 05:29:27
2026-06-13,HR,FalconCulture Platform,(657) 998-7373 ext. 60,hello@falconcultureplatform.com,falconcultureplatform.com,126,Seattle,US,2026-06-13 04:22:59
2026-06-13,Medical,MosaicCareDesk,(779) 231-1365,info@mosaiccaredesk.co,https://www.mosaiccaredesk.co,30,Raleigh,US,2026-06-13 04:53:06
2026-06-13,ERP,Crest ResourceDynamics,(965) 330-3131,info@crestresourcedynamics.com,https://crestresourcedynamics.com,6,Atlanta,US,2026-06-13 05:27:51
2026-06-13,ERP,Quantum OrderDesk,8182515719,contact@quantumorderdesk.com,https://www.quantumorderdesk.com,575,Denver,US,2026-06-13 05:53:09
2026-06-13,HR,IndigoRosterTech,(621) 728-3181 ext. 85,contact@indigorostertech.io,https://www.indigorostertech.io,8,Toronto,CA,2026-06-13 06:39:25
2026-06-13,ERP,MosaicLedger App,07106500079,null,mosaicledgerapp.io,329,Manchester,UK,2026-06-13 02:31:59
2026-06-13,Medical,ApexPulse Solutions,1-669-889-2145,contact@apexpulsesolutions.io,https://www.apexpulsesolutions.io,777,null,UK,2026-06-13 02:34:05
2026-06-13,MSP Platform,Solid EndpointSync,801-277-2408,contact@solidendpointsync.co,https://solidendpointsync.co,958,Berlin,DE,2026-06-13 06:44:07
2026-06-13,ERP,MosaicResource Cloud,1-242-266-1354,contact@mosaicresourcecloud.com,https://www.mosaicresourcecloud.com,254,Columbus,US,2026-06-13 02:46:58
2026-06-13,HR,TruePeopleLabs,+1 (436) 301-2723,contact@truepeoplelabs.com,https://www.truepeoplelabs.com,260,Atlanta,US,2026-06-13 03:11:37
2026-06-13,Medical,Indigo ChartPoint,2844555138 ext. 9,info@indigochartpoint.co,https://www.indigochartpoint.co,740,Dublin,IE,2026-06-13 05:52:04
2026-06-13,ERP,FusionForge Cloud,570-930-7679,hello@fusionforgecloud.com,https://www.fusionforgecloud.com,14,Melbourne,AU,2026-06-13 05:47:55
2026-06-13,HR,IndigoRoster’s Point,734-451-1490 ext. 63,contact@indigorosterpoint.com,https://www.indigorosterpoint.com,597,Dublin,IE,2026-06-13 05:01:20
2026-06-13,MSP Platform,PolarisStack Base,4796536300,hello@polarisstackbase.com,https://polarisstackbase.com,363,Leeds,UK,2026-06-13 02:07:58
2026-06-13,LMS,Arch LessonSuite,423-577-7695,sales@archlessonsuite.io,https://www.archlessonsuite.io,51,Boston,US,2026-06-13 05:40:01
2026-06-13,Legal,Bright Matter Consultants,2362447375,info@brightmatterconsultants.net,https://www.brightmatterconsultants.net,35,Raleigh,US,2026-06-13 01:12:42
2026-06-13,Medical,ZenClinicSync,(479) 240-9892,hello@zenclinicsync.com,https://zenclinicsync.com,565,Karachi,PK,2026-06-13 04:19:50
2026-06-13,LMS,Lattice CoursePlatform,+12524779437,contact@latticecourseplatform.io,https://www.latticecourseplatform.io,817,Manchester,UK,2026-06-13 06:42:17
2026-06-13,ERP,Crown PulsePlatform,405.710.6470,hello@crownpulseplatform.io,https://www.crownpulseplatform.io,1185,Atlanta,US,2026-06-13 04:16:07
2026-06-13,MSP Platform,Clear PatchCore,+1 (986) 601-7790,hello@clearpatchcore.com,https://www.clearpatchcore.com,89,London,UK,2026-06-13 01:28:48
2026-06-13,HR,SummitPerformSuite,421.801.2809,sales@summitperformsuite.net,https://www.summitperformsuite.net,89,Bengaluru,IN,2026-06-13 04:34:25
2026-06-13,MSP Platform,DeltaTicketLogic,312-622-4601,hello@deltaticketlogic.net,https://www.deltaticketlogic.net,99,Denver,US,2026-06-13 03:23:37
2026-06-13,Legal,SableMatterLabs,(414) 606-0471,hello@sablematterlabs.io,https://sablematterlabs.io,771,Denver,US,2026-06-13 01:48:57
2026-06-13,ERP,RapidBatch Dynamics,5072357537,contact@rapidbatchdynamics.net,https://rapidbatchdynamics.net,20,Islamabad,PK,2026-06-13 05:04:32
2026-06-13,ERP,Keystone Fin Recruiting,(306) 555-6221,hello@keystonefinrecruiting.net,keystonefinrecruiting.net,2202,London,UK,2026-06-13 02:38:08
2026-06-13,MSP Platform,MosaicUptime Tech,891-561-7861,hello@mosaicuptimetech.com,https://mosaicuptimetech.com,98,Calgary,CA,2026-06-13 06:48:08
2026-06-13,Medical,Onyx CareLogic,318-269-2774,info@onyxcarelogic.net,https://onyxcarelogic.net,5,Bengaluru,IN,2026-06-13 04:01:59
2026-06-13,MSP Platform,VeloNode Logic,(514) 236-5299,info@velonodelogic.com,https://velonodelogic.com,54,Denver,US,2026-06-13 01:32:00
2026-06-13,HR,LatticePayrollBase,+13774792900,info@latticepayrollbase.co,https://www.latticepayrollbase.co,195,Seattle,US,2026-06-13 01:39:46
2026-06-13,MSP Platform,ApexRemote’s Desk,+18273408606,hello@apexremotedesk.com,https://www.apexremotedesk.com,62,Dublin,IE,2026-06-13 02:45:34
2026-06-13,Medical,VistaMed Sphere,1-421-289-6498 ext. 23,hello@vistamedsphere.com,https://www.vistamedsphere.com,46,London,UK,2026-06-13 02:13:13
2026-06-13,ERP,SableLedgerSystems,1-688-506-4732,contact@sableledgersystems.net,https://www.sableledgersystems.net,61,Chicago,US,2026-06-13 03:38:13
2026-06-13,Medical,JuniperRx Core,249-500-9117,hello@juniperrxcore.com,https://www.juniperrxcore.com,56,Phoenix,US,2026-06-13 02:22:41
2026-06-13,HR,AnchorOnboard Core,3643299518 ext. 4,info@anchoronboardcore.com,anchoronboardcore.com,210,Chicago,US,2026-06-13 06:35:28
2026-06-13,MSP Platform,JuniperMonitorSuite,3766038472,hello@junipermonitorsuite.com,https://www.junipermonitorsuite.com,22,Phoenix,US,2026-06-13 01:25:57
2026-06-13,Legal,Ridge LawSoft,4094888222,info@ridgelawsoft.com,https://ridgelawsoft.com,24,Dublin,IE,2026-06-13 04:24:40
2026-06-13,Legal,AtlasLawBase,(636) 280-6338,contact@atlaslawbase.io,https://www.atlaslawbase.io,6,Amsterdam,NL,2026-06-13 03:07:01
2026-06-13,ERP,HarborLedgerSolutions,+17185433050,contact@harborledgersolutions.com,https://www.harborledgersolutions.com,101,Seattle,US,2026-06-13 04:10:18
2026-06-13,LMS,Lattice SkillSync,(595) 502-4882,sales@latticeskillsync.com,https://latticeskillsync.com,89,Seattle,US,2026-06-13 04:25:23
2026-06-13,Legal,Halo FilingSync,317.311.9982,sales@halofilingsync.com,https://halofilingsync.com,22,London,UK,2026-06-13 05:41:06
2026-06-13,HR,PivotPayroll Suite,584.433.4474,info@pivotpayrollsuite.com,https://www.pivotpayrollsuite.com,14,Columbus,US,2026-06-13 02:30:25
2026-06-13,Legal,Beacon LawSystems,(229) 871-1206,N/A,https://beaconlawsystems.net,55,Chicago,US,2026-06-13 06:56:18
2026-06-13,HR,VistaPayrollPoint,(953) 960-0158,contact@vistapayrollpoint.io,https://www.vistapayrollpoint.io,19,Boston,US,2026-06-13 05:41:25
2026-06-13,ERP,BeaconResourceSolutions,+13795159649,sales@beaconresourcesolutions.io,https://www.beaconresourcesolutions.io,41,Denver,US,2026-06-13 05:22:56
2026-06-13,Medical,OmniChart’s Hub,+17162268183,hello@omnicharthub.co,https://www.omnicharthub.co,24,Hyderabad,IN,2026-06-13 06:49:07
2026-06-13,HR,LatticePayroll Labs,628-450-9391,-,latticepayrolllabs.com,9,Vancouver,CA,2026-06-13 03:59:23
2026-06-13,HR,ArchCulture Base,(426) 707-9812,sales@archculturebase.com,https://www.archculturebase.com,17,Austin,US,2026-06-13 05:27:34
2026-06-13,ERP,QuantumBatch Cloud,+1 (254) 225-9403 ext. 4,sales@quantumbatchcloud.io,https://www.quantumbatchcloud.io,11,London,UK,2026-06-13 03:38:08
2026-06-13,ERP,BlueOpsLogic,274-773-8379,info@blueopslogic.com,https://www.blueopslogic.com,2133,Denver,US,2026-06-13 05:20:56
2026-06-13,ERP,Velo Batch Talent Agency,1-549-321-0604,hello@velobatchtalentagency.com,https://www.velobatchtalentagency.com,19,Leeds,UK,2026-06-13 05:58:19
2026-06-13,MSP Platform,Meta PlanPoint,(794) 797-2841,sales@metaplanpoint.net,metaplanpoint.net,42,Calgary,CA,2026-06-13 05:23:28
2026-06-13,MSP Platform,Harbor TicketBase,946-953-0651 ext. 31,contact@harborticketbase.com,https://www.harborticketbase.com,572,Tampa,US,2026-06-13 06:53:38
2026-06-13,HR,SolidShift Base,468-780-2908,hello@solidshiftbase.com,https://www.solidshiftbase.com,69,Manchester,UK,2026-06-13 04:04:57
2026-06-13,ERP,Beacon Plan Outsourcing,828-346-4773 ext. 47,contact@beaconplanoutsourcing.com,https://beaconplanoutsourcing.com,12,Karachi,PK,2026-06-13 02:27:56
2026-06-13,ERP,FalconStock Dynamics,(399) 972-2948,hello@falconstockdynamics.net,https://falconstockdynamics.net,171,Calgary,CA,2026-06-13 05:11:43
2026-06-13,MSP Platform,OmniEndpoint Solutions,+19264559416,sales@omniendpointsolutions.com,https://www.omniendpointsolutions.com,135,Dublin,IE,2026-06-13 06:36:20
2026-06-13,LMS,SolidTutorBase,6136248796,sales@solidtutorbase.net,solidtutorbase.net,37,Calgary,CA,2026-06-13 05:38:41
2026-06-13,HR,TidalTalent Solutions,685-412-4379,hello@tidaltalentsolutions.net,https://www.tidaltalentsolutions.net,N/A,Toronto,CA,2026-06-13 04:13:39
2026-06-13,ERP,Nova ResourcePoint,+18323503135,sales@novaresourcepoint.com,novaresourcepoint.com,35,Leeds,UK,2026-06-13 06:40:34
2026-06-13,MSP Platform,QuartzNodeDesk,(620) 883-2923,contact@quartznodedesk.io,https://www.quartznodedesk.io,78,Atlanta,US,2026-06-13 03:33:21
2026-06-13,Legal,Sable MatterSphere,+1 (786) 788-0760,contact@sablemattersphere.com,https://www.sablemattersphere.com,18,Denver,US,2026-06-13 05:42:57
2026-06-13,Medical,Bold MedSuite,+16533400880,info@boldmedsuite.com,https://www.boldmedsuite.com,79,Lahore,PK,2026-06-13 05:59:08
2026-06-13,HR,Lattice PayrollWorks,462.290.4894,sales@latticepayrollworks.com,https://www.latticepayrollworks.com,24,Denver,US,2026-06-13 03:12:50
2026-06-13,MSP Platform,Prime RemoteCore,494-921-2600 ext. 43,sales@primeremotecore.com,https://www.primeremotecore.com,878,Atlanta,US,2026-06-13 01:32:03
2026-06-13,MSP Platform,VeloNetHub,+19047496859,hello@velonethub.net,https://www.velonethub.net,324,Phoenix,US,2026-06-13 01:10:15
2026-06-13,Medical,North CareCore,960-650-4830,hello@northcarecore.com,https://www.northcarecore.com,5,null,AU,2026-06-13 03:43:15
2026-06-13,ERP,WillowBatch Tech,(596) 838-3950,sales@willowbatchtech.com,https://www.willowbatchtech.com,227,Munich,DE,2026-06-13 06:33:13
2026-06-13,ERP,NorthBatchTech,(844) 702-0133,sales@northbatchtech.com,https://www.northbatchtech.com,177,Denver,US,2026-06-13 01:41:56
2026-06-13,Medical,Crown ChartDesk,(430) 500-9340,hello@crownchartdesk.co,https://www.crownchartdesk.co,5,Seattle,US,2026-06-13 04:31:17
2026-06-13,HR,Umbra RosterDynamics,1-357-977-2278,sales@umbrarosterdynamics.co,umbrarosterdynamics.co,39,Dublin,IE,2026-06-13 02:34:53
2026-06-13,Legal,Willow Clause Consulting Group,+18408615107 ext. 29,hello@willowclauseconsultinggroup.com,https://www.willowclauseconsultinggroup.com,40,Hyderabad,IN,2026-06-13 06:19:34
2026-06-13,ERP,VistaStockSync,(245) 674-5210,contact@vistastocksync.com,https://www.vistastocksync.com,-,Munich,DE,2026-06-13 04:05:53
2026-06-13,LMS,QuantumTrainSphere,1-695-247-1087 ext. 56,sales@quantumtrainsphere.com,https://www.quantumtrainsphere.com,40,Munich,DE,2026-06-13 03:18:23
2026-06-13,LMS,Meta QuizSphere,521-628-6247,contact@metaquizsphere.co,https://www.metaquizsphere.co,25,Munich,DE,2026-06-13 02:43:25
2026-06-13,Medical,BrightPulseBase,(307) 514-2073 ext. 8,contact@brightpulsebase.io,https://www.brightpulsebase.io,18,Seattle,US,2026-06-13 02:24:32
2026-06-13,ERP,Atlas BatchSuite,(979) 386-8469,info@atlasbatchsuite.io,https://www.atlasbatchsuite.io,754,Raleigh,US,2026-06-13 03:16:11
2026-06-13,Medical,Prime PulseWorks,1-881-449-2486,hello@primepulseworks.com,https://www.primepulseworks.com,11,Vancouver,CA,2026-06-13 06:02:47
2026-06-13,ERP,AltaResource Solutions,(651) 319-2729,hello@altaresourcesolutions.co,https://altaresourcesolutions.co,45,Columbus,US,2026-06-13 04:09:21
2026-06-13,MSP Platform,JuniperNode Point,(431) 270-5021,contact@junipernodepoint.io,junipernodepoint.io,17,Raleigh,US,2026-06-13 05:48:04
2026-06-13,Legal,AtlasFilingPoint,(363) 637-6744 ext. 75,sales@atlasfilingpoint.io,https://www.atlasfilingpoint.io,599,Tampa,US,2026-06-13 04:24:25
2026-06-13,Legal,Rapid DocketPoint,+1 (953) 208-2233,sales@rapiddocketpoint.co,https://www.rapiddocketpoint.co,58,Austin,US,2026-06-13 04:46:12
2026-06-13,ERP,Bold PlanTech,8757858563,contact@boldplantech.com,https://www.boldplantech.com,47,N/A,US,2026-06-13 01:43:33
2026-06-13,HR,Alta BenefitApp,988-278-0935,info@altabenefitapp.com,https://www.altabenefitapp.com,195,Columbus,US,2026-06-13 01:49:20
2026-06-13,ERP,Zen OrderSuite,+15347876899,contact@zenordersuite.com,https://www.zenordersuite.com,10,Leeds,UK,2026-06-13 02:47:49
2026-06-13,HR,SummitPayroll Flow,465-485-4969,info@summitpayrollflow.com,summitpayrollflow.com,68,Raleigh,US,2026-06-13 03:33:09
2026-06-13,MSP Platform,RidgewayEndpointSuite,8968598699,info@ridgewayendpointsuite.net,https://www.ridgewayendpointsuite.net,44,Calgary,CA,2026-06-13 03:20:21
2026-06-13,Legal,Lumen LawHub,+1 (274) 201-4805,contact@lumenlawhub.com,https://lumenlawhub.com,39,Tampa,US,2026-06-13 05:50:20
2026-06-13,MSP Platform,VertexRemoteSync,1-431-862-0999,contact@vertexremotesync.com,https://www.vertexremotesync.com,236,Toronto,CA,2026-06-13 04:54:05
2026-06-13,Legal,Raven DocketCore,(217) 343-1365 ext. 14,contact@ravendocketcore.com,https://www.ravendocketcore.com,-,Denver,US,2026-06-13 06:39:14
2026-06-13,ERP,Anchor BatchCore,7297877628,contact@anchorbatchcore.io,https://anchorbatchcore.io,42,Leeds,UK,2026-06-13 05:50:43
2026-06-13,HR,Indigo Onboard Consultants,501-444-3969,contact@indigoonboardconsultants.net,https://indigoonboardconsultants.net,8,Chicago,US,2026-06-13 02:51:04
2026-06-13,Medical,NorthRxSystems,(709) 843-2567,contact@northrxsystems.com,https://northrxsystems.com,328,Tampa,US,2026-06-13 02:42:36
2026-06-13,Medical,Vertex VitalHub,9616825643,info@vertexvitalhub.com,https://www.vertexvitalhub.com,13,Hyderabad,IN,2026-06-13 01:35:54
2026-06-13,HR,Onyx TeamSync,+12676068415,contact@onyxteamsync.com,https://www.onyxteamsync.com,445,Leeds,UK,2026-06-13 06:52:54
2026-06-13,ERP,Polaris ForgeFlow,(888) 749-8505,contact@polarisforgeflow.com,https://www.polarisforgeflow.com,null,Atlanta,US,2026-06-13 04:34:10
2026-06-13,MSP Platform,ZephyrUptime Systems,3207451132,contact@zephyruptimesystems.com,zephyruptimesystems.com,50,Chicago,US,2026-06-13 06:33:37
2026-06-13,Legal,PioneerCounsel Soft,6913312958 ext. 13,sales@pioneercounselsoft.io,https://www.pioneercounselsoft.io,459,Munich,DE,2026-06-13 04:33:12
2026-06-13,ERP,Lattice OpsPoint,(651) 973-4038,info@latticeopspoint.com,https://latticeopspoint.com,33,Phoenix,US,2026-06-13 06:21:15
2026-06-13,Legal,PolarisCompli Soft,546-371-4850,sales@polariscomplisoft.com,https://www.polariscomplisoft.com,420,Atlanta,US,2026-06-13 02:06:17
2026-06-13,MSP Platform,ArchGrid Core,+19853917372,contact@archgridcore.com,https://archgridcore.com,61,Raleigh,US,2026-06-13 05:55:23
2026-06-13,LMS,Rapid’s RemoteDesk,899-753-9112 ext. 37,info@rapidremotedesk.com,rapidremotedesk.com,3301,Tampa,US,2026-06-13 03:51:44
2026-06-13,HR,Lumén LawCore,(905) 277-4601,info@lumenlawcore.io,https://www.lumenlawcore.io,10,Raleigh,US,2026-06-13 02:28:05
2026-06-13,MSP Platform,VertexPatch App,490.309.2832,sales@vertexpatchapp.com,https://vertexpatchapp.com,null,London,UK,2026-06-13 06:57:34
2026-06-13,ERP,Nova BatchBase,(504) 902-3082,info@novabatchbase.com,https://novabatchbase.com,138,Tampa,US,2026-06-13 04:24:46
2026-06-13,ERP,SilverResource Systems Inc.,+1 (394) 391-2209,hello@silverresourcesystems.io,https://www.silverresourcesystems.io,13,Seattle,US,2026-06-13 01:28:59
2026-06-13,Medical,Keystone Health Manpower Services,+13558815130,sales@keystonehealthmanpowerservices.net,https://www.keystonehealthmanpowerservices.net,410,Tampa,US,2026-06-13 04:56:23
2026-06-13,MSP Platform,Omni EndpointSphere,(384) 553-8610,contact@omniendpointsphere.com,https://www.omniendpointsphere.com,N/A,Tampa,US,2026-06-13 06:10:45
2026-06-13,Medical,Quartz TriageCore,1-626-492-2214,hello@quartztriagecore.com,quartztriagecore.com,28,Austin,US,2026-06-13 03:56:58
2026-06-13,MSP Platform,Bold RemoteDesk,+18247077343,sales@boldremotedesk.com,boldremotedesk.com,382,Denver,US,2026-06-13 05:26:55
2026-06-13,Medical,EmberRx Suite,517-274-9092 ext. 46,info@emberrxsuite.com,emberrxsuite.com,1299,Hyderabad,IN,2026-06-13 03:13:23
2026-06-13,Medical,Onyx PulseBase,+13073224600,contact@onyxpulsebase.co,https://onyxpulsebase.co,399,Sydney,AU,2026-06-13 05:06:06
2026-06-13,ERP,CrownPlan Core,823.636.3858,,https://www.crownplancore.com,316,Seattle,US,2026-06-13 05:02:35
2026-06-13,LMS,Cedar PathLabs,1-401-747-0545,contact@cedarpathlabs.co,cedarpathlabs.co,405,Toronto,CA,2026-06-13 05:41:02
2026-06-13,MSP Platform,Cedar NodeDynamics,692.667.3552,sales@cedarnodedynamics.co,https://cedarnodedynamics.co,3256,Melbourne,AU,2026-06-13 01:12:02
2026-06-13,ERP,Pivot OrderCloud,369-517-9056,hello@pivotordercloud.com,https://pivotordercloud.com,50,Karachi,PK,2026-06-13 01:00:38
2026-06-13,MSP Platform,Keystone EndpointDynamics,(912) 791-6990 ext. 98,info@keystoneendpointdynamics.co,https://www.keystoneendpointdynamics.co,19,Calgary,CA,2026-06-13 02:24:13
2026-06-13,ERP,RidgewayMedApp,+12204574516,sales@ridgewaymedapp.com,https://ridgewaymedapp.com,196,Raleigh,US,2026-06-13 01:27:12
2026-06-13,MSP Platform,North NodeHub,+15239849232,info@northnodehub.com,https://www.northnodehub.com,162,Karachi,PK,2026-06-13 05:48:49
2026-06-13,LMS,Pioneer TrainSystems,+12168156837,info@pioneertrainsystems.io,https://pioneertrainsystems.io,6,Atlanta,US,2026-06-13 01:34:55
2026-06-13,MSP Platform,KeystoneTicketPoint,7978358007,contact@keystoneticketpoint.com,https://keystoneticketpoint.com,19,Phoenix,US,2026-06-13 03:57:45
2026-06-13,Legal,Core DocketLabs,779.496.2444,contact@coredocketlabs.com,coredocketlabs.com,527,Munich,DE,2026-06-13 03:04:51
2026-06-13,LMS,Vertex QuizLabs,766-969-6205,contact@vertexquizlabs.com,https://www.vertexquizlabs.com,50,Berlin,DE,2026-06-13 02:59:36
2026-06-13,Medical,NovaCare Systems,+15814870285,hello@novacaresystems.com,https://www.novacaresystems.com,219,Boston,US,2026-06-13 02:24:19
2026-06-13,Legal,XenonCounselFlow,947-652-8442,hello@xenoncounselflow.com,https://www.xenoncounselflow.com,21,Seattle,US,2026-06-13 02:43:23
2026-06-13,Medical,BoldRx Works,1-603-371-5548,contact@boldrxworks.com,https://www.boldrxworks.com,260,Tampa,US,2026-06-13 04:33:11
2026-06-13,HR,Crest CultureFlow,481-685-2421,hello@crestcultureflow.com,crestcultureflow.com,539,Raleigh,US,2026-06-13 03:12:33
2026-06-13,ERP,FalconPlanSphere,874.218.2050,contact@falconplansphere.co,https://www.falconplansphere.co,41,Denver,US,2026-06-13 04:33:14
2026-06-13,HR,North Team Outsourcing,(719) 447-6696,sales@northteamoutsourcing.com,https://www.northteamoutsourcing.com,413,Chicago,US,2026-06-13 06:12:57
2026-06-13,HR,CrestTalentLogic,7443931837,contact@cresttalentlogic.com,https://www.cresttalentlogic.com,45,Raleigh,US,2026-06-13 03:39:20
2026-06-13,ERP,PolarisLedgerFlow,319.549.4038,info@polarisledgerflow.com,https://www.polarisledgerflow.com,33,Seattle,US,2026-06-13 02:29:47
2026-06-13,MSP Platform,EmberNode Systems,577-322-4350,contact@embernodesystems.io,https://www.embernodesystems.io,40,Singapore,SG,2026-06-13 06:08:33
2026-06-13,Legal,PrimeDocketFlow,837-308-5476,hello@primedocketflow.com,https://primedocketflow.com,38,Bengaluru,IN,2026-06-13 02:49:46
2026-06-13,HR,Nova RosterLabs,258.799.8348,info@novarosterlabs.com,https://www.novarosterlabs.com,18,Denver,US,2026-06-13 04:55:42
2026-06-13,HR,BrightShift Works,4705866608,contact@brightshiftworks.com,brightshiftworks.com,37,Columbus,US,2026-06-13 01:13:38
2026-06-13,ERP,Vista PlanLogic,+15244026327 ext. 73,sales@vistaplanlogic.com,https://vistaplanlogic.com,47,Calgary,CA,2026-06-13 02:32:10
2026-06-13,Legal,ZephyrBrief Flow,+17732900559,sales@zephyrbriefflow.com,https://www.zephyrbriefflow.com,7,Melbourne,AU,2026-06-13 06:53:34
2026-06-13,HR,VertexPerformSphere,+17409412009,info@vertexperformsphere.net,https://www.vertexperformsphere.net,197,Phoenix,US,2026-06-13 04:31:42
2026-06-13,ERP,OmniOps Flow,+16677904461,hello@omniopsflow.com,https://www.omniopsflow.com,32,Toronto,CA,2026-06-13 03:33:18
2026-06-13,LMS,VeloQuiz Desk,881-734-8415,contact@veloquizdesk.io,https://www.veloquizdesk.io,3784,Atlanta,US,2026-06-13 01:09:24
2026-06-13,Medical,LatticeTriageLabs,829.943.5743,null,https://latticetriagelabs.com,448,Austin,US,2026-06-13 04:00:04
2026-06-13,Medical,GraniteVitalSync,879-909-4483,hello@granitevitalsync.io,https://www.granitevitalsync.io,9,Manchester,UK,2026-06-13 02:06:54
2026-06-13,Legal,HaloVerdict Dynamics,(881) 614-8433,contact@haloverdictdynamics.co,https://www.haloverdictdynamics.co,2728,Bengaluru,IN,2026-06-13 05:06:43
2026-06-13,Medical,SilverHealthSoft,(630) 307-5087,hello@silverhealthsoft.com,https://silverhealthsoft.com,37,Boston,US,2026-06-13 02:48:22
2026-06-13,MSP Platform,Core PatchFlow,767-301-6956,sales@corepatchflow.net,corepatchflow.net,8,Dublin,IE,2026-06-13 04:11:40
2026-06-13,Legal,Zephyr Counsel Consulting Group,(788) 732-1162 ext. 85,sales@zephyrcounselconsultinggroup.com,https://zephyrcounselconsultinggroup.com,13,Raleigh,US,2026-06-13 05:47:01
2026-06-13,Medical,IndigoPulseBase,385-938-9496,hello@indigopulsebase.com,https://www.indigopulsebase.com,148,Calgary,CA,2026-06-13 05:56:03
2026-06-13,ERP,BlueStock Works,237-769-6577,info@bluestockworks.com,bluestockworks.com,10,Seattle,US,2026-06-13 04:43:17
2026-06-13,HR,AtlasTeam Platform,(247) 307-5403,contact@atlasteamplatform.co,atlasteamplatform.co,44,Tampa,US,2026-06-13 06:29:28
2026-06-13,HR,LumenPeopleSuite,+1 (925) 544-6443,info@lumenpeoplesuite.com,lumenpeoplesuite.com,,,US,2026-06-13 03:09:35
2026-06-13,ERP,RidgewayFin Logic,+1 (280) 485-3148,hello@ridgewayfinlogic.com,https://www.ridgewayfinlogic.com,157,Boston,US,2026-06-13 05:29:55
2026-06-13,MSP Platform,Clear GridBase,6394159045,hello@cleargridbase.com,https://www.cleargridbase.com,11,Austin,US,2026-06-13 05:55:34
2026-06-13,Medical,Silver MedFlow,+12854155239,info@silvermedflow.io,silvermedflow.io,21,Calgary,CA,2026-06-13 01:01:34
2026-06-13,Legal,BrightDocketHub,8502890287,sales@brightdockethub.io,https://www.brightdockethub.io,25,Boston,US,2026-06-13 06:54:25
2026-06-13,Medical,Velo PatientHub,+1 (406) 711-9583,info@velopatienthub.com,https://www.velopatienthub.com,128,Chicago,US,2026-06-13 03:42:01
2026-06-13,MSP Platform,IndigoPerform Systems,1-901-969-4159,null,https://www.indigoperformsystems.io,19,Denver,US,2026-06-13 02:27:44
2026-06-13,MSP Platform,Blue GridSystems,4008376485,hello@bluegridsystems.com,https://www.bluegridsystems.com,142,Karachi,PK,2026-06-13 06:04:06
2026-06-13,Legal,SableCounselPlatform,665-419-4760,contact@sablecounselplatform.com,https://www.sablecounselplatform.com,N/A,Denver,US,2026-06-13 04:04:27
2026-06-13,HR,VeloPeople Cloud,207-442-8236,hello@velopeoplecloud.io,https://www.velopeoplecloud.io,N/A,Manchester,UK,2026-06-13 05:04:06
2026-06-13,ERP,TidalOps Hub,(887) 769-5877,sales@tidalopshub.com,https://www.tidalopshub.com,316,Austin,US,2026-06-13 04:03:47
2026-06-13,LMS,NimbusLearnSystems,+1 (799) 961-8801,,https://nimbuslearnsystems.com,44,Columbus,US,2026-06-13 01:22:23
2026-06-13,Medical,Vista TriageFlow,(399) 438-3878 ext. 65,contact@vistatriageflow.com,https://www.vistatriageflow.com,18,Atlanta,US,2026-06-13 04:39:50
2026-06-13,ERP,Golden Forge BPO Services,361-451-4335,info@goldenforgebposervices.com,https://goldenforgebposervices.com,30,London,UK,2026-06-13 05:14:29
2026-06-13,Legal,GoldenCaseSystems,696-280-6922,hello@goldencasesystems.io,https://www.goldencasesystems.io,15,Atlanta,US,2026-06-13 04:12:58
2026-06-13,Legal,Delta CasePoint,621-542-1423,hello@deltacasepoint.io,https://www.deltacasepoint.io,642,Manchester,UK,2026-06-13 03:26:35
2026-06-13,MSP Platform,BlueNode Flow,+14455331481,info@bluenodeflow.co,https://bluenodeflow.co,191,Calgary,CA,2026-06-13 02:45:45
2026-06-13,HR,XenonPeople Desk,+18643011884,sales@xenonpeopledesk.com,https://www.xenonpeopledesk.com,194,Tampa,US,2026-06-13 01:45:47
2026-06-13,MSP Platform,TidalUptimeTech,(894) 944-0511,sales@tidaluptimetech.net,tidaluptimetech.net,437,Boston,US,2026-06-13 04:38:44
2026-06-13,Medical,Cedar RxSync,1-607-848-6487,contact@cedarrxsync.io,https://cedarrxsync.io,166,Phoenix,US,2026-06-13 04:20:58
2026-06-13,MSP Platform,Pivot TicketLabs,+15212666965,hello@pivotticketlabs.net,https://www.pivotticketlabs.net,6,Melbourne,AU,2026-06-13 03:07:26
2026-06-13,Legal,WillowMatter Flow,1-219-892-0697,hello@willowmatterflow.com,willowmatterflow.com,189,Phoenix,US,2026-06-13 05:06:12
2026-06-13,Medical,BoldPatient Dynamics,(646) 291-8147,contact@boldpatientdynamics.com,boldpatientdynamics.com,96,Austin,US,2026-06-13 06:31:22
2026-06-13,ERP,NimbusStockFlow,1-465-801-3662,-,https://www.nimbusstockflow.net,99,Phoenix,US,2026-06-13 02:10:00
2026-06-13,HR,GraniteRoster Base,253-467-4777,info@graniterosterbase.io,https://www.graniterosterbase.io,20,Denver,US,2026-06-13 05:21:27
2026-06-13,HR,Alta ShiftPoint,+14337382825,contact@altashiftpoint.io,https://altashiftpoint.io,21,null,US,2026-06-13 04:14:01
2026-06-13,MSP Platform,VeloRemote Soft,(573) 889-4259,contact@veloremotesoft.net,https://www.veloremotesoft.net,1845,Denver,US,2026-06-13 05:54:30
2026-06-13,HR,WillowTalent Logic,387-390-1647,sales@willowtalentlogic.com,willowtalentlogic.com,4899,Columbus,US,2026-06-13 05:01:22
2026-06-13,Medical,LatticePatientSoft,(523) 967-8674,sales@latticepatientsoft.io,https://www.latticepatientsoft.io,150,Dublin,IE,2026-06-13 06:25:39
2026-06-13,HR,ClearOnboard Suite,8108703967,hello@clearonboardsuite.io,https://clearonboardsuite.io,11,Phoenix,US,2026-06-13 05:27:36
2026-06-13,ERP,FalconStock Hub,+15012862721,info@falconstockhub.co,https://falconstockhub.co,8,Amsterdam,NL,2026-06-13 02:31:04
2026-06-13,ERP,SablePlanSolutions,(640) 366-4404,sales@sableplansolutions.com,https://www.sableplansolutions.com,277,Raleigh,US,2026-06-13 03:14:10
2026-06-13,Medical,Granite ChartSolutions,784-692-7738,sales@granitechartsolutions.com,https://www.granitechartsolutions.com,183,Tampa,US,2026-06-13 06:30:39
2026-06-13,ERP,PolarisForge Tech,(353) 777-4939,sales@polarisforgetech.co,https://polarisforgetech.co,244,Singapore,SG,2026-06-13 03:28:05
2026-06-13,ERP,LumenOrder Logic,+13758862775,sales@lumenorderlogic.co,https://www.lumenorderlogic.co,150,Columbus,US,2026-06-13 05:26:02
2026-06-13,ERP,Core ResourceLogic,6233433027,info@coreresourcelogic.io,https://coreresourcelogic.io,508,Columbus,US,2026-06-13 01:12:28
2026-06-13,MSP Platform,ZephyrMonitorSphere,965-517-1044,contact@zephyrmonitorsphere.com,https://www.zephyrmonitorsphere.com,659,Islamabad,PK,2026-06-13 01:51:40
2026-06-13,Medical,TidalMed Works,2774212303,hello@tidalmedworks.com,https://www.tidalmedworks.com,198,Amsterdam,NL,2026-06-13 03:19:13
2026-06-13,MSP Platform,Nova StackBase,9849227814,info@novastackbase.com,https://www.novastackbase.com,87,Amsterdam,NL,2026-06-13 03:10:08
2026-06-13,Legal,AltaCaseTech,(986) 334-1414,info@altacasetech.io,altacasetech.io,74,Tampa,US,2026-06-13 06:01:43
2026-06-13,ERP,SummitOrderApp,1-768-514-3323,hello@summitorderapp.com,https://www.summitorderapp.com,20,Chicago,US,2026-06-13 03:38:43
2026-06-13,LMS,CedarMentorTech,+18202209450,info@cedarmentortech.co,https://www.cedarmentortech.co,81,Calgary,CA,2026-06-13 05:02:21
2026-06-13,MSP Platform,MetaNetHub,+12072213984,sales@metanethub.com,https://www.metanethub.com,189,Amsterdam,NL,2026-06-13 05:28:46
2026-06-13,Medical,CedarChart Platform,247-509-8309,sales@cedarchartplatform.com,cedarchartplatform.com,238,Denver,US,2026-06-13 06:23:27
2026-06-13,Legal,FusionDocketDynamics,4738367321,contact@fusiondocketdynamics.io,https://fusiondocketdynamics.io,311,Boston,US,2026-06-13 06:51:30
2026-06-13,Medical,Onyx PulseSync,(611) 534-3580,info@onyxpulsesync.com,https://onyxpulsesync.com,17,Seattle,US,2026-06-13 03:44:54
2026-06-13,Legal,Arch LawPoint,(264) 592-1343,info@archlawpoint.co,archlawpoint.co,20,Amsterdam,NL,2026-06-13 03:13:19
2026-06-13,MSP Platform,GraniteUptime Sphere,5707202402,contact@graniteuptimesphere.com,https://www.graniteuptimesphere.com,14,Chicago,US,2026-06-13 02:13:11
2026-06-13,Legal,Indigo CompliApp,5338270130,sales@indigocompliapp.com,indigocompliapp.com,-,Seattle,US,2026-06-13 03:55:42
2026-06-13,ERP,RavenStock Dynamics,+18795487885,hello@ravenstockdynamics.com,https://www.ravenstockdynamics.com,39,Phoenix,US,2026-06-13 04:01:30
2026-06-13,ERP,Apex StockBase,4034054579,sales@apexstockbase.com,https://apexstockbase.com,null,Seattle,US,2026-06-13 01:17:36
2026-06-13,MSP Platform,Summit MonitorCloud,1-537-213-3165,sales@summitmonitorcloud.net,https://summitmonitorcloud.net,5,Singapore,SG,2026-06-13 04:07:30
2026-06-13,ERP,Fusion OpsSuite,1-894-725-5382,sales@fusionopssuite.com,https://fusionopssuite.com,65,Raleigh,US,2026-06-13 04:10:48
2026-06-13,ERP,RidgewayPlan Dynamics,(772) 816-9775,contact@ridgewayplandynamics.com,https://ridgewayplandynamics.com,125,Columbus,US,2026-06-13 02:44:36
2026-06-13,MSP Platform,Cedar PatchSoft,(902) 962-6229 ext. 94,sales@cedarpatchsoft.com,https://www.cedarpatchsoft.com,135,Atlanta,US,2026-06-13 05:36:29
2026-06-13,Medical,SummitPulseBase,675-366-9839,sales@summitpulsebase.net,summitpulsebase.net,1092,Chicago,US,2026-06-13 01:29:57
2026-06-13,Medical,CobaltVital Tech,+1 (701) 624-3834,hello@cobaltvitaltech.com,https://www.cobaltvitaltech.com,7,Seattle,US,2026-06-13 04:52:19
2026-06-13,Legal,BlueLawSuite,(488) 500-0088,hello@bluelawsuite.com,https://www.bluelawsuite.com,765,Austin,US,2026-06-13 05:14:20
2026-06-13,ERP,Rapid Stock Staffing,9743214618,sales@rapidstockstaffing.com,https://rapidstockstaffing.com,161,Phoenix,US,2026-06-13 01:59:27
2026-06-13,Legal,Meta MatterBase,+1 (766) 739-8206 ext. 93,contact@metamatterbase.com,metamatterbase.com,15,Boston,US,2026-06-13 06:13:40
2026-06-13,MSP Platform,HarborEndpointSystems,+15803708721 ext. 10,contact@harborendpointsystems.co,https://harborendpointsystems.co,2451,Denver,US,2026-06-13 06:22:30
2026-06-13,Legal,ZephyrVerdict Core,+1 (243) 855-3022 ext. 70,hello@zephyrverdictcore.io,zephyrverdictcore.io,97,Phoenix,US,2026-06-13 01:50:54
2026-06-13,HR,PioneerShiftCloud’s,612-241-4752,info@pioneershiftcloud.com,https://www.pioneershiftcloud.com,41,Atlanta,US,2026-06-13 05:08:01
2026-06-13,ERP,Iron LedgerPoint,1-600-504-5790,hello@ironledgerpoint.com,https://www.ironledgerpoint.com,228,Boston,US,2026-06-13 01:13:13
2026-06-13,Legal,GraniteLawSoft,392-694-4278,sales@granitelawsoft.io,https://granitelawsoft.io,28,Chicago,US,2026-06-13 02:46:59
2026-06-13,Medical,Cobalt ClinicApp,482.269.5947,info@cobaltclinicapp.net,https://cobaltclinicapp.net,249,London,UK,2026-06-13 02:19:57
2026-06-13,Medical,Cobalt TriageDynamics,+15443529259,sales@cobalttriagedynamics.com,cobalttriagedynamics.com,39,Tampa,US,2026-06-13 03:58:19
2026-06-13,HR,Solid TeamFlow,1-857-271-5695,info@solidteamflow.com,solidteamflow.com,30,Boston,US,2026-06-13 04:23:52
2026-06-13,Legal,CoreVerdictDynamics,+1 (647) 928-4213,contact@coreverdictdynamics.com,https://www.coreverdictdynamics.com,131,Boston,US,2026-06-13 05:59:13
2026-06-13,Legal,ApexCompliSync,(266) 609-3624,info@apexcomplisync.com,https://www.apexcomplisync.com,59,Tampa,US,2026-06-13 02:06:12
2026-06-13,Legal,VistaFilingCloud,1-303-436-0947,info@vistafilingcloud.com,https://www.vistafilingcloud.com,95,Seattle,US,2026-06-13 05:53:31
2026-06-13,HR,RidgewayPerform Logic,5487710627,info@ridgewayperformlogic.net,https://www.ridgewayperformlogic.net,112,Singapore,SG,2026-06-13 05:59:04
2026-06-13,MSP Platform,OrbitGrid Hub,1-595-579-3580,sales@orbitgridhub.co,https://www.orbitgridhub.co,23,Columbus,US,2026-06-13 04:51:51
2026-06-13,HR,Alta BenefitBase,(505) 982-7263 ext. 70,info@altabenefitbase.com,https://www.altabenefitbase.com,217,Austin,US,2026-06-13 05:36:40
2026-06-13,MSP Platform,UmbraRemote Logic,5965983864,hello@umbraremotelogic.co,https://umbraremotelogic.co,242,Singapore,SG,2026-06-13 03:12:51
2026-06-13,Medical,DeltaPlan Cloud,4262699968 ext. 66,contact@deltaplancloud.io,https://www.deltaplancloud.io,638,Seattle,US,2026-06-13 06:31:03
2026-06-13,Medical,LumenMed Soft,870.972.5751,hello@lumenmedsoft.com,https://www.lumenmedsoft.com,252,Phoenix,US,2026-06-13 03:31:25
2026-06-13,MSP Platform,ClearGrid Tech,1-896-653-8689 ext. 33,sales@cleargridtech.com,https://www.cleargridtech.com,32,Boston,US,2026-06-13 04:35:44
2026-06-13,LMS,NorthPath Flow,864.490.8196,sales@northpathflow.io,https://www.northpathflow.io,142,London,UK,2026-06-13 05:37:32
2026-06-13,MSP Platform,Beacon Ticket BPO Services,(770) 565-4679,info@beaconticketbposervices.co,https://beaconticketbposervices.co,8,Hyderabad,IN,2026-06-13 05:58:57
2026-06-13,HR,Fusion ShiftSoft,(553) 336-9669,hello@fusionshiftsoft.com,https://www.fusionshiftsoft.com,6,Atlanta,US,2026-06-13 03:20:35
2026-06-13,HR,GraniteBenefitBase,5847874217,info@granitebenefitbase.com,https://granitebenefitbase.com,N/A,Toronto,CA,2026-06-13 01:03:27
2026-06-13,Medical,Vista CareDesk,+13727353420,contact@vistacaredesk.com,vistacaredesk.com,79,Tampa,US,2026-06-13 06:26:26
2026-06-13,HR,SummitTeamSphere,+15757584557,contact@summitteamsphere.co,https://www.summitteamsphere.co,21,Denver,US,2026-06-13 04:13:53
2026-06-13,Medical,PioneerPulse Desk,720.834.7091,hello@pioneerpulsedesk.io,https://www.pioneerpulsedesk.io,215,Pune,IN,2026-06-13 05:21:59
2026-06-13,HR,GraniteOnboard Cloud,(816) 747-4246,hello@graniteonboardcloud.co,graniteonboardcloud.co,7,Tampa,US,2026-06-13 02:50:30
2026-06-13,Legal,MetaLawSystems,(981) 404-8255,info@metalawsystems.com,https://metalawsystems.com,231,Sydney,AU,2026-06-13 05:40:39
2026-06-13,ERP,QuantumFin App,644-827-1061,N/A,https://quantumfinapp.com,944,Denver,US,2026-06-13 01:13:36
2026-06-13,HR,Anchor CultureSuite,(424) 442-1426,info@anchorculturesuite.io,anchorculturesuite.io,36,Melbourne,AU,2026-06-13 02:19:54
2026-06-13,Medical,Bright PulseCore,4278904769,hello@brightpulsecore.io,https://www.brightpulsecore.io,15,Raleigh,US,2026-06-13 05:39:48
2026-06-13,HR,Nova ShiftPlatform,+17688850437,hello@novashiftplatform.com,novashiftplatform.com,16,Sydney,AU,2026-06-13 05:59:30
2026-06-13,MSP Platform,PioneerEndpointCore,4508442043,info@pioneerendpointcore.com,https://www.pioneerendpointcore.com,14,Melbourne,AU,2026-06-13 03:41:17
2026-06-13,Legal,AltaClause Core,8746982121,contact@altaclausecore.com,https://www.altaclausecore.com,,Berlin,DE,2026-06-13 05:11:47
2026-06-13,Legal,RavenMatter Systems,904.297.2717,info@ravenmattersystems.com,https://www.ravenmattersystems.com,54,Boston,US,2026-06-13 06:40:50
2026-06-13,ERP,IronOps Point,+18797923435,N/A,https://www.ironopspoint.net,91,Atlanta,US,2026-06-13 03:56:00
2026-06-13,HR,Indigo PeopleSync,270.723.1543,contact@indigopeoplesync.com,https://www.indigopeoplesync.com,68,Melbourne,AU,2026-06-13 06:41:16
2026-06-13,HR,Halo OnboardBase,650.766.6055,hello@haloonboardbase.io,https://www.haloonboardbase.io,37,Toronto,CA,2026-06-13 04:35:08
2026-06-13,ERP,AnchorLedgerPoint,+18476449401 ext. 15,sales@anchorledgerpoint.io,https://anchorledgerpoint.io,16,Tampa,US,2026-06-13 02:07:07
2026-06-13,Medical,VeloVitalApp,+1 (710) 646-8387,contact@velovitalapp.com,https://velovitalapp.com,414,Chicago,US,2026-06-13 02:52:01
2026-06-13,Legal,BeaconClause Soft,724-581-6752,contact@beaconclausesoft.co,https://www.beaconclausesoft.co,186,Raleigh,US,2026-06-13 04:10:35
2026-06-13,ERP,VeloFin Core,(851) 966-3870,sales@velofincore.io,https://velofincore.io,60,Melbourne,AU,2026-06-13 04:30:15
2026-06-13,HR,Raven CultureSphere,(652) 591-0421,contact@ravenculturesphere.com,ravenculturesphere.com,95,Seattle,US,2026-06-13 04:41:43
2026-06-13,Legal,PioneerMatter Core,555-215-8679,hello@pioneermattercore.com,https://pioneermattercore.com,91,Austin,US,2026-06-13 06:28:29
2026-06-13,ERP,NimbusForge Solutions,914-263-7111,contact@nimbusforgesolutions.io,https://www.nimbusforgesolutions.io,14,Denver,US,2026-06-13 03:00:56
2026-06-13,Medical,OmniCareLogic,702-743-0734,info@omnicarelogic.com,omnicarelogic.com,915,Dublin,IE,2026-06-13 03:45:43
2026-06-13,LMS,BoldSkill Systems,273.545.4203,hello@boldskillsystems.com,https://www.boldskillsystems.com,13,London,UK,2026-06-13 03:33:51
2026-06-13,HR,Fusion PeopleCore,708-930-3708,contact@fusionpeoplecore.io,https://fusionpeoplecore.io,166,Chicago,US,2026-06-13 05:47:19
2026-06-13,MSP Platform,Zen NetCore,(243) 338-8304,hello@zennetcore.io,https://www.zennetcore.io,17,Columbus,US,2026-06-13 03:47:19
2026-06-13,Legal,Orbit MatterCloud,408.409.3490,sales@orbitmattercloud.net,https://www.orbitmattercloud.net,94,Atlanta,US,2026-06-13 05:58:43
2026-06-13,ERP,Quartz Plan Consulting Group,+1 (513) 240-9852 ext. 38,info@quartzplanconsultinggroup.com,https://quartzplanconsultinggroup.com,32,Seattle,US,2026-06-13 04:47:32
2026-06-13,HR,FusionRoster Works,(973) 847-0033,hello@fusionrosterworks.com,https://fusionrosterworks.com,181,Calgary,CA,2026-06-13 02:53:46
2026-06-13,HR,Bright PerformLogic,319.487.1519,hello@brightperformlogic.com,https://www.brightperformlogic.com,76,Boston,US,2026-06-13 02:32:35
2026-06-13,ERP,Clear’s ChainPlatform,4686451329,info@clearchainplatform.com,clearchainplatform.com,8,Columbus,US,2026-06-13 01:32:14
2026-06-13,HR,AltaPatchWorks,6562814273,info@altapatchworks.io,https://www.altapatchworks.io,17,Amsterdam,NL,2026-06-13 05:33:51
2026-06-13,HR,Meta ShiftPoint,209.240.1435,hello@metashiftpoint.com,metashiftpoint.com,17,Vancouver,CA,2026-06-13 06:50:49
2026-06-13,Medical,NimbusChartWorks,(654) 525-8731,sales@nimbuschartworks.com,nimbuschartworks.com,4800,Pune,IN,2026-06-13 06:24:59
2026-06-13,HR,HaloShift Systems,(505) 607-4993,hello@haloshiftsystems.com,https://www.haloshiftsystems.com,491,Tampa,US,2026-06-13 05:51:50
2026-06-13,ERP,Prime BatchPoint,343.737.7958,N/A,https://primebatchpoint.com,68,Phoenix,US,2026-06-13 02:47:44
2026-06-13,HR,GraniteOnboard Logic,543.623.6771,contact@graniteonboardlogic.com,graniteonboardlogic.com,489,Columbus,US,2026-06-13 02:00:18
2026-06-13,Medical,LatticeHealthWorks,695-841-4822,contact@latticehealthworks.com,https://www.latticehealthworks.com,9,Sydney,AU,2026-06-13 02:59:20
2026-06-13,ERP,Rapid Batch Consultants,+16883757084,hello@rapidbatchconsultants.net,https://www.rapidbatchconsultants.net,947,Raleigh,US,2026-06-13 03:58:26
2026-06-13,ERP,Prime LedgerSystems,(729) 369-8100,hello@primeledgersystems.com,https://www.primeledgersystems.com,14,London,UK,2026-06-13 05:06:34
2026-06-13,ERP,QuartzFinHub,3655027834,hello@quartzfinhub.com,https://www.quartzfinhub.com,477,Chicago,US,2026-06-13 06:14:31
2026-06-13,Medical,North TriagePoint,(748) 424-5707,hello@northtriagepoint.com,https://northtriagepoint.com,19,Boston,US,2026-06-13 05:21:02
2026-06-13,Medical,RidgewayHealth App,543.962.1817,contact@ridgewayhealthapp.com,https://ridgewayhealthapp.com,26,Austin,US,2026-06-13 03:27:57
2026-06-13,Medical,Prime Clinic Manpower Services,+1 (203) 235-1663,info@primeclinicmanpowerservices.com,https://www.primeclinicmanpowerservices.com,16,Manchester,UK,2026-06-13 02:04:49
2026-06-13,ERP,PivotOps Hub,362-479-7439 ext. 93,contact@pivotopshub.com,https://pivotopshub.com,3067,Phoenix,US,2026-06-13 02:32:27
2026-06-13,MSP Platform,CoreStackPoint,+15584449313,hello@corestackpoint.net,https://corestackpoint.net,62,Leeds,UK,2026-06-13 04:24:21
2026-06-13,Medical,GraniteHealthBase,+1 (386) 900-2324,contact@granitehealthbase.com,https://granitehealthbase.com,27,Singapore,SG,2026-06-13 04:58:11
2026-06-13,ERP,FusionOrder Tech,7329709724 ext. 87,sales@fusionordertech.com,https://www.fusionordertech.com,47,Calgary,CA,2026-06-13 02:00:27
2026-06-13,ERP,Silver BatchBase,8405931691,contact@silverbatchbase.com,silverbatchbase.com,12,Boston,US,2026-06-13 02:47:56
2026-06-13,ERP,LumenChain Hub,667-966-5131,hello@lumenchainhub.com,https://www.lumenchainhub.com,50,Dublin,IE,2026-06-13 01:44:56
2026-06-13,LMS,PivotTutor Desk,9174041065,info@pivottutordesk.com,https://www.pivottutordesk.com,556,null,NL,2026-06-13 05:26:17
2026-06-13,HR,HaloOnboardLogic,461-854-1413 ext. 60,info@haloonboardlogic.com,https://www.haloonboardlogic.com,-,Austin,US,2026-06-13 01:01:09
2026-06-13,MSP Platform,ClearStack Works,812.837.2558,contact@clearstackworks.com,https://www.clearstackworks.com,8,Manchester,UK,2026-06-13 01:41:51
2026-06-13,Medical,AnchorTriage Suite,514.944.6166,sales@anchortriagesuite.com,https://www.anchortriagesuite.com,32,Columbus,US,2026-06-13 06:21:16
2026-06-13,ERP,PrimeOrder Labs,+18248998447,sales@primeorderlabs.com,https://www.primeorderlabs.com,369,Atlanta,US,2026-06-13 03:58:26
2026-06-13,MSP Platform,CrestPatch Tech,809.431.4632 ext. 65,info@crestpatchtech.com,https://www.crestpatchtech.com,78,Denver,US,2026-06-13 06:34:41
2026-06-13,HR,Granite CultureCloud,(436) 606-5730,sales@graniteculturecloud.com,https://www.graniteculturecloud.com,7,Manchester,UK,2026-06-13 02:39:17
2026-06-13,ERP,FalconBatchSphere,+12018670328,info@falconbatchsphere.io,https://www.falconbatchsphere.io,63,Austin,US,2026-06-13 03:33:06
2026-06-13,HR,CrestCulture Hub,1-678-846-5475,sales@crestculturehub.io,https://www.crestculturehub.io,155,Hyderabad,IN,2026-06-13 01:48:53
2026-06-13,HR,Willow PeopleSphere,2933530929,hello@willowpeoplesphere.io,https://willowpeoplesphere.io,5,Chicago,US,2026-06-13 01:45:12
2026-06-13,MSP Platform,Apex GridBase,6034072713,hello@apexgridbase.net,https://www.apexgridbase.net,466,Hyderabad,IN,2026-06-13 04:04:27
2026-06-13,LMS,HaloTutor Soft,315-777-6864,N/A,https://www.halotutorsoft.io,19,Boston,US,2026-06-13 06:52:34
2026-06-13,HR,ArchPayrollDynamics,1-883-994-4015,contact@archpayrolldynamics.com,archpayrolldynamics.com,917,Seattle,US,2026-06-13 03:45:58
2026-06-13,HR,NimbusShiftDynamics,7545865550,hello@nimbusshiftdynamics.net,https://nimbusshiftdynamics.net,56,Atlanta,US,2026-06-13 03:32:24
2026-06-13,Medical,ZenVitalApp,229-743-7017,sales@zenvitalapp.com,zenvitalapp.com,11,Austin,US,2026-06-13 04:24:08
2026-06-13,ERP,Raven’s StockLabs,+19074924931,info@ravenstocklabs.com,https://ravenstocklabs.com,87,Atlanta,US,2026-06-13 03:05:36
2026-06-13,ERP,Vista Batch Consulting Group,1-749-229-9237,sales@vistabatchconsultinggroup.com,https://www.vistabatchconsultinggroup.com,4005,Sydney,AU,2026-06-13 03:08:35
2026-06-13,Medical,LatticeTriage Soft,(618) 686-8296,info@latticetriagesoft.co,https://www.latticetriagesoft.co,23,Atlanta,US,2026-06-13 06:41:25
2026-06-13,MSP Platform,BeaconEndpoint Labs,716-444-9146,contact@beaconendpointlabs.io,beaconendpointlabs.io,412,Chicago,US,2026-06-13 03:26:18
2026-06-13,MSP Platform,Bold’s UptimeTech,+17362893139,contact@bolduptimetech.com,https://www.bolduptimetech.com,6,Sydney,AU,2026-06-13 04:29:41
2026-06-13,HR,Granite RosterSystems,(965) 621-4758,info@graniterostersystems.com,https://www.graniterostersystems.com,424,Bengaluru,IN,2026-06-13 04:14:01
2026-06-13,Medical,DeltaMed Point,06838121338 ext. 49,info@deltamedpoint.io,https://www.deltamedpoint.io,17,Berlin,DE,2026-06-13 04:31:45
2026-06-13,MSP Platform,NovaTicketHub,4445092719,hello@novatickethub.com,https://novatickethub.com,21,Leeds,UK,2026-06-13 06:31:42
2026-06-13,ERP,Mosaic OrderSync,+16432725157,sales@mosaicordersync.io,https://www.mosaicordersync.io,671,Boston,US,2026-06-13 04:48:38
2026-06-13,ERP,Onyx Fin Manpower Services,1-298-943-9827,info@onyxfinmanpowerservices.io,https://www.onyxfinmanpowerservices.io,547,Toronto,CA,2026-06-13 02:26:47
2026-06-13,ERP,Cedar LedgerSuite,+19567282173,contact@cedarledgersuite.io,https://www.cedarledgersuite.io,3341,null,CA,2026-06-13 02:44:00
2026-06-13,HR,Anchor TeamCore,(849) 486-2455 ext. 29,sales@anchorteamcore.com,https://www.anchorteamcore.com,19,Calgary,CA,2026-06-13 03:43:43
2026-06-13,HR,Meta Culture BPO Services,694-811-6698,contact@metaculturebposervices.io,https://metaculturebposervices.io,6,Vancouver,CA,2026-06-13 03:24:08
2026-06-13,HR,RapidPayrollSphere,408-923-5909 ext. 46,sales@rapidpayrollsphere.com,rapidpayrollsphere.com,235,London,UK,2026-06-13 06:37:01
2026-06-13,Medical,Anchor TriagePlatform,1-624-624-4152,sales@anchortriageplatform.com,anchortriageplatform.com,850,Austin,US,2026-06-13 04:08:55
2026-06-13,ERP,QuartzChain Works,(853) 771-9622 ext. 55,hello@quartzchainworks.com,https://quartzchainworks.com,181,Raleigh,US,2026-06-13 06:24:10
2026-06-13,ERP,LumenOrder Systems,951-502-6049,sales@lumenordersystems.com,https://www.lumenordersystems.com,3134,Pune,IN,2026-06-13 03:57:37
2026-06-13,HR,Crest PayrollSolutions,654-624-2722,hello@crestpayrollsolutions.net,https://crestpayrollsolutions.net,27,Austin,US,2026-06-13 03:39:47
2026-06-13,HR,RapidPayroll Flow,+1 (559) 909-1506,info@rapidpayrollflow.com,https://www.rapidpayrollflow.com,13,Hyderabad,IN,2026-06-13 02:52:57
2026-06-13,HR,CobaltRosterLogic,1-688-447-6461 ext. 33,info@cobaltrosterlogic.co,https://www.cobaltrosterlogic.co,19,Chicago,US,2026-06-13 04:46:43
2026-06-13,ERP,MosaicPlanTech,545-826-3873,hello@mosaicplantech.io,https://www.mosaicplantech.io,60,Phoenix,US,2026-06-13 04:05:55
2026-06-13,HR,QuartzCultureSystems,+15822403200,sales@quartzculturesystems.com,https://www.quartzculturesystems.com,,Columbus,US,2026-06-13 02:05:07
2026-06-13,HR,PrimePayroll Platform,(591) 558-7667,sales@primepayrollplatform.com,https://primepayrollplatform.com,795,Boston,US,2026-06-13 01:06:52
2026-06-13,HR,Cobalt BenefitBase,09154003246,hello@cobaltbenefitbase.com,cobaltbenefitbase.com,18,Bengaluru,IN,2026-06-13 02:07:06
2026-06-13,ERP,Bright PlanWorks,+19382784991,hello@brightplanworks.com,brightplanworks.com,466,Vancouver,CA,2026-06-13 01:08:05
2026-06-13,Medical,NorthPulseCore,303-834-6214,sales@northpulsecore.com,https://www.northpulsecore.com,122,Singapore,SG,2026-06-13 06:56:47
2026-06-13,MSP Platform,SolidMonitorCloud,(821) 247-1871,N/A,https://solidmonitorcloud.com,401,Manchester,UK,2026-06-13 02:11:52
2026-06-13,LMS,LatticePathSphere,+13312162412,sales@latticepathsphere.net,https://www.latticepathsphere.net,77,Columbus,US,2026-06-13 04:08:00
2026-06-13,ERP,Alta ForgeSync,9663463322,contact@altaforgesync.com,https://altaforgesync.com,270,Seattle,US,2026-06-13 05:35:46
2026-06-13,MSP Platform,Golden NodeSuite,8823405277,info@goldennodesuite.com,https://goldennodesuite.com,449,Atlanta,US,2026-06-13 01:46:07
2026-06-13,Medical,Bright Pulse Consultants,734.203.2170,contact@brightpulseconsultants.com,https://brightpulseconsultants.com,31,Denver,US,2026-06-13 05:33:55
2026-06-13,Medical,AnchorRxSolutions,09853558019,hello@anchorrxsolutions.com,https://www.anchorrxsolutions.com,2438,Leeds,UK,2026-06-13 04:52:01
2026-06-13,HR,Ridge TalentCore,(568) 613-5832,sales@ridgetalentcore.io,ridgetalentcore.io,566,Columbus,US,2026-06-13 05:17:46
2026-06-13,MSP Platform,Vertex OpsPlatform,6617224602,sales@vertexopsplatform.com,https://www.vertexopsplatform.com,6,Munich,DE,2026-06-13 03:23:46
2026-06-13,Legal,Clear BriefCloud,+1 (322) 731-8276,sales@clearbriefcloud.com,https://www.clearbriefcloud.com,49,Austin,US,2026-06-13 05:47:35
2026-06-13,LMS,IronQuizFlow,1-339-252-9325,info@ironquizflow.io,ironquizflow.io,519,Seattle,US,2026-06-13 03:36:12
2026-06-13,MSP Platform,OmniTicketHub,242.355.6542,sales@omnitickethub.com,https://www.omnitickethub.com,79,Austin,US,2026-06-13 05:23:49
2026-06-13,LMS,Solid LedgerFlow,960-803-5977,sales@solidledgerflow.com,https://solidledgerflow.com,null,Toronto,CA,2026-06-13 05:09:30
2026-06-13,MSP Platform,JuniperEndpointCloud,817-559-5999,sales@juniperendpointcloud.com,https://www.juniperendpointcloud.com,27,Singapore,SG,2026-06-13 02:48:36
2026-06-13,ERP,NimbusOrderSuite,9807865256,contact@nimbusordersuite.io,https://www.nimbusordersuite.io,12,Dublin,IE,2026-06-13 03:04:29
2026-06-13,Medical,IndigoCareSync,4908417423,contact@indigocaresync.net,https://www.indigocaresync.net,173,Sydney,AU,2026-06-13 03:01:26
2026-06-13,MSP Platform,Zephyr PatchSync,487.604.3262,info@zephyrpatchsync.co,https://zephyrpatchsync.co,45,Columbus,US,2026-06-13 05:14:47
2026-06-13,ERP,SableChain Soft,901.797.7441,hello@sablechainsoft.com,sablechainsoft.com,824,Tampa,US,2026-06-13 05:23:33
2026-06-13,HR,QuantumShift Labs,1-981-232-7078 ext. 86,-,https://quantumshiftlabs.com,472,Leeds,UK,2026-06-13 06:09:28
2026-06-13,ERP,Sable ResourceSync,1-887-568-7372,sales@sableresourcesync.com,https://www.sableresourcesync.com,8,Seattle,US,2026-06-13 06:10:47
2026-06-13,Medical,CorePulse Suite,+1 (719) 335-0802,contact@corepulsesuite.io,corepulsesuite.io,49,Atlanta,US,2026-06-13 03:41:29
2026-06-13,Medical,CobaltHealthPoint,(745) 940-7363,info@cobalthealthpoint.co,https://www.cobalthealthpoint.co,71,Austin,US,2026-06-13 01:50:38
2026-06-13,HR,Fusion PeopleSoft,+17887076791,hello@fusionpeoplesoft.io,https://www.fusionpeoplesoft.io,60,Chicago,US,2026-06-13 01:46:23
2026-06-13,ERP,CrestLedger Works,+19577893820,hello@crestledgerworks.com,https://www.crestledgerworks.com,52,Karachi,PK,2026-06-13 01:43:34
2026-06-13,ERP,Juniper FinApp,949.589.4980,sales@juniperfinapp.io,https://www.juniperfinapp.io,18,Columbus,US,2026-06-13 06:45:38
2026-06-13,HR,AtlasTeamHub,963-380-4432,hello@atlasteamhub.com,https://www.atlasteamhub.com,N/A,Singapore,SG,2026-06-13 02:55:04
2026-06-13,Medical,Bright MedWorks,(913) 634-4944 ext. 95,contact@brightmedworks.com,https://brightmedworks.com,58,Columbus,US,2026-06-13 02:47:13
2026-06-13,HR,PrimePerformDesk,1-855-835-2962,sales@primeperformdesk.io,https://www.primeperformdesk.io,13,Denver,US,2026-06-13 03:27:43
2026-06-13,Medical,ClearVitalPoint,1-592-530-9534,info@clearvitalpoint.com,clearvitalpoint.com,41,Calgary,CA,2026-06-13 06:48:03
2026-06-13,MSP Platform,Apex UptimeSuite,1-978-779-2112,contact@apexuptimesuite.co,apexuptimesuite.co,472,Tampa,US,2026-06-13 06:55:58
2026-06-13,ERP,TidalChainWorks,+14338424704,info@tidalchainworks.com,https://www.tidalchainworks.com,83,Berlin,DE,2026-06-13 02:42:47
2026-06-13,HR,Crest PerformDynamics,(390) 380-9108,info@crestperformdynamics.com,crestperformdynamics.com,12,Lahore,PK,2026-06-13 01:30:08
2026-06-13,Medical,Fusion MedSolutions,355-831-2045,sales@fusionmedsolutions.net,https://www.fusionmedsolutions.net,44,-,AU,2026-06-13 05:10:28
2026-06-13,MSP Platform,MosaicNodeSystems,5034176225,sales@mosaicnodesystems.net,https://mosaicnodesystems.net,44,Austin,US,2026-06-13 03:32:07
2026-06-13,MSP Platform,RavenStackLogic,2425778028,sales@ravenstacklogic.com,ravenstacklogic.com,26,Phoenix,US,2026-06-13 01:32:31
2026-06-13,MSP Platform,RapidTicketDesk,(707) 337-9744,sales@rapidticketdesk.net,https://www.rapidticketdesk.net,11,Manchester,UK,2026-06-13 03:05:29
2026-06-13,MSP Platform,TidalGridLabs,216-261-6278,sales@tidalgridlabs.net,https://www.tidalgridlabs.net,11,Tampa,US,2026-06-13 05:15:52
2026-06-13,Medical,TidalPulse Solutions,(506) 902-5257,contact@tidalpulsesolutions.com,tidalpulsesolutions.com,3006,Chicago,US,2026-06-13 02:30:19
2026-06-13,MSP Platform,Cedar UptimeSphere,(350) 305-3223,hello@cedaruptimesphere.com,https://cedaruptimesphere.com,458,Dublin,IE,2026-06-13 04:20:38
2026-06-13,HR,CobaltShift Base,+13492521263,info@cobaltshiftbase.com,https://www.cobaltshiftbase.com,5,Berlin,DE,2026-06-13 01:08:14
2026-06-13,MSP Platform,UmbraPulse Solutions,(483) 813-9201 ext. 79,info@umbrapulsesolutions.io,https://www.umbrapulsesolutions.io,237,Boston,US,2026-06-13 05:23:16
2026-06-13,ERP,Juniper PlanBase,+1 (232) 738-4949,contact@juniperplanbase.com,https://www.juniperplanbase.com,180,Dublin,IE,2026-06-13 04:15:55
2026-06-13,ERP,Vista BatchSphere,04957073175,sales@vistabatchsphere.com,vistabatchsphere.com,78,Melbourne,AU,2026-06-13 04:35:50
2026-06-13,Medical,BlueVitalLogic,(987) 996-1981,info@bluevitallogic.com,https://www.bluevitallogic.com,12,Bengaluru,IN,2026-06-13 04:09:08
2026-06-13,ERP,RidgewayChain Dynamics,(818) 240-6319 ext. 42,info@ridgewaychaindynamics.com,ridgewaychaindynamics.com,18,Bengaluru,IN,2026-06-13 05:28:40
2026-06-13,ERP,BoldLedgerCore,1-781-734-8851,hello@boldledgercore.com,boldledgercore.com,49,Singapore,SG,2026-06-13 02:33:35
2026-06-13,HR,HaloOnboard Sphere,611-724-6842,sales@haloonboardsphere.io,https://haloonboardsphere.io,49,Boston,US,2026-06-13 02:15:09
2026-06-13,HR,HaloShift Logic,(433) 846-6296,hello@haloshiftlogic.net,https://www.haloshiftlogic.net,10,Manchester,UK,2026-06-13 04:29:55
2026-06-13,Legal,Crest Case BPO Services,222-855-3003,contact@crestcasebposervices.io,https://crestcasebposervices.io,71,Vancouver,CA,2026-06-13 02:36:07
2026-06-13,Medical,JuniperChart App,+1 (939) 390-1527,contact@juniperchartapp.net,https://www.juniperchartapp.net,11,Dublin,IE,2026-06-13 02:08:36
2026-06-13,MSP Platform,XenonPatch Logic,6837488733,hello@xenonpatchlogic.com,https://xenonpatchlogic.com,15,Phoenix,US,2026-06-13 02:32:55
2026-06-13,LMS,LumenMentorLabs,558-301-7224,info@lumenmentorlabs.com,lumenmentorlabs.com,39,Bengaluru,IN,2026-06-13 01:35:17
2026-06-13,MSP Platform,JuniperGrid Solutions,+19072928191,info@junipergridsolutions.com,https://www.junipergridsolutions.com,31,Atlanta,US,2026-06-13 03:48:37
2026-06-13,MSP Platform,Meta RemoteSoft,348-833-1944,hello@metaremotesoft.io,https://www.metaremotesoft.io,N/A,Amsterdam,NL,2026-06-13 01:19:06
2026-06-13,Medical,Pioneer MedLogic,8152673070,info@pioneermedlogic.io,https://www.pioneermedlogic.io,8,Chicago,US,2026-06-13 01:01:56
2026-06-13,MSP Platform,Ember TicketSystems,+13697221271,hello@emberticketsystems.com,https://www.emberticketsystems.com,11,Seattle,US,2026-06-13 02:44:02
2026-06-13,Legal,Cobalt BriefWorks,1-795-239-3284,contact@cobaltbriefworks.com,https://cobaltbriefworks.com,94,Seattle,US,2026-06-13 02:31:44
2026-06-13,MSP Platform,Tidal StackBase,(241) 439-7691,sales@tidalstackbase.io,https://www.tidalstackbase.io,15,Atlanta,US,2026-06-13 06:37:50
2026-06-13,ERP,QuartzFinCloud,+1 (915) 955-7728,hello@quartzfincloud.com,https://quartzfincloud.com,35,Seattle,US,2026-06-13 06:14:37
2026-06-13,HR,WillowPerformLabs,+17712746035,sales@willowperformlabs.com,https://www.willowperformlabs.com,82,Columbus,US,2026-06-13 02:44:57
2026-06-13,MSP Platform,GoldenMonitorLabs,227-858-6295,contact@goldenmonitorlabs.io,https://www.goldenmonitorlabs.io,23,Atlanta,US,2026-06-13 05:33:16
2026-06-13,ERP,PioneerLedgerSoft,06437179991,contact@pioneerledgersoft.com,https://pioneerledgersoft.com,11,Chicago,US,2026-06-13 05:28:44
2026-06-13,MSP Platform,MetaEndpointDynamics,4018144347,sales@metaendpointdynamics.net,https://www.metaendpointdynamics.net,313,Dublin,IE,2026-06-13 01:56:37
2026-06-13,MSP Platform,DeltaPatchApp,+19203669473,hello@deltapatchapp.com,https://www.deltapatchapp.com,3724,Pune,IN,2026-06-13 02:40:06
2026-06-13,Medical,RidgewayPatient Dynamics,+19228760253,info@ridgewaypatientdynamics.net,https://ridgewaypatientdynamics.net,9,Melbourne,AU,2026-06-13 05:33:41
2026-06-13,Legal,BeaconLaw Suite,(784) 288-2783,contact@beaconlawsuite.co,https://beaconlawsuite.co,699,Phoenix,US,2026-06-13 01:07:06
2026-06-13,MSP Platform,Vista EndpointSync,05388361125,hello@vistaendpointsync.com,https://www.vistaendpointsync.com,31,Dublin,IE,2026-06-13 04:44:58
2026-06-13,Legal,CedarVerdict Point,1-853-234-8658,contact@cedarverdictpoint.com,https://www.cedarverdictpoint.com,132,Karachi,PK,2026-06-13 01:00:22
2026-06-13,Legal,HarborVerdict Hub,+1 (254) 269-7008,-,https://www.harborverdicthub.net,17,Columbus,US,2026-06-13 03:18:11
2026-06-13,MSP Platform,RidgewayMonitorWorks,2152145672,info@ridgewaymonitorworks.com,ridgewaymonitorworks.com,27,Manchester,UK,2026-06-13 03:17:11
2026-06-13,HR,Cobalt TalentDesk,09038508754,info@cobalttalentdesk.com,https://www.cobalttalentdesk.com,3861,Raleigh,US,2026-06-13 06:20:19
2026-06-13,Legal,QuantumDocketBase,503-811-2578,sales@quantumdocketbase.com,https://www.quantumdocketbase.com,111,Columbus,US,2026-06-13 06:28:29
2026-06-13,Medical,RidgeRx Sphere,(637) 331-1528,N/A,https://www.ridgerxsphere.com,70,Columbus,US,2026-06-13 05:14:44
2026-06-13,Legal,FusionCounselTech,09812029274,sales@fusioncounseltech.net,https://www.fusioncounseltech.net,20,London,UK,2026-06-13 04:05:40
2026-06-13,ERP,VistaStock Cloud,+14182147788,contact@vistastockcloud.com,vistastockcloud.com,258,Atlanta,US,2026-06-13 03:54:37
2026-06-13,ERP,NimbusChain Sync,930-224-2273,info@nimbuschainsync.com,nimbuschainsync.com,183,Amsterdam,NL,2026-06-13 03:19:20
2026-06-13,Medical,Core RxSolutions,751-606-3290,hello@corerxsolutions.co,https://www.corerxsolutions.co,15,-,US,2026-06-13 06:38:11
2026-06-13,MSP Platform,NimbusMonitorLogic,983.390.9336,hello@nimbusmonitorlogic.com,https://www.nimbusmonitorlogic.com,8,Bengaluru,IN,2026-06-13 01:26:03
2026-06-13,HR,MosaicPerform Sphere,1-894-779-0474,info@mosaicperformsphere.net,https://www.mosaicperformsphere.net,-,Austin,US,2026-06-13 05:57:12
2026-06-13,Legal,HaloVerdictCore,1-642-678-2916,info@haloverdictcore.net,https://www.haloverdictcore.net,37,Amsterdam,NL,2026-06-13 04:20:44
2026-06-13,ERP,AnchorFin Suite,(427) 553-2047 ext. 76,sales@anchorfinsuite.co,https://www.anchorfinsuite.co,11,Amsterdam,NL,2026-06-13 05:56:06
2026-06-13,Legal,ZephyrVerdict Soft,1-426-982-1799,info@zephyrverdictsoft.io,https://zephyrverdictsoft.io,24,Tampa,US,2026-06-13 02:04:49
2026-06-13,HR,Bright CultureWorks,844-557-6390,sales@brightcultureworks.com,https://www.brightcultureworks.com,10,Raleigh,US,2026-06-13 02:54:14
2026-06-13,HR,VistaRosterSolutions,+19128250357 ext. 91,contact@vistarostersolutions.com,https://www.vistarostersolutions.com,16,Chicago,US,2026-06-13 06:04:51
2026-06-13,ERP,PivotBatch Point,1-746-817-1559,info@pivotbatchpoint.io,https://www.pivotbatchpoint.io,11,Denver,US,2026-06-13 06:57:42
2026-06-13,HR,RapidPayrollSync,(575) 214-4892,sales@rapidpayrollsync.com,https://www.rapidpayrollsync.com,552,Singapore,SG,2026-06-13 02:21:01
2026-06-13,ERP,Fusion’s PlanDynamics,635.399.4738,sales@fusionplandynamics.com,https://fusionplandynamics.com,6,null,UK,2026-06-13 06:10:40
2026-06-13,MSP Platform,BeaconNetWorks,+1 (643) 712-1124,hello@beaconnetworks.net,https://www.beaconnetworks.net,336,Manchester,UK,2026-06-13 06:03:16
2026-06-13,ERP,AltaLedger Works,374.654.4131,hello@altaledgerworks.com,https://www.altaledgerworks.com,27,Austin,US,2026-06-13 05:31:54
2026-06-13,HR,Lumen PayrollWorks,924-446-4021,sales@lumenpayrollworks.net,https://www.lumenpayrollworks.net,147,Manchester,UK,2026-06-13 02:39:08
2026-06-13,MSP Platform,Omni RemoteDesk,455-872-2922,info@omniremotedesk.net,https://www.omniremotedesk.net,239,Vancouver,CA,2026-06-13 05:02:21
2026-06-13,Medical,BrightPulseSystems,1-489-422-8406,contact@brightpulsesystems.com,https://www.brightpulsesystems.com,61,Toronto,CA,2026-06-13 05:15:00
2026-06-13,ERP,SableOpsPlatform,1-916-658-1545,hello@sableopsplatform.com,https://sableopsplatform.com,182,Raleigh,US,2026-06-13 01:29:32
2026-06-13,Legal,JuniperClauseSphere,235-523-7462,sales@juniperclausesphere.com,https://www.juniperclausesphere.com,9,Raleigh,US,2026-06-13 02:09:43
2026-06-13,HR,Falcon PeopleCloud,(648) 258-7989,N/A,https://www.falconpeoplecloud.io,69,Tampa,US,2026-06-13 02:30:38
2026-06-13,ERP,Harbor OpsLabs,+1 (226) 752-8231,info@harboropslabs.com,https://harboropslabs.com,199,Columbus,US,2026-06-13 03:01:22
2026-06-13,Medical,Quartz TriageCloud,+15992037329,sales@quartztriagecloud.io,https://www.quartztriagecloud.io,7,Tampa,US,2026-06-13 04:45:17
2026-06-13,HR,SilverShift Soft,05728275050,contact@silvershiftsoft.net,https://www.silvershiftsoft.net,555,Munich,DE,2026-06-13 03:47:39
2026-06-13,Legal,PivotLaw Hub,+19454947341,hello@pivotlawhub.net,pivotlawhub.net,687,Austin,US,2026-06-13 04:15:32
2026-06-13,Medical,Onyx VitalSync,597.796.5368,hello@onyxvitalsync.com,https://www.onyxvitalsync.com,12,Boston,US,2026-06-13 05:40:29
2026-06-13,MSP Platform,Prime NetCloud,(923) 218-9350,sales@primenetcloud.com,https://www.primenetcloud.com,13,Denver,US,2026-06-13 03:04:52
2026-06-13,ERP,CrownStockSystems,+14605008061,hello@crownstocksystems.co,https://www.crownstocksystems.co,28,Seattle,US,2026-06-13 05:31:38
2026-06-13,HR,Ridgeway PayrollFlow,677-705-5628,contact@ridgewaypayrollflow.co,https://www.ridgewaypayrollflow.co,107,Chicago,US,2026-06-13 03:54:15
2026-06-13,ERP,North OrderCore,(761) 324-5886,contact@northordercore.com,https://www.northordercore.com,23,Atlanta,US,2026-06-13 02:08:50
2026-06-13,LMS,EmberTutor Cloud,1-793-717-1680,sales@embertutorcloud.com,https://embertutorcloud.com,182,Toronto,CA,2026-06-13 02:00:53
2026-06-13,ERP,TidalOps Platform,+12628017483,hello@tidalopsplatform.com,tidalopsplatform.com,8,Atlanta,US,2026-06-13 02:48:06
2026-06-13,Medical,North CareBase,+17996623344,contact@northcarebase.co,https://www.northcarebase.co,4874,Columbus,US,2026-06-13 01:11:42
2026-06-13,ERP,Falcon StockHub,(761) 997-1131,info@falconstockhub.io,https://www.falconstockhub.io,39,Dublin,IE,2026-06-13 05:22:24
2026-06-13,HR,Crest ShiftCloud,825-695-8128,sales@crestshiftcloud.com,https://www.crestshiftcloud.com,362,Karachi,PK,2026-06-13 05:06:14
2026-06-13,ERP,HarborPlanFlow,1-757-329-0689,info@harborplanflow.co,https://www.harborplanflow.co,2621,Boston,US,2026-06-13 04:51:29
2026-06-13,ERP,ZenFinSystems,+12096804042,sales@zenfinsystems.com,https://zenfinsystems.com,409,Manchester,UK,2026-06-13 04:11:36
2026-06-13,MSP Platform,ZephyrUptimeSoft,942-597-5626,info@zephyruptimesoft.io,https://www.zephyruptimesoft.io,403,Raleigh,US,2026-06-13 06:52:19
2026-06-13,MSP Platform,GraniteStack Core,319-859-2458,contact@granitestackcore.com,granitestackcore.com,79,Karachi,PK,2026-06-13 05:06:40
2026-06-13,Medical,FusionVital Logic,621-236-6581 ext. 65,contact@fusionvitallogic.com,https://www.fusionvitallogic.com,88,N/A,US,2026-06-13 05:53:44
2026-06-13,HR,Crest PeopleLabs,970-752-7857,hello@crestpeoplelabs.com,https://www.crestpeoplelabs.com,151,Sydney,AU,2026-06-13 03:19:10
2026-06-13,Medical,BluePatientSystems,4887394036,info@bluepatientsystems.com,https://www.bluepatientsystems.com,27,Denver,US,2026-06-13 03:31:54
2026-06-13,Medical,KeystonePulseCloud,980.615.1561,info@keystonepulsecloud.com,https://keystonepulsecloud.com,28,Vancouver,CA,2026-06-13 01:34:59
2026-06-13,ERP,EmberChain Desk,272-251-0546,info@emberchaindesk.com,https://emberchaindesk.com,37,Raleigh,US,2026-06-13 04:20:23
2026-06-13,ERP,ArchForge Sphere,(877) 962-2435,sales@archforgesphere.com,https://archforgesphere.com,895,Chicago,US,2026-06-13 02:04:57
2026-06-13,ERP,Falcon BatchCloud,(244) 901-8255,contact@falconbatchcloud.com,https://www.falconbatchcloud.com,276,Amsterdam,NL,2026-06-13 01:17:18
2026-06-13,LMS,RavenMentor Tech,348-277-8823,info@ravenmentortech.io,https://www.ravenmentortech.io,15,Chicago,US,2026-06-13 05:31:40
2026-06-13,MSP Platform,Beacon Node BPO Services,832-516-2691 ext. 5,-,https://www.beaconnodebposervices.com,24,Raleigh,US,2026-06-13 01:48:54
2026-06-13,Legal,SilverCase Suite,6436369848,sales@silvercasesuite.net,https://www.silvercasesuite.net,489,Phoenix,US,2026-06-13 04:30:53
2026-06-13,MSP Platform,ClearGrid Sphere,519-927-2561 ext. 24,info@cleargridsphere.com,cleargridsphere.com,20,Phoenix,US,2026-06-13 04:26:34
2026-06-13,Medical,JuniperMonitorSystems,785.315.8050,hello@junipermonitorsystems.com,https://www.junipermonitorsystems.com,19,London,UK,2026-06-13 01:46:36
2026-06-13,Legal,LatticeClause Core,763-803-2613,contact@latticeclausecore.com,https://www.latticeclausecore.com,213,Tampa,US,2026-06-13 03:22:22
2026-06-13,HR,RavenShift Desk,984-784-2116,hello@ravenshiftdesk.com,https://www.ravenshiftdesk.com,40,Atlanta,US,2026-06-13 05:56:59
2026-06-13,Medical,Nova Med Consulting Group,+13523579299,contact@novamedconsultinggroup.com,https://www.novamedconsultinggroup.com,15,London,UK,2026-06-13 01:39:26
2026-06-13,Medical,OmniClinicCore,682-412-1424,sales@omnicliniccore.net,https://www.omnicliniccore.net,14,Vancouver,CA,2026-06-13 04:40:34
2026-06-13,Legal,NorthCase Dynamics,(970) 661-9864,sales@northcasedynamics.com,https://www.northcasedynamics.com,10,Denver,US,2026-06-13 02:28:03
2026-06-13,HR,PivotTalent Cloud,1-258-814-9941,contact@pivottalentcloud.com,https://www.pivottalentcloud.com,160,Tampa,US,2026-06-13 06:03:16
2026-06-13,LMS,Lumen QuizPlatform,+18388598980,sales@lumenquizplatform.co,lumenquizplatform.co,594,Seattle,US,2026-06-13 05:22:33
2026-06-13,Medical,TidalTriageDesk,4095097640,hello@tidaltriagedesk.io,https://www.tidaltriagedesk.io,689,Chicago,US,2026-06-13 03:36:20
2026-06-13,ERP,ZenBatch Soft,1-370-757-4830,hello@zenbatchsoft.net,https://www.zenbatchsoft.net,420,Munich,DE,2026-06-13 01:09:09
2026-06-13,ERP,OrbitBatch Labs,1-544-558-0278,hello@orbitbatchlabs.io,https://www.orbitbatchlabs.io,404,,US,2026-06-13 05:03:50
2026-06-13,Medical,Omni’s PatientTech,293-861-2526,info@omnipatienttech.co,https://www.omnipatienttech.co,84,Austin,US,2026-06-13 01:45:06
2026-06-13,Medical,True ClinicTech,7744917643,sales@trueclinictech.co,https://trueclinictech.co,151,Dublin,IE,2026-06-13 05:01:56
2026-06-13,MSP Platform,Summit GridApp,328-344-3689,contact@summitgridapp.co,https://www.summitgridapp.co,8,Boston,US,2026-06-13 06:06:35
2026-06-13,ERP,TruePayroll Works,296-833-5431,hello@truepayrollworks.com,https://www.truepayrollworks.com,4761,Tampa,US,2026-06-13 04:05:39
2026-06-13,HR,Raven ShiftCore,3872214869,hello@ravenshiftcore.com,https://www.ravenshiftcore.com,9,Raleigh,US,2026-06-13 06:33:37
2026-06-13,HR,HaloPlanCloud,500.360.1530,info@haloplancloud.net,https://www.haloplancloud.net,97,Seattle,US,2026-06-13 01:00:56
2026-06-13,MSP Platform,CoreNodeDesk,(964) 967-9056,sales@corenodedesk.io,https://www.corenodedesk.io,306,Melbourne,AU,2026-06-13 01:40:40
2026-06-13,LMS,Raven LearnLabs,1-544-662-2045,hello@ravenlearnlabs.io,https://www.ravenlearnlabs.io,6,Chicago,US,2026-06-13 02:25:40
2026-06-13,Legal,EmberCompli Tech,942-904-8125,-,https://www.embercomplitech.com,244,Denver,US,2026-06-13 06:05:36
2026-06-13,ERP,ClearChain Hub,429.365.0822,contact@clearchainhub.com,clearchainhub.com,301,Amsterdam,NL,2026-06-13 01:11:54
2026-06-13,Medical,Mosaic ChartApp,(892) 644-9341,hello@mosaicchartapp.com,https://www.mosaicchartapp.com,9,Phoenix,US,2026-06-13 02:24:56
2026-06-13,HR,RavenPayrollSync,921-368-8096,sales@ravenpayrollsync.com,https://www.ravenpayrollsync.com,19,Seattle,US,2026-06-13 04:23:39
2026-06-13,Medical,CrestPatient Systems,1-737-574-4765,contact@crestpatientsystems.com,crestpatientsystems.com,N/A,Raleigh,US,2026-06-13 06:41:13
2026-06-13,ERP,Meta StockDesk,542-271-9217,info@metastockdesk.com,https://www.metastockdesk.com,422,Chicago,US,2026-06-13 02:15:40
2026-06-13,ERP,BlueForge Suite,(627) 692-0401,sales@blueforgesuite.com,https://www.blueforgesuite.com,124,Singapore,SG,2026-06-13 06:45:14
2026-06-13,Medical,Nimbus MedPoint,(508) 404-7519,hello@nimbusmedpoint.com,https://nimbusmedpoint.com,14,Denver,US,2026-06-13 02:23:59
2026-06-13,ERP,BoldOps Logic,708-278-8929,info@boldopslogic.net,https://www.boldopslogic.net,13,Toronto,CA,2026-06-13 05:33:53
2026-06-13,ERP,Granite ResourceSolutions,(373) 535-4488,info@graniteresourcesolutions.com,https://www.graniteresourcesolutions.com,27,Calgary,CA,2026-06-13 06:03:53
2026-06-13,Medical,PolarisHealth App,890-651-6929,contact@polarishealthapp.com,https://www.polarishealthapp.com,28,Austin,US,2026-06-13 02:20:15
2026-06-13,HR,EmberPerformSuite,+1 (318) 470-8117,hello@emberperformsuite.net,https://www.emberperformsuite.net,7,Raleigh,US,2026-06-13 06:57:09
2026-06-13,ERP,Apex ForgeSystems,+1 (646) 582-6971,sales@apexforgesystems.com,https://apexforgesystems.com,42,Hyderabad,IN,2026-06-13 06:43:56
2026-06-13,ERP,SableOps Base,+16204886220,info@sableopsbase.com,sableopsbase.com,755,Dublin,IE,2026-06-13 01:34:52
2026-06-13,Medical,RidgewayRx Logic,+12382681274,-,https://www.ridgewayrxlogic.com,76,Leeds,UK,2026-06-13 05:23:16
2026-06-13,LMS,GranitePath Base,+16648994969,hello@granitepathbase.net,https://www.granitepathbase.net,172,Pune,IN,2026-06-13 05:19:14
2026-06-13,ERP,HaloBatch Tech,506-938-0905,info@halobatchtech.com,https://www.halobatchtech.com,1145,Atlanta,US,2026-06-13 05:07:58
2026-06-13,HR,IndigoShift Systems,(659) 322-6099,sales@indigoshiftsystems.com,indigoshiftsystems.com,236,Raleigh,US,2026-06-13 03:27:37
2026-06-13,MSP Platform,DeltaGrid Hub,1-562-672-7239,info@deltagridhub.com,https://www.deltagridhub.com,36,Tampa,US,2026-06-13 05:47:50
2026-06-13,ERP,ApexOrderApp,2588866808,hello@apexorderapp.co,https://www.apexorderapp.co,11,London,UK,2026-06-13 02:08:00
2026-06-13,MSP Platform,Solid GridCore,+14633198506,hello@solidgridcore.net,https://www.solidgridcore.net,329,Columbus,US,2026-06-13 06:02:38
2026-06-13,ERP,CedarStockLogic,+18733639765,hello@cedarstocklogic.io,https://cedarstocklogic.io,135,Phoenix,US,2026-06-13 01:00:57
2026-06-13,ERP,Silver ForgeSuite,(362) 225-3216,hello@silverforgesuite.com,https://www.silverforgesuite.com,12,Bengaluru,IN,2026-06-13 01:25:03
2026-06-13,LMS,Iron TrainSync,514-464-2811,info@irontrainsync.com,https://irontrainsync.com,28,Raleigh,US,2026-06-13 05:32:03
2026-06-13,Medical,Ridgeway CareTech,385-962-6397,sales@ridgewaycaretech.com,https://www.ridgewaycaretech.com,31,Amsterdam,NL,2026-06-13 02:42:50
2026-06-13,ERP,VertexForge Hub,610.495.8026,info@vertexforgehub.com,https://www.vertexforgehub.com,12,Austin,US,2026-06-13 03:23:42
2026-06-13,ERP,Bright OrderSystems,8342384212,info@brightordersystems.com,brightordersystems.com,104,Lahore,PK,2026-06-13 04:16:23
2026-06-13,MSP Platform,Lattice MonitorPlatform,+18466424037,sales@latticemonitorplatform.co,https://www.latticemonitorplatform.co,46,Pune,IN,2026-06-13 06:53:14
2026-06-13,ERP,Zephyr TriageSystems,330.921.4294,sales@zephyrtriagesystems.com,https://zephyrtriagesystems.com,128,Boston,US,2026-06-13 04:53:59
2026-06-13,MSP Platform,ApexPatchLabs,(262) 639-9900,sales@apexpatchlabs.com,https://www.apexpatchlabs.com,355,Melbourne,AU,2026-06-13 06:01:23
2026-06-13,ERP,Ridge OpsFlow,1-834-338-0096,info@ridgeopsflow.com,https://www.ridgeopsflow.com,8,Austin,US,2026-06-13 05:51:35
2026-06-13,Legal,PioneerClause Works,+14286283862,hello@pioneerclauseworks.io,pioneerclauseworks.io,95,Tampa,US,2026-06-13 03:04:09
2026-06-13,ERP,Meta PlanPoint,794.797.2841,sales@metaplanpoint.net,https://www.metaplanpoint.net,42,Calgary,CA,2026-06-13 01:31:47
2026-06-13,MSP Platform,ApexEndpoint Sphere,611-332-8617,sales@apexendpointsphere.com,https://www.apexendpointsphere.com,669,Melbourne,AU,2026-06-13 05:19:52
2026-06-13,Medical,PrimePatientSolutions,679-840-6632,info@primepatientsolutions.co,https://primepatientsolutions.co,41,Tampa,US,2026-06-13 06:47:01
2026-06-13,MSP Platform,NovaPatch Cloud,+14055960758,info@novapatchcloud.com,https://www.novapatchcloud.com,21,Denver,US,2026-06-13 01:28:43
2026-06-13,MSP Platform,RidgewayPatch Logic,+14129398870,hello@ridgewaypatchlogic.co,ridgewaypatchlogic.co,199,Hyderabad,IN,2026-06-13 01:32:17
2026-06-13,MSP Platform,Crown TicketBase,(653) 666-3334,contact@crownticketbase.co,https://crownticketbase.co,95,Singapore,SG,2026-06-13 03:48:22
2026-06-13,Legal,Bold VerdictPoint,763-874-9350,contact@boldverdictpoint.co,https://boldverdictpoint.co,16,Raleigh,US,2026-06-13 01:37:37
2026-06-13,Medical,ClearVital Desk,373-361-8606 ext. 23,hello@clearvitaldesk.com,clearvitaldesk.com,12,Berlin,DE,2026-06-13 01:28:29
2026-06-13,HR,KeystonePeople Sync,5402664473,sales@keystonepeoplesync.net,https://www.keystonepeoplesync.net,345,Lahore,PK,2026-06-13 01:10:55
2026-06-13,HR,Atlas ShiftPoint,(960) 339-1159,hello@atlasshiftpoint.io,atlasshiftpoint.io,333,Chicago,US,2026-06-13 01:16:18
2026-06-13,Medical,MosaicPatiént Base,(596) 723-8874,sales@mosaicpatientbase.co,https://mosaicpatientbase.co,175,Amsterdam,NL,2026-06-13 02:38:34
2026-06-13,ERP,Quantum BatchSync,475-840-2671,sales@quantumbatchsync.com,https://www.quantumbatchsync.com,722,Vancouver,CA,2026-06-13 02:55:12
2026-06-13,ERP,GoldenOrder Hub,450.732.5289,info@goldenorderhub.com,https://www.goldenorderhub.com,177,Austin,US,2026-06-13 04:56:48
2026-06-13,Legal,Delta MatterTech,(495) 739-2472,sales@deltamattertech.com,https://deltamattertech.com,8,Hyderabad,IN,2026-06-13 03:09:36
2026-06-13,HR,Quartz PeopleApp,+12116354377 ext. 92,sales@quartzpeopleapp.com,https://www.quartzpeopleapp.com,13,Lahore,PK,2026-06-13 06:05:06
2026-06-13,Legal,Ridgeway VerdictWorks,1-960-776-8243,sales@ridgewayverdictworks.com,https://ridgewayverdictworks.com,5,Raleigh,US,2026-06-13 02:03:56
2026-06-13,HR,RidgeBenefitBase,(452) 528-4147,hello@ridgebenefitbase.com,ridgebenefitbase.com,69,Bengaluru,IN,2026-06-13 04:48:12
2026-06-13,ERP,RidgeOps Suite,+15225002106,info@ridgeopssuite.io,https://www.ridgeopssuite.io,16,Singapore,SG,2026-06-13 05:13:16
2026-06-13,MSP Platform,Golden TicketPlatform,+1 (739) 360-4278,hello@goldenticketplatform.io,https://goldenticketplatform.io,23,Calgary,CA,2026-06-13 05:54:39
2026-06-13,HR,Nova Onboard Manpower Services,08883965632,hello@novaonboardmanpowerservices.com,https://www.novaonboardmanpowerservices.com,80,Hyderabad,IN,2026-06-13 06:22:55
2026-06-13,Medical,OnyxHealthDynamics,+1 (979) 860-5236,contact@onyxhealthdynamics.com,https://onyxhealthdynamics.com,22,null,US,2026-06-13 01:23:44
2026-06-13,Medical,Rapid ClinicBase,04034735335 ext. 45,info@rapidclinicbase.com,https://www.rapidclinicbase.com,19,Pune,IN,2026-06-13 06:21:13
2026-06-13,Medical,AnchorChart Flow,(816) 843-5212,sales@anchorchartflow.io,https://anchorchartflow.io,26,Columbus,US,2026-06-13 05:01:20
2026-06-13,MSP Platform,Blue StackSystems,659.456.6220,sales@bluestacksystems.com,https://www.bluestacksystems.com,89,Denver,US,2026-06-13 06:39:37
2026-06-13,ERP,DeltaLedgerDynamics,1-541-277-6448,info@deltaledgerdynamics.io,deltaledgerdynamics.io,303,Raleigh,US,2026-06-13 01:06:31
2026-06-13,ERP,Cedar StockFlow,+17108136692,info@cedarstockflow.io,https://www.cedarstockflow.io,398,Hyderabad,IN,2026-06-13 06:58:41
2026-06-13,HR,NorthCulture Platform,1-352-976-3159,hello@northcultureplatform.com,https://www.northcultureplatform.com,475,Singapore,SG,2026-06-13 06:25:34
2026-06-13,ERP,Zen FinApp,9106580969,sales@zenfinapp.com,https://www.zenfinapp.com,18,Raleigh,US,2026-06-13 04:46:47
2026-06-13,HR,Atlas TeamLogic,483.904.1967,info@atlasteamlogic.com,https://www.atlasteamlogic.com,26,Columbus,US,2026-06-13 01:59:35
2026-06-13,Legal,SilverCaseLabs,+15135761708,contact@silvercaselabs.com,https://www.silvercaselabs.com,224,Seattle,US,2026-06-13 05:46:10
2026-06-13,ERP,KeystonePlanSystems,1-651-201-6277,hello@keystoneplansystems.com,https://www.keystoneplansystems.com,196,Boston,US,2026-06-13 01:11:18
2026-06-13,LMS,Core LearnLabs,1-245-463-5078,info@corelearnlabs.com,https://www.corelearnlabs.com,163,Seattle,US,2026-06-13 01:27:05
2026-06-13,MSP Platform,ClearForgeCloud,+1 (726) 582-0515,info@clearforgecloud.com,https://www.clearforgecloud.com,167,Manchester,UK,2026-06-13 04:20:52
2026-06-13,Medical,NorthMed Logic,4024222160,info@northmedlogic.io,https://www.northmedlogic.io,308,Atlanta,US,2026-06-13 02:01:28
2026-06-13,HR,OrbitPeople Hub,(708) 276-8873,contact@orbitpeoplehub.com,https://www.orbitpeoplehub.com,2801,Austin,US,2026-06-13 01:07:39
2026-06-13,MSP Platform,PioneerEndpoint Tech,1-234-743-0246,hello@pioneerendpointtech.com,https://www.pioneerendpointtech.com,5,Austin,US,2026-06-13 01:33:22
2026-06-13,MSP Platform,BrightNode Soft,(276) 486-2480,contact@brightnodesoft.io,https://www.brightnodesoft.io,3644,Singapore,SG,2026-06-13 05:13:13
2026-06-13,HR,Cedar’s PayrollHub,431-490-2651,contact@cedarpayrollhub.net,https://www.cedarpayrollhub.net,69,Amsterdam,NL,2026-06-13 01:01:42
2026-06-13,HR,Raven ShiftWorks,(917) 842-8961,sales@ravenshiftworks.io,https://ravenshiftworks.io,7,Raleigh,US,2026-06-13 01:48:24
2026-06-13,ERP,SilverFin Dynamics,1-447-912-8531,sales@silverfindynamics.io,https://www.silverfindynamics.io,71,London,UK,2026-06-13 04:23:41
2026-06-13,MSP Platform,Lattice Net Outsourcing,(668) 298-0805,sales@latticenetoutsourcing.io,https://www.latticenetoutsourcing.io,11,Seattle,US,2026-06-13 03:57:17
2026-06-13,MSP Platform,Willow UptimeLogic,+16682236332,sales@willowuptimelogic.co,https://www.willowuptimelogic.co,77,Phoenix,US,2026-06-13 01:52:20
2026-06-13,ERP,Delta OpsBase,709-314-0073,hello@deltaopsbase.com,https://deltaopsbase.com,9,Boston,US,2026-06-13 05:04:33
2026-06-13,MSP Platform,VertexNetSync,218-644-1077,hello@vertexnetsync.io,https://vertexnetsync.io,69,Austin,US,2026-06-13 05:54:07
2026-06-13,HR,SummitBenefitLogic,957-385-2227 ext. 69,sales@summitbenefitlogic.io,https://www.summitbenefitlogic.io,N/A,Toronto,CA,2026-06-13 04:48:03
2026-06-13,LMS,VistaMentorApp,+18008705658,info@vistamentorapp.com,https://www.vistamentorapp.com,46,Bengaluru,IN,2026-06-13 03:20:21
2026-06-13,ERP,MetaFin Works,+1 (800) 475-7149,hello@metafinworks.io,https://metafinworks.io,13,Tampa,US,2026-06-13 02:07:22
2026-06-13,Medical,RavenPatient Suite,+14422586771,contact@ravenpatientsuite.net,https://ravenpatientsuite.net,40,Karachi,PK,2026-06-13 02:07:30
2026-06-13,Medical,RidgewayPatient Point,1-311-206-1413,info@ridgewaypatientpoint.com,https://www.ridgewaypatientpoint.com,89,Austin,US,2026-06-13 05:27:49
2026-06-13,Medical,CedarMed Tech,496.322.8638,info@cedarmedtech.io,https://www.cedarmedtech.io,33,Chicago,US,2026-06-13 04:17:09
2026-06-13,ERP,Nimbus ResourceSuite,+1 (929) 227-2226,hello@nimbusresourcesuite.co,https://www.nimbusresourcesuite.co,-,Phoenix,US,2026-06-13 03:19:35
2026-06-13,ERP,Golden ResourcePlatform,822-712-4017,hello@goldenresourceplatform.com,goldenresourceplatform.com,744,Bengaluru,IN,2026-06-13 02:51:15
2026-06-13,MSP Platform,AnchorEndpoint Core,1-663-997-4180,info@anchorendpointcore.com,https://www.anchorendpointcore.com,6,London,UK,2026-06-13 03:21:13
2026-06-13,Medical,Sable RxPlatform,924-667-1654,hello@sablerxplatform.com,https://sablerxplatform.com,6,Chicago,US,2026-06-13 04:05:33
2026-06-13,Legal,Quartz CompliSystems,03168932809,hello@quartzcomplisystems.com,quartzcomplisystems.com,34,London,UK,2026-06-13 01:47:32
2026-06-13,ERP,Omni Batch Recruiting,(918) 780-0866,-,https://omnibatchrecruiting.io,310,Phoenix,US,2026-06-13 06:32:54
2026-06-13,Medical,Prime ClinicCloud,+13709469734,N/A,https://www.primecliniccloud.io,405,Phoenix,US,2026-06-13 06:58:08
2026-06-13,ERP,Solid StockLogic,3093286896,info@solidstocklogic.co,https://www.solidstocklogic.co,91,Columbus,US,2026-06-13 06:41:41
2026-06-13,LMS,Cobalt MentorCore,715.838.5156,info@cobaltmentorcore.com,https://www.cobaltmentorcore.com,105,Denver,US,2026-06-13 01:40:11
2026-06-13,Legal,Umbra DocketSuite,(549) 515-4573,contact@umbradocketsuite.com,https://www.umbradocketsuite.com,925,Tampa,US,2026-06-13 06:58:55
2026-06-13,ERP,NimbusBatch Logic,(311) 275-4898,hello@nimbusbatchlogic.io,https://www.nimbusbatchlogic.io,11,Seattle,US,2026-06-13 05:54:20
2026-06-13,MSP Platform,True StackDesk,961-374-7995,contact@truestackdesk.io,https://truestackdesk.io,7,Singapore,SG,2026-06-13 06:54:26
2026-06-13,Medical,Tidal ClinicDesk,+13005675602,info@tidalclinicdesk.io,https://www.tidalclinicdesk.io,55,Seattle,US,2026-06-13 06:24:15
2026-06-13,MSP Platform,GraniteNodeDesk,1-369-799-1580 ext. 22,hello@granitenodedesk.io,https://www.granitenodedesk.io,802,Munich,DE,2026-06-13 06:55:30
2026-06-13,MSP Platform,Lumen TriageDesk,(810) 710-9428,sales@lumentriagedesk.com,lumentriagedesk.com,38,Tampa,US,2026-06-13 02:29:54
2026-06-13,Medical,Apex ChartSphere,+1 (434) 682-0447,hello@apexchartsphere.com,https://www.apexchartsphere.com,N/A,Austin,US,2026-06-13 01:13:23
2026-06-13,Medical,GoldenPulse Base,+15592741320,info@goldenpulsebase.com,https://www.goldenpulsebase.com,6,Boston,US,2026-06-13 01:48:41
2026-06-13,HR,ZephyrPeopleFlow,+16245442574,hello@zephyrpeopleflow.com,https://zephyrpeopleflow.com,360,Dublin,IE,2026-06-13 05:04:22
2026-06-13,MSP Platform,Mosaic StackFlow,(595) 653-2815,contact@mosaicstackflow.com,https://www.mosaicstackflow.com,3572,Phoenix,US,2026-06-13 03:37:35
2026-06-13,HR,Arch OnboardBase,(759) 380-7827,sales@archonboardbase.com,https://www.archonboardbase.com,88,Columbus,US,2026-06-13 03:39:42
2026-06-13,MSP Platform,Crest MonitorDynamics,+18826119167,hello@crestmonitordynamics.io,https://www.crestmonitordynamics.io,12,Boston,US,2026-06-13 01:12:41
2026-06-13,Medical,Meta MedSolutions,972.423.9710,sales@metamedsolutions.net,https://www.metamedsolutions.net,44,Tampa,US,2026-06-13 01:28:40
2026-06-13,Legal,LumenClause Cloud,+1 (642) 821-2115,sales@lumenclausecloud.com,https://www.lumenclausecloud.com,19,Chicago,US,2026-06-13 03:25:53
2026-06-13,Legal,LumenCompliFlow,+17706532988,hello@lumencompliflow.com,lumencompliflow.com,24,Columbus,US,2026-06-13 04:23:29
2026-06-13,LMS,VeloTutor Point,(588) 751-7837,sales@velotutorpoint.io,https://www.velotutorpoint.io,14,Calgary,CA,2026-06-13 06:11:10
2026-06-13,LMS,Velo LessonSphere,762-698-0482 ext. 14,sales@velolessonsphere.co,https://velolessonsphere.co,976,Chicago,US,2026-06-13 04:21:16
2026-06-13,MSP Platform,GoldenRemoteDynamics,270-884-9544 ext. 22,info@goldenremotedynamics.com,goldenremotedynamics.com,336,Pune,IN,2026-06-13 04:48:32
2026-06-13,MSP Platform,SummitUptime Systems,8586664559,contact@summituptimesystems.co,https://www.summituptimesystems.co,375,Tampa,US,2026-06-13 03:25:47
2026-06-13,HR,OrbitBenefit Works,(897) 283-2875,info@orbitbenefitworks.co,https://www.orbitbenefitworks.co,70,Amsterdam,NL,2026-06-13 02:12:54
2026-06-13,Legal,CedarLawBase,3473903412,hello@cedarlawbase.com,https://www.cedarlawbase.com,339,Dublin,IE,2026-06-13 01:09:44
2026-06-13,Legal,RidgewayCompli App,3767015786,contact@ridgewaycompliapp.net,https://www.ridgewaycompliapp.net,40,Austin,US,2026-06-13 05:00:59
2026-06-13,MSP Platform,XenonMonitor Tech,941-248-0254,contact@xenonmonitortech.io,https://www.xenonmonitortech.io,784,Sydney,AU,2026-06-13 03:59:21
2026-06-13,ERP,NimbusResourceApp,+1 (859) 805-1210,info@nimbusresourceapp.com,https://www.nimbusresourceapp.com,188,N/A,US,2026-06-13 01:27:22
2026-06-13,ERP,CrownOrder Sync,338.330.6102,hello@crownordersync.com,https://www.crownordersync.com,13,Phoenix,US,2026-06-13 06:51:50
2026-06-13,LMS,Juniper CohortFlow,701-296-7299,hello@junipercohortflow.com,https://junipercohortflow.com,86,Tampa,US,2026-06-13 05:37:38
2026-06-13,MSP Platform,Crest GridPoint,+14382841936,hello@crestgridpoint.co,https://www.crestgridpoint.co,35,Columbus,US,2026-06-13 01:33:10
2026-06-13,Legal,LumenBriefSolutions,07187468236,hello@lumenbriefsolutions.com,https://www.lumenbriefsolutions.com,185,Seattle,US,2026-06-13 01:40:13
2026-06-13,Medical,FalconClinic Sphere,1-683-304-7520,contact@falconclinicsphere.com,https://falconclinicsphere.com,43,London,UK,2026-06-13 06:00:02
2026-06-13,HR,OnyxTalentSuite,934.550.4245,sales@onyxtalentsuite.net,https://www.onyxtalentsuite.net,3815,Columbus,US,2026-06-13 05:51:17
2026-06-13,Medical,Anchor PatientSphere,+13798457628,sales@anchorpatientsphere.io,anchorpatientsphere.io,188,Vancouver,CA,2026-06-13 04:39:33
2026-06-13,ERP,DeltaForgeWorks,1-539-804-1942,hello@deltaforgeworks.com,https://www.deltaforgeworks.com,223,Atlanta,US,2026-06-13 04:05:48
2026-06-13,LMS,Meta TrainSync,(823) 852-5645,,https://www.metatrainsync.io,248,Atlanta,US,2026-06-13 02:49:24
2026-06-13,MSP Platform,BeaconNode Cloud,879-931-9011,sales@beaconnodecloud.io,https://www.beaconnodecloud.io,139,Boston,US,2026-06-13 06:07:28
2026-06-13,HR,ZephyrBenefitBase,3918218522,info@zephyrbenefitbase.io,https://www.zephyrbenefitbase.io,197,Manchester,UK,2026-06-13 04:57:02
2026-06-13,ERP,Falcon LedgerSuite,214-290-1059,info@falconledgersuite.io,https://falconledgersuite.io,47,Hyderabad,IN,2026-06-13 03:29:59
2026-06-13,HR,VistaShift Systems,6843264526,info@vistashiftsystems.com,https://www.vistashiftsystems.com,91,Columbus,US,2026-06-13 04:24:17
2026-06-13,Legal,NorthBriefCore,+1 (896) 686-7640,contact@northbriefcore.com,https://www.northbriefcore.com,968,Austin,US,2026-06-13 02:04:58
2026-06-13,Medical,BoldVitalHub,(926) 491-4498,info@boldvitalhub.net,https://www.boldvitalhub.net,28,Columbus,US,2026-06-13 04:37:48
2026-06-13,ERP,Zephyr ForgeBase,(579) 431-8990 ext. 60,hello@zephyrforgebase.net,zephyrforgebase.net,25,Atlanta,US,2026-06-13 04:01:31
2026-06-13,HR,BeaconCulture Flow,+14339105518,hello@beaconcultureflow.com,https://www.beaconcultureflow.com,8,Austin,US,2026-06-13 06:42:43
2026-06-13,HR,BoldTalent Systems,409.839.9144,contact@boldtalentsystems.co,https://boldtalentsystems.co,30,Berlin,DE,2026-06-13 05:08:42
2026-06-13,ERP,Core StockPoint,+14356687888,info@corestockpoint.co,https://www.corestockpoint.co,182,Chicago,US,2026-06-13 01:50:11
2026-06-13,Legal,Xenon VerdictSolutions,1-627-457-3507,hello@xenonverdictsolutions.io,https://www.xenonverdictsolutions.io,970,Denver,US,2026-06-13 02:33:47
2026-06-13,ERP,OrbitFinWorks,(819) 205-8433,contact@orbitfinworks.com,https://orbitfinworks.com,8,Columbus,US,2026-06-13 04:38:43
2026-06-13,MSP Platform,AtlasNodeHub,650-604-8332,contact@atlasnodehub.io,https://atlasnodehub.io,14,Boston,US,2026-06-13 03:09:47
2026-06-13,Medical,Apex VitalSoft,770-365-3582,hello@apexvitalsoft.net,https://www.apexvitalsoft.net,78,Austin,US,2026-06-13 01:43:32
2026-06-13,Medical,VistaForge Sphere,227-826-4136 ext. 72,sales@vistaforgesphere.io,https://vistaforgesphere.io,85,Chicago,US,2026-06-13 05:49:33
2026-06-13,HR,HarborBenefitSync,(720) 891-2060,contact@harborbenefitsync.co,https://www.harborbenefitsync.co,40,Seattle,US,2026-06-13 02:17:46
2026-06-13,Medical,OmniTriage Solutions,430.338.9227,contact@omnitriagesolutions.com,https://www.omnitriagesolutions.com,24,Singapore,SG,2026-06-13 04:28:05
2026-06-13,MSP Platform,NorthPatchSuite,(716) 760-5930,sales@northpatchsuite.net,https://northpatchsuite.net,9,Denver,US,2026-06-13 02:54:12
2026-06-13,Medical,Raven ChartDesk,+18394259383,hello@ravenchartdesk.com,ravenchartdesk.com,300,Leeds,UK,2026-06-13 03:02:08
2026-06-13,ERP,GraniteFin Labs,489-512-9069,sales@granitefinlabs.io,granitefinlabs.io,50,Chicago,US,2026-06-13 06:02:38
2026-06-13,HR,EmberPerformSystems,+17167033144,contact@emberperformsystems.io,https://www.emberperformsystems.io,71,Melbourne,AU,2026-06-13 05:44:30
2026-06-13,Medical,QuantumRx Flow,966-430-8415,sales@quantumrxflow.io,https://www.quantumrxflow.io,46,Seattle,US,2026-06-13 06:25:48
2026-06-13,HR,Solid ShiftLogic,+16005981145,hello@solidshiftlogic.com,https://www.solidshiftlogic.com,78,London,UK,2026-06-13 05:59:10
2026-06-13,ERP,FalconBatchDesk,(872) 857-7826,hello@falconbatchdesk.io,falconbatchdesk.io,59,Austin,US,2026-06-13 04:56:07
2026-06-13,Medical,KeystoneVitalDesk,340-967-7923,contact@keystonevitaldesk.com,keystonevitaldesk.com,6,Chicago,US,2026-06-13 03:11:37
2026-06-13,Medical,RavenClinicSoft,4216178926,sales@ravenclinicsoft.co,https://ravenclinicsoft.co,7,Tampa,US,2026-06-13 05:03:18
2026-06-13,HR,HaloPayrollDynamics,3254292822,info@halopayrolldynamics.com,https://halopayrolldynamics.com,951,Sydney,AU,2026-06-13 05:35:28
2026-06-13,MSP Platform,QuartzEndpoint Flow,597.257.3069,info@quartzendpointflow.com,quartzendpointflow.com,516,Denver,US,2026-06-13 05:04:23
2026-06-13,ERP,BeaconOrder Systems,+13958883468,hello@beaconordersystems.com,beaconordersystems.com,322,Bengaluru,IN,2026-06-13 06:27:55
2026-06-13,Medical,SableHealthWorks,(860) 657-9539,info@sablehealthworks.com,sablehealthworks.com,536,Toronto,CA,2026-06-13 06:39:17
2026-06-13,Legal,Mosaic FilingPoint,(927) 868-6934,info@mosaicfilingpoint.io,mosaicfilingpoint.io,370,Hyderabad,IN,2026-06-13 04:35:21
2026-06-13,Medical,Juniper ChartDynamics,(636) 345-5291,info@juniperchartdynamics.com,https://www.juniperchartdynamics.com,216,Columbus,US,2026-06-13 02:56:02
2026-06-13,ERP,GoldenStock Cloud,+19334581431,sales@goldenstockcloud.com,https://www.goldenstockcloud.com,22,Columbus,US,2026-06-13 02:54:29
2026-06-13,HR,Zephyr TeamLogic,+15843378614,info@zephyrteamlogic.com,https://www.zephyrteamlogic.com,45,Seattle,US,2026-06-13 01:46:05
2026-06-13,Medical,PrimePatient Solutions,(615) 916-8915,sales@primepatientsolutions.com,primepatientsolutions.com,164,Denver,US,2026-06-13 04:30:54
2026-06-13,HR,Raven TalentCloud,1-799-969-3506,info@raventalentcloud.com,https://www.raventalentcloud.com,43,Columbus,US,2026-06-13 05:04:07
2026-06-13,Medical,Silver CareSuite,921.836.6027,info@silvercaresuite.com,https://www.silvercaresuite.com,6,Seattle,US,2026-06-13 04:52:14
2026-06-13,Legal,Ridge FilingDynamics,(312) 347-4466,info@ridgefilingdynamics.io,https://www.ridgefilingdynamics.io,13,Chicago,US,2026-06-13 01:09:50
2026-06-13,MSP Platform,RapidUptime Sphere,575-208-1002,hello@rapiduptimesphere.com,rapiduptimesphere.com,180,Chicago,US,2026-06-13 02:42:14
2026-06-13,Legal,EmberBriefDynamics,1-863-516-3679,info@emberbriefdynamics.net,https://www.emberbriefdynamics.net,22,Boston,US,2026-06-13 03:25:36
2026-06-13,HR,Raven PeopleApp,907.927.1026,sales@ravenpeopleapp.com,ravenpeopleapp.com,76,Chicago,US,2026-06-13 05:27:55
2026-06-13,LMS,PolarisTutor Platform,829-312-0009,contact@polaristutorplatform.net,polaristutorplatform.net,195,Seattle,US,2026-06-13 04:11:32
2026-06-13,MSP Platform,GoldenGrid Base,(439) 511-4864,contact@goldengridbase.com,https://goldengridbase.com,112,Vancouver,CA,2026-06-13 05:57:25
2026-06-13,Medical,ApexHealth Solutions,1-458-762-9663,sales@apexhealthsolutions.com,https://apexhealthsolutions.com,25,Austin,US,2026-06-13 01:05:01
2026-06-13,Legal,NorthClauseSoft,703-338-7180 ext. 9,hello@northclausesoft.io,https://www.northclausesoft.io,34,Atlanta,US,2026-06-13 02:38:47
2026-06-13,MSP Platform,FalconPatch Sphere,(745) 732-0618,info@falconpatchsphere.net,https://falconpatchsphere.net,205,Melbourne,AU,2026-06-13 02:01:12
2026-06-13,HR,ClearBenefit Base,1-893-556-8038,sales@clearbenefitbase.net,https://www.clearbenefitbase.net,11,Amsterdam,NL,2026-06-13 05:08:52
2026-06-13,Legal,MetaLawCloud,(269) 848-3020,contact@metalawcloud.com,https://www.metalawcloud.com,296,Calgary,CA,2026-06-13 01:01:45
2026-06-13,HR,Velo PeopleSphere,+1 (480) 475-4010,hello@velopeoplesphere.io,velopeoplesphere.io,N/A,Karachi,PK,2026-06-13 03:31:02
2026-06-13,ERP,Tidal LedgerApp,+17632445197,hello@tidalledgerapp.net,https://www.tidalledgerapp.net,40,Seattle,US,2026-06-13 03:15:29
2026-06-13,HR,LumenTeamPlatform,+13236237274,contact@lumenteamplatform.com,https://www.lumenteamplatform.com,179,Hyderabad,IN,2026-06-13 04:46:38
2026-06-13,HR,KeystoneTeam Core,+13917905975 ext. 12,sales@keystoneteamcore.com,keystoneteamcore.com,83,Denver,US,2026-06-13 02:41:35
2026-06-13,Medical,Onyx ChartPlatform,549-692-4088,info@onyxchartplatform.io,onyxchartplatform.io,9,Boston,US,2026-06-13 01:33:16
2026-06-13,ERP,Nimbus ForgeCloud,+16644469982,-,https://www.nimbusforgecloud.io,37,Seattle,US,2026-06-13 04:32:22
2026-06-13,Medical,Tidal CareDynamics,939-724-3162,hello@tidalcaredynamics.com,https://www.tidalcaredynamics.com,218,Amsterdam,NL,2026-06-13 04:50:10
2026-06-13,ERP,Xenon ResourceSystems,(570) 412-4676,hello@xenonresourcesystems.co,https://www.xenonresourcesystems.co,27,Tampa,US,2026-06-13 06:41:49
2026-06-13,ERP,Iron StockSync,(282) 326-1539 ext. 40,hello@ironstocksync.com,https://www.ironstocksync.com,863,Munich,DE,2026-06-13 01:28:35
2026-06-13,ERP,Orbit LedgerWorks,+17029704109,sales@orbitledgerworks.com,https://www.orbitledgerworks.com,10,Columbus,US,2026-06-13 02:01:56
2026-06-13,Medical,ArchRx Works,688-898-4953,sales@archrxworks.com,https://www.archrxworks.com,27,Bengaluru,IN,2026-06-13 02:25:39
2026-06-13,ERP,SummitOps Soft,03957699696,hello@summitopssoft.com,https://summitopssoft.com,2139,Raleigh,US,2026-06-13 03:11:48
2026-06-13,LMS,North CohortSphere,+1 (736) 709-1170,sales@northcohortsphere.io,https://www.northcohortsphere.io,211,Hyderabad,IN,2026-06-13 06:28:01
2026-06-13,ERP,HaloOps Sphere,(982) 988-6301,info@haloopssphere.co,haloopssphere.co,7,London,UK,2026-06-13 06:36:09
2026-06-13,HR,Raven TalentCore,(549) 899-1858,contact@raventalentcore.com,https://raventalentcore.com,123,Raleigh,US,2026-06-13 04:43:04
2026-06-13,ERP,Ember Order Staffing,973-623-0296,N/A,https://www.emberorderstaffing.net,318,Chicago,US,2026-06-13 06:21:16
2026-06-13,ERP,Arch StockLogic,2695084851,info@archstocklogic.io,https://archstocklogic.io,545,Raleigh,US,2026-06-13 01:50:36
2026-06-13,HR,TrueTeam Cloud,(657) 767-9619,info@trueteamcloud.io,https://www.trueteamcloud.io,17,Atlanta,US,2026-06-13 01:23:56
2026-06-13,Legal,Pivot CaseSystems,+12123379130,sales@pivotcasesystems.com,pivotcasesystems.com,231,Austin,US,2026-06-13 02:26:27
2026-06-13,MSP Platform,Core NodeSphere,(910) 820-3028 ext. 51,hello@corenodesphere.co,corenodesphere.co,21,Phoenix,US,2026-06-13 05:33:39
2026-06-13,MSP Platform,CrestStack Logic,(965) 521-7546,contact@creststacklogic.com,https://www.creststacklogic.com,55,Austin,US,2026-06-13 03:47:08
2026-06-13,Medical,Anchor MedSphere,8574189725,sales@anchormedsphere.com,https://anchormedsphere.com,229,Denver,US,2026-06-13 05:11:23
2026-06-13,Legal,XenonCounsel Soft,(873) 814-6970 ext. 95,info@xenoncounselsoft.io,https://www.xenoncounselsoft.io,11,Manchester,UK,2026-06-13 02:56:36
2026-06-13,Legal,VistaFilingBase,1-902-921-9466,info@vistafilingbase.com,https://www.vistafilingbase.com,318,Bengaluru,IN,2026-06-13 01:26:21
2026-06-13,HR,SolidCultureSystems,4102850064,info@solidculturesystems.com,https://www.solidculturesystems.com,121,Raleigh,US,2026-06-13 06:14:31
2026-06-13,ERP,SableOps Solutions,233-973-3620,contact@sableopssolutions.com,sableopssolutions.com,148,Columbus,US,2026-06-13 03:05:17
2026-06-13,MSP Platform,BoldNetDesk,+17966856171,hello@boldnetdesk.com,https://www.boldnetdesk.com,53,Raleigh,US,2026-06-13 06:46:08
2026-06-13,ERP,QuantumStock Base,(806) 586-4726,sales@quantumstockbase.com,https://quantumstockbase.com,119,Munich,DE,2026-06-13 03:21:32
2026-06-13,LMS,MetaLearn Base,+19223670253,info@metalearnbase.com,https://www.metalearnbase.com,380,Karachi,PK,2026-06-13 02:33:02
2026-06-13,ERP,Polaris LedgerSphere,(657) 869-2735,hello@polarisledgersphere.co,https://www.polarisledgersphere.co,693,Tampa,US,2026-06-13 01:08:55
2026-06-13,Medical,Mosaic Patient Recruiting,(634) 683-4655,hello@mosaicpatientrecruiting.com,mosaicpatientrecruiting.com,356,Boston,US,2026-06-13 01:54:39
2026-06-13,HR,PolarisBenefitCloud,204-953-3600,N/A,polarisbenefitcloud.com,453,Phoenix,US,2026-06-13 03:53:22
2026-06-13,MSP Platform,ApexGridBase,298-315-4327,hello@apexgridbase.com,https://www.apexgridbase.com,32,Boston,US,2026-06-13 06:10:21
2026-06-13,HR,DeltaTalent Solutions,(340) 532-3029,sales@deltatalentsolutions.io,https://www.deltatalentsolutions.io,583,Boston,US,2026-06-13 04:40:46
2026-06-13,Legal,UmbraDocket Point,769-304-3972,hello@umbradocketpoint.io,https://www.umbradocketpoint.io,29,Raleigh,US,2026-06-13 06:40:51
2026-06-13,Legal,MetaFiling Systems,527-299-1671,hello@metafilingsystems.net,https://metafilingsystems.net,7,Tampa,US,2026-06-13 03:07:03
2026-06-13,HR,CédarCulture Point,1-892-243-7829,sales@cedarculturepoint.io,cedarculturepoint.io,50,Tampa,US,2026-06-13 01:39:55
2026-06-13,LMS,Halo SkillHub,815.232.7462,info@haloskillhub.co,https://www.haloskillhub.co,99,Lahore,PK,2026-06-13 04:23:57
2026-06-13,Medical,PivotPulse Sync,3093993883,contact@pivotpulsesync.net,https://www.pivotpulsesync.net,6,Dublin,IE,2026-06-13 04:02:47
2026-06-13,ERP,QuantumBatch Suite,1-221-576-8186,hello@quantumbatchsuite.com,https://quantumbatchsuite.com,59,Bengaluru,IN,2026-06-13 02:53:32
2026-06-13,HR,NovaShift Works,476-412-2832,sales@novashiftworks.io,novashiftworks.io,26,Calgary,CA,2026-06-13 03:44:05
2026-06-13,Legal,CrownMatterHub,(225) 862-5796,info@crownmatterhub.io,https://www.crownmatterhub.io,5,Boston,US,2026-06-13 02:32:10
2026-06-13,ERP,PioneerPlanSphere,437-986-2053,sales@pioneerplansphere.com,pioneerplansphere.com,19,Seattle,US,2026-06-13 06:52:10
2026-06-13,ERP,CedarBatchDynamics,738-283-7590,hello@cedarbatchdynamics.com,https://www.cedarbatchdynamics.com,400,Raleigh,US,2026-06-13 05:29:39
2026-06-13,Legal,RidgewayClause App,+1 (386) 702-5045,contact@ridgewayclauseapp.com,https://www.ridgewayclauseapp.com,26,Austin,US,2026-06-13 01:18:14
2026-06-13,ERP,QuantumOrder Cloud,2052107661,hello@quantumordercloud.co,https://www.quantumordercloud.co,196,Karachi,PK,2026-06-13 04:36:50
2026-06-13,Medical,LatticeTriageSync,(466) 476-5942,contact@latticetriagesync.com,latticetriagesync.com,497,Seattle,US,2026-06-13 01:05:57
2026-06-13,LMS,OmniPath Cloud,5384300382,hello@omnipathcloud.io,https://omnipathcloud.io,5,Austin,US,2026-06-13 04:01:41
2026-06-13,HR,BrightPeople Works,(387) 373-0033,hello@brightpeopleworks.com,https://www.brightpeopleworks.com,311,Berlin,DE,2026-06-13 04:43:32
2026-06-13,MSP Platform,Ridgeway PatchPoint,(588) 331-2172,hello@ridgewaypatchpoint.co,https://www.ridgewaypatchpoint.co,106,Calgary,CA,2026-06-13 03:13:41
2026-06-13,Legal,ZenVerdict Solutions,1-653-292-2579,hello@zenverdictsolutions.com,https://zenverdictsolutions.com,54,Atlanta,US,2026-06-13 04:04:18
2026-06-13,ERP,IndigoResource Flow,2765792008,contact@indigoresourceflow.com,https://www.indigoresourceflow.com,123,Boston,US,2026-06-13 02:58:17
2026-06-13,ERP,MetaResource Flow,941-984-7662,hello@metaresourceflow.co,https://www.metaresourceflow.co,66,Columbus,US,2026-06-13 01:46:06
2026-06-13,LMS,XenonMentorLogic,218.640.2458,contact@xenonmentorlogic.com,https://www.xenonmentorlogic.com,19,London,UK,2026-06-13 03:39:19
2026-06-13,ERP,Harbor BatchTech,758.669.0170,hello@harborbatchtech.io,https://harborbatchtech.io,389,Toronto,CA,2026-06-13 03:50:25
2026-06-13,Legal,CrestBriefApp,(545) 772-4092,hello@crestbriefapp.net,https://www.crestbriefapp.net,200,N/A,CA,2026-06-13 02:01:02
2026-06-13,Medical,TidalPatientSoft,393-994-2165,info@tidalpatientsoft.com,https://www.tidalpatientsoft.com,883,Hyderabad,IN,2026-06-13 02:03:13
2026-06-13,MSP Platform,MosaicTicketTech,+18567701004 ext. 63,contact@mosaictickettech.io,https://www.mosaictickettech.io,738,Hyderabad,IN,2026-06-13 05:08:55
2026-06-13,HR,MosaicCulture Desk,1-752-444-5950,info@mosaicculturedesk.io,https://mosaicculturedesk.io,26,Denver,US,2026-06-13 06:51:44
2026-06-13,LMS,Cobalt TrainTech,7885372449,,cobalttraintech.co,124,Tampa,US,2026-06-13 05:36:02
2026-06-13,LMS,ClearCourse Sync,964.289.6304,contact@clearcoursesync.net,https://clearcoursesync.net,38,Phoenix,US,2026-06-13 04:43:47
2026-06-13,Legal,Falcon DocketSoft,+18904887904,hello@falcondocketsoft.co,https://www.falcondocketsoft.co,10,-,CA,2026-06-13 02:27:03
2026-06-13,HR,MosaicRoster Cloud,+13858924334,sales@mosaicrostercloud.com,https://www.mosaicrostercloud.com,24,Raleigh,US,2026-06-13 01:10:43
2026-06-13,ERP,GraniteFin Core,(389) 906-0576,N/A,https://www.granitefincore.com,172,Columbus,US,2026-06-13 04:07:20
2026-06-13,HR,Polaris PayrollSuite,224-682-8162,hello@polarispayrollsuite.co,https://polarispayrollsuite.co,161,Boston,US,2026-06-13 01:37:16
2026-06-13,MSP Platform,Indigo TicketSync,950-796-8037,sales@indigoticketsync.com,https://www.indigoticketsync.com,96,Boston,US,2026-06-13 03:37:42
2026-06-13,ERP,ArchLedger Logic,(460) 542-4997,info@archledgerlogic.com,https://archledgerlogic.com,8,Phoenix,US,2026-06-13 03:13:18
2026-06-13,Legal,Zen VerdictDesk,+13417075281,sales@zenverdictdesk.io,https://www.zenverdictdesk.io,308,Dublin,IE,2026-06-13 01:36:57
2026-06-13,Legal,CrownDocketDesk,808-441-6971,hello@crowndocketdesk.com,crowndocketdesk.com,7,Sydney,AU,2026-06-13 03:06:05
2026-06-13,MSP Platform,VeloNetWorks,+18042659040,sales@velonetworks.com,https://www.velonetworks.com,87,-,US,2026-06-13 01:14:46
2026-06-13,LMS,BlueQuizCore,1-208-352-7239,hello@bluequizcore.io,https://www.bluequizcore.io,94,Hyderabad,IN,2026-06-13 03:53:14
2026-06-13,ERP,Crown PlanLogic,8546705863,hello@crownplanlogic.com,https://www.crownplanlogic.com,8,Phoenix,US,2026-06-13 01:45:10
2026-06-13,HR,AltaPeopleCore,239-843-4934,contact@altapeoplecore.net,https://www.altapeoplecore.net,35,Atlanta,US,2026-06-13 06:25:27
2026-06-13,HR,Pioneer PayrollDynamics,6349025802,info@pioneerpayrolldynamics.com,https://www.pioneerpayrolldynamics.com,89,Denver,US,2026-06-13 02:52:05
2026-06-13,ERP,ApexForgeApp,(710) 965-7364,hello@apexforgeapp.com,https://www.apexforgeapp.com,13,Manchester,UK,2026-06-13 05:54:34
2026-06-13,MSP Platform,ZephyrNet Systems,7256547978,contact@zephyrnetsystems.io,https://www.zephyrnetsystems.io,221,Phoenix,US,2026-06-13 06:01:16
2026-06-13,HR,Halo CulturePoint,874.453.7993,hello@haloculturepoint.com,https://www.haloculturepoint.com,29,Phoenix,US,2026-06-13 06:44:00
2026-06-13,ERP,OnyxBatchLabs,1-507-424-2819,info@onyxbatchlabs.io,https://onyxbatchlabs.io,132,Atlanta,US,2026-06-13 06:46:06
2026-06-13,MSP Platform,Summit StackSphere,(625) 317-7910,sales@summitstacksphere.com,https://www.summitstacksphere.com,13,Austin,US,2026-06-13 02:51:14
2026-06-13,ERP,PivotBatchLabs,727.413.5000,hello@pivotbatchlabs.com,https://www.pivotbatchlabs.com,35,Denver,US,2026-06-13 04:57:45
2026-06-13,ERP,BoldPlan Point,09169652810,sales@boldplanpoint.io,boldplanpoint.io,517,Boston,US,2026-06-13 03:41:08
2026-06-13,ERP,RidgewayOps Sync,7032454831,contact@ridgewayopssync.io,https://www.ridgewayopssync.io,68,Amsterdam,NL,2026-06-13 01:28:52
2026-06-13,Medical,ArchRx Logic,+14864159179,sales@archrxlogic.com,https://www.archrxlogic.com,210,Austin,US,2026-06-13 04:56:47
2026-06-13,Legal,AtlasCompli Desk,350.410.1738,info@atlascomplidesk.com,https://www.atlascomplidesk.com,25,Phoenix,US,2026-06-13 01:06:24
2026-06-13,MSP Platform,NovaNode Base,4948312257,sales@novanodebase.co,novanodebase.co,44,Melbourne,AU,2026-06-13 04:07:04
2026-06-13,Medical,VertexPatientWorks,598-208-9634 ext. 17,sales@vertexpatientworks.io,https://www.vertexpatientworks.io,33,Denver,US,2026-06-13 03:05:09
2026-06-13,Medical,FalconTriage Sync,1-801-770-0649,sales@falcontriagesync.net,https://www.falcontriagesync.net,19,Pune,IN,2026-06-13 03:08:58
2026-06-13,Legal,TidalCounsel Base,+1 (398) 696-5373 ext. 39,info@tidalcounselbase.com,https://www.tidalcounselbase.com,43,Phoenix,US,2026-06-13 03:06:43
2026-06-13,Medical,Rapid HealthHub,4303211726,info@rapidhealthhub.io,https://www.rapidhealthhub.io,33,Vancouver,CA,2026-06-13 06:59:45
2026-06-13,ERP,Granite ForgeSync,1-888-521-9081,sales@graniteforgesync.com,https://graniteforgesync.com,N/A,Manchester,UK,2026-06-13 02:06:49
2026-06-13,HR,CobaltRoster Tech,9748408364,hello@cobaltrostertech.com,https://www.cobaltrostertech.com,2333,Atlanta,US,2026-06-13 05:48:30
2026-06-13,ERP,Pioneer ForgePoint,1-607-785-5485,hello@pioneerforgepoint.com,https://www.pioneerforgepoint.com,135,Boston,US,2026-06-13 04:56:14
2026-06-13,ERP,AltaResourceSphere,5567756953,contact@altaresourcesphere.com,https://www.altaresourcesphere.com,35,Austin,US,2026-06-13 03:38:15
2026-06-13,ERP,CrownForge Cloud,1-382-970-7291,sales@crownforgecloud.co,https://crownforgecloud.co,266,Austin,US,2026-06-13 02:20:51
2026-06-13,HR,GraniteBenefitLogic,+12197399466,hello@granitebenefitlogic.io,https://granitebenefitlogic.io,51,Columbus,US,2026-06-13 02:52:36
2026-06-13,ERP,Core LedgerCore,6069310275,info@coreledgercore.com,https://www.coreledgercore.com,51,Chicago,US,2026-06-13 02:06:14
2026-06-13,ERP,Zen OpsSystems,1-723-454-8428,info@zenopssystems.com,https://www.zenopssystems.com,5,Atlanta,US,2026-06-13 05:57:55
2026-06-13,MSP Platform,Ember EndpointBase,781-341-5701,hello@emberendpointbase.com,https://www.emberendpointbase.com,N/A,N/A,US,2026-06-13 05:00:07
2026-06-13,ERP,Lumen LedgerHub,230-730-3424,info@lumenledgerhub.com,https://www.lumenledgerhub.com,252,Dublin,IE,2026-06-13 05:22:34
2026-06-13,MSP Platform,North TicketSoft,471-309-1077,info@northticketsoft.com,https://www.northticketsoft.com,252,Boston,US,2026-06-13 05:50:36
2026-06-13,HR,Beacon’s TalentApp,1-801-582-3846,hello@beacontalentapp.com,https://www.beacontalentapp.com,124,Singapore,SG,2026-06-13 06:18:49
2026-06-13,MSP Platform,HarborPatchTech,(305) 650-8133,sales@harborpatchtech.net,https://www.harborpatchtech.net,11,Dublin,IE,2026-06-13 01:07:54
2026-06-13,HR,Iron TalentSoft,+17017088361,hello@irontalentsoft.co,https://www.irontalentsoft.co,220,Calgary,CA,2026-06-13 06:59:56
2026-06-13,MSP Platform,Apex StackLogic,(766) 890-9189,contact@apexstacklogic.net,https://apexstacklogic.net,9,Phoenix,US,2026-06-13 01:36:04
2026-06-13,ERP,JuniperLedgerSphere,216-669-6283,sales@juniperledgersphere.com,https://juniperledgersphere.com,163,Columbus,US,2026-06-13 01:56:58
2026-06-13,HR,Beacon BenefitSolutions,515-284-5989,sales@beaconbenefitsolutions.com,https://www.beaconbenefitsolutions.com,680,Dublin,IE,2026-06-13 06:12:35
2026-06-13,Medical,XenonCare Hub,+1 (883) 544-1427,info@xenoncarehub.net,https://xenoncarehub.net,556,Toronto,CA,2026-06-13 05:36:13
2026-06-13,ERP,North LedgerCore,602-429-4814,sales@northledgercore.co,northledgercore.co,171,Toronto,CA,2026-06-13 06:31:08
2026-06-13,Legal,AltaVerdictLabs,504.478.2372,sales@altaverdictlabs.com,https://altaverdictlabs.com,1170,Columbus,US,2026-06-13 06:58:45
2026-06-13,ERP,Apex ResourceSuite,432.628.9415,hello@apexresourcesuite.com,https://www.apexresourcesuite.com,61,Phoenix,US,2026-06-13 05:40:11
2026-06-13,MSP Platform,PivotUptime Works,+17642894842,info@pivotuptimeworks.com,https://www.pivotuptimeworks.com,31,Seattle,US,2026-06-13 03:17:22
2026-06-13,MSP Platform,Meta StackLogic,571-843-4973,contact@metastacklogic.com,https://metastacklogic.com,26,Tampa,US,2026-06-13 05:52:32
2026-06-13,HR,PioneerCulture Labs,562-766-7481,hello@pioneerculturelabs.io,https://www.pioneerculturelabs.io,429,Seattle,US,2026-06-13 03:12:37
2026-06-13,ERP,Nimbus’s OpsWorks,938.613.2453,sales@nimbusopsworks.com,https://nimbusopsworks.com,26,Calgary,CA,2026-06-13 05:36:45
2026-06-13,Medical,XenonHealth Suite,(592) 574-1971,-,https://www.xenonhealthsuite.io,55,Pune,IN,2026-06-13 04:21:32
2026-06-13,Medical,LumenChart Systems,(817) 474-0783,sales@lumenchartsystems.io,https://lumenchartsystems.io,544,Raleigh,US,2026-06-13 02:44:07
2026-06-13,HR,Ridge PerformHub,905.682.7584,hello@ridgeperformhub.co,ridgeperformhub.co,9,Pune,IN,2026-06-13 05:40:36
2026-06-13,MSP Platform,ClearRemotePoint,710.887.9289,contact@clearremotepoint.net,https://www.clearremotepoint.net,31,Raleigh,US,2026-06-13 04:34:57
2026-06-13,MSP Platform,SilvérPatchLogic,466.878.5748,hello@silverpatchlogic.com,https://www.silverpatchlogic.com,14,Boston,US,2026-06-13 05:08:43
2026-06-13,MSP Platform,UmbraTicket’s Base,+17165848452,hello@umbraticketbase.com,https://umbraticketbase.com,11,Denver,US,2026-06-13 05:37:16
2026-06-13,Medical,PioneerPulse Labs,703-913-2372,info@pioneerpulselabs.co,https://www.pioneerpulselabs.co,12,Denver,US,2026-06-13 01:10:12
2026-06-13,Legal,Ridgeway FilingTech,+17409920274,info@ridgewayfilingtech.net,https://www.ridgewayfilingtech.net,1544,Amsterdam,NL,2026-06-13 05:49:40
2026-06-13,ERP,TidalChain Desk,(666) 617-0258,info@tidalchaindesk.com,https://www.tidalchaindesk.com,2723,Chicago,US,2026-06-13 06:18:35
2026-06-13,HR,ZenTeam Flow,+19853865401,info@zenteamflow.co,https://www.zenteamflow.co,20,Austin,US,2026-06-13 06:26:36
2026-06-13,Legal,OmniMatterLogic,9649623532 ext. 95,contact@omnimatterlogic.net,https://www.omnimatterlogic.net,273,Chicago,US,2026-06-13 03:33:56
2026-06-13,Medical,Zen MedSuite,489.925.8501,hello@zenmedsuite.com,https://zenmedsuite.com,42,Boston,US,2026-06-13 06:03:06
2026-06-13,LMS,QuantumQuizApp,396-783-6460,contact@quantumquizapp.io,quantumquizapp.io,35,Toronto,CA,2026-06-13 05:22:11
2026-06-13,HR,BoldPayrollDynamics,(824) 345-2480,info@boldpayrolldynamics.com,https://www.boldpayrolldynamics.com,125,Tampa,US,2026-06-13 06:24:52
2026-06-13,ERP,HaloFin Tech,(623) 520-9248,hello@halofintech.com,https://www.halofintech.com,31,Columbus,US,2026-06-13 06:08:02
2026-06-13,MSP Platform,UmbraTicketWorks,+18734255642,contact@umbraticketworks.io,https://www.umbraticketworks.io,52,London,UK,2026-06-13 05:50:17
2026-06-13,ERP,Delta BatchSync,+14867270914,contact@deltabatchsync.net,https://www.deltabatchsync.net,214,Leeds,UK,2026-06-13 05:46:05
2026-06-13,Medical,NovaMedPoint,(743) 333-5336,hello@novamedpoint.io,https://www.novamedpoint.io,442,-,US,2026-06-13 03:54:11
2026-06-13,Legal,Arch CompliDesk,1-969-278-4614,N/A,https://www.archcomplidesk.com,42,Toronto,CA,2026-06-13 01:06:12
2026-06-13,ERP,EmberPlanHub,6832437536,sales@emberplanhub.com,https://www.emberplanhub.com,3366,Atlanta,US,2026-06-13 04:43:58
2026-06-13,Legal,PivotFilingHub,583-797-6807,hello@pivotfilinghub.com,https://pivotfilinghub.com,13,Columbus,US,2026-06-13 01:36:45
2026-06-13,Medical,Omni OpsLogic,1-553-398-0564,sales@omniopslogic.net,https://omniopslogic.net,null,London,UK,2026-06-13 01:51:50
2026-06-13,MSP Platform,PivotMonitorPoint,844-934-7720,info@pivotmonitorpoint.com,https://pivotmonitorpoint.com,7,Denver,US,2026-06-13 06:55:18
2026-06-13,ERP,NovaOrderPoint,9755157831 ext. 45,hello@novaorderpoint.com,https://www.novaorderpoint.com,33,Denver,US,2026-06-13 01:05:44
2026-06-13,LMS,Halo TrainApp,+16393772739,hello@halotrainapp.net,https://www.halotrainapp.net,776,Boston,US,2026-06-13 03:31:03
2026-06-13,ERP,BrightChainSolutions,788.662.1849 ext. 30,info@brightchainsolutions.co,https://www.brightchainsolutions.co,35,N/A,PK,2026-06-13 04:15:03
2026-06-13,ERP,ClearForgeCloud,+17265820515,info@clearforgecloud.com,https://www.clearforgecloud.com,167,Manchester,UK,2026-06-13 01:39:14
2026-06-13,MSP Platform,Rapid’s RemoteDesk,899.753.9112,info@rapidremotedesk.com,https://www.rapidremotedesk.com,3301,Tampa,US,2026-06-13 03:25:02
2026-06-13,MSP Platform,Alta Node BPO Services,(647) 829-3011,info@altanodebposervices.co,https://altanodebposervices.co,209,Phoenix,US,2026-06-13 06:46:20
2026-06-13,ERP,Apex PlanCloud,+1 (827) 351-2823,contact@apexplancloud.com,https://www.apexplancloud.com,29,Boston,US,2026-06-13 01:32:48
2026-06-13,HR,HarborPayrollPoint,9028395421,sales@harborpayrollpoint.com,https://www.harborpayrollpoint.com,173,Melbourne,AU,2026-06-13 06:58:18
2026-06-13,LMS,Raven PerformCloud,+17938475118,info@ravenperformcloud.com,https://ravenperformcloud.com,46,Raleigh,US,2026-06-13 03:50:18
2026-06-13,LMS,Atlas TrainApp,524-696-4938,contact@atlastrainapp.com,https://www.atlastrainapp.com,202,Amsterdam,NL,2026-06-13 04:27:50
2026-06-13,Legal,Quartz CounselWorks,(718) 521-0375 ext. 35,sales@quartzcounselworks.com,https://www.quartzcounselworks.com,44,Columbus,US,2026-06-13 04:08:56
2026-06-13,ERP,NimbusLedgerTech,1-775-654-0902,hello@nimbusledgertech.com,https://www.nimbusledgertech.com,68,Toronto,CA,2026-06-13 01:08:04
2026-06-13,LMS,LumenLearnSphere,+12735961265,sales@lumenlearnsphere.co,https://lumenlearnsphere.co,94,Amsterdam,NL,2026-06-13 06:20:18
2026-06-13,Legal,Vertex CounselSuite,+16798166821,info@vertexcounselsuite.net,https://www.vertexcounselsuite.net,N/A,Atlanta,US,2026-06-13 01:11:55
2026-06-13,HR,Polaris PeopleWorks,+1 (513) 723-6667,info@polarispeopleworks.net,https://www.polarispeopleworks.net,3449,Melbourne,AU,2026-06-13 04:39:25
2026-06-13,ERP,Crown OpsBase,(625) 244-6751,-,https://www.crownopsbase.com,33,Amsterdam,NL,2026-06-13 03:53:33
2026-06-13,Legal,Pivot Counsel Talent Agency,(245) 760-1132,contact@pivotcounseltalentagency.com,pivotcounseltalentagency.com,411,Vancouver,CA,2026-06-13 02:54:30
2026-06-13,ERP,NorthResource Hub,290.717.2658,hello@northresourcehub.com,northresourcehub.com,940,Raleigh,US,2026-06-13 04:27:38
2026-06-13,Medical,AnchorPulseSync,1-484-977-2933,contact@anchorpulsesync.com,https://www.anchorpulsesync.com,16,Austin,US,2026-06-13 02:30:33
2026-06-13,HR,Indigo TalentSync,(209) 729-0961,contact@indigotalentsync.io,https://www.indigotalentsync.io,600,Chicago,US,2026-06-13 01:14:01
2026-06-13,LMS,SableMentor App,+18238605707 ext. 30,info@sablementorapp.com,https://sablementorapp.com,111,Bengaluru,IN,2026-06-13 03:19:10
2026-06-13,ERP,BrightForgeLogic,(633) 770-7572,contact@brightforgelogic.com,https://www.brightforgelogic.com,411,Manchester,UK,2026-06-13 03:41:16
2026-06-13,Legal,Atlas Brief Recruiting,+12888717548,sales@atlasbriefrecruiting.com,https://atlasbriefrecruiting.com,19,Manchester,UK,2026-06-13 05:13:07
2026-06-13,MSP Platform,IndigoGridBase,368.227.1961,contact@indigogridbase.net,https://www.indigogridbase.net,174,Berlin,DE,2026-06-13 03:23:46
2026-06-13,Medical,BoldPatient Point,+18057679661,info@boldpatientpoint.io,https://www.boldpatientpoint.io,30,Phoenix,US,2026-06-13 04:59:19
2026-06-13,MSP Platform,Onyx NodeSystems,1-944-814-4683,info@onyxnodesystems.com,https://www.onyxnodesystems.com,3597,Denver,US,2026-06-13 01:43:06
2026-06-13,Legal,IndigoCompliSoft,773-530-2280,hello@indigocomplisoft.com,https://indigocomplisoft.com,6,Atlanta,US,2026-06-13 05:00:42
2026-06-13,MSP Platform,MosaicRemoteSync,893.493.9644,hello@mosaicremotesync.com,mosaicremotesync.com,3359,Amsterdam,NL,2026-06-13 03:16:23
2026-06-13,ERP,FusionBatch Labs,2035155096,sales@fusionbatchlabs.com,https://www.fusionbatchlabs.com,10,Chicago,US,2026-06-13 03:40:38
2026-06-13,ERP,RapidChain Suite,+13197361159 ext. 93,contact@rapidchainsuite.com,https://www.rapidchainsuite.com,807,Raleigh,US,2026-06-13 04:02:18
2026-06-13,Medical,RapidTriageApp,(305) 284-2291,sales@rapidtriageapp.com,rapidtriageapp.com,175,Islamabad,PK,2026-06-13 02:29:11
2026-06-13,MSP Platform,PivotMonitorDynamics,9798225026,sales@pivotmonitordynamics.com,https://www.pivotmonitordynamics.com,N/A,Chicago,US,2026-06-13 02:18:34
2026-06-13,HR,PivotTalentWorks’s,+1 (702) 834-1429,info@pivottalentworks.com,https://www.pivottalentworks.com,2521,Atlanta,US,2026-06-13 02:42:28
2026-06-13,LMS,UmbraPath Base,4616434847,hello@umbrapathbase.com,https://umbrapathbase.com,27,Melbourne,AU,2026-06-13 01:52:48
2026-06-13,Legal,VertexMatter Cloud,1-645-978-5641,-,https://www.vertexmattercloud.co,44,Austin,US,2026-06-13 03:29:01
2026-06-13,ERP,EmberFin Flow,512.497.2280,sales@emberfinflow.com,https://www.emberfinflow.com,40,Boston,US,2026-06-13 06:56:28
2026-06-13,LMS,UmbraTutor Base,369-216-2716,contact@umbratutorbase.net,umbratutorbase.net,80,Seattle,US,2026-06-13 03:16:19
2026-06-13,ERP,LumenResource Logic,917.487.2412,hello@lumenresourcelogic.co,https://lumenresourcelogic.co,11,Amsterdam,NL,2026-06-13 03:54:03
2026-06-13,ERP,Rapid StockHub,+1 (342) 470-5391,sales@rapidstockhub.com,https://rapidstockhub.com,18,Atlanta,US,2026-06-13 02:14:38
2026-06-13,ERP,PivotOps Sync,+1 (571) 482-1857,hello@pivotopssync.com,pivotopssync.com,30,Boston,US,2026-06-13 03:26:16
2026-06-13,HR,NovaRoster Dynamics LLC,1-790-748-6552,hello@novarosterdynamics.io,https://www.novarosterdynamics.io,10,Boston,US,2026-06-13 05:08:29
2026-06-13,Medical,Lumen PatientApp,809-851-7283,info@lumenpatientapp.com,https://www.lumenpatientapp.com,1261,Amsterdam,NL,2026-06-13 04:29:29
2026-06-13,LMS,JuniperLearnLogic,585-569-6021,contact@juniperlearnlogic.co,https://www.juniperlearnlogic.co,67,Seattle,US,2026-06-13 02:26:55
2026-06-13,MSP Platform,Tidal NetSuite,+13458723382,sales@tidalnetsuite.com,https://www.tidalnetsuite.com,35,Sydney,AU,2026-06-13 01:18:29
2026-06-13,HR,GoldenRosterPoint,+14958136809,sales@goldenrosterpoint.io,https://www.goldenrosterpoint.io,266,Columbus,US,2026-06-13 06:44:37
2026-06-13,ERP,NorthFinHub,794-612-2863,info@northfinhub.com,https://northfinhub.com,2532,Phoenix,US,2026-06-13 02:52:40
2026-06-13,ERP,Blue OrderSolutions,249-808-5216,info@blueordersolutions.com,https://blueordersolutions.com,7,Denver,US,2026-06-13 05:46:25
2026-06-13,ERP,NovaFinFlow,2792315906,contact@novafinflow.com,https://novafinflow.com,N/A,London,UK,2026-06-13 04:32:36
2026-06-13,Medical,QuartzRxPlatform,346-566-8998,info@quartzrxplatform.com,https://www.quartzrxplatform.com,985,Manchester,UK,2026-06-13 01:07:53
2026-06-13,HR,KeystoneCulture Core,+13277881694,info@keystoneculturecore.com,https://www.keystoneculturecore.com,,Seattle,US,2026-06-13 05:13:21
2026-06-13,ERP,QuantumOrderApp,842-405-8425,info@quantumorderapp.co,https://www.quantumorderapp.co,37,Phoenix,US,2026-06-13 02:15:33
2026-06-13,ERP,Core ForgeSoft,649-422-1048,sales@coreforgesoft.net,https://coreforgesoft.net,87,Leeds,UK,2026-06-13 06:45:26
2026-06-13,Medical,CedarTriagePoint,9746805978 ext. 34,contact@cedartriagepoint.co,https://www.cedartriagepoint.co,1660,Denver,US,2026-06-13 04:34:54
2026-06-13,ERP,CrestForgeDesk,+1 (774) 821-4142,info@crestforgedesk.com,https://www.crestforgedesk.com,458,Bengaluru,IN,2026-06-13 05:56:17
2026-06-13,ERP,WillowLedgerPlatform,1-827-403-0663,hello@willowledgerplatform.co,https://www.willowledgerplatform.co,69,Denver,US,2026-06-13 03:20:44
2026-06-13,HR,Delta BenefitPlatform,690-555-7777 ext. 26,sales@deltabenefitplatform.com,https://www.deltabenefitplatform.com,131,Pune,IN,2026-06-13 06:44:25
2026-06-13,ERP,RapidPlan Sphere,9816797777,info@rapidplansphere.com,https://rapidplansphere.com,892,Austin,US,2026-06-13 06:27:19
2026-06-13,Medical,Lumen TriageDesk,(810) 710-9428 ext. 92,sales@lumentriagedesk.com,https://www.lumentriagedesk.com,38,Tampa,US,2026-06-13 04:59:04
2026-06-13,Medical,CoreHealthDesk,644-689-8944,contact@corehealthdesk.com,https://www.corehealthdesk.com,928,Tampa,US,2026-06-13 02:16:03
2026-06-13,HR,UmbraPayroll Desk,+13236986282,hello@umbrapayrolldesk.com,umbrapayrolldesk.com,20,Calgary,CA,2026-06-13 02:41:35
2026-06-13,MSP Platform,Cobalt MonitorBase,222-943-5660,contact@cobaltmonitorbase.com,https://www.cobaltmonitorbase.com,203,Columbus,US,2026-06-13 03:56:27
2026-06-13,Medical,UmbraPulse Solutions,1-483-813-9201,info@umbrapulsesolutions.io,https://www.umbrapulsesolutions.io,237,Boston,US,2026-06-13 05:07:02
2026-06-13,LMS,IndigoQuizLabs,(542) 655-3092,sales@indigoquizlabs.com,https://www.indigoquizlabs.com,162,Toronto,CA,2026-06-13 06:55:09
2026-06-13,ERP,OnyxChainPlatform,785-624-8383,sales@onyxchainplatform.net,https://www.onyxchainplatform.net,63,London,UK,2026-06-13 01:36:44
2026-06-13,MSP Platform,MetaTicketCloud,+15867020555,hello@metaticketcloud.com,https://www.metaticketcloud.com,4095,Phoenix,US,2026-06-13 01:43:08
2026-06-13,HR,NovaPayrollFlow,2175185181,contact@novapayrollflow.io,https://www.novapayrollflow.io,106,Sydney,AU,2026-06-13 02:39:24
2026-06-13,HR,MosaicShift Solutions,+1 (895) 377-5211,info@mosaicshiftsolutions.io,https://www.mosaicshiftsolutions.io,275,Columbus,US,2026-06-13 06:32:22
2026-06-13,ERP,UmbraVitalCore,+13404766410,contact@umbravitalcore.com,umbravitalcore.com,73,Denver,US,2026-06-13 04:24:26
2026-06-13,Legal,Silver BriefLogic,1-713-574-0432,info@silverbrieflogic.com,https://www.silverbrieflogic.com,759,Austin,US,2026-06-13 04:27:43
2026-06-13,Legal,KeystoneClause Base,1-925-226-2326,N/A,https://www.keystoneclausebase.io,37,Boston,US,2026-06-13 04:49:31
2026-06-13,HR,Nova CulturePoint,9239415415,info@novaculturepoint.com,novaculturepoint.com,205,Tampa,US,2026-06-13 01:32:37
2026-06-13,Medical,CoreVitalFlow,07293063484,info@corevitalflow.io,corevitalflow.io,87,Raleigh,US,2026-06-13 05:24:18
2026-06-13,Medical,OrbitHealth Point,+19128756620,contact@orbithealthpoint.com,orbithealthpoint.com,N/A,Singapore,SG,2026-06-13 06:51:21
2026-06-13,Legal,Fusion CaseSync,500-402-8939,contact@fusioncasesync.com,https://www.fusioncasesync.com,25,Boston,US,2026-06-13 01:39:08
2026-06-13,MSP Platform,BrightNet Dynamics,3517562464,contact@brightnetdynamics.com,https://www.brightnetdynamics.com,7,Atlanta,US,2026-06-13 03:37:16
2026-06-13,Legal,Cedar DocketCloud,(694) 598-8778,hello@cedardocketcloud.com,https://www.cedardocketcloud.com,498,Amsterdam,NL,2026-06-13 01:45:59
2026-06-13,HR,CoreOnboard Suite,6466553731,contact@coreonboardsuite.io,https://coreonboardsuite.io,12,Pune,IN,2026-06-13 01:45:13
2026-06-13,ERP,Velo OrderDesk,754-595-5610,sales@veloorderdesk.io,https://www.veloorderdesk.io,421,Raleigh,US,2026-06-13 03:05:44
2026-06-13,Medical,RavenTriage Base,(705) 268-3217,info@raventriagebase.co,raventriagebase.co,150,Austin,US,2026-06-13 03:39:17
2026-06-13,ERP,PolarisFinDesk,+18056642169 ext. 85,sales@polarisfindesk.com,https://www.polarisfindesk.com,2098,Karachi,PK,2026-06-13 01:42:45
2026-06-13,ERP,BoldResourceSystems,+1 (716) 536-2857,sales@boldresourcesystems.io,https://www.boldresourcesystems.io,14,Phoenix,US,2026-06-13 03:18:09
2026-06-13,MSP Platform,BeaconRemoteFlow,+18568317649,sales@beaconremoteflow.io,https://beaconremoteflow.io,208,N/A,US,2026-06-13 04:43:28
2026-06-13,ERP,Cobalt LedgerSystems,+19224795823 ext. 31,contact@cobaltledgersystems.net,https://www.cobaltledgersystems.net,392,Denver,US,2026-06-13 06:54:16
2026-06-13,Medical,FalconHealthHub,+14078100553,info@falconhealthhub.io,falconhealthhub.io,3397,Raleigh,US,2026-06-13 06:44:24
2026-06-13,Medical,Bold Clinic Outsourcing,324-721-3459,info@boldclinicoutsourcing.net,https://www.boldclinicoutsourcing.net,17,N/A,US,2026-06-13 05:29:39
2026-06-13,HR,ClearBenefit Point,+1 (779) 843-6632,hello@clearbenefitpoint.io,https://www.clearbenefitpoint.io,17,Leeds,UK,2026-06-13 01:21:48
2026-06-13,LMS,Delta Skill Consulting Group,210.301.9454,contact@deltaskillconsultinggroup.net,https://deltaskillconsultinggroup.net,34,Columbus,US,2026-06-13 03:01:52
2026-06-13,MSP Platform,GraniteRemoteFlow,243-241-4369,hello@graniteremoteflow.com,https://www.graniteremoteflow.com,720,Columbus,US,2026-06-13 01:33:36
2026-06-13,ERP,Umbra FinCore,+14179281484,sales@umbrafincore.com,https://umbrafincore.com,359,Seattle,US,2026-06-13 01:22:07
2026-06-13,HR,LumenCultureSystems,1-414-925-9947 ext. 22,info@lumenculturesystems.io,https://www.lumenculturesystems.io,236,Seattle,US,2026-06-13 01:13:14
2026-06-13,Medical,SableTriageApp,(451) 395-1434,hello@sabletriageapp.com,https://www.sabletriageapp.com,9,Toronto,CA,2026-06-13 04:17:16
2026-06-13,MSP Platform,RidgewayGrid Solutions,7835374706 ext. 99,contact@ridgewaygridsolutions.com,https://www.ridgewaygridsolutions.com,11,Vancouver,CA,2026-06-13 04:44:16
2026-06-13,ERP,BeaconForge Sphere,322-540-7400,sales@beaconforgesphere.io,https://www.beaconforgesphere.io,7,Phoenix,US,2026-06-13 04:20:17
2026-06-13,ERP,SolidOps Core,288.894.6052,hello@solidopscore.io,https://www.solidopscore.io,111,Amsterdam,NL,2026-06-13 03:13:47
2026-06-13,ERP,Atlas ResourceFlow,(541) 903-5940,info@atlasresourceflow.io,https://www.atlasresourceflow.io,37,Atlanta,US,2026-06-13 02:22:29
2026-06-13,Medical,ClearChart Platform,(896) 322-5532,hello@clearchartplatform.com,https://www.clearchartplatform.com,97,Seattle,US,2026-06-13 03:52:53
2026-06-13,ERP,WillowLedgerCloud,07687911440,hello@willowledgercloud.com,https://www.willowledgercloud.com,97,Manchester,UK,2026-06-13 05:58:38
2026-06-13,Legal,Core LawLabs,(783) 622-0484,contact@corelawlabs.co,https://www.corelawlabs.co,221,Bengaluru,IN,2026-06-13 02:35:29
2026-06-13,HR,QuartzPerformDesk,889.338.4180,sales@quartzperformdesk.co,https://www.quartzperformdesk.co,14,Tampa,US,2026-06-13 04:21:58
2026-06-13,ERP,Omni OpsPoint,+1 (579) 688-9745,hello@omniopspoint.io,https://www.omniopspoint.io,51,Karachi,PK,2026-06-13 02:52:14
2026-06-13,ERP,Umbra OpsSuite,(886) 405-7487,info@umbraopssuite.io,https://www.umbraopssuite.io,N/A,Chicago,US,2026-06-13 06:46:44
2026-06-13,ERP,MetaChainDesk,9115008807,contact@metachaindesk.net,https://www.metachaindesk.net,19,Boston,US,2026-06-13 04:33:02
2026-06-13,HR,NimbusOnboard Platform,777-269-3063,contact@nimbusonboardplatform.co,https://www.nimbusonboardplatform.co,83,Tampa,US,2026-06-13 06:14:47
2026-06-13,Medical,PivotPulse Cloud,362-302-6891,info@pivotpulsecloud.com,https://www.pivotpulsecloud.com,15,Raleigh,US,2026-06-13 02:38:30
2026-06-13,Medical,ClearRxApp,911.899.0137,sales@clearrxapp.com,https://www.clearrxapp.com,40,Sydney,AU,2026-06-13 01:17:52
2026-06-13,HR,SilverBenefitBase,940-640-3526,info@silverbenefitbase.com,https://www.silverbenefitbase.com,74,Raleigh,US,2026-06-13 05:43:37
2026-06-13,ERP,FusionResource Hub,9414082472,hello@fusionresourcehub.com,https://www.fusionresourcehub.com,9,Melbourne,AU,2026-06-13 06:04:17
2026-06-13,Medical,SummitPulse Point,9517050706 ext. 70,contact@summitpulsepoint.com,https://www.summitpulsepoint.com,20,Denver,US,2026-06-13 04:07:15
2026-06-13,MSP Platform,Summit TicketPoint,04676437027,contact@summitticketpoint.com,https://www.summitticketpoint.com,34,Dublin,IE,2026-06-13 02:06:29
2026-06-13,Medical,UmbraPulseApp,(587) 448-7106,hello@umbrapulseapp.com,https://www.umbrapulseapp.com,null,Raleigh,US,2026-06-13 02:03:46
2026-06-13,ERP,CedarStock Desk,+14755282702,contact@cedarstockdesk.com,https://www.cedarstockdesk.com,4202,London,UK,2026-06-13 05:04:23
2026-06-13,ERP,AnchorStockSphere,+1 (363) 951-4558,contact@anchorstocksphere.com,https://www.anchorstocksphere.com,36,Denver,US,2026-06-13 02:34:22
2026-06-13,LMS,ZephyrLearnLogic,+1 (820) 932-8493,hello@zephyrlearnlogic.net,https://www.zephyrlearnlogic.net,-,Boston,US,2026-06-13 05:54:32
2026-06-13,MSP Platform,Pioneer UptimeDynamics,+13388087311,hello@pioneeruptimedynamics.io,https://www.pioneeruptimedynamics.io,173,Tampa,US,2026-06-13 01:42:00
2026-06-13,Medical,ZephyrCare Sync,1-204-641-7838,info@zephyrcaresync.net,zephyrcaresync.net,458,Columbus,US,2026-06-13 05:33:01
2026-06-13,MSP Platform,SolidRemote Flow,890-886-4570,sales@solidremoteflow.net,https://solidremoteflow.net,4610,Raleigh,US,2026-06-13 04:34:38
2026-06-13,MSP Platform,OmniPatchSync,+1 (545) 312-0573,null,https://www.omnipatchsync.io,748,Chicago,US,2026-06-13 06:47:26
2026-06-13,HR,PivotPerform Dynamics,(819) 638-5308,sales@pivotperformdynamics.com,pivotperformdynamics.com,631,Tampa,US,2026-06-13 02:27:43
2026-06-13,Legal,RidgewayLaw Base,+1 (528) 416-1183,contact@ridgewaylawbase.com,https://www.ridgewaylawbase.com,864,Atlanta,US,2026-06-13 02:54:51
2026-06-13,ERP,Nimbus Stock Consulting Group,548-826-6186,hello@nimbusstockconsultinggroup.com,https://www.nimbusstockconsultinggroup.com,22,Sydney,AU,2026-06-13 01:00:31
2026-06-13,HR,Velo Roster Manpower Services,672-529-6586,contact@velorostermanpowerservices.io,https://www.velorostermanpowerservices.io,156,Amsterdam,NL,2026-06-13 02:16:07
2026-06-13,HR,AltaBenefit Solutions,+13987108943,sales@altabenefitsolutions.com,altabenefitsolutions.com,48,Seattle,US,2026-06-13 04:00:50
2026-06-13,ERP,AnchorFinFlow,922-366-5973 ext. 6,sales@anchorfinflow.com,https://www.anchorfinflow.com,119,Atlanta,US,2026-06-13 04:33:41
2026-06-13,Legal,FusionMatterApp,+17707836102,hello@fusionmatterapp.io,https://fusionmatterapp.io,28,Dublin,IE,2026-06-13 04:17:56
2026-06-13,Legal,Indigo ClauseSoft,(526) 893-5436,contact@indigoclausesoft.com,https://www.indigoclausesoft.com,198,Phoenix,US,2026-06-13 06:23:48
2026-06-13,ERP,VeloChainDesk,2744990856,hello@velochaindesk.io,https://www.velochaindesk.io,16,Lahore,PK,2026-06-13 05:11:03
2026-06-13,Medical,IronVitalPoint,+17426000281 ext. 54,hello@ironvitalpoint.com,https://www.ironvitalpoint.com,877,Hyderabad,IN,2026-06-13 06:48:54
2026-06-13,ERP,ApexChainTech,(657) 562-8802,sales@apexchaintech.io,apexchaintech.io,31,Boston,US,2026-06-13 05:53:16
2026-06-13,Medical,NorthHealth Tech,351-702-1771,contact@northhealthtech.io,northhealthtech.io,39,Boston,US,2026-06-13 05:59:09
2026-06-13,Legal,ZenClauseDynamics,+1 (691) 338-9979 ext. 93,hello@zenclausedynamics.com,zenclausedynamics.com,35,Austin,US,2026-06-13 03:35:05
2026-06-13,Legal,HarborBenefitSync,+17208912060,contact@harborbenefitsync.co,https://www.harborbenefitsync.co,40,Seattle,US,2026-06-13 04:52:03
2026-06-13,ERP,ZenOps Cloud,+14499368014,sales@zenopscloud.co,https://www.zenopscloud.co,477,Austin,US,2026-06-13 06:33:18
2026-06-13,ERP,Nova ForgePoint,288-455-5934,sales@novaforgepoint.com,https://novaforgepoint.com,189,Atlanta,US,2026-06-13 02:50:21
2026-06-13,MSP Platform,LatticeTicket Labs,+17702170151,sales@latticeticketlabs.com,https://www.latticeticketlabs.com,12,Raleigh,US,2026-06-13 05:54:29
2026-06-13,Legal,PolarisDocketPoint’s,+14995611953,contact@polarisdocketpoint.com,polarisdocketpoint.com,69,Phoenix,US,2026-06-13 02:44:12
2026-06-13,MSP Platform,NimbusGridSuite,395-950-0488,sales@nimbusgridsuite.com,nimbusgridsuite.com,29,Chicago,US,2026-06-13 04:17:01
2026-06-13,HR,Granite PayrollDynamics,635-396-3778,sales@granitepayrolldynamics.net,https://www.granitepayrolldynamics.net,null,Atlanta,US,2026-06-13 05:52:52
2026-06-13,HR,Omni TalentPlatform,(561) 884-2911,info@omnitalentplatform.com,https://www.omnitalentplatform.com,69,Phoenix,US,2026-06-13 01:14:05
2026-06-13,Medical,KeystoneHealth Soft,(233) 698-7504,sales@keystonehealthsoft.com,https://www.keystonehealthsoft.com,351,Melbourne,AU,2026-06-13 06:19:11
2026-06-13,HR,TruePerformHub,273-778-6324,hello@trueperformhub.com,trueperformhub.com,72,Boston,US,2026-06-13 01:43:40
2026-06-13,HR,Harbor Onboard Consultants,+16949702018,info@harboronboardconsultants.com,https://www.harboronboardconsultants.com,726,Raleigh,US,2026-06-13 05:33:34
2026-06-13,HR,Silver CultureSoft,+1 (209) 725-0743,info@silverculturesoft.com,https://www.silverculturesoft.com,159,Melbourne,AU,2026-06-13 04:48:48
2026-06-13,ERP,IronFin Solutions,+18046319504,contact@ironfinsolutions.com,https://www.ironfinsolutions.com,232,Denver,US,2026-06-13 05:38:47
2026-06-13,ERP,PrimeForge Soft,(555) 580-5340 ext. 86,info@primeforgesoft.io,https://www.primeforgesoft.io,500,Boston,US,2026-06-13 02:42:53
2026-06-13,MSP Platform,Quartz Patch Staffing,+15386286246,hello@quartzpatchstaffing.io,https://www.quartzpatchstaffing.io,97,Dublin,IE,2026-06-13 01:11:36
2026-06-13,HR,SableTalentCloud,743-603-5415,sales@sabletalentcloud.com,https://www.sabletalentcloud.com,49,Pune,IN,2026-06-13 05:41:13
2026-06-13,ERP,Blue LedgerTech,2137276486,hello@blueledgertech.com,https://www.blueledgertech.com,12,Boston,US,2026-06-13 01:45:40
2026-06-13,MSP Platform,FalconRemoteSoft,+13746805497,sales@falconremotesoft.com,https://falconremotesoft.com,4314,Tampa,US,2026-06-13 02:04:10
2026-06-13,MSP Platform,NimbusStack Labs,(531) 913-7294 ext. 63,info@nimbusstacklabs.com,nimbusstacklabs.com,35,Dublin,IE,2026-06-13 02:00:29
2026-06-13,ERP,OnyxLedgerWorks,9213951226,sales@onyxledgerworks.io,onyxledgerworks.io,9,Toronto,CA,2026-06-13 01:54:16
2026-06-13,MSP Platform,Prime EndpointSuite,987-281-8693,sales@primeendpointsuite.io,https://www.primeendpointsuite.io,873,Leeds,UK,2026-06-13 04:40:04
2026-06-13,ERP,AltaPlan Solutions,(357) 802-2137,sales@altaplansolutions.io,https://www.altaplansolutions.io,170,null,US,2026-06-13 01:37:22
2026-06-13,HR,BeaconOnboardLogic,+14179772590,info@beacononboardlogic.com,https://beacononboardlogic.com,46,Austin,US,2026-06-13 01:00:35
2026-06-13,HR,OrbitTalent Hub,466-833-5329,hello@orbittalenthub.io,https://www.orbittalenthub.io,28,Hyderabad,IN,2026-06-13 01:38:37
2026-06-13,Medical,Onyx PulseHub,221-530-3404,info@onyxpulsehub.com,https://www.onyxpulsehub.com,84,Melbourne,AU,2026-06-13 06:08:54
2026-06-13,HR,GoldenPeoplePoint,(276) 307-4145,contact@goldenpeoplepoint.com,https://www.goldenpeoplepoint.com,37,Denver,US,2026-06-13 01:48:09
2026-06-13,Medical,GraniteRxSolutions,290-894-8507,hello@graniterxsolutions.com,https://www.graniterxsolutions.com,8,Seattle,US,2026-06-13 02:25:57
2026-06-13,MSP Platform,CrownStackPlatform,548.391.2421,sales@crownstackplatform.com,https://www.crownstackplatform.com,7,Chicago,US,2026-06-13 03:28:06
2026-06-13,ERP,AnchorStockFlow,430-716-6201,contact@anchorstockflow.io,https://anchorstockflow.io,12,Leeds,UK,2026-06-13 01:23:56
2026-06-13,Medical,WillowTriage Core,+15466627936,sales@willowtriagecore.co,https://www.willowtriagecore.co,233,Phoenix,US,2026-06-13 03:11:03
2026-06-13,HR,RidgewayRosterLogic,(662) 735-9405,sales@ridgewayrosterlogic.co,https://www.ridgewayrosterlogic.co,13,Boston,US,2026-06-13 01:24:19
2026-06-13,LMS,Raven ClauseHub,794.410.3073,sales@ravenclausehub.co,ravenclausehub.co,16,Seattle,US,2026-06-13 06:19:06
2026-06-13,Medical,HarborPatientPlatform,854-308-8073,info@harborpatientplatform.com,harborpatientplatform.com,312,Columbus,US,2026-06-13 04:24:43
2026-06-13,Medical,Lattice TriageApp,+13518442447,info@latticetriageapp.com,https://www.latticetriageapp.com,20,Columbus,US,2026-06-13 05:27:43
2026-06-13,ERP,Pivot ResourceHub,490-325-1326,contact@pivotresourcehub.io,pivotresourcehub.io,57,Melbourne,AU,2026-06-13 03:31:07
2026-06-13,Medical,NorthTriage Hub,678-537-0292 ext. 18,contact@northtriagehub.com,https://northtriagehub.com,32,Boston,US,2026-06-13 03:30:30
2026-06-13,HR,Delta CultureSphere,450-816-5737,hello@deltaculturesphere.net,https://www.deltaculturesphere.net,325,Denver,US,2026-06-13 04:05:16
2026-06-13,ERP,GraniteChain Systems,+19429075193,info@granitechainsystems.com,https://www.granitechainsystems.com,34,Boston,US,2026-06-13 02:46:14
2026-06-13,HR,Keystone BenefitLogic,1-377-252-0305,hello@keystonebenefitlogic.com,https://keystonebenefitlogic.com,105,Karachi,PK,2026-06-13 02:19:05
2026-06-13,MSP Platform,Meta Remote Consulting Group,414-623-9954,hello@metaremoteconsultinggroup.io,https://www.metaremoteconsultinggroup.io,51,Raleigh,US,2026-06-13 06:07:22
2026-06-13,Legal,CrestCompliPlatform,535-967-9874,hello@crestcompliplatform.co,crestcompliplatform.co,8,Denver,US,2026-06-13 01:33:40
2026-06-13,HR,True PayrollTech,(979) 762-1649,sales@truepayrolltech.com,https://truepayrolltech.com,323,Denver,US,2026-06-13 03:58:30
2026-06-13,ERP,Vertex’s StockSoft,779-363-0762,hello@vertexstocksoft.net,https://vertexstocksoft.net,66,Seattle,US,2026-06-13 02:36:19
2026-06-13,Legal,OrbitCompli Cloud,+15176442599,contact@orbitcomplicloud.com,orbitcomplicloud.com,4212,Amsterdam,NL,2026-06-13 03:06:15
2026-06-13,MSP Platform,Blue EndpointLogic,579.529.6027,contact@blueendpointlogic.net,https://www.blueendpointlogic.net,9,Leeds,UK,2026-06-13 05:29:54
2026-06-13,Legal,CedarFiling Flow,796-514-8476,sales@cedarfilingflow.net,https://www.cedarfilingflow.net,954,Chicago,US,2026-06-13 03:20:11
2026-06-13,ERP,SolidStockFlow,1-971-913-9568,info@solidstockflow.io,https://www.solidstockflow.io,39,Dublin,IE,2026-06-13 02:32:13
2026-06-13,Legal,MetaCompliSync’s,884-316-7164,info@metacomplisync.io,https://www.metacomplisync.io,128,Pune,IN,2026-06-13 05:06:31
2026-06-13,Medical,QuartzMed Point,(317) 861-0933,info@quartzmedpoint.net,https://www.quartzmedpoint.net,3160,Austin,US,2026-06-13 04:43:00
2026-06-13,ERP,RavénFin Solutions,+1 (462) 294-6550,info@ravenfinsolutions.io,https://www.ravenfinsolutions.io,26,Columbus,US,2026-06-13 02:10:29
2026-06-13,Medical,Nimbus RxLabs,744.345.3728,contact@nimbusrxlabs.io,https://nimbusrxlabs.io,553,Phoenix,US,2026-06-13 01:36:52
2026-06-13,Medical,CedarMed Base,1-726-727-7305,sales@cedarmedbase.com,cedarmedbase.com,55,Columbus,US,2026-06-13 05:32:54
2026-06-13,HR,PivotRoster Platform,568.675.8343,sales@pivotrosterplatform.com,https://pivotrosterplatform.com,49,Phoenix,US,2026-06-13 02:16:47
2026-06-13,ERP,Ridgeway LedgerSuite,07734945778,sales@ridgewayledgersuite.com,https://www.ridgewayledgersuite.com,9,Austin,US,2026-06-13 06:30:42
2026-06-13,Medical,Pivot PulseSystems,224-999-0688,,pivotpulsesystems.io,34,Phoenix,US,2026-06-13 02:28:58
2026-06-13,MSP Platform,PolarisGridHub,+16182567735,hello@polarisgridhub.com,https://www.polarisgridhub.com,18,Calgary,CA,2026-06-13 03:00:32
2026-06-13,HR,CrestCulture Platform,+13513251874,info@crestcultureplatform.com,https://www.crestcultureplatform.com,9,Raleigh,US,2026-06-13 05:55:58
2026-06-13,Medical,Tidal ClinicApp,+13992820598,N/A,https://www.tidalclinicapp.net,17,Chicago,US,2026-06-13 02:02:01
2026-06-13,Legal,Onyx MatterFlow,899-349-9227,contact@onyxmatterflow.com,https://www.onyxmatterflow.com,50,Denver,US,2026-06-13 04:52:07
2026-06-13,ERP,Arch ForgeFlow,(485) 887-1744 ext. 49,contact@archforgeflow.com,archforgeflow.com,11,Calgary,CA,2026-06-13 04:05:03
2026-06-13,ERP,Mosaic OpsApp,(928) 642-6719,contact@mosaicopsapp.com,https://www.mosaicopsapp.com,2610,Columbus,US,2026-06-13 01:12:44
2026-06-13,Medical,PioneerPulseSolutions,6814625995,contact@pioneerpulsesolutions.com,https://pioneerpulsesolutions.com,129,Denver,US,2026-06-13 05:41:28
2026-06-13,ERP,PrimeOps Labs,582-775-6978,info@primeopslabs.io,https://primeopslabs.io,250,Hyderabad,IN,2026-06-13 01:38:29
2026-06-13,MSP Platform,FalconEndpoint Logic,719-832-4312,info@falconendpointlogic.com,https://www.falconendpointlogic.com,267,Melbourne,AU,2026-06-13 06:10:54
2026-06-13,LMS,SilverTrainApp,+15037865978,info@silvertrainapp.com,https://www.silvertrainapp.com,3697,Phoenix,US,2026-06-13 04:51:49
2026-06-13,MSP Platform,Prime UptimeSuite,(673) 334-7694,info@primeuptimesuite.com,https://www.primeuptimesuite.com,305,Manchester,UK,2026-06-13 04:36:08
2026-06-13,Medical,GraniteRxTech,(825) 820-8319,sales@graniterxtech.com,https://www.graniterxtech.com,411,London,UK,2026-06-13 02:15:55
2026-06-13,ERP,BeaconOrder Sphere,+1 (384) 414-4632,hello@beaconordersphere.com,https://www.beaconordersphere.com,15,Seattle,US,2026-06-13 06:22:06
2026-06-13,ERP,Alta BatchTech,(899) 355-7531,contact@altabatchtech.com,https://www.altabatchtech.com,797,Islamabad,PK,2026-06-13 06:26:52
2026-06-13,MSP Platform,RavenNode Cloud,+13577231207,info@ravennodecloud.io,https://ravennodecloud.io,5,Chicago,US,2026-06-13 06:37:19
2026-06-13,ERP,Apex BatchDynamics,3159926369,contact@apexbatchdynamics.com,apexbatchdynamics.com,18,Phoenix,US,2026-06-13 05:35:25
2026-06-13,Legal,PivotDocket Systems,+1 (878) 218-8777,contact@pivotdocketsystems.com,https://pivotdocketsystems.com,271,Tampa,US,2026-06-13 03:03:14
2026-06-13,Legal,ApexClause Sync,+15986302164 ext. 49,contact@apexclausesync.com,https://www.apexclausesync.com,14,Calgary,CA,2026-06-13 04:55:22
2026-06-13,HR,OmniTalentFlow,351.740.4367,contact@omnitalentflow.com,https://www.omnitalentflow.com,59,London,UK,2026-06-13 06:05:39
2026-06-13,MSP Platform,OnyxNet Dynamics,+15905055637,sales@onyxnetdynamics.com,https://onyxnetdynamics.com,33,Phoenix,US,2026-06-13 06:47:25
2026-06-13,ERP,IronOrder Platform,(326) 646-6290,info@ironorderplatform.com,https://www.ironorderplatform.com,189,Karachi,PK,2026-06-13 04:23:07
2026-06-13,ERP,Apex PlanSync,(748) 479-5524,hello@apexplansync.com,https://apexplansync.com,10,Tampa,US,2026-06-13 06:24:47
2026-06-13,Legal,NovaBrief Works,+14338223687,hello@novabriefworks.net,https://www.novabriefworks.net,202,Raleigh,US,2026-06-13 04:45:52
2026-06-13,HR,RapidBenefit Base,1-693-420-9856,,https://www.rapidbenefitbase.com,695,Raleigh,US,2026-06-13 02:52:40
2026-06-13,LMS,SilverCourseSystems,1-204-613-2340 ext. 10,sales@silvercoursesystems.com,https://silvercoursesystems.com,641,Amsterdam,NL,2026-06-13 03:27:26
2026-06-13,ERP,RapidBatch Solutions,2719375853,info@rapidbatchsolutions.com,https://www.rapidbatchsolutions.com,35,Amsterdam,NL,2026-06-13 02:48:32
2026-06-13,ERP,HarborLedger Flow,(432) 347-6745,sales@harborledgerflow.com,https://www.harborledgerflow.com,491,Chicago,US,2026-06-13 02:31:58
2026-06-13,Medical,IndigoTriageSync,(873) 390-9777,contact@indigotriagesync.com,https://www.indigotriagesync.com,489,Chicago,US,2026-06-13 06:13:58
2026-06-13,Legal,CrestVerdict Systems,+1 (389) 325-5495,info@crestverdictsystems.com,https://www.crestverdictsystems.com,31,Amsterdam,NL,2026-06-13 02:14:42
2026-06-13,MSP Platform,Willow GridPlatform,8654672882,contact@willowgridplatform.com,https://www.willowgridplatform.com,121,Leeds,UK,2026-06-13 04:06:45
2026-06-13,HR,VertexBenefit Dynamics,+12743748356,contact@vertexbenefitdynamics.co,https://www.vertexbenefitdynamics.co,72,Manchester,UK,2026-06-13 05:10:46
2026-06-13,HR,Cedar PerformSphere,484.467.9864 ext. 51,,https://www.cedarperformsphere.co,147,Boston,US,2026-06-13 02:01:18
2026-06-13,MSP Platform,SolidUptime Systems,1-727-891-6070,info@soliduptimesystems.com,https://www.soliduptimesystems.com,4970,Atlanta,US,2026-06-13 03:03:33
2026-06-13,HR,Quantum RosterSystems,431-741-4947,sales@quantumrostersystems.com,https://www.quantumrostersystems.com,25,Leeds,UK,2026-06-13 06:22:13
2026-06-13,Medical,Atlas PatientPoint,1-417-448-0434 ext. 86,contact@atlaspatientpoint.io,https://www.atlaspatientpoint.io,79,Boston,US,2026-06-13 04:06:23
2026-06-13,Medical,Tidal ChartCore,(937) 394-3154 ext. 52,info@tidalchartcore.net,https://tidalchartcore.net,431,Vancouver,CA,2026-06-13 02:00:50
2026-06-13,Medical,Xenon VitalApp,1-508-322-3511,info@xenonvitalapp.com,https://www.xenonvitalapp.com,203,Phoenix,US,2026-06-13 06:32:22
2026-06-13,LMS,OrbitCourse Systems,3556946178,hello@orbitcoursesystems.co,orbitcoursesystems.co,24,Chicago,US,2026-06-13 04:00:44
2026-06-13,MSP Platform,OnyxRemoteDynamics,223.847.1163,contact@onyxremotedynamics.com,https://www.onyxremotedynamics.com,967,Hyderabad,IN,2026-06-13 04:22:57
2026-06-13,ERP,Sable OpsCloud,8108516708,info@sableopscloud.com,https://www.sableopscloud.com,11,Vancouver,CA,2026-06-13 05:42:32
2026-06-13,Legal,Polaris VerdictDynamics,(983) 864-4434,hello@polarisverdictdynamics.com,https://www.polarisverdictdynamics.com,155,Phoenix,US,2026-06-13 04:40:07
2026-06-13,MSP Platform,IndigoStackSphere,+1 (345) 242-2438,contact@indigostacksphere.com,https://www.indigostacksphere.com,56,Toronto,CA,2026-06-13 04:03:41
2026-06-13,MSP Platform,Bright EndpointBase,+14684892389,sales@brightendpointbase.net,https://www.brightendpointbase.net,231,Singapore,SG,2026-06-13 06:44:03
2026-06-13,Medical,IndigoClinic Core,(504) 632-6172,sales@indigocliniccore.com,https://indigocliniccore.com,11,Boston,US,2026-06-13 02:46:45
2026-06-13,MSP Platform,Rapid GridPoint,+19126894407,sales@rapidgridpoint.com,https://www.rapidgridpoint.com,8,Atlanta,US,2026-06-13 05:17:22
2026-06-13,Medical,RapidRx Works,2036490438 ext. 32,N/A,rapidrxworks.co,2064,Austin,US,2026-06-13 06:05:19
2026-06-13,LMS,RidgePathDynamics,1-880-813-6805,contact@ridgepathdynamics.com,https://www.ridgepathdynamics.com,40,Hyderabad,IN,2026-06-13 06:49:50
2026-06-13,Medical,CrestClinicApp,+14146729974,hello@crestclinicapp.io,https://www.crestclinicapp.io,981,Singapore,SG,2026-06-13 02:15:46
2026-06-13,LMS,Raven TutorApp,(561) 450-4944,sales@raventutorapp.io,https://raventutorapp.io,495,Phoenix,US,2026-06-13 03:42:04
2026-06-13,Medical,SummitRx Works,+16398314016,info@summitrxworks.io,summitrxworks.io,330,Melbourne,AU,2026-06-13 05:05:04
2026-06-13,Medical,GoldenTriageHub,2856470041,contact@goldentriagehub.com,https://goldentriagehub.com,128,Leeds,UK,2026-06-13 06:32:05
2026-06-13,HR,GraniteTeamFlow,(904) 751-3341,info@graniteteamflow.com,https://www.graniteteamflow.com,29,Vancouver,CA,2026-06-13 04:24:53
2026-06-13,Medical,Granite MedSync,+17382791470,info@granitemedsync.com,https://www.granitemedsync.com,137,Atlanta,US,2026-06-13 03:09:48
2026-06-13,HR,ApexOnboard Desk,4162343489,info@apexonboarddesk.com,apexonboarddesk.com,87,,US,2026-06-13 03:30:36
2026-06-13,ERP,OmniPlanPoint,(793) 585-8739,info@omniplanpoint.io,https://www.omniplanpoint.io,10,Columbus,US,2026-06-13 03:55:25
2026-06-13,MSP Platform,Falcon MonitorSync,+18436085723,info@falconmonitorsync.com,falconmonitorsync.com,976,Leeds,UK,2026-06-13 05:14:44
2026-06-13,MSP Platform,LatticePatchWorks,652-479-9662,info@latticepatchworks.com,https://www.latticepatchworks.com,28,Tampa,US,2026-06-13 05:04:15
2026-06-13,Medical,WillowChartPoint,1-296-999-5668,sales@willowchartpoint.com,https://www.willowchartpoint.com,91,Denver,US,2026-06-13 06:50:22
2026-06-13,MSP Platform,Pivot GridSystems,411.235.1583,contact@pivotgridsystems.io,pivotgridsystems.io,81,Chicago,US,2026-06-13 06:49:21
2026-06-13,Medical,Quartz HealthBase,(719) 708-3286,hello@quartzhealthbase.com,https://www.quartzhealthbase.com,34,Raleigh,US,2026-06-13 04:35:17
2026-06-13,Legal,Crest DocketPoint,+14677085856,hello@crestdocketpoint.com,crestdocketpoint.com,106,Atlanta,US,2026-06-13 05:47:16
2026-06-13,Legal,BlueMatterApp,+12513592580,info@bluematterapp.com,https://bluematterapp.com,30,Vancouver,CA,2026-06-13 02:03:46
2026-06-13,HR,QuartzPeopleSuite,(884) 948-6424 ext. 49,info@quartzpeoplesuite.com,https://www.quartzpeoplesuite.com,341,Chicago,US,2026-06-13 06:31:22
2026-06-13,LMS,KeystoneTutorPoint,(895) 838-4438,hello@keystonetutorpoint.net,https://www.keystonetutorpoint.net,84,Vancouver,CA,2026-06-13 03:11:34
2026-06-13,Medical,Willow MedWorks,3985729387 ext. 29,contact@willowmedworks.com,https://www.willowmedworks.com,172,Boston,US,2026-06-13 05:41:44
2026-06-13,Medical,CedarRxHub,1-694-228-2219,sales@cedarrxhub.io,https://www.cedarrxhub.io,270,Seattle,US,2026-06-13 06:00:56
2026-06-13,Medical,Xenon PulseSphere,+1 (597) 826-4551 ext. 52,sales@xenonpulsesphere.com,https://www.xenonpulsesphere.com,344,Manchester,UK,2026-06-13 01:46:17
2026-06-13,HR,KeystoneTeamLogic,+16843513793,sales@keystoneteamlogic.com,https://www.keystoneteamlogic.com,19,Boston,US,2026-06-13 06:38:09
2026-06-13,HR,XenonPeople Base,655-563-4207,hello@xenonpeoplebase.net,https://www.xenonpeoplebase.net,503,Raleigh,US,2026-06-13 03:37:08
2026-06-13,ERP,AnchorForge Works,(516) 478-8847,info@anchorforgeworks.co,https://anchorforgeworks.co,15,Denver,US,2026-06-13 06:29:01
2026-06-13,HR,OmniBenefit Dynamics,1-410-321-4518,sales@omnibenefitdynamics.net,https://omnibenefitdynamics.net,6,Melbourne,AU,2026-06-13 04:51:44
2026-06-13,MSP Platform,Lattice UptimeSuite,1-296-881-8688,hello@latticeuptimesuite.co,https://www.latticeuptimesuite.co,125,Columbus,US,2026-06-13 03:11:10
2026-06-13,MSP Platform,HaloUptime Logic,1-777-774-4757,hello@halouptimelogic.com,https://www.halouptimelogic.com,97,Calgary,CA,2026-06-13 04:59:41
2026-06-13,ERP,PolarisForge Flow,841-348-0623,contact@polarisforgeflow.com,https://polarisforgeflow.com,28,Leeds,UK,2026-06-13 03:05:44
2026-06-13,Legal,PolarisClauseSuite,+12748476844,hello@polarisclausesuite.net,https://www.polarisclausesuite.net,59,Austin,US,2026-06-13 04:22:52
2026-06-13,ERP,TidalLedger Tech,698-582-0438,N/A,https://tidalledgertech.com,36,Tampa,US,2026-06-13 04:47:25
2026-06-13,Legal,DeltaClauseLogic,957-756-0771,N/A,https://www.deltaclauselogic.com,37,Hyderabad,IN,2026-06-13 03:36:31
2026-06-13,ERP,RapidForgeSync,441-941-7849,info@rapidforgesync.com,https://www.rapidforgesync.com,496,Singapore,SG,2026-06-13 02:42:41
2026-06-13,MSP Platform,Fusion PatchLabs,+1 (393) 343-3404,contact@fusionpatchlabs.com,https://www.fusionpatchlabs.com,82,Denver,US,2026-06-13 04:51:48
2026-06-13,Medical,JuniperRx Dynamics,+13694096014 ext. 89,contact@juniperrxdynamics.com,juniperrxdynamics.com,55,Boston,US,2026-06-13 06:24:25
2026-06-13,LMS,PrimeLearnFlow,+1 (286) 829-2023,info@primelearnflow.co,https://www.primelearnflow.co,3529,Calgary,CA,2026-06-13 06:19:01
2026-06-13,LMS,EmberLearn Base,+15322972420,hello@emberlearnbase.net,https://www.emberlearnbase.net,37,Austin,US,2026-06-13 01:32:37
2026-06-13,MSP Platform,BeaconRemoteSolutions,+1 (653) 298-3563,info@beaconremotesolutions.io,https://www.beaconremotesolutions.io,52,Seattle,US,2026-06-13 01:25:21
2026-06-13,MSP Platform,Cobalt Uptime Consultants,5983776265,hello@cobaltuptimeconsultants.com,https://www.cobaltuptimeconsultants.com,829,Hyderabad,IN,2026-06-13 06:16:30
2026-06-13,ERP,UmbraOpsSystems,+18423977188,info@umbraopssystems.com,https://www.umbraopssystems.com,143,Sydney,AU,2026-06-13 06:09:00
2026-06-13,HR,OrbitPerformSphere,+1 (849) 230-3584,sales@orbitperformsphere.com,https://www.orbitperformsphere.com,,Raleigh,US,2026-06-13 01:22:48
2026-06-13,HR,Onyx OnboardSync,7197630906,info@onyxonboardsync.com,onyxonboardsync.com,15,Leeds,UK,2026-06-13 05:30:45
2026-06-13,Medical,Bold HealthPoint,650.354.5929,sales@boldhealthpoint.com,https://boldhealthpoint.com,15,Dublin,IE,2026-06-13 02:47:23
2026-06-13,ERP,PivotResourcePoint,1-281-865-5171,info@pivotresourcepoint.io,https://www.pivotresourcepoint.io,878,Denver,US,2026-06-13 06:47:17
2026-06-13,Medical,GoldenCareDesk,204-564-3330,contact@goldencaredesk.com,goldencaredesk.com,64,Calgary,CA,2026-06-13 05:12:08
2026-06-13,LMS,Ridge LearnTech,1-287-866-8615,contact@ridgelearntech.com,https://www.ridgelearntech.com,13,Sydney,AU,2026-06-13 03:53:36
2026-06-13,ERP,VistaFin Soft,(691) 758-0461,sales@vistafinsoft.net,vistafinsoft.net,20,Leeds,UK,2026-06-13 01:27:35
2026-06-13,Medical,PolarisTriageWorks,+18052672314,info@polaristriageworks.com,https://polaristriageworks.com,82,Berlin,DE,2026-06-13 02:49:22
2026-06-13,HR,TidalBenefitSystems,1-911-508-9426,hello@tidalbenefitsystems.io,https://tidalbenefitsystems.io,20,Austin,US,2026-06-13 02:25:57
2026-06-13,Medical,Zen Health Recruiting,+17978893527,info@zenhealthrecruiting.co,https://zenhealthrecruiting.co,43,Phoenix,US,2026-06-13 06:10:47
2026-06-13,Medical,Raven ChartLogic,(854) 999-2331,sales@ravenchartlogic.io,https://www.ravenchartlogic.io,12,Denver,US,2026-06-13 05:32:00
2026-06-13,MSP Platform,Apex Node Consultants,8046967319,sales@apexnodeconsultants.co,https://www.apexnodeconsultants.co,19,Amsterdam,NL,2026-06-13 02:29:17
2026-06-13,HR,Nimbus ShiftSync,805.257.8860,contact@nimbusshiftsync.com,https://www.nimbusshiftsync.com,37,Chicago,US,2026-06-13 06:34:34
2026-06-13,Medical,PivotMed Tech,743-368-6989,info@pivotmedtech.com,https://www.pivotmedtech.com,63,Raleigh,US,2026-06-13 05:17:29
2026-06-13,ERP,PrimeFin Core,(770) 716-4227,hello@primefincore.com,https://primefincore.com,41,Denver,US,2026-06-13 03:26:44
2026-06-13,MSP Platform,ZephyrNode Sync,555.290.0104,hello@zephyrnodesync.io,https://www.zephyrnodesync.io,18,Boston,US,2026-06-13 04:12:37
2026-06-13,MSP Platform,SummitMonitor Soft,+1 (901) 396-0098,info@summitmonitorsoft.com,https://summitmonitorsoft.com,6,Karachi,PK,2026-06-13 01:07:00
2026-06-13,ERP,EmberChainTech,(286) 909-9093,sales@emberchaintech.io,https://www.emberchaintech.io,9,Boston,US,2026-06-13 01:08:44
2026-06-13,ERP,CrestBatch Suite,2396177183 ext. 1,info@crestbatchsuite.com,crestbatchsuite.com,5,Vancouver,CA,2026-06-13 03:49:51
2026-06-13,ERP,RavenPlan Sphere,1-982-368-4367,sales@ravenplansphere.com,https://www.ravenplansphere.com,10,Seattle,US,2026-06-13 06:20:30
2026-06-13,Medical,CedarCare Sync,+17865091569,info@cedarcaresync.net,cedarcaresync.net,902,Vancouver,CA,2026-06-13 01:35:42
2026-06-13,ERP,Core BatchDesk,1-827-242-4537,sales@corebatchdesk.co,corebatchdesk.co,21,Manchester,UK,2026-06-13 03:21:36
2026-06-13,ERP,Alta PlanBase,8348049172,sales@altaplanbase.net,https://www.altaplanbase.net,5,Austin,US,2026-06-13 06:35:45
2026-06-13,HR,Granite Culture Consulting Group,1-777-917-4873,info@granitecultureconsultinggroup.com,granitecultureconsultinggroup.com,17,Phoenix,US,2026-06-13 03:43:46
2026-06-13,MSP Platform,NimbusNet Tech,+17223582481,hello@nimbusnettech.io,nimbusnettech.io,22,Atlanta,US,2026-06-13 04:02:00
2026-06-13,LMS,FusionLearnSphere,479.725.2498,sales@fusionlearnsphere.com,https://fusionlearnsphere.com,5,Dublin,IE,2026-06-13 01:36:27
2026-06-13,Medical,FusionTriage Systems,(470) 619-0657,hello@fusiontriagesystems.com,https://www.fusiontriagesystems.com,3352,Sydney,AU,2026-06-13 01:19:51
2026-06-13,MSP Platform,Halo StackCore,848.269.8790,contact@halostackcore.com,halostackcore.com,317,London,UK,2026-06-13 06:24:35
2026-06-13,MSP Platform,AtlasUptimeLogic,615.438.2068,info@atlasuptimelogic.io,atlasuptimelogic.io,47,Seattle,US,2026-06-13 02:08:13
2026-06-13,Medical,VertexPatient Solutions,734.913.7359,null,https://www.vertexpatientsolutions.io,164,Munich,DE,2026-06-13 04:13:26
2026-06-13,Medical,RavenHealthApp,+12673017379,sales@ravenhealthapp.com,https://ravenhealthapp.com,52,Sydney,AU,2026-06-13 01:46:18
2026-06-13,HR,Core PayrollSolutions,+16897691942,sales@corepayrollsolutions.com,https://corepayrollsolutions.com,83,Austin,US,2026-06-13 03:33:12
2026-06-13,MSP Platform,AnchorStackSphere,(347) 442-4141,hello@anchorstacksphere.io,https://www.anchorstacksphere.io,287,Dublin,IE,2026-06-13 06:31:58
2026-06-13,ERP,Halo ResourcePlatform,(224) 453-4651,info@haloresourceplatform.com,https://www.haloresourceplatform.com,13,Tampa,US,2026-06-13 03:41:32
2026-06-13,HR,QuartzCulture Flow,1-844-544-7204 ext. 23,info@quartzcultureflow.io,quartzcultureflow.io,387,Seattle,US,2026-06-13 03:19:04
2026-06-13,MSP Platform,Ridge NetLogic,+18344950628,info@ridgenetlogic.co,https://www.ridgenetlogic.co,182,Lahore,PK,2026-06-13 04:59:10
2026-06-13,MSP Platform,NimbusNodeLabs,+1 (679) 973-5845 ext. 82,sales@nimbusnodelabs.com,https://nimbusnodelabs.com,172,Boston,US,2026-06-13 02:57:39
2026-06-13,HR,SilverPerform Suite,+12796240294,hello@silverperformsuite.io,https://www.silverperformsuite.io,16,Islamabad,PK,2026-06-13 04:04:50
2026-06-13,Legal,PivotCounsel Cloud,311-300-4257,sales@pivotcounselcloud.net,https://www.pivotcounselcloud.net,39,Boston,US,2026-06-13 01:14:46
2026-06-13,HR,OmniOnboardPoint,710-717-1013,info@omnionboardpoint.com,https://omnionboardpoint.com,8,Calgary,CA,2026-06-13 03:40:38
2026-06-13,Legal,Atlas BriefSystems,8168693335,info@atlasbriefsystems.net,https://www.atlasbriefsystems.net,175,Raleigh,US,2026-06-13 06:27:53
2026-06-13,ERP,BrightPlanApp,647.350.8977,info@brightplanapp.io,https://brightplanapp.io,199,Dublin,IE,2026-06-13 01:55:29
2026-06-13,MSP Platform,FusionStackPoint,+18457163777,info@fusionstackpoint.com,fusionstackpoint.com,88,Phoenix,US,2026-06-13 06:21:22
2026-06-13,HR,AltaCulture Hub,(738) 821-2294,info@altaculturehub.com,https://altaculturehub.com,18,Bengaluru,IN,2026-06-13 06:43:08
2026-06-13,ERP,CrownStock Solutions,9513240071,sales@crownstocksolutions.com,https://www.crownstocksolutions.com,14,Sydney,AU,2026-06-13 04:05:05
2026-06-13,ERP,LatticeLedger Tech,1-835-673-2053 ext. 80,info@latticeledgertech.com,latticeledgertech.com,12,Columbus,US,2026-06-13 01:29:46
2026-06-13,LMS,Golden LessonLogic,3014449593,sales@goldenlessonlogic.com,https://goldenlessonlogic.com,6,Austin,US,2026-06-13 06:53:14
2026-06-13,Legal,FalconLawDesk,+1 (624) 983-9005 ext. 33,contact@falconlawdesk.com,https://www.falconlawdesk.com,50,Austin,US,2026-06-13 04:04:06
2026-06-13,HR,CrownRosterDynamics,+12694503785,sales@crownrosterdynamics.com,https://crownrosterdynamics.com,62,Austin,US,2026-06-13 04:40:37
2026-06-13,HR,RidgeTeamSuite,(700) 448-9720,sales@ridgeteamsuite.com,https://www.ridgeteamsuite.com,7,Toronto,CA,2026-06-13 06:39:47
2026-06-13,Medical,Ember PatientDynamics,+16072001641,N/A,https://www.emberpatientdynamics.io,3441,Austin,US,2026-06-13 06:57:28
2026-06-13,Medical,Cedar ClinicTech,907-791-3870,hello@cedarclinictech.com,https://www.cedarclinictech.com,86,Calgary,CA,2026-06-13 04:49:04
2026-06-13,HR,AltaTeamSystems,757.991.6859,hello@altateamsystems.net,https://www.altateamsystems.net,30,Munich,DE,2026-06-13 05:08:18
2026-06-13,MSP Platform,BrightPatchLabs,+18598394504,hello@brightpatchlabs.com,https://www.brightpatchlabs.com,19,Boston,US,2026-06-13 01:55:28
2026-06-13,HR,Zen Team Manpower Services,1-912-898-1441 ext. 94,contact@zenteammanpowerservices.com,https://zenteammanpowerservices.com,481,Denver,US,2026-06-13 02:10:38
2026-06-13,ERP,AltaForgeDesk,563-386-3497,contact@altaforgedesk.com,https://www.altaforgedesk.com,98,Seattle,US,2026-06-13 01:03:28
2026-06-13,MSP Platform,HaloUptime Flow,(498) 834-7153,hello@halouptimeflow.net,https://www.halouptimeflow.net,408,Chicago,US,2026-06-13 05:36:55
2026-06-13,Medical,RavenPulseTech,720-807-9283,info@ravenpulsetech.io,https://ravenpulsetech.io,749,Atlanta,US,2026-06-13 03:57:45
2026-06-13,MSP Platform,Arch TicketCloud,751-480-5930,contact@archticketcloud.com,https://archticketcloud.com,133,Raleigh,US,2026-06-13 01:29:17
2026-06-13,HR,PivotTeamSoft,+18642948529,sales@pivotteamsoft.com,https://www.pivotteamsoft.com,257,Melbourne,AU,2026-06-13 02:45:39
2026-06-13,Medical,CrownMedBase,+13824561003,sales@crownmedbase.com,https://www.crownmedbase.com,47,Berlin,DE,2026-06-13 03:58:26
2026-06-13,ERP,Cobalt BatchSoft,272-594-1751,hello@cobaltbatchsoft.com,cobaltbatchsoft.com,436,Manchester,UK,2026-06-13 05:45:43
2026-06-13,ERP,LumenForgePlatform,836-968-6844,sales@lumenforgeplatform.com,lumenforgeplatform.com,383,Pune,IN,2026-06-13 03:18:49
2026-06-13,Legal,RidgewayDocket Core,623-823-9616,info@ridgewaydocketcore.net,https://ridgewaydocketcore.net,14,Manchester,UK,2026-06-13 06:34:18
2026-06-13,HR,DeltaCulture Systems,439-815-7507,contact@deltaculturesystems.com,https://www.deltaculturesystems.com,24,Bengaluru,IN,2026-06-13 04:39:01
2026-06-13,HR,EmberCulture Dynamics,1-305-224-4637,info@emberculturedynamics.io,https://emberculturedynamics.io,626,Manchester,UK,2026-06-13 06:29:14
2026-06-13,ERP,GoldenResource Point,6934820406 ext. 31,info@goldenresourcepoint.net,https://www.goldenresourcepoint.net,7,Tampa,US,2026-06-13 03:47:51
2026-06-13,Legal,OrbitCounselTech,(678) 787-9802,contact@orbitcounseltech.com,https://www.orbitcounseltech.com,14,Chicago,US,2026-06-13 05:07:59
2026-06-13,HR,Xenon BenefitTech,+19763496660,contact@xenonbenefittech.net,https://www.xenonbenefittech.net,11,Phoenix,US,2026-06-13 01:04:51
2026-06-13,ERP,WillowStockLogic,(804) 296-9108,sales@willowstocklogic.com,willowstocklogic.com,87,Vancouver,CA,2026-06-13 02:04:07
2026-06-13,Legal,Indigo CounselSuite,1-717-265-1741,hello@indigocounselsuite.net,indigocounselsuite.net,10,Chicago,US,2026-06-13 03:35:06
2026-06-13,ERP,HarborChainLabs,+1 (692) 304-0835,hello@harborchainlabs.com,harborchainlabs.com,8,Columbus,US,2026-06-13 02:24:13
2026-06-13,HR,RapidShift Hub,768-579-8933,contact@rapidshifthub.net,https://rapidshifthub.net,16,Boston,US,2026-06-13 02:20:23
2026-06-13,HR,Omni PerformFlow,474-876-9227,contact@omniperformflow.com,https://omniperformflow.com,46,Seattle,US,2026-06-13 04:20:44
2026-06-13,Medical,Keystone CarePoint,555-924-6457,info@keystonecarepoint.com,https://keystonecarepoint.com,16,Denver,US,2026-06-13 03:13:29
2026-06-13,MSP Platform,Quantum StackSphere,1-726-277-7156,hello@quantumstacksphere.io,quantumstacksphere.io,850,Tampa,US,2026-06-13 05:18:41
2026-06-13,MSP Platform,KeystoneRemote Tech,+19475612332,contact@keystoneremotetech.net,keystoneremotetech.net,238,Berlin,DE,2026-06-13 04:44:58
2026-06-13,Medical,FusionHealthHub,+16994213242,info@fusionhealthhub.io,https://www.fusionhealthhub.io,181,Atlanta,US,2026-06-13 04:01:31
2026-06-13,MSP Platform,Nimbus MonitorCore,637-746-5815,hello@nimbusmonitorcore.com,https://www.nimbusmonitorcore.com,38,Phoenix,US,2026-06-13 06:43:27
2026-06-13,Legal,Raven LawPoint,376.356.1166,-,https://www.ravenlawpoint.io,288,Seattle,US,2026-06-13 06:52:03
2026-06-13,MSP Platform,WillowPatchCloud,7879839458,sales@willowpatchcloud.com,https://www.willowpatchcloud.com,29,Singapore,SG,2026-06-13 01:29:13
2026-06-13,MSP Platform,Pioneer UptimeWorks,(834) 910-3142,hello@pioneeruptimeworks.com,https://pioneeruptimeworks.com,84,Islamabad,PK,2026-06-13 03:16:53
2026-06-13,HR,AltaRoster Sphere,+1 (598) 679-1214,info@altarostersphere.io,https://www.altarostersphere.io,20,Denver,US,2026-06-13 06:57:56
2026-06-13,Medical,Cobalt HealthSystems,3405342364,sales@cobalthealthsystems.com,https://www.cobalthealthsystems.com,321,Chicago,US,2026-06-13 04:20:12
2026-06-13,MSP Platform,Quantum StackFlow,2453732432,contact@quantumstackflow.io,https://www.quantumstackflow.io,522,Sydney,AU,2026-06-13 05:50:04
2026-06-13,MSP Platform,True PatchDynamics,+13046695706,sales@truepatchdynamics.io,https://www.truepatchdynamics.io,35,Tampa,US,2026-06-13 02:19:52
2026-06-13,MSP Platform,Onyx GridSolutions,8765947158,contact@onyxgridsolutions.io,onyxgridsolutions.io,20,Dublin,IE,2026-06-13 02:19:19
2026-06-13,ERP,Bold OpsCore,9387972586,hello@boldopscore.com,https://www.boldopscore.com,26,Calgary,CA,2026-06-13 01:14:28
2026-06-13,HR,NorthRoster Works,542-800-4667,info@northrosterworks.io,https://www.northrosterworks.io,291,Austin,US,2026-06-13 03:20:00
2026-06-13,HR,North BenefitSphere,+16508426070,sales@northbenefitsphere.com,https://www.northbenefitsphere.com,100,Tampa,US,2026-06-13 01:13:48
2026-06-13,ERP,VeloOpsLogic,(545) 612-9978,sales@veloopslogic.com,https://veloopslogic.com,155,Austin,US,2026-06-13 03:45:04
2026-06-13,Medical,Pioneer RxDynamics,224-242-0908 ext. 31,sales@pioneerrxdynamics.io,https://www.pioneerrxdynamics.io,49,Columbus,US,2026-06-13 06:21:10
2026-06-13,ERP,CedarStock Works,(674) 519-0945,sales@cedarstockworks.net,https://www.cedarstockworks.net,88,Atlanta,US,2026-06-13 06:43:17
2026-06-13,ERP,CorePlanLogic,+1 (516) 640-9805,sales@coreplanlogic.net,https://www.coreplanlogic.net,26,Atlanta,US,2026-06-13 02:38:07
2026-06-13,MSP Platform,ApexRemoteApp,3474370749 ext. 27,info@apexremoteapp.io,apexremoteapp.io,420,Chicago,US,2026-06-13 03:09:48
2026-06-13,ERP,LumenLedger Point,+1 (891) 492-2985,info@lumenledgerpoint.io,https://www.lumenledgerpoint.io,19,Austin,US,2026-06-13 01:55:54
2026-06-13,HR,Anchor OnboardHub,+1 (235) 498-2539,sales@anchoronboardhub.co,https://www.anchoronboardhub.co,393,Karachi,PK,2026-06-13 06:41:45
2026-06-13,HR,XenonTalent Dynamics,(773) 980-7304,info@xenontalentdynamics.com,https://www.xenontalentdynamics.com,112,Raleigh,US,2026-06-13 04:22:25
2026-06-13,MSP Platform,True GridSoft,254-625-7268,info@truegridsoft.net,https://truegridsoft.net,12,Boston,US,2026-06-13 05:59:03
2026-06-13,MSP Platform,LumenStackPoint,504-918-6738 ext. 99,contact@lumenstackpoint.io,https://lumenstackpoint.io,N/A,Boston,US,2026-06-13 06:01:06
2026-06-13,Medical,SolidPulseDynamics,(351) 602-8513,info@solidpulsedynamics.io,https://www.solidpulsedynamics.io,8,Denver,US,2026-06-13 03:41:24
2026-06-13,HR,OrbitPerform Soft,(868) 353-6849,null,https://www.orbitperformsoft.com,63,Columbus,US,2026-06-13 01:52:28
2026-06-13,Legal,Silver CaseHub,+1 (478) 941-0908,sales@silvercasehub.com,https://www.silvercasehub.com,639,Seattle,US,2026-06-13 06:02:54
2026-06-13,MSP Platform,AnchorNetLabs,5776573774,info@anchornetlabs.com,https://www.anchornetlabs.com,70,Atlanta,US,2026-06-13 01:30:09
2026-06-13,HR,Bright Roster Consultants,(543) 511-4935,info@brightrosterconsultants.io,brightrosterconsultants.io,169,Denver,US,2026-06-13 05:37:32
2026-06-13,MSP Platform,Rapid GridCore,5119178310,hello@rapidgridcore.com,https://www.rapidgridcore.com,36,Denver,US,2026-06-13 04:07:34
2026-06-13,ERP,FusionOrderPoint,(487) 794-3963,sales@fusionorderpoint.com,https://www.fusionorderpoint.com,1929,Tampa,US,2026-06-13 05:34:49
2026-06-13,ERP,Meta ForgeDesk,347.658.9603,sales@metaforgedesk.net,https://www.metaforgedesk.net,7,Phoenix,US,2026-06-13 03:58:17
2026-06-13,Legal,NorthCounselSuite,1-956-424-2315,sales@northcounselsuite.net,https://www.northcounselsuite.net,141,Berlin,DE,2026-06-13 06:13:47
2026-06-13,MSP Platform,ApexMonitor Core,756-999-3850,contact@apexmonitorcore.com,https://www.apexmonitorcore.com,2581,Boston,US,2026-06-13 02:00:05
2026-06-13,Medical,Orbit HealthPoint,(736) 561-8384 ext. 10,sales@orbithealthpoint.co,orbithealthpoint.co,48,Columbus,US,2026-06-13 04:06:59
2026-06-13,HR,MosaicTalentSoft,688.991.1241,info@mosaictalentsoft.net,https://mosaictalentsoft.net,6,Atlanta,US,2026-06-13 03:13:04
2026-06-13,HR,Ridge RosterLabs,+18615760521,contact@ridgerosterlabs.io,https://ridgerosterlabs.io,2321,Phoenix,US,2026-06-13 02:16:07
2026-06-13,HR,AtlasTalent Logic,656-974-5447,sales@atlastalentlogic.com,https://atlastalentlogic.com,81,Denver,US,2026-06-13 06:53:51
2026-06-13,Medical,KeystonePulseLogic,4342419834,info@keystonepulselogic.com,https://www.keystonepulselogic.com,49,Berlin,DE,2026-06-13 03:06:51
2026-06-13,MSP Platform,HarborUptimePoint,1-945-636-7442,info@harboruptimepoint.io,https://www.harboruptimepoint.io,-,Melbourne,AU,2026-06-13 05:24:52
2026-06-13,ERP,QuantumFinPoint,222-833-2051,sales@quantumfinpoint.com,https://www.quantumfinpoint.com,39,Melbourne,AU,2026-06-13 01:05:42
2026-06-13,MSP Platform,Iron RemoteCloud,(274) 832-8150,sales@ironremotecloud.com,ironremotecloud.com,18,Columbus,US,2026-06-13 04:16:28
2026-06-13,ERP,TidalOps Logic,1-225-707-5106,contact@tidalopslogic.io,https://www.tidalopslogic.io,20,Columbus,US,2026-06-13 03:51:39
2026-06-13,MSP Platform,TidalEndpoint Cloud,204-927-4316,hello@tidalendpointcloud.com,https://www.tidalendpointcloud.com,632,Amsterdam,NL,2026-06-13 03:57:50
2026-06-13,ERP,RidgeForgePlatform,08682353564,contact@ridgeforgeplatform.com,https://www.ridgeforgeplatform.com,83,Leeds,UK,2026-06-13 06:19:07
2026-06-13,ERP,IndigoPlanLogic,(574) 784-6704,hello@indigoplanlogic.io,https://www.indigoplanlogic.io,573,Bengaluru,IN,2026-06-13 03:35:12
2026-06-13,HR,Pivot CultureDynamics,223.214.1898,contact@pivotculturedynamics.net,https://pivotculturedynamics.net,14,Austin,US,2026-06-13 04:35:53
2026-06-13,HR,Meta PerformLogic,+13637307947,sales@metaperformlogic.com,https://www.metaperformlogic.com,487,Calgary,CA,2026-06-13 06:01:13
2026-06-13,LMS,AnchorTrain Tech,4046376072,info@anchortraintech.io,https://anchortraintech.io,2149,Raleigh,US,2026-06-13 02:40:00
2026-06-13,ERP,Raven LedgerFlow,+16959241164 ext. 2,info@ravenledgerflow.com,https://www.ravenledgerflow.com,646,Chicago,US,2026-06-13 05:58:41
2026-06-13,ERP,VeloStockSphere,761-471-0609,contact@velostocksphere.com,https://www.velostocksphere.com,19,Chicago,US,2026-06-13 03:43:31
2026-06-13,ERP,IndigoPlanPlatform,+1 (417) 947-2311,contact@indigoplanplatform.com,https://www.indigoplanplatform.com,220,Manchester,UK,2026-06-13 04:59:20
2026-06-13,HR,Fusion BenefitApp,+13569103892 ext. 86,contact@fusionbenefitapp.com,https://www.fusionbenefitapp.com,21,Atlanta,US,2026-06-13 03:59:52
2026-06-13,ERP,FalconPlan Suite,872.679.3319,hello@falconplansuite.io,https://www.falconplansuite.io,15,Tampa,US,2026-06-13 04:11:37
2026-06-13,MSP Platform,Cobalt GridBase,764-472-3396,sales@cobaltgridbase.co,https://www.cobaltgridbase.co,41,Karachi,PK,2026-06-13 06:51:30
2026-06-13,Legal,SableVerdictSolutions,281-936-9068,info@sableverdictsolutions.io,https://www.sableverdictsolutions.io,21,Columbus,US,2026-06-13 05:15:01
2026-06-13,ERP,Blue ResourceLogic,+15817384225,sales@blueresourcelogic.net,https://www.blueresourcelogic.net,93,Munich,DE,2026-06-13 05:55:28
2026-06-13,Legal,SableVerdict Flow,+17328108714,hello@sableverdictflow.io,https://sableverdictflow.io,18,Atlanta,US,2026-06-13 04:42:23
2026-06-13,Legal,NorthLaw Suite,7224028596,hello@northlawsuite.io,https://www.northlawsuite.io,7,Singapore,SG,2026-06-13 01:50:25
2026-06-13,HR,SummitBenefit Dynamics,300-477-9298,hello@summitbenefitdynamics.com,https://www.summitbenefitdynamics.com,126,Calgary,CA,2026-06-13 01:56:43
2026-06-13,HR,NovaRosterLogic,297-635-4365 ext. 27,hello@novarosterlogic.com,novarosterlogic.com,341,Denver,US,2026-06-13 06:53:49
2026-06-13,MSP Platform,UmbraTicket Soft,+12153199188,hello@umbraticketsoft.io,https://www.umbraticketsoft.io,311,Dublin,IE,2026-06-13 05:34:13
2026-06-13,Medical,North ClinicSuite,1-740-476-3399,sales@northclinicsuite.com,https://www.northclinicsuite.com,6,Seattle,US,2026-06-13 04:36:27
2026-06-13,MSP Platform,IndigoUptimePoint,(679) 414-1270,hello@indigouptimepoint.co,indigouptimepoint.co,123,Seattle,US,2026-06-13 06:51:28
2026-06-13,Medical,Silver ChartDynamics,245.614.1701,hello@silverchartdynamics.net,https://silverchartdynamics.net,411,Sydney,AU,2026-06-13 01:47:45
2026-06-13,Medical,Delta ClinicHub,1-525-435-0186,contact@deltaclinichub.com,https://www.deltaclinichub.com,8,Leeds,UK,2026-06-13 04:40:35
2026-06-13,Medical,Juniper RxCore,777-241-8488,sales@juniperrxcore.com,https://juniperrxcore.com,42,Raleigh,US,2026-06-13 05:46:08
2026-06-13,Medical,HaloChart Logic,1-917-210-3910,hello@halochartlogic.com,https://www.halochartlogic.com,21,Amsterdam,NL,2026-06-13 04:47:40
2026-06-13,HR,Ridge BenefitLabs,764.998.6575,hello@ridgebenefitlabs.com,https://www.ridgebenefitlabs.com,30,Lahore,PK,2026-06-13 01:59:19
2026-06-13,MSP Platform,Ridge RemoteBase,1-326-749-9049,sales@ridgeremotebase.com,https://ridgeremotebase.com,29,Toronto,CA,2026-06-13 03:06:31
2026-06-13,HR,Bright TalentCore,+18156492929,contact@brighttalentcore.co,https://brighttalentcore.co,275,Chicago,US,2026-06-13 04:19:56
2026-06-13,ERP,ArchFin Systems,(749) 251-5377,sales@archfinsystems.com,https://www.archfinsystems.com,90,Seattle,US,2026-06-13 05:30:49
2026-06-13,MSP Platform,MetaMonitor Systems,(218) 504-0018,sales@metamonitorsystems.com,https://www.metamonitorsystems.com,4773,Dublin,IE,2026-06-13 03:41:24
2026-06-13,LMS,OmniMentor Desk,644-266-5137,info@omnimentordesk.co,https://www.omnimentordesk.co,15,Chicago,US,2026-06-13 04:38:05
2026-06-13,ERP,IronForge Cloud,(754) 873-7781,hello@ironforgecloud.com,https://www.ironforgecloud.com,7,Denver,US,2026-06-13 04:34:10
2026-06-13,MSP Platform,VistaUptimeFlow,710-383-3066,sales@vistauptimeflow.com,https://vistauptimeflow.com,86,Tampa,US,2026-06-13 06:14:04
2026-06-13,HR,OmniOnboard Sphere,+17986030296,info@omnionboardsphere.com,https://omnionboardsphere.com,198,Toronto,CA,2026-06-13 06:57:12
2026-06-13,HR,Iron TeamDynamics,5334497148,sales@ironteamdynamics.io,https://ironteamdynamics.io,73,Austin,US,2026-06-13 02:33:35
2026-06-13,ERP,PolarisStockSphere,(408) 707-6891,sales@polarisstocksphere.com,https://www.polarisstocksphere.com,22,Melbourne,AU,2026-06-13 01:31:16
2026-06-13,ERP,Lumen OpsBase,1-819-616-0349,info@lumenopsbase.com,https://lumenopsbase.com,4479,Islamabad,PK,2026-06-13 04:05:34
2026-06-13,HR,SolidTeamPlatform,+12896824569,info@solidteamplatform.com,https://www.solidteamplatform.com,36,Phoenix,US,2026-06-13 06:55:17
2026-06-13,Legal,DeltaCompliPoint,+17838251116,sales@deltacomplipoint.io,deltacomplipoint.io,12,Seattle,US,2026-06-13 04:21:58
2026-06-13,Legal,RapidDocket Flow,(558) 256-6772,hello@rapiddocketflow.co,rapiddocketflow.co,39,null,US,2026-06-13 03:13:24
2026-06-13,ERP,KeystoneChain Soft,901-386-8620,hello@keystonechainsoft.com,https://www.keystonechainsoft.com,473,Phoenix,US,2026-06-13 06:12:11
2026-06-13,HR,ZenPeopleFlow,291-433-8958,sales@zenpeopleflow.com,https://www.zenpeopleflow.com,687,Seattle,US,2026-06-13 01:10:33
2026-06-13,Legal,IndigoFilingHub,+17137933630 ext. 34,contact@indigofilinghub.co,https://www.indigofilinghub.co,459,Raleigh,US,2026-06-13 01:43:33
2026-06-13,MSP Platform,FusionPatch Labs,(433) 574-2098,contact@fusionpatchlabs.net,https://fusionpatchlabs.net,146,Denver,US,2026-06-13 06:01:28
2026-06-13,HR,Orbit PerformSync,1-816-236-5031,contact@orbitperformsync.com,orbitperformsync.com,9,Vancouver,CA,2026-06-13 06:31:48
2026-06-13,ERP,FusionPlanTech,630-640-2156,contact@fusionplantech.com,https://www.fusionplantech.com,595,Austin,US,2026-06-13 05:39:19
2026-06-13,Legal,BoldLaw Core,+18488717502,hello@boldlawcore.io,boldlawcore.io,3895,Boston,US,2026-06-13 02:40:51
2026-06-13,MSP Platform,LumenNode’s Point,449-208-2302,contact@lumennodepoint.com,lumennodepoint.com,259,Denver,US,2026-06-13 05:41:41
2026-06-13,Legal,ApexFiling Platform,900-950-2815,hello@apexfilingplatform.net,https://www.apexfilingplatform.net,972,Leeds,UK,2026-06-13 01:19:29
2026-06-13,LMS,LumenPathSystems’s,782-873-3237,sales@lumenpathsystems.com,https://lumenpathsystems.com,38,Atlanta,US,2026-06-13 06:25:03
2026-06-13,Legal,OrbitLaw Flow,1-388-508-5834,info@orbitlawflow.com,orbitlawflow.com,119,Seattle,US,2026-06-13 04:45:58
2026-06-13,ERP,Pioneer FinSphere,04199576642,info@pioneerfinsphere.net,https://pioneerfinsphere.net,91,Atlanta,US,2026-06-13 05:18:44
2026-06-13,HR,AnchorBenefitWorks,220-319-3902,sales@anchorbenefitworks.com,anchorbenefitworks.com,35,Dublin,IE,2026-06-13 04:01:59
2026-06-13,Legal,Lumen CaseTech,8774223018,info@lumencasetech.com,lumencasetech.com,62,Boston,US,2026-06-13 01:26:22
2026-06-13,MSP Platform,OnyxMonitorTech,1-218-532-5407,contact@onyxmonitortech.com,https://www.onyxmonitortech.com,48,Seattle,US,2026-06-13 06:36:54
2026-06-13,Medical,GraniteChart Desk,+18829604788,hello@granitechartdesk.com,https://www.granitechartdesk.com,16,Dublin,IE,2026-06-13 06:27:04
2026-06-13,Legal,DeltaClause Logic,784-680-6995,contact@deltaclauselogic.com,https://deltaclauselogic.com,84,London,UK,2026-06-13 04:41:15
2026-06-13,Medical,Willow MedBase,(252) 407-8724,sales@willowmedbase.com,https://willowmedbase.com,15,Singapore,SG,2026-06-13 02:51:02
2026-06-13,HR,RavenPayroll Systems,1-753-697-0280,contact@ravenpayrollsystems.com,https://ravenpayrollsystems.com,328,Munich,DE,2026-06-13 05:01:39
2026-06-13,HR,Delta PayrollSoft,508-810-9623,contact@deltapayrollsoft.net,https://www.deltapayrollsoft.net,10,Seattle,US,2026-06-13 03:15:37
2026-06-13,ERP,Quartz ForgeSuite,936-246-5196,N/A,https://www.quartzforgesuite.com,7,Seattle,US,2026-06-13 04:35:02
2026-06-13,Medical,NimbusTriageCloud,+14308991446,hello@nimbustriagecloud.co,nimbustriagecloud.co,9,Manchester,UK,2026-06-13 02:53:17
2026-06-13,ERP,AnchorForgeSphere,8666354151,info@anchorforgesphere.com,https://anchorforgesphere.com,29,Denver,US,2026-06-13 03:05:49
2026-06-13,Medical,SummitTriage Tech,(346) 815-3503,hello@summittriagetech.com,https://www.summittriagetech.com,119,Singapore,SG,2026-06-13 03:58:31
2026-06-13,MSP Platform,Cedar GridWorks,818.694.1630,contact@cedargridworks.com,https://www.cedargridworks.com,167,Seattle,US,2026-06-13 04:33:08
2026-06-13,Medical,PolarisCareSoft,+1 (333) 227-0787,info@polariscaresoft.com,https://www.polariscaresoft.com,140,Dublin,IE,2026-06-13 05:38:40
2026-06-13,Legal,LatticeFiling Flow,(456) 612-7829,sales@latticefilingflow.com,https://latticefilingflow.com,null,Amsterdam,NL,2026-06-13 01:56:34
2026-06-13,LMS,VeloMonitorWorks,(371) 588-9935 ext. 84,hello@velomonitorworks.com,velomonitorworks.com,20,Sydney,AU,2026-06-13 04:08:00
2026-06-13,HR,Apex TalentDesk,494-999-8502,contact@apextalentdesk.net,apextalentdesk.net,4411,Boston,US,2026-06-13 02:46:46
2026-06-13,ERP,NovaOps Cloud,8303228861,sales@novaopscloud.com,https://www.novaopscloud.com,51,Karachi,PK,2026-06-13 04:45:14
2026-06-13,ERP,EmberPlan Core,05677348914,hello@emberplancore.co,https://www.emberplancore.co,35,N/A,US,2026-06-13 01:16:24
2026-06-13,ERP,BeaconChain Dynamics,395.726.7007,contact@beaconchaindynamics.io,https://www.beaconchaindynamics.io,61,Boston,US,2026-06-13 03:13:58
2026-06-13,Medical,NovaPulse Hub,466-653-0645,hello@novapulsehub.com,https://www.novapulsehub.com,81,Sydney,AU,2026-06-13 01:26:40
2026-06-13,MSP Platform,Ridge MonitorPoint,+12538721153,info@ridgemonitorpoint.com,ridgemonitorpoint.com,19,Columbus,US,2026-06-13 03:10:44
2026-06-13,MSP Platform,LatticeGrid’s Labs,(913) 955-2182,contact@latticegridlabs.com,https://www.latticegridlabs.com,127,Seattle,US,2026-06-13 03:10:20
2026-06-13,HR,PolarisBenefitSoft,1-464-289-3359,-,polarisbenefitsoft.co,65,Atlanta,US,2026-06-13 04:56:55
2026-06-13,HR,BlueTeam Dynamics,+14625199732 ext. 89,info@blueteamdynamics.io,https://www.blueteamdynamics.io,58,Columbus,US,2026-06-13 02:12:17
2026-06-13,HR,TidalTeam Sphere,(643) 787-8141,sales@tidalteamsphere.com,tidalteamsphere.com,661,Boston,US,2026-06-13 06:58:27
2026-06-13,HR,CedarCultureSoft,+1 (959) 883-1602,hello@cedarculturesoft.com,https://www.cedarculturesoft.com,49,Denver,US,2026-06-13 04:20:11
2026-06-13,MSP Platform,RidgeUptimeWorks,+13683790823,contact@ridgeuptimeworks.io,https://ridgeuptimeworks.io,29,Tampa,US,2026-06-13 02:06:06
2026-06-13,ERP,VertexFinSuite,338.621.3804,hello@vertexfinsuite.co,https://www.vertexfinsuite.co,92,Melbourne,AU,2026-06-13 02:11:51
2026-06-13,HR,Apex CultureSync,+18735529173,info@apexculturesync.io,https://www.apexculturesync.io,7,Hyderabad,IN,2026-06-13 03:46:58
2026-06-13,ERP,GoldenLedgerPoint,+14353327896,sales@goldenledgerpoint.com,https://www.goldenledgerpoint.com,66,Singapore,SG,2026-06-13 06:48:38
2026-06-13,LMS,UmbraPeopleWorks,(757) 396-5171,info@umbrapeopleworks.com,https://umbrapeopleworks.com,228,Amsterdam,NL,2026-06-13 06:28:20
2026-06-13,Medical,MosaicMed Cloud,954-671-9684,sales@mosaicmedcloud.io,mosaicmedcloud.io,15,Vancouver,CA,2026-06-13 03:23:23
2026-06-13,Medical,RavenRosterPoint,+18115178673,hello@ravenrosterpoint.co,https://www.ravenrosterpoint.co,3546,Singapore,SG,2026-06-13 05:55:00
2026-06-13,ERP,FalconLedger App,+1 (637) 831-5266 ext. 81,contact@falconledgerapp.com,https://www.falconledgerapp.com,534,Dublin,IE,2026-06-13 03:55:29
2026-06-13,ERP,Zen BatchPoint,+1 (962) 679-5572,info@zenbatchpoint.com,zenbatchpoint.com,636,Manchester,UK,2026-06-13 06:18:46
2026-06-13,MSP Platform,FalconEndpoint Base,511-800-5150,sales@falconendpointbase.com,https://falconendpointbase.com,238,Bengaluru,IN,2026-06-13 02:38:31
2026-06-13,Medical,IndigoChartSystems,947-426-7666,hello@indigochartsystems.com,https://indigochartsystems.com,212,Calgary,CA,2026-06-13 04:43:56
2026-06-13,HR,Atlas PerformFlow,6923979320,sales@atlasperformflow.com,https://www.atlasperformflow.com,51,Manchester,UK,2026-06-13 04:23:40
2026-06-13,ERP,UmbraLedger Platform,+16364461648,sales@umbraledgerplatform.com,https://umbraledgerplatform.com,14,Chicago,US,2026-06-13 06:40:19
2026-06-13,Medical,OrbitRx Systems,1-806-836-2544,info@orbitrxsystems.com,https://orbitrxsystems.com,13,Tampa,US,2026-06-13 05:05:06
2026-06-13,ERP,Sable ChainFlow,1-349-858-1650,sales@sablechainflow.io,https://www.sablechainflow.io,88,Vancouver,CA,2026-06-13 06:41:40
2026-06-13,HR,SilverTalentCore,07963401301,contact@silvertalentcore.com,https://www.silvertalentcore.com,776,Calgary,CA,2026-06-13 04:57:51
2026-06-13,MSP Platform,ZephyrMonitor Soft,+1 (326) 993-1213,sales@zephyrmonitorsoft.io,zephyrmonitorsoft.io,57,Islamabad,PK,2026-06-13 01:04:54
2026-06-13,MSP Platform,SummitTicket Dynamics,+12539663495,info@summitticketdynamics.com,https://www.summitticketdynamics.com,199,Chicago,US,2026-06-13 02:22:59
2026-06-13,ERP,Core OpsDynamics,(781) 227-1667 ext. 4,sales@coreopsdynamics.io,https://www.coreopsdynamics.io,195,Boston,US,2026-06-13 02:21:37
2026-06-13,Legal,GraniteMatter Hub,(468) 635-7248,hello@granitematterhub.net,granitematterhub.net,39,Leeds,UK,2026-06-13 01:06:03
2026-06-13,ERP,Golden StockHub,(987) 784-1090 ext. 73,hello@goldenstockhub.com,goldenstockhub.com,427,Manchester,UK,2026-06-13 03:27:06
2026-06-13,ERP,RavenOps Labs,7157925719 ext. 30,contact@ravenopslabs.com,https://ravenopslabs.com,60,Phoenix,US,2026-06-13 04:30:39
2026-06-13,Legal,NimbusCase Labs,(617) 726-5297,info@nimbuscaselabs.io,nimbuscaselabs.io,183,Austin,US,2026-06-13 01:24:14
2026-06-13,ERP,Orbit PlanApp,(892) 281-9539,hello@orbitplanapp.com,orbitplanapp.com,11,Manchester,UK,2026-06-13 02:22:13
2026-06-13,ERP,AtlasFiling Core,(584) 744-5302 ext. 98,hello@atlasfilingcore.co,https://www.atlasfilingcore.co,34,Chicago,US,2026-06-13 04:44:38
2026-06-13,Legal,EmberVerdict Sync,495.485.1010,info@emberverdictsync.com,https://emberverdictsync.com,44,Seattle,US,2026-06-13 01:46:40
2026-06-13,Legal,Crown CompliBase,(970) 251-1049,hello@crowncomplibase.io,https://www.crowncomplibase.io,310,Munich,DE,2026-06-13 02:35:18
2026-06-13,HR,Umbra OnboardLogic,387-609-8367,info@umbraonboardlogic.com,umbraonboardlogic.com,80,Chicago,US,2026-06-13 06:00:36
2026-06-13,Legal,CedarMatter Desk,+16174200891,sales@cedarmatterdesk.io,https://cedarmatterdesk.io,25,Sydney,AU,2026-06-13 06:25:41
2026-06-13,ERP,Velo CaseTech,+14198026328,info@velocasetech.co,velocasetech.co,77,Berlin,DE,2026-06-13 03:43:15
2026-06-13,Legal,OrbitCompliPoint,924.787.5305,contact@orbitcomplipoint.com,https://www.orbitcomplipoint.com,47,Phoenix,US,2026-06-13 06:30:14
2026-06-13,ERP,Umbra ResourceBase,(246) 665-5185,hello@umbraresourcebase.com,https://www.umbraresourcebase.com,8,Austin,US,2026-06-13 01:24:17
2026-06-13,Legal,FusionClauseCore,412.221.8146,sales@fusionclausecore.com,fusionclausecore.com,10,Tampa,US,2026-06-13 03:13:13
2026-06-13,ERP,Orbit ForgeBase,950.812.9603,contact@orbitforgebase.com,https://www.orbitforgebase.com,11,Columbus,US,2026-06-13 04:26:20
2026-06-13,Medical,NimbusVital App,+17886667993,hello@nimbusvitalapp.com,https://nimbusvitalapp.com,35,Dublin,IE,2026-06-13 06:19:11
2026-06-13,HR,BoldOnboard Systems,(876) 790-2794,contact@boldonboardsystems.com,https://www.boldonboardsystems.com,106,Dublin,IE,2026-06-13 04:59:23
2026-06-13,MSP Platform,RidgeTeamSuite,7004489720,sales@ridgeteamsuite.com,https://www.ridgeteamsuite.com,7,Toronto,CA,2026-06-13 01:50:56
2026-06-13,HR,Crest TeamLabs,(661) 646-6103,hello@crestteamlabs.com,https://www.crestteamlabs.com,36,Denver,US,2026-06-13 01:56:28
2026-06-13,Medical,JuniperClinicSolutions,3008031691,sales@juniperclinicsolutions.co,juniperclinicsolutions.co,16,Atlanta,US,2026-06-13 05:44:24
2026-06-13,ERP,VeloBatchCloud,+1 (725) 571-8618,sales@velobatchcloud.com,https://www.velobatchcloud.com,60,Austin,US,2026-06-13 01:56:52
2026-06-13,ERP,JuniperPlan Solutions,4894530607,hello@juniperplansolutions.com,juniperplansolutions.com,252,Boston,US,2026-06-13 05:22:34
2026-06-13,Legal,BoldDocket Labs,+16309265982,sales@bolddocketlabs.io,bolddocketlabs.io,452,Columbus,US,2026-06-13 01:39:28
2026-06-13,MSP Platform,Zephyr NodeLabs,658-805-1067,contact@zephyrnodelabs.io,https://zephyrnodelabs.io,4337,Denver,US,2026-06-13 05:10:25
2026-06-13,LMS,KeystoneLesson Labs,+16847839075,info@keystonelessonlabs.co,https://www.keystonelessonlabs.co,371,Columbus,US,2026-06-13 02:42:16
2026-06-13,Medical,CoreCare Hub,294-912-5217 ext. 35,sales@corecarehub.com,https://www.corecarehub.com,404,London,UK,2026-06-13 02:16:25
2026-06-13,Medical,HarborVitalLogic,(364) 387-7658,sales@harborvitallogic.io,https://harborvitallogic.io,417,Amsterdam,NL,2026-06-13 04:58:28
2026-06-13,Medical,BoldVitalTech,+1 (549) 368-7213,-,https://www.boldvitaltech.com,7,Columbus,US,2026-06-13 02:34:02
2026-06-13,Medical,Sable VitalDynamics,(427) 772-3715,contact@sablevitaldynamics.io,sablevitaldynamics.io,13,London,UK,2026-06-13 03:13:29
2026-06-13,MSP Platform,UmbraNetTech,(297) 212-0916,-,https://www.umbranettech.co,669,Phoenix,US,2026-06-13 03:28:17
2026-06-13,Medical,Ridgeway HealthLogic,(900) 696-2758,contact@ridgewayhealthlogic.com,https://www.ridgewayhealthlogic.com,106,Seattle,US,2026-06-13 06:22:02
2026-06-13,MSP Platform,Polaris RemoteSolutions,1-326-797-4049,info@polarisremotesolutions.co,https://www.polarisremotesolutions.co,19,Columbus,US,2026-06-13 03:30:12
2026-06-13,ERP,OmniBatchWorks,8715708397,hello@omnibatchworks.com,https://omnibatchworks.com,6,Dublin,IE,2026-06-13 02:03:25
2026-06-13,Medical,Willow PulseSphere,8668130482,hello@willowpulsesphere.co,https://www.willowpulsesphere.co,N/A,London,UK,2026-06-13 03:05:56
2026-06-13,ERP,PolarisOrder Platform,(624) 238-3488,hello@polarisorderplatform.com,https://polarisorderplatform.com,9,Austin,US,2026-06-13 06:15:23
2026-06-13,HR,OrbitPerform Labs,07269890827,sales@orbitperformlabs.com,https://www.orbitperformlabs.com,420,Atlanta,US,2026-06-13 04:02:44
2026-06-13,ERP,CedarOrder Soft,1-610-353-8867,hello@cedarordersoft.com,https://www.cedarordersoft.com,485,Bengaluru,IN,2026-06-13 03:30:29
2026-06-13,HR,IronShift Sphere,+16398639836,sales@ironshiftsphere.io,https://ironshiftsphere.io,31,Denver,US,2026-06-13 02:07:54
2026-06-13,ERP,NimbusOpsFlow,430-738-4317,info@nimbusopsflow.io,https://www.nimbusopsflow.io,162,Denver,US,2026-06-13 05:28:27
2026-06-13,ERP,Core ResourceApp,06414857949,sales@coreresourceapp.com,https://coreresourceapp.com,3578,Atlanta,US,2026-06-13 06:28:28
2026-06-13,ERP,LumenOrder Base,+16405205837,sales@lumenorderbase.net,https://lumenorderbase.net,7,Pune,IN,2026-06-13 04:50:46
2026-06-13,ERP,ZenFin Desk,+18065373068,hello@zenfindesk.io,https://zenfindesk.io,514,Columbus,US,2026-06-13 01:13:31
2026-06-13,HR,Summit BenefitPoint,+1 (226) 534-9320,contact@summitbenefitpoint.com,https://www.summitbenefitpoint.com,29,Amsterdam,NL,2026-06-13 02:07:21
2026-06-13,Legal,Crest BriefPlatform,504.780.7240,contact@crestbriefplatform.com,https://www.crestbriefplatform.com,26,Melbourne,AU,2026-06-13 02:34:46
2026-06-13,Legal,HarborVerdict Platform,(209) 942-5772,contact@harborverdictplatform.net,https://www.harborverdictplatform.net,43,Denver,US,2026-06-13 05:46:04
2026-06-13,Legal,FusionVerdict Point,(253) 863-5159,info@fusionverdictpoint.com,https://fusionverdictpoint.com,39,Boston,US,2026-06-13 03:11:03
2026-06-13,ERP,Indigo OrderSolutions,+18292532517,sales@indigoordersolutions.io,https://indigoordersolutions.io,219,Melbourne,AU,2026-06-13 03:00:05
2026-06-13,Legal,Prime LawSync,4899261847,hello@primelawsync.com,primelawsync.com,39,Phoenix,US,2026-06-13 03:49:19
2026-06-13,MSP Platform,Raven GridSphere,220.486.5092,hello@ravengridsphere.com,ravengridsphere.com,497,Melbourne,AU,2026-06-13 05:53:55
2026-06-13,HR,PioneerPeople Desk,+16668067795,info@pioneerpeopledesk.com,pioneerpeopledesk.com,13,Denver,US,2026-06-13 03:58:28
2026-06-13,LMS,GoldenSkillCloud,8359433136,hello@goldenskillcloud.com,https://www.goldenskillcloud.com,44,Raleigh,US,2026-06-13 02:31:42
2026-06-13,MSP Platform,LatticeMonitorLogic,1-771-462-2994,hello@latticemonitorlogic.com,https://www.latticemonitorlogic.com,17,Phoenix,US,2026-06-13 02:38:34
2026-06-13,HR,Raven ShiftHub,600-728-8201,contact@ravenshifthub.net,ravenshifthub.net,4444,Seattle,US,2026-06-13 04:58:03
2026-06-13,Legal,EmberClauseHub,7505995747 ext. 96,hello@emberclausehub.io,https://emberclausehub.io,19,Manchester,UK,2026-06-13 02:51:51
2026-06-13,HR,EmberPerformSolutions,2389024141,contact@emberperformsolutions.com,https://emberperformsolutions.com,112,Leeds,UK,2026-06-13 01:19:05
2026-06-13,HR,RapidPeople Labs,8224055594,sales@rapidpeoplelabs.com,https://www.rapidpeoplelabs.com,90,Singapore,SG,2026-06-13 04:08:37
2026-06-13,HR,BeaconOnboardBase,491-373-6711 ext. 63,info@beacononboardbase.com,beacononboardbase.com,181,Seattle,US,2026-06-13 04:40:09
2026-06-13,Medical,MosaicRx Works,+1 (844) 984-4236,sales@mosaicrxworks.com,https://mosaicrxworks.com,1202,Berlin,DE,2026-06-13 03:34:24
2026-06-13,Legal,Solid CounselHub,+1 (352) 424-3605,hello@solidcounselhub.com,https://www.solidcounselhub.com,14,Lahore,PK,2026-06-13 02:10:33
2026-06-13,Legal,Apex CaseLogic,05417206794,contact@apexcaselogic.com,https://www.apexcaselogic.com,175,Atlanta,US,2026-06-13 01:34:05
2026-06-13,Medical,Ridge Triage Recruiting,+1 (653) 293-8580,sales@ridgetriagerecruiting.io,https://ridgetriagerecruiting.io,18,Melbourne,AU,2026-06-13 02:38:26
2026-06-13,ERP,Delta ChainSphere,335.636.5179,sales@deltachainsphere.com,deltachainsphere.com,58,Tampa,US,2026-06-13 01:57:39
2026-06-13,ERP,Bold ForgeDesk,+1 (530) 884-5189,contact@boldforgedesk.com,https://www.boldforgedesk.com,12,Austin,US,2026-06-13 02:27:25
2026-06-13,HR,FalconTalent Tech,8225954502,-,falcontalenttech.co,18,Tampa,US,2026-06-13 02:49:23
2026-06-13,Legal,CrestBriefPlatform,800-513-5405,info@crestbriefplatform.co,https://www.crestbriefplatform.co,32,Denver,US,2026-06-13 04:52:31
2026-06-13,Medical,QuantumChartPlatform,1-354-420-6722,info@quantumchartplatform.com,quantumchartplatform.com,353,Pune,IN,2026-06-13 04:39:12
2026-06-13,ERP,CoreFin Tech,+16752034086,sales@corefintech.com,https://www.corefintech.com,29,Boston,US,2026-06-13 06:06:36
2026-06-13,Medical,OnyxLedger Base,(658) 452-8772,,https://www.onyxledgerbase.com,35,Pune,IN,2026-06-13 06:44:40
2026-06-13,Medical,CrestPulsePlatform,(803) 729-3587,sales@crestpulseplatform.com,https://crestpulseplatform.com,384,Dublin,IE,2026-06-13 05:28:43
2026-06-13,Legal,HarborCounselSync,(949) 612-0932,sales@harborcounselsync.io,https://www.harborcounselsync.io,122,Vancouver,CA,2026-06-13 04:48:55
2026-06-13,ERP,RavenOrderFlow,449.432.1361,sales@ravenorderflow.io,https://ravenorderflow.io,91,Karachi,PK,2026-06-13 02:57:12
2026-06-13,Medical,Orbit MedPoint,466-596-1808,info@orbitmedpoint.io,orbitmedpoint.io,113,Pune,IN,2026-06-13 06:55:15
2026-06-13,ERP,JuniperLedger Flow,+12898080138,hello@juniperledgerflow.com,juniperledgerflow.com,399,Raleigh,US,2026-06-13 02:19:54
2026-06-13,LMS,Atlas TrainPoint,2346420201,info@atlastrainpoint.io,https://www.atlastrainpoint.io,14,Islamabad,PK,2026-06-13 03:25:42
2026-06-13,Medical,Sable HealthFlow,+1 (412) 215-0188,info@sablehealthflow.io,https://www.sablehealthflow.io,18,Toronto,CA,2026-06-13 05:17:03
2026-06-13,ERP,Raven OpsSystems,+17562524465,hello@ravenopssystems.co,https://www.ravenopssystems.co,44,-,US,2026-06-13 05:04:39
2026-06-13,Legal,Falcon CaseApp,936.300.9048,hello@falconcaseapp.com,https://www.falconcaseapp.com,42,Phoenix,US,2026-06-13 06:36:18
2026-06-13,LMS,RavenLearn Labs,9734057827 ext. 89,info@ravenlearnlabs.io,ravenlearnlabs.io,31,Tampa,US,2026-06-13 02:27:29
2026-06-13,MSP Platform,OmniNode Sync,+17256524329,info@omninodesync.net,omninodesync.net,145,Denver,US,2026-06-13 03:56:19
2026-06-13,MSP Platform,PolarisGridPlatform,+1 (810) 836-5661,hello@polarisgridplatform.co,polarisgridplatform.co,271,Leeds,UK,2026-06-13 04:04:37
2026-06-13,ERP,RidgeChainPlatform,1-930-511-7819,sales@ridgechainplatform.com,https://www.ridgechainplatform.com,20,Raleigh,US,2026-06-13 04:03:11
2026-06-13,ERP,Pivot ChainLabs,974-610-5672,hello@pivotchainlabs.net,https://www.pivotchainlabs.net,4046,Denver,US,2026-06-13 01:06:42
2026-06-13,HR,OnyxPerform Sync,665-574-9507,info@onyxperformsync.com,https://www.onyxperformsync.com,228,Atlanta,US,2026-06-13 04:10:02
2026-06-13,HR,FalconPayroll Core,(711) 767-8320,info@falconpayrollcore.com,https://www.falconpayrollcore.com,30,Denver,US,2026-06-13 03:25:31
2026-06-13,Legal,ApexMatterSoft,+14156937293,contact@apexmattersoft.net,apexmattersoft.net,6,London,UK,2026-06-13 03:47:43
2026-06-13,MSP Platform,SilverStackPlatform,(456) 860-4740,hello@silverstackplatform.com,https://www.silverstackplatform.com,270,Boston,US,2026-06-13 03:16:13
2026-06-13,Medical,North VitalTech,8908926058,sales@northvitaltech.io,https://www.northvitaltech.io,126,Boston,US,2026-06-13 04:05:45
2026-06-13,MSP Platform,NorthFin Sphere,6783640957,hello@northfinsphere.com,https://www.northfinsphere.com,N/A,Austin,US,2026-06-13 02:12:31
2026-06-13,Legal,TrueLawApp,(733) 837-7313 ext. 1,contact@truelawapp.com,https://www.truelawapp.com,246,Boston,US,2026-06-13 05:39:17
2026-06-13,LMS,GraniteLearnSoft,1-449-602-2443,contact@granitelearnsoft.io,https://www.granitelearnsoft.io,334,Boston,US,2026-06-13 06:13:07
2026-06-13,Medical,Atlas RxPlatform,1-215-993-1991,sales@atlasrxplatform.com,https://www.atlasrxplatform.com,13,Bengaluru,IN,2026-06-13 02:44:10
2026-06-13,ERP,Clear FinCore,7304643684 ext. 83,hello@clearfincore.co,https://www.clearfincore.co,28,Austin,US,2026-06-13 04:43:41
2026-06-13,HR,GraniteTeamWorks,5054602273,contact@graniteteamworks.io,https://graniteteamworks.io,88,Denver,US,2026-06-13 01:12:24
2026-06-13,ERP,Willow ForgeSystems,553-713-7643,info@willowforgesystems.io,https://willowforgesystems.io,8,Amsterdam,NL,2026-06-13 03:17:09
2026-06-13,MSP Platform,ZenNet Systems,+17138536781,contact@zennetsystems.com,https://zennetsystems.com,12,Dublin,IE,2026-06-13 03:31:49
2026-06-13,ERP,OnyxPlan Logic,+15264785649 ext. 27,hello@onyxplanlogic.com,https://onyxplanlogic.com,113,Lahore,PK,2026-06-13 02:49:05
2026-06-13,MSP Platform,Iron NetSoft,9026279042 ext. 81,contact@ironnetsoft.com,https://ironnetsoft.com,43,Denver,US,2026-06-13 04:16:22
2026-06-13,ERP,Pioneer ChainDynamics,5209195223,info@pioneerchaindynamics.com,pioneerchaindynamics.com,761,Boston,US,2026-06-13 05:26:52
2026-06-13,Medical,RidgeChart Labs,576-867-6252,hello@ridgechartlabs.co,https://www.ridgechartlabs.co,19,Toronto,CA,2026-06-13 06:53:11
2026-06-13,ERP,Raven ResourceSoft,834-273-9958,sales@ravenresourcesoft.com,https://www.ravenresourcesoft.com,105,Manchester,UK,2026-06-13 06:22:28
2026-06-13,HR,Quartz Culture Talent Agency,651.211.0340,sales@quartzculturetalentagency.io,https://quartzculturetalentagency.io,465,Denver,US,2026-06-13 03:23:15
2026-06-13,Medical,RapidMedApp,1-589-539-3141,sales@rapidmedapp.io,https://www.rapidmedapp.io,228,Melbourne,AU,2026-06-13 05:36:33
2026-06-13,HR,Delta CultureSolutions,271.621.1974,contact@deltaculturesolutions.com,https://deltaculturesolutions.com,404,Munich,DE,2026-06-13 06:19:31
2026-06-13,LMS,VistaCourseHub,960-878-9886,hello@vistacoursehub.co,https://vistacoursehub.co,8,Singapore,SG,2026-06-13 03:59:31
2026-06-13,ERP,BlueOrderApp,03758239592,hello@blueorderapp.com,https://blueorderapp.com,45,Karachi,PK,2026-06-13 03:49:33
2026-06-13,Medical,Delta CareLabs,+18424519684,contact@deltacarelabs.com,https://www.deltacarelabs.com,26,Austin,US,2026-06-13 03:58:43
2026-06-13,Medical,TidalPatient Base,+12718441545,sales@tidalpatientbase.io,https://tidalpatientbase.io,742,Melbourne,AU,2026-06-13 02:37:51
2026-06-13,HR,GoldenOnboardApp,942-548-6483,sales@goldenonboardapp.net,https://www.goldenonboardapp.net,2877,Denver,US,2026-06-13 05:03:55
2026-06-13,HR,TidalTeam Suite,1-811-858-2496,info@tidalteamsuite.com,tidalteamsuite.com,300,Hyderabad,IN,2026-06-13 05:28:47
2026-06-13,MSP Platform,LatticeNode Soft,07415912454,hello@latticenodesoft.io,https://latticenodesoft.io,30,Phoenix,US,2026-06-13 05:26:26
2026-06-13,Legal,True MatterTech,(263) 457-6310,info@truemattertech.com,https://truemattertech.com,293,Manchester,UK,2026-06-13 05:51:22
2026-06-13,Medical,ZenTriageLabs,+19564077298 ext. 10,hello@zentriagelabs.com,https://www.zentriagelabs.com,63,Boston,US,2026-06-13 03:07:43
2026-06-13,Legal,CrownMatter Suite,+18002989712,info@crownmattersuite.com,https://crownmattersuite.com,21,Columbus,US,2026-06-13 03:05:07
2026-06-13,HR,RapidPeople Core,619-314-5323,sales@rapidpeoplecore.net,https://rapidpeoplecore.net,42,Atlanta,US,2026-06-13 02:11:05
2026-06-13,ERP,TrueLedger Systems,499.387.4028,contact@trueledgersystems.com,https://www.trueledgersystems.com,158,Austin,US,2026-06-13 02:03:23
2026-06-13,ERP,RavenForge Point,(628) 584-8869 ext. 30,hello@ravenforgepoint.com,https://www.ravenforgepoint.com,194,Phoenix,US,2026-06-13 04:10:37
2026-06-13,Legal,SummitCase Platform,258-833-9468,N/A,https://www.summitcaseplatform.com,20,Manchester,UK,2026-06-13 03:45:16
2026-06-13,Medical,PivotCare Sphere,+1 (800) 682-5093,hello@pivotcaresphere.com,https://www.pivotcaresphere.com,42,Austin,US,2026-06-13 01:51:25
2026-06-13,MSP Platform,XenonTicketApp,+1 (736) 272-6243,N/A,xenonticketapp.io,74,Tampa,US,2026-06-13 05:05:04
2026-06-13,Medical,RapidVitalSync,(349) 530-9947,info@rapidvitalsync.com,https://www.rapidvitalsync.com,687,Chicago,US,2026-06-13 03:18:55
2026-06-13,MSP Platform,Core NetSolutions,(906) 656-4450,info@corenetsolutions.net,corenetsolutions.net,-,Raleigh,US,2026-06-13 05:32:59
2026-06-13,Medical,WillowClinicSphere,408-296-7106,contact@willowclinicsphere.io,https://willowclinicsphere.io,198,Manchester,UK,2026-06-13 03:38:18
2026-06-13,Legal,Raven ClauseLabs,(832) 830-1990,hello@ravenclauselabs.net,https://www.ravenclauselabs.net,167,London,UK,2026-06-13 04:00:33
2026-06-13,ERP,HaloForge App,08554874708,N/A,https://www.haloforgeapp.com,50,Seattle,US,2026-06-13 04:01:15
2026-06-13,HR,SolidOnboard Works,(981) 910-9535,contact@solidonboardworks.co,https://www.solidonboardworks.co,74,Singapore,SG,2026-06-13 03:01:09
2026-06-13,HR,Ember ShiftPlatform,1-872-549-1258,contact@embershiftplatform.com,https://www.embershiftplatform.com,11,Phoenix,US,2026-06-13 06:40:37
2026-06-13,HR,AtlasPeopleLabs,3829477913,hello@atlaspeoplelabs.com,https://www.atlaspeoplelabs.com,448,Chicago,US,2026-06-13 04:44:12
2026-06-13,HR,Summit CultureCore,+14676920815,sales@summitculturecore.com,https://summitculturecore.com,16,Tampa,US,2026-06-13 02:09:16
2026-06-13,Legal,IronFilingSuite,+18653358544,info@ironfilingsuite.com,ironfilingsuite.com,73,Phoenix,US,2026-06-13 01:36:55
2026-06-13,ERP,VistaPlanSolutions,+13397927116,info@vistaplansolutions.com,https://www.vistaplansolutions.com,263,Chicago,US,2026-06-13 05:14:30
2026-06-13,MSP Platform,CrestPatchWorks,920.375.0013,sales@crestpatchworks.io,crestpatchworks.io,145,Tampa,US,2026-06-13 06:00:32
2026-06-13,ERP,TrueChain Sphere,(306) 832-2031,contact@truechainsphere.com,truechainsphere.com,13,Hyderabad,IN,2026-06-13 04:48:26
2026-06-13,Legal,LumenLaw Labs,+13626532356,contact@lumenlawlabs.com,https://www.lumenlawlabs.com,12,Denver,US,2026-06-13 04:23:21
2026-06-13,ERP,Nimbus ChainWorks,691.474.1594,hello@nimbuschainworks.com,https://www.nimbuschainworks.com,340,Toronto,CA,2026-06-13 05:13:12
2026-06-13,LMS,ArchCourse Base,626.401.0440,sales@archcoursebase.com,archcoursebase.com,68,N/A,US,2026-06-13 05:34:16
2026-06-13,ERP,SableOrder Sync,(800) 787-8245,contact@sableordersync.io,sableordersync.io,5,Austin,US,2026-06-13 03:45:40
2026-06-13,MSP Platform,Silver NetSuite,352.722.4968,sales@silvernetsuite.com,https://www.silvernetsuite.com,10,London,UK,2026-06-13 05:19:15
2026-06-13,LMS,GoldenTrainSystems,+14013697490,hello@goldentrainsystems.net,goldentrainsystems.net,35,Austin,US,2026-06-13 01:37:49
2026-06-13,ERP,Granite ForgeBase,(566) 841-5282,sales@graniteforgebase.io,graniteforgebase.io,10,Raleigh,US,2026-06-13 05:08:34
2026-06-13,Legal,BeaconVerdict Labs,773-920-3316,hello@beaconverdictlabs.com,https://www.beaconverdictlabs.com,27,Atlanta,US,2026-06-13 05:33:11
2026-06-13,ERP,ClearLedger Point,+13147139539,contact@clearledgerpoint.com,https://www.clearledgerpoint.com,14,Columbus,US,2026-06-13 06:59:16
2026-06-13,ERP,Fusion OrderPoint,664-378-6821,contact@fusionorderpoint.com,fusionorderpoint.com,48,Denver,US,2026-06-13 05:00:22
2026-06-13,MSP Platform,FalconNetSync,768-350-0679,-,https://falconnetsync.com,22,Calgary,CA,2026-06-13 05:09:03
2026-06-13,MSP Platform,CobaltMonitorSoft,+18202216772,N/A,cobaltmonitorsoft.io,2282,Vancouver,CA,2026-06-13 01:06:19
2026-06-13,HR,HarborBenefitCore,827.537.3272,info@harborbenefitcore.com,https://www.harborbenefitcore.com,272,Dublin,IE,2026-06-13 04:57:55
2026-06-13,ERP,Falcon PlanPoint,421-477-1131,info@falconplanpoint.io,https://www.falconplanpoint.io,141,Austin,US,2026-06-13 05:09:52
2026-06-13,ERP,TidalStockLabs,(598) 271-1373,contact@tidalstocklabs.com,https://tidalstocklabs.com,25,Melbourne,AU,2026-06-13 06:04:09
2026-06-13,Legal,Onyx DocketBase,(423) 685-9879,info@onyxdocketbase.com,https://www.onyxdocketbase.com,40,Islamabad,PK,2026-06-13 05:03:58
2026-06-13,ERP,CrownPlanLogic’s,(676) 648-3491,hello@crownplanlogic.co,https://www.crownplanlogic.co,17,Hyderabad,IN,2026-06-13 06:08:47
2026-06-13,ERP,VistaOrderSoft,(643) 220-5380,hello@vistaordersoft.com,https://www.vistaordersoft.com,168,Boston,US,2026-06-13 02:04:01
2026-06-13,MSP Platform,OrbitGrid Solutions,(693) 445-3966,sales@orbitgridsolutions.net,https://orbitgridsolutions.net,19,Atlanta,US,2026-06-13 06:47:25
2026-06-13,MSP Platform,Blue MonitorSolutions,+18668768024,hello@bluemonitorsolutions.net,https://www.bluemonitorsolutions.net,47,Raleigh,US,2026-06-13 04:03:12
2026-06-13,ERP,CedarBatch’s Suite,+19438488136,hello@cedarbatchsuite.com,https://www.cedarbatchsuite.com,,Lahore,PK,2026-06-13 01:36:29
2026-06-13,ERP,Delta OrderSoft,+17219182973,hello@deltaordersoft.com,https://www.deltaordersoft.com,9,Bengaluru,IN,2026-06-13 04:51:36
2026-06-13,ERP,QuartzLedgerSuite,1-469-610-6541,hello@quartzledgersuite.com,https://www.quartzledgersuite.com,null,Boston,US,2026-06-13 06:27:38
2026-06-13,Legal,CrestCase Hub,1-552-670-7949,null,https://www.crestcasehub.com,48,Boston,US,2026-06-13 04:01:23
2026-06-13,ERP,Crown PlanSync,4792094627,sales@crownplansync.com,https://www.crownplansync.com,67,Singapore,SG,2026-06-13 01:18:18
2026-06-13,Medical,CrestMedPlatform,423-516-7630,info@crestmedplatform.io,https://www.crestmedplatform.io,2253,Raleigh,US,2026-06-13 06:21:25
2026-06-13,Medical,Prime VitalDesk,(930) 910-3942 ext. 3,contact@primevitaldesk.io,https://primevitaldesk.io,930,Berlin,DE,2026-06-13 05:13:55
2026-06-13,HR,JuniperRosterSolutions,1-424-370-6675,contact@juniperrostersolutions.com,https://www.juniperrostersolutions.com,32,Columbus,US,2026-06-13 04:51:10
2026-06-13,LMS,Solid LessonSoft,+17714198466,hello@solidlessonsoft.io,https://www.solidlessonsoft.io,403,Toronto,CA,2026-06-13 04:09:13
2026-06-13,ERP,PivotResource Logic,(750) 956-7144,sales@pivotresourcelogic.io,https://www.pivotresourcelogic.io,26,Atlanta,US,2026-06-13 05:03:19
2026-06-13,Legal,Golden CasePoint,590-587-5445,hello@goldencasepoint.com,https://www.goldencasepoint.com,46,Boston,US,2026-06-13 02:28:58
2026-06-13,Legal,Core Clause Consultants,785.757.7430,sales@coreclauseconsultants.io,https://coreclauseconsultants.io,21,Sydney,AU,2026-06-13 02:38:10
2026-06-13,HR,Vista PerformApp,(666) 325-6883,sales@vistaperformapp.com,https://www.vistaperformapp.com,11,Singapore,SG,2026-06-13 06:50:41
2026-06-13,Medical,JuniperChartFlow,8148368386,info@juniperchartflow.com,https://www.juniperchartflow.com,9,Dublin,IE,2026-06-13 01:42:21
2026-06-13,HR,Silver RosterLogic,676.314.4629,contact@silverrosterlogic.com,https://www.silverrosterlogic.com,156,Denver,US,2026-06-13 03:52:28
2026-06-13,Medical,MosaicVital Soft,+18593372381,contact@mosaicvitalsoft.co,https://www.mosaicvitalsoft.co,847,Austin,US,2026-06-13 01:07:08
2026-06-13,Medical,NorthPulse Systems,685.664.3908,hello@northpulsesystems.com,https://www.northpulsesystems.com,74,Munich,DE,2026-06-13 06:12:18
2026-06-13,HR,MosaicPerformDesk,949-507-9936 ext. 65,info@mosaicperformdesk.com,https://mosaicperformdesk.com,619,Dublin,IE,2026-06-13 06:39:57
2026-06-13,MSP Platform,Golden RemotePlatform,280-312-1062,contact@goldenremoteplatform.co,https://goldenremoteplatform.co,46,London,UK,2026-06-13 04:20:28
2026-06-13,MSP Platform,Falcon NodeLogic,569-316-1039,contact@falconnodelogic.com,https://www.falconnodelogic.com,22,Manchester,UK,2026-06-13 04:15:03
2026-06-13,MSP Platform,Ridgeway NodeFlow,1-894-944-9759,info@ridgewaynodeflow.com,https://ridgewaynodeflow.com,5,Tampa,US,2026-06-13 05:38:34
2026-06-13,Medical,Alta RxDesk,(869) 702-3804,contact@altarxdesk.io,https://altarxdesk.io,45,Chicago,US,2026-06-13 02:01:52
2026-06-13,MSP Platform,CoreMonitorSoft,2853140773,sales@coremonitorsoft.io,https://www.coremonitorsoft.io,34,Leeds,UK,2026-06-13 03:37:40
2026-06-13,Medical,JuniperPatient Point,923-782-9999 ext. 35,contact@juniperpatientpoint.com,https://juniperpatientpoint.com,35,Columbus,US,2026-06-13 05:39:17
2026-06-13,Medical,AnchorChart Sphere,+16818518334,sales@anchorchartsphere.io,https://www.anchorchartsphere.io,921,Sydney,AU,2026-06-13 03:18:47
2026-06-13,MSP Platform,Delta NodeFlow,697-854-0652,hello@deltanodeflow.com,https://www.deltanodeflow.com,16,Manchester,UK,2026-06-13 03:51:09
2026-06-13,HR,VeloOnboard Soft,+12038551551,hello@veloonboardsoft.io,https://www.veloonboardsoft.io,500,Boston,US,2026-06-13 05:41:20
2026-06-13,MSP Platform,GoldenEndpoint Cloud,(605) 752-6268,info@goldenendpointcloud.com,https://www.goldenendpointcloud.com,8,Melbourne,AU,2026-06-13 06:15:23
2026-06-13,Medical,Delta MedSuite,898-203-6641,hello@deltamedsuite.com,https://www.deltamedsuite.com,7,Singapore,SG,2026-06-13 02:20:45
2026-06-13,MSP Platform,RavenStack Solutions,+12812057169,contact@ravenstacksolutions.com,https://www.ravenstacksolutions.com,219,Berlin,DE,2026-06-13 01:43:09
2026-06-13,HR,OnyxCulture Cloud,1-621-448-1436,sales@onyxculturecloud.com,https://www.onyxculturecloud.com,687,Islamabad,PK,2026-06-13 01:44:39
2026-06-13,Legal,TrueCounselDesk,264.788.8468,sales@truecounseldesk.com,https://www.truecounseldesk.com,128,Raleigh,US,2026-06-13 01:31:39
2026-06-13,ERP,Polaris BatchLabs,03948899917,contact@polarisbatchlabs.io,polarisbatchlabs.io,162,Singapore,SG,2026-06-13 02:49:30
2026-06-13,HR,BluePerformFlow,8973051146,contact@blueperformflow.io,https://www.blueperformflow.io,3713,Atlanta,US,2026-06-13 05:08:53
2026-06-13,Legal,Ember CompliSphere,510-858-3426,info@embercomplisphere.com,https://www.embercomplisphere.com,18,Boston,US,2026-06-13 03:08:42
2026-06-13,MSP Platform,IndigoNet Sphere,895.257.0003,sales@indigonetsphere.com,https://www.indigonetsphere.com,111,N/A,UK,2026-06-13 02:25:08
2026-06-13,Medical,HarborRxCloud,9392648847,sales@harborrxcloud.net,https://www.harborrxcloud.net,1792,Denver,US,2026-06-13 04:56:22
2026-06-13,MSP Platform,NimbusNet Systems,976.822.6008,hello@nimbusnetsystems.co,https://nimbusnetsystems.co,56,Atlanta,US,2026-06-13 01:33:31
2026-06-13,ERP,JuniperPlanDesk,+15584945238,sales@juniperplandesk.io,https://www.juniperplandesk.io,459,Chicago,US,2026-06-13 06:45:48
2026-06-13,HR,Falcon TalentSuite,668-490-9016,sales@falcontalentsuite.io,https://www.falcontalentsuite.io,177,Manchester,UK,2026-06-13 03:10:04
2026-06-13,Medical,Ridge ClinicSync,+19614520557,contact@ridgeclinicsync.net,https://www.ridgeclinicsync.net,3241,Bengaluru,IN,2026-06-13 06:09:19
2026-06-13,ERP,DeltaFin Flow,793.358.0384,info@deltafinflow.com,https://www.deltafinflow.com,17,Seattle,US,2026-06-13 02:03:26
2026-06-13,Legal,TruéCompli Hub,1-709-200-1034,info@truecomplihub.net,https://truecomplihub.net,21,Manchester,UK,2026-06-13 02:01:12
2026-06-13,MSP Platform,RapidRemoteDynamics,(430) 522-6430,contact@rapidremotedynamics.io,https://www.rapidremotedynamics.io,139,Raleigh,US,2026-06-13 02:48:10
2026-06-13,MSP Platform,PivotGridSoft,721-837-4870 ext. 91,,https://www.pivotgridsoft.io,456,Tampa,US,2026-06-13 05:37:17
2026-06-13,Legal,CoreDocket Logic,(942) 747-2500,hello@coredocketlogic.com,https://coredocketlogic.com,51,Seattle,US,2026-06-13 05:59:34
2026-06-13,MSP Platform,PivotUptimeSphere,772-843-7636 ext. 23,sales@pivotuptimesphere.com,https://pivotuptimesphere.com,18,Chicago,US,2026-06-13 01:41:26
2026-06-13,Medical,BoldTriage Suite,+1 (367) 552-0057,contact@boldtriagesuite.com,https://www.boldtriagesuite.com,7,Chicago,US,2026-06-13 06:41:55
2026-06-13,ERP,AnchorResource Systems,(214) 902-0349,hello@anchorresourcesystems.io,https://anchorresourcesystems.io,19,Seattle,US,2026-06-13 04:36:55
2026-06-13,Medical,RidgewayHealthSolutions’s,904.288.0702,sales@ridgewayhealthsolutions.com,https://www.ridgewayhealthsolutions.com,202,Phoenix,US,2026-06-13 01:33:32
2026-06-13,ERP,Blue OrderSystems,+13792047846,hello@blueordersystems.io,https://www.blueordersystems.io,18,Atlanta,US,2026-06-13 06:54:40
2026-06-13,ERP,GraniteOrder Core,(927) 823-5223,hello@graniteordercore.com,https://www.graniteordercore.com,49,Atlanta,US,2026-06-13 01:06:25
2026-06-13,ERP,SolidBatch Desk,229.881.4240,info@solidbatchdesk.io,https://www.solidbatchdesk.io,1552,Boston,US,2026-06-13 05:03:10
2026-06-13,HR,EmberCulture Labs,2417900963,contact@emberculturelabs.com,emberculturelabs.com,22,London,UK,2026-06-13 04:21:35
2026-06-13,ERP,Beacon StockLogic,(584) 381-9453,hello@beaconstocklogic.net,https://www.beaconstocklogic.net,61,Tampa,US,2026-06-13 04:23:49
2026-06-13,Medical,LumenCareSphere,968-780-9459,contact@lumencaresphere.com,https://lumencaresphere.com,21,Austin,US,2026-06-13 04:11:20
2026-06-13,Medical,RidgeMedApp,+1 (756) 831-1939,hello@ridgemedapp.com,https://www.ridgemedapp.com,190,Phoenix,US,2026-06-13 04:17:29
2026-06-13,HR,Bright RosterFlow,428-533-0421,contact@brightrosterflow.io,https://www.brightrosterflow.io,263,Tampa,US,2026-06-13 05:34:50
2026-06-13,Medical,CorePulseCloud,+15102944092,info@corepulsecloud.com,https://corepulsecloud.com,19,Melbourne,AU,2026-06-13 06:44:00
2026-06-13,Medical,GraniteVitalPoint’s,+14452335226,contact@granitevitalpoint.io,granitevitalpoint.io,20,Tampa,US,2026-06-13 01:08:53
2026-06-13,Legal,Keystone CultureSoft,326.996.0879,info@keystoneculturesoft.co,https://www.keystoneculturesoft.co,93,Atlanta,US,2026-06-13 06:56:04
2026-06-13,Medical,NimbusClinic Cloud,(665) 233-8277,,https://www.nimbuscliniccloud.com,11,Columbus,US,2026-06-13 05:46:04
2026-06-13,ERP,Nimbus OrderSphere,+15215835532,contact@nimbusordersphere.com,https://nimbusordersphere.com,5,Austin,US,2026-06-13 06:00:06
2026-06-13,ERP,ZephyrFinSuite,+15578552348,hello@zephyrfinsuite.net,https://www.zephyrfinsuite.net,2998,Boston,US,2026-06-13 01:55:42
2026-06-13,MSP Platform,Umbra StackPlatform,(936) 871-7317,info@umbrastackplatform.io,https://www.umbrastackplatform.io,164,N/A,US,2026-06-13 03:30:00
2026-06-13,ERP,Xenon Batch Recruiting,941-594-7746,contact@xenonbatchrecruiting.com,https://www.xenonbatchrecruiting.com,N/A,Austin,US,2026-06-13 02:51:37
2026-06-13,Medical,TrueRx Systems,340.779.3770,hello@truerxsystems.co,https://www.truerxsystems.co,N/A,Denver,US,2026-06-13 05:00:57
2026-06-13,ERP,GraniteStockApp,1-506-831-7029,contact@granitestockapp.com,granitestockapp.com,46,Columbus,US,2026-06-13 01:33:14
2026-06-13,MSP Platform,Arch RemoteSolutions,(721) 244-8830,info@archremotesolutions.com,https://www.archremotesolutions.com,317,London,UK,2026-06-13 04:02:43
2026-06-13,ERP,Orbit FinSolutions,380-948-0743 ext. 34,contact@orbitfinsolutions.com,orbitfinsolutions.com,23,Raleigh,US,2026-06-13 04:27:00
2026-06-13,HR,Sable PeopleSync,+12834182470 ext. 65,sales@sablepeoplesync.com,https://sablepeoplesync.com,5,Bengaluru,IN,2026-06-13 02:07:55
2026-06-13,ERP,OrbitStockPoint,(858) 307-7363,contact@orbitstockpoint.net,https://www.orbitstockpoint.net,98,Phoenix,US,2026-06-13 03:41:11
2026-06-13,HR,BlueBenefit Point,+1 (909) 795-3405,contact@bluebenefitpoint.com,bluebenefitpoint.com,53,Boston,US,2026-06-13 02:01:48
2026-06-13,Medical,PioneerPulseDesk,4903958895,hello@pioneerpulsedesk.io,pioneerpulsedesk.io,42,Tampa,US,2026-06-13 04:18:58
2026-06-13,Legal,Bright DocketLogic,335.320.9358,sales@brightdocketlogic.com,brightdocketlogic.com,8,Karachi,PK,2026-06-13 01:33:59
2026-06-13,MSP Platform,Velo Net Consultants,379-556-7582 ext. 65,contact@velonetconsultants.io,https://www.velonetconsultants.io,97,Atlanta,US,2026-06-13 01:24:40
2026-06-13,Medical,IronVitalSystems,+1 (741) 594-5759,info@ironvitalsystems.com,https://www.ironvitalsystems.com,266,Columbus,US,2026-06-13 06:02:47
2026-06-13,ERP,SilverOps Core,6519954385 ext. 24,info@silveropscore.com,https://www.silveropscore.com,79,Singapore,SG,2026-06-13 05:29:27
2026-06-13,MSP Platform,Clear PatchSystems,+14742931704,info@clearpatchsystems.com,https://www.clearpatchsystems.com,335,Columbus,US,2026-06-13 04:50:14
2026-06-13,ERP,Zephyr FinPoint,(259) 262-9490,hello@zephyrfinpoint.io,zephyrfinpoint.io,37,Chicago,US,2026-06-13 05:07:05
2026-06-13,ERP,HarborLedger Hub,+1 (869) 944-3545,contact@harborledgerhub.com,https://www.harborledgerhub.com,464,Hyderabad,IN,2026-06-13 01:40:01
2026-06-13,MSP Platform,Harbor GridCloud,+1 (206) 870-0431,info@harborgridcloud.com,https://www.harborgridcloud.com,74,Chicago,US,2026-06-13 03:46:53
2026-06-13,HR,SolidTalentHub,1-718-886-8714,sales@solidtalenthub.io,https://solidtalenthub.io,6,Melbourne,AU,2026-06-13 02:45:14
2026-06-13,Medical,Blue PatientSphere,+17653970690,hello@bluepatientsphere.com,https://bluepatientsphere.com,7,Denver,US,2026-06-13 04:51:07
2026-06-13,ERP,SummitFinCloud,(350) 274-5024,sales@summitfincloud.com,summitfincloud.com,121,Seattle,US,2026-06-13 05:28:13
2026-06-13,Medical,Blue CareCore,(768) 970-0703,sales@bluecarecore.io,https://www.bluecarecore.io,79,Raleigh,US,2026-06-13 05:07:08
2026-06-13,ERP,NorthForge Desk,(571) 493-6543,hello@northforgedesk.net,https://www.northforgedesk.net,772,Austin,US,2026-06-13 03:25:17
2026-06-13,MSP Platform,Indigo EndpointWorks,+1 (984) 315-2039,info@indigoendpointworks.com,https://indigoendpointworks.com,150,Austin,US,2026-06-13 06:00:59
2026-06-13,Medical,XenonHealthBase,421-900-9057,hello@xenonhealthbase.com,https://www.xenonhealthbase.com,14,Columbus,US,2026-06-13 01:22:40
2026-06-13,MSP Platform,IndigoRemote Tech,+1 (383) 904-9336,N/A,https://indigoremotetech.com,957,Toronto,CA,2026-06-13 02:38:50
2026-06-13,Medical,IndigoTriageDynamics,1-691-574-1065,info@indigotriagedynamics.io,https://www.indigotriagedynamics.io,42,Phoenix,US,2026-06-13 02:48:22
2026-06-13,Medical,RavenRxDesk,(599) 310-2411,sales@ravenrxdesk.com,https://www.ravenrxdesk.com,5,Lahore,PK,2026-06-13 06:01:19
2026-06-13,ERP,Golden FinCloud,(442) 993-6459,null,https://www.goldenfincloud.net,2342,Chicago,US,2026-06-13 06:31:42
2026-06-13,Medical,Nimbus MedHub,(639) 243-3025,sales@nimbusmedhub.com,https://www.nimbusmedhub.com,189,Phoenix,US,2026-06-13 05:33:46
2026-06-13,LMS,PrimeCourse Cloud,+1 (267) 236-1347,info@primecoursecloud.io,https://www.primecoursecloud.io,22,Austin,US,2026-06-13 04:27:56
2026-06-13,ERP,Raven Batch Outsourcing,1-232-362-1044,hello@ravenbatchoutsourcing.io,ravenbatchoutsourcing.io,18,Chicago,US,2026-06-13 02:49:39
2026-06-13,HR,AltaTeam Desk,+18718686165,info@altateamdesk.com,altateamdesk.com,33,Raleigh,US,2026-06-13 06:58:29
2026-06-13,ERP,VistaFin Works,8783645471,sales@vistafinworks.io,https://www.vistafinworks.io,127,Tampa,US,2026-06-13 06:06:53
2026-06-13,HR,CedarOnboard Base,326.266.7398,info@cedaronboardbase.com,https://cedaronboardbase.com,162,Toronto,CA,2026-06-13 01:14:59
2026-06-13,HR,Xenon TeamSoft,+1 (340) 676-2408,info@xenonteamsoft.com,https://www.xenonteamsoft.com,953,London,UK,2026-06-13 03:14:27
2026-06-13,MSP Platform,OmniGrid Works,892.418.6530,null,https://www.omnigridworks.co,720,Karachi,PK,2026-06-13 06:45:00
2026-06-13,ERP,JuniperChainSolutions,695-666-2982,sales@juniperchainsolutions.com,https://www.juniperchainsolutions.com,804,Atlanta,US,2026-06-13 02:35:47
2026-06-13,ERP,PolarisStock’s Sync,(799) 632-1675,info@polarisstocksync.io,https://www.polarisstocksync.io,null,Tampa,US,2026-06-13 03:46:46
2026-06-13,LMS,CrownTutorDesk,560.296.4587,info@crowntutordesk.com,crowntutordesk.com,40,Austin,US,2026-06-13 06:03:22
2026-06-13,HR,ArchPerform Works,6014619825,sales@archperformworks.com,archperformworks.com,5,Denver,US,2026-06-13 02:56:07
2026-06-13,HR,BlueCultureCore,881-389-1342,info@blueculturecore.com,https://www.blueculturecore.com,32,Melbourne,AU,2026-06-13 01:31:53
2026-06-13,MSP Platform,Harbor NodeSphere,(736) 964-0202,info@harbornodesphere.net,https://www.harbornodesphere.net,38,Leeds,UK,2026-06-13 02:29:48
2026-06-13,HR,AtlasTeam Desk,6495999491,-,https://www.atlasteamdesk.net,10,Boston,US,2026-06-13 04:39:22
2026-06-13,ERP,AtlasPlan Works,+18496678690,info@atlasplanworks.com,https://www.atlasplanworks.com,63,Berlin,DE,2026-06-13 05:17:35
2026-06-13,ERP,SummitPlan Sphere,+15388546961 ext. 8,sales@summitplansphere.io,https://summitplansphere.io,5,Phoenix,US,2026-06-13 01:51:23
2026-06-13,HR,ZephyrBenefitApp,1-463-941-8773,hello@zephyrbenefitapp.com,https://www.zephyrbenefitapp.com,19,Calgary,CA,2026-06-13 04:02:04
2026-06-13,ERP,Xenon PlanFlow,(460) 516-5707,info@xenonplanflow.com,https://www.xenonplanflow.com,431,Boston,US,2026-06-13 02:39:47
2026-06-13,Legal,CrownFilingCore,1-210-684-4591 ext. 75,info@crownfilingcore.com,https://www.crownfilingcore.com,33,London,UK,2026-06-13 03:14:51
2026-06-13,LMS,CrestMentorLogic,860.879.6193 ext. 64,sales@crestmentorlogic.com,https://www.crestmentorlogic.com,68,Boston,US,2026-06-13 05:55:17
2026-06-13,MSP Platform,Falcon Uptime Outsourcing,1-513-876-7628,sales@falconuptimeoutsourcing.com,falconuptimeoutsourcing.com,33,Calgary,CA,2026-06-13 01:20:14
2026-06-13,Medical,Falcon PulseApp,714-990-1832,info@falconpulseapp.io,https://falconpulseapp.io,500,Atlanta,US,2026-06-13 04:11:33
2026-06-13,MSP Platform,Velo PatchSoft,(330) 609-8450,sales@velopatchsoft.io,https://velopatchsoft.io,61,Columbus,US,2026-06-13 01:52:07
2026-06-13,ERP,CoreOps Hub,1-741-352-2377,sales@coreopshub.com,https://www.coreopshub.com,3304,Denver,US,2026-06-13 03:38:18
2026-06-13,MSP Platform,Cedar MonitorSolutions,+1 (684) 318-9236,hello@cedarmonitorsolutions.io,https://www.cedarmonitorsolutions.io,33,Denver,US,2026-06-13 02:25:09
2026-06-13,HR,FalconTalent App,+16896724072,hello@falcontalentapp.com,https://www.falcontalentapp.com,25,Denver,US,2026-06-13 01:07:52
2026-06-13,ERP,Raven BatchSolutions,+15238841255,sales@ravenbatchsolutions.co,https://ravenbatchsolutions.co,42,Dublin,IE,2026-06-13 04:23:47
2026-06-13,Medical,Solid CarePoint,(946) 585-1375,sales@solidcarepoint.io,https://www.solidcarepoint.io,498,Sydney,AU,2026-06-13 04:16:08
2026-06-13,Medical,Clear RxLogic,2794533689,contact@clearrxlogic.net,https://clearrxlogic.net,8,Sydney,AU,2026-06-13 02:37:50
2026-06-13,Medical,PrimeMed Hub,(390) 506-1390,sales@primemedhub.net,https://primemedhub.net,83,Columbus,US,2026-06-13 05:48:45
2026-06-13,ERP,GraniteStockSuite,381-362-4230,sales@granitestocksuite.co,https://www.granitestocksuite.co,72,London,UK,2026-06-13 04:12:33
2026-06-13,Medical,NovaTriageSuite,+17862029260,,https://www.novatriagesuite.co,19,Austin,US,2026-06-13 06:16:10
2026-06-13,Medical,DeltaCareLabs,271.642.7235,info@deltacarelabs.com,https://deltacarelabs.com,76,Columbus,US,2026-06-13 03:19:04
2026-06-13,HR,BoldShiftLabs,(293) 904-7100,,boldshiftlabs.com,25,Austin,US,2026-06-13 02:46:52
2026-06-13,HR,Vista BenefitDesk,3765729715,sales@vistabenefitdesk.co,https://vistabenefitdesk.co,31,Lahore,PK,2026-06-13 03:20:46
2026-06-13,Legal,Omni CultureSolutions,666.675.3710 ext. 98,contact@omniculturesolutions.co,omniculturesolutions.co,417,Chicago,US,2026-06-13 03:52:11
2026-06-13,HR,Xenon PayrollSphere,(703) 919-8854,contact@xenonpayrollsphere.com,https://www.xenonpayrollsphere.com,135,Seattle,US,2026-06-13 04:10:43
2026-06-13,MSP Platform,ZephyrNodeSync,+13736926024,contact@zephyrnodesync.com,https://www.zephyrnodesync.com,49,Vancouver,CA,2026-06-13 02:56:27
2026-06-13,MSP Platform,PivotEndpointHub,1-647-409-3999,hello@pivotendpointhub.co,https://pivotendpointhub.co,341,Atlanta,US,2026-06-13 04:15:32
2026-06-13,MSP Platform,Ember StackTech,398.584.2833,info@emberstacktech.com,emberstacktech.com,21,Columbus,US,2026-06-13 02:54:13
2026-06-13,MSP Platform,Cobalt TicketLabs,2829702207,hello@cobaltticketlabs.com,https://www.cobaltticketlabs.com,36,Denver,US,2026-06-13 03:15:29
2026-06-13,LMS,PivotMentor Systems,+16486951918,info@pivotmentorsystems.com,https://www.pivotmentorsystems.com,373,Dublin,IE,2026-06-13 02:03:22
2026-06-13,HR,Nimbus ShiftDesk,204-567-5931,sales@nimbusshiftdesk.com,https://www.nimbusshiftdesk.com,635,Raleigh,US,2026-06-13 02:22:41
2026-06-13,Medical,Sable PulseDynamics,358.798.3333,hello@sablepulsedynamics.com,https://www.sablepulsedynamics.com,92,Munich,DE,2026-06-13 02:23:02
2026-06-13,Medical,Silver RxSolutions,+1 (595) 320-9368,N/A,https://www.silverrxsolutions.co,245,Boston,US,2026-06-13 06:08:09
2026-06-13,ERP,Harbor BatchPlatform,+18569417935,contact@harborbatchplatform.co,https://www.harborbatchplatform.co,888,Singapore,SG,2026-06-13 01:44:20
2026-06-13,Medical,IndigoChartBase,(890) 304-7112,hello@indigochartbase.com,https://indigochartbase.com,591,Boston,US,2026-06-13 02:14:41
2026-06-13,MSP Platform,OmniPatch Base,+19264672955,info@omnipatchbase.net,omnipatchbase.net,10,Karachi,PK,2026-06-13 04:23:40
2026-06-13,MSP Platform,KeystoneNode Dynamics,+17223553652,sales@keystonenodedynamics.com,https://www.keystonenodedynamics.com,1031,Atlanta,US,2026-06-13 03:05:48
2026-06-13,MSP Platform,SilverEndpointCloud,393-765-0323,contact@silverendpointcloud.net,https://www.silverendpointcloud.net,950,Denver,US,2026-06-13 06:06:45
2026-06-13,Legal,Crown MatterWorks,(987) 699-7760,info@crownmatterworks.com,https://www.crownmatterworks.com,100,Boston,US,2026-06-13 02:56:53
2026-06-13,Legal,CedarVerdict Flow,483.662.5208 ext. 97,sales@cedarverdictflow.co,https://cedarverdictflow.co,32,Denver,US,2026-06-13 06:17:14
2026-06-13,HR,Raven PerformCloud,793-847-5118,info@ravenperformcloud.com,https://www.ravenperformcloud.com,46,Raleigh,US,2026-06-13 06:44:54
2026-06-13,HR,Vista TeamPlatform,+13345863843,info@vistateamplatform.com,https://www.vistateamplatform.com,97,Boston,US,2026-06-13 02:53:08
2026-06-13,Legal,Falcon CompliSystems,636-305-1782,info@falconcomplisystems.com,https://www.falconcomplisystems.com,346,Vancouver,CA,2026-06-13 06:07:51
2026-06-13,ERP,VistaStockPlatform,3653508325,info@vistastockplatform.com,https://vistastockplatform.com,838,Islamabad,PK,2026-06-13 04:50:02
2026-06-13,Medical,EmberRxCloud,(385) 742-0039,contact@emberrxcloud.com,https://emberrxcloud.com,294,Toronto,CA,2026-06-13 03:06:55
2026-06-13,MSP Platform,Lattice MonitorDesk,357-925-8914,sales@latticemonitordesk.com,https://latticemonitordesk.com,12,Austin,US,2026-06-13 06:12:43
2026-06-13,ERP,RidgePlan Suite,(707) 215-0567,sales@ridgeplansuite.com,https://ridgeplansuite.com,105,Boston,US,2026-06-13 01:29:53
2026-06-13,LMS,Ridgeway LearnFlow,+15723166133,contact@ridgewaylearnflow.co,https://www.ridgewaylearnflow.co,806,Raleigh,US,2026-06-13 06:14:50
2026-06-13,Medical,Velo RxSystems,1-720-437-9046,N/A,https://www.velorxsystems.com,179,Melbourne,AU,2026-06-13 01:58:54
2026-06-13,MSP Platform,IndigoStackHub,(861) 830-0987,hello@indigostackhub.com,indigostackhub.com,80,Chicago,US,2026-06-13 05:43:26
2026-06-13,ERP,ArchFin Desk,+1 (905) 271-7348,sales@archfindesk.com,https://www.archfindesk.com,61,Austin,US,2026-06-13 01:19:37
2026-06-13,MSP Platform,SolidEndpoint Base,8625642696,sales@solidendpointbase.io,solidendpointbase.io,61,Vancouver,CA,2026-06-13 03:43:33
2026-06-13,ERP,Crown StockDesk,2545299832,info@crownstockdesk.com,crownstockdesk.com,28,Phoenix,US,2026-06-13 05:11:59
2026-06-13,MSP Platform,BoldNodeCore,234-744-9797,hello@boldnodecore.com,https://boldnodecore.com,17,Tampa,US,2026-06-13 03:04:16
2026-06-13,ERP,VertexStockPoint,968.574.0261,info@vertexstockpoint.net,vertexstockpoint.net,138,Denver,US,2026-06-13 03:30:01
2026-06-13,Medical,AtlasClinic Desk,7287501070,hello@atlasclinicdesk.com,atlasclinicdesk.com,52,Atlanta,US,2026-06-13 02:10:44
2026-06-13,LMS,SummitLearnBase,3583416499,contact@summitlearnbase.co,https://summitlearnbase.co,778,Atlanta,US,2026-06-13 04:09:35
2026-06-13,MSP Platform,Lattice NetSuite,(981) 400-6332,contact@latticenetsuite.com,latticenetsuite.com,35,Boston,US,2026-06-13 05:48:43
2026-06-13,HR,Tidal TalentSync,1-775-566-6713 ext. 15,sales@tidaltalentsync.com,tidaltalentsync.com,17,Phoenix,US,2026-06-13 04:34:05
2026-06-13,HR,Vertex CultureLabs,3854947313,sales@vertexculturelabs.io,https://www.vertexculturelabs.io,24,Seattle,US,2026-06-13 06:19:01
2026-06-13,HR,Fusion’s BenefitHub,+18104874832,sales@fusionbenefithub.co,https://www.fusionbenefithub.co,17,Austin,US,2026-06-13 01:32:46
2026-06-13,Legal,EmberCaseDesk,925-237-2105,contact@embercasedesk.io,embercasedesk.io,76,Atlanta,US,2026-06-13 03:50:28
2026-06-13,ERP,QuantumFinFlow,821-949-2131,contact@quantumfinflow.com,https://quantumfinflow.com,40,Boston,US,2026-06-13 06:39:16
2026-06-13,LMS,Vertex SkillBase,356-243-3197,hello@vertexskillbase.io,https://vertexskillbase.io,70,Munich,DE,2026-06-13 06:43:43
2026-06-13,ERP,Zephyr OpsLabs,+1 (295) 655-6516,-,https://zephyropslabs.com,208,Atlanta,US,2026-06-13 04:37:42
2026-06-13,HR,WillowPayroll Flow,473-538-0477 ext. 70,info@willowpayrollflow.com,https://willowpayrollflow.com,15,Tampa,US,2026-06-13 02:17:59
2026-06-13,Medical,Golden PulseLogic,+16173174899,hello@goldenpulselogic.co,https://www.goldenpulselogic.co,288,Munich,DE,2026-06-13 02:28:13
2026-06-13,HR,Ridgeway PayrollCore,+13034441970,contact@ridgewaypayrollcore.io,https://www.ridgewaypayrollcore.io,16,Boston,US,2026-06-13 02:13:04
2026-06-13,MSP Platform,FusionStackFlow,(632) 207-2333,sales@fusionstackflow.co,https://www.fusionstackflow.co,963,Seattle,US,2026-06-13 06:43:36
2026-06-13,MSP Platform,OmniNodeSuite,815.760.4794,contact@omninodesuite.com,https://www.omninodesuite.com,82,Sydney,AU,2026-06-13 05:33:07
2026-06-13,ERP,VistaFinBase,973-875-7297,contact@vistafinbase.com,https://vistafinbase.com,15,Melbourne,AU,2026-06-13 02:52:27
2026-06-13,ERP,Pivot OpsApp,441-822-4788,sales@pivotopsapp.com,https://www.pivotopsapp.com,55,Pune,IN,2026-06-13 04:05:39
2026-06-13,LMS,Iron CourseSuite,+16757558023,info@ironcoursesuite.co,ironcoursesuite.co,18,Austin,US,2026-06-13 03:16:25
2026-06-13,HR,ZenPayroll Systems,1-377-860-3742,sales@zenpayrollsystems.com,https://www.zenpayrollsystems.com,39,Calgary,CA,2026-06-13 05:56:04
2026-06-13,Medical,CedarCare Tech,+1 (478) 215-9955,contact@cedarcaretech.com,https://cedarcaretech.com,42,Raleigh,US,2026-06-13 02:58:16
2026-06-13,ERP,Iron OpsPlatform,+18936892902,contact@ironopsplatform.com,https://www.ironopsplatform.com,237,Phoenix,US,2026-06-13 03:23:40
2026-06-13,ERP,RidgeBatchHub,3225357652,hello@ridgebatchhub.co,https://www.ridgebatchhub.co,8,Sydney,AU,2026-06-13 04:23:34
2026-06-13,HR,PolarisPeople Suite,455.472.8985,contact@polarispeoplesuite.co,https://polarispeoplesuite.co,10,London,UK,2026-06-13 05:55:01
2026-06-13,ERP,OrbitFin Point,945-948-0648,contact@orbitfinpoint.com,https://www.orbitfinpoint.com,558,Pune,IN,2026-06-13 03:54:57
2026-06-13,Medical,GoldenChartSuite,1-532-767-1699,hello@goldenchartsuite.io,https://www.goldenchartsuite.io,6,Dublin,IE,2026-06-13 04:48:49
2026-06-13,Legal,Keystone BriefPoint,2778445936,sales@keystonebriefpoint.com,keystonebriefpoint.com,132,Boston,US,2026-06-13 03:27:03
2026-06-13,LMS,NovaQuiz Suite,216-776-3114,info@novaquizsuite.com,https://www.novaquizsuite.com,-,London,UK,2026-06-13 02:48:26
2026-06-13,HR,BeaconBenefit Suite,373.424.0341,contact@beaconbenefitsuite.io,https://www.beaconbenefitsuite.io,242,Tampa,US,2026-06-13 05:00:45
2026-06-13,Medical,AnchorRx Hub,+1 (707) 654-6924,info@anchorrxhub.com,https://www.anchorrxhub.com,87,Austin,US,2026-06-13 03:31:59
2026-06-13,Legal,Blue CaseSolutions,(202) 666-9024 ext. 36,sales@bluecasesolutions.com,https://www.bluecasesolutions.com,17,Sydney,AU,2026-06-13 06:48:01
2026-06-13,ERP,XenonOrder Core,1-921-948-8308,hello@xenonordercore.com,https://www.xenonordercore.com,253,Chicago,US,2026-06-13 01:59:28
2026-06-13,MSP Platform,VertexGrid Works,(633) 960-4429,sales@vertexgridworks.io,https://www.vertexgridworks.io,99,Seattle,US,2026-06-13 06:02:18
2026-06-13,Medical,Delta ChartSuite,929.281.2650,hello@deltachartsuite.com,https://deltachartsuite.com,175,Melbourne,AU,2026-06-13 06:54:02
2026-06-13,MSP Platform,Vertex TicketDesk,511.513.6177,contact@vertexticketdesk.com,https://www.vertexticketdesk.com,73,Columbus,US,2026-06-13 01:17:21
2026-06-13,Legal,QuantumCompliHub,642-210-7666,hello@quantumcomplihub.com,https://www.quantumcomplihub.com,42,Amsterdam,NL,2026-06-13 01:55:47
2026-06-13,ERP,CrestStock Base,+18938493056,contact@creststockbase.com,https://creststockbase.com,94,Columbus,US,2026-06-13 02:26:03
2026-06-13,MSP Platform,RidgewayNode Hub,5376255317,info@ridgewaynodehub.com,https://www.ridgewaynodehub.com,11,Chicago,US,2026-06-13 01:16:17
2026-06-13,Medical,Willow TriageSphere,+14884305126,sales@willowtriagesphere.com,willowtriagesphere.com,3995,Leeds,UK,2026-06-13 06:36:04
2026-06-13,ERP,Keystone LedgerPlatform,1-661-953-6462,hello@keystoneledgerplatform.co,https://www.keystoneledgerplatform.co,49,Manchester,UK,2026-06-13 05:05:11
2026-06-13,ERP,Tidal OrderCore,4086977367,hello@tidalordercore.com,tidalordercore.com,4599,Raleigh,US,2026-06-13 02:43:21
2026-06-13,HR,Bold TalentApp,4996241234,hello@boldtalentapp.com,https://www.boldtalentapp.com,11,Boston,US,2026-06-13 01:17:17
2026-06-13,HR,Rapid CultureCore,686-769-8457,contact@rapidculturecore.co,https://www.rapidculturecore.co,5,Denver,US,2026-06-13 04:42:24
2026-06-13,ERP,Anchor ForgeApp,+18885111344,contact@anchorforgeapp.com,https://www.anchorforgeapp.com,522,Dublin,IE,2026-06-13 02:02:55
2026-06-13,Medical,ApexCare Dynamics,+1 (978) 865-3914,sales@apexcaredynamics.com,https://www.apexcaredynamics.com,93,London,UK,2026-06-13 01:39:00
2026-06-13,MSP Platform,CrownEndpointApp,6265934674,sales@crownendpointapp.com,https://crownendpointapp.com,63,Raleigh,US,2026-06-13 03:50:43
2026-06-13,ERP,AnchorBatch Core,(418) 735-8036,info@anchorbatchcore.com,https://www.anchorbatchcore.com,56,Boston,US,2026-06-13 03:09:18
2026-06-13,Legal,HarborDocket Point,474.304.3389,contact@harbordocketpoint.com,https://www.harbordocketpoint.com,null,Tampa,US,2026-06-13 04:26:23
2026-06-13,ERP,ZenStock Labs,1-458-318-9474,contact@zenstocklabs.com,https://www.zenstocklabs.com,444,Denver,US,2026-06-13 02:48:54
2026-06-13,MSP Platform,TruePatch Labs,+16877127737,hello@truepatchlabs.co,https://www.truepatchlabs.co,18,Tampa,US,2026-06-13 01:08:41
2026-06-13,MSP Platform,OnyxNode Labs,954-424-2861,hello@onyxnodelabs.com,https://www.onyxnodelabs.com,195,Atlanta,US,2026-06-13 06:51:45
2026-06-13,ERP,NovaPlanDynamics,516-661-8502,info@novaplandynamics.co,https://www.novaplandynamics.co,60,Austin,US,2026-06-13 04:20:59
2026-06-13,MSP Platform,PrimeRemote Hub,709.994.8350 ext. 89,info@primeremotehub.co,primeremotehub.co,488,Denver,US,2026-06-13 03:03:48
2026-06-13,MSP Platform,PolarisTicket’s App,08114985429,sales@polaristicketapp.io,https://www.polaristicketapp.io,16,Phoenix,US,2026-06-13 05:55:09
2026-06-13,HR,VeloOnboard Core,+14536628913,-,https://veloonboardcore.com,129,Chicago,US,2026-06-13 01:36:30
2026-06-13,MSP Platform,PrimeMonitorCore,1-896-897-5609,info@primemonitorcore.com,https://www.primemonitorcore.com,494,Calgary,CA,2026-06-13 05:03:37
2026-06-13,ERP,Summit FinApp,+13049923525,info@summitfinapp.com,summitfinapp.com,767,Raleigh,US,2026-06-13 04:42:51
2026-06-13,Medical,GoldenHealth Sync,+16712099423,hello@goldenhealthsync.com,https://www.goldenhealthsync.com,525,Sydney,AU,2026-06-13 02:44:17
2026-06-13,ERP,XenonChain Solutions,1-528-394-7056,info@xenonchainsolutions.co,https://www.xenonchainsolutions.co,62,Chicago,US,2026-06-13 02:32:04
2026-06-13,HR,Apex TeamPoint,+15062740436,info@apexteampoint.com,https://www.apexteampoint.com,447,Atlanta,US,2026-06-13 02:07:43
2026-06-13,ERP,MosaicStock Flow,(420) 912-2296,hello@mosaicstockflow.com,https://www.mosaicstockflow.com,91,Austin,US,2026-06-13 01:30:51
2026-06-13,ERP,KeystoneOps Flow,+15212427085,hello@keystoneopsflow.com,https://www.keystoneopsflow.com,481,Tampa,US,2026-06-13 06:02:33
2026-06-13,ERP,Juniper Chain Talent Agency,(819) 994-0760,info@juniperchaintalentagency.co,https://www.juniperchaintalentagency.co,85,Boston,US,2026-06-13 05:01:40
2026-06-13,ERP,KeystoneOpsTech,1-428-257-9609,contact@keystoneopstech.com,https://www.keystoneopstech.com,16,Manchester,UK,2026-06-13 05:33:06
2026-06-13,HR,OnyxTeam Solutions,+17226507995,info@onyxteamsolutions.com,https://www.onyxteamsolutions.com,2276,Denver,US,2026-06-13 03:47:59
2026-06-13,Medical,CedarPulse Sphere,+1 (835) 943-8081,contact@cedarpulsesphere.net,https://www.cedarpulsesphere.net,9,Seattle,US,2026-06-13 05:09:19
2026-06-13,ERP,Vertex Stock BPO Services,954-242-0680,sales@vertexstockbposervices.io,vertexstockbposervices.io,31,Seattle,US,2026-06-13 03:48:33
2026-06-13,Medical,HarborRxDynamics,1-201-799-1685,hello@harborrxdynamics.com,https://harborrxdynamics.com,40,Atlanta,US,2026-06-13 02:34:24
2026-06-13,Medical,NorthClinicPlatform,980-849-8816,sales@northclinicplatform.com,northclinicplatform.com,167,Denver,US,2026-06-13 02:39:32
2026-06-13,Medical,CobaltMéd Flow,914-777-5386,info@cobaltmedflow.io,https://www.cobaltmedflow.io,58,Austin,US,2026-06-13 02:26:16
2026-06-13,ERP,SableForge Dynamics,373-299-6383,sales@sableforgedynamics.co,https://sableforgedynamics.co,241,Boston,US,2026-06-13 05:28:35
2026-06-13,Legal,Core DocketTech,(633) 850-7711,hello@coredockettech.com,https://www.coredockettech.com,60,Singapore,SG,2026-06-13 06:24:35
2026-06-13,MSP Platform,Meta TicketDesk,03488789611 ext. 9,info@metaticketdesk.com,https://metaticketdesk.com,15,Seattle,US,2026-06-13 04:52:36
2026-06-13,ERP,SummitPlan Desk,(613) 434-5014,info@summitplandesk.com,https://www.summitplandesk.com,12,Phoenix,US,2026-06-13 01:06:23
2026-06-13,HR,Summit BenefitSoft,825-399-2297,hello@summitbenefitsoft.io,https://summitbenefitsoft.io,11,Manchester,UK,2026-06-13 01:09:50
2026-06-13,MSP Platform,CrestStackSystems,388.541.1113,hello@creststacksystems.io,https://www.creststacksystems.io,406,Denver,US,2026-06-13 04:29:47
2026-06-13,HR,PivotBenefit Base,690.313.3339,contact@pivotbenefitbase.com,https://www.pivotbenefitbase.com,11,Austin,US,2026-06-13 05:22:05
2026-06-13,MSP Platform,SableRemote Point,9055873677,sales@sableremotepoint.com,https://sableremotepoint.com,10,Melbourne,AU,2026-06-13 05:44:34
2026-06-13,Medical,Ember ClinicWorks,+14408378490,info@emberclinicworks.com,https://www.emberclinicworks.com,353,Singapore,SG,2026-06-13 03:31:47
2026-06-13,MSP Platform,SolidNetSphere,+1 (854) 866-1097,contact@solidnetsphere.net,solidnetsphere.net,null,Hyderabad,IN,2026-06-13 01:51:53
2026-06-13,ERP,Vista ResourceSoft,(276) 249-4896,contact@vistaresourcesoft.com,https://vistaresourcesoft.com,171,Atlanta,US,2026-06-13 01:07:48
2026-06-13,ERP,GraniteOrder Works,02655501447 ext. 47,info@graniteorderworks.io,https://www.graniteorderworks.io,7,Karachi,PK,2026-06-13 05:08:32
2026-06-13,ERP,MetaOrder Tech,+17765719426,info@metaordertech.com,metaordertech.com,3158,Dublin,IE,2026-06-13 06:52:15
2026-06-13,ERP,Tidal Resource Recruiting,325.533.7916,info@tidalresourcerecruiting.co,https://tidalresourcerecruiting.co,21,Atlanta,US,2026-06-13 05:10:20
2026-06-13,HR,Onyx RosterCloud,349-743-6825 ext. 52,sales@onyxrostercloud.io,https://www.onyxrostercloud.io,64,Calgary,CA,2026-06-13 01:32:21
2026-06-13,ERP,NimbusResourcePlatform,8198718862,sales@nimbusresourceplatform.com,https://www.nimbusresourceplatform.com,183,Dublin,IE,2026-06-13 03:33:22
2026-06-13,MSP Platform,Falcon PatchSuite,2235262076,hello@falconpatchsuite.com,https://www.falconpatchsuite.com,21,Vancouver,CA,2026-06-13 01:21:03
2026-06-13,Medical,Tidal TriageSuite,3879062295 ext. 99,info@tidaltriagesuite.com,https://www.tidaltriagesuite.com,148,London,UK,2026-06-13 03:06:34
2026-06-13,Legal,SilverCounsel App,+12445822241,info@silvercounselapp.io,https://www.silvercounselapp.io,7,Boston,US,2026-06-13 06:50:17
2026-06-13,LMS,UmbraTutor Sphere,693-388-0488,hello@umbratutorsphere.com,https://www.umbratutorsphere.com,696,Columbus,US,2026-06-13 03:18:44
2026-06-13,Medical,SilverPatientHub,04542687940,sales@silverpatienthub.com,https://silverpatienthub.com,8,Amsterdam,NL,2026-06-13 02:35:24
2026-06-13,MSP Platform,ClearEndpointLogic,1-936-894-5002,contact@clearendpointlogic.co,https://www.clearendpointlogic.co,920,Amsterdam,NL,2026-06-13 01:47:42
2026-06-13,HR,ClearTalentSoft,4155646290,sales@cleartalentsoft.com,https://www.cleartalentsoft.com,217,Austin,US,2026-06-13 05:04:40
2026-06-13,Legal,IndigoHealth App,883-267-2802,info@indigohealthapp.io,indigohealthapp.io,279,Austin,US,2026-06-13 06:07:27
2026-06-13,ERP,PivotStockPlatform,+1 (568) 613-5100,sales@pivotstockplatform.com,https://www.pivotstockplatform.com,221,Raleigh,US,2026-06-13 05:12:21
2026-06-13,HR,OmniOnboardHub,379-741-0275,contact@omnionboardhub.io,https://omnionboardhub.io,847,Melbourne,AU,2026-06-13 03:19:04
2026-06-13,HR,ZenPayroll Hub,+13978546566,sales@zenpayrollhub.com,zenpayrollhub.com,18,Austin,US,2026-06-13 04:11:40
2026-06-13,HR,TidalPayroll Works,884-437-3106,sales@tidalpayrollworks.io,https://www.tidalpayrollworks.io,81,Boston,US,2026-06-13 03:07:04
2026-06-13,Medical,BoldPatient Sphere,+13314638755,info@boldpatientsphere.io,https://www.boldpatientsphere.io,445,Denver,US,2026-06-13 03:56:47
2026-06-13,Legal,OmniCounselTech,(777) 814-0436,info@omnicounseltech.co,https://omnicounseltech.co,5,Dublin,IE,2026-06-13 02:36:42
2026-06-13,HR,FusionShift Works,4237353570,sales@fusionshiftworks.com,fusionshiftworks.com,72,Phoenix,US,2026-06-13 01:56:39
2026-06-13,MSP Platform,AltaUptime App,(291) 581-4343,contact@altauptimeapp.io,https://altauptimeapp.io,null,Boston,US,2026-06-13 06:17:19
2026-06-13,LMS,HarborPath Solutions,1-823-231-2071,sales@harborpathsolutions.com,https://www.harborpathsolutions.com,93,Denver,US,2026-06-13 03:47:55
2026-06-13,ERP,Mosaic ForgeWorks,2843097013,contact@mosaicforgeworks.com,https://www.mosaicforgeworks.com,128,Denver,US,2026-06-13 06:07:21
2026-06-13,MSP Platform,Raven Endpoint Staffing,1-857-682-1936,info@ravenendpointstaffing.io,https://www.ravenendpointstaffing.io,13,Phoenix,US,2026-06-13 05:17:23
2026-06-13,ERP,FalconPlanFlow,+1 (619) 541-8107,sales@falconplanflow.io,https://falconplanflow.io,38,London,UK,2026-06-13 06:22:11
2026-06-13,HR,PivotTeamCore,1-812-563-1791,sales@pivotteamcore.com,https://pivotteamcore.com,71,Boston,US,2026-06-13 05:43:49
2026-06-13,ERP,GraniteChain Base,+14796324908,contact@granitechainbase.com,https://www.granitechainbase.com,348,Tampa,US,2026-06-13 06:43:25
2026-06-13,Legal,HarborCaseCloud,(899) 715-8088,info@harborcasecloud.io,https://harborcasecloud.io,99,null,IN,2026-06-13 05:35:50
2026-06-13,Medical,OmniVital Logic,+1 (757) 542-7977,hello@omnivitallogic.com,https://www.omnivitallogic.com,5,Tampa,US,2026-06-13 06:35:01
2026-06-13,Medical,Crown PulsePlatform,405-710-6470,hello@crownpulseplatform.io,https://www.crownpulseplatform.io,N/A,Atlanta,US,2026-06-13 03:22:24
2026-06-13,Medical,BeaconCare Platform,588-330-5738,hello@beaconcareplatform.com,beaconcareplatform.com,895,London,UK,2026-06-13 01:54:34
2026-06-13,MSP Platform,MetaNode Desk,8569887473,contact@metanodedesk.co,https://www.metanodedesk.co,220,Bengaluru,IN,2026-06-13 02:12:41
2026-06-13,ERP,RidgeResource Cloud,(594) 754-2639,hello@ridgeresourcecloud.com,https://www.ridgeresourcecloud.com,128,Boston,US,2026-06-13 04:11:06
2026-06-13,Medical,Halo Health Recruiting,+1 (750) 925-8145,sales@halohealthrecruiting.co,https://www.halohealthrecruiting.co,419,Denver,US,2026-06-13 04:27:14
2026-06-13,ERP,HaloChainApp,1-864-674-8529,info@halochainapp.co,halochainapp.co,8,Calgary,CA,2026-06-13 01:09:24
2026-06-13,HR,Crest RosterSystems,341-775-4507,contact@crestrostersystems.com,https://www.crestrostersystems.com,66,Munich,DE,2026-06-13 03:05:52
2026-06-13,ERP,AnchorBatch Desk,(332) 371-9912,contact@anchorbatchdesk.com,https://www.anchorbatchdesk.com,224,Lahore,PK,2026-06-13 05:51:06
2026-06-13,Medical,GraniteClinicPoint,(408) 873-8686,hello@graniteclinicpoint.io,graniteclinicpoint.io,6,Pune,IN,2026-06-13 01:54:34
2026-06-13,LMS,RidgewayQuiz App,596.863.8215,info@ridgewayquizapp.com,https://ridgewayquizapp.com,28,Phoenix,US,2026-06-13 01:08:48
2026-06-13,MSP Platform,Beacon NodeDynamics,519-524-3459,sales@beaconnodedynamics.io,https://beaconnodedynamics.io,437,Manchester,UK,2026-06-13 03:20:28
2026-06-13,Medical,XenonHealth Solutions,1-988-417-7121,hello@xenonhealthsolutions.co,https://xenonhealthsolutions.co,51,Seattle,US,2026-06-13 03:48:48
2026-06-13,MSP Platform,SolidPatchSuite,664.309.5385,contact@solidpatchsuite.net,https://www.solidpatchsuite.net,88,Denver,US,2026-06-13 04:33:16
2026-06-13,ERP,VistaStock Tech,964-386-5892,info@vistastocktech.net,https://vistastocktech.net,33,Denver,US,2026-06-13 02:00:55
2026-06-13,HR,Lumen TalentLogic,602-927-6665,info@lumentalentlogic.io,https://www.lumentalentlogic.io,32,N/A,US,2026-06-13 04:44:47
2026-06-13,HR,Golden ShiftCore,(666) 360-5916,hello@goldenshiftcore.io,https://www.goldenshiftcore.io,77,N/A,DE,2026-06-13 05:03:18
2026-06-13,Medical,ZephyrRxCore,1-615-411-9961,hello@zephyrrxcore.com,zephyrrxcore.com,33,Chicago,US,2026-06-13 03:33:15
2026-06-13,MSP Platform,Atlas GridSuite,8966543593,contact@atlasgridsuite.io,https://www.atlasgridsuite.io,12,Atlanta,US,2026-06-13 01:51:15
2026-06-13,HR,SummitTeamLabs,(792) 923-2482,hello@summitteamlabs.io,https://www.summitteamlabs.io,65,Phoenix,US,2026-06-13 03:15:38
2026-06-13,ERP,Cedar FinDynamics,09775584652,contact@cedarfindynamics.co,https://www.cedarfindynamics.co,20,Bengaluru,IN,2026-06-13 05:16:24
2026-06-13,Medical,Iron PatientSolutions,961-535-5161,sales@ironpatientsolutions.com,ironpatientsolutions.com,544,Boston,US,2026-06-13 06:14:34
2026-06-13,ERP,RavenOrder Core,1-261-725-5533,info@ravenordercore.com,https://www.ravenordercore.com,843,Seattle,US,2026-06-13 02:03:00
2026-06-13,ERP,CobaltOpsFlow,+15305998399,sales@cobaltopsflow.com,https://www.cobaltopsflow.com,230,Columbus,US,2026-06-13 03:02:51
2026-06-13,Medical,VistaRx Core,(318) 912-8645,hello@vistarxcore.com,https://www.vistarxcore.com,,Calgary,CA,2026-06-13 06:31:54
2026-06-13,Medical,SolidPulseHub,+13029840551,null,https://solidpulsehub.com,1502,Phoenix,US,2026-06-13 02:47:02
2026-06-13,ERP,Alta Forge Talent Agency,+1 (810) 614-6758,sales@altaforgetalentagency.com,https://altaforgetalentagency.com,4648,Denver,US,2026-06-13 05:35:10
2026-06-13,HR,Prime TeamDesk,396-286-7763,hello@primeteamdesk.co,https://www.primeteamdesk.co,4599,Raleigh,US,2026-06-13 02:23:48
2026-06-13,MSP Platform,Lumen NodeHub,+1 (680) 619-8343,hello@lumennodehub.com,https://www.lumennodehub.com,28,Amsterdam,NL,2026-06-13 06:31:51
2026-06-13,Legal,Nimbus VerdictBase,626-823-1969,hello@nimbusverdictbase.com,https://www.nimbusverdictbase.com,N/A,Toronto,CA,2026-06-13 02:06:06
2026-06-13,Medical,Crest Vital Talent Agency,+1 (475) 448-2231,hello@crestvitaltalentagency.com,https://www.crestvitaltalentagency.com,85,Leeds,UK,2026-06-13 01:07:06
2026-06-13,Medical,Crown PatientLabs,+1 (808) 413-2436,-,https://www.crownpatientlabs.com,N/A,Leeds,UK,2026-06-13 02:11:53
2026-06-13,LMS,Lumen’s LessonDynamics,5897833191,contact@lumenlessondynamics.com,https://www.lumenlessondynamics.com,43,Lahore,PK,2026-06-13 06:35:31
2026-06-13,HR,Polaris Benefit Outsourcing,+14048669625,sales@polarisbenefitoutsourcing.net,https://polarisbenefitoutsourcing.net,16,Pune,IN,2026-06-13 02:54:49
2026-06-13,Medical,ApexHealth Logic,942-405-2965,info@apexhealthlogic.com,https://www.apexhealthlogic.com,100,,US,2026-06-13 04:19:55
2026-06-13,Medical,BoldPulse Logic,204.242.9211,sales@boldpulselogic.co,https://www.boldpulselogic.co,28,Austin,US,2026-06-13 02:05:15
2026-06-13,ERP,BoldChainLogic,09894166904,sales@boldchainlogic.co,https://boldchainlogic.co,5,Atlanta,US,2026-06-13 03:16:06
2026-06-13,MSP Platform,Delta PatchBase,(319) 781-3918 ext. 96,info@deltapatchbase.com,https://www.deltapatchbase.com,205,Vancouver,CA,2026-06-13 04:04:18
2026-06-13,MSP Platform,Alta PatchTech,290.612.3371,sales@altapatchtech.com,https://www.altapatchtech.com,396,Melbourne,AU,2026-06-13 06:31:35
2026-06-13,Legal,FusionCompli Solutions,228.243.4136,hello@fusioncomplisolutions.com,https://www.fusioncomplisolutions.com,44,Seattle,US,2026-06-13 02:14:00
2026-06-13,LMS,Velo LessonPlatform,867.552.9233,sales@velolessonplatform.io,velolessonplatform.io,-,Toronto,CA,2026-06-13 04:40:56
2026-06-13,MSP Platform,BlueNodeCloud,+1 (887) 737-0178,info@bluenodecloud.com,https://www.bluenodecloud.com,7,Boston,US,2026-06-13 03:14:14
2026-06-13,HR,VeloCultureSystems,821.939.9180,sales@veloculturesystems.net,https://www.veloculturesystems.net,7,Vancouver,CA,2026-06-13 01:20:16
2026-06-13,MSP Platform,MosaicRemoteLabs,928-367-2851,contact@mosaicremotelabs.com,https://www.mosaicremotelabs.com,58,Tampa,US,2026-06-13 04:24:18
2026-06-13,ERP,GoldenChainHub,1-509-556-4928,info@goldenchainhub.io,https://goldenchainhub.io,1490,Amsterdam,NL,2026-06-13 04:38:56
2026-06-13,HR,FusionCulture Base,1-630-952-1128 ext. 57,info@fusionculturebase.com,https://www.fusionculturebase.com,226,N/A,UK,2026-06-13 03:44:26
2026-06-13,ERP,ArchOrder Point,5802539841,contact@archorderpoint.com,https://archorderpoint.com,786,Denver,US,2026-06-13 02:53:03
2026-06-13,Medical,LumenChart App,1-355-307-4781,contact@lumenchartapp.io,https://www.lumenchartapp.io,133,Tampa,US,2026-06-13 01:39:37
2026-06-13,HR,IndigoPayrollHub,+14682130447,hello@indigopayrollhub.net,https://www.indigopayrollhub.net,27,Leeds,UK,2026-06-13 01:22:15
2026-06-13,MSP Platform,Prime TicketApp,(902) 462-2731,hello@primeticketapp.net,https://primeticketapp.net,13,Singapore,SG,2026-06-13 03:57:16
2026-06-13,ERP,TidalLedgerCore,869.968.6369,info@tidalledgercore.com,https://www.tidalledgercore.com,12,Singapore,SG,2026-06-13 02:06:54
2026-06-13,ERP,VistaForge Logic,881-735-6903,contact@vistaforgelogic.co,https://www.vistaforgelogic.co,7,Seattle,US,2026-06-13 04:51:19
2026-06-13,LMS,AtlasCohort Flow,502.707.4162,info@atlascohortflow.io,https://atlascohortflow.io,31,Manchester,UK,2026-06-13 02:42:06
2026-06-13,HR,RidgewayTeam Flow,(324) 824-0193,info@ridgewayteamflow.com,https://www.ridgewayteamflow.com,78,Vancouver,CA,2026-06-13 05:39:49
2026-06-13,ERP,Pioneer LedgerBase,1-548-244-2896,sales@pioneerledgerbase.co,https://www.pioneerledgerbase.co,48,Chicago,US,2026-06-13 01:49:47
2026-06-13,Medical,ZephyrTriage Core,9748123105,hello@zephyrtriagecore.io,https://www.zephyrtriagecore.io,203,Islamabad,PK,2026-06-13 02:54:09
2026-06-13,ERP,SolidOrderCloud,+1 (411) 595-2289,contact@solidordercloud.io,https://www.solidordercloud.io,5,Chicago,US,2026-06-13 05:29:25
2026-06-13,HR,ArchShift Flow,593.315.1219,info@archshiftflow.com,https://archshiftflow.com,235,Atlanta,US,2026-06-13 06:59:45
2026-06-13,Medical,Anchor PulseSuite,+19092536948,info@anchorpulsesuite.com,https://anchorpulsesuite.com,9,Leeds,UK,2026-06-13 05:03:21
2026-06-13,HR,Sable OnboardApp,1-470-496-1658 ext. 93,contact@sableonboardapp.com,https://www.sableonboardapp.com,1536,Phoenix,US,2026-06-13 04:58:31
2026-06-13,LMS,RidgeMentor Sync,(948) 623-1614,sales@ridgementorsync.io,https://www.ridgementorsync.io,45,N/A,US,2026-06-13 04:29:00
2026-06-13,HR,SilverPeople Desk,(384) 673-6633,contact@silverpeopledesk.io,https://www.silverpeopledesk.io,15,London,UK,2026-06-13 01:32:24
2026-06-13,ERP,MosaicLedger Point,(516) 215-1923,sales@mosaicledgerpoint.com,https://www.mosaicledgerpoint.com,18,Singapore,SG,2026-06-13 03:02:52
2026-06-13,MSP Platform,Harbor NodeSolutions,331-355-7583,hello@harbornodesolutions.com,harbornodesolutions.com,135,Phoenix,US,2026-06-13 04:39:05
2026-06-13,HR,Clear PayrollSync,+15423194372,sales@clearpayrollsync.com,https://www.clearpayrollsync.com,229,Toronto,CA,2026-06-13 04:53:03
2026-06-13,HR,Lumen OnboardSystems,+1 (684) 291-7596 ext. 42,sales@lumenonboardsystems.com,https://lumenonboardsystems.com,14,Berlin,DE,2026-06-13 04:40:08
2026-06-13,Medical,Indigo RxPlatform,1-867-698-6129,hello@indigorxplatform.com,https://indigorxplatform.com,43,Atlanta,US,2026-06-13 01:55:41
2026-06-13,ERP,SolidFin Sphere,+1 (415) 503-1443,hello@solidfinsphere.com,solidfinsphere.com,627,Boston,US,2026-06-13 02:42:55
2026-06-13,HR,OrbitBenefitSystems,1-566-457-7434,sales@orbitbenefitsystems.io,https://www.orbitbenefitsystems.io,702,Austin,US,2026-06-13 05:31:17
2026-06-13,ERP,SableBatch Base,2817556587,sales@sablebatchbase.net,https://sablebatchbase.net,43,Denver,US,2026-06-13 05:55:09
2026-06-13,HR,LatticeTalentSuite,06733524453,hello@latticetalentsuite.com,https://www.latticetalentsuite.com,27,Columbus,US,2026-06-13 06:16:00
2026-06-13,LMS,VertexCourseSystems,778.541.4278,sales@vertexcoursesystems.io,https://www.vertexcoursesystems.io,230,Denver,US,2026-06-13 05:04:37
2026-06-13,ERP,Vertex StockLabs,+16686211626,sales@vertexstocklabs.com,https://www.vertexstocklabs.com,108,Chicago,US,2026-06-13 04:31:38
2026-06-13,LMS,JuniperPath Tech,1-937-424-0747,contact@juniperpathtech.com,https://juniperpathtech.com,118,Tampa,US,2026-06-13 02:34:54
2026-06-13,LMS,LumenTutor Core,428-511-0790,info@lumentutorcore.com,https://www.lumentutorcore.com,17,Phoenix,US,2026-06-13 01:56:33
2026-06-13,Medical,HaloPatientDesk,(813) 385-3091,hello@halopatientdesk.net,https://halopatientdesk.net,8,Dublin,IE,2026-06-13 04:04:43
2026-06-13,Medical,ZephyrMed Sync,03418802262 ext. 84,info@zephyrmedsync.net,https://www.zephyrmedsync.net,63,Tampa,US,2026-06-13 02:51:30
2026-06-13,MSP Platform,Pioneer TicketWorks,5636426419,info@pioneerticketworks.com,https://pioneerticketworks.com,119,Manchester,UK,2026-06-13 03:15:21
2026-06-13,ERP,VistaChainLabs,+18625526251,sales@vistachainlabs.com,https://www.vistachainlabs.com,730,Dublin,IE,2026-06-13 06:56:12
2026-06-13,Legal,LumenDocket Flow,(949) 445-3418,info@lumendocketflow.com,https://lumendocketflow.com,357,Chicago,US,2026-06-13 06:16:39
2026-06-13,Legal,VistaClause Base,+19185305121,contact@vistaclausebase.net,https://www.vistaclausebase.net,17,Boston,US,2026-06-13 05:53:03
2026-06-13,LMS,Alta Lesson Manpower Services,1-312-634-8862 ext. 1,hello@altalessonmanpowerservices.io,https://www.altalessonmanpowerservices.io,5,Amsterdam,NL,2026-06-13 06:54:15
2026-06-13,ERP,North ResourcePlatform,1-444-559-0288,hello@northresourceplatform.net,https://northresourceplatform.net,369,Seattle,US,2026-06-13 06:36:26
2026-06-13,MSP Platform,VeloCare Suite,09177264008,,https://www.velocaresuite.com,179,Austin,US,2026-06-13 06:44:38
2026-06-13,Legal,Indigo FilingFlow,+19397383961,N/A,https://www.indigofilingflow.net,29,Tampa,US,2026-06-13 01:15:03
2026-06-13,ERP,SolidForge Sync,+15795374722,info@solidforgesync.com,https://www.solidforgesync.com,544,Manchester,UK,2026-06-13 01:24:48
2026-06-13,Medical,OmniMed Logic,1-756-330-6020,contact@omnimedlogic.com,https://www.omnimedlogic.com,4710,Dublin,IE,2026-06-13 01:05:53
2026-06-13,MSP Platform,Quantum RemoteSoft,940.546.9420,info@quantumremotesoft.net,https://www.quantumremotesoft.net,49,Raleigh,US,2026-06-13 01:36:37
2026-06-13,MSP Platform,WillowNetHub,240.578.5124,sales@willownethub.io,https://www.willownethub.io,16,Phoenix,US,2026-06-13 04:45:57
2026-06-13,Medical,GoldenHealthSync,+1 (368) 350-8597,sales@goldenhealthsync.com,https://goldenhealthsync.com,null,Hyderabad,IN,2026-06-13 03:28:59
2026-06-13,Legal,UmbraDocket Sphere,+1 (581) 873-4502,contact@umbradocketsphere.com,https://www.umbradocketsphere.com,5,Phoenix,US,2026-06-13 06:28:42
2026-06-13,MSP Platform,VertexStack Desk,+16654859642,,https://www.vertexstackdesk.com,31,Tampa,US,2026-06-13 03:38:01
2026-06-13,ERP,LumenPlanBase,+1 (794) 222-6281,info@lumenplanbase.net,https://lumenplanbase.net,617,Columbus,US,2026-06-13 02:50:46
2026-06-13,HR,OrbitBenefit Soft,6076705844,,https://orbitbenefitsoft.com,91,Raleigh,US,2026-06-13 06:46:02
2026-06-13,MSP Platform,BeaconTicketApp,+15554737169,hello@beaconticketapp.com,https://beaconticketapp.com,21,Boston,US,2026-06-13 03:44:08
2026-06-13,HR,Onyx PerformLogic,275.217.7872,sales@onyxperformlogic.com,https://onyxperformlogic.com,85,Tampa,US,2026-06-13 01:55:21
2026-06-13,HR,SilverTalentSync,(426) 850-4789,hello@silvertalentsync.com,https://www.silvertalentsync.com,913,Sydney,AU,2026-06-13 06:35:23
2026-06-13,ERP,DeltaForgeApp,+18944963492,sales@deltaforgeapp.com,https://deltaforgeapp.com,87,Sydney,AU,2026-06-13 05:21:31
2026-06-13,Legal,Rapid CompliLogic,888.741.4853,info@rapidcomplilogic.com,https://www.rapidcomplilogic.com,45,Denver,US,2026-06-13 05:07:40
2026-06-13,ERP,NimbusStockSoft,555.357.8786 ext. 77,info@nimbusstocksoft.com,https://www.nimbusstocksoft.com,465,Manchester,UK,2026-06-13 02:22:39
2026-06-13,ERP,CrestResourceLogic,3422805542,sales@crestresourcelogic.com,https://www.crestresourcelogic.com,14,Chicago,US,2026-06-13 04:24:58
2026-06-13,ERP,Raven BatchFlow,+16767956881,contact@ravenbatchflow.com,https://www.ravenbatchflow.com,196,Phoenix,US,2026-06-13 04:10:08
2026-06-13,MSP Platform,PolarisUptime Sphere,(254) 620-1023,hello@polarisuptimesphere.co,https://www.polarisuptimesphere.co,79,London,UK,2026-06-13 01:50:07
2026-06-13,HR,AltaBenefitBase,780.895.9771,hello@altabenefitbase.com,https://www.altabenefitbase.com,331,Tampa,US,2026-06-13 06:47:03
2026-06-13,Legal,VistaVerdictCore,+16578138861 ext. 20,info@vistaverdictcore.com,https://www.vistaverdictcore.com,546,London,UK,2026-06-13 03:18:48
2026-06-13,Medical,CrestVital Solutions,486-813-7388,contact@crestvitalsolutions.io,https://www.crestvitalsolutions.io,4292,N/A,IN,2026-06-13 03:52:44
2026-06-13,Legal,Vertex FilingPlatform,(465) 456-8368,info@vertexfilingplatform.com,https://www.vertexfilingplatform.com,247,Dublin,IE,2026-06-13 05:56:13
2026-06-13,Medical,IndigoVitalSphere,(929) 605-2666,info@indigovitalsphere.com,https://indigovitalsphere.com,30,-,AU,2026-06-13 06:05:05
2026-06-13,MSP Platform,EmberStackHub,208-710-5017,info@emberstackhub.net,https://emberstackhub.net,395,Berlin,DE,2026-06-13 05:09:24
2026-06-13,Legal,JuniperClauseBase,+17819868175,hello@juniperclausebase.com,https://juniperclausebase.com,476,Atlanta,US,2026-06-13 01:51:37
2026-06-13,LMS,ZephyrTrain Logic,8567815192,N/A,https://www.zephyrtrainlogic.io,43,Tampa,US,2026-06-13 01:23:08
2026-06-13,Legal,SilverFilingDynamics,+13939933226,hello@silverfilingdynamics.co,https://silverfilingdynamics.co,205,Seattle,US,2026-06-13 02:47:22
2026-06-13,Medical,BrightHealth Solutions,525-839-6761,info@brighthealthsolutions.net,brighthealthsolutions.net,11,Raleigh,US,2026-06-13 02:08:26
2026-06-13,Medical,Velo ClinicSync,1-569-829-9123,hello@veloclinicsync.io,https://www.veloclinicsync.io,259,Boston,US,2026-06-13 03:02:30
2026-06-13,Medical,AtlasPulse Sync,4704082535,hello@atlaspulsesync.com,https://www.atlaspulsesync.com,44,Vancouver,CA,2026-06-13 02:52:23
2026-06-13,MSP Platform,CedarGridPoint,(565) 963-1632,contact@cedargridpoint.com,https://www.cedargridpoint.com,9,Tampa,US,2026-06-13 02:56:48
2026-06-13,Legal,Solid FilingFlow,631-460-7831,sales@solidfilingflow.net,https://www.solidfilingflow.net,19,Bengaluru,IN,2026-06-13 04:47:35
2026-06-13,ERP,RavenForgePoint,+14745059642,contact@ravenforgepoint.com,https://ravenforgepoint.com,516,Boston,US,2026-06-13 03:32:27
2026-06-13,ERP,LatticeOrder Solutions,(438) 452-1082,sales@latticeordersolutions.net,https://www.latticeordersolutions.net,9,Hyderabad,IN,2026-06-13 04:23:09
2026-06-13,LMS,TrueTrain Platform,711-842-4535,contact@truetrainplatform.net,https://truetrainplatform.net,1756,Atlanta,US,2026-06-13 04:32:46
2026-06-13,MSP Platform,XenonEndpointDynamics,07692292498,sales@xenonendpointdynamics.com,https://www.xenonendpointdynamics.com,26,Amsterdam,NL,2026-06-13 06:57:28
2026-06-13,Legal,Core LawSync,8487701827,sales@corelawsync.com,https://www.corelawsync.com,402,Melbourne,AU,2026-06-13 02:06:53
2026-06-13,MSP Platform,Raven’s StockLabs,(907) 492-4931,N/A,https://www.ravenstocklabs.com,87,Atlanta,US,2026-06-13 05:49:40
2026-06-13,Legal,QuartzCompliHub,279-882-5007,info@quartzcomplihub.com,https://www.quartzcomplihub.com,5,Islamabad,PK,2026-06-13 03:43:01
2026-06-13,MSP Platform,ArchStackSuite,438-808-5066 ext. 83,sales@archstacksuite.com,https://archstacksuite.com,95,Austin,US,2026-06-13 05:38:06
2026-06-13,HR,Quartz TeamBase,790-651-8976,hello@quartzteambase.io,https://quartzteambase.io,497,Boston,US,2026-06-13 02:37:36
2026-06-13,HR,Velo ShiftLogic,504.697.2692,info@veloshiftlogic.com,https://veloshiftlogic.com,15,Columbus,US,2026-06-13 02:49:43
2026-06-13,HR,PrimePeople Works,(204) 626-6813,sales@primepeopleworks.io,https://www.primepeopleworks.io,43,Seattle,US,2026-06-13 03:37:46
2026-06-13,HR,Tidal TalentPlatform,(720) 564-6443,hello@tidaltalentplatform.com,https://tidaltalentplatform.com,6,Austin,US,2026-06-13 04:19:30
2026-06-13,HR,AnchorPerform Hub,+14274823998,info@anchorperformhub.com,https://www.anchorperformhub.com,1746,Munich,DE,2026-06-13 04:20:01
2026-06-13,HR,Granite CultureSystems,+13712086607,contact@graniteculturesystems.co,https://www.graniteculturesystems.co,197,Raleigh,US,2026-06-13 03:41:59
2026-06-13,HR,SableTalent Solutions,1-295-550-3144,info@sabletalentsolutions.io,sabletalentsolutions.io,6,London,UK,2026-06-13 01:36:38
2026-06-13,Medical,Halo Health Manpower Services,880.659.2199,info@halohealthmanpowerservices.com,https://halohealthmanpowerservices.com,14,,UK,2026-06-13 05:50:34
2026-06-13,ERP,LumenForge Suite,1-464-996-7359,contact@lumenforgesuite.com,https://www.lumenforgesuite.com,33,Atlanta,US,2026-06-13 06:26:34
2026-06-13,Medical,QuantumGridSystems,3717726314,sales@quantumgridsystems.io,https://www.quantumgridsystems.io,204,Manchester,UK,2026-06-13 03:34:06
2026-06-13,MSP Platform,Solid EndpointWorks,5685513411,hello@solidendpointworks.com,https://solidendpointworks.com,41,Boston,US,2026-06-13 04:41:33
2026-06-13,HR,BrightRoster Logic,(410) 342-0756,sales@brightrosterlogic.com,https://www.brightrosterlogic.com,77,Tampa,US,2026-06-13 06:22:52
2026-06-13,Legal,LatticeClauseSoft,731-624-6157,sales@latticeclausesoft.com,https://www.latticeclausesoft.com,107,Denver,US,2026-06-13 02:08:14
2026-06-13,Legal,Vertex LawApp,977-911-4095,info@vertexlawapp.co,https://www.vertexlawapp.co,21,Atlanta,US,2026-06-13 01:37:03
2026-06-13,LMS,Raven TrainWorks,(401) 755-4407,info@raventrainworks.com,https://raventrainworks.com,120,Denver,US,2026-06-13 03:34:01
2026-06-13,HR,Cobalt Onboard Consultants,1-412-447-4988,contact@cobaltonboardconsultants.com,https://www.cobaltonboardconsultants.com,79,Boston,US,2026-06-13 05:19:42
2026-06-13,ERP,SummitChainDynamics,+15592701875,hello@summitchaindynamics.co,https://summitchaindynamics.co,20,Raleigh,US,2026-06-13 06:00:01
2026-06-13,ERP,Crown StockSync,6023632491,hello@crownstocksync.com,crownstocksync.com,914,Austin,US,2026-06-13 06:09:36
2026-06-13,HR,NimbusRosterCloud,(620) 242-5369,sales@nimbusrostercloud.io,nimbusrostercloud.io,84,Columbus,US,2026-06-13 05:35:12
2026-06-13,Medical,LatticeMed Tech,911-580-8109,N/A,https://www.latticemedtech.com,78,Dublin,IE,2026-06-13 03:36:40
2026-06-13,LMS,XenonPathLogic,8812275486,info@xenonpathlogic.com,https://www.xenonpathlogic.com,15,Raleigh,US,2026-06-13 06:18:36
2026-06-13,HR,EmberShift Platform,+1 (703) 336-3546,info@embershiftplatform.com,https://www.embershiftplatform.com,303,Austin,US,2026-06-13 02:06:15
2026-06-13,MSP Platform,DeltaGrid Flow,421-981-7164,sales@deltagridflow.com,deltagridflow.com,1455,Chicago,US,2026-06-13 04:18:02
2026-06-13,HR,RidgewayPeopleSync,3842217817,sales@ridgewaypeoplesync.com,https://ridgewaypeoplesync.com,16,Phoenix,US,2026-06-13 05:41:16
2026-06-13,MSP Platform,ClearMonitorSphere,350-898-9304,hello@clearmonitorsphere.io,clearmonitorsphere.io,891,Seattle,US,2026-06-13 02:13:05
2026-06-13,MSP Platform,BeaconStack Base,451.466.6746,info@beaconstackbase.com,beaconstackbase.com,47,Phoenix,US,2026-06-13 02:49:03
2026-06-13,MSP Platform,QuantumNet Cloud,808.400.0558 ext. 87,hello@quantumnetcloud.com,https://www.quantumnetcloud.com,14,Vancouver,CA,2026-06-13 03:15:34
2026-06-13,Medical,Delta VitalSoft,(340) 780-9555,sales@deltavitalsoft.com,https://deltavitalsoft.com,72,Austin,US,2026-06-13 06:54:55
2026-06-13,Legal,Lumen VerdictApp,414-613-3825,hello@lumenverdictapp.io,lumenverdictapp.io,99,Chicago,US,2026-06-13 06:28:51
2026-06-13,ERP,CrownStock Works,494-999-0538,contact@crownstockworks.com,https://www.crownstockworks.com,68,Atlanta,US,2026-06-13 05:04:57
2026-06-13,ERP,BrightFin Base,278-822-2419,sales@brightfinbase.net,https://www.brightfinbase.net,446,Austin,US,2026-06-13 03:16:08
2026-06-13,HR,North BenefitApp,+1 (943) 737-9839,contact@northbenefitapp.com,https://www.northbenefitapp.com,76,Chicago,US,2026-06-13 05:05:00
2026-06-13,HR,Crown BenefitTech,(845) 272-3983,contact@crownbenefittech.com,https://www.crownbenefittech.com,,Denver,US,2026-06-13 05:24:54
2026-06-13,MSP Platform,RidgeMonitorSuite,640.891.9323,hello@ridgemonitorsuite.com,ridgemonitorsuite.com,47,Seattle,US,2026-06-13 04:02:19
2026-06-13,ERP,Delta FinFlow,593-482-0298,info@deltafinflow.co,deltafinflow.co,10,Phoenix,US,2026-06-13 03:57:01
2026-06-13,ERP,XenonForge Core,+17933558497,hello@xenonforgecore.com,https://www.xenonforgecore.com,206,Karachi,PK,2026-06-13 03:32:33
2026-06-13,HR,Iron RosterCore,+1 (524) 433-4041,contact@ironrostercore.co,https://www.ironrostercore.co,237,Pune,IN,2026-06-13 01:49:35
2026-06-13,Medical,DeltaHealth Cloud,+13117671541,contact@deltahealthcloud.com,https://www.deltahealthcloud.com,83,Bengaluru,IN,2026-06-13 03:31:32
2026-06-13,Medical,RapidHealthLabs,+1 (393) 227-6472 ext. 43,sales@rapidhealthlabs.io,https://www.rapidhealthlabs.io,70,Sydney,AU,2026-06-13 06:32:52
2026-06-13,ERP,NimbusNet Systems,976.822.6008,hello@nimbusnetsystems.co,https://www.nimbusnetsystems.co,56,Atlanta,US,2026-06-13 06:36:53
2026-06-13,HR,AtlasCulture Works,9165370612,contact@atlascultureworks.io,https://www.atlascultureworks.io,572,Austin,US,2026-06-13 01:02:02
2026-06-13,Legal,PivotBrief Flow,240-657-2472,hello@pivotbriefflow.com,https://www.pivotbriefflow.com,91,Atlanta,US,2026-06-13 04:42:57
2026-06-13,Legal,FalconClinicSync,1-737-406-5659,info@falconclinicsync.com,https://www.falconclinicsync.com,34,Dublin,IE,2026-06-13 01:34:53
2026-06-13,Legal,BoldFiling Cloud,(802) 953-0234,sales@boldfilingcloud.io,https://www.boldfilingcloud.io,250,Seattle,US,2026-06-13 02:19:45
2026-06-13,MSP Platform,Prime MonitorPlatform,560-265-4981,contact@primemonitorplatform.com,https://www.primemonitorplatform.com,21,Phoenix,US,2026-06-13 02:00:26
2026-06-13,ERP,TrueOrder Platform,9569038491,contact@trueorderplatform.io,https://www.trueorderplatform.io,10,Phoenix,US,2026-06-13 04:28:59
2026-06-13,MSP Platform,Delta TicketSphere,319-240-9036 ext. 10,sales@deltaticketsphere.com,https://deltaticketsphere.com,23,Tampa,US,2026-06-13 03:26:58
2026-06-13,Medical,SummitVitalSphére,(691) 287-7902,info@summitvitalsphere.com,https://www.summitvitalsphere.com,25,Seattle,US,2026-06-13 04:15:18
2026-06-13,Medical,Iron BenefitCore,908-631-9115,hello@ironbenefitcore.com,https://ironbenefitcore.com,150,Columbus,US,2026-06-13 01:40:51
2026-06-13,ERP,EmberOpsSolutions,1-208-686-9377,sales@emberopssolutions.net,https://www.emberopssolutions.net,18,Denver,US,2026-06-13 01:33:57
2026-06-13,MSP Platform,Harbor RemoteSolutions,08336844914,hello@harborremotesolutions.com,https://www.harborremotesolutions.com,13,Boston,US,2026-06-13 04:30:46
2026-06-13,MSP Platform,UmbraPatchSuite,729.698.3636,hello@umbrapatchsuite.com,https://www.umbrapatchsuite.com,12,Denver,US,2026-06-13 02:05:15
2026-06-13,HR,AtlasPerform App,521-829-8685,sales@atlasperformapp.net,https://www.atlasperformapp.net,40,Seattle,US,2026-06-13 03:12:28
2026-06-13,MSP Platform,Delta RemoteSoft,700-664-4564,hello@deltaremotesoft.io,deltaremotesoft.io,298,Amsterdam,NL,2026-06-13 02:46:17
2026-06-13,Medical,GraniteVitalSolutions,02306511037,info@granitevitalsolutions.io,https://www.granitevitalsolutions.io,213,,CA,2026-06-13 06:24:18
2026-06-13,Medical,OnyxPulseSphere,+12594801754,hello@onyxpulsesphere.com,onyxpulsesphere.com,7,Phoenix,US,2026-06-13 02:24:40
2026-06-13,Medical,BlueCare Platform,+1 (957) 693-9408,sales@bluecareplatform.com,https://www.bluecareplatform.com,17,Phoenix,US,2026-06-13 05:05:50
2026-06-13,HR,XenonBenefit Soft,(803) 912-2452,sales@xenonbenefitsoft.io,https://www.xenonbenefitsoft.io,1031,Seattle,US,2026-06-13 04:19:03
2026-06-13,ERP,Umbra Chain BPO Services,1-858-985-2192,info@umbrachainbposervices.com,https://www.umbrachainbposervices.com,12,Tampa,US,2026-06-13 06:31:08
2026-06-13,LMS,GraniteQuiz Soft,678-499-3542,contact@granitequizsoft.io,https://www.granitequizsoft.io,64,Melbourne,AU,2026-06-13 02:39:22
2026-06-13,Medical,MosaicCare App,947.392.6667,hello@mosaiccareapp.io,https://www.mosaiccareapp.io,23,Seattle,US,2026-06-13 06:36:13
2026-06-13,HR,CorePeople Works,1-806-577-2626,info@corepeopleworks.co,corepeopleworks.co,25,Phoenix,US,2026-06-13 03:36:50
2026-06-13,ERP,Alta BatchLogic,896-322-6006,info@altabatchlogic.com,https://www.altabatchlogic.com,197,Atlanta,US,2026-06-13 01:16:05
2026-06-13,Legal,ZenVerdict Systems,+14989803993,contact@zenverdictsystems.com,https://www.zenverdictsystems.com,57,Tampa,US,2026-06-13 04:21:50
2026-06-13,ERP,Silver ForgeCloud,+19238812658,contact@silverforgecloud.com,https://www.silverforgecloud.com,26,Atlanta,US,2026-06-13 06:03:05
2026-06-13,HR,SummitBenefit Suite,533-865-1707,sales@summitbenefitsuite.com,summitbenefitsuite.com,504,Atlanta,US,2026-06-13 04:43:50
2026-06-13,LMS,ZephyrMentor Flow,(500) 972-5467 ext. 62,sales@zephyrmentorflow.com,https://www.zephyrmentorflow.com,19,Tampa,US,2026-06-13 04:01:27
2026-06-13,Medical,QuartzMedLabs,+12768571839,contact@quartzmedlabs.com,https://www.quartzmedlabs.com,3265,Amsterdam,NL,2026-06-13 04:12:18
2026-06-13,MSP Platform,MosaicEndpoint Tech,(515) 574-9583,hello@mosaicendpointtech.com,https://www.mosaicendpointtech.com,300,Tampa,US,2026-06-13 01:16:10
2026-06-13,MSP Platform,WillowMonitor Works,1-556-878-9345,info@willowmonitorworks.io,willowmonitorworks.io,25,Manchester,UK,2026-06-13 05:52:43
2026-06-13,ERP,LumenPlanWorks,+19222461116,sales@lumenplanworks.net,https://lumenplanworks.net,13,Austin,US,2026-06-13 06:36:31
2026-06-13,MSP Platform,XenonNet Hub,+18827996750 ext. 38,info@xenonnethub.net,https://www.xenonnethub.net,-,Tampa,US,2026-06-13 04:50:51
2026-06-13,Medical,Nova TriagePlatform,+1 (757) 205-2535,hello@novatriageplatform.com,https://www.novatriageplatform.com,90,Phoenix,US,2026-06-13 06:24:23
2026-06-13,Medical,OnyxPatient Cloud,1-281-818-3535,hello@onyxpatientcloud.com,https://www.onyxpatientcloud.com,202,Atlanta,US,2026-06-13 02:15:23
2026-06-13,HR,Vertex CultureApp,3213924856,hello@vertexcultureapp.com,https://vertexcultureapp.com,17,Dublin,IE,2026-06-13 02:13:45
2026-06-13,ERP,Golden FinLabs,(600) 897-2127,info@goldenfinlabs.com,https://goldenfinlabs.com,98,Hyderabad,IN,2026-06-13 03:19:10
2026-06-13,MSP Platform,TidalStack Point,+14053550062,sales@tidalstackpoint.io,https://www.tidalstackpoint.io,9,Seattle,US,2026-06-13 05:16:26
2026-06-13,MSP Platform,PrimePatch Point,4057245058,hello@primepatchpoint.com,https://primepatchpoint.com,10,Boston,US,2026-06-13 05:25:31
2026-06-13,Legal,Willow CompliDesk,6174887127,hello@willowcomplidesk.com,https://www.willowcomplidesk.com,131,Toronto,CA,2026-06-13 02:17:52
2026-06-13,ERP,Halo Stock BPO Services,912-931-8679,sales@halostockbposervices.com,https://www.halostockbposervices.com,11,Munich,DE,2026-06-13 04:17:39
2026-06-13,ERP,Xenon Ledger Consultants,+18237668376,sales@xenonledgerconsultants.io,https://www.xenonledgerconsultants.io,18,Calgary,CA,2026-06-13 06:25:10
2026-06-13,Medical,Juniper ClinicPlatform,7275844897 ext. 51,info@juniperclinicplatform.io,juniperclinicplatform.io,120,Toronto,CA,2026-06-13 03:06:37
2026-06-13,Legal,PioneerClause Base,+1 (551) 239-7924,hello@pioneerclausebase.co,https://www.pioneerclausebase.co,438,Atlanta,US,2026-06-13 01:31:46
2026-06-13,ERP,Iron Forge Recruiting,(846) 631-3648,contact@ironforgerecruiting.com,https://www.ironforgerecruiting.com,83,Austin,US,2026-06-13 02:16:12
2026-06-13,Legal,Orbit LawApp,+1 (922) 564-5760,hello@orbitlawapp.com,https://orbitlawapp.com,60,Seattle,US,2026-06-13 01:06:35
2026-06-13,MSP Platform,CrestNetHub,1-962-970-0408,contact@crestnethub.com,https://www.crestnethub.com,8,,US,2026-06-13 03:11:10
2026-06-13,ERP,Quantum Forge Consultants,1-392-424-7051,info@quantumforgeconsultants.com,https://www.quantumforgeconsultants.com,264,Denver,US,2026-06-13 04:44:24
2026-06-13,ERP,SolidFin Flow,310-545-3654,sales@solidfinflow.com,https://solidfinflow.com,42,Austin,US,2026-06-13 06:47:56
2026-06-13,ERP,OrbitTalent Hub,+1 (466) 833-5329,hello@orbittalenthub.io,orbittalenthub.io,28,Hyderabad,IN,2026-06-13 03:01:12
2026-06-13,MSP Platform,ZenUptime Flow,(751) 310-4757,info@zenuptimeflow.com,https://www.zenuptimeflow.com,564,Denver,US,2026-06-13 05:22:05
2026-06-13,Medical,GoldenPatient Flow,(641) 664-0328,hello@goldenpatientflow.io,https://www.goldenpatientflow.io,20,Melbourne,AU,2026-06-13 04:34:44
2026-06-13,ERP,FusionForgeDynamics,3048670055 ext. 34,hello@fusionforgedynamics.com,https://fusionforgedynamics.com,50,Karachi,PK,2026-06-13 03:04:10
2026-06-13,ERP,SummitOps Cloud,(228) 367-2335,sales@summitopscloud.co,https://www.summitopscloud.co,404,Chicago,US,2026-06-13 02:40:45
2026-06-13,HR,TrueBenefitSolutions,+12179969605,sales@truebenefitsolutions.com,https://www.truebenefitsolutions.com,456,Tampa,US,2026-06-13 02:49:19
2026-06-13,Medical,LatticeHealthSolutions,988.330.7412,sales@latticehealthsolutions.io,https://www.latticehealthsolutions.io,63,London,UK,2026-06-13 01:06:16
2026-06-13,ERP,Blue BatchWorks,311-492-8077,contact@bluebatchworks.io,https://www.bluebatchworks.io,61,Amsterdam,NL,2026-06-13 05:53:09
2026-06-13,Medical,Bold HealthBase,+17914333103,sales@boldhealthbase.com,boldhealthbase.com,8,Chicago,US,2026-06-13 05:08:26
2026-06-13,Legal,MosaicBrief Platform,+1 (856) 419-9065,hello@mosaicbriefplatform.co,https://mosaicbriefplatform.co,43,Phoenix,US,2026-06-13 05:54:06
2026-06-13,ERP,Crown LedgerPoint,947-923-2931,,https://www.crownledgerpoint.com,38,Pune,IN,2026-06-13 05:28:10
2026-06-13,HR,CrestRosterSuite,+19305669658,sales@crestrostersuite.com,crestrostersuite.com,24,Raleigh,US,2026-06-13 01:34:16
2026-06-13,Medical,DeltaCareSuite,1-529-566-8287,info@deltacaresuite.io,https://www.deltacaresuite.io,45,Munich,DE,2026-06-13 05:12:58
2026-06-13,Medical,Solid TriageTech,(751) 342-8676,,https://solidtriagetech.net,85,Seattle,US,2026-06-13 05:24:26
2026-06-13,ERP,LumenFinSphere,4766968209,info@lumenfinsphere.io,https://lumenfinsphere.io,20,Leeds,UK,2026-06-13 02:46:17
2026-06-13,HR,Polaris TalentTech,+12856941111,,https://www.polaristalenttech.com,27,Columbus,US,2026-06-13 03:36:38
2026-06-13,ERP,NovaLedger Desk,6816488734,contact@novaledgerdesk.com,https://www.novaledgerdesk.com,985,Columbus,US,2026-06-13 03:46:02
2026-06-13,HR,Iron OnboardTech,592-937-2319,contact@irononboardtech.co,irononboardtech.co,694,N/A,UK,2026-06-13 02:28:01
2026-06-13,ERP,NorthForgeHub,+18564969243,info@northforgehub.co,https://www.northforgehub.co,358,Phoenix,US,2026-06-13 04:50:47
2026-06-13,HR,VertexTalent Systems,2239664872,hello@vertextalentsystems.io,vertextalentsystems.io,366,Columbus,US,2026-06-13 05:33:35
2026-06-13,HR,QuartzPerformSync,988-353-5612,hello@quartzperformsync.com,https://quartzperformsync.com,21,Raleigh,US,2026-06-13 03:37:11
2026-06-13,LMS,Anchor LessonSuite,+1 (704) 616-9247,sales@anchorlessonsuite.com,https://anchorlessonsuite.com,80,Tampa,US,2026-06-13 05:30:09
2026-06-13,Legal,AltaBriefSystems,3387059131 ext. 41,sales@altabriefsystems.net,altabriefsystems.net,68,Seattle,US,2026-06-13 01:46:12
2026-06-13,Legal,Polaris ClauseLabs,2255493126,sales@polarisclauselabs.com,https://www.polarisclauselabs.com,85,Seattle,US,2026-06-13 02:31:13
2026-06-13,Legal,IronMatter Logic,206-931-5202,contact@ironmatterlogic.com,https://www.ironmatterlogic.com,325,Columbus,US,2026-06-13 06:34:12
2026-06-13,MSP Platform,GoldenNetPlatform,(418) 431-8168,contact@goldennetplatform.net,https://goldennetplatform.net,179,Vancouver,CA,2026-06-13 04:30:47
2026-06-13,ERP,Nimbus ChainLogic,(728) 997-9528,hello@nimbuschainlogic.io,https://www.nimbuschainlogic.io,2332,Chicago,US,2026-06-13 05:44:17
2026-06-13,HR,Crown CultureLogic,(541) 931-1401,hello@crownculturelogic.io,https://www.crownculturelogic.io,381,Denver,US,2026-06-13 02:58:01
2026-06-13,HR,SabléCulturePlatform,+19678240780,hello@sablecultureplatform.com,https://www.sablecultureplatform.com,25,Toronto,CA,2026-06-13 04:39:20
2026-06-13,ERP,AltaChain Core,4423564885,sales@altachaincore.net,altachaincore.net,40,Tampa,US,2026-06-13 06:34:14
2026-06-13,LMS,Orbit CourseLogic,783-522-7911,contact@orbitcourselogic.com,https://www.orbitcourselogic.com,18,Toronto,CA,2026-06-13 03:58:46
2026-06-13,ERP,Silver ChainCore,(345) 747-7884,hello@silverchaincore.com,https://www.silverchaincore.com,6,Amsterdam,NL,2026-06-13 03:36:12
2026-06-13,LMS,ArchTrainTech,(695) 817-9973,sales@archtraintech.co,https://archtraintech.co,119,Toronto,CA,2026-06-13 05:02:39
2026-06-13,ERP,OrbitOpsCloud,728-571-5942,hello@orbitopscloud.com,https://www.orbitopscloud.com,16,Munich,DE,2026-06-13 01:10:25
2026-06-13,ERP,Velo BatchPoint,3627173223,null,https://www.velobatchpoint.com,N/A,Boston,US,2026-06-13 01:19:40
2026-06-13,ERP,KeystoneForgeSolutions,(786) 549-4583,hello@keystoneforgesolutions.io,https://www.keystoneforgesolutions.io,14,Seattle,US,2026-06-13 02:23:48
2026-06-13,ERP,KeystoneStock Tech,967-426-2083 ext. 23,sales@keystonestocktech.com,https://www.keystonestocktech.com,37,Calgary,CA,2026-06-13 02:03:35
2026-06-13,Legal,PolarisMatterTech,(330) 525-2248,sales@polarismattertech.co,https://polarismattertech.co,473,Islamabad,PK,2026-06-13 05:53:21
2026-06-13,HR,IndigoBenefit Sync,411-278-1602,sales@indigobenefitsync.net,https://indigobenefitsync.net,121,Chicago,US,2026-06-13 02:15:41
2026-06-13,ERP,PivotOps Works,(598) 751-9043,info@pivotopsworks.com,https://www.pivotopsworks.com,166,Austin,US,2026-06-13 01:43:13
2026-06-13,ERP,ArchLedgerSuite,594-947-8806,sales@archledgersuite.net,https://www.archledgersuite.net,61,Chicago,US,2026-06-13 04:15:12
2026-06-13,ERP,AltaOrderCore,+18062238135,sales@altaordercore.com,https://www.altaordercore.com,165,Columbus,US,2026-06-13 05:16:06
2026-06-13,HR,Golden PeoplePoint,367.808.7059,contact@goldenpeoplepoint.com,https://goldenpeoplepoint.com,245,Leeds,UK,2026-06-13 05:33:08
2026-06-13,Medical,VertexTriage Suite,670-505-5398,info@vertextriagesuite.com,https://vertextriagesuite.com,13,Singapore,SG,2026-06-13 01:21:22
2026-06-13,MSP Platform,SableNetHub,641-879-9587,contact@sablenethub.net,https://sablenethub.net,5,Islamabad,PK,2026-06-13 05:21:10
2026-06-13,Medical,True Patient Manpower Services,+17638387149,-,https://www.truepatientmanpowerservices.com,2957,Phoenix,US,2026-06-13 06:53:33
2026-06-13,MSP Platform,Rapid UptimeSolutions,1-479-704-4767,hello@rapiduptimesolutions.io,https://rapiduptimesolutions.io,8,Raleigh,US,2026-06-13 06:56:12
2026-06-13,HR,OrbitPerformDesk,04754031948,contact@orbitperformdesk.com,orbitperformdesk.com,17,Tampa,US,2026-06-13 04:34:26
2026-06-13,ERP,RavenPlanSolutions,+1 (303) 769-3934,hello@ravenplansolutions.com,https://www.ravenplansolutions.com,57,Dublin,IE,2026-06-13 06:59:50
2026-06-13,ERP,FalconStockLogic,6976619129,sales@falconstocklogic.com,https://www.falconstocklogic.com,38,Denver,US,2026-06-13 01:32:50
2026-06-13,Legal,UmbraDocketPoint,(755) 273-8870,sales@umbradocketpoint.io,https://www.umbradocketpoint.io,43,Tampa,US,2026-06-13 06:28:34
2026-06-13,ERP,Arch PlanTech,+17519492941,info@archplantech.com,archplantech.com,421,Atlanta,US,2026-06-13 06:03:36
2026-06-13,Medical,Rapid MedBase,323-630-9736,hello@rapidmedbase.com,https://www.rapidmedbase.com,27,Melbourne,AU,2026-06-13 02:46:39
2026-06-13,Legal,JuniperBriefBase,+1 (514) 967-3080,hello@juniperbriefbase.com,https://juniperbriefbase.com,20,Denver,US,2026-06-13 03:21:20
2026-06-13,Medical,CrownHealthDesk,+18188239577,contact@crownhealthdesk.com,https://www.crownhealthdesk.com,40,Vancouver,CA,2026-06-13 05:52:04
2026-06-13,LMS,Lattice TutorSoft,410.659.6682,hello@latticetutorsoft.com,latticetutorsoft.com,50,Raleigh,US,2026-06-13 01:40:01
2026-06-13,ERP,Crown LedgerCloud,252-544-3661,hello@crownledgercloud.com,https://crownledgercloud.com,31,Singapore,SG,2026-06-13 06:26:01
2026-06-13,ERP,Halo LedgerSuite,+1 (495) 586-5241,hello@haloledgersuite.com,https://www.haloledgersuite.com,99,Phoenix,US,2026-06-13 01:59:38
2026-06-13,Medical,Willow CarePoint,541.366.7738,info@willowcarepoint.com,willowcarepoint.com,89,Manchester,UK,2026-06-13 06:13:24
2026-06-13,ERP,BrightOps’s Works,+1 (520) 850-5380,sales@brightopsworks.com,brightopsworks.com,406,N/A,CA,2026-06-13 01:34:08
2026-06-13,MSP Platform,LatticeStackApp,9165217920,hello@latticestackapp.co,https://latticestackapp.co,2689,Dublin,IE,2026-06-13 05:33:10
2026-06-13,MSP Platform,AtlasNet Tech,+14776524757,hello@atlasnettech.com,https://www.atlasnettech.com,49,Dublin,IE,2026-06-13 02:50:59
2026-06-13,ERP,NorthFin Sphere,+1 (678) 364-0957,hello@northfinsphere.com,https://www.northfinsphere.com,597,Austin,US,2026-06-13 06:35:39
2026-06-13,Medical,ApexCare Logic,+1 (295) 322-0729,sales@apexcarelogic.io,https://www.apexcarelogic.io,342,Munich,DE,2026-06-13 01:25:18
2026-06-13,Medical,TrueChart Suite,+12204612348,N/A,truechartsuite.com,458,Phoenix,US,2026-06-13 05:10:39
2026-06-13,LMS,PrimeCohort Soft,803-284-9785 ext. 24,hello@primecohortsoft.co,https://www.primecohortsoft.co,472,Chicago,US,2026-06-13 01:53:12
2026-06-13,Medical,Pioneer PulseLabs,+16707889230,contact@pioneerpulselabs.com,https://pioneerpulselabs.com,34,Amsterdam,NL,2026-06-13 01:54:12
2026-06-13,MSP Platform,Apex GridDesk,8997465896,hello@apexgriddesk.com,https://www.apexgriddesk.com,93,Boston,US,2026-06-13 06:28:54
2026-06-13,Legal,Core CaseApp,349-921-4342,hello@corecaseapp.net,corecaseapp.net,33,Tampa,US,2026-06-13 03:58:35
2026-06-13,HR,Mosaic Shift Talent Agency,2149855735,hello@mosaicshifttalentagency.io,mosaicshifttalentagency.io,44,Vancouver,CA,2026-06-13 06:10:35
2026-06-13,Legal,QuantumCaseSphere,(640) 463-8247,contact@quantumcasesphere.io,https://www.quantumcasesphere.io,7,Atlanta,US,2026-06-13 05:47:10
2026-06-13,ERP,IronBatchSystems,2716125403,info@ironbatchsystems.com,https://www.ironbatchsystems.com,125,Phoenix,US,2026-06-13 01:35:58
2026-06-13,HR,GraniteRoster’s Works,2379066172,sales@graniterosterworks.com,https://www.graniterosterworks.com,17,Seattle,US,2026-06-13 06:49:37
2026-06-13,MSP Platform,IronMonitorLogic,07209609299,sales@ironmonitorlogic.com,https://www.ironmonitorlogic.com,13,Columbus,US,2026-06-13 02:26:58
2026-06-13,MSP Platform,Beacon MonitorSphere,1-245-526-2526,info@beaconmonitorsphere.com,https://www.beaconmonitorsphere.com,334,Boston,US,2026-06-13 02:18:36
2026-06-13,ERP,Meta FinCore,238-391-1710,info@metafincore.io,https://www.metafincore.io,50,Phoenix,US,2026-06-13 04:33:22
2026-06-13,HR,True RosterSystems,+1 (709) 432-6061 ext. 88,sales@truerostersystems.com,https://www.truerostersystems.com,108,Melbourne,AU,2026-06-13 01:41:12
2026-06-13,HR,Bright PeopleWorks,511-814-6346,hello@brightpeopleworks.io,brightpeopleworks.io,294,Denver,US,2026-06-13 03:03:53
2026-06-13,Medical,PivotVitalApp,(234) 912-3214,info@pivotvitalapp.io,https://www.pivotvitalapp.io,5,Columbus,US,2026-06-13 05:35:00
2026-06-13,HR,IronPayrollPlatform,+12373955196,sales@ironpayrollplatform.co,https://www.ironpayrollplatform.co,114,Austin,US,2026-06-13 03:04:46
2026-06-13,ERP,XenonForgeApp,653.765.9899,contact@xenonforgeapp.net,https://www.xenonforgeapp.net,67,Raleigh,US,2026-06-13 04:48:07
2026-06-13,HR,RidgewayOnboardSolutions,+17367160466,contact@ridgewayonboardsolutions.com,https://ridgewayonboardsolutions.com,445,Atlanta,US,2026-06-13 06:20:48
2026-06-13,Medical,WillowCareCloud,+18707619754,contact@willowcarecloud.com,https://www.willowcarecloud.com,28,Dublin,IE,2026-06-13 01:47:34
2026-06-13,ERP,NorthOrder Tech,07159743574 ext. 72,contact@northordertech.co,https://northordertech.co,180,Denver,US,2026-06-13 06:30:45
2026-06-13,LMS,RidgewayTutor Platform,(711) 631-7824,hello@ridgewaytutorplatform.com,https://www.ridgewaytutorplatform.com,755,Toronto,CA,2026-06-13 04:38:55
2026-06-13,Medical,Lumen RxPlatform,(561) 700-0636,sales@lumenrxplatform.net,https://www.lumenrxplatform.net,57,Seattle,US,2026-06-13 06:20:53
2026-06-13,ERP,BrightPlanSoft,1-899-234-1350,hello@brightplansoft.com,https://www.brightplansoft.com,63,Raleigh,US,2026-06-13 06:44:46
2026-06-13,ERP,Xenon FinPoint,1-733-374-4300,info@xenonfinpoint.com,https://xenonfinpoint.com,175,Boston,US,2026-06-13 02:09:42
2026-06-13,ERP,IndigoBatchPoint,717-351-7797,info@indigobatchpoint.co,https://www.indigobatchpoint.co,372,Berlin,DE,2026-06-13 02:55:55
2026-06-13,HR,Ember PayrollApp,571.573.9195,sales@emberpayrollapp.com,https://emberpayrollapp.com,717,Tampa,US,2026-06-13 05:31:53
2026-06-13,Legal,CedarFiling Solutions,(781) 907-4380,hello@cedarfilingsolutions.com,https://www.cedarfilingsolutions.com,184,Chicago,US,2026-06-13 04:13:59
2026-06-13,HR,RidgeCulture Sphere,+18608144605,sales@ridgeculturesphere.com,https://ridgeculturesphere.com,22,Seattle,US,2026-06-13 02:04:52
2026-06-13,Legal,BoldClause Cloud,+13558440595,sales@boldclausecloud.com,https://boldclausecloud.com,433,Sydney,AU,2026-06-13 02:21:36
2026-06-13,HR,LumenPeopleTech,(745) 559-5039,sales@lumenpeopletech.com,https://www.lumenpeopletech.com,73,Tampa,US,2026-06-13 06:34:35
2026-06-13,HR,AltaShift Solutions,727-214-2273,info@altashiftsolutions.com,https://www.altashiftsolutions.com,19,Chicago,US,2026-06-13 04:21:48
2026-06-13,Legal,UmbraFilingSuite,(257) 993-8580 ext. 20,sales@umbrafilingsuite.com,umbrafilingsuite.com,16,Sydney,AU,2026-06-13 05:49:58
2026-06-13,HR,IronTeamWorks,+1 (373) 265-0832,info@ironteamworks.io,https://www.ironteamworks.io,13,Toronto,CA,2026-06-13 05:52:38
2026-06-13,ERP,NimbusChain Cloud,(587) 225-0803,info@nimbuschaincloud.com,https://www.nimbuschaincloud.com,35,Phoenix,US,2026-06-13 05:51:47
2026-06-13,ERP,QuantumOrder Sphere,5455903151,sales@quantumordersphere.com,https://www.quantumordersphere.com,350,Seattle,US,2026-06-13 03:32:44
2026-06-13,LMS,Nova CohortWorks,348.323.3020,contact@novacohortworks.io,https://novacohortworks.io,473,N/A,US,2026-06-13 05:47:24
2026-06-13,HR,PrimeTeamSoft,864-456-5914,hello@primeteamsoft.com,https://www.primeteamsoft.com,35,Denver,US,2026-06-13 01:12:46
2026-06-13,HR,Ridge TalentCloud,6735615538,hello@ridgetalentcloud.com,ridgetalentcloud.com,459,Atlanta,US,2026-06-13 05:13:21
2026-06-13,Medical,FusionRxSphere,2869654238,hello@fusionrxsphere.net,https://www.fusionrxsphere.net,73,Austin,US,2026-06-13 03:04:33
2026-06-13,MSP Platform,Alta RemoteLabs,1-499-316-3178,hello@altaremotelabs.com,https://altaremotelabs.com,274,Columbus,US,2026-06-13 02:02:18
2026-06-13,ERP,RidgeResourceSoft,8468133842,contact@ridgeresourcesoft.io,https://www.ridgeresourcesoft.io,28,Singapore,SG,2026-06-13 06:33:55
2026-06-13,Legal,CoreDocket Hub,+18413667787,info@coredockethub.io,https://www.coredockethub.io,453,Phoenix,US,2026-06-13 04:39:09
2026-06-13,HR,True TalentSphere,(660) 835-5573 ext. 42,hello@truetalentsphere.co,truetalentsphere.co,17,Austin,US,2026-06-13 05:17:10
2026-06-13,Medical,Vista VitalSystems,04557430551,hello@vistavitalsystems.net,https://www.vistavitalsystems.net,237,Boston,US,2026-06-13 04:10:29
2026-06-13,HR,GoldenOnboardHub,+1 (877) 749-5507,sales@goldenonboardhub.io,https://www.goldenonboardhub.io,1357,Chicago,US,2026-06-13 04:39:03
2026-06-13,ERP,Juniper FinTech,267.983.6949,contact@juniperfintech.io,https://www.juniperfintech.io,89,Calgary,CA,2026-06-13 03:59:55
2026-06-13,Legal,Atlas LawFlow,242-825-6546,sales@atlaslawflow.com,https://www.atlaslawflow.com,44,Calgary,CA,2026-06-13 04:11:08
2026-06-13,Medical,Alta ChartDynamics,663.957.2507,sales@altachartdynamics.net,altachartdynamics.net,8,Munich,DE,2026-06-13 05:52:21
2026-06-13,HR,DeltaTalent Core,(938) 391-9277,null,https://www.deltatalentcore.com,17,Manchester,UK,2026-06-13 01:21:08
2026-06-13,ERP,SilverBatch Base,7526795346,hello@silverbatchbase.com,https://www.silverbatchbase.com,46,Columbus,US,2026-06-13 02:37:38
2026-06-13,Legal,ClearLaw Works,776.426.1640,contact@clearlawworks.com,https://www.clearlawworks.com,91,Calgary,CA,2026-06-13 01:59:55
2026-06-13,Legal,BoldFilingPoint,(637) 896-7319,contact@boldfilingpoint.net,https://www.boldfilingpoint.net,26,Munich,DE,2026-06-13 05:05:45
2026-06-13,Medical,GoldenClinic’s Solutions,(908) 936-1233,contact@goldenclinicsolutions.com,goldenclinicsolutions.com,43,Atlanta,US,2026-06-13 01:31:40
2026-06-13,HR,WillowBenefitDynamics,(723) 435-9810,info@willowbenefitdynamics.com,https://www.willowbenefitdynamics.com,,Denver,US,2026-06-13 03:47:14
2026-06-13,HR,RidgewayBenefitHub,(342) 351-1265,hello@ridgewaybenefithub.com,ridgewaybenefithub.com,91,Chicago,US,2026-06-13 03:42:12
2026-06-13,ERP,BoldPlanBase Inc.,386.835.6363,info@boldplanbase.com,https://www.boldplanbase.com,10,London,UK,2026-06-13 05:39:21
2026-06-13,MSP Platform,Vertex Ticket Talent Agency,964-518-7111,info@vertextickettalentagency.com,https://www.vertextickettalentagency.com,96,Leeds,UK,2026-06-13 04:21:38
2026-06-13,Medical,Summit CareApp,+15927831713,info@summitcareapp.com,https://summitcareapp.com,40,Phoenix,US,2026-06-13 01:33:25
2026-06-13,Legal,OmniDocketLabs,1-525-412-0551 ext. 34,info@omnidocketlabs.com,https://omnidocketlabs.com,48,Bengaluru,IN,2026-06-13 01:27:20
2026-06-13,MSP Platform,VeloRemoteLogic,+1 (929) 401-0601,info@veloremotelogic.com,https://veloremotelogic.com,null,London,UK,2026-06-13 03:00:34
2026-06-13,HR,GoldenPerformSolutions,+16415491234 ext. 51,info@goldenperformsolutions.com,https://www.goldenperformsolutions.com,8,Seattle,US,2026-06-13 02:44:57
2026-06-13,HR,HarborCulture Dynamics,(791) 707-1494,hello@harborculturedynamics.io,https://harborculturedynamics.io,181,Denver,US,2026-06-13 04:34:05
2026-06-13,Medical,Atlas Patient Consulting Group,(378) 254-5176 ext. 14,info@atlaspatientconsultinggroup.com,https://www.atlaspatientconsultinggroup.com,20,Columbus,US,2026-06-13 03:21:03
2026-06-13,HR,Xenon Onboard Consulting Group,642-564-9285,info@xenononboardconsultinggroup.net,xenononboardconsultinggroup.net,850,Calgary,CA,2026-06-13 04:06:54
2026-06-13,LMS,SableChain Hub,574-986-8468,hello@sablechainhub.com,sablechainhub.com,8,Atlanta,US,2026-06-13 01:05:38
2026-06-13,Legal,PivotCompliHub,730.329.9426,info@pivotcomplihub.io,https://www.pivotcomplihub.io,54,Leeds,UK,2026-06-13 02:32:30
2026-06-13,ERP,Solid OpsWorks,(557) 244-6294,sales@solidopsworks.com,https://www.solidopsworks.com,48,Boston,US,2026-06-13 04:14:15
2026-06-13,Medical,PioneerMedDesk,+14443185794,contact@pioneermeddesk.io,https://pioneermeddesk.io,206,Calgary,CA,2026-06-13 04:22:55
2026-06-13,ERP,NimbusChain Flow,2903342725,hello@nimbuschainflow.co,nimbuschainflow.co,17,-,US,2026-06-13 05:58:11
2026-06-13,ERP,ArchFin Suite,891-777-9357,sales@archfinsuite.com,https://www.archfinsuite.com,356,Melbourne,AU,2026-06-13 05:36:42
2026-06-13,Legal,ClearDocketFlow,(287) 292-4487,contact@cleardocketflow.com,https://www.cleardocketflow.com,78,Singapore,SG,2026-06-13 05:34:28
2026-06-13,Legal,Delta MatterSystems,2759704567,hello@deltamattersystems.io,deltamattersystems.io,564,Columbus,US,2026-06-13 05:22:57
2026-06-13,HR,FusionPayrollSystems,1-790-809-2263,contact@fusionpayrollsystems.io,https://www.fusionpayrollsystems.io,66,Manchester,UK,2026-06-13 04:31:37
2026-06-13,Medical,NimbusTriage Sphere,+16144919098,sales@nimbustriagesphere.com,https://www.nimbustriagesphere.com,24,Tampa,US,2026-06-13 04:41:53
2026-06-13,MSP Platform,Zen Node BPO Services,(824) 471-0445,info@zennodebposervices.io,zennodebposervices.io,34,Berlin,DE,2026-06-13 04:43:04
2026-06-13,Legal,WillowClauseSync,1-438-800-2630,hello@willowclausesync.co,https://www.willowclausesync.co,16,Denver,US,2026-06-13 06:53:01
2026-06-13,MSP Platform,MetaEndpoint Dynamics,(304) 912-2808,sales@metaendpointdynamics.io,metaendpointdynamics.io,13,Seattle,US,2026-06-13 03:14:16
2026-06-13,ERP,OmniOrderSolutions,1-472-359-3626,info@omniordersolutions.com,https://www.omniordersolutions.com,453,Atlanta,US,2026-06-13 04:41:31
2026-06-13,Legal,VertexBriefDesk,432.856.3025,contact@vertexbriefdesk.com,https://www.vertexbriefdesk.com,21,Austin,US,2026-06-13 05:52:56
2026-06-13,Medical,Clear MedLogic,03345089159,contact@clearmedlogic.io,clearmedlogic.io,361,Toronto,CA,2026-06-13 06:28:57
2026-06-13,MSP Platform,AnchorMonitor Flow,1-578-575-4118,info@anchormonitorflow.com,https://www.anchormonitorflow.com,520,Boston,US,2026-06-13 06:30:17
2026-06-13,LMS,Apex CourseBase,944.777.4196,sales@apexcoursebase.com,https://apexcoursebase.com,195,Denver,US,2026-06-13 03:46:59
2026-06-13,Medical,VertexMed Solutions,1-548-738-2851,sales@vertexmedsolutions.co,https://www.vertexmedsolutions.co,127,Pune,IN,2026-06-13 06:49:24
2026-06-13,Medical,Arch Health Talent Agency,(628) 251-5734,contact@archhealthtalentagency.net,https://www.archhealthtalentagency.net,10,London,UK,2026-06-13 05:28:05
2026-06-13,MSP Platform,FusionMonitorFlow,(417) 219-0417,hello@fusionmonitorflow.com,https://www.fusionmonitorflow.com,73,London,UK,2026-06-13 01:58:37
2026-06-13,Medical,Granite ClinicBase,779.330.7184,hello@graniteclinicbase.com,graniteclinicbase.com,16,Boston,US,2026-06-13 04:25:28
2026-06-13,ERP,OnyxResourceDesk,+19582965769,contact@onyxresourcedesk.co,https://www.onyxresourcedesk.co,439,Austin,US,2026-06-13 02:05:28
2026-06-13,Medical,RidgewayMedApp,2204574516,-,https://www.ridgewaymedapp.com,196,Raleigh,US,2026-06-13 05:53:45
2026-06-13,HR,Prime PayrollDynamics,(356) 515-2002,info@primepayrolldynamics.com,https://primepayrolldynamics.com,19,Boston,US,2026-06-13 01:47:25
2026-06-13,ERP,OnyxStock Base,382-944-1609,hello@onyxstockbase.com,onyxstockbase.com,18,Leeds,UK,2026-06-13 02:02:32
2026-06-13,MSP Platform,Mosaic EndpointDesk,1-593-477-6984 ext. 9,sales@mosaicendpointdesk.com,https://www.mosaicendpointdesk.com,19,Denver,US,2026-06-13 06:22:42
2026-06-13,LMS,Beacon CourseSync,+18606497818,sales@beaconcoursesync.io,https://beaconcoursesync.io,850,N/A,US,2026-06-13 06:10:29
2026-06-13,ERP,DeltaForgeSolutions,731-564-9373,sales@deltaforgesolutions.io,https://deltaforgesolutions.io,128,Tampa,US,2026-06-13 05:00:28
2026-06-13,HR,QuantumTeamApp,847-859-4288,hello@quantumteamapp.io,https://quantumteamapp.io,53,Denver,US,2026-06-13 04:33:21
2026-06-13,ERP,NimbusLedger Core,(810) 812-3524,hello@nimbusledgercore.io,nimbusledgercore.io,263,Denver,US,2026-06-13 03:51:25
2026-06-13,Medical,VertexCare Sync,8284348644,contact@vertexcaresync.net,https://www.vertexcaresync.net,94,London,UK,2026-06-13 01:14:09
2026-06-13,Legal,QuantumCounselPoint,813-239-4318,contact@quantumcounselpoint.com,https://www.quantumcounselpoint.com,5,Chicago,US,2026-06-13 02:58:50
2026-06-13,LMS,Crown PathSoft,(909) 992-4420,contact@crownpathsoft.com,https://www.crownpathsoft.com,34,Hyderabad,IN,2026-06-13 03:20:08
2026-06-13,Legal,QuantumCaseSoft,(280) 471-0176,hello@quantumcasesoft.co,quantumcasesoft.co,478,Tampa,US,2026-06-13 05:29:40
2026-06-13,ERP,PrimeFin Soft,593-218-1793,hello@primefinsoft.com,https://www.primefinsoft.com,14,Leeds,UK,2026-06-13 02:09:46
2026-06-13,MSP Platform,RidgePatch Base,+12023946448,contact@ridgepatchbase.com,https://www.ridgepatchbase.com,75,Seattle,US,2026-06-13 06:59:50
2026-06-13,ERP,BeaconOps Soft,552.831.2146,contact@beaconopssoft.net,https://www.beaconopssoft.net,215,Raleigh,US,2026-06-13 05:17:26
2026-06-13,Legal,NimbusLawWorks,9003546867,hello@nimbuslawworks.net,https://www.nimbuslawworks.net,83,Atlanta,US,2026-06-13 05:35:56
2026-06-13,HR,Pioneer Culture Consulting Group,(311) 324-4937,info@pioneercultureconsultinggroup.com,https://www.pioneercultureconsultinggroup.com,621,London,UK,2026-06-13 02:06:47
2026-06-13,MSP Platform,GoldenUptimeCore,409-936-3432,info@goldenuptimecore.com,https://www.goldenuptimecore.com,134,Sydney,AU,2026-06-13 05:29:29
2026-06-13,HR,Delta RosterWorks,382-862-7141,N/A,https://www.deltarosterworks.com,119,Denver,US,2026-06-13 01:05:41
2026-06-13,ERP,OmniChainLabs,914-535-7513 ext. 51,sales@omnichainlabs.com,https://www.omnichainlabs.com,767,Amsterdam,NL,2026-06-13 01:22:52
2026-06-13,MSP Platform,Onyx UptimeLogic,1-255-586-0763,hello@onyxuptimelogic.io,https://www.onyxuptimelogic.io,78,Denver,US,2026-06-13 02:05:53
2026-06-13,MSP Platform,MosaicNet Solutions,+1 (834) 460-3452,,https://mosaicnetsolutions.com,1512,Toronto,CA,2026-06-13 05:21:27
2026-06-13,Medical,Mosaic VitalDynamics,+17418096459,info@mosaicvitaldynamics.com,https://www.mosaicvitaldynamics.com,150,Raleigh,US,2026-06-13 02:38:47
2026-06-13,HR,SableBenefit Soft,269.663.1967,info@sablebenefitsoft.io,https://sablebenefitsoft.io,20,Denver,US,2026-06-13 04:30:35
2026-06-13,MSP Platform,Crest BriefPlatform,504.780.7240,contact@crestbriefplatform.com,https://www.crestbriefplatform.com,26,Melbourne,AU,2026-06-13 03:12:18
2026-06-13,Medical,NimbusChart Systems,+16764330983,info@nimbuschartsystems.com,https://www.nimbuschartsystems.com,10,Bengaluru,IN,2026-06-13 03:38:56
2026-06-13,HR,NorthPayroll Platform,+1 (873) 362-8825,hello@northpayrollplatform.com,https://www.northpayrollplatform.com,204,Singapore,SG,2026-06-13 04:01:48
2026-06-13,HR,Bright PeopleCore,759-301-2138,hello@brightpeoplecore.co,https://www.brightpeoplecore.co,14,Phoenix,US,2026-06-13 01:33:13
2026-06-13,Medical,VistaHealth Point,788-944-3980,hello@vistahealthpoint.co,https://www.vistahealthpoint.co,85,Phoenix,US,2026-06-13 04:59:49
2026-06-13,ERP,GraniteResourceApp,4958305122,contact@graniteresourceapp.io,https://www.graniteresourceapp.io,31,Seattle,US,2026-06-13 01:55:29
2026-06-13,Legal,TrueMatter Systems,(777) 313-2064,hello@truemattersystems.co,https://www.truemattersystems.co,175,Phoenix,US,2026-06-13 01:19:59
2026-06-13,Medical,BoldPatientSystems,+18585900166,sales@boldpatientsystems.com,https://boldpatientsystems.com,12,Atlanta,US,2026-06-13 03:02:17
2026-06-13,HR,Fusion RosterSync,(305) 403-3858,info@fusionrostersync.com,fusionrostersync.com,61,Toronto,CA,2026-06-13 01:01:44
2026-06-13,Legal,NorthMatter Hub,1-350-403-8374,sales@northmatterhub.io,https://www.northmatterhub.io,135,Seattle,US,2026-06-13 03:48:29
2026-06-13,LMS,CedarPath Core,5045765727,info@cedarpathcore.co,https://www.cedarpathcore.co,18,Phoenix,US,2026-06-13 04:15:03
2026-06-13,Legal,ArchFilingWorks,+17768626815,contact@archfilingworks.com,https://www.archfilingworks.com,12,Columbus,US,2026-06-13 03:50:54
2026-06-13,LMS,Crown LessonSuite,+14505654719,sales@crownlessonsuite.com,https://www.crownlessonsuite.com,76,Pune,IN,2026-06-13 03:24:52
2026-06-13,LMS,UmbraTrainSuite,+1 (885) 280-7035,info@umbratrainsuite.com,https://www.umbratrainsuite.com,479,Austin,US,2026-06-13 04:03:05
2026-06-13,ERP,PolarisLedgerDesk,553-972-4900,hello@polarisledgerdesk.com,https://www.polarisledgerdesk.com,6,Amsterdam,NL,2026-06-13 04:03:03
2026-06-13,Legal,PrimeBrief Systems,1-877-921-9325,sales@primebriefsystems.io,https://primebriefsystems.io,182,Calgary,CA,2026-06-13 04:52:58
2026-06-13,Legal,Apex ClauseSuite,823.234.2898,contact@apexclausesuite.co,https://apexclausesuite.co,11,Denver,US,2026-06-13 05:57:23
2026-06-13,ERP,Mosaic FinLogic,4772697981,contact@mosaicfinlogic.co,https://www.mosaicfinlogic.co,272,Leeds,UK,2026-06-13 01:30:42
2026-06-13,MSP Platform,VeloUptime Base,(895) 312-9673,sales@velouptimebase.com,velouptimebase.com,216,Dublin,IE,2026-06-13 06:45:07
2026-06-13,ERP,HarborResourceTech,+12766838255 ext. 35,info@harborresourcetech.io,https://www.harborresourcetech.io,223,Atlanta,US,2026-06-13 04:44:10
2026-06-13,Medical,Onyx PulseCloud,1-834-286-1273,sales@onyxpulsecloud.com,https://onyxpulsecloud.com,42,Austin,US,2026-06-13 06:39:47
2026-06-13,LMS,Solid LessonCloud,6549781655,hello@solidlessoncloud.com,https://www.solidlessoncloud.com,386,Singapore,SG,2026-06-13 01:07:38
2026-06-13,ERP,ClearBatchWorks,576-725-0447,info@clearbatchworks.io,clearbatchworks.io,217,Columbus,US,2026-06-13 06:47:02
2026-06-13,ERP,Clear Stock Consulting Group,285-830-2866,hello@clearstockconsultinggroup.com,https://www.clearstockconsultinggroup.com,50,Columbus,US,2026-06-13 03:29:00
2026-06-13,Legal,CoreVerdictSync,458-742-5922,contact@coreverdictsync.com,https://www.coreverdictsync.com,314,Columbus,US,2026-06-13 03:06:29
2026-06-13,Medical,Raven RxSolutions,(989) 255-9082,info@ravenrxsolutions.com,ravenrxsolutions.com,299,Dublin,IE,2026-06-13 06:36:55
2026-06-13,Medical,WillowCarePlatform,+1 (593) 539-1381,hello@willowcareplatform.com,https://www.willowcareplatform.com,48,Denver,US,2026-06-13 04:23:17
2026-06-13,Legal,Cedar VerdictSuite,(567) 639-0354,hello@cedarverdictsuite.co,https://www.cedarverdictsuite.co,803,Dublin,IE,2026-06-13 06:25:28
2026-06-13,HR,Delta CultureDesk,525.575.3394,contact@deltaculturedesk.net,https://www.deltaculturedesk.net,33,Manchester,UK,2026-06-13 05:08:43
2026-06-13,MSP Platform,PrimeUptime Suite,(568) 898-1710 ext. 28,hello@primeuptimesuite.co,https://www.primeuptimesuite.co,46,Lahore,PK,2026-06-13 01:31:08
2026-06-13,HR,LumenRoster Sync,+16116652801,info@lumenrostersync.com,https://lumenrostersync.com,912,Denver,US,2026-06-13 01:01:51
2026-06-13,HR,OrbitCultureDynamics,+18675898194,sales@orbitculturedynamics.net,https://orbitculturedynamics.net,11,Dublin,IE,2026-06-13 02:54:00
2026-06-13,Legal,Meta MatterApp,624.236.6985,info@metamatterapp.net,https://www.metamatterapp.net,74,Tampa,US,2026-06-13 02:44:29
2026-06-13,HR,CorePerformApp,+18662276049,hello@coreperformapp.co,https://www.coreperformapp.co,251,Toronto,CA,2026-06-13 04:18:35
2026-06-13,LMS,Ember LearnCloud,326.794.9462,info@emberlearncloud.net,https://www.emberlearncloud.net,796,Seattle,US,2026-06-13 02:43:59
2026-06-13,Medical,LumenPulseLogic,698.299.6829 ext. 69,hello@lumenpulselogic.co,https://www.lumenpulselogic.co,10,Vancouver,CA,2026-06-13 03:20:39
2026-06-13,MSP Platform,Quartz Patch Consulting Group,1-365-739-5621,contact@quartzpatchconsultinggroup.com,https://www.quartzpatchconsultinggroup.com,103,Dublin,IE,2026-06-13 03:34:20
2026-06-13,Medical,RavenClinic App,1-886-209-1297,sales@ravenclinicapp.net,https://www.ravenclinicapp.net,7,Toronto,CA,2026-06-13 04:06:35
2026-06-13,ERP,Prime BatchSystems,767-253-2765,contact@primebatchsystems.com,https://primebatchsystems.com,222,Denver,US,2026-06-13 03:46:18
2026-06-13,HR,RavénPerformSync,696.865.5170,contact@ravenperformsync.com,https://www.ravenperformsync.com,98,Bengaluru,IN,2026-06-13 05:55:00
2026-06-13,HR,IronRoster Labs,(844) 456-3118 ext. 83,sales@ironrosterlabs.com,https://ironrosterlabs.com,10,Atlanta,US,2026-06-13 02:47:57
2026-06-13,Medical,Vertex CareSoft,(578) 318-9109,hello@vertexcaresoft.com,https://vertexcaresoft.com,241,Austin,US,2026-06-13 05:06:58
2026-06-13,ERP,VistaOrder Sync,8627971366,contact@vistaordersync.com,https://www.vistaordersync.com,274,Manchester,UK,2026-06-13 01:05:12
2026-06-13,HR,CedarPeople Suite,659.779.6479,hello@cedarpeoplesuite.com,https://cedarpeoplesuite.com,40,Phoenix,US,2026-06-13 05:24:59
2026-06-13,HR,Crown PayrollSolutions,9512910825,sales@crownpayrollsolutions.io,crownpayrollsolutions.io,7,Seattle,US,2026-06-13 02:12:27
2026-06-13,Legal,ZephyrVerdictWorks,+12563927180,sales@zephyrverdictworks.io,https://zephyrverdictworks.io,58,Raleigh,US,2026-06-13 04:32:01
2026-06-13,Medical,Beacon PatientCloud,701-905-4888,hello@beaconpatientcloud.net,https://beaconpatientcloud.net,19,Leeds,UK,2026-06-13 03:07:47
2026-06-13,HR,Crest TeamHub,+13573533355,info@crestteamhub.com,crestteamhub.com,21,Sydney,AU,2026-06-13 01:54:49
2026-06-13,Legal,SummitLawSuite,1-575-393-7792,hello@summitlawsuite.com,https://www.summitlawsuite.com,76,Phoenix,US,2026-06-13 03:13:08
2026-06-13,ERP,Summit Chain Staffing,+19019880199,hello@summitchainstaffing.com,https://summitchainstaffing.com,32,Chicago,US,2026-06-13 03:07:24
2026-06-13,HR,Beacon Talent Recruiting,6766203068,info@beacontalentrecruiting.com,beacontalentrecruiting.com,758,Raleigh,US,2026-06-13 02:57:56
2026-06-13,Medical,Quantum ChartBase,1-758-884-0476,hello@quantumchartbase.com,https://www.quantumchartbase.com,593,Pune,IN,2026-06-13 02:01:53
2026-06-13,HR,QuantumOnboardHub,359.755.4970,hello@quantumonboardhub.com,https://quantumonboardhub.com,12,Seattle,US,2026-06-13 05:28:47
2026-06-13,MSP Platform,MetaNetDynamics,1-640-647-7837,sales@metanetdynamics.com,https://www.metanetdynamics.com,335,Singapore,SG,2026-06-13 05:22:34
2026-06-13,HR,BlueShift Core,6639883248,contact@blueshiftcore.com,blueshiftcore.com,58,Sydney,AU,2026-06-13 04:18:21
2026-06-13,HR,VeloOnboardFlow,+17909362176,contact@veloonboardflow.com,https://veloonboardflow.com,337,Chicago,US,2026-06-13 06:35:22
2026-06-13,ERP,Tidal StockSuite,(461) 804-3288 ext. 33,contact@tidalstocksuite.com,https://www.tidalstocksuite.com,3831,Columbus,US,2026-06-13 02:41:37
2026-06-13,ERP,Core Resource Staffing,+17856335313,info@coreresourcestaffing.com,https://www.coreresourcestaffing.com,212,Denver,US,2026-06-13 03:36:06
2026-06-13,Medical,Nimbus HealthFlow,275.501.1054,sales@nimbushealthflow.io,nimbushealthflow.io,15,Leeds,UK,2026-06-13 01:13:48
2026-06-13,ERP,Omni OpsLogic,1-553-398-0564 ext. 69,sales@omniopslogic.net,https://www.omniopslogic.net,3455,London,UK,2026-06-13 03:45:38
2026-06-13,Medical,Silver PatientSphere,+12633018735,hello@silverpatientsphere.io,https://www.silverpatientsphere.io,114,Leeds,UK,2026-06-13 06:45:46
2026-06-13,MSP Platform,NorthStackPlatform,666-920-4205,contact@northstackplatform.com,northstackplatform.com,29,Atlanta,US,2026-06-13 04:38:36
2026-06-13,HR,Omni RosterSphere,5864329087,contact@omnirostersphere.net,https://omnirostersphere.net,20,Chicago,US,2026-06-13 06:58:15
2026-06-13,HR,Crest PayrollLogic,(584) 490-0138,contact@crestpayrolllogic.com,https://www.crestpayrolllogic.com,11,Berlin,DE,2026-06-13 05:42:46
2026-06-13,Legal,TidalVerdict Sync,+18564164196 ext. 14,hello@tidalverdictsync.co,https://tidalverdictsync.co,84,Columbus,US,2026-06-13 06:56:15
2026-06-13,ERP,PolarisChainCloud,+12183744705,hello@polarischaincloud.co,https://www.polarischaincloud.co,768,Phoenix,US,2026-06-13 05:58:18
2026-06-13,ERP,FalconResource Hub,3224922180,hello@falconresourcehub.com,https://www.falconresourcehub.com,12,London,UK,2026-06-13 02:24:37
2026-06-13,HR,Zephyr PerformHub,4463469776,info@zephyrperformhub.com,zephyrperformhub.com,152,Boston,US,2026-06-13 01:32:46
2026-06-13,ERP,Crest FinSync,(247) 886-2497,contact@crestfinsync.com,https://crestfinsync.com,18,Raleigh,US,2026-06-13 04:09:49
2026-06-13,Legal,Arch MatterHub,(558) 944-9041,contact@archmatterhub.com,https://www.archmatterhub.com,68,Karachi,PK,2026-06-13 04:16:56
2026-06-13,HR,Ridge Perform Talent Agency,(513) 672-5851,sales@ridgeperformtalentagency.com,https://ridgeperformtalentagency.com,10,Columbus,US,2026-06-13 03:41:49
2026-06-13,Medical,Delta ClinicTech,(690) 732-8608,,deltaclinictech.io,20,Austin,US,2026-06-13 03:20:41
2026-06-13,ERP,ZenStockLogic,376-276-3679 ext. 26,info@zenstocklogic.com,https://www.zenstocklogic.com,165,Karachi,PK,2026-06-13 05:39:43
2026-06-13,ERP,Ember PlanDynamics,(341) 580-9018,hello@emberplandynamics.net,https://emberplandynamics.net,874,Columbus,US,2026-06-13 03:27:01
2026-06-13,MSP Platform,Onyx GridSuite,+16573123223,sales@onyxgridsuite.co,https://www.onyxgridsuite.co,40,Dublin,IE,2026-06-13 04:59:01
2026-06-13,MSP Platform,Nimbus EndpointCloud,1-810-603-5542,contact@nimbusendpointcloud.co,https://nimbusendpointcloud.co,122,Austin,US,2026-06-13 05:37:46
2026-06-13,HR,MosaicBenefitCloud,(757) 885-6670,info@mosaicbenefitcloud.io,https://mosaicbenefitcloud.io,100,Sydney,AU,2026-06-13 05:47:39
2026-06-13,HR,PolarisPayroll Logic,(918) 423-4775,hello@polarispayrolllogic.com,https://www.polarispayrolllogic.com,17,Pune,IN,2026-06-13 01:17:36
2026-06-13,HR,AtlasBenefit Works,2779477609,contact@atlasbenefitworks.io,https://atlasbenefitworks.io,29,Tampa,US,2026-06-13 02:29:44
2026-06-13,MSP Platform,RidgewayEndpoint Sphere,935-409-6606,sales@ridgewayendpointsphere.com,ridgewayendpointsphere.com,261,Raleigh,US,2026-06-13 05:54:37
2026-06-13,ERP,Velo FinLabs,(204) 635-7904,sales@velofinlabs.com,https://velofinlabs.com,334,Seattle,US,2026-06-13 03:52:46
2026-06-13,ERP,XenonOrder Logic,(733) 354-6116,info@xenonorderlogic.com,https://www.xenonorderlogic.com,N/A,Atlanta,US,2026-06-13 03:09:36
2026-06-13,Medical,RavenRx Labs,+1 (247) 543-3321,hello@ravenrxlabs.io,https://www.ravenrxlabs.io,18,Atlanta,US,2026-06-13 01:16:49
2026-06-13,MSP Platform,BoldGridDesk,02875130007,contact@boldgriddesk.com,boldgriddesk.com,14,Hyderabad,IN,2026-06-13 04:30:39
2026-06-13,ERP,BeaconOpsPoint,1-985-235-4035,info@beaconopspoint.com,https://beaconopspoint.com,237,Munich,DE,2026-06-13 03:10:53
2026-06-13,MSP Platform,TidalPatchTech,692-520-0844,info@tidalpatchtech.com,tidalpatchtech.com,13,Phoenix,US,2026-06-13 06:25:41
2026-06-13,HR,Raven PayrollPoint,1-297-316-0696,hello@ravenpayrollpoint.com,ravenpayrollpoint.com,10,Boston,US,2026-06-13 03:26:16
2026-06-13,MSP Platform,MosaicUptime Core,1-270-770-0729,sales@mosaicuptimecore.com,https://www.mosaicuptimecore.com,16,Munich,DE,2026-06-13 05:02:56
2026-06-13,Medical,PivotPulse Labs,(216) 815-2955 ext. 36,contact@pivotpulselabs.io,pivotpulselabs.io,311,Seattle,US,2026-06-13 04:08:18
2026-06-13,ERP,EmberResourceBase,9496245735 ext. 67,contact@emberresourcebase.com,https://emberresourcebase.com,318,Columbus,US,2026-06-13 03:57:44
2026-06-13,HR,OmniCultureSolutions,+1 (798) 980-0506,contact@omniculturesolutions.com,https://www.omniculturesolutions.com,427,Leeds,UK,2026-06-13 02:56:45
2026-06-13,Medical,HarborCareSuite,1-561-651-4240,info@harborcaresuite.co,https://www.harborcaresuite.co,113,Sydney,AU,2026-06-13 05:57:12
2026-06-13,ERP,TidalOpsPoint,+12765655978,sales@tidalopspoint.io,https://www.tidalopspoint.io,660,Boston,US,2026-06-13 04:10:05
2026-06-13,ERP,ClearLaw Works,776-426-1640,contact@clearlawworks.com,https://clearlawworks.com,91,Calgary,CA,2026-06-13 03:56:23
2026-06-13,Legal,LatticeMatterPlatform’s,518-275-5574,sales@latticematterplatform.com,https://www.latticematterplatform.com,31,Lahore,PK,2026-06-13 04:36:27
2026-06-13,MSP Platform,Willow NodeSystems,+14578118743,sales@willownodesystems.co,https://www.willownodesystems.co,233,Vancouver,CA,2026-06-13 06:17:43
2026-06-13,Medical,Raven TriageLabs,07913936315,info@raventriagelabs.com,https://www.raventriagelabs.com,83,Melbourne,AU,2026-06-13 02:11:48
2026-06-13,MSP Platform,PrimeStack Platform,+19066081126,hello@primestackplatform.io,https://primestackplatform.io,null,Phoenix,US,2026-06-13 06:31:52
2026-06-13,HR,Harbor RosterDesk,765-736-6980 ext. 32,info@harborrosterdesk.com,https://www.harborrosterdesk.com,284,Phoenix,US,2026-06-13 04:42:46
2026-06-13,ERP,Atlas OrderDesk,639-636-7064,contact@atlasorderdesk.net,https://www.atlasorderdesk.net,917,Atlanta,US,2026-06-13 04:25:44
2026-06-13,Legal,BeaconCounselSolutions,(376) 365-4598,contact@beaconcounselsolutions.com,https://beaconcounselsolutions.com,31,Leeds,UK,2026-06-13 02:44:56
2026-06-13,HR,NimbusPeople Cloud,8086299444,sales@nimbuspeoplecloud.co,https://www.nimbuspeoplecloud.co,3999,Amsterdam,NL,2026-06-13 03:28:06
2026-06-13,ERP,RavenStockCore,08633862091,contact@ravenstockcore.com,https://www.ravenstockcore.com,16,Austin,US,2026-06-13 03:56:09
2026-06-13,HR,Velo BenefitLogic,+12076810957,contact@velobenefitlogic.io,velobenefitlogic.io,18,Raleigh,US,2026-06-13 04:12:56
2026-06-13,HR,BeaconRoster Cloud,+13954502069,info@beaconrostercloud.io,https://www.beaconrostercloud.io,469,Seattle,US,2026-06-13 01:51:53
2026-06-13,HR,ZephyrBenefitSystems,+15978423002,contact@zephyrbenefitsystems.com,https://www.zephyrbenefitsystems.com,18,Raleigh,US,2026-06-13 03:40:54
2026-06-13,ERP,Tidal LedgerDynamics,+1 (310) 639-3409,info@tidalledgerdynamics.com,tidalledgerdynamics.com,37,Columbus,US,2026-06-13 06:59:18
2026-06-13,Medical,Prime MedPoint,(413) 472-4759,hello@primemedpoint.com,https://www.primemedpoint.com,17,Toronto,CA,2026-06-13 03:15:55
2026-06-13,HR,Polaris PeopleFlow,1-616-390-2987,contact@polarispeopleflow.io,https://www.polarispeopleflow.io,75,Tampa,US,2026-06-13 05:18:28
2026-06-13,Medical,Mosaic ClinicDesk,954.342.3474,sales@mosaicclinicdesk.io,https://www.mosaicclinicdesk.io,42,Melbourne,AU,2026-06-13 03:47:03
2026-06-13,Medical,PivotCare Solutions,8426117245,hello@pivotcaresolutions.com,https://www.pivotcaresolutions.com,781,London,UK,2026-06-13 06:19:28
2026-06-13,Medical,Falcon CareLogic,619.919.0030,sales@falconcarelogic.com,https://www.falconcarelogic.com,32,Toronto,CA,2026-06-13 04:43:00
2026-06-13,HR,Fusion PayrollSystems,08644687189,sales@fusionpayrollsystems.com,https://fusionpayrollsystems.com,147,Columbus,US,2026-06-13 03:51:42
2026-06-13,HR,TrueTalent Desk,8757487409,contact@truetalentdesk.com,https://www.truetalentdesk.com,61,Munich,DE,2026-06-13 03:25:20
2026-06-13,ERP,Polaris OrderLogic,846.852.6196,sales@polarisorderlogic.com,https://www.polarisorderlogic.com,103,Leeds,UK,2026-06-13 03:48:56
2026-06-13,Legal,Raven ClauseHub,7944103073,sales@ravenclausehub.co,https://ravenclausehub.co,16,Seattle,US,2026-06-13 05:29:51
2026-06-13,MSP Platform,Crest NodeTech,6932292147,info@crestnodetech.com,crestnodetech.com,1736,Chicago,US,2026-06-13 05:29:09
2026-06-13,Medical,Delta PulsePoint,356.657.5289,contact@deltapulsepoint.com,https://www.deltapulsepoint.com,909,Atlanta,US,2026-06-13 04:37:04
2026-06-13,ERP,Nimbus ResourceCore,(879) 616-1859,info@nimbusresourcecore.co,nimbusresourcecore.co,,Munich,DE,2026-06-13 05:33:04
2026-06-13,Legal,Fusion CaseTech,+18187464411,info@fusioncasetech.io,https://fusioncasetech.io,303,Chicago,US,2026-06-13 03:39:11
2026-06-13,HR,TruePayroll Works,2968335431,hello@truepayrollworks.com,https://truepayrollworks.com,4761,Tampa,US,2026-06-13 01:38:10
2026-06-13,Medical,BoldClinic Platform,213.230.0009,hello@boldclinicplatform.co,https://www.boldclinicplatform.co,452,Berlin,DE,2026-06-13 02:54:33
2026-06-13,Medical,CobaltTriage Dynamics,(782) 605-3946,contact@cobalttriagedynamics.io,https://www.cobalttriagedynamics.io,20,Dublin,IE,2026-06-13 01:32:22
2026-06-13,Medical,CedarClinicSystems,(365) 456-3360,sales@cedarclinicsystems.com,https://www.cedarclinicsystems.com,33,Austin,US,2026-06-13 01:26:36
2026-06-13,MSP Platform,TidalUptiméPoint,+17867799146,hello@tidaluptimepoint.com,https://www.tidaluptimepoint.com,366,Austin,US,2026-06-13 04:39:22
2026-06-13,MSP Platform,LumenPlanWorks,922.246.1116,sales@lumenplanworks.net,lumenplanworks.net,13,Austin,US,2026-06-13 06:07:55
2026-06-13,Medical,NovaRx Hub,05932457670,sales@novarxhub.io,https://www.novarxhub.io,17,Melbourne,AU,2026-06-13 05:40:13
2026-06-13,Legal,RidgeLawPlatform,(469) 976-3157,sales@ridgelawplatform.com,https://www.ridgelawplatform.com,13,Atlanta,US,2026-06-13 05:36:04
2026-06-13,MSP Platform,Zephyr GridHub,446.629.0290,contact@zephyrgridhub.com,https://zephyrgridhub.com,576,Raleigh,US,2026-06-13 04:09:59
2026-06-13,Legal,SummitDocketHub,+18177670516,sales@summitdockethub.co,https://summitdockethub.co,89,Lahore,PK,2026-06-13 05:08:01
2026-06-13,ERP,Cobalt BatchDesk,761-569-0072,sales@cobaltbatchdesk.com,https://www.cobaltbatchdesk.com,5,Calgary,CA,2026-06-13 02:55:02
2026-06-13,ERP,PivotBatch Platform,+18187967852,sales@pivotbatchplatform.com,https://pivotbatchplatform.com,88,Denver,US,2026-06-13 01:30:44
2026-06-13,Medical,LumenRx Desk,+18349607756,info@lumenrxdesk.io,lumenrxdesk.io,25,Calgary,CA,2026-06-13 04:08:38
2026-06-13,ERP,Nimbus BatchTech,3154053288,hello@nimbusbatchtech.net,https://www.nimbusbatchtech.net,97,Seattle,US,2026-06-13 01:12:41
2026-06-13,Legal,IndigoMatterSolutions,3245846501,contact@indigomattersolutions.com,indigomattersolutions.com,337,Denver,US,2026-06-13 01:47:26
2026-06-13,Legal,LumenBriefTech,(982) 987-2077,hello@lumenbrieftech.com,https://www.lumenbrieftech.com,30,Tampa,US,2026-06-13 06:02:55
2026-06-13,MSP Platform,CrownGrid Works,898-937-7872,contact@crowngridworks.com,https://www.crowngridworks.com,401,Leeds,UK,2026-06-13 04:08:13
2026-06-13,ERP,PivotOrder Sync,7063995468,info@pivotordersync.com,https://www.pivotordersync.com,217,Phoenix,US,2026-06-13 05:38:32
2026-06-13,Medical,IronMedLabs,458-988-8960,hello@ironmedlabs.io,https://ironmedlabs.io,154,Chicago,US,2026-06-13 03:52:08
2026-06-13,Medical,Quartz PulseSoft,+19485199256,hello@quartzpulsesoft.com,https://quartzpulsesoft.com,1575,Tampa,US,2026-06-13 05:59:54
2026-06-13,MSP Platform,ApexMonitorSuite,3304763314,contact@apexmonitorsuite.co,https://www.apexmonitorsuite.co,1429,Calgary,CA,2026-06-13 03:38:22
2026-06-13,Medical,EmberMedApp,+15944909021,hello@embermedapp.com,embermedapp.com,20,Melbourne,AU,2026-06-13 05:48:48
2026-06-13,Legal,BoldCompliSoft,3993552828 ext. 65,info@boldcomplisoft.com,https://www.boldcomplisoft.com,416,Austin,US,2026-06-13 02:48:12
2026-06-13,Medical,Delta RxSuite,+13607563011,info@deltarxsuite.net,https://www.deltarxsuite.net,450,Tampa,US,2026-06-13 05:59:34
2026-06-13,HR,RavenPeople Sphere,869-946-5852,info@ravenpeoplesphere.co,https://www.ravenpeoplesphere.co,15,Seattle,US,2026-06-13 03:27:51
2026-06-13,Medical,Zephyr HealthSolutions,(661) 458-6013 ext. 15,hello@zephyrhealthsolutions.co,zephyrhealthsolutions.co,678,Phoenix,US,2026-06-13 06:33:32
2026-06-13,HR,Fusion TalentTech,(889) 333-3220,contact@fusiontalenttech.com,https://www.fusiontalenttech.com,40,Melbourne,AU,2026-06-13 03:30:06
2026-06-13,Legal,IronBriefLabs,(496) 312-1895,contact@ironbrieflabs.io,https://ironbrieflabs.io,8,Columbus,US,2026-06-13 02:50:24
2026-06-13,ERP,Arch LedgerCore,1-581-935-9174,info@archledgercore.io,https://www.archledgercore.io,689,Tampa,US,2026-06-13 05:03:32
2026-06-13,Medical,North TriageApp,(638) 399-2989,sales@northtriageapp.net,https://northtriageapp.net,6,Tampa,US,2026-06-13 06:26:05
2026-06-13,ERP,LatticePlanWorks,(353) 996-4530,sales@latticeplanworks.com,https://latticeplanworks.com,97,Leeds,UK,2026-06-13 02:01:03
2026-06-13,Medical,QuantumVitalPoint,905-485-1531,sales@quantumvitalpoint.com,https://www.quantumvitalpoint.com,115,Seattle,US,2026-06-13 05:35:21
2026-06-13,MSP Platform,KeystoneRemote Flow,(226) 846-2507,sales@keystoneremoteflow.com,https://www.keystoneremoteflow.com,31,Leeds,UK,2026-06-13 06:24:36
2026-06-13,HR,OmniRosterLogic,979-779-6865,info@omnirosterlogic.com,https://www.omnirosterlogic.com,51,Columbus,US,2026-06-13 04:17:53
2026-06-13,Legal,NovaFilingHub,335.857.4142,hello@novafilinghub.io,https://www.novafilinghub.io,8,Raleigh,US,2026-06-13 05:03:56
2026-06-13,ERP,RapidStockSuite,+14616847587,contact@rapidstocksuite.com,rapidstocksuite.com,804,Boston,US,2026-06-13 02:56:37
2026-06-13,ERP,GranitePlan Dynamics,754-376-5833,info@graniteplandynamics.com,https://www.graniteplandynamics.com,790,Melbourne,AU,2026-06-13 06:46:20
2026-06-13,HR,OmniTalentSuite,+1 (484) 236-9826,hello@omnitalentsuite.com,https://omnitalentsuite.com,414,Seattle,US,2026-06-13 02:21:28
2026-06-13,ERP,Xenon OrderSoft,476.299.3324 ext. 97,sales@xenonordersoft.com,https://xenonordersoft.com,247,Columbus,US,2026-06-13 02:23:18
2026-06-13,HR,VeloPayrollSolutions,930-772-5763,contact@velopayrollsolutions.net,https://www.velopayrollsolutions.net,467,Phoenix,US,2026-06-13 05:36:02
2026-06-13,ERP,Zen Resource Consultants,855.870.3600,hello@zenresourceconsultants.io,https://www.zenresourceconsultants.io,122,Denver,US,2026-06-13 05:14:01
2026-06-13,HR,ZephyrPeople Sphere,+17304501709,contact@zephyrpeoplesphere.com,https://zephyrpeoplesphere.com,54,Tampa,US,2026-06-13 04:54:31
2026-06-13,HR,VistaShiftHub,504.898.7069,sales@vistashifthub.com,https://www.vistashifthub.com,99,Berlin,DE,2026-06-13 05:37:40
2026-06-13,Legal,Lumen MatterApp,671-965-1452,sales@lumenmatterapp.com,lumenmatterapp.com,94,Singapore,SG,2026-06-13 01:52:45
2026-06-13,Medical,Sable ChartBase,1-740-797-4081,sales@sablechartbase.io,https://sablechartbase.io,234,Atlanta,US,2026-06-13 01:41:19
2026-06-13,Medical,TrueHealthDesk,485-543-5802,info@truehealthdesk.com,https://www.truehealthdesk.com,361,London,UK,2026-06-13 04:00:28
2026-06-13,Medical,Ridge PatientLogic,(355) 831-0205,sales@ridgepatientlogic.io,https://www.ridgepatientlogic.io,16,Raleigh,US,2026-06-13 01:18:55
2026-06-13,MSP Platform,Blue PatchWorks,(427) 797-6133,info@bluepatchworks.com,bluepatchworks.com,227,Amsterdam,NL,2026-06-13 03:23:38
2026-06-13,LMS,FalconLearn App,511-336-5928 ext. 71,contact@falconlearnapp.io,falconlearnapp.io,927,Phoenix,US,2026-06-13 03:57:44
2026-06-13,Legal,Quartz BriefPoint,799-518-8395,sales@quartzbriefpoint.com,https://quartzbriefpoint.com,71,Boston,US,2026-06-13 02:25:23
2026-06-13,ERP,Crest PlanBase,+1 (429) 764-8021,contact@crestplanbase.com,https://www.crestplanbase.com,4630,London,UK,2026-06-13 04:23:35
2026-06-13,MSP Platform,Polaris GridCore,630-212-6707,contact@polarisgridcore.com,https://www.polarisgridcore.com,39,Phoenix,US,2026-06-13 04:14:45
2026-06-13,HR,GranitePeopleCore,901-713-9702,hello@granitepeoplecore.com,https://www.granitepeoplecore.com,12,Chicago,US,2026-06-13 01:42:56
2026-06-13,Medical,OmniTriageSystems,(615) 744-5340,hello@omnitriagesystems.com,https://www.omnitriagesystems.com,37,Atlanta,US,2026-06-13 05:07:48
2026-06-13,MSP Platform,Juniper GridCloud,431.743.2753,contact@junipergridcloud.com,https://www.junipergridcloud.com,25,Denver,US,2026-06-13 05:59:25
2026-06-13,Legal,Ridgeway ClauseSoft,+16127323313,sales@ridgewayclausesoft.com,ridgewayclausesoft.com,471,Dublin,IE,2026-06-13 04:10:21
2026-06-13,ERP,VistaResource Suite,(748) 457-4635,contact@vistaresourcesuite.com,https://www.vistaresourcesuite.com,225,Atlanta,US,2026-06-13 02:41:12
2026-06-13,Legal,VistaBrief Base,(973) 774-9004,contact@vistabriefbase.io,vistabriefbase.io,274,Dublin,IE,2026-06-13 02:22:31
2026-06-13,LMS,CoreLearnPlatform,6125279088,contact@corelearnplatform.com,https://corelearnplatform.com,2005,London,UK,2026-06-13 05:31:19
2026-06-13,Medical,PioneerCareDynamics,+17433257943,sales@pioneercaredynamics.com,https://www.pioneercaredynamics.com,66,Phoenix,US,2026-06-13 05:09:13
2026-06-13,HR,CrownTeamSuite,574-779-1773,hello@crownteamsuite.com,https://www.crownteamsuite.com,54,Sydney,AU,2026-06-13 04:44:04
2026-06-13,HR,CrownPeoplePoint,1-775-300-7513,,crownpeoplepoint.com,787,Atlanta,US,2026-06-13 01:45:16
2026-06-13,ERP,IronFin Base,(482) 707-4801,sales@ironfinbase.com,https://www.ironfinbase.com,100,Manchester,UK,2026-06-13 01:24:52
2026-06-13,Legal,Indigo DocketSync,1-969-404-3724,info@indigodocketsync.net,https://www.indigodocketsync.net,188,Chicago,US,2026-06-13 03:26:36
2026-06-13,ERP,Orbit StockSuite,(357) 663-7659,hello@orbitstocksuite.io,https://www.orbitstocksuite.io,35,Seattle,US,2026-06-13 04:55:58
2026-06-13,HR,ClearCulture Dynamics,236.538.4523,N/A,clearculturedynamics.com,49,Manchester,UK,2026-06-13 03:08:39
2026-06-13,Legal,Prime CounselSolutions,382-204-9311,info@primecounselsolutions.com,https://primecounselsolutions.com,234,Atlanta,US,2026-06-13 03:23:38
2026-06-13,ERP,NovaFin Logic,1-268-294-2968,info@novafinlogic.net,https://www.novafinlogic.net,77,Raleigh,US,2026-06-13 06:19:40
2026-06-13,MSP Platform,RidgeTicket Dynamics,+16968236814,sales@ridgeticketdynamics.com,https://www.ridgeticketdynamics.com,157,Chicago,US,2026-06-13 04:33:34
2026-06-13,ERP,Keystone ChainApp,1-306-408-9649,contact@keystonechainapp.io,https://www.keystonechainapp.io,9,Pune,IN,2026-06-13 05:44:59
2026-06-13,HR,Quantum TeamSolutions,496-237-7988,info@quantumteamsolutions.com,https://quantumteamsolutions.com,819,Tampa,US,2026-06-13 02:42:01
2026-06-13,ERP,MetaStockLabs,294-980-5753,sales@metastocklabs.co,https://www.metastocklabs.co,899,Columbus,US,2026-06-13 04:28:06
2026-06-13,ERP,PivotForge Sphere,+16086791513,hello@pivotforgesphere.com,https://pivotforgesphere.com,923,Leeds,UK,2026-06-13 05:46:25
2026-06-13,HR,TidalOnboard Point,06708921353,sales@tidalonboardpoint.io,tidalonboardpoint.io,339,Denver,US,2026-06-13 06:22:08
2026-06-13,ERP,VertexStock Hub,316.629.7784,hello@vertexstockhub.com,vertexstockhub.com,836,Calgary,CA,2026-06-13 03:09:22
2026-06-13,HR,Willow OnboardCloud,+13803901383,hello@willowonboardcloud.io,willowonboardcloud.io,883,Denver,US,2026-06-13 04:58:13
2026-06-13,Legal,Pivot DocketCloud,1-762-475-3107,-,https://www.pivotdocketcloud.com,225,Tampa,US,2026-06-13 06:01:02
2026-06-13,MSP Platform,FusionNetCloud’s,685-508-8832,hello@fusionnetcloud.io,https://fusionnetcloud.io,47,Denver,US,2026-06-13 03:49:19
2026-06-13,Medical,Lattice HealthFlow,619.970.1765,contact@latticehealthflow.co,latticehealthflow.co,171,Austin,US,2026-06-13 01:02:25
2026-06-13,Medical,Nova CarePlatform,(617) 523-9638,hello@novacareplatform.com,https://www.novacareplatform.com,95,Columbus,US,2026-06-13 05:41:34
2026-06-13,HR,Willow PerformDynamics,5757369623,hello@willowperformdynamics.com,https://www.willowperformdynamics.com,165,Austin,US,2026-06-13 03:28:50
2026-06-13,MSP Platform,CoreRemote Sync,(953) 882-3502,contact@coreremotesync.com,coreremotesync.com,613,Columbus,US,2026-06-13 01:23:50
2026-06-13,Legal,ApexVerdict Sphere,528.831.4372,info@apexverdictsphere.com,https://www.apexverdictsphere.com,10,Islamabad,PK,2026-06-13 06:19:48
2026-06-13,Medical,RidgeChart Flow,(975) 257-0299,contact@ridgechartflow.co,https://www.ridgechartflow.co,57,Columbus,US,2026-06-13 05:43:24
2026-06-13,Legal,OnyxBriefSync,+12693324924 ext. 7,sales@onyxbriefsync.com,https://www.onyxbriefsync.com,817,Phoenix,US,2026-06-13 02:24:24
2026-06-13,LMS,BeaconLearnLogic,684-734-2146,hello@beaconlearnlogic.io,beaconlearnlogic.io,30,Tampa,US,2026-06-13 06:15:06
2026-06-13,ERP,Quantum ChainPlatform,8374250742 ext. 35,hello@quantumchainplatform.co,https://quantumchainplatform.co,15,Berlin,DE,2026-06-13 03:42:11
2026-06-13,LMS,Alta Tutor Consulting Group,(499) 846-7584,hello@altatutorconsultinggroup.com,https://www.altatutorconsultinggroup.com,9,Atlanta,US,2026-06-13 01:13:16
2026-06-13,HR,Pioneer RosterPoint,1-593-519-3460,info@pioneerrosterpoint.co,https://www.pioneerrosterpoint.co,6,N/A,US,2026-06-13 04:40:58
2026-06-13,MSP Platform,Beacon PatchPoint,(793) 356-9566,hello@beaconpatchpoint.com,https://beaconpatchpoint.com,1491,Toronto,CA,2026-06-13 05:32:56
2026-06-13,Legal,Xenon DocketDynamics,(306) 888-7190,info@xenondocketdynamics.com,https://www.xenondocketdynamics.com,304,Chicago,US,2026-06-13 03:38:21
2026-06-13,HR,Velo PayrollSync,+12824750791,hello@velopayrollsync.io,https://velopayrollsync.io,40,Phoenix,US,2026-06-13 02:27:12
2026-06-13,HR,BlueCulturePoint,+17122355247,sales@blueculturepoint.io,https://www.blueculturepoint.io,9,Atlanta,US,2026-06-13 03:28:26
2026-06-13,ERP,EmberBatchBase,515.431.3406 ext. 77,sales@emberbatchbase.com,https://www.emberbatchbase.com,111,Columbus,US,2026-06-13 03:21:13
2026-06-13,Legal,Clear CompliSync,1-527-471-4698,contact@clearcomplisync.io,https://clearcomplisync.io,188,Bengaluru,IN,2026-06-13 03:06:31
2026-06-13,HR,VeloPayrollSphere,646-359-4513,sales@velopayrollsphere.com,velopayrollsphere.com,7,Bengaluru,IN,2026-06-13 05:35:10
2026-06-13,ERP,CrownStackPlatform,548-391-2421,sales@crownstackplatform.com,https://www.crownstackplatform.com,7,Chicago,US,2026-06-13 05:54:57
2026-06-13,ERP,Summit PlanSoft,+13808371712 ext. 75,hello@summitplansoft.com,https://www.summitplansoft.com,19,Seattle,US,2026-06-13 05:16:37
2026-06-13,HR,SilverPeopleFlow,2849550098,info@silverpeopleflow.com,https://silverpeopleflow.com,81,Atlanta,US,2026-06-13 01:30:15
2026-06-13,HR,Silver PayrollCore,08283616113,sales@silverpayrollcore.co,https://silverpayrollcore.co,14,Columbus,US,2026-06-13 04:53:23
2026-06-13,MSP Platform,Rapid NodeLabs,975-501-7488,sales@rapidnodelabs.com,https://www.rapidnodelabs.com,23,Seattle,US,2026-06-13 05:12:16
2026-06-13,LMS,OrbitCourseLabs,+14965963457,info@orbitcourselabs.com,https://orbitcourselabs.com,7,Austin,US,2026-06-13 06:35:24
2026-06-13,Medical,SolidMedLabs,(402) 376-7795,info@solidmedlabs.com,https://www.solidmedlabs.com,52,Atlanta,US,2026-06-13 04:14:24
2026-06-13,Legal,SableMatterSuite,1-456-889-7914,contact@sablemattersuite.net,https://www.sablemattersuite.net,2415,Austin,US,2026-06-13 01:28:18
2026-06-13,ERP,QuantumResourceHub,1-464-548-6101,contact@quantumresourcehub.com,https://www.quantumresourcehub.com,44,Chicago,US,2026-06-13 02:53:57
2026-06-13,ERP,VertexChainHub,9712030420,hello@vertexchainhub.com,https://www.vertexchainhub.com,685,Vancouver,CA,2026-06-13 01:06:44
2026-06-13,LMS,Summit CoursePlatform,+1 (689) 605-4822,hello@summitcourseplatform.com,https://www.summitcourseplatform.com,26,Denver,US,2026-06-13 02:18:10
2026-06-13,HR,CobaltCulturePlatform,+18149671163,contact@cobaltcultureplatform.co,https://cobaltcultureplatform.co,9,Columbus,US,2026-06-13 02:49:38
2026-06-13,Medical,Keystone RxSolutions,(826) 471-9597,info@keystonerxsolutions.com,https://www.keystonerxsolutions.com,498,Columbus,US,2026-06-13 04:19:50
2026-06-13,Legal,RavenVerdict Tech,1-817-603-9312,hello@ravenverdicttech.com,https://www.ravenverdicttech.com,20,Denver,US,2026-06-13 01:50:28
2026-06-13,ERP,HarborOrderApp,299.664.7349,sales@harbororderapp.net,https://www.harbororderapp.net,N/A,Columbus,US,2026-06-13 02:01:44
2026-06-13,HR,Crown TeamDynamics,+1 (798) 339-3363,hello@crownteamdynamics.io,https://www.crownteamdynamics.io,147,Tampa,US,2026-06-13 03:36:31
2026-06-13,HR,Silver RosterApp,293-610-1896,-,https://www.silverrosterapp.com,85,,CA,2026-06-13 06:29:54
2026-06-13,MSP Platform,True PatchWorks,(574) 341-9988,info@truepatchworks.io,https://truepatchworks.io,45,Chicago,US,2026-06-13 01:15:35
2026-06-13,LMS,BrightCohortPlatform,745-477-7761,info@brightcohortplatform.io,https://www.brightcohortplatform.io,1228,Chicago,US,2026-06-13 02:45:29
2026-06-13,LMS,Bright CourseDynamics,1-928-681-9445,contact@brightcoursedynamics.com,brightcoursedynamics.com,117,N/A,IN,2026-06-13 01:46:22
2026-06-13,ERP,EmberBatchPlatform,358.580.3832,sales@emberbatchplatform.net,https://www.emberbatchplatform.net,167,Melbourne,AU,2026-06-13 06:39:00
2026-06-13,Legal,Meta ClauseApp,+1 (760) 636-9679,hello@metaclauseapp.com,https://metaclauseapp.com,88,Phoenix,US,2026-06-13 06:00:32
2026-06-13,ERP,ApexBatch Tech,880-314-7376,sales@apexbatchtech.com,apexbatchtech.com,324,Denver,US,2026-06-13 03:19:06
2026-06-13,Medical,AnchorTriagePlatform,718-909-0572,contact@anchortriageplatform.io,https://www.anchortriageplatform.io,222,Denver,US,2026-06-13 01:07:22
2026-06-13,ERP,BoldLedgerDesk,2404622208,contact@boldledgerdesk.io,https://www.boldledgerdesk.io,15,Chicago,US,2026-06-13 02:21:13
2026-06-13,ERP,Polaris PlanApp,+18363622303,info@polarisplanapp.io,https://polarisplanapp.io,1326,Bengaluru,IN,2026-06-13 04:47:48
2026-06-13,HR,Cobalt RosterSphere,788.691.9391 ext. 29,-,https://www.cobaltrostersphere.com,17,Chicago,US,2026-06-13 01:03:08
2026-06-13,Medical,OrbitMedDesk,+12216837037,contact@orbitmeddesk.com,https://orbitmeddesk.com,35,Chicago,US,2026-06-13 04:04:42
2026-06-13,Legal,NovaBrief Labs,(320) 384-9232,hello@novabrieflabs.co,https://www.novabrieflabs.co,78,Tampa,US,2026-06-13 04:32:49
2026-06-13,ERP,XenonStock Suite,1-450-545-4695,hello@xenonstocksuite.net,https://xenonstocksuite.net,122,Columbus,US,2026-06-13 02:53:51
2026-06-13,Medical,QuartzPatientCloud,342-917-2253 ext. 13,hello@quartzpatientcloud.io,https://www.quartzpatientcloud.io,167,Austin,US,2026-06-13 04:18:40
2026-06-13,ERP,ClearChain Labs,+16444859914,info@clearchainlabs.com,clearchainlabs.com,76,Amsterdam,NL,2026-06-13 05:01:43
2026-06-13,ERP,Orbit ForgeTech,+1 (574) 759-4748,sales@orbitforgetech.com,orbitforgetech.com,14,Atlanta,US,2026-06-13 03:59:48
2026-06-13,Legal,Beacon CasePoint,+18884576485,info@beaconcasepoint.com,https://beaconcasepoint.com,40,Vancouver,CA,2026-06-13 03:48:48
2026-06-13,Medical,Ridgeway HealthDynamics,261.239.2095,hello@ridgewayhealthdynamics.com,https://ridgewayhealthdynamics.com,8,Singapore,SG,2026-06-13 05:41:45
2026-06-13,MSP Platform,MosaicRemote Soft,(950) 599-8098,sales@mosaicremotesoft.com,https://mosaicremotesoft.com,,Toronto,CA,2026-06-13 02:51:17
2026-06-13,ERP,FalconOpsWorks,+1 (939) 308-8248,hello@falconopsworks.com,https://falconopsworks.com,39,Raleigh,US,2026-06-13 06:11:49
2026-06-13,Medical,Iron ChartPlatform,+1 (955) 285-9643,sales@ironchartplatform.net,ironchartplatform.net,235,Columbus,US,2026-06-13 02:33:20
2026-06-13,Medical,PolarisChart Platform,6087036122,info@polarischartplatform.com,polarischartplatform.com,71,Amsterdam,NL,2026-06-13 04:38:37
2026-06-13,HR,Halo PayrollSuite,+13282728198,sales@halopayrollsuite.com,https://halopayrollsuite.com,83,Atlanta,US,2026-06-13 05:46:31
2026-06-13,ERP,Juniper ChainLabs,+16772236233,hello@juniperchainlabs.com,https://www.juniperchainlabs.com,222,Chicago,US,2026-06-13 02:11:41
2026-06-13,Legal,ClearFiling Sphere,+13685099467,info@clearfilingsphere.com,https://www.clearfilingsphere.com,197,Boston,US,2026-06-13 04:37:35
2026-06-13,MSP Platform,Raven RemoteSuite,+16873661152,-,https://www.ravenremotesuite.net,850,Phoenix,US,2026-06-13 01:38:47
2026-06-13,ERP,Clear StockDesk,699-519-6783,sales@clearstockdesk.com,https://www.clearstockdesk.com,33,Austin,US,2026-06-13 03:38:38
2026-06-13,HR,JuniperMonitorSuite,376.603.8472,hello@junipermonitorsuite.com,https://www.junipermonitorsuite.com,22,Phoenix,US,2026-06-13 05:16:56
2026-06-13,Medical,Granite Patient Manpower Services,876-588-6406,sales@granitepatientmanpowerservices.co,https://www.granitepatientmanpowerservices.co,20,Phoenix,US,2026-06-13 05:55:47
2026-06-13,MSP Platform,Crest StackCloud,+1 (467) 986-6464,sales@creststackcloud.com,https://creststackcloud.com,51,London,UK,2026-06-13 04:51:51
2026-06-13,ERP,VistaLedger Platform,(236) 941-4092,info@vistaledgerplatform.co,https://www.vistaledgerplatform.co,104,N/A,US,2026-06-13 06:43:49
2026-06-13,Legal,PolarisBrief Hub,349-394-5466,sales@polarisbriefhub.io,https://www.polarisbriefhub.io,493,Phoenix,US,2026-06-13 05:37:16
2026-06-13,Legal,ZephyrCaseSync,253-972-5115,sales@zephyrcasesync.com,zephyrcasesync.com,16,Chicago,US,2026-06-13 04:32:33
2026-06-13,LMS,DeltaTrain Sphere,+15756195806,contact@deltatrainsphere.com,https://deltatrainsphere.com,12,London,UK,2026-06-13 03:34:57
2026-06-13,HR,PrimeTeam App,1-751-243-9858,contact@primeteamapp.co,https://www.primeteamapp.co,212,Raleigh,US,2026-06-13 05:10:50
2026-06-13,Medical,Nova PatientSoft,406-526-2986,sales@novapatientsoft.com,https://www.novapatientsoft.com,465,Manchester,UK,2026-06-13 04:34:49
2026-06-13,LMS,RidgewayPath App,(877) 333-0122,hello@ridgewaypathapp.com,https://www.ridgewaypathapp.com,6,Sydney,AU,2026-06-13 02:47:43
2026-06-13,Medical,Juniper ClinicTech,667-326-8274,sales@juniperclinictech.net,juniperclinictech.net,246,Boston,US,2026-06-13 04:29:04
2026-06-13,ERP,CrestResource Point,859-569-8635,sales@crestresourcepoint.com,crestresourcepoint.com,20,Boston,US,2026-06-13 04:28:40
2026-06-13,Medical,Arch CareSolutions,+13849588365,info@archcaresolutions.net,https://www.archcaresolutions.net,297,Hyderabad,IN,2026-06-13 01:22:30
2026-06-13,Medical,TidalChartBase,435.698.5336,contact@tidalchartbase.com,https://www.tidalchartbase.com,69,London,UK,2026-06-13 05:03:20
2026-06-13,HR,Blue TalentPoint,+15733113418,info@bluetalentpoint.com,https://bluetalentpoint.com,11,Denver,US,2026-06-13 06:05:29
2026-06-13,Medical,GraniteCare Hub,(862) 565-6744,sales@granitecarehub.net,https://granitecarehub.net,84,Hyderabad,IN,2026-06-13 02:56:23
2026-06-13,Legal,ArchFiling Platform,1-741-431-2945,sales@archfilingplatform.co,https://www.archfilingplatform.co,165,Atlanta,US,2026-06-13 03:10:54
2026-06-13,Legal,GraniteMatter Platform,(649) 232-7065,sales@granitematterplatform.io,https://www.granitematterplatform.io,7,Austin,US,2026-06-13 05:58:39
2026-06-13,ERP,PrimeStock Hub,(309) 890-7571,contact@primestockhub.com,https://www.primestockhub.com,17,Phoenix,US,2026-06-13 04:58:10
2026-06-13,Medical,Zephyr CareDynamics,509.898.3089 ext. 38,sales@zephyrcaredynamics.com,https://zephyrcaredynamics.com,32,Calgary,CA,2026-06-13 06:34:06
2026-06-13,ERP,QuartzForge Solutions,433.495.6187,sales@quartzforgesolutions.net,quartzforgesolutions.net,59,Karachi,PK,2026-06-13 02:10:08
2026-06-13,HR,AnchorBenefit Labs,759.638.6654,info@anchorbenefitlabs.com,https://www.anchorbenefitlabs.com,227,Austin,US,2026-06-13 01:18:54
2026-06-13,Medical,HarborMedSoft,(292) 487-3003,contact@harbormedsoft.com,https://www.harbormedsoft.com,9,Seattle,US,2026-06-13 01:49:06
2026-06-13,MSP Platform,IndigoNet Platform,1-313-939-2052 ext. 70,contact@indigonetplatform.com,https://www.indigonetplatform.com,455,Phoenix,US,2026-06-13 02:08:20
2026-06-13,Medical,FusionCare Solutions,1-242-568-8901,sales@fusioncaresolutions.com,https://fusioncaresolutions.com,475,Singapore,SG,2026-06-13 04:45:54
2026-06-13,ERP,Juniper OrderDynamics,540-651-1672,contact@juniperorderdynamics.com,https://www.juniperorderdynamics.com,39,Denver,US,2026-06-13 02:44:18
2026-06-13,HR,TidalPeopleDynamics,2777444558,info@tidalpeopledynamics.com,https://www.tidalpeopledynamics.com,458,Columbus,US,2026-06-13 05:42:02
2026-06-13,Legal,ApexLawCloud,(777) 277-3779,info@apexlawcloud.io,https://www.apexlawcloud.io,907,Columbus,US,2026-06-13 05:12:38
2026-06-13,HR,Blue PayrollLabs,8189665108,sales@bluepayrolllabs.io,https://bluepayrolllabs.io,348,Atlanta,US,2026-06-13 02:39:30
2026-06-13,LMS,SableCoursePlatform,+15156785867,info@sablecourseplatform.io,https://www.sablecourseplatform.io,192,Chicago,US,2026-06-13 03:15:16
2026-06-13,ERP,TrueOps Platform,+19078898266,sales@trueopsplatform.com,https://www.trueopsplatform.com,86,Sydney,AU,2026-06-13 05:17:28
2026-06-13,HR,Juniper PerformCore,949.722.4555,info@juniperperformcore.net,juniperperformcore.net,248,Columbus,US,2026-06-13 03:14:53
2026-06-13,MSP Platform,North StackFlow,+12824613086,sales@northstackflow.com,northstackflow.com,659,Austin,US,2026-06-13 06:04:15
2026-06-13,HR,FalconTalent Sync,1-901-794-6434,contact@falcontalentsync.com,https://www.falcontalentsync.com,7,Hyderabad,IN,2026-06-13 05:21:59
2026-06-13,MSP Platform,DeltaMonitorCore,(645) 469-0694,info@deltamonitorcore.com,https://www.deltamonitorcore.com,11,Austin,US,2026-06-13 05:33:43
2026-06-13,ERP,Lattice BatchApp,(414) 881-7723 ext. 82,hello@latticebatchapp.com,https://www.latticebatchapp.com,53,Phoenix,US,2026-06-13 01:44:52
2026-06-13,Legal,Juniper CaseApp,514-375-8970,sales@junipercaseapp.com,junipercaseapp.com,12,Boston,US,2026-06-13 03:42:18
2026-06-13,ERP,EmberOps’s Point,(382) 351-1641,sales@emberopspoint.com,emberopspoint.com,5,Lahore,PK,2026-06-13 03:15:13
2026-06-13,Legal,True ClauseSystems,835.645.3383,hello@trueclausesystems.com,https://trueclausesystems.com,9,Raleigh,US,2026-06-13 01:03:03
2026-06-13,ERP,VistaPlanApp,(583) 205-2403 ext. 97,info@vistaplanapp.com,https://www.vistaplanapp.com,16,Islamabad,PK,2026-06-13 06:32:20
2026-06-13,MSP Platform,JuniperGridDesk,4596334934,hello@junipergriddesk.com,https://www.junipergriddesk.com,12,Phoenix,US,2026-06-13 05:14:03
2026-06-13,MSP Platform,RidgeNet Soft,747-238-4818,contact@ridgenetsoft.com,ridgenetsoft.com,461,Melbourne,AU,2026-06-13 06:40:44
2026-06-13,MSP Platform,Polaris RemoteSuite,219-707-7160,info@polarisremotesuite.io,https://www.polarisremotesuite.io,880,Pune,IN,2026-06-13 03:04:02
2026-06-13,HR,Core CultureApp,(808) 798-9657 ext. 77,info@corecultureapp.com,https://www.corecultureapp.com,10,Denver,US,2026-06-13 01:32:02
2026-06-13,HR,Apex RosterBase,(933) 680-7408,sales@apexrosterbase.com,https://www.apexrosterbase.com,56,Denver,US,2026-06-13 03:37:41
2026-06-13,ERP,Golden OpsPlatform,9303147396,sales@goldenopsplatform.net,https://goldenopsplatform.net,930,Vancouver,CA,2026-06-13 02:52:47
2026-06-13,ERP,Meta OrderApp,(728) 392-9694,contact@metaorderapp.io,metaorderapp.io,11,Tampa,US,2026-06-13 04:35:08
2026-06-13,MSP Platform,BrightStackCloud,973-341-6436,hello@brightstackcloud.com,https://www.brightstackcloud.com,992,Hyderabad,IN,2026-06-13 02:46:31
2026-06-13,Legal,Halo VerdictWorks,4718442440,sales@haloverdictworks.com,https://haloverdictworks.com,594,Tampa,US,2026-06-13 05:06:50
2026-06-13,ERP,CedarFin Point,(875) 922-5130,hello@cedarfinpoint.io,https://www.cedarfinpoint.io,8,Seattle,US,2026-06-13 06:14:35
2026-06-13,ERP,CoreResource Hub,+15729318524,info@coreresourcehub.net,https://coreresourcehub.net,88,Columbus,US,2026-06-13 01:50:26
2026-06-13,HR,ClearTeamSoft,274-581-0887,info@clearteamsoft.com,https://www.clearteamsoft.com,12,Dublin,IE,2026-06-13 03:45:25
2026-06-13,Medical,Umbra ClinicHub,(694) 850-5911,sales@umbraclinichub.io,https://www.umbraclinichub.io,189,Austin,US,2026-06-13 06:35:25
2026-06-13,HR,AnchorTalentSphere,372.322.2267,info@anchortalentsphere.com,anchortalentsphere.com,254,Lahore,PK,2026-06-13 03:38:52
2026-06-13,Medical,DeltaHealthDynamics,(265) 214-8560,contact@deltahealthdynamics.com,https://www.deltahealthdynamics.com,27,Dublin,IE,2026-06-13 02:48:02
2026-06-13,Medical,CrestPatientSuite,(708) 601-6311 ext. 2,sales@crestpatientsuite.com,https://www.crestpatientsuite.com,20,Seattle,US,2026-06-13 06:52:48
2026-06-13,Medical,Vertex TriageSuite,(747) 286-6975,hello@vertextriagesuite.com,https://vertextriagesuite.com,768,Atlanta,US,2026-06-13 03:08:04
2026-06-13,HR,CrestShift Base,6768957274,contact@crestshiftbase.io,https://crestshiftbase.io,143,Austin,US,2026-06-13 03:53:15
2026-06-13,Medical,BrightTriageLogic,(571) 473-9863,info@brighttriagelogic.com,https://brighttriagelogic.com,39,Singapore,SG,2026-06-13 06:43:32
2026-06-13,Medical,BoldMed Desk,1-557-263-2499,contact@boldmeddesk.com,https://www.boldmeddesk.com,15,Raleigh,US,2026-06-13 01:53:03
2026-06-13,HR,IronPayroll Tech,09309289117,sales@ironpayrolltech.com,ironpayrolltech.com,196,Austin,US,2026-06-13 01:25:27
2026-06-13,Medical,AnchorHealth Point,1-598-464-1101,info@anchorhealthpoint.co,https://www.anchorhealthpoint.co,648,Chicago,US,2026-06-13 06:13:00
2026-06-13,LMS,HaloTutorCloud,+1 (527) 974-9349 ext. 98,info@halotutorcloud.com,https://halotutorcloud.com,49,Leeds,UK,2026-06-13 05:39:48
2026-06-13,MSP Platform,LatticeEndpointDynamics,+17819304181,info@latticeendpointdynamics.co,https://www.latticeendpointdynamics.co,72,Chicago,US,2026-06-13 05:13:23
2026-06-13,HR,VertexBenefit Tech,829-921-2468,sales@vertexbenefittech.com,https://www.vertexbenefittech.com,12,Phoenix,US,2026-06-13 03:32:25
2026-06-13,MSP Platform,ClearTicketPlatform,+16124784025,info@clearticketplatform.com,https://clearticketplatform.com,66,Columbus,US,2026-06-13 06:00:48
2026-06-13,ERP,Harbor ForgeSync,790-349-4337,hello@harborforgesync.io,harborforgesync.io,554,Raleigh,US,2026-06-13 06:21:49
2026-06-13,Legal,IndigoCase Base,1-398-385-8497,sales@indigocasebase.com,https://indigocasebase.com,101,Raleigh,US,2026-06-13 03:25:00
2026-06-13,ERP,Cobalt StockSuite,335-349-3934,contact@cobaltstocksuite.io,https://www.cobaltstocksuite.io,689,Hyderabad,IN,2026-06-13 04:54:42
2026-06-13,ERP,SilverLedger Desk,1-799-312-4221,hello@silverledgerdesk.io,https://silverledgerdesk.io,22,Austin,US,2026-06-13 03:08:47
2026-06-13,HR,TrueBenefitCloud,1-795-312-4599,hello@truebenefitcloud.io,https://truebenefitcloud.io,616,Bengaluru,IN,2026-06-13 06:27:54
2026-06-13,HR,Ridge TalentWorks,310.674.3726,info@ridgetalentworks.com,https://ridgetalentworks.com,224,Chicago,US,2026-06-13 01:51:37
2026-06-13,MSP Platform,Ember StackCloud,+19829645581,sales@emberstackcloud.co,https://www.emberstackcloud.co,6,Raleigh,US,2026-06-13 03:16:03
2026-06-13,HR,CrestOnboard Works,(839) 766-1140,hello@crestonboardworks.com,https://www.crestonboardworks.com,12,Columbus,US,2026-06-13 01:41:49
2026-06-13,LMS,OmniTutor Desk,(777) 567-4666,hello@omnitutordesk.io,https://www.omnitutordesk.io,16,Tampa,US,2026-06-13 02:56:27
2026-06-13,MSP Platform,BeaconEndpointSystems,854-344-4921,info@beaconendpointsystems.com,beaconendpointsystems.com,34,Calgary,CA,2026-06-13 04:53:07
2026-06-13,HR,Willow People BPO Services,06833625237 ext. 39,hello@willowpeoplebposervices.com,https://www.willowpeoplebposervices.com,18,Atlanta,US,2026-06-13 03:56:44
2026-06-13,HR,QuantumCultureSphere,370.830.4146,info@quantumculturesphere.io,https://quantumculturesphere.io,17,Denver,US,2026-06-13 02:13:24
2026-06-13,Legal,KeystoneVerdict Platform,+1 (933) 597-1846,info@keystoneverdictplatform.io,https://www.keystoneverdictplatform.io,25,Austin,US,2026-06-13 03:06:33
2026-06-13,HR,FusionOnboard Point,1-608-448-1022,info@fusiononboardpoint.com,https://fusiononboardpoint.com,82,London,UK,2026-06-13 04:20:14
2026-06-13,Medical,PrimeClinicSuite,+17818885043,contact@primeclinicsuite.co,https://www.primeclinicsuite.co,5,London,UK,2026-06-13 03:34:22
2026-06-13,HR,Granite BenefitPlatform,(503) 986-9361,info@granitebenefitplatform.com,https://www.granitebenefitplatform.com,17,Denver,US,2026-06-13 04:50:07
2026-06-13,ERP,Pioneer FinTech,(760) 923-1485,contact@pioneerfintech.com,pioneerfintech.com,13,Austin,US,2026-06-13 02:14:47
2026-06-13,Legal,AtlasFiling Core,1-584-744-5302,hello@atlasfilingcore.co,https://www.atlasfilingcore.co,34,Chicago,US,2026-06-13 05:08:25
2026-06-13,Legal,ArchBriefDesk,05126037721,sales@archbriefdesk.com,https://www.archbriefdesk.com,40,Munich,DE,2026-06-13 06:42:01
2026-06-13,ERP,TrueBatchDesk,307.754.8348,sales@truebatchdesk.com,https://www.truebatchdesk.com,9,Vancouver,CA,2026-06-13 01:41:40
2026-06-13,MSP Platform,CoreEndpoint Core,5774850460,contact@coreendpointcore.com,coreendpointcore.com,634,Vancouver,CA,2026-06-13 04:57:08
2026-06-13,Medical,FusionTriage Solutions,+17947395689,sales@fusiontriagesolutions.net,https://www.fusiontriagesolutions.net,24,Sydney,AU,2026-06-13 03:06:33
2026-06-13,HR,HarborShiftPlatform,+16462593143,info@harborshiftplatform.com,https://harborshiftplatform.com,9,Denver,US,2026-06-13 05:19:02
2026-06-13,Legal,Crest DocketBase,201-657-9761,contact@crestdocketbase.io,crestdocketbase.io,88,Seattle,US,2026-06-13 06:07:07
2026-06-13,ERP,CrownPlanPlatform,615-795-1708,hello@crownplanplatform.io,https://www.crownplanplatform.io,33,Austin,US,2026-06-13 04:37:12
2026-06-13,MSP Platform,SummitEndpoint Base,7157379379,contact@summitendpointbase.net,https://www.summitendpointbase.net,781,Chicago,US,2026-06-13 01:34:41
2026-06-13,ERP,Cedar BatchTech,(887) 282-5679,sales@cedarbatchtech.com,cedarbatchtech.com,36,Amsterdam,NL,2026-06-13 02:55:07
2026-06-13,Medical,RidgeRxDynamics,503-920-4578,null,https://www.ridgerxdynamics.com,56,Islamabad,PK,2026-06-13 06:40:13
2026-06-13,HR,Ridge CultureTech,+18852666468 ext. 55,sales@ridgeculturetech.com,https://www.ridgeculturetech.com,48,Boston,US,2026-06-13 06:21:46
2026-06-13,ERP,SableResource Point,+17808565221 ext. 58,info@sableresourcepoint.com,https://www.sableresourcepoint.com,93,Melbourne,AU,2026-06-13 02:11:34
2026-06-13,HR,OmniPeopleHub,8918312918 ext. 64,contact@omnipeoplehub.co,https://omnipeoplehub.co,18,Raleigh,US,2026-06-13 04:16:04
2026-06-13,ERP,Omni ChainDesk,8112484095,contact@omnichaindesk.com,https://www.omnichaindesk.com,31,Manchester,UK,2026-06-13 03:35:08
2026-06-13,Medical,Ridge PatientApp,706-567-2187,sales@ridgepatientapp.com,https://www.ridgepatientapp.com,18,Boston,US,2026-06-13 06:27:26
2026-06-13,Medical,MosaicPatient Suite,503-483-1426,info@mosaicpatientsuite.com,mosaicpatientsuite.com,13,Melbourne,AU,2026-06-13 02:20:22
2026-06-13,HR,BrightOnboardSync,3379540621 ext. 66,info@brightonboardsync.net,https://brightonboardsync.net,202,Singapore,SG,2026-06-13 03:53:50
2026-06-13,ERP,TrueOrderLogic,+1 (845) 867-7840,hello@trueorderlogic.com,https://trueorderlogic.com,12,Manchester,UK,2026-06-13 04:50:13
2026-06-13,HR,LumenPeople App,+14114598431,sales@lumenpeopleapp.com,https://www.lumenpeopleapp.com,222,Chicago,US,2026-06-13 01:22:05
2026-06-13,HR,Sable RosterWorks,+14812960163,contact@sablerosterworks.com,https://www.sablerosterworks.com,232,Denver,US,2026-06-13 05:02:05
2026-06-13,ERP,Falcon OrderBase,(848) 716-7738 ext. 69,contact@falconorderbase.io,https://www.falconorderbase.io,17,Dublin,IE,2026-06-13 01:51:38
2026-06-13,MSP Platform,RidgeMonitor Dynamics,666-478-4788,sales@ridgemonitordynamics.com,https://www.ridgemonitordynamics.com,222,Melbourne,AU,2026-06-13 05:29:16
2026-06-13,HR,SablePayrollWorks,+1 (757) 470-6222,,sablepayrollworks.co,426,Vancouver,CA,2026-06-13 05:05:30
2026-06-13,MSP Platform,RavenGrid Suite,+18915722380,hello@ravengridsuite.io,https://www.ravengridsuite.io,89,Boston,US,2026-06-13 04:49:34
2026-06-13,Medical,LumenTriage Tech,438-887-3648,sales@lumentriagetech.io,lumentriagetech.io,210,Karachi,PK,2026-06-13 02:17:25
2026-06-13,LMS,Atlas LearnPoint,(335) 467-7909,info@atlaslearnpoint.co,https://www.atlaslearnpoint.co,531,Leeds,UK,2026-06-13 06:05:22
2026-06-13,ERP,Zén OpsLogic,(552) 903-0200,sales@zenopslogic.com,https://zenopslogic.com,18,Atlanta,US,2026-06-13 03:10:10
2026-06-13,HR,IndigoShift Tech,799-304-6831,contact@indigoshifttech.io,https://indigoshifttech.io,18,Tampa,US,2026-06-13 02:29:34
2026-06-13,Legal,TidalMatterWorks,+15008394772,sales@tidalmatterworks.com,https://www.tidalmatterworks.com,3623,Leeds,UK,2026-06-13 01:39:05
2026-06-13,MSP Platform,Bright RemoteFlow,+18304023687 ext. 59,info@brightremoteflow.io,https://www.brightremoteflow.io,80,Melbourne,AU,2026-06-13 05:06:36
2026-06-13,HR,Bold RosterLabs,473.945.1315,hello@boldrosterlabs.com,https://www.boldrosterlabs.com,209,Raleigh,US,2026-06-13 06:01:30
2026-06-13,MSP Platform,Nova Remote BPO Services,+18885074644,hello@novaremotebposervices.co,novaremotebposervices.co,16,Raleigh,US,2026-06-13 06:14:02
2026-06-13,ERP,Golden ChainCloud,495.853.1900,contact@goldenchaincloud.com,https://www.goldenchaincloud.com,15,Seattle,US,2026-06-13 01:15:28
2026-06-13,Legal,GoldenFiling Labs,540.302.7836,hello@goldenfilinglabs.com,https://goldenfilinglabs.com,61,Islamabad,PK,2026-06-13 01:27:45
2026-06-13,ERP,PrimeChainPoint,+12559467450,sales@primechainpoint.com,https://www.primechainpoint.com,50,Dublin,IE,2026-06-13 03:53:21
2026-06-13,Legal,PrimeMatter Base,973.365.8286,info@primematterbase.com,https://www.primematterbase.com,5,Islamabad,PK,2026-06-13 06:58:55
2026-06-13,HR,Umbra BenefitSystems,(508) 444-6428,contact@umbrabenefitsystems.io,https://www.umbrabenefitsystems.io,432,Karachi,PK,2026-06-13 05:46:26
2026-06-13,Legal,Lattice BriefCloud,(478) 395-4368,hello@latticebriefcloud.net,https://latticebriefcloud.net,16,Austin,US,2026-06-13 06:35:58
2026-06-13,Medical,NorthTriage Dynamics,5903868479,contact@northtriagedynamics.com,https://northtriagedynamics.com,16,Tampa,US,2026-06-13 06:45:51
2026-06-13,ERP,WillowOrderPoint,728-682-3847,hello@willoworderpoint.com,https://www.willoworderpoint.com,18,Austin,US,2026-06-13 02:31:20
2026-06-13,MSP Platform,AltaEndpoint Platform,338-888-7988,info@altaendpointplatform.com,altaendpointplatform.com,557,Phoenix,US,2026-06-13 05:53:05
2026-06-13,Medical,CobaltPulseSuite,705.368.4596,info@cobaltpulsesuite.com,https://www.cobaltpulsesuite.com,50,Denver,US,2026-06-13 03:17:34
