scrape_date,category,company_name,phone,email,website,employee_count,city,country,scraped_at
2026-06-07,Legal,Vertex FilingPlatform,465.456.8368,info@vertexfilingplatform.com,https://vertexfilingplatform.com,247,Dublin,IE,2026-06-07 01:18:39
2026-06-07,MSP Platform,Nova EndpointSphere,1-231-919-4198,contact@novaendpointsphere.io,https://www.novaendpointsphere.io,18,Leeds,UK,2026-06-07 03:37:36
2026-06-07,HR,Bright RosterFlow,428-533-0421,contact@brightrosterflow.io,https://www.brightrosterflow.io,263,Tampa,US,2026-06-07 01:13:18
2026-06-07,Medical,LatticeMed Tech,+19115808109,sales@latticemedtech.com,https://latticemedtech.com,78,Dublin,IE,2026-06-07 04:19:19
2026-06-07,Medical,Prime VitalDesk,9309103942,contact@primevitaldesk.io,https://primevitaldesk.io,930,Berlin,DE,2026-06-07 04:15:16
2026-06-07,ERP,FalconOrder Solutions,2652396863,hello@falconordersolutions.com,https://www.falconordersolutions.com,322,Amsterdam,NL,2026-06-07 03:40:08
2026-06-07,Medical,Omni TriageLabs,1-377-976-4903,sales@omnitriagelabs.com,https://www.omnitriagelabs.com,424,Atlanta,US,2026-06-07 02:14:47
2026-06-07,MSP Platform,Apex PatchApp,(258) 856-2418 ext. 7,hello@apexpatchapp.com,https://apexpatchapp.com,155,Atlanta,US,2026-06-07 04:18:47
2026-06-07,ERP,QuartzFinHub,+13655027834,hello@quartzfinhub.com,https://www.quartzfinhub.com,477,Chicago,US,2026-06-07 06:31:02
2026-06-07,Medical,ApexRx Sync,(694) 354-4195,hello@apexrxsync.com,apexrxsync.com,20,Austin,US,2026-06-07 04:57:44
2026-06-07,ERP,Silver BatchBase,840.593.1691,contact@silverbatchbase.com,https://www.silverbatchbase.com,12,Boston,US,2026-06-07 02:35:00
2026-06-07,Legal,DeltaClause Cloud,1-556-254-5998,hello@deltaclausecloud.io,https://www.deltaclausecloud.io,N/A,Pune,IN,2026-06-07 06:10:55
2026-06-07,HR,Keystone PeopleSoft,+12604390596,hello@keystonepeoplesoft.com,https://www.keystonepeoplesoft.com,38,,IN,2026-06-07 03:29:50
2026-06-07,MSP Platform,LatticeRemoteDynamics,944-527-1458,contact@latticeremotedynamics.com,https://www.latticeremotedynamics.com,93,Sydney,AU,2026-06-07 06:40:06
2026-06-07,ERP,PrimeOrder Flow,+17684506509,info@primeorderflow.com,https://www.primeorderflow.com,406,Sydney,AU,2026-06-07 03:18:58
2026-06-07,HR,ZenPayroll Hub,(397) 854-6566,sales@zenpayrollhub.com,https://www.zenpayrollhub.com,18,Austin,US,2026-06-07 05:50:26
2026-06-07,ERP,Juniper OrderDynamics,(540) 651-1672,contact@juniperorderdynamics.com,https://www.juniperorderdynamics.com,39,Denver,US,2026-06-07 04:37:11
2026-06-07,HR,NovaRoster Dynamics,790.748.6552 ext. 28,hello@novarosterdynamics.io,https://novarosterdynamics.io,10,Boston,US,2026-06-07 01:53:50
2026-06-07,ERP,PrimeForge Solutions,503-431-6470,contact@primeforgesolutions.net,https://primeforgesolutions.net,141,Austin,US,2026-06-07 05:04:02
2026-06-07,Medical,Raven ChartLogic,(854) 999-2331,sales@ravenchartlogic.io,https://www.ravenchartlogic.io,12,Denver,US,2026-06-07 06:37:59
2026-06-07,ERP,Quantum PlanCloud,368.313.0525,sales@quantumplancloud.com,https://www.quantumplancloud.com,941,Seattle,US,2026-06-07 01:31:58
2026-06-07,ERP,Rapid ChainWorks,+12132209775,sales@rapidchainworks.com,https://rapidchainworks.com,155,London,UK,2026-06-07 06:07:18
2026-06-07,ERP,Onyx OpsWorks,216-486-5073,sales@onyxopsworks.com,onyxopsworks.com,11,Raleigh,US,2026-06-07 05:25:03
2026-06-07,MSP Platform,Cedar MonitorSolutions,684-318-9236,hello@cedarmonitorsolutions.io,https://cedarmonitorsolutions.io,33,Denver,US,2026-06-07 04:28:42
2026-06-07,Medical,Juniper ChartPoint,(777) 775-3299,info@juniperchartpoint.com,https://www.juniperchartpoint.com,61,Chicago,US,2026-06-07 04:29:21
2026-06-07,ERP,GraniteStock Flow,619-479-5993,hello@granitestockflow.com,https://granitestockflow.com,10,Boston,US,2026-06-07 03:22:04
2026-06-07,HR,Nimbus Roster Talent Agency,798-477-5022,hello@nimbusrostertalentagency.com,nimbusrostertalentagency.com,-,Raleigh,US,2026-06-07 05:05:12
2026-06-07,HR,Indigo OnboardSuite,(758) 398-6774,sales@indigoonboardsuite.io,https://www.indigoonboardsuite.io,31,Austin,US,2026-06-07 06:05:18
2026-06-07,Legal,WillowCompliDynamics,255-771-5021,info@willowcomplidynamics.com,https://www.willowcomplidynamics.com,359,Denver,US,2026-06-07 02:03:03
2026-06-07,ERP,CrownFinCore,541.367.1214,contact@crownfincore.io,crownfincore.io,14,Toronto,CA,2026-06-07 03:58:29
2026-06-07,HR,ZenTeam Flow,+1 (985) 386-5401,info@zenteamflow.co,https://www.zenteamflow.co,20,Austin,US,2026-06-07 01:16:23
2026-06-07,LMS,XenonTrainLabs,254.535.6765,-,https://www.xenontrainlabs.io,451,Raleigh,US,2026-06-07 04:19:09
2026-06-07,Legal,BeaconCounselSolutions,1-376-365-4598 ext. 2,contact@beaconcounselsolutions.com,https://www.beaconcounselsolutions.com,31,Leeds,UK,2026-06-07 03:47:51
2026-06-07,Medical,QuartzPulse Logic,(416) 832-6296,sales@quartzpulselogic.com,https://www.quartzpulselogic.com,17,Denver,US,2026-06-07 04:41:26
2026-06-07,HR,Quartz CultureLabs,+13759911862,info@quartzculturelabs.com,https://www.quartzculturelabs.com,392,Seattle,US,2026-06-07 05:04:46
2026-06-07,Medical,BoldPatientSystems,(858) 590-0166,sales@boldpatientsystems.com,https://www.boldpatientsystems.com,12,Atlanta,US,2026-06-07 02:24:49
2026-06-07,Medical,VertexVitalSystems,282-779-6839,contact@vertexvitalsystems.io,https://vertexvitalsystems.io,36,Sydney,AU,2026-06-07 01:01:41
2026-06-07,HR,FalconRosterPoint,414-527-1160,contact@falconrosterpoint.com,https://falconrosterpoint.com,14,Denver,US,2026-06-07 03:18:20
2026-06-07,ERP,PrimeForge Logic,682-701-4842,contact@primeforgelogic.com,https://www.primeforgelogic.com,187,Berlin,DE,2026-06-07 06:13:13
2026-06-07,Medical,TrueClinic Base,860-741-8649,hello@trueclinicbase.com,https://www.trueclinicbase.com,1254,Raleigh,US,2026-06-07 03:58:37
2026-06-07,HR,PivotPayroll Sync,(780) 763-8617,contact@pivotpayrollsync.io,https://www.pivotpayrollsync.io,55,Leeds,UK,2026-06-07 01:55:22
2026-06-07,HR,EmberCulture Labs,241-790-0963,contact@emberculturelabs.com,https://emberculturelabs.com,22,London,UK,2026-06-07 05:47:47
2026-06-07,HR,Anchor ShiftDesk,+18707823420,sales@anchorshiftdesk.io,https://anchorshiftdesk.io,84,Raleigh,US,2026-06-07 06:43:24
2026-06-07,Legal,OmniLawDesk,+1 (917) 670-9005,hello@omnilawdesk.com,https://omnilawdesk.com,15,Hyderabad,IN,2026-06-07 06:52:48
2026-06-07,MSP Platform,Lattice NetSuite,+19814006332,contact@latticenetsuite.com,https://latticenetsuite.com,35,Boston,US,2026-06-07 02:50:28
2026-06-07,Medical,OrbitVitalCore,3712948387,hello@orbitvitalcore.com,https://orbitvitalcore.com,141,Berlin,DE,2026-06-07 05:45:55
2026-06-07,ERP,LumenForgeBase,+16912413330 ext. 58,sales@lumenforgebase.com,https://www.lumenforgebase.com,59,Leeds,UK,2026-06-07 04:12:06
2026-06-07,ERP,OrbitFinWorks,+18192058433,contact@orbitfinworks.com,orbitfinworks.com,8,Columbus,US,2026-06-07 02:49:57
2026-06-07,ERP,LatticeLedger Tech,835.673.2053,info@latticeledgertech.com,https://latticeledgertech.com,12,Columbus,US,2026-06-07 02:41:25
2026-06-07,Legal,AnchorCompliCore,407.895.6613,sales@anchorcomplicore.net,https://www.anchorcomplicore.net,207,London,UK,2026-06-07 06:15:11
2026-06-07,ERP,Beacon FinWorks,(669) 360-4231,sales@beaconfinworks.com,https://beaconfinworks.com,89,Singapore,SG,2026-06-07 03:52:22
2026-06-07,Medical,TidalChart Flow,+16424237455,info@tidalchartflow.com,tidalchartflow.com,237,Dublin,IE,2026-06-07 02:17:54
2026-06-07,Medical,BlueMedFlow,235.557.1010,info@bluemedflow.com,https://www.bluemedflow.com,95,Toronto,CA,2026-06-07 01:29:46
2026-06-07,MSP Platform,Alta UptimeSphere,+14702983153 ext. 19,sales@altauptimesphere.com,https://www.altauptimesphere.com,194,Pune,IN,2026-06-07 02:24:43
2026-06-07,HR,RidgewayPerform Logic,548.771.0627,-,https://www.ridgewayperformlogic.net,112,Singapore,SG,2026-06-07 04:53:14
2026-06-07,ERP,BrightOrder Works,+1 (810) 221-0887,info@brightorderworks.com,https://www.brightorderworks.com,34,Toronto,CA,2026-06-07 06:36:43
2026-06-07,HR,VeloPayrollSolutions,1-930-772-5763,contact@velopayrollsolutions.net,https://www.velopayrollsolutions.net,467,Phoenix,US,2026-06-07 06:01:42
2026-06-07,MSP Platform,Iron StackBase,+16228822124,hello@ironstackbase.io,ironstackbase.io,31,Phoenix,US,2026-06-07 04:24:19
2026-06-07,Medical,RidgeTriageDesk,+1 (474) 837-4449,info@ridgetriagedesk.co,https://ridgetriagedesk.co,32,Chicago,US,2026-06-07 05:11:34
2026-06-07,MSP Platform,AnchorNet Flow,673-634-0260,contact@anchornetflow.io,https://www.anchornetflow.io,29,Atlanta,US,2026-06-07 06:33:09
2026-06-07,ERP,TidalOps Platform,+12628017483,,tidalopsplatform.com,8,Atlanta,US,2026-06-07 02:44:59
2026-06-07,HR,VeloBenefitSync,1-937-868-1251,hello@velobenefitsync.com,https://www.velobenefitsync.com,84,Chicago,US,2026-06-07 04:39:13
2026-06-07,ERP,ClearChain Hub,(429) 365-0822,contact@clearchainhub.com,https://clearchainhub.com,301,Amsterdam,NL,2026-06-07 02:56:35
2026-06-07,MSP Platform,FusionEndpoint Soft,+15222945686,info@fusionendpointsoft.com,https://www.fusionendpointsoft.com,683,Phoenix,US,2026-06-07 02:09:39
2026-06-07,Legal,Arch ClauseTech,863.885.7952,info@archclausetech.com,https://www.archclausetech.com,17,Manchester,UK,2026-06-07 06:47:13
2026-06-07,Medical,NorthCarePoint,326-596-1266,hello@northcarepoint.net,https://www.northcarepoint.net,435,Bengaluru,IN,2026-06-07 02:02:42
2026-06-07,HR,True Roster Talent Agency,8115655721,contact@truerostertalentagency.com,https://www.truerostertalentagency.com,12,Boston,US,2026-06-07 05:06:34
2026-06-07,Legal,Raven LawPoint,+13763561166,hello@ravenlawpoint.io,https://ravenlawpoint.io,288,Seattle,US,2026-06-07 01:13:39
2026-06-07,Medical,OnyxClinicSync,888.500.7291,contact@onyxclinicsync.com,https://onyxclinicsync.com,466,Sydney,AU,2026-06-07 03:20:46
2026-06-07,Medical,SolidChart Suite,+18872345662,hello@solidchartsuite.com,https://www.solidchartsuite.com,42,Melbourne,AU,2026-06-07 05:03:59
2026-06-07,HR,TidalRoster Tech,+19232194991,sales@tidalrostertech.net,tidalrostertech.net,291,London,UK,2026-06-07 02:48:04
2026-06-07,ERP,Ember PlanDynamics,+13415809018,hello@emberplandynamics.net,https://www.emberplandynamics.net,874,Columbus,US,2026-06-07 04:09:34
2026-06-07,MSP Platform,RidgewayEndpoint Logic,1-736-501-8353,contact@ridgewayendpointlogic.com,ridgewayendpointlogic.com,50,Columbus,US,2026-06-07 05:53:33
2026-06-07,Medical,VistaPatient Sphere,985-959-3731,sales@vistapatientsphere.com,https://www.vistapatientsphere.com,45,Raleigh,US,2026-06-07 02:38:00
2026-06-07,Legal,PolarisBrief Hub,349-394-5466,sales@polarisbriefhub.io,https://www.polarisbriefhub.io,493,Phoenix,US,2026-06-07 01:47:43
2026-06-07,LMS,CrestMentorLogic,+18608796193,sales@crestmentorlogic.com,https://www.crestmentorlogic.com,68,Boston,US,2026-06-07 06:15:21
2026-06-07,MSP Platform,ApexMonitorSuite,330-476-3314,contact@apexmonitorsuite.co,https://www.apexmonitorsuite.co,1429,Calgary,CA,2026-06-07 01:31:38
2026-06-07,ERP,Ridge OpsSphere,(912) 965-9123,contact@ridgeopssphere.com,https://www.ridgeopssphere.com,96,Calgary,CA,2026-06-07 03:54:28
2026-06-07,MSP Platform,AltaEndpoint Platform,(338) 888-7988,info@altaendpointplatform.com,https://www.altaendpointplatform.com,557,Phoenix,US,2026-06-07 03:11:19
2026-06-07,MSP Platform,KeystoneRemoteDesk,917.421.8173,hello@keystoneremotedesk.io,https://keystoneremotedesk.io,38,Boston,US,2026-06-07 06:18:39
2026-06-07,Medical,SilverTriageLogic,+13638739913,sales@silvertriagelogic.com,https://silvertriagelogic.com,92,Islamabad,PK,2026-06-07 03:17:46
2026-06-07,MSP Platform,Halo GridApp,867-805-7350,info@halogridapp.com,https://halogridapp.com,12,Boston,US,2026-06-07 01:14:07
2026-06-07,HR,Atlas TeamLogic,4839041967,info@atlasteamlogic.com,https://www.atlasteamlogic.com,26,Columbus,US,2026-06-07 05:38:02
2026-06-07,Medical,Golden ClinicCloud,(949) 874-1244,contact@goldencliniccloud.com,goldencliniccloud.com,89,Denver,US,2026-06-07 01:23:07
2026-06-07,ERP,Solid PlanSync,(736) 732-1413,hello@solidplansync.com,https://www.solidplansync.com,211,Austin,US,2026-06-07 02:07:49
2026-06-07,ERP,ZenForge Soft,+14762456888,contact@zenforgesoft.com,https://zenforgesoft.com,12,Pune,IN,2026-06-07 04:00:19
2026-06-07,MSP Platform,Meta TicketDesk,348.878.9611,info@metaticketdesk.com,https://www.metaticketdesk.com,15,Seattle,US,2026-06-07 06:17:49
2026-06-07,Medical,Clear Pulse Recruiting,+1 (386) 575-1451,contact@clearpulserecruiting.com,https://www.clearpulserecruiting.com,988,Atlanta,US,2026-06-07 02:07:58
2026-06-07,ERP,Willow PlanCloud,(505) 716-4446,hello@willowplancloud.com,https://www.willowplancloud.com,238,Denver,US,2026-06-07 05:48:13
2026-06-07,MSP Platform,SummitUptime Systems,+1 (858) 666-4559,contact@summituptimesystems.co,https://www.summituptimesystems.co,375,Tampa,US,2026-06-07 04:56:58
2026-06-07,Medical,North ClinicSuite,1-740-476-3399,sales@northclinicsuite.com,https://northclinicsuite.com,6,Seattle,US,2026-06-07 04:08:13
2026-06-07,HR,IronTeam Systems,(774) 877-5856,info@ironteamsystems.io,https://ironteamsystems.io,8,Amsterdam,NL,2026-06-07 04:49:58
2026-06-07,Legal,ArchCounsel Logic,+17819943587,sales@archcounsellogic.com,https://www.archcounsellogic.com,118,Raleigh,US,2026-06-07 06:50:09
2026-06-07,ERP,PivotOrder Systems,+12612664602,hello@pivotordersystems.com,https://www.pivotordersystems.com,158,Seattle,US,2026-06-07 06:08:02
2026-06-07,Legal,Clear Counsel Manpower Services,(552) 472-6468,sales@clearcounselmanpowerservices.com,https://www.clearcounselmanpowerservices.com,5,Atlanta,US,2026-06-07 01:13:21
2026-06-07,Legal,CrestBriefPlatform,8005135405,info@crestbriefplatform.co,https://www.crestbriefplatform.co,32,Denver,US,2026-06-07 02:15:01
2026-06-07,Medical,SableRx’s Labs,7883677673 ext. 81,contact@sablerxlabs.com,https://www.sablerxlabs.com,31,Tampa,US,2026-06-07 02:46:28
2026-06-07,ERP,HaloForgeDynamics,+18994006288,sales@haloforgedynamics.com,haloforgedynamics.com,241,Sydney,AU,2026-06-07 03:20:09
2026-06-07,Medical,UmbraCare Platform,6525174806,hello@umbracareplatform.com,https://www.umbracareplatform.com,293,Dublin,IE,2026-06-07 02:32:46
2026-06-07,Medical,HaloPatientApp,06075332065,info@halopatientapp.io,https://www.halopatientapp.io,9,Bengaluru,IN,2026-06-07 02:00:06
2026-06-07,Legal,Sable ClauseDesk,(245) 785-2252,info@sableclausedesk.com,https://sableclausedesk.com,20,Phoenix,US,2026-06-07 06:26:59
2026-06-07,Medical,JuniperPulse App,(979) 819-0635,info@juniperpulseapp.net,https://juniperpulseapp.net,1171,Leeds,UK,2026-06-07 01:45:42
2026-06-07,LMS,Orbit CourseLogic,(783) 522-7911,contact@orbitcourselogic.com,https://www.orbitcourselogic.com,18,Toronto,CA,2026-06-07 02:59:43
2026-06-07,Legal,AltaFiling Works,+16147486404,info@altafilingworks.com,altafilingworks.com,41,Lahore,PK,2026-06-07 04:06:17
2026-06-07,ERP,QuantumResource Hub,+1 (630) 827-2664,info@quantumresourcehub.com,https://www.quantumresourcehub.com,2283,Amsterdam,NL,2026-06-07 04:56:02
2026-06-07,ERP,XenonResource Sphere,1-776-743-9837,info@xenonresourcesphere.io,https://www.xenonresourcesphere.io,987,Phoenix,US,2026-06-07 04:34:12
2026-06-07,HR,Quantum PeopleCore,9863478281,sales@quantumpeoplecore.com,https://www.quantumpeoplecore.com,728,Raleigh,US,2026-06-07 02:53:26
2026-06-07,Medical,JuniperTriageSync,+1 (529) 369-3644 ext. 28,sales@junipertriagesync.com,https://junipertriagesync.com,18,Singapore,SG,2026-06-07 04:03:11
2026-06-07,Medical,JuniperMedApp,760-207-7979,contact@junipermedapp.co,https://www.junipermedapp.co,199,Calgary,CA,2026-06-07 06:00:43
2026-06-07,ERP,Cedar Forge Consultants,9863054792,hello@cedarforgeconsultants.io,https://www.cedarforgeconsultants.io,64,Seattle,US,2026-06-07 01:12:10
2026-06-07,MSP Platform,Crown UptimeTech,(232) 251-0240,hello@crownuptimetech.net,https://www.crownuptimetech.net,360,Leeds,UK,2026-06-07 06:56:20
2026-06-07,MSP Platform,HarborPatchSystems,942.313.0215,sales@harborpatchsystems.com,harborpatchsystems.com,19,Raleigh,US,2026-06-07 04:08:06
2026-06-07,Legal,NorthCase Dynamics,9706619864,sales@northcasedynamics.com,https://www.northcasedynamics.com,10,Denver,US,2026-06-07 03:37:39
2026-06-07,HR,GranitePerformDesk,481-905-3017,hello@graniteperformdesk.co,graniteperformdesk.co,471,Phoenix,US,2026-06-07 06:24:52
2026-06-07,Legal,Vertex LawApp,+1 (977) 911-4095,info@vertexlawapp.co,https://vertexlawapp.co,21,Atlanta,US,2026-06-07 02:54:08
2026-06-07,HR,North OnboardHub,+16847556532,contact@northonboardhub.net,https://northonboardhub.net,31,Vancouver,CA,2026-06-07 05:43:59
2026-06-07,HR,CrestTeam Soft,+16913171826,info@crestteamsoft.com,crestteamsoft.com,361,Atlanta,US,2026-06-07 04:45:47
2026-06-07,Medical,LumenPatient Cloud,(370) 990-5311,contact@lumenpatientcloud.io,https://lumenpatientcloud.io,61,Boston,US,2026-06-07 05:43:41
2026-06-07,ERP,Delta OpsDynamics,(375) 503-6583,hello@deltaopsdynamics.com,https://www.deltaopsdynamics.com,50,Chicago,US,2026-06-07 02:55:41
2026-06-07,MSP Platform,HarborMonitorLogic,1-780-979-5080,hello@harbormonitorlogic.com,https://www.harbormonitorlogic.com,848,Denver,US,2026-06-07 05:14:26
2026-06-07,Medical,PrimeChartPoint,433-603-7223,sales@primechartpoint.com,primechartpoint.com,19,Tampa,US,2026-06-07 06:29:07
2026-06-07,ERP,ApexResource Cloud,+19276719889,sales@apexresourcecloud.com,https://www.apexresourcecloud.com,961,Pune,IN,2026-06-07 04:42:52
2026-06-07,Legal,RidgeFiling Solutions,1-567-619-9659,sales@ridgefilingsolutions.co,ridgefilingsolutions.co,73,Dublin,IE,2026-06-07 03:19:44
2026-06-07,HR,OmniPeopleLabs,(358) 472-5605,sales@omnipeoplelabs.com,https://www.omnipeoplelabs.com,7,Denver,US,2026-06-07 06:12:05
2026-06-07,Medical,NimbusClinic Labs,6035738099,sales@nimbuscliniclabs.io,https://www.nimbuscliniclabs.io,56,London,UK,2026-06-07 03:17:07
2026-06-07,Medical,EmberRx Dynamics,+18148121137,info@emberrxdynamics.io,https://www.emberrxdynamics.io,29,Boston,US,2026-06-07 04:58:58
2026-06-07,ERP,CedarLedger App,(902) 715-3480,hello@cedarledgerapp.io,https://www.cedarledgerapp.io,32,Phoenix,US,2026-06-07 04:16:32
2026-06-07,Medical,Beacon ChartDesk,231.511.2112,hello@beaconchartdesk.com,https://www.beaconchartdesk.com,4235,Boston,US,2026-06-07 04:33:24
2026-06-07,Medical,Bold RxSync,6158686603,sales@boldrxsync.com,https://boldrxsync.com,16,Columbus,US,2026-06-07 01:31:51
2026-06-07,MSP Platform,BeaconRemote Suite,7685146634 ext. 26,sales@beaconremotesuite.com,https://www.beaconremotesuite.com,465,Dublin,IE,2026-06-07 01:20:22
2026-06-07,ERP,IndigoChain Hub,453-533-0866,hello@indigochainhub.com,https://www.indigochainhub.com,15,Columbus,US,2026-06-07 02:24:54
2026-06-07,Legal,GraniteCaseLogic,760-471-8286 ext. 90,info@granitecaselogic.com,https://www.granitecaselogic.com,4344,Austin,US,2026-06-07 03:47:01
2026-06-07,Legal,Golden LawCloud,756-681-2648,contact@goldenlawcloud.com,https://www.goldenlawcloud.com,125,Raleigh,US,2026-06-07 03:58:00
2026-06-07,Medical,Pioneer PulseDynamics,(831) 883-0622,contact@pioneerpulsedynamics.com,https://www.pioneerpulsedynamics.com,81,Seattle,US,2026-06-07 05:08:21
2026-06-07,ERP,CedarStock Desk,+14755282702,contact@cedarstockdesk.com,https://cedarstockdesk.com,4202,London,UK,2026-06-07 06:57:02
2026-06-07,Medical,FalconMed Desk,1-887-592-2295,contact@falconmeddesk.io,https://www.falconmeddesk.io,11,Denver,US,2026-06-07 05:01:23
2026-06-07,HR,LumenBenefit Desk,(220) 781-3326,info@lumenbenefitdesk.io,https://www.lumenbenefitdesk.io,4679,Amsterdam,NL,2026-06-07 05:36:54
2026-06-07,Medical,ZenPulse Platform,876-561-3831,contact@zenpulseplatform.com,https://www.zenpulseplatform.com,65,Leeds,UK,2026-06-07 06:18:04
2026-06-07,ERP,Quantum FinLogic,750-555-6030 ext. 23,sales@quantumfinlogic.com,https://www.quantumfinlogic.com,19,Columbus,US,2026-06-07 05:55:50
2026-06-07,MSP Platform,True PatchDynamics,3046695706 ext. 53,sales@truepatchdynamics.io,truepatchdynamics.io,35,Tampa,US,2026-06-07 06:44:41
2026-06-07,ERP,Nova BatchBase,1-504-902-3082,info@novabatchbase.com,https://novabatchbase.com,138,Tampa,US,2026-06-07 03:10:27
2026-06-07,Medical,Onyx PulseCloud,+1 (834) 286-1273,sales@onyxpulsecloud.com,https://www.onyxpulsecloud.com,42,Austin,US,2026-06-07 04:26:15
2026-06-07,HR,NovaRosterLogic,(297) 635-4365 ext. 5,hello@novarosterlogic.com,https://www.novarosterlogic.com,341,Denver,US,2026-06-07 02:33:55
2026-06-07,MSP Platform,UmbraUptimePoint,+1 (312) 845-0454,hello@umbrauptimepoint.com,https://umbrauptimepoint.com,143,Islamabad,PK,2026-06-07 05:50:25
2026-06-07,HR,CrownBenefitTech,868-460-2825,sales@crownbenefittech.io,https://www.crownbenefittech.io,21,Denver,US,2026-06-07 02:20:26
2026-06-07,HR,SummitTeamDynamics,222-745-8700,contact@summitteamdynamics.io,https://summitteamdynamics.io,82,Atlanta,US,2026-06-07 02:52:35
2026-06-07,HR,IronOnboardDesk,3337853308,info@irononboarddesk.com,https://irononboarddesk.com,2426,Tampa,US,2026-06-07 05:52:08
2026-06-07,HR,Rapid OnboardFlow,7965605051,hello@rapidonboardflow.co,rapidonboardflow.co,19,Atlanta,US,2026-06-07 04:58:27
2026-06-07,Legal,PioneerLaw Core,(416) 582-0682 ext. 97,hello@pioneerlawcore.com,pioneerlawcore.com,136,Atlanta,US,2026-06-07 04:07:37
2026-06-07,ERP,Apex ChainSoft,+17695435252,contact@apexchainsoft.com,https://apexchainsoft.com,233,Singapore,SG,2026-06-07 01:36:11
2026-06-07,LMS,GoldenCourse Systems,293-778-9861,hello@goldencoursesystems.com,https://goldencoursesystems.com,284,Austin,US,2026-06-07 05:56:48
2026-06-07,Legal,SolidDocketBase,1-360-775-1892,hello@soliddocketbase.net,https://www.soliddocketbase.net,46,Columbus,US,2026-06-07 06:02:36
2026-06-07,MSP Platform,TidalUptimeTech,8949440511,sales@tidaluptimetech.net,https://www.tidaluptimetech.net,437,Boston,US,2026-06-07 01:46:04
2026-06-07,Medical,CrestPatientDynamics,1-888-388-4070,contact@crestpatientdynamics.co,https://crestpatientdynamics.co,97,Chicago,US,2026-06-07 03:23:54
2026-06-07,ERP,Beacon ForgeCloud,+1 (812) 813-0021,sales@beaconforgecloud.io,https://www.beaconforgecloud.io,62,Phoenix,US,2026-06-07 02:19:30
2026-06-07,Medical,CedarPatientSolutions,+16714271240,contact@cedarpatientsolutions.com,cedarpatientsolutions.com,580,Austin,US,2026-06-07 02:13:42
2026-06-07,ERP,Nova ForgéTech,+15493546554,hello@novaforgetech.net,https://www.novaforgetech.net,48,Columbus,US,2026-06-07 06:18:36
2026-06-07,MSP Platform,HaloUptime Logic,+1 (777) 774-4757,hello@halouptimelogic.com,halouptimelogic.com,97,Calgary,CA,2026-06-07 04:00:45
2026-06-07,Medical,Harbor RxCore,+18902992420,contact@harborrxcore.com,https://harborrxcore.com,117,Tampa,US,2026-06-07 04:12:48
2026-06-07,Medical,CobaltVital Tech,+17016243834,hello@cobaltvitaltech.com,https://www.cobaltvitaltech.com,7,Seattle,US,2026-06-07 03:11:06
2026-06-07,Legal,ZephyrCompli Base,847.713.4449,sales@zephyrcomplibase.com,https://www.zephyrcomplibase.com,2082,Tampa,US,2026-06-07 01:48:18
2026-06-07,ERP,MetaPlanPlatform,1-401-912-1717 ext. 30,-,https://www.metaplanplatform.com,12,Austin,US,2026-06-07 02:37:42
2026-06-07,HR,CrestCulture Hub,678-846-5475,sales@crestculturehub.io,https://www.crestculturehub.io,155,Hyderabad,IN,2026-06-07 02:14:42
2026-06-07,Medical,Golden HealthCloud,1-882-919-8378,hello@goldenhealthcloud.net,https://www.goldenhealthcloud.net,20,Seattle,US,2026-06-07 05:25:29
2026-06-07,Medical,IronTriageLogic,591-577-3525,info@irontriagelogic.com,https://www.irontriagelogic.com,77,Dublin,IE,2026-06-07 02:42:18
2026-06-07,Medical,TidalHealthSystems,958.861.9811,sales@tidalhealthsystems.io,https://www.tidalhealthsystems.io,28,Seattle,US,2026-06-07 03:26:54
2026-06-07,ERP,Crest StockLogic,957-409-0194 ext. 90,sales@creststocklogic.com,https://creststocklogic.com,18,Phoenix,US,2026-06-07 02:18:30
2026-06-07,HR,RidgewayTeam App,519.494.0967,hello@ridgewayteamapp.com,ridgewayteamapp.com,15,Chicago,US,2026-06-07 06:17:18
2026-06-07,HR,True PayrollTech,+19797621649,sales@truepayrolltech.com,https://truepayrolltech.com,323,Denver,US,2026-06-07 04:50:47
2026-06-07,ERP,PivotForgeSync,(937) 661-4978,hello@pivotforgesync.net,https://www.pivotforgesync.net,463,Melbourne,AU,2026-06-07 03:54:50
2026-06-07,MSP Platform,Halo TicketCore,+15919165460,hello@haloticketcore.co,https://www.haloticketcore.co,3622,Seattle,US,2026-06-07 02:21:19
2026-06-07,Medical,Iron PulseLabs,368.884.0718,null,https://www.ironpulselabs.com,497,Columbus,US,2026-06-07 04:07:30
2026-06-07,Medical,SummitRx Works,1-639-831-4016,info@summitrxworks.io,https://www.summitrxworks.io,330,Melbourne,AU,2026-06-07 06:56:23
2026-06-07,MSP Platform,Arch RemoteSolutions,+17212448830,info@archremotesolutions.com,https://archremotesolutions.com,317,London,UK,2026-06-07 04:47:58
2026-06-07,HR,FusionPayrollSystems,790.809.2263,contact@fusionpayrollsystems.io,https://www.fusionpayrollsystems.io,66,Manchester,UK,2026-06-07 03:48:15
2026-06-07,Medical,RavenMedSphere,549-670-9304,hello@ravenmedsphere.com,https://www.ravenmedsphere.com,54,Calgary,CA,2026-06-07 06:09:29
2026-06-07,Medical,GoldenClinicCloud,+13828283733,info@goldencliniccloud.co,https://goldencliniccloud.co,45,Chicago,US,2026-06-07 02:08:38
2026-06-07,Legal,JuniperBriefTech,936.303.1578,contact@juniperbrieftech.io,juniperbrieftech.io,5,Chicago,US,2026-06-07 03:13:00
2026-06-07,HR,Pioneer Culture Consulting Group,311.324.4937,info@pioneercultureconsultinggroup.com,https://www.pioneercultureconsultinggroup.com,621,London,UK,2026-06-07 04:27:23
2026-06-07,Medical,Tidal ChartCore,(937) 394-3154,info@tidalchartcore.net,tidalchartcore.net,431,Vancouver,CA,2026-06-07 01:20:54
2026-06-07,ERP,CrownFinPlatform,+13192900794,sales@crownfinplatform.com,https://crownfinplatform.com,4470,Singapore,SG,2026-06-07 01:07:02
2026-06-07,Medical,AnchorHealth Point,1-598-464-1101,info@anchorhealthpoint.co,https://www.anchorhealthpoint.co,648,-,US,2026-06-07 03:43:58
2026-06-07,Medical,NovaRx Hub,1-593-245-7670,sales@novarxhub.io,https://novarxhub.io,17,Melbourne,AU,2026-06-07 01:22:53
2026-06-07,Medical,ZenPulse Logic,07458183427,hello@zenpulselogic.com,https://zenpulselogic.com,713,Seattle,US,2026-06-07 05:13:53
2026-06-07,HR,OmniShiftSystems,1-555-942-4179,contact@omnishiftsystems.io,https://omnishiftsystems.io,37,Columbus,US,2026-06-07 04:04:59
2026-06-07,HR,IronTeamWorks,3732650832,info@ironteamworks.io,https://ironteamworks.io,null,Toronto,CA,2026-06-07 02:59:02
2026-06-07,ERP,Crest PlanBase,(429) 764-8021,contact@crestplanbase.com,https://www.crestplanbase.com,4630,London,UK,2026-06-07 03:34:00
2026-06-07,HR,Omni TalentSystems,760-969-1572,sales@omnitalentsystems.com,https://www.omnitalentsystems.com,37,Seattle,US,2026-06-07 02:48:15
2026-06-07,ERP,ZenFinSystems,2096804042,sales@zenfinsystems.com,zenfinsystems.com,409,Manchester,UK,2026-06-07 04:44:38
2026-06-07,Medical,Nimbus HealthFlow,275.501.1054,sales@nimbushealthflow.io,https://www.nimbushealthflow.io,15,Leeds,UK,2026-06-07 01:27:47
2026-06-07,ERP,Xenon ResourceSystems,+15704124676,hello@xenonresourcesystems.co,https://xenonresourcesystems.co,null,Tampa,US,2026-06-07 06:00:18
2026-06-07,Medical,DeltaMed Point,(683) 812-1338,info@deltamedpoint.io,https://www.deltamedpoint.io,17,Berlin,DE,2026-06-07 03:56:36
2026-06-07,Medical,AnchorRxHub,642.272.8773,contact@anchorrxhub.com,https://www.anchorrxhub.com,32,Columbus,US,2026-06-07 04:17:29
2026-06-07,ERP,XenonForge Works,(811) 950-0538,info@xenonforgeworks.io,https://www.xenonforgeworks.io,35,Chicago,US,2026-06-07 05:23:07
2026-06-07,Medical,GoldenPatientDynamics,636-981-6100,sales@goldenpatientdynamics.net,https://goldenpatientdynamics.net,72,Vancouver,CA,2026-06-07 05:21:23
2026-06-07,MSP Platform,VistaUptimeFlow,710.383.3066,sales@vistauptimeflow.com,vistauptimeflow.com,86,Tampa,US,2026-06-07 05:46:08
2026-06-07,Legal,NorthCounselHub,+14722320924,info@northcounselhub.com,https://www.northcounselhub.com,44,Singapore,SG,2026-06-07 03:18:34
2026-06-07,Legal,Bright ClauseLabs,+17102497395,info@brightclauselabs.io,brightclauselabs.io,77,Columbus,US,2026-06-07 02:04:24
2026-06-07,ERP,HaloBatch Tech,(506) 938-0905,info@halobatchtech.com,https://halobatchtech.com,1145,Atlanta,US,2026-06-07 02:46:16
2026-06-07,Legal,Nova CompliPoint,+15057556181,sales@novacomplipoint.io,https://novacomplipoint.io,470,Raleigh,US,2026-06-07 01:07:16
2026-06-07,Medical,AtlasCare Labs,330-817-7177,contact@atlascarelabs.com,https://www.atlascarelabs.com,475,Atlanta,US,2026-06-07 05:00:40
2026-06-07,MSP Platform,Prime PatchSolutions,+13998258180,sales@primepatchsolutions.com,https://www.primepatchsolutions.com,431,Tampa,US,2026-06-07 06:24:13
2026-06-07,MSP Platform,SolidPatch Dynamics,+18863141598,contact@solidpatchdynamics.com,https://www.solidpatchdynamics.com,24,Phoenix,US,2026-06-07 01:26:43
2026-06-07,ERP,Pivot ResourceHub,1-490-325-1326,null,https://pivotresourcehub.io,57,Melbourne,AU,2026-06-07 01:59:43
2026-06-07,HR,MosaicCulture Desk,7524445950 ext. 82,info@mosaicculturedesk.io,https://mosaicculturedesk.io,26,Denver,US,2026-06-07 06:02:19
2026-06-07,Medical,Anchor MedSphere,8574189725,sales@anchormedsphere.com,https://www.anchormedsphere.com,229,Denver,US,2026-06-07 05:06:58
2026-06-07,LMS,Summit Mentor Talent Agency,(589) 477-5535,sales@summitmentortalentagency.net,https://www.summitmentortalentagency.net,10,Seattle,US,2026-06-07 03:08:49
2026-06-07,ERP,Bold PlanPlatform,852.282.5696,info@boldplanplatform.com,https://www.boldplanplatform.com,152,Denver,US,2026-06-07 06:47:18
2026-06-07,HR,Silver RosterLogic,676-314-4629,contact@silverrosterlogic.com,https://www.silverrosterlogic.com,156,Denver,US,2026-06-07 01:37:31
2026-06-07,ERP,Bright OrderSystems,(834) 238-4212,N/A,https://brightordersystems.com,104,Lahore,PK,2026-06-07 02:31:31
2026-06-07,ERP,Solid StockSystems,(958) 374-9732,info@solidstocksystems.com,https://www.solidstocksystems.com,33,Bengaluru,IN,2026-06-07 06:50:54
2026-06-07,MSP Platform,RidgeTicket Dynamics,+1 (696) 823-6814,sales@ridgeticketdynamics.com,https://ridgeticketdynamics.com,157,Chicago,US,2026-06-07 05:22:11
2026-06-07,Medical,Velo VitalPlatform,(456) 736-6641,info@velovitalplatform.io,velovitalplatform.io,18,Columbus,US,2026-06-07 03:17:28
2026-06-07,Legal,Falcon CaseApp,(936) 300-9048,hello@falconcaseapp.com,https://www.falconcaseapp.com,42,Phoenix,US,2026-06-07 04:55:15
2026-06-07,Medical,Apex VitalSoft,770.365.3582,hello@apexvitalsoft.net,https://www.apexvitalsoft.net,78,Austin,US,2026-06-07 05:39:15
2026-06-07,ERP,Nova OrderSync,06832937979,info@novaordersync.com,https://www.novaordersync.com,274,Boston,US,2026-06-07 04:34:15
2026-06-07,Legal,LumenCaseSoft,2623728921,hello@lumencasesoft.com,https://www.lumencasesoft.com,,London,UK,2026-06-07 04:58:26
2026-06-07,Legal,Solid FilingFlow,+16314607831,sales@solidfilingflow.net,https://www.solidfilingflow.net,19,Bengaluru,IN,2026-06-07 05:47:05
2026-06-07,HR,CedarTalent Works,7717755369,info@cedartalentworks.com,https://cedartalentworks.com,44,Seattle,US,2026-06-07 05:25:51
2026-06-07,ERP,ClearResource Suite,(249) 412-8741,info@clearresourcesuite.net,https://www.clearresourcesuite.net,176,Dublin,IE,2026-06-07 01:12:28
2026-06-07,LMS,FalconCourseSoft,(340) 887-2226,hello@falconcoursesoft.io,https://www.falconcoursesoft.io,73,Manchester,UK,2026-06-07 02:28:55
2026-06-07,LMS,Silver CourseTech,7369986602,sales@silvercoursetech.io,https://www.silvercoursetech.io,6,Columbus,US,2026-06-07 06:55:57
2026-06-07,Medical,Onyx CareLogic,318-269-2774,info@onyxcarelogic.net,https://www.onyxcarelogic.net,5,Bengaluru,IN,2026-06-07 04:15:17
2026-06-07,MSP Platform,FusionMonitorFlow,417.219.0417,hello@fusionmonitorflow.com,https://www.fusionmonitorflow.com,73,London,UK,2026-06-07 06:15:52
2026-06-07,ERP,RidgeForgePlatform,8682353564,contact@ridgeforgeplatform.com,https://www.ridgeforgeplatform.com,83,Leeds,UK,2026-06-07 05:58:50
2026-06-07,MSP Platform,IndigoStackSphere,+13452422438,contact@indigostacksphere.com,https://www.indigostacksphere.com,56,Toronto,CA,2026-06-07 01:46:16
2026-06-07,MSP Platform,FusionStackCloud,1-274-266-5700,sales@fusionstackcloud.com,fusionstackcloud.com,4123,Dublin,IE,2026-06-07 04:06:45
2026-06-07,MSP Platform,OrbitStackSoft,1-855-203-7971,hello@orbitstacksoft.com,https://orbitstacksoft.com,9,Leeds,UK,2026-06-07 05:07:44
2026-06-07,HR,TidalPayroll Works,884-437-3106,-,https://www.tidalpayrollworks.io,81,Boston,US,2026-06-07 05:00:46
2026-06-07,ERP,VistaBatch Hub,976-285-1920,hello@vistabatchhub.io,vistabatchhub.io,19,Amsterdam,NL,2026-06-07 01:05:58
2026-06-07,Medical,NorthTriage Hub,678-537-0292 ext. 59,contact@northtriagehub.com,https://www.northtriagehub.com,32,Boston,US,2026-06-07 06:25:48
2026-06-07,LMS,CoreLesson Works,+1 (725) 751-9084,hello@corelessonworks.com,https://www.corelessonworks.com,296,Phoenix,US,2026-06-07 05:09:25
2026-06-07,ERP,Bold FinTech,1-777-213-6033,info@boldfintech.com,boldfintech.com,368,Boston,US,2026-06-07 05:23:37
2026-06-07,Legal,AltaCase Solutions,819-681-4243,contact@altacasesolutions.com,https://www.altacasesolutions.com,52,,US,2026-06-07 04:34:55
2026-06-07,MSP Platform,BoldNodeDynamics,1-954-505-3700,sales@boldnodedynamics.com,https://www.boldnodedynamics.com,23,London,UK,2026-06-07 01:21:57
2026-06-07,Legal,NorthBrief Point,(575) 750-3121,info@northbriefpoint.com,https://www.northbriefpoint.com,222,Boston,US,2026-06-07 06:33:26
2026-06-07,LMS,RavenTutorSystems,(762) 477-8537,contact@raventutorsystems.io,https://www.raventutorsystems.io,7,Denver,US,2026-06-07 03:44:20
2026-06-07,HR,Raven PeopleApp,1-907-927-1026,sales@ravenpeopleapp.com,https://www.ravenpeopleapp.com,76,Chicago,US,2026-06-07 02:10:54
2026-06-07,ERP,Xenon OpsSuite,(207) 208-7280,contact@xenonopssuite.io,https://www.xenonopssuite.io,154,Singapore,SG,2026-06-07 04:39:42
2026-06-07,HR,Zephyr TeamLogic,(584) 337-8614,info@zephyrteamlogic.com,https://zephyrteamlogic.com,N/A,Seattle,US,2026-06-07 05:53:56
2026-06-07,ERP,HarborFin Tech,(556) 339-1626,N/A,harborfintech.com,246,Bengaluru,IN,2026-06-07 02:06:33
2026-06-07,Medical,PrimeChartSoft’s,+12495047353 ext. 57,contact@primechartsoft.com,https://www.primechartsoft.com,19,Pune,IN,2026-06-07 01:07:28
2026-06-07,HR,Fusion OnboardFlow,832-502-6012,info@fusiononboardflow.io,https://www.fusiononboardflow.io,3766,Phoenix,US,2026-06-07 05:50:27
2026-06-07,HR,EmberShift Solutions,9147864264,hello@embershiftsolutions.io,embershiftsolutions.io,36,Columbus,US,2026-06-07 02:04:15
2026-06-07,HR,Omni TalentPlatform,1-561-884-2911 ext. 35,info@omnitalentplatform.com,https://www.omnitalentplatform.com,69,Phoenix,US,2026-06-07 05:19:35
2026-06-07,Medical,BoldPatient Dynamics,(646) 291-8147,contact@boldpatientdynamics.com,https://www.boldpatientdynamics.com,96,Austin,US,2026-06-07 01:22:23
2026-06-07,HR,MetaPerformTech,02837483932 ext. 27,hello@metaperformtech.net,https://www.metaperformtech.net,109,Bengaluru,IN,2026-06-07 03:47:52
2026-06-07,HR,Vertex PerformFlow,956.864.8273 ext. 22,hello@vertexperformflow.com,https://www.vertexperformflow.com,48,Seattle,US,2026-06-07 04:59:49
2026-06-07,Medical,PioneerPulse Labs,7039132372,info@pioneerpulselabs.co,https://pioneerpulselabs.co,12,Denver,US,2026-06-07 05:11:15
2026-06-07,Legal,Cobalt DocketFlow,960-489-7853,hello@cobaltdocketflow.com,https://www.cobaltdocketflow.com,1823,Seattle,US,2026-06-07 01:08:12
2026-06-07,HR,Indigo OnboardSoft,(773) 769-2208,sales@indigoonboardsoft.net,https://indigoonboardsoft.net,487,Manchester,UK,2026-06-07 05:12:04
2026-06-07,Medical,Polaris MedPoint,(983) 953-8336,contact@polarismedpoint.io,https://polarismedpoint.io,7,Boston,US,2026-06-07 02:53:39
2026-06-07,MSP Platform,Quartz NetHub,+15045513476,info@quartznethub.com,quartznethub.com,214,Munich,DE,2026-06-07 05:03:19
2026-06-07,Legal,Core ClauseSync,(857) 864-8312 ext. 49,info@coreclausesync.io,https://www.coreclausesync.io,7,Seattle,US,2026-06-07 02:16:45
2026-06-07,Legal,Delta MatterSystems,(275) 970-4567,hello@deltamattersystems.io,https://www.deltamattersystems.io,564,Columbus,US,2026-06-07 05:45:52
2026-06-07,MSP Platform,NovaGrid Solutions,+1 (809) 400-0346,contact@novagridsolutions.co,https://www.novagridsolutions.co,32,Raleigh,US,2026-06-07 05:25:09
2026-06-07,Medical,Falcon VitalSphere,+12925521450,contact@falconvitalsphere.co,https://www.falconvitalsphere.co,32,Karachi,PK,2026-06-07 06:24:12
2026-06-07,HR,CrownShiftSolutions,5385878914,contact@crownshiftsolutions.com,https://www.crownshiftsolutions.com,99,Singapore,SG,2026-06-07 04:41:19
2026-06-07,ERP,Vertex OpsSolutions,(380) 873-2153,info@vertexopssolutions.co,https://vertexopssolutions.co,9,Lahore,PK,2026-06-07 03:05:29
2026-06-07,ERP,BeaconBatchWorks,+19353812308,sales@beaconbatchworks.com,beaconbatchworks.com,89,Raleigh,US,2026-06-07 01:08:32
2026-06-07,HR,Bright PerformLogic,(319) 487-1519,hello@brightperformlogic.com,https://www.brightperformlogic.com,76,Boston,US,2026-06-07 01:46:20
2026-06-07,Medical,Solid MedSystems,(887) 336-3424,info@solidmedsystems.com,https://solidmedsystems.com,10,Denver,US,2026-06-07 04:20:53
2026-06-07,ERP,BeaconChainSystems,8997339225,sales@beaconchainsystems.com,https://www.beaconchainsystems.com,51,Phoenix,US,2026-06-07 05:58:00
2026-06-07,HR,Halo OnboardBase,650-766-6055,hello@haloonboardbase.io,https://www.haloonboardbase.io,37,Toronto,CA,2026-06-07 05:19:07
2026-06-07,HR,Velo Perform Staffing,227.298.4788,hello@veloperformstaffing.io,https://veloperformstaffing.io,109,Toronto,CA,2026-06-07 04:22:50
2026-06-07,Medical,PivotVitalApp,234.912.3214,info@pivotvitalapp.io,https://www.pivotvitalapp.io,5,Columbus,US,2026-06-07 03:11:47
2026-06-07,HR,TrueTeam Cloud,06577679619 ext. 78,info@trueteamcloud.io,https://www.trueteamcloud.io,17,Atlanta,US,2026-06-07 03:59:04
2026-06-07,ERP,FalconPlanFlow,+16195418107,,https://www.falconplanflow.io,38,London,UK,2026-06-07 05:13:57
2026-06-07,HR,ArchPerform Works,601.461.9825,sales@archperformworks.com,https://www.archperformworks.com,5,Denver,US,2026-06-07 06:00:25
2026-06-07,HR,WillowTalentFlow’s,733.295.1851,info@willowtalentflow.com,https://www.willowtalentflow.com,89,Tampa,US,2026-06-07 04:58:00
2026-06-07,Medical,BoldClinic Platform,+1 (213) 230-0009,hello@boldclinicplatform.co,https://www.boldclinicplatform.co,452,Berlin,DE,2026-06-07 06:13:45
2026-06-07,ERP,CoreBatchCore,486.851.7760,sales@corebatchcore.io,https://www.corebatchcore.io,8,Raleigh,US,2026-06-07 04:13:21
2026-06-07,Medical,Solid PulseDesk,663-889-9924 ext. 85,contact@solidpulsedesk.com,https://www.solidpulsedesk.com,392,Austin,US,2026-06-07 05:35:07
2026-06-07,LMS,ZéphyrTutorDesk,(667) 672-2201,contact@zephyrtutordesk.co,https://zephyrtutordesk.co,17,Phoenix,US,2026-06-07 01:50:16
2026-06-07,MSP Platform,Solid GridLabs,+16298226055,info@solidgridlabs.com,https://solidgridlabs.com,806,Columbus,US,2026-06-07 01:08:50
2026-06-07,MSP Platform,OmniGrid Works,(892) 418-6530,hello@omnigridworks.co,https://omnigridworks.co,720,Karachi,PK,2026-06-07 06:58:48
2026-06-07,Legal,PivotDocketSolutions,1-581-674-0355,hello@pivotdocketsolutions.net,https://www.pivotdocketsolutions.net,67,Austin,US,2026-06-07 04:42:48
2026-06-07,Medical,VistaVitalSoft,(862) 282-5588,sales@vistavitalsoft.com,https://www.vistavitalsoft.com,128,London,UK,2026-06-07 05:04:37
2026-06-07,MSP Platform,VeloEndpoint Labs,09214185071,hello@veloendpointlabs.com,veloendpointlabs.com,91,Tampa,US,2026-06-07 04:11:16
2026-06-07,MSP Platform,Golden NodeSuite,1-882-340-5277,info@goldennodesuite.com,goldennodesuite.com,449,Atlanta,US,2026-06-07 05:48:39
2026-06-07,ERP,Quantum Ledger Talent Agency,+17678341998 ext. 44,contact@quantumledgertalentagency.com,https://quantumledgertalentagency.com,13,Boston,US,2026-06-07 02:08:03
2026-06-07,HR,HarborTeam Point,02892458029,contact@harborteampoint.com,https://www.harborteampoint.com,362,Singapore,SG,2026-06-07 06:24:18
2026-06-07,Medical,Nova PatientSoft,(406) 526-2986,sales@novapatientsoft.com,https://novapatientsoft.com,465,Manchester,UK,2026-06-07 06:09:30
2026-06-07,Legal,BoldClause Cloud,(355) 844-0595,sales@boldclausecloud.com,https://www.boldclausecloud.com,433,Sydney,AU,2026-06-07 02:32:52
2026-06-07,MSP Platform,QuantumUptime App,(807) 330-9780,hello@quantumuptimeapp.co,https://quantumuptimeapp.co,70,Seattle,US,2026-06-07 05:17:42
2026-06-07,Medical,Lumen VitalSuite,+18159150056,hello@lumenvitalsuite.com,https://lumenvitalsuite.com,-,Boston,US,2026-06-07 06:29:44
2026-06-07,Legal,Alta VerdictHub,9104379120,contact@altaverdicthub.com,https://altaverdicthub.com,14,Islamabad,PK,2026-06-07 03:09:35
2026-06-07,MSP Platform,VistaEndpointPoint’s,+1 (544) 623-0935,info@vistaendpointpoint.co,https://www.vistaendpointpoint.co,42,Islamabad,PK,2026-06-07 03:55:17
2026-06-07,MSP Platform,RidgewayGridDesk,9395200960,sales@ridgewaygriddesk.com,ridgewaygriddesk.com,43,Dublin,IE,2026-06-07 02:52:02
2026-06-07,ERP,Cedar ResourceSync,+12184997807,sales@cedarresourcesync.com,https://www.cedarresourcesync.com,14,Seattle,US,2026-06-07 06:00:10
2026-06-07,ERP,KeystoneChainSphere,7083435331,,https://www.keystonechainsphere.com,385,Vancouver,CA,2026-06-07 05:44:52
2026-06-07,LMS,Vista TutorSphere,+14087168349,hello@vistatutorsphere.com,https://www.vistatutorsphere.com,6,Lahore,PK,2026-06-07 03:36:17
2026-06-07,ERP,Meta ResourceDynamics,779-381-3332,sales@metaresourcedynamics.com,https://www.metaresourcedynamics.com,184,Phoenix,US,2026-06-07 06:09:33
2026-06-07,Legal,Halo VerdictWorks,471-844-2440,N/A,haloverdictworks.com,594,Tampa,US,2026-06-07 03:05:11
2026-06-07,ERP,GoldenOrder Hub,450-732-5289,info@goldenorderhub.com,https://www.goldenorderhub.com,177,Austin,US,2026-06-07 05:19:27
2026-06-07,Legal,NimbusCompliFlow,+1 (858) 839-7489,hello@nimbuscompliflow.com,nimbuscompliflow.com,42,Tampa,US,2026-06-07 02:13:32
2026-06-07,LMS,Solid LedgerFlow,(960) 803-5977,sales@solidledgerflow.com,https://www.solidledgerflow.com,18,Toronto,CA,2026-06-07 04:40:00
2026-06-07,ERP,Willow StockCore,(540) 891-2739,hello@willowstockcore.com,https://www.willowstockcore.com,392,Seattle,US,2026-06-07 04:27:28
2026-06-07,ERP,Cobalt StockSuite,+1 (335) 349-3934,contact@cobaltstocksuite.io,https://www.cobaltstocksuite.io,689,Hyderabad,IN,2026-06-07 03:23:31
2026-06-07,ERP,RapidChain Suite,(319) 736-1159,contact@rapidchainsuite.com,https://rapidchainsuite.com,N/A,Raleigh,US,2026-06-07 03:24:34
2026-06-07,Legal,OrbitClauseDynamics,+14324868489,contact@orbitclausedynamics.com,https://www.orbitclausedynamics.com,13,Sydney,AU,2026-06-07 02:40:29
2026-06-07,HR,OnyxPerform Sync,665-574-9507,info@onyxperformsync.com,https://www.onyxperformsync.com,228,Atlanta,US,2026-06-07 01:29:42
2026-06-07,MSP Platform,AnchorRemoteWorks,(676) 518-8002,hello@anchorremoteworks.com,https://www.anchorremoteworks.com,311,Raleigh,US,2026-06-07 01:03:30
2026-06-07,Medical,IndigoCareLogic,(949) 300-5237,hello@indigocarelogic.com,https://www.indigocarelogic.com,15,Chicago,US,2026-06-07 04:16:01
2026-06-07,HR,Omni People Consultants,(942) 434-7818,N/A,https://www.omnipeopleconsultants.io,26,Atlanta,US,2026-06-07 03:14:48
2026-06-07,Legal,TrueFiling Cloud,(772) 848-8906,contact@truefilingcloud.com,truefilingcloud.com,3767,Denver,US,2026-06-07 03:06:43
2026-06-07,Legal,AltaLawWorks,(704) 732-1806,info@altalawworks.com,https://www.altalawworks.com,192,Phoenix,US,2026-06-07 02:31:44
2026-06-07,HR,Ridge CultureTech,8852666468,sales@ridgeculturetech.com,https://ridgeculturetech.com,48,Boston,US,2026-06-07 02:23:05
2026-06-07,Legal,ArchCompli Suite,1-417-299-7028,sales@archcomplisuite.co,https://www.archcomplisuite.co,19,Denver,US,2026-06-07 01:56:20
2026-06-07,MSP Platform,VistaPatch Suite,+19042506398,hello@vistapatchsuite.io,https://www.vistapatchsuite.io,171,Tampa,US,2026-06-07 06:42:04
2026-06-07,MSP Platform,ClearTicketCloud,1-590-710-7402,hello@clearticketcloud.com,https://www.clearticketcloud.com,9,Denver,US,2026-06-07 05:19:13
2026-06-07,Medical,NorthVitalBase,(705) 383-5981 ext. 65,contact@northvitalbase.com,https://www.northvitalbase.com,28,Toronto,CA,2026-06-07 01:37:53
2026-06-07,HR,Delta PayrollSoft,+1 (508) 810-9623,contact@deltapayrollsoft.net,https://www.deltapayrollsoft.net,10,Seattle,US,2026-06-07 05:48:50
2026-06-07,Medical,SolidPulse Base,399-744-8102,info@solidpulsebase.io,https://www.solidpulsebase.io,154,Chicago,US,2026-06-07 04:42:31
2026-06-07,HR,OmniTalentSuite,(484) 236-9826,hello@omnitalentsuite.com,https://www.omnitalentsuite.com,414,Seattle,US,2026-06-07 02:25:59
2026-06-07,MSP Platform,RidgewayPerform Logic,5487710627,info@ridgewayperformlogic.net,https://www.ridgewayperformlogic.net,112,Singapore,SG,2026-06-07 06:04:51
2026-06-07,MSP Platform,North NetDynamics,6998249531,contact@northnetdynamics.co,https://northnetdynamics.co,223,Raleigh,US,2026-06-07 06:58:12
2026-06-07,MSP Platform,ArchStack Works,712.231.5275,hello@archstackworks.co,https://www.archstackworks.co,32,Phoenix,US,2026-06-07 06:23:24
2026-06-07,ERP,BrightLedger Cloud,+15474537376,hello@brightledgercloud.com,https://www.brightledgercloud.com,63,Raleigh,US,2026-06-07 06:01:14
2026-06-07,Medical,HarborPatient Sync,(376) 863-4538,contact@harborpatientsync.com,https://www.harborpatientsync.com,2041,Chicago,US,2026-06-07 02:33:58
2026-06-07,Medical,AltaHealth Base,5714517899,contact@altahealthbase.com,https://altahealthbase.com,223,Raleigh,US,2026-06-07 05:26:12
2026-06-07,HR,XenonPeopleSolutions,+1 (604) 965-0143,hello@xenonpeoplesolutions.com,https://www.xenonpeoplesolutions.com,42,Tampa,US,2026-06-07 05:32:09
2026-06-07,ERP,NovaFin Logic,(268) 294-2968,info@novafinlogic.net,https://novafinlogic.net,77,Raleigh,US,2026-06-07 01:36:22
2026-06-07,MSP Platform,Delta Stack BPO Services,+12864117925,sales@deltastackbposervices.com,deltastackbposervices.com,5,Sydney,AU,2026-06-07 04:22:24
2026-06-07,LMS,Golden TutorWorks,(602) 499-5440,contact@goldentutorworks.io,https://www.goldentutorworks.io,42,Berlin,DE,2026-06-07 03:00:02
2026-06-07,MSP Platform,MosaicRemoteLabs,(928) 367-2851,contact@mosaicremotelabs.com,https://www.mosaicremotelabs.com,58,Tampa,US,2026-06-07 06:17:32
2026-06-07,Medical,RidgeChart Flow,975.257.0299,contact@ridgechartflow.co,https://www.ridgechartflow.co,57,Columbus,US,2026-06-07 06:43:11
2026-06-07,Medical,Ember VitalSoft,(842) 760-3459,info@embervitalsoft.com,embervitalsoft.com,37,,US,2026-06-07 04:52:33
2026-06-07,HR,ArchTéam Base,464.969.0808,contact@archteambase.co,https://www.archteambase.co,32,Manchester,UK,2026-06-07 03:41:23
2026-06-07,ERP,GraniteOrder Works,265-550-1447,info@graniteorderworks.io,https://graniteorderworks.io,7,Karachi,PK,2026-06-07 04:22:00
2026-06-07,ERP,Ridge BatchHub,+1 (402) 263-9377,sales@ridgebatchhub.com,https://www.ridgebatchhub.com,59,Seattle,US,2026-06-07 04:19:39
2026-06-07,HR,VeloCultureBase,(659) 949-9315 ext. 84,info@veloculturebase.com,https://www.veloculturebase.com,93,Tampa,US,2026-06-07 03:27:30
2026-06-07,ERP,PrimeFinSolutions,612.892.9584,info@primefinsolutions.net,https://www.primefinsolutions.net,16,Leeds,UK,2026-06-07 04:37:16
2026-06-07,Medical,Harbor PatientSoft,971.961.8084,hello@harborpatientsoft.com,https://harborpatientsoft.com,104,N/A,US,2026-06-07 06:47:20
2026-06-07,ERP,QuantumOrder Tech,(384) 547-0935,info@quantumordertech.com,https://www.quantumordertech.com,48,Sydney,AU,2026-06-07 05:01:35
2026-06-07,HR,Lumen BenefitSync,8213945771,hello@lumenbenefitsync.com,https://lumenbenefitsync.com,43,Seattle,US,2026-06-07 01:27:36
2026-06-07,Medical,OnyxVital Solutions,+12667920294,info@onyxvitalsolutions.io,https://www.onyxvitalsolutions.io,2581,Singapore,SG,2026-06-07 04:35:13
2026-06-07,MSP Platform,IndigoNetDesk,8929948285,contact@indigonetdesk.com,indigonetdesk.com,230,Chicago,US,2026-06-07 01:51:30
2026-06-07,Medical,Bright PulseTech,6253801095,sales@brightpulsetech.io,https://brightpulsetech.io,240,Melbourne,AU,2026-06-07 06:59:46
2026-06-07,HR,TidalTeam Suite,8118582496,info@tidalteamsuite.com,https://www.tidalteamsuite.com,300,Hyderabad,IN,2026-06-07 05:33:41
2026-06-07,Medical,Meta TriagePoint,(602) 781-7343,info@metatriagepoint.com,https://metatriagepoint.com,null,Leeds,UK,2026-06-07 03:26:43
2026-06-07,MSP Platform,JuniperNode Point,4312705021,contact@junipernodepoint.io,https://www.junipernodepoint.io,17,Raleigh,US,2026-06-07 01:51:56
2026-06-07,HR,Keystone Onboard Consultants,+1 (431) 530-5444,hello@keystoneonboardconsultants.com,https://www.keystoneonboardconsultants.com,47,Lahore,PK,2026-06-07 05:09:03
2026-06-07,MSP Platform,CoreMonitor Cloud,(987) 383-3783,,coremonitorcloud.com,22,Singapore,SG,2026-06-07 03:28:57
2026-06-07,Legal,OmniClause Dynamics,362-441-6497,info@omniclausedynamics.com,https://www.omniclausedynamics.com,84,Munich,DE,2026-06-07 02:26:02
2026-06-07,Medical,RapidHealth Flow,9808468370,sales@rapidhealthflow.com,https://rapidhealthflow.com,38,Atlanta,US,2026-06-07 03:46:43
2026-06-07,ERP,ArchFin Labs,695-219-4649,sales@archfinlabs.com,https://www.archfinlabs.com,95,Austin,US,2026-06-07 02:58:29
2026-06-07,Medical,EmberCareFlow,614.362.0016,hello@embercareflow.com,embercareflow.com,130,-,US,2026-06-07 06:34:52
2026-06-07,Legal,Juniper CaseCloud,914-909-8686,contact@junipercasecloud.com,https://www.junipercasecloud.com,39,Seattle,US,2026-06-07 03:02:38
2026-06-07,ERP,Summit Chain Staffing,+19019880199,hello@summitchainstaffing.com,https://summitchainstaffing.com,32,Chicago,US,2026-06-07 06:41:09
2026-06-07,Legal,WillowClauseSync,438.800.2630,hello@willowclausesync.co,https://willowclausesync.co,N/A,Denver,US,2026-06-07 06:22:55
2026-06-07,ERP,Prime PlanBase,790.342.7845,hello@primeplanbase.net,primeplanbase.net,250,Amsterdam,NL,2026-06-07 02:10:18
2026-06-07,ERP,CrownForge Cloud,1-382-970-7291,sales@crownforgecloud.co,crownforgecloud.co,266,Austin,US,2026-06-07 01:43:15
2026-06-07,Medical,Umbra PulseCore,(336) 990-9670,hello@umbrapulsecore.com,umbrapulsecore.com,27,Vancouver,CA,2026-06-07 06:03:28
2026-06-07,ERP,AtlasOps Systems,+18599202254,hello@atlasopssystems.com,https://www.atlasopssystems.com,141,Amsterdam,NL,2026-06-07 03:00:15
2026-06-07,MSP Platform,QuantumEndpoint Hub,(785) 880-0064 ext. 99,hello@quantumendpointhub.com,quantumendpointhub.com,107,Denver,US,2026-06-07 02:24:26
2026-06-07,Medical,Delta ClinicFlow,776.494.9738,info@deltaclinicflow.net,deltaclinicflow.net,418,Phoenix,US,2026-06-07 05:49:23
2026-06-07,Legal,Core LawSync,1-848-770-1827 ext. 55,sales@corelawsync.com,https://corelawsync.com,402,Melbourne,AU,2026-06-07 06:39:39
2026-06-07,MSP Platform,FusionTicketBase,770-746-8384,sales@fusionticketbase.net,https://www.fusionticketbase.net,18,Columbus,US,2026-06-07 02:55:57
2026-06-07,Medical,ClearPatientBase,812-395-6998 ext. 11,contact@clearpatientbase.co,https://www.clearpatientbase.co,105,Berlin,DE,2026-06-07 03:38:32
2026-06-07,Medical,Silver RxSolutions,5953209368,sales@silverrxsolutions.co,silverrxsolutions.co,245,,US,2026-06-07 03:32:50
2026-06-07,MSP Platform,Nimbus EndpointCloud,810-603-5542,contact@nimbusendpointcloud.co,nimbusendpointcloud.co,122,Austin,US,2026-06-07 04:15:31
2026-06-07,Medical,WillowHealthSync,(634) 293-2702,hello@willowhealthsync.io,https://www.willowhealthsync.io,8,Austin,US,2026-06-07 02:56:50
2026-06-07,Medical,Prime PulseWorks,881-449-2486,hello@primepulseworks.com,https://primepulseworks.com,11,Vancouver,CA,2026-06-07 04:24:43
2026-06-07,MSP Platform,IronMonitor Suite,(363) 323-9813,sales@ironmonitorsuite.com,https://www.ironmonitorsuite.com,57,Seattle,US,2026-06-07 03:47:57
2026-06-07,ERP,RidgePlan Cloud,981.691.4512,hello@ridgeplancloud.com,https://www.ridgeplancloud.com,19,Denver,US,2026-06-07 04:23:56
2026-06-07,Medical,JuniperPatient Point,+19237829999,contact@juniperpatientpoint.com,https://juniperpatientpoint.com,35,Columbus,US,2026-06-07 04:25:14
2026-06-07,Medical,Nimbus ChartDynamics,09555256639,info@nimbuschartdynamics.net,https://www.nimbuschartdynamics.net,347,Berlin,DE,2026-06-07 01:22:26
2026-06-07,Legal,SummitLawSuite,575-393-7792,hello@summitlawsuite.com,https://www.summitlawsuite.com,76,N/A,US,2026-06-07 04:25:38
2026-06-07,Medical,WillowHealth Sync,461-764-3530,info@willowhealthsync.com,https://www.willowhealthsync.com,61,Leeds,UK,2026-06-07 02:07:38
2026-06-07,MSP Platform,FalconRemoteSoft,374-680-5497,sales@falconremotesoft.com,https://www.falconremotesoft.com,4314,Tampa,US,2026-06-07 02:02:51
2026-06-07,MSP Platform,RapidGridSync,735.688.7512,N/A,https://www.rapidgridsync.co,28,Sydney,AU,2026-06-07 03:27:30
2026-06-07,ERP,Nimbus ResourceSuite,929-227-2226,hello@nimbusresourcesuite.co,https://www.nimbusresourcesuite.co,68,Phoenix,US,2026-06-07 04:51:22
2026-06-07,ERP,BlueForge Suite,1-627-692-0401,sales@blueforgesuite.com,https://blueforgesuite.com,124,Singapore,SG,2026-06-07 03:21:53
2026-06-07,HR,Willow BenefitDesk,9049272034,info@willowbenefitdesk.net,https://willowbenefitdesk.net,66,Singapore,SG,2026-06-07 01:48:37
2026-06-07,Medical,CoreTriage Logic,5054321409,sales@coretriagelogic.io,https://coretriagelogic.io,24,Austin,US,2026-06-07 06:09:22
2026-06-07,HR,Summit PerformSuite,+12444143471,hello@summitperformsuite.io,https://www.summitperformsuite.io,88,Melbourne,AU,2026-06-07 01:46:19
2026-06-07,Legal,WillowCounselSuite,5549902569,hello@willowcounselsuite.com,https://willowcounselsuite.com,44,Boston,US,2026-06-07 02:18:56
2026-06-07,HR,BoldPayrollApp,526.420.6217,info@boldpayrollapp.com,https://www.boldpayrollapp.com,88,Denver,US,2026-06-07 01:47:29
2026-06-07,MSP Platform,ZephyrUptime Sync,703.891.0556,hello@zephyruptimesync.io,zephyruptimesync.io,468,Phoenix,US,2026-06-07 04:24:00
2026-06-07,MSP Platform,PolarisMonitor Base,809-422-7674,hello@polarismonitorbase.com,https://www.polarismonitorbase.com,6,Atlanta,US,2026-06-07 01:40:47
2026-06-07,ERP,RidgewayForgeSystems,510-519-3300,hello@ridgewayforgesystems.com,https://www.ridgewayforgesystems.com,75,Austin,US,2026-06-07 02:38:04
2026-06-07,Medical,Rapid CareSystems,+18055670882,sales@rapidcaresystems.com,https://rapidcaresystems.com,36,Vancouver,CA,2026-06-07 01:33:39
2026-06-07,Medical,Nimbus ChainLogic,1-728-997-9528,hello@nimbuschainlogic.io,https://nimbuschainlogic.io,2332,Chicago,US,2026-06-07 02:59:14
2026-06-07,Legal,CrownDocket Systems,02463267090,contact@crowndocketsystems.io,crowndocketsystems.io,283,Amsterdam,NL,2026-06-07 02:49:42
2026-06-07,ERP,UmbraStockApp,597.959.2266,contact@umbrastockapp.com,https://www.umbrastockapp.com,10,Denver,US,2026-06-07 06:41:05
2026-06-07,Medical,Rapid HealthHub,430-321-1726,info@rapidhealthhub.io,https://www.rapidhealthhub.io,33,Vancouver,CA,2026-06-07 03:41:58
2026-06-07,Medical,ApexPatient Core,841.267.7981,contact@apexpatientcore.com,https://apexpatientcore.com,23,Melbourne,AU,2026-06-07 06:52:51
2026-06-07,LMS,GraniteTutorSoft,(309) 852-5442 ext. 69,sales@granitetutorsoft.com,https://granitetutorsoft.com,18,Phoenix,US,2026-06-07 05:05:20
2026-06-07,ERP,OmniChain Désk,5014155433 ext. 85,sales@omnichaindesk.io,https://omnichaindesk.io,6,Columbus,US,2026-06-07 06:48:53
2026-06-07,Legal,BrightClausePlatform,950-806-1134,sales@brightclauseplatform.io,https://www.brightclauseplatform.io,11,Toronto,CA,2026-06-07 04:10:12
2026-06-07,HR,BlueRoster Flow,(239) 898-8505,sales@bluerosterflow.com,https://bluerosterflow.com,7,Atlanta,US,2026-06-07 02:28:54
2026-06-07,HR,Vertex OnboardLogic,870.729.2591,sales@vertexonboardlogic.co,https://vertexonboardlogic.co,N/A,Phoenix,US,2026-06-07 03:08:06
2026-06-07,LMS,Core LearnLabs,245.463.5078,info@corelearnlabs.com,https://www.corelearnlabs.com,163,Seattle,US,2026-06-07 02:38:41
2026-06-07,Legal,PolarisCompli Cloud,+15287825020,info@polariscomplicloud.net,polariscomplicloud.net,799,London,UK,2026-06-07 06:25:47
2026-06-07,MSP Platform,BrightUptime App,(245) 441-6222,contact@brightuptimeapp.com,https://www.brightuptimeapp.com,10,Melbourne,AU,2026-06-07 06:30:59
2026-06-07,Legal,ArchFilingBase,1-242-834-9075,sales@archfilingbase.io,https://archfilingbase.io,77,Chicago,US,2026-06-07 05:39:17
2026-06-07,HR,Crest RosterWorks,281-941-6872,contact@crestrosterworks.com,https://crestrosterworks.com,43,Amsterdam,NL,2026-06-07 04:23:03
2026-06-07,LMS,Cedar MentorCore,675-278-8700,sales@cedarmentorcore.com,https://www.cedarmentorcore.com,95,Atlanta,US,2026-06-07 05:53:05
2026-06-07,Legal,BoldMatter Labs,(869) 588-6450 ext. 50,contact@boldmatterlabs.com,https://www.boldmatterlabs.com,35,Austin,US,2026-06-07 04:04:48
2026-06-07,Legal,ApexClause Solutions,9318854032,hello@apexclausesolutions.com,https://apexclausesolutions.com,205,Leeds,UK,2026-06-07 03:17:23
2026-06-07,MSP Platform,PrimePatch Point,405-724-5058,N/A,https://www.primepatchpoint.com,10,Boston,US,2026-06-07 01:14:55
2026-06-07,HR,WillowTalent Dynamics,483-909-9793,sales@willowtalentdynamics.io,https://willowtalentdynamics.io,-,Calgary,CA,2026-06-07 06:54:29
2026-06-07,HR,Indigo PayrollSolutions,2523388293,contact@indigopayrollsolutions.com,https://www.indigopayrollsolutions.com,131,Austin,US,2026-06-07 03:47:08
2026-06-07,Medical,BluePulseCore,(884) 651-9037,info@bluepulsecore.net,https://www.bluepulsecore.net,74,Denver,US,2026-06-07 03:47:53
2026-06-07,Legal,Indigo ClauseSoft,(526) 893-5436 ext. 33,N/A,https://www.indigoclausesoft.com,198,Phoenix,US,2026-06-07 06:20:23
2026-06-07,ERP,CoreResource Dynamics,2769026282,info@coreresourcedynamics.co,https://www.coreresourcedynamics.co,6,Chicago,US,2026-06-07 06:13:21
2026-06-07,ERP,Crown ChainWorks,+17862347839,contact@crownchainworks.io,https://www.crownchainworks.io,875,Manchester,UK,2026-06-07 05:05:35
2026-06-07,HR,ZephyrPeople Sphere,(730) 450-1709 ext. 64,contact@zephyrpeoplesphere.com,https://www.zephyrpeoplesphere.com,54,Tampa,US,2026-06-07 01:32:12
2026-06-07,HR,HaloPlanCloud,500-360-1530,info@haloplancloud.net,https://www.haloplancloud.net,97,Seattle,US,2026-06-07 01:19:44
2026-06-07,MSP Platform,DeltaGrid Flow,+1 (421) 981-7164 ext. 67,sales@deltagridflow.com,deltagridflow.com,N/A,Chicago,US,2026-06-07 06:33:38
2026-06-07,Medical,Granite CareSolutions,949-240-0804,info@granitecaresolutions.net,https://granitecaresolutions.net,19,Sydney,AU,2026-06-07 05:23:47
2026-06-07,Medical,Silver ChartDynamics,+12456141701,hello@silverchartdynamics.net,https://silverchartdynamics.net,411,Sydney,AU,2026-06-07 06:17:36
2026-06-07,Medical,Atlas TriageTech,1-671-780-1247,info@atlastriagetech.net,https://atlastriagetech.net,89,Melbourne,AU,2026-06-07 06:17:10
2026-06-07,HR,Anchor CultureSoft,809-581-6143,info@anchorculturesoft.io,anchorculturesoft.io,N/A,Atlanta,US,2026-06-07 01:57:58
2026-06-07,ERP,Blue OpsWorks,(676) 587-4454,sales@blueopsworks.co,https://www.blueopsworks.co,24,Phoenix,US,2026-06-07 02:02:26
2026-06-07,ERP,Anchor OpsPoint,289.563.7867,hello@anchoropspoint.com,anchoropspoint.com,207,Sydney,AU,2026-06-07 01:40:07
2026-06-07,LMS,UmbraSkill Sphére,487.583.5839,contact@umbraskillsphere.com,https://www.umbraskillsphere.com,798,Austin,US,2026-06-07 01:48:05
2026-06-07,ERP,VistaForge Logic,881.735.6903,contact@vistaforgelogic.co,https://vistaforgelogic.co,7,Seattle,US,2026-06-07 04:06:00
2026-06-07,HR,MosaicRoster Cloud,385-892-4334,sales@mosaicrostercloud.com,https://www.mosaicrostercloud.com,24,Raleigh,US,2026-06-07 04:27:07
2026-06-07,Medical,CobaltPatientBase,+18786644580,hello@cobaltpatientbase.com,https://www.cobaltpatientbase.com,226,Columbus,US,2026-06-07 04:00:14
2026-06-07,ERP,CrestLedger Works,+1 (957) 789-3820,hello@crestledgerworks.com,https://www.crestledgerworks.com,52,Karachi,PK,2026-06-07 06:23:32
2026-06-07,ERP,VertexForge Hub,6104958026,info@vertexforgehub.com,https://www.vertexforgehub.com,12,Austin,US,2026-06-07 05:04:17
2026-06-07,ERP,Juniper OpsSoft,+1 (913) 325-2148,info@juniperopssoft.com,https://www.juniperopssoft.com,19,Amsterdam,NL,2026-06-07 04:07:00
2026-06-07,LMS,EmberLearn Base,5322972420,hello@emberlearnbase.net,https://emberlearnbase.net,37,Austin,US,2026-06-07 06:33:35
2026-06-07,HR,ClearBenefitWorks,331-885-9259,hello@clearbenefitworks.com,https://clearbenefitworks.com,400,Leeds,UK,2026-06-07 03:36:16
2026-06-07,HR,CrownCulture Sync,(335) 432-7454,contact@crownculturesync.com,crownculturesync.com,20,Columbus,US,2026-06-07 01:06:48
2026-06-07,MSP Platform,Ember EndpointTech,(709) 414-6127,contact@emberendpointtech.com,https://emberendpointtech.com,17,Phoenix,US,2026-06-07 04:56:56
2026-06-07,HR,ApexRoster App,1-395-465-9656 ext. 32,sales@apexrosterapp.io,https://www.apexrosterapp.io,21,Denver,US,2026-06-07 06:37:58
2026-06-07,Medical,RapidMed Suite,249-389-0699,hello@rapidmedsuite.co,https://www.rapidmedsuite.co,5,Amsterdam,NL,2026-06-07 01:02:35
2026-06-07,HR,QuartzCultureSystems,1-582-240-3200,sales@quartzculturesystems.com,https://www.quartzculturesystems.com,245,Columbus,US,2026-06-07 02:55:47
2026-06-07,ERP,SummitBatchSuite,4426731885,sales@summitbatchsuite.com,https://www.summitbatchsuite.com,325,Chicago,US,2026-06-07 06:25:01
2026-06-07,ERP,Bold ForgeWorks,573.627.5630,info@boldforgeworks.net,boldforgeworks.net,11,London,UK,2026-06-07 03:34:19
2026-06-07,Medical,VeloCare Suite,1-917-726-4008,hello@velocaresuite.com,https://velocaresuite.com,179,Austin,US,2026-06-07 02:26:00
2026-06-07,ERP,RapidBatch Solutions,+1 (271) 937-5853 ext. 69,info@rapidbatchsolutions.com,https://rapidbatchsolutions.com,35,Amsterdam,NL,2026-06-07 02:50:02
2026-06-07,MSP Platform,QuartzNodeDesk,620-883-2923,contact@quartznodedesk.io,https://www.quartznodedesk.io,78,Atlanta,US,2026-06-07 04:20:12
2026-06-07,ERP,OnyxResource Platform,(295) 727-8704,hello@onyxresourceplatform.com,https://www.onyxresourceplatform.com,136,Raleigh,US,2026-06-07 06:40:26
2026-06-07,Medical,Vertex TriageSuite,1-747-286-6975,hello@vertextriagesuite.com,https://www.vertextriagesuite.com,768,Atlanta,US,2026-06-07 06:55:54
2026-06-07,ERP,Vista PlanLogic,+1 (524) 402-6327,sales@vistaplanlogic.com,vistaplanlogic.com,47,Calgary,CA,2026-06-07 01:18:55
2026-06-07,HR,PolarisPeople Tech,(732) 281-4695,sales@polarispeopletech.com,https://polarispeopletech.com,17,Amsterdam,NL,2026-06-07 02:09:18
2026-06-07,Medical,Granite ClinicBase,07793307184,hello@graniteclinicbase.com,https://graniteclinicbase.com,16,Boston,US,2026-06-07 01:10:39
2026-06-07,Legal,BlueCounsel Sync,(817) 955-0990,contact@bluecounselsync.com,https://www.bluecounselsync.com,34,Pune,IN,2026-06-07 02:18:22
2026-06-07,HR,KeystoneTeam Core,391-790-5975,sales@keystoneteamcore.com,https://www.keystoneteamcore.com,83,Denver,US,2026-06-07 06:08:08
2026-06-07,HR,Fusion PeopleSoft,(788) 707-6791,null,https://www.fusionpeoplesoft.io,60,Chicago,US,2026-06-07 05:45:09
2026-06-07,Legal,IronBriefFlow,+1 (500) 669-3995,info@ironbriefflow.io,https://www.ironbriefflow.io,3030,Manchester,UK,2026-06-07 03:52:59
2026-06-07,LMS,SableTutor Soft,(827) 385-3003,contact@sabletutorsoft.io,https://sabletutorsoft.io,20,Chicago,US,2026-06-07 01:52:05
2026-06-07,Legal,NovaMatterDesk,953.723.6962,sales@novamatterdesk.com,https://www.novamatterdesk.com,50,Seattle,US,2026-06-07 02:43:53
2026-06-07,Medical,ClearChart Platform,(896) 322-5532,hello@clearchartplatform.com,clearchartplatform.com,97,Seattle,US,2026-06-07 04:39:33
2026-06-07,HR,SilverPeopleSphere,(974) 496-4305,contact@silverpeoplesphere.io,https://www.silverpeoplesphere.io,254,Tampa,US,2026-06-07 04:09:13
2026-06-07,ERP,Arch ForgeLabs,1-251-404-6525,hello@archforgelabs.net,https://www.archforgelabs.net,94,Denver,US,2026-06-07 04:55:06
2026-06-07,MSP Platform,MosaicNodeSystems,503.417.6225,sales@mosaicnodesystems.net,https://www.mosaicnodesystems.net,44,Austin,US,2026-06-07 03:06:12
2026-06-07,Legal,LatticeFiling Flow,4566127829,sales@latticefilingflow.com,https://latticefilingflow.com,402,Amsterdam,NL,2026-06-07 04:55:57
2026-06-07,Medical,Prime RxFlow,538-227-6151,hello@primerxflow.net,https://primerxflow.net,449,Austin,US,2026-06-07 01:09:23
2026-06-07,Legal,TidalLawLabs,864.852.7874,contact@tidallawlabs.com,https://www.tidallawlabs.com,91,Hyderabad,IN,2026-06-07 01:39:33
2026-06-07,Medical,NovaHealth Desk,(640) 735-6991,sales@novahealthdesk.com,https://www.novahealthdesk.com,49,Denver,US,2026-06-07 05:36:22
2026-06-07,Legal,CrestCase Logic,679-886-3428,info@crestcaselogic.com,https://crestcaselogic.com,775,Melbourne,AU,2026-06-07 05:04:58
2026-06-07,ERP,Apex PlanSync,07484795524,hello@apexplansync.com,apexplansync.com,10,Tampa,US,2026-06-07 03:54:36
2026-06-07,Legal,Crown VerdictSolutions,+14328086249,-,https://www.crownverdictsolutions.com,483,Berlin,DE,2026-06-07 02:29:07
2026-06-07,ERP,NovaOpsCore,(936) 341-7603,hello@novaopscore.com,https://novaopscore.com,32,Columbus,US,2026-06-07 05:11:46
2026-06-07,HR,CedarPeople Suite,6597796479,hello@cedarpeoplesuite.com,https://cedarpeoplesuite.com,40,Phoenix,US,2026-06-07 02:49:49
2026-06-07,Legal,IndigoVerdict Logic,5334996219,sales@indigoverdictlogic.com,indigoverdictlogic.com,227,Tampa,US,2026-06-07 05:30:52
2026-06-07,ERP,Vista ResourceSoft,(276) 249-4896,contact@vistaresourcesoft.com,vistaresourcesoft.com,171,Atlanta,US,2026-06-07 03:06:38
2026-06-07,HR,Nimbus CultureLabs,05687344998,info@nimbusculturelabs.net,https://www.nimbusculturelabs.net,26,Atlanta,US,2026-06-07 02:48:41
2026-06-07,MSP Platform,HaloUptime Flow,+1 (498) 834-7153 ext. 23,hello@halouptimeflow.net,halouptimeflow.net,408,Chicago,US,2026-06-07 02:14:57
2026-06-07,HR,Polaris TalentTech,285-694-1111,hello@polaristalenttech.com,https://www.polaristalenttech.com,27,Columbus,US,2026-06-07 05:06:31
2026-06-07,MSP Platform,CobaltGrid Sync,+18248516766,hello@cobaltgridsync.co,https://cobaltgridsync.co,155,Seattle,US,2026-06-07 02:31:59
2026-06-07,MSP Platform,DeltaUptime Systems,334.896.2261,sales@deltauptimesystems.com,https://deltauptimesystems.com,136,Denver,US,2026-06-07 04:50:18
2026-06-07,Legal,AnchorRxHub,+1 (642) 272-8773,contact@anchorrxhub.com,https://anchorrxhub.com,32,Columbus,US,2026-06-07 05:34:47
2026-06-07,HR,VertexTeam Platform,(531) 273-4647,contact@vertexteamplatform.net,https://www.vertexteamplatform.net,34,Calgary,CA,2026-06-07 05:20:53
2026-06-07,LMS,BeaconLearnLogic,1-684-734-2146,hello@beaconlearnlogic.io,beaconlearnlogic.io,30,Tampa,US,2026-06-07 06:15:51
2026-06-07,ERP,Beacon ForgePlatform Solutions LLC,675-255-1243,contact@beaconforgeplatform.co,https://beaconforgeplatform.co,344,Calgary,CA,2026-06-07 02:37:53
2026-06-07,MSP Platform,BrightMonitorPoint,921-855-7712,hello@brightmonitorpoint.co,brightmonitorpoint.co,14,Chicago,US,2026-06-07 05:37:40
2026-06-07,HR,Fusion PerformLabs,+18274467625,contact@fusionperformlabs.com,https://fusionperformlabs.com,9,Hyderabad,IN,2026-06-07 06:24:24
2026-06-07,Legal,DeltaClauseLogic,+19577560771,info@deltaclauselogic.com,https://www.deltaclauselogic.com,37,Hyderabad,IN,2026-06-07 03:32:07
2026-06-07,Medical,NovaPatientSystems,(317) 795-0382,hello@novapatientsystems.com,https://www.novapatientsystems.com,100,Raleigh,US,2026-06-07 02:17:46
2026-06-07,Legal,Meta MatterApp,624-236-6985,info@metamatterapp.net,https://www.metamatterapp.net,74,Tampa,US,2026-06-07 02:12:09
2026-06-07,ERP,CedarFinFlow,+14512894976,info@cedarfinflow.com,https://www.cedarfinflow.com,4537,Vancouver,CA,2026-06-07 01:16:35
2026-06-07,HR,HarborBenefitCore,+18275373272,info@harborbenefitcore.com,https://www.harborbenefitcore.com,272,Dublin,IE,2026-06-07 05:31:18
2026-06-07,Legal,PivotFiling’s Solutions,1-539-951-5261,hello@pivotfilingsolutions.co,https://pivotfilingsolutions.co,48,Hyderabad,IN,2026-06-07 02:50:11
2026-06-07,HR,LumenTeamPlatform,323-623-7274,contact@lumenteamplatform.com,lumenteamplatform.com,179,Hyderabad,IN,2026-06-07 01:18:34
2026-06-07,HR,Polaris CultureHub,459.816.9369,info@polarisculturehub.net,https://www.polarisculturehub.net,5,Pune,IN,2026-06-07 04:57:05
2026-06-07,HR,ZephyrBenefitSolutions,8562863817,sales@zephyrbenefitsolutions.io,https://www.zephyrbenefitsolutions.io,13,Raleigh,US,2026-06-07 05:39:13
2026-06-07,LMS,SummitMentorPoint,+13293418256,hello@summitmentorpoint.com,https://www.summitmentorpoint.com,4777,Denver,US,2026-06-07 01:50:03
2026-06-07,ERP,KeystoneForgeSolutions,07865494583,hello@keystoneforgesolutions.io,https://keystoneforgesolutions.io,14,Seattle,US,2026-06-07 05:27:52
2026-06-07,ERP,Raven ChainDesk,526-456-7141,hello@ravenchaindesk.com,https://ravenchaindesk.com,387,Boston,US,2026-06-07 04:31:32
2026-06-07,ERP,Solid ChainHub,+12853797786,info@solidchainhub.io,https://solidchainhub.io,54,Toronto,CA,2026-06-07 01:16:42
2026-06-07,ERP,BrightLedger Flow,520-859-1141,sales@brightledgerflow.io,https://brightledgerflow.io,2900,Austin,US,2026-06-07 04:15:40
2026-06-07,Legal,AltaCaseTech,986.334.1414,info@altacasetech.io,altacasetech.io,74,Tampa,US,2026-06-07 01:42:29
2026-06-07,ERP,Golden PlanCloud,3129937641,contact@goldenplancloud.com,https://www.goldenplancloud.com,20,Raleigh,US,2026-06-07 04:01:31
2026-06-07,ERP,BlueStock Works,237.769.6577,info@bluestockworks.com,https://bluestockworks.com,10,Seattle,US,2026-06-07 01:36:41
2026-06-07,ERP,PivotBatch Base,262-966-3029,N/A,https://pivotbatchbase.com,16,Raleigh,US,2026-06-07 04:33:52
2026-06-07,Legal,UmbraDocket Sphere,+1 (581) 873-4502,N/A,https://www.umbradocketsphere.com,5,Phoenix,US,2026-06-07 01:19:46
2026-06-07,HR,Rapid TalentHub,7953096418 ext. 53,sales@rapidtalenthub.com,https://www.rapidtalenthub.com,1047,Bengaluru,IN,2026-06-07 06:38:00
2026-06-07,ERP,Granite ForgeBase,1-566-841-5282,sales@graniteforgebase.io,https://graniteforgebase.io,10,Raleigh,US,2026-06-07 01:58:30
2026-06-07,Medical,KeystoneMedSuite,748-819-6551,info@keystonemedsuite.io,https://www.keystonemedsuite.io,968,Chicago,US,2026-06-07 03:02:23
2026-06-07,LMS,Xenon LearnFlow,1-941-668-5790,hello@xenonlearnflow.com,xenonlearnflow.com,327,Tampa,US,2026-06-07 01:07:22
2026-06-07,Legal,Clear VerdictTech,8904473629,contact@clearverdicttech.com,clearverdicttech.com,283,Toronto,CA,2026-06-07 01:24:32
2026-06-07,Legal,HarborDocket Point,(474) 304-3389,contact@harbordocketpoint.com,https://www.harbordocketpoint.com,10,Tampa,US,2026-06-07 04:23:52
2026-06-07,ERP,Lumen PlanTech,1-291-908-5771,info@lumenplantech.io,https://lumenplantech.io,19,Tampa,US,2026-06-07 04:34:10
2026-06-07,ERP,Cedar Resource Consultants,+1 (213) 361-1536,hello@cedarresourceconsultants.com,https://cedarresourceconsultants.com,7,Columbus,US,2026-06-07 01:57:50
2026-06-07,HR,ApexCultureWorks,(213) 334-9590,hello@apexcultureworks.com,apexcultureworks.com,75,Hyderabad,IN,2026-06-07 02:56:33
2026-06-07,ERP,AltaOps’s Flow,2717519022,contact@altaopsflow.com,altaopsflow.com,39,Islamabad,PK,2026-06-07 06:42:19
2026-06-07,ERP,QuantumResource Desk,512.925.5083,contact@quantumresourcedesk.io,https://www.quantumresourcedesk.io,44,Vancouver,CA,2026-06-07 03:44:35
2026-06-07,Medical,BoldVitalHub,1-926-491-4498,info@boldvitalhub.net,https://www.boldvitalhub.net,28,Columbus,US,2026-06-07 06:03:10
2026-06-07,ERP,Halo Stock BPO Services,+19129318679,-,https://halostockbposervices.com,11,Munich,DE,2026-06-07 03:58:19
2026-06-07,Medical,SableVital App,(677) 218-1950,contact@sablevitalapp.io,https://sablevitalapp.io,34,Boston,US,2026-06-07 04:17:50
2026-06-07,Medical,Apex MedPlatform,+19837679123,hello@apexmedplatform.com,https://www.apexmedplatform.com,19,Seattle,US,2026-06-07 05:11:07
2026-06-07,HR,Tidal ShiftHub,(614) 277-1295,hello@tidalshifthub.com,https://www.tidalshifthub.com,840,Boston,US,2026-06-07 03:30:27
2026-06-07,ERP,GoldenForgeDesk,710-451-8018,hello@goldenforgedesk.com,goldenforgedesk.com,827,Lahore,PK,2026-06-07 04:12:32
2026-06-07,MSP Platform,PivotStack Sphere,1-271-597-5872,sales@pivotstacksphere.co,https://www.pivotstacksphere.co,70,Atlanta,US,2026-06-07 01:57:40
2026-06-07,MSP Platform,PolarisEndpointSystems,(751) 615-1816,contact@polarisendpointsystems.com,polarisendpointsystems.com,340,Austin,US,2026-06-07 03:53:01
2026-06-07,ERP,Quantum Forge Consultants,1-392-424-7051,info@quantumforgeconsultants.com,https://quantumforgeconsultants.com,264,Denver,US,2026-06-07 06:16:30
2026-06-07,HR,Apex PayrollSoft,6694792704,contact@apexpayrollsoft.com,https://www.apexpayrollsoft.com,N/A,Columbus,US,2026-06-07 03:49:11
2026-06-07,Legal,Xenon DocketDynamics,+1 (306) 888-7190,info@xenondocketdynamics.com,https://www.xenondocketdynamics.com,304,Chicago,US,2026-06-07 06:46:25
2026-06-07,Legal,XenonMatter Solutions,765-627-6472,contact@xenonmattersolutions.co,xenonmattersolutions.co,437,Sydney,AU,2026-06-07 05:23:28
2026-06-07,MSP Platform,PioneerEndpointCore,+1 (450) 844-2043,info@pioneerendpointcore.com,https://www.pioneerendpointcore.com,14,Melbourne,AU,2026-06-07 06:23:37
2026-06-07,Legal,KeystoneCounsel Tech,(701) 409-2282,contact@keystonecounseltech.co,https://www.keystonecounseltech.co,182,Seattle,US,2026-06-07 02:43:28
2026-06-07,Medical,IronMed App,8217989613,contact@ironmedapp.com,https://ironmedapp.com,471,Phoenix,US,2026-06-07 01:16:09
2026-06-07,Medical,IronTriage Desk,+14542553882,contact@irontriagedesk.com,https://www.irontriagedesk.com,24,Chicago,US,2026-06-07 02:41:55
2026-06-07,HR,IronShift Sphere,639-863-9836,sales@ironshiftsphere.io,https://www.ironshiftsphere.io,31,Denver,US,2026-06-07 02:24:37
2026-06-07,Medical,Blue PulseCloud,(483) 202-3787,contact@bluepulsecloud.com,https://bluepulsecloud.com,392,Islamabad,PK,2026-06-07 06:56:18
2026-06-07,ERP,ClearLedger Tech,757-512-0133,contact@clearledgertech.com,https://clearledgertech.com,38,Phoenix,US,2026-06-07 04:06:40
2026-06-07,HR,IronRoster Tech,723.338.0848,info@ironrostertech.com,https://www.ironrostertech.com,364,Chicago,US,2026-06-07 03:15:31
2026-06-07,Medical,OmniChart Cloud,644-830-8761,contact@omnichartcloud.co,https://www.omnichartcloud.co,71,Austin,US,2026-06-07 06:34:29
2026-06-07,Medical,Keystone RxSuite,+19766629289,sales@keystonerxsuite.io,keystonerxsuite.io,169,Leeds,UK,2026-06-07 01:40:13
2026-06-07,MSP Platform,FusionMonitorSolutions,552.638.7830,info@fusionmonitorsolutions.com,https://fusionmonitorsolutions.com,43,Seattle,US,2026-06-07 02:56:45
2026-06-07,MSP Platform,KeystoneUptime Cloud,(435) 326-7750,info@keystoneuptimecloud.com,https://www.keystoneuptimecloud.com,129,Islamabad,PK,2026-06-07 01:33:18
2026-06-07,Medical,JuniperPulseSuite,+16723381055,info@juniperpulsesuite.io,https://juniperpulsesuite.io,2384,Toronto,CA,2026-06-07 03:16:32
2026-06-07,Medical,Willow RxTech,+1 (248) 387-7381,-,https://www.willowrxtech.io,111,Columbus,US,2026-06-07 06:33:34
2026-06-07,LMS,PrimeCourse Cloud,+12672361347,info@primecoursecloud.io,https://primecoursecloud.io,22,Austin,US,2026-06-07 03:54:33
2026-06-07,ERP,QuartzForge Works,675.551.1673,contact@quartzforgeworks.com,quartzforgeworks.com,24,Calgary,CA,2026-06-07 06:46:18
2026-06-07,HR,VeloOnboardDynamics,498.410.9443,contact@veloonboarddynamics.com,https://www.veloonboarddynamics.com,930,Austin,US,2026-06-07 02:58:30
2026-06-07,Legal,Mosaic DocketSphere,08957389821 ext. 46,null,https://www.mosaicdocketsphere.com,9,Tampa,US,2026-06-07 04:49:04
2026-06-07,ERP,Pivot ResourceBase,(505) 209-6662,sales@pivotresourcebase.com,https://www.pivotresourcebase.com,682,Melbourne,AU,2026-06-07 04:19:55
2026-06-07,ERP,Solid Ledger Consultants,+14696904512,sales@solidledgerconsultants.net,https://www.solidledgerconsultants.net,15,Vancouver,CA,2026-06-07 01:17:29
2026-06-07,ERP,BeaconForge Sphere,+1 (322) 540-7400,sales@beaconforgesphere.io,https://www.beaconforgesphere.io,7,Phoenix,US,2026-06-07 04:30:56
2026-06-07,ERP,BrightBatch Suite,883.615.5799,contact@brightbatchsuite.io,https://brightbatchsuite.io,451,Manchester,UK,2026-06-07 06:17:02
2026-06-07,ERP,RapidOps Flow,+1 (708) 683-3061,sales@rapidopsflow.com,https://www.rapidopsflow.com,38,Tampa,US,2026-06-07 05:36:37
2026-06-07,Medical,PivotRx Tech,+17518321802,sales@pivotrxtech.net,https://www.pivotrxtech.net,473,Munich,DE,2026-06-07 01:05:10
2026-06-07,HR,RavenPerform Platform,699-580-1189,sales@ravenperformplatform.com,https://www.ravenperformplatform.com,9,Austin,US,2026-06-07 05:44:25
2026-06-07,MSP Platform,Anchor PatchCloud,+13114552816,hello@anchorpatchcloud.io,https://www.anchorpatchcloud.io,N/A,Seattle,US,2026-06-07 05:58:40
2026-06-07,ERP,LumenPlanBase,(794) 222-6281,info@lumenplanbase.net,lumenplanbase.net,617,Columbus,US,2026-06-07 01:00:29
2026-06-07,MSP Platform,Delta TicketSphere,319-240-9036,sales@deltaticketsphere.com,deltaticketsphere.com,23,Tampa,US,2026-06-07 01:58:21
2026-06-07,LMS,Halo TrainApp,(639) 377-2739,hello@halotrainapp.net,https://www.halotrainapp.net,776,Boston,US,2026-06-07 06:52:52
2026-06-07,MSP Platform,QuantumRemoteSoft,904-860-3787,hello@quantumremotesoft.net,quantumremotesoft.net,43,Dublin,IE,2026-06-07 02:55:51
2026-06-07,HR,Mosaic TalentPoint,6505807019 ext. 23,contact@mosaictalentpoint.com,https://www.mosaictalentpoint.com,226,Denver,US,2026-06-07 01:09:48
2026-06-07,Medical,HaloPatientDesk,+18133853091,hello@halopatientdesk.net,halopatientdesk.net,8,Dublin,IE,2026-06-07 02:43:18
2026-06-07,Medical,Golden PulseLogic,6173174899,hello@goldenpulselogic.co,https://www.goldenpulselogic.co,288,Munich,DE,2026-06-07 06:30:49
2026-06-07,HR,Vertex PerformSphere,1-213-417-6182,contact@vertexperformsphere.com,https://www.vertexperformsphere.com,84,Phoenix,US,2026-06-07 06:38:26
2026-06-07,MSP Platform,DeltaMonitorCore,+1 (645) 469-0694,info@deltamonitorcore.com,https://www.deltamonitorcore.com,11,Austin,US,2026-06-07 05:28:27
2026-06-07,Medical,RapidTriageSync,216.285.2486,,https://rapidtriagesync.net,184,Boston,US,2026-06-07 04:32:22
2026-06-07,Medical,Bold VitalSuite,(390) 884-1731,sales@boldvitalsuite.co,https://www.boldvitalsuite.co,20,Chicago,US,2026-06-07 05:21:59
2026-06-07,ERP,PioneerForgePoint,+1 (759) 961-5721,info@pioneerforgepoint.com,https://pioneerforgepoint.com,225,Tampa,US,2026-06-07 06:15:46
2026-06-07,Medical,Sable Care Recruiting,+15999336207,info@sablecarerecruiting.io,https://sablecarerecruiting.io,69,-,DE,2026-06-07 05:59:03
2026-06-07,MSP Platform,SolidGrid Works,8087450869,hello@solidgridworks.com,https://solidgridworks.com,410,Phoenix,US,2026-06-07 02:10:10
2026-06-07,Medical,VeloClinic’s Desk,(428) 425-7661,sales@veloclinicdesk.com,https://www.veloclinicdesk.com,11,-,US,2026-06-07 04:02:35
2026-06-07,HR,Lattice PayrollTech,+1 (502) 213-0798,contact@latticepayrolltech.com,latticepayrolltech.com,8,Austin,US,2026-06-07 02:42:42
2026-06-07,HR,ClearOnboardDynamics,729-851-3963,info@clearonboarddynamics.com,clearonboarddynamics.com,18,Atlanta,US,2026-06-07 03:28:02
2026-06-07,Legal,ClearMatter Sync,+1 (416) 762-3178,hello@clearmattersync.io,clearmattersync.io,18,London,UK,2026-06-07 03:57:10
2026-06-07,ERP,Iron PlanBase,+19465019421,info@ironplanbase.com,https://www.ironplanbase.com,66,Boston,US,2026-06-07 04:56:24
2026-06-07,HR,Orbit PerformSuite,742-959-0670,sales@orbitperformsuite.net,https://www.orbitperformsuite.net,421,Vancouver,CA,2026-06-07 06:36:03
2026-06-07,LMS,Iron CourseSphere,+18884524096,contact@ironcoursesphere.com,https://www.ironcoursesphere.com,46,Seattle,US,2026-06-07 05:37:01
2026-06-07,LMS,AtlasBenefit Works,1-277-947-7609,contact@atlasbenefitworks.io,https://www.atlasbenefitworks.io,29,Tampa,US,2026-06-07 04:22:23
2026-06-07,MSP Platform,ZenEndpoint Dynamics,3014255505,hello@zenendpointdynamics.com,https://www.zenendpointdynamics.com,198,Vancouver,CA,2026-06-07 06:22:30
2026-06-07,Medical,MosaicMed Cloud,(954) 671-9684,sales@mosaicmedcloud.io,https://www.mosaicmedcloud.io,15,Vancouver,CA,2026-06-07 02:45:26
2026-06-07,MSP Platform,Lattice UptimeSuite,(296) 881-8688,null,https://www.latticeuptimesuite.co,125,Columbus,US,2026-06-07 05:04:23
2026-06-07,MSP Platform,SummitMonitor Systems,6428652695,contact@summitmonitorsystems.com,https://summitmonitorsystems.com,12,London,UK,2026-06-07 01:30:45
2026-06-07,HR,HarborPeopleFlow,+14084020340,info@harborpeopleflow.io,harborpeopleflow.io,134,Boston,US,2026-06-07 03:13:11
2026-06-07,Medical,Alta PatientDesk,+18944505370 ext. 36,info@altapatientdesk.io,altapatientdesk.io,105,Denver,US,2026-06-07 06:43:35
2026-06-07,ERP,Silver LedgerSuite,(818) 570-2881,info@silverledgersuite.io,https://www.silverledgersuite.io,218,Leeds,UK,2026-06-07 06:53:13
2026-06-07,Legal,HarborLawPlatform,234-444-2807,hello@harborlawplatform.com,https://www.harborlawplatform.com,18,Columbus,US,2026-06-07 01:42:36
2026-06-07,ERP,Iron StockSync,(282) 326-1539,hello@ironstocksync.com,https://www.ironstocksync.com,863,Munich,DE,2026-06-07 01:02:24
2026-06-07,Legal,Mosaic CaseApp,+14686722577,contact@mosaiccaseapp.co,https://mosaiccaseapp.co,153,Manchester,UK,2026-06-07 01:18:01
2026-06-07,MSP Platform,XenonTicket Cloud,+1 (765) 519-6729 ext. 16,hello@xenonticketcloud.com,https://www.xenonticketcloud.com,494,Sydney,AU,2026-06-07 01:44:03
2026-06-07,HR,AltaCulture Hub,7388212294,info@altaculturehub.com,https://www.altaculturehub.com,18,Bengaluru,IN,2026-06-07 02:51:58
2026-06-07,ERP,Cobalt PlanLogic,715-854-7081,hello@cobaltplanlogic.com,https://www.cobaltplanlogic.com,18,Atlanta,US,2026-06-07 02:19:40
2026-06-07,Legal,SableLawSphere,3017305513,contact@sablelawsphere.io,https://www.sablelawsphere.io,104,Raleigh,US,2026-06-07 05:22:48
2026-06-07,Legal,MetaBriefDesk,+1 (810) 305-1445,sales@metabriefdesk.io,https://www.metabriefdesk.io,33,London,UK,2026-06-07 06:39:24
2026-06-07,Medical,Ridgeway HealthWorks,+14866582572,info@ridgewayhealthworks.co,https://www.ridgewayhealthworks.co,357,Boston,US,2026-06-07 03:54:01
2026-06-07,HR,Quartz PeopleApp,211-635-4377,sales@quartzpeopleapp.com,https://www.quartzpeopleapp.com,13,Lahore,PK,2026-06-07 05:15:08
2026-06-07,MSP Platform,Alta PatchTech,(290) 612-3371,sales@altapatchtech.com,https://www.altapatchtech.com,396,Melbourne,AU,2026-06-07 02:26:21
2026-06-07,MSP Platform,NorthMonitor Labs,650-990-4708,contact@northmonitorlabs.co,https://www.northmonitorlabs.co,54,Austin,US,2026-06-07 04:46:06
2026-06-07,ERP,Summit ChainHub,707-555-5361,sales@summitchainhub.com,https://www.summitchainhub.com,3465,Boston,US,2026-06-07 05:46:40
2026-06-07,ERP,ClearPlan Sync,266-209-6519,hello@clearplansync.com,https://www.clearplansync.com,52,Raleigh,US,2026-06-07 06:17:15
2026-06-07,MSP Platform,VertexEndpointLogic,(396) 351-3666,sales@vertexendpointlogic.com,vertexendpointlogic.com,492,Sydney,AU,2026-06-07 02:05:26
2026-06-07,HR,Tidal PeopleDesk,5918746156,sales@tidalpeopledesk.net,https://www.tidalpeopledesk.net,4935,Seattle,US,2026-06-07 06:15:11
2026-06-07,ERP,ZenOrder Solutions,696.482.7197,hello@zenordersolutions.io,https://www.zenordersolutions.io,16,null,UK,2026-06-07 06:49:28
2026-06-07,Medical,BeaconRxSolutions,+15216768660,info@beaconrxsolutions.io,https://www.beaconrxsolutions.io,50,Atlanta,US,2026-06-07 04:40:19
2026-06-07,Medical,RavenRx Labs,247-543-3321,hello@ravenrxlabs.io,https://www.ravenrxlabs.io,18,Atlanta,US,2026-06-07 06:28:13
2026-06-07,MSP Platform,HarborUptimeCore,405-310-0210,info@harboruptimecore.com,https://www.harboruptimecore.com,7,Lahore,PK,2026-06-07 05:36:05
2026-06-07,Medical,Tidal’s ClinicPlatform,(412) 237-1564,contact@tidalclinicplatform.io,https://www.tidalclinicplatform.io,63,Leeds,UK,2026-06-07 05:46:08
2026-06-07,ERP,CedarOrder Soft,(610) 353-8867,hello@cedarordersoft.com,https://cedarordersoft.com,485,Bengaluru,IN,2026-06-07 01:18:44
2026-06-07,MSP Platform,Pioneer Grid Recruiting,+18343881034 ext. 3,hello@pioneergridrecruiting.io,https://www.pioneergridrecruiting.io,11,Chicago,US,2026-06-07 03:41:09
2026-06-07,Legal,OnyxClause Flow,+1 (659) 874-8287,contact@onyxclauseflow.com,https://www.onyxclauseflow.com,75,Chicago,US,2026-06-07 05:49:36
2026-06-07,HR,JuniperPerform Sphere,585.573.9383,contact@juniperperformsphere.com,https://juniperperformsphere.com,1648,Boston,US,2026-06-07 02:09:54
2026-06-07,ERP,BoldChainTech,2078758003,info@boldchaintech.com,https://boldchaintech.com,130,Denver,US,2026-06-07 04:07:54
2026-06-07,Legal,Solid DocketSolutions,8894860588 ext. 93,info@soliddocketsolutions.net,https://soliddocketsolutions.net,39,Atlanta,US,2026-06-07 04:05:10
2026-06-07,Medical,QuartzRxPlatform,1-346-566-8998,info@quartzrxplatform.com,https://www.quartzrxplatform.com,985,Manchester,UK,2026-06-07 04:48:04
2026-06-07,MSP Platform,Vista Uptime Staffing,490-346-0676,hello@vistauptimestaffing.com,vistauptimestaffing.com,66,Munich,DE,2026-06-07 02:20:07
2026-06-07,ERP,CrestStockHub,(909) 242-8763,N/A,https://www.creststockhub.com,84,Atlanta,US,2026-06-07 05:20:56
2026-06-07,ERP,Core ResourceLogic,623-343-3027,info@coreresourcelogic.io,https://www.coreresourcelogic.io,508,Columbus,US,2026-06-07 04:42:50
2026-06-07,ERP,XenonForgeApp,6537659899,contact@xenonforgeapp.net,https://www.xenonforgeapp.net,67,Raleigh,US,2026-06-07 02:06:06
2026-06-07,MSP Platform,SolidEndpoint Cloud,+15434129704,contact@solidendpointcloud.net,https://www.solidendpointcloud.net,13,Berlin,DE,2026-06-07 06:07:49
2026-06-07,LMS,LumenPathSystems’s,782-873-3237,sales@lumenpathsystems.com,https://www.lumenpathsystems.com,38,Atlanta,US,2026-06-07 06:01:39
2026-06-07,HR,SummitTalentWorks,854-845-7994,info@summittalentworks.co,https://www.summittalentworks.co,42,Phoenix,US,2026-06-07 06:27:03
2026-06-07,MSP Platform,ApexRemote’s Desk,+18273408606,hello@apexremotedesk.com,https://www.apexremotedesk.com,62,Dublin,IE,2026-06-07 01:44:24
2026-06-07,Legal,Blue CaseSolutions,1-202-666-9024,sales@bluecasesolutions.com,https://www.bluecasesolutions.com,17,Sydney,AU,2026-06-07 03:34:08
2026-06-07,LMS,Atlas LearnPoint,335-467-7909,info@atlaslearnpoint.co,https://www.atlaslearnpoint.co,531,Leeds,UK,2026-06-07 06:55:13
2026-06-07,ERP,SablePlanSolutions,(640) 366-4404,sales@sableplansolutions.com,https://sableplansolutions.com,277,Raleigh,US,2026-06-07 06:10:00
2026-06-07,ERP,LumenPlanSoft,365-627-9977,info@lumenplansoft.net,lumenplansoft.net,12,Manchester,UK,2026-06-07 01:30:29
2026-06-07,MSP Platform,CoreMatterCloud,272.665.4666,info@coremattercloud.net,https://www.coremattercloud.net,23,Islamabad,PK,2026-06-07 05:41:37
2026-06-07,Legal,RidgeVerdictPlatform,+15158532015,sales@ridgeverdictplatform.com,https://www.ridgeverdictplatform.com,17,Phoenix,US,2026-06-07 03:01:46
2026-06-07,Legal,Alta VerdictDynamics,2553828997,contact@altaverdictdynamics.com,https://altaverdictdynamics.com,150,Leeds,UK,2026-06-07 04:07:45
2026-06-07,HR,IronPayroll Core,3126044540,hello@ironpayrollcore.com,ironpayrollcore.com,110,Denver,US,2026-06-07 05:34:29
2026-06-07,ERP,TrueForge Solutions,888-870-8034,N/A,https://www.trueforgesolutions.com,19,Raleigh,US,2026-06-07 05:08:07
2026-06-07,Legal,ZenVerdict Systems,498-980-3993,contact@zenverdictsystems.com,https://zenverdictsystems.com,57,Tampa,US,2026-06-07 06:34:48
2026-06-07,Medical,Pioneer HealthDynamics,(219) 487-6178,hello@pioneerhealthdynamics.io,pioneerhealthdynamics.io,27,Vancouver,CA,2026-06-07 01:38:11
2026-06-07,ERP,Granite BatchLogic,512-940-7159,hello@granitebatchlogic.co,https://granitebatchlogic.co,18,Boston,US,2026-06-07 01:11:19
2026-06-07,HR,FalconRoster Point,1-419-346-2069,info@falconrosterpoint.com,https://falconrosterpoint.com,82,Seattle,US,2026-06-07 03:51:52
2026-06-07,ERP,North ResourcePlatform,4445590288,hello@northresourceplatform.net,https://northresourceplatform.net,369,Seattle,US,2026-06-07 03:29:14
2026-06-07,ERP,Golden OpsPlatform,+19303147396,sales@goldenopsplatform.net,https://www.goldenopsplatform.net,930,Vancouver,CA,2026-06-07 02:20:02
2026-06-07,MSP Platform,Ember EndpointBase,1-781-341-5701,hello@emberendpointbase.com,https://www.emberendpointbase.com,93,Denver,US,2026-06-07 03:05:40
2026-06-07,ERP,OrbitPlanHub,305-349-6993,contact@orbitplanhub.io,https://www.orbitplanhub.io,398,Raleigh,US,2026-06-07 04:45:15
2026-06-07,ERP,AnchorLedgerPoint,(847) 644-9401,sales@anchorledgerpoint.io,https://anchorledgerpoint.io,16,Tampa,US,2026-06-07 01:57:23
2026-06-07,MSP Platform,MetaUptimeDynamics,308-426-8088,contact@metauptimedynamics.com,https://www.metauptimedynamics.com,15,Tampa,US,2026-06-07 01:56:07
2026-06-07,HR,CrownRoster Flow,+19717511990,sales@crownrosterflow.com,crownrosterflow.com,244,Bengaluru,IN,2026-06-07 04:57:10
2026-06-07,HR,SummitPayroll Flow,4654854969,N/A,https://summitpayrollflow.com,68,Raleigh,US,2026-06-07 03:44:06
2026-06-07,Legal,Ember CompliSphere,5108583426,info@embercomplisphere.com,https://www.embercomplisphere.com,18,Boston,US,2026-06-07 05:20:25
2026-06-07,Medical,NovaMed Core,+13485870533,hello@novamedcore.com,https://www.novamedcore.com,17,Amsterdam,NL,2026-06-07 03:53:23
2026-06-07,LMS,PioneerCohortLabs,+15778495285,info@pioneercohortlabs.io,https://www.pioneercohortlabs.io,148,Berlin,DE,2026-06-07 06:06:54
2026-06-07,ERP,Fusion ResourceSphere,8079285808,contact@fusionresourcesphere.com,https://www.fusionresourcesphere.com,93,Columbus,US,2026-06-07 05:48:46
2026-06-07,Legal,IndigoFilingHub,713.793.3630,contact@indigofilinghub.co,https://www.indigofilinghub.co,459,Raleigh,US,2026-06-07 06:13:50
2026-06-07,Medical,ApexPulse Solutions,6698892145,contact@apexpulsesolutions.io,https://www.apexpulsesolutions.io,777,London,UK,2026-06-07 02:28:28
2026-06-07,ERP,Xenon ChainSolutions,+17603584365 ext. 69,sales@xenonchainsolutions.io,https://xenonchainsolutions.io,805,Denver,US,2026-06-07 02:45:40
2026-06-07,ERP,AtlasFiling Core,+1 (584) 744-5302,hello@atlasfilingcore.co,https://www.atlasfilingcore.co,34,Chicago,US,2026-06-07 04:19:51
2026-06-07,HR,XenonTeam Labs,778-824-1978,contact@xenonteamlabs.com,https://xenonteamlabs.com,69,Raleigh,US,2026-06-07 05:26:16
2026-06-07,Medical,ZephyrHealthBase,986.740.5866,contact@zephyrhealthbase.com,https://zephyrhealthbase.com,7,Columbus,US,2026-06-07 05:50:17
2026-06-07,Legal,EmberMatterLabs’s,682-445-5521,info@embermatterlabs.com,https://www.embermatterlabs.com,20,Atlanta,US,2026-06-07 02:34:20
2026-06-07,ERP,CrownBatchWorks,1-701-806-3196,hello@crownbatchworks.com,https://www.crownbatchworks.com,24,Phoenix,US,2026-06-07 06:16:41
2026-06-07,HR,OrbitPeopleDesk,+13658000006,contact@orbitpeopledesk.net,https://orbitpeopledesk.net,91,Manchester,UK,2026-06-07 01:18:20
2026-06-07,ERP,OmniStockDesk,423.494.7401 ext. 17,hello@omnistockdesk.com,https://www.omnistockdesk.com,50,Raleigh,US,2026-06-07 03:02:10
2026-06-07,ERP,Falcon StockHub,(761) 997-1131,info@falconstockhub.io,https://www.falconstockhub.io,39,Dublin,IE,2026-06-07 01:21:12
2026-06-07,LMS,Harbor CourseSystems,(652) 735-6527,sales@harborcoursesystems.co,harborcoursesystems.co,19,Sydney,AU,2026-06-07 03:21:21
2026-06-07,Legal,KeystoneClause Base,+19252262326,sales@keystoneclausebase.io,https://keystoneclausebase.io,37,Boston,US,2026-06-07 02:47:10
2026-06-07,MSP Platform,PioneerEndpoint Tech,02347430246,hello@pioneerendpointtech.com,https://www.pioneerendpointtech.com,5,Austin,US,2026-06-07 06:59:40
2026-06-07,MSP Platform,PrimeRemoteSoft,1-300-242-6727,info@primeremotesoft.com,https://www.primeremotesoft.com,14,N/A,US,2026-06-07 04:57:05
2026-06-07,Medical,CrownCarePlatform,+16814865353 ext. 54,sales@crowncareplatform.io,crowncareplatform.io,19,Austin,US,2026-06-07 02:17:43
2026-06-07,HR,NovaTeamSoft,(598) 555-4240,sales@novateamsoft.com,https://novateamsoft.com,42,Chicago,US,2026-06-07 03:30:59
2026-06-07,Medical,OmniChart Sync,633.474.4325,sales@omnichartsync.com,https://www.omnichartsync.com,16,Atlanta,US,2026-06-07 01:30:22
2026-06-07,ERP,Lumen OpsBase,819-616-0349,info@lumenopsbase.com,https://lumenopsbase.com,4479,Islamabad,PK,2026-06-07 05:20:35
2026-06-07,MSP Platform,Mosaic EndpointDesk,(593) 477-6984,sales@mosaicendpointdesk.com,https://www.mosaicendpointdesk.com,19,Denver,US,2026-06-07 02:02:11
2026-06-07,HR,GoldenPerform App,642-225-2864,hello@goldenperformapp.net,https://www.goldenperformapp.net,29,Columbus,US,2026-06-07 01:53:33
2026-06-07,Legal,CobaltBriefBase,(851) 880-7454 ext. 26,info@cobaltbriefbase.com,https://www.cobaltbriefbase.com,127,Phoenix,US,2026-06-07 01:32:24
2026-06-07,HR,Nimbus PayrollCore,+1 (829) 210-9503,sales@nimbuspayrollcore.com,https://www.nimbuspayrollcore.com,1290,Raleigh,US,2026-06-07 06:01:35
2026-06-07,Legal,Juniper FilingLabs,751-885-1162,hello@juniperfilinglabs.com,https://www.juniperfilinglabs.com,97,Leeds,UK,2026-06-07 06:02:33
2026-06-07,HR,Iron CultureSolutions,1-759-452-7727,contact@ironculturesolutions.io,https://www.ironculturesolutions.io,42,Munich,DE,2026-06-07 06:10:51
2026-06-07,Medical,Clear PulseHub,4125578298,contact@clearpulsehub.com,https://www.clearpulsehub.com,4496,Boston,US,2026-06-07 01:08:26
2026-06-07,Legal,SolidFilingSync,709-784-1379,hello@solidfilingsync.com,https://www.solidfilingsync.com,373,Chicago,US,2026-06-07 06:47:56
2026-06-07,HR,Iron BenefitFlow,208-573-5086,contact@ironbenefitflow.io,https://ironbenefitflow.io,527,Austin,US,2026-06-07 01:04:11
2026-06-07,Medical,GraniteVitalPoint’s,+14452335226 ext. 69,contact@granitevitalpoint.io,https://granitevitalpoint.io,20,Tampa,US,2026-06-07 06:45:53
2026-06-07,ERP,EmberTriageSphere,1-403-533-5245,info@embertriagesphere.io,https://www.embertriagesphere.io,437,Seattle,US,2026-06-07 02:03:30
2026-06-07,ERP,Quartz BatchSoft,+1 (432) 530-2808 ext. 13,info@quartzbatchsoft.co,https://www.quartzbatchsoft.co,194,Boston,US,2026-06-07 03:45:22
2026-06-07,MSP Platform,PrimeNode Sync,956.388.4728,hello@primenodesync.com,https://www.primenodesync.com,15,London,UK,2026-06-07 04:17:20
2026-06-07,Legal,Atlas Brief Recruiting,288.871.7548,sales@atlasbriefrecruiting.com,https://atlasbriefrecruiting.com,19,Manchester,UK,2026-06-07 03:08:30
2026-06-07,Medical,NorthRxSystems,(709) 843-2567,contact@northrxsystems.com,https://www.northrxsystems.com,328,Tampa,US,2026-06-07 06:33:21
2026-06-07,Legal,CobaltCompliLogic,+1 (959) 706-5057,sales@cobaltcomplilogic.io,https://www.cobaltcomplilogic.io,16,Boston,US,2026-06-07 05:53:24
2026-06-07,LMS,Velo LessonSphere,(762) 698-0482,sales@velolessonsphere.co,https://www.velolessonsphere.co,976,Chicago,US,2026-06-07 04:51:16
2026-06-07,HR,Bold TalentSoft,734-705-1433,hello@boldtalentsoft.com,https://boldtalentsoft.com,9,Raleigh,US,2026-06-07 05:20:47
2026-06-07,ERP,PivotBatchLabs,727.413.5000,hello@pivotbatchlabs.com,https://pivotbatchlabs.com,35,Denver,US,2026-06-07 02:31:30
2026-06-07,MSP Platform,FalconEndpoint Base,511.800.5150,sales@falconendpointbase.com,falconendpointbase.com,238,Bengaluru,IN,2026-06-07 05:00:32
2026-06-07,HR,Zephyr ShiftDesk,+19403950589,sales@zephyrshiftdesk.net,https://www.zephyrshiftdesk.net,174,Columbus,US,2026-06-07 03:28:36
2026-06-07,Medical,Harbor PatientSphere,+19803174581,contact@harborpatientsphere.com,https://www.harborpatientsphere.com,28,Boston,US,2026-06-07 05:57:31
2026-06-07,HR,Cedar BenefitFlow,835-207-8737,sales@cedarbenefitflow.io,https://www.cedarbenefitflow.io,13,Atlanta,US,2026-06-07 06:35:47
2026-06-07,MSP Platform,Ember TicketSystems,+13697221271,hello@emberticketsystems.com,https://www.emberticketsystems.com,11,Seattle,US,2026-06-07 05:55:03
2026-06-07,Medical,OmniClinicPoint,02119071520,hello@omniclinicpoint.co,https://www.omniclinicpoint.co,7,Sydney,AU,2026-06-07 03:17:01
2026-06-07,MSP Platform,SableRemote Point,9055873677 ext. 56,sales@sableremotepoint.com,https://sableremotepoint.com,10,Melbourne,AU,2026-06-07 05:04:44
2026-06-07,ERP,ApexChainTech,(657) 562-8802,sales@apexchaintech.io,https://www.apexchaintech.io,31,Boston,US,2026-06-07 06:50:09
2026-06-07,Medical,Tidal ClinicDesk,300-567-5602,info@tidalclinicdesk.io,https://www.tidalclinicdesk.io,55,Seattle,US,2026-06-07 03:22:22
2026-06-07,MSP Platform,Cobalt TicketHub,(249) 886-1630,hello@cobalttickethub.io,https://cobalttickethub.io,824,Phoenix,US,2026-06-07 04:06:24
2026-06-07,MSP Platform,Blue PatchWorks,(427) 797-6133,info@bluepatchworks.com,https://www.bluepatchworks.com,227,Amsterdam,NL,2026-06-07 01:37:59
2026-06-07,Medical,SummitPulseBase,(675) 366-9839,sales@summitpulsebase.net,https://www.summitpulsebase.net,1092,Chicago,US,2026-06-07 05:09:15
2026-06-07,Medical,North PulseSuite,(355) 532-9673,hello@northpulsesuite.com,https://www.northpulsesuite.com,54,Columbus,US,2026-06-07 05:21:47
2026-06-07,Medical,CedarMed Tech,+1 (496) 322-8638,info@cedarmedtech.io,https://cedarmedtech.io,33,Chicago,US,2026-06-07 05:11:56
2026-06-07,ERP,WillowOrder Logic,5043383411,hello@willoworderlogic.com,https://www.willoworderlogic.com,20,Raleigh,US,2026-06-07 06:19:46
2026-06-07,ERP,Solid ResourceSystems,(809) 622-3311,sales@solidresourcesystems.com,https://www.solidresourcesystems.com,76,Phoenix,US,2026-06-07 01:04:10
2026-06-07,MSP Platform,WillowNet Logic,6114245973 ext. 37,hello@willownetlogic.com,https://www.willownetlogic.com,-,Melbourne,AU,2026-06-07 04:10:25
2026-06-07,HR,Anchor CultureSuite,4244421426,info@anchorculturesuite.io,https://www.anchorculturesuite.io,36,Melbourne,AU,2026-06-07 04:46:24
2026-06-07,ERP,VeloBatchCloud,07255718618 ext. 35,sales@velobatchcloud.com,https://www.velobatchcloud.com,60,Austin,US,2026-06-07 03:31:24
2026-06-07,Legal,Lattice BriefCloud,+14783954368,hello@latticebriefcloud.net,https://latticebriefcloud.net,,Austin,US,2026-06-07 06:45:02
2026-06-07,MSP Platform,MetaTicket Core,+1 (596) 894-7745,contact@metaticketcore.com,https://www.metaticketcore.com,10,Austin,US,2026-06-07 06:34:59
2026-06-07,Medical,AltaTriage Labs,+1 (966) 667-1086,info@altatriagelabs.net,https://www.altatriagelabs.net,30,Boston,US,2026-06-07 03:41:45
2026-06-07,Legal,WillowMatter Hub,(317) 540-8565,sales@willowmatterhub.com,https://www.willowmatterhub.com,10,Boston,US,2026-06-07 05:15:40
2026-06-07,HR,SilverShift Labs,+1 (543) 482-0394,contact@silvershiftlabs.com,https://silvershiftlabs.com,4373,Hyderabad,IN,2026-06-07 01:15:07
2026-06-07,HR,Vertex PeoplePoint,3642939511 ext. 66,info@vertexpeoplepoint.com,https://www.vertexpeoplepoint.com,45,Denver,US,2026-06-07 05:31:45
2026-06-07,MSP Platform,SableStackWorks,(207) 649-3584,contact@sablestackworks.net,https://sablestackworks.net,883,Chicago,US,2026-06-07 05:22:24
2026-06-07,Medical,WillowChartDesk,(715) 853-2270,info@willowchartdesk.com,https://willowchartdesk.com,3986,Atlanta,US,2026-06-07 04:11:56
2026-06-07,Legal,FusionCounselTech,+19812029274,sales@fusioncounseltech.net,https://fusioncounseltech.net,20,London,UK,2026-06-07 06:36:45
2026-06-07,Legal,Golden VerdictSoft,+12608175849,info@goldenverdictsoft.com,https://www.goldenverdictsoft.com,97,Raleigh,US,2026-06-07 02:40:57
2026-06-07,Legal,Indigo CompliApp,(533) 827-0130,sales@indigocompliapp.com,https://www.indigocompliapp.com,-,Seattle,US,2026-06-07 05:14:46
2026-06-07,LMS,PrimeQuiz Platform,867.263.1615 ext. 98,sales@primequizplatform.io,primequizplatform.io,13,Columbus,US,2026-06-07 03:22:11
2026-06-07,HR,NimbusPeople Cloud,(808) 629-9444,sales@nimbuspeoplecloud.co,nimbuspeoplecloud.co,3999,Amsterdam,NL,2026-06-07 02:19:55
2026-06-07,HR,ZenTalentLabs,+16765529774,info@zentalentlabs.com,https://zentalentlabs.com,18,Boston,US,2026-06-07 01:13:31
2026-06-07,LMS,North OnboardHub,684-755-6532,contact@northonboardhub.net,https://www.northonboardhub.net,31,Vancouver,CA,2026-06-07 03:23:37
2026-06-07,ERP,Bold StockCloud,1-530-630-0269,hello@boldstockcloud.co,https://www.boldstockcloud.co,16,Chicago,US,2026-06-07 01:01:57
2026-06-07,ERP,Velo Ledger BPO Services,+12549150187,,veloledgerbposervices.com,521,Seattle,US,2026-06-07 03:47:33
2026-06-07,HR,Golden PeoplePoint,367-808-7059,contact@goldenpeoplepoint.com,https://goldenpeoplepoint.com,245,Leeds,UK,2026-06-07 05:57:42
2026-06-07,ERP,AltaBatchCloud,+13959298170,hello@altabatchcloud.io,https://www.altabatchcloud.io,17,null,US,2026-06-07 04:43:30
2026-06-07,HR,BoldPayrollDynamics,8243452480,info@boldpayrolldynamics.com,https://www.boldpayrolldynamics.com,125,Tampa,US,2026-06-07 05:42:55
2026-06-07,Legal,CoreDocketSuite,2806857122,info@coredocketsuite.io,https://coredocketsuite.io,166,Atlanta,US,2026-06-07 03:38:02
2026-06-07,ERP,Lattice OpsPoint,6519734038,info@latticeopspoint.com,https://www.latticeopspoint.com,33,Phoenix,US,2026-06-07 03:41:56
2026-06-07,HR,Iron TalentSoft,+17017088361,hello@irontalentsoft.co,https://irontalentsoft.co,220,Calgary,CA,2026-06-07 06:56:47
2026-06-07,ERP,Core LedgerCore,+1 (606) 931-0275,info@coreledgercore.com,https://coreledgercore.com,51,Chicago,US,2026-06-07 06:32:44
2026-06-07,Medical,OmniVitalSolutions,(444) 649-4373,contact@omnivitalsolutions.co,https://omnivitalsolutions.co,9,Melbourne,AU,2026-06-07 01:16:09
2026-06-07,Medical,North TriagePoint,+17484245707,hello@northtriagepoint.com,https://www.northtriagepoint.com,19,Boston,US,2026-06-07 03:27:35
2026-06-07,Medical,Sable VitalDynamics,4277723715,-,https://www.sablevitaldynamics.io,13,London,UK,2026-06-07 01:04:34
2026-06-07,Medical,CobaltPulseSuite,(705) 368-4596,info@cobaltpulsesuite.com,https://www.cobaltpulsesuite.com,50,Denver,US,2026-06-07 04:16:59
2026-06-07,HR,Indigo PeopleSync,(270) 723-1543,contact@indigopeoplesync.com,indigopeoplesync.com,N/A,Melbourne,AU,2026-06-07 06:37:35
2026-06-07,ERP,Tidal LedgerDynamics,310.639.3409,info@tidalledgerdynamics.com,tidalledgerdynamics.com,37,Columbus,US,2026-06-07 01:00:43
2026-06-07,ERP,VistaChain Flow,(486) 581-0518,hello@vistachainflow.net,https://www.vistachainflow.net,399,Phoenix,US,2026-06-07 03:37:16
2026-06-07,HR,BlueShift Cloud,(756) 583-9818,info@blueshiftcloud.com,https://blueshiftcloud.com,16,Dublin,IE,2026-06-07 01:56:37
2026-06-07,Medical,CrownMedBase,(382) 456-1003,sales@crownmedbase.com,https://crownmedbase.com,47,Berlin,DE,2026-06-07 06:22:35
2026-06-07,ERP,EmberPlan Core,+15677348914 ext. 21,hello@emberplancore.co,https://emberplancore.co,35,Seattle,US,2026-06-07 05:19:20
2026-06-07,Medical,RidgePatient Sphere,662-293-1017,contact@ridgepatientsphere.io,https://www.ridgepatientsphere.io,6,Raleigh,US,2026-06-07 06:43:09
2026-06-07,Legal,Xenon Filing Talent Agency,775-312-7204,contact@xenonfilingtalentagency.com,https://www.xenonfilingtalentagency.com,97,Leeds,UK,2026-06-07 06:38:36
2026-06-07,HR,Crown PayrollSolutions,951-291-0825,-,https://www.crownpayrollsolutions.io,7,Seattle,US,2026-06-07 03:32:29
2026-06-07,Legal,IronBriefLabs,496.312.1895,contact@ironbrieflabs.io,https://www.ironbrieflabs.io,8,Columbus,US,2026-06-07 03:14:04
2026-06-07,ERP,MetaPlan Point,588-640-7973,sales@metaplanpoint.net,https://www.metaplanpoint.net,474,Austin,US,2026-06-07 01:48:24
2026-06-07,ERP,Pioneer StockSystems,(987) 652-0902,sales@pioneerstocksystems.io,https://www.pioneerstocksystems.io,156,Atlanta,US,2026-06-07 04:03:59
2026-06-07,ERP,SolidOrderCloud,+14115952289 ext. 1,contact@solidordercloud.io,https://www.solidordercloud.io,5,Chicago,US,2026-06-07 04:41:11
2026-06-07,ERP,Lumen StockDesk,631-950-1895,info@lumenstockdesk.net,https://www.lumenstockdesk.net,11,Seattle,US,2026-06-07 06:27:45
2026-06-07,ERP,Ridgeway Resource Talent Agency,+1 (560) 873-6152 ext. 33,sales@ridgewayresourcetalentagency.io,https://www.ridgewayresourcetalentagency.io,720,Sydney,AU,2026-06-07 05:29:38
2026-06-07,ERP,Keystone ChainSync,+1 (348) 262-6777,info@keystonechainsync.com,https://www.keystonechainsync.com,17,Austin,US,2026-06-07 01:43:33
2026-06-07,Medical,CobaltTriage Hub,270-912-7344,contact@cobalttriagehub.co,https://www.cobalttriagehub.co,15,Austin,US,2026-06-07 03:57:53
2026-06-07,Medical,Delta ChartTech,1-236-730-1090,hello@deltacharttech.com,https://www.deltacharttech.com,14,Austin,US,2026-06-07 01:36:52
2026-06-07,ERP,RidgeResource Cloud,+1 (594) 754-2639,hello@ridgeresourcecloud.com,https://www.ridgeresourcecloud.com,null,Boston,US,2026-06-07 03:24:41
2026-06-07,Medical,ClearTriage Cloud,+18943734185,sales@cleartriagecloud.com,https://www.cleartriagecloud.com,21,Leeds,UK,2026-06-07 01:00:37
2026-06-07,MSP Platform,RapidStack Hub,06096169157 ext. 3,hello@rapidstackhub.com,https://www.rapidstackhub.com,79,Atlanta,US,2026-06-07 06:48:30
2026-06-07,MSP Platform,VeloGridSoft,+1 (258) 319-9741,hello@velogridsoft.io,https://www.velogridsoft.io,-,Tampa,US,2026-06-07 05:52:28
2026-06-07,HR,NimbusCulturePoint,(715) 644-1182,contact@nimbusculturepoint.com,https://www.nimbusculturepoint.com,14,Raleigh,US,2026-06-07 03:29:22
2026-06-07,Medical,Blue CareCore,768-970-0703,sales@bluecarecore.io,https://bluecarecore.io,79,Raleigh,US,2026-06-07 06:58:42
2026-06-07,ERP,SableOps Core,(692) 928-3441,sales@sableopscore.com,https://www.sableopscore.com,967,Berlin,DE,2026-06-07 01:57:15
2026-06-07,MSP Platform,HaloOnboardLogic,1-461-854-1413,,https://haloonboardlogic.com,12,Austin,US,2026-06-07 06:52:02
2026-06-07,Medical,North CareCore,+19606504830,hello@northcarecore.com,https://northcarecore.com,5,Sydney,AU,2026-06-07 01:40:51
2026-06-07,ERP,IndigoPlan Base,804.311.4367 ext. 96,sales@indigoplanbase.net,https://www.indigoplanbase.net,412,Boston,US,2026-06-07 01:41:38
2026-06-07,Legal,ArchLaw Suite,(563) 918-1911,info@archlawsuite.com,https://www.archlawsuite.com,1380,Pune,IN,2026-06-07 01:40:52
2026-06-07,LMS,QuantumLearn Labs,+16673916904,info@quantumlearnlabs.net,https://quantumlearnlabs.net,62,Chicago,US,2026-06-07 02:48:34
2026-06-07,ERP,NorthForge Desk,(571) 493-6543,hello@northforgedesk.net,https://www.northforgedesk.net,N/A,Austin,US,2026-06-07 01:30:50
2026-06-07,LMS,Crown PathSoft,1-909-992-4420,contact@crownpathsoft.com,https://www.crownpathsoft.com,34,Hyderabad,IN,2026-06-07 04:31:37
2026-06-07,Legal,Sable VerdictFlow,717.641.0643,info@sableverdictflow.com,https://sableverdictflow.com,8,Chicago,US,2026-06-07 06:16:31
2026-06-07,Medical,Crest Vital Talent Agency,+1 (475) 448-2231,hello@crestvitaltalentagency.com,https://www.crestvitaltalentagency.com,85,Leeds,UK,2026-06-07 02:40:01
2026-06-07,HR,Orbit PerformSync,8162365031 ext. 96,contact@orbitperformsync.com,https://www.orbitperformsync.com,9,Vancouver,CA,2026-06-07 03:09:06
2026-06-07,HR,ZephyrCulture Point,484-527-4708,contact@zephyrculturepoint.com,zephyrculturepoint.com,26,Vancouver,CA,2026-06-07 05:50:11
2026-06-07,ERP,FalconPlan Suite,872.679.3319,hello@falconplansuite.io,falconplansuite.io,15,Tampa,US,2026-06-07 03:27:26
2026-06-07,Legal,Beacon Law Outsourcing,(326) 429-9857,info@beaconlawoutsourcing.com,https://www.beaconlawoutsourcing.com,30,Munich,DE,2026-06-07 05:35:01
2026-06-07,HR,MosaicPayrollCore,222.723.1395,info@mosaicpayrollcore.com,mosaicpayrollcore.com,4921,Austin,US,2026-06-07 05:04:43
2026-06-07,HR,ApexPayroll Base,449.445.3765,sales@apexpayrollbase.com,apexpayrollbase.com,252,Columbus,US,2026-06-07 02:11:27
2026-06-07,HR,AnchorTalentSphere,372-322-2267 ext. 79,info@anchortalentsphere.com,https://www.anchortalentsphere.com,254,Lahore,PK,2026-06-07 02:41:38
2026-06-07,MSP Platform,AltaNetDesk,1-539-924-8705 ext. 3,info@altanetdesk.com,https://www.altanetdesk.com,834,Phoenix,US,2026-06-07 02:47:31
2026-06-07,HR,PrimeShift Platform,678-474-5315,contact@primeshiftplatform.com,https://www.primeshiftplatform.com,177,Raleigh,US,2026-06-07 01:03:17
2026-06-07,LMS,SilverTrainApp,1-503-786-5978,info@silvertrainapp.com,https://silvertrainapp.com,3697,Phoenix,US,2026-06-07 05:17:43
2026-06-07,ERP,HarborLedgerSolutions,+17185433050,contact@harborledgersolutions.com,https://www.harborledgersolutions.com,101,Seattle,US,2026-06-07 02:23:19
2026-06-07,Medical,NimbusVital App,1-788-666-7993,hello@nimbusvitalapp.com,https://www.nimbusvitalapp.com,35,Dublin,IE,2026-06-07 04:34:25
2026-06-07,ERP,BoldOps Logic,+17082788929,info@boldopslogic.net,https://boldopslogic.net,13,Toronto,CA,2026-06-07 01:21:47
2026-06-07,ERP,PolarisLedgerFlow,1-319-549-4038,info@polarisledgerflow.com,https://www.polarisledgerflow.com,33,Seattle,US,2026-06-07 03:35:25
2026-06-07,Medical,ApexChart Dynamics,1-419-458-0015,hello@apexchartdynamics.co,https://apexchartdynamics.co,50,Vancouver,CA,2026-06-07 03:02:03
2026-06-07,MSP Platform,WillowNetHub,+12405785124,sales@willownethub.io,https://www.willownethub.io,16,Phoenix,US,2026-06-07 05:39:50
2026-06-07,Medical,PioneerPulseDesk,04903958895,hello@pioneerpulsedesk.io,https://pioneerpulsedesk.io,42,Tampa,US,2026-06-07 02:39:28
2026-06-07,ERP,OmniOrderSolutions,(472) 359-3626,info@omniordersolutions.com,https://omniordersolutions.com,453,Atlanta,US,2026-06-07 05:40:48
2026-06-07,Legal,HarborVerdict Platform,(209) 942-5772,contact@harborverdictplatform.net,https://www.harborverdictplatform.net,43,Denver,US,2026-06-07 04:17:27
2026-06-07,HR,Ember ShiftTech,+16539612187,N/A,https://www.embershifttech.com,369,Columbus,US,2026-06-07 03:40:46
2026-06-07,Medical,VistaPatient Dynamics,(585) 759-2934,contact@vistapatientdynamics.com,https://www.vistapatientdynamics.com,60,Seattle,US,2026-06-07 06:13:37
2026-06-07,Medical,QuantumChartCore,(518) 931-9750,info@quantumchartcore.com,https://quantumchartcore.com,40,Columbus,US,2026-06-07 05:49:50
2026-06-07,ERP,Vertex Stock BPO Services,954.242.0680,sales@vertexstockbposervices.io,https://www.vertexstockbposervices.io,31,Seattle,US,2026-06-07 02:31:39
2026-06-07,Medical,Meta TriageSphere,680-499-5423,info@metatriagesphere.com,metatriagesphere.com,95,Boston,US,2026-06-07 02:57:43
2026-06-07,Legal,Sable CounselSoft,986-689-8854,info@sablecounselsoft.net,https://www.sablecounselsoft.net,1411,Atlanta,US,2026-06-07 01:33:59
2026-06-07,ERP,CobaltOpsFlow,1-530-599-8399 ext. 15,sales@cobaltopsflow.com,https://www.cobaltopsflow.com,230,Columbus,US,2026-06-07 04:18:47
2026-06-07,Legal,Atlas PatientPoint,+14174480434,contact@atlaspatientpoint.io,https://www.atlaspatientpoint.io,79,Boston,US,2026-06-07 02:09:18
2026-06-07,MSP Platform,Golden EndpointFlow,+13775253584,sales@goldenendpointflow.com,https://www.goldenendpointflow.com,119,Chicago,US,2026-06-07 02:38:42
2026-06-07,ERP,LatticeOps Sync,+15767997098,sales@latticeopssync.net,latticeopssync.net,128,Raleigh,US,2026-06-07 04:45:29
2026-06-07,ERP,Bright ChainTech,03585818775,hello@brightchaintech.com,https://www.brightchaintech.com,12,Austin,US,2026-06-07 03:13:03
2026-06-07,ERP,Vista OpsDynamics,682-367-0841,N/A,https://vistaopsdynamics.com,170,Leeds,UK,2026-06-07 06:49:19
2026-06-07,Medical,Meta HealthSuite,7522763247,hello@metahealthsuite.com,https://www.metahealthsuite.com,607,Chicago,US,2026-06-07 05:00:03
2026-06-07,MSP Platform,CrestPatch Tech,1-809-431-4632,info@crestpatchtech.com,https://www.crestpatchtech.com,78,Denver,US,2026-06-07 06:38:00
2026-06-07,Medical,NimbusClinic Cloud,6652338277,sales@nimbuscliniccloud.com,https://nimbuscliniccloud.com,11,Columbus,US,2026-06-07 03:47:36
2026-06-07,Legal,SilverCounselTech,1-984-977-3646,sales@silvercounseltech.com,https://www.silvercounseltech.com,42,Austin,US,2026-06-07 01:41:32
2026-06-07,HR,North BenefitDesk,+19524955426,info@northbenefitdesk.com,https://www.northbenefitdesk.com,341,Vancouver,CA,2026-06-07 04:27:57
2026-06-07,MSP Platform,Lattice MonitorPlatform,846-642-4037,sales@latticemonitorplatform.co,https://latticemonitorplatform.co,46,Pune,IN,2026-06-07 03:43:56
2026-06-07,ERP,AltaOpsApp,+13328008176 ext. 94,-,https://www.altaopsapp.com,331,Manchester,UK,2026-06-07 03:21:52
2026-06-07,Medical,VistaVitalCloud,723-712-6465,hello@vistavitalcloud.net,https://www.vistavitalcloud.net,197,Leeds,UK,2026-06-07 05:44:07
2026-06-07,Medical,True Patient Manpower Services,(763) 838-7149,contact@truepatientmanpowerservices.com,https://www.truepatientmanpowerservices.com,2957,Phoenix,US,2026-06-07 05:08:26
2026-06-07,ERP,Blue LedgerLogic,874-945-7206,info@blueledgerlogic.com,https://www.blueledgerlogic.com,67,Phoenix,US,2026-06-07 04:17:19
2026-06-07,Medical,Apex VitalBase,299-554-5978,info@apexvitalbase.com,https://www.apexvitalbase.com,95,Munich,DE,2026-06-07 01:23:00
2026-06-07,ERP,Omni OpsPoint,(579) 688-9745,hello@omniopspoint.io,omniopspoint.io,51,Karachi,PK,2026-06-07 01:41:11
2026-06-07,Medical,PolarisTriageWorks,8052672314,N/A,https://www.polaristriageworks.com,82,Berlin,DE,2026-06-07 05:37:43
2026-06-07,HR,LatticeTalentApp,06946451386,info@latticetalentapp.com,https://www.latticetalentapp.com,144,Munich,DE,2026-06-07 06:25:55
2026-06-07,HR,HaloTeamSystems,+1 (790) 546-3339 ext. 2,contact@haloteamsystems.com,https://www.haloteamsystems.com,N/A,Melbourne,AU,2026-06-07 05:53:23
2026-06-07,LMS,OrbitCourse Systems,+13556946178,hello@orbitcoursesystems.co,https://www.orbitcoursesystems.co,24,Chicago,US,2026-06-07 05:21:56
2026-06-07,Medical,Mosaic VitalWorks,+12957350800,contact@mosaicvitalworks.com,https://www.mosaicvitalworks.com,192,Pune,IN,2026-06-07 06:42:16
2026-06-07,Medical,SolidMedCloud,(503) 849-5674,info@solidmedcloud.com,https://solidmedcloud.com,17,Boston,US,2026-06-07 04:57:11
2026-06-07,Legal,Arch BriefWorks,(490) 826-1162,info@archbriefworks.com,https://www.archbriefworks.com,12,Phoenix,US,2026-06-07 05:32:32
2026-06-07,HR,NovaTalent Soft,293.390.9762,info@novatalentsoft.com,https://www.novatalentsoft.com,426,Calgary,CA,2026-06-07 04:38:24
2026-06-07,ERP,Bright FinPlatform,+1 (896) 943-1647,sales@brightfinplatform.com,https://www.brightfinplatform.com,51,Boston,US,2026-06-07 05:01:27
2026-06-07,Medical,QuantumCare Suite,(520) 432-0061,hello@quantumcaresuite.com,quantumcaresuite.com,21,Austin,US,2026-06-07 02:45:20
2026-06-07,ERP,WillowResourceWorks,866-783-6206,info@willowresourceworks.com,https://www.willowresourceworks.com,15,Singapore,SG,2026-06-07 03:03:37
2026-06-07,Medical,RavenHealthDesk,+17958918239,contact@ravenhealthdesk.com,https://www.ravenhealthdesk.com,143,Islamabad,PK,2026-06-07 06:05:57
2026-06-07,Medical,QuantumRx Flow,(966) 430-8415 ext. 75,sales@quantumrxflow.io,https://www.quantumrxflow.io,46,Seattle,US,2026-06-07 03:17:01
2026-06-07,MSP Platform,VistaUptimeSystems,(447) 483-8726,hello@vistauptimesystems.com,vistauptimesystems.com,191,Sydney,AU,2026-06-07 03:49:39
2026-06-07,ERP,Arch PlanTech,(751) 949-2941,info@archplantech.com,https://www.archplantech.com,421,Atlanta,US,2026-06-07 04:43:55
2026-06-07,Medical,BrightRx Desk,+12867308476,hello@brightrxdesk.co,https://www.brightrxdesk.co,41,Phoenix,US,2026-06-07 01:06:28
2026-06-07,Medical,RapidOps Flow,+17086833061,sales@rapidopsflow.com,https://www.rapidopsflow.com,38,Tampa,US,2026-06-07 05:43:32
2026-06-07,Legal,Nova MatterSystems,9244492331,contact@novamattersystems.io,https://novamattersystems.io,3762,Tampa,US,2026-06-07 06:05:32
2026-06-07,Legal,RavenMatter Systems,904-297-2717,info@ravenmattersystems.com,https://www.ravenmattersystems.com,54,Boston,US,2026-06-07 04:16:15
2026-06-07,HR,MosaicShift Solutions,895-377-5211,info@mosaicshiftsolutions.io,https://mosaicshiftsolutions.io,275,Columbus,US,2026-06-07 05:45:52
2026-06-07,ERP,Orbit ChainWorks,+1 (538) 551-3378,sales@orbitchainworks.com,https://orbitchainworks.com,null,London,UK,2026-06-07 05:00:54
2026-06-07,Legal,BeaconBriefBase,5643518203,contact@beaconbriefbase.net,https://www.beaconbriefbase.net,11,Melbourne,AU,2026-06-07 01:00:55
2026-06-07,HR,Vista PayrollSoft,5432261906,contact@vistapayrollsoft.com,https://www.vistapayrollsoft.com,9,Bengaluru,IN,2026-06-07 01:34:17
2026-06-07,Medical,SolidClinic Hub,(231) 787-0301,info@solidclinichub.com,https://www.solidclinichub.com,16,Vancouver,CA,2026-06-07 03:28:37
2026-06-07,Legal,ApexCompli Desk,(332) 876-3119,sales@apexcomplidesk.io,https://www.apexcomplidesk.io,null,Boston,US,2026-06-07 01:29:52
2026-06-07,ERP,RavenResource Sphere,6924513660,contact@ravenresourcesphere.com,https://ravenresourcesphere.com,361,Tampa,US,2026-06-07 01:47:20
2026-06-07,HR,Sable Payroll Staffing,+12295094419,sales@sablepayrollstaffing.com,https://www.sablepayrollstaffing.com,81,Amsterdam,NL,2026-06-07 01:05:03
2026-06-07,HR,Raven ShiftWorks,(917) 842-8961,sales@ravenshiftworks.io,https://ravenshiftworks.io,7,Raleigh,US,2026-06-07 03:08:24
2026-06-07,ERP,Cedar ForgeBase,+18675968084,hello@cedarforgebase.io,https://www.cedarforgebase.io,233,Manchester,UK,2026-06-07 02:22:38
2026-06-07,HR,Iron ShiftPoint,(804) 883-2137,hello@ironshiftpoint.com,https://www.ironshiftpoint.com,43,Seattle,US,2026-06-07 06:04:54
2026-06-07,ERP,CoreOrder Systems,6848455704,contact@coreordersystems.com,https://www.coreordersystems.com,529,Chicago,US,2026-06-07 02:37:15
2026-06-07,MSP Platform,RavenGrid Suite,+18915722380,hello@ravengridsuite.io,https://www.ravengridsuite.io,89,Boston,US,2026-06-07 05:57:20
2026-06-07,ERP,AltaLedger Works,+13746544131,hello@altaledgerworks.com,https://www.altaledgerworks.com,27,Austin,US,2026-06-07 06:38:39
2026-06-07,Medical,XenonCareTech,(673) 373-4304 ext. 96,sales@xenoncaretech.io,https://www.xenoncaretech.io,876,null,US,2026-06-07 06:44:42
2026-06-07,ERP,HaloOps Sphere,9829886301,info@haloopssphere.co,https://www.haloopssphere.co,N/A,London,UK,2026-06-07 02:33:34
2026-06-07,Medical,RidgewayHealth App,+15439621817,contact@ridgewayhealthapp.com,https://www.ridgewayhealthapp.com,26,Austin,US,2026-06-07 04:33:43
2026-06-07,ERP,Granite ResourceSolutions,3735354488,info@graniteresourcesolutions.com,graniteresourcesolutions.com,27,Calgary,CA,2026-06-07 05:57:26
2026-06-07,ERP,WillowStockLogic,+18042969108 ext. 90,sales@willowstocklogic.com,https://www.willowstocklogic.com,87,Vancouver,CA,2026-06-07 06:39:44
2026-06-07,MSP Platform,Bright NetDesk,+16793959879,hello@brightnetdesk.com,https://www.brightnetdesk.com,87,Chicago,US,2026-06-07 02:59:44
2026-06-07,MSP Platform,Zen Uptime BPO Services,05282292927 ext. 43,hello@zenuptimebposervices.com,https://zenuptimebposervices.com,18,Austin,US,2026-06-07 02:30:13
2026-06-07,Legal,ClearFilingLabs,616-994-5738,hello@clearfilinglabs.net,https://clearfilinglabs.net,173,Atlanta,US,2026-06-07 03:04:57
2026-06-07,HR,OrbitPayroll Base,+1 (373) 523-2469,sales@orbitpayrollbase.com,https://www.orbitpayrollbase.com,561,Denver,US,2026-06-07 05:51:55
2026-06-07,MSP Platform,GoldenEndpoint Cloud,1-605-752-6268,info@goldenendpointcloud.com,https://www.goldenendpointcloud.com,8,Melbourne,AU,2026-06-07 02:20:27
2026-06-07,MSP Platform,PivotMonitorPoint,(844) 934-7720,info@pivotmonitorpoint.com,https://www.pivotmonitorpoint.com,7,Denver,US,2026-06-07 02:07:51
2026-06-07,ERP,QuantumFinPoint,(222) 833-2051,,https://www.quantumfinpoint.com,39,Melbourne,AU,2026-06-07 05:53:37
2026-06-07,HR,LatticeEndpointDynamics,781-930-4181,info@latticeendpointdynamics.co,https://latticeendpointdynamics.co,72,Chicago,US,2026-06-07 02:21:31
2026-06-07,HR,CrownPeopleSystems,1-938-901-7518,contact@crownpeoplesystems.com,https://crownpeoplesystems.com,8,Dublin,IE,2026-06-07 01:37:13
2026-06-07,LMS,ZephyrTrain Logic,(856) 781-5192,sales@zephyrtrainlogic.io,https://www.zephyrtrainlogic.io,43,Tampa,US,2026-06-07 03:06:55
2026-06-07,Medical,LatticeHealth Flow,+16612339800,sales@latticehealthflow.co,https://www.latticehealthflow.co,726,Denver,US,2026-06-07 03:02:35
2026-06-07,ERP,Alta ForgeSync,966-346-3322,contact@altaforgesync.com,https://www.altaforgesync.com,270,Seattle,US,2026-06-07 06:18:09
2026-06-07,HR,Zen’s CultureApp,1-254-847-7137,sales@zencultureapp.com,https://zencultureapp.com,5,Boston,US,2026-06-07 06:18:10
2026-06-07,MSP Platform,DeltaMonitorSync,3979260072,contact@deltamonitorsync.net,https://www.deltamonitorsync.net,7,Columbus,US,2026-06-07 04:02:43
2026-06-07,HR,SummitOnboardTech,+16958078025,info@summitonboardtech.com,https://www.summitonboardtech.com,722,Raleigh,US,2026-06-07 06:21:08
2026-06-07,Medical,CedarCare Tech,(478) 215-9955,contact@cedarcaretech.com,https://www.cedarcaretech.com,42,Raleigh,US,2026-06-07 01:17:15
2026-06-07,MSP Platform,QuartzStack Base,07872784820,contact@quartzstackbase.com,https://www.quartzstackbase.com,764,Atlanta,US,2026-06-07 01:13:38
2026-06-07,ERP,SolidFin Flow,310-545-3654,sales@solidfinflow.com,https://www.solidfinflow.com,42,Austin,US,2026-06-07 05:08:02
2026-06-07,ERP,Halo LedgerSuite,+1 (495) 586-5241,hello@haloledgersuite.com,https://www.haloledgersuite.com,99,Phoenix,US,2026-06-07 02:25:01
2026-06-07,Medical,ApexMedHub,06233726117,info@apexmedhub.com,https://apexmedhub.com,13,Phoenix,US,2026-06-07 06:25:46
2026-06-07,LMS,PrimeCohort Soft,(803) 284-9785,hello@primecohortsoft.co,https://www.primecohortsoft.co,472,Chicago,US,2026-06-07 05:06:34
2026-06-07,HR,OmniBenefit Dynamics,+14103214518,sales@omnibenefitdynamics.net,https://omnibenefitdynamics.net,6,Melbourne,AU,2026-06-07 03:58:42
2026-06-07,ERP,FalconOrder Core,+18963837917,info@falconordercore.com,falconordercore.com,81,Singapore,SG,2026-06-07 05:43:21
2026-06-07,Medical,CrownPatient Base,541-230-9471,contact@crownpatientbase.co,crownpatientbase.co,-,Munich,DE,2026-06-07 01:08:31
2026-06-07,Legal,RapidVerdict Dynamics,707.701.2350,hello@rapidverdictdynamics.co,https://www.rapidverdictdynamics.co,221,Seattle,US,2026-06-07 02:05:29
2026-06-07,ERP,IndigoResource Flow,1-276-579-2008,contact@indigoresourceflow.com,https://www.indigoresourceflow.com,123,Boston,US,2026-06-07 02:39:29
2026-06-07,LMS,ClearQuiz App,236-647-1376,info@clearquizapp.com,clearquizapp.com,358,Denver,US,2026-06-07 02:50:27
2026-06-07,Legal,North DocketLogic,1-278-603-5944,sales@northdocketlogic.com,https://www.northdocketlogic.com,68,Chicago,US,2026-06-07 04:01:07
2026-06-07,ERP,SilverPlan Flow,4977967261,info@silverplanflow.co,silverplanflow.co,93,Columbus,US,2026-06-07 02:02:55
2026-06-07,Medical,Zephyr TriageSystems,03309214294,sales@zephyrtriagesystems.com,https://www.zephyrtriagesystems.com,128,Boston,US,2026-06-07 04:06:02
2026-06-07,HR,RidgeShiftCore,594.498.0533,contact@ridgeshiftcore.com,https://www.ridgeshiftcore.com,21,Hyderabad,IN,2026-06-07 05:55:57
2026-06-07,MSP Platform,IndigoPerform Systems,+19019694159,contact@indigoperformsystems.io,https://indigoperformsystems.io,19,Denver,US,2026-06-07 04:38:12
2026-06-07,Medical,Apex ChartSphere,(434) 682-0447,hello@apexchartsphere.com,https://www.apexchartsphere.com,7,Austin,US,2026-06-07 02:33:54
2026-06-07,MSP Platform,Ridge NetLogic,(834) 495-0628,info@ridgenetlogic.co,https://www.ridgenetlogic.co,182,Lahore,PK,2026-06-07 02:02:11
2026-06-07,HR,RidgeOnboard Platform,941-950-3689,contact@ridgeonboardplatform.com,https://www.ridgeonboardplatform.com,193,Pune,IN,2026-06-07 04:47:48
2026-06-07,Medical,BlueChartCloud,8537304030,sales@bluechartcloud.co,https://bluechartcloud.co,22,Atlanta,US,2026-06-07 03:40:12
2026-06-07,LMS,Bright CourseDynamics,+19286819445,contact@brightcoursedynamics.com,https://www.brightcoursedynamics.com,117,Hyderabad,IN,2026-06-07 01:03:00
2026-06-07,LMS,RavenMentor Tech,348-277-8823,info@ravenmentortech.io,https://www.ravenmentortech.io,15,Chicago,US,2026-06-07 01:22:47
2026-06-07,HR,ArchCulture Base,+14267079812,sales@archculturebase.com,https://www.archculturebase.com,17,Austin,US,2026-06-07 05:07:09
2026-06-07,MSP Platform,CrownStackSystems,+1 (356) 731-3382,contact@crownstacksystems.co,https://crownstacksystems.co,21,Raleigh,US,2026-06-07 05:53:53
2026-06-07,ERP,Crest FinSync,247.886.2497,contact@crestfinsync.com,https://www.crestfinsync.com,18,Raleigh,US,2026-06-07 06:42:32
2026-06-07,Medical,OrbitCare Point,9756720986,N/A,https://orbitcarepoint.co,74,N/A,PK,2026-06-07 01:19:23
2026-06-07,HR,Delta RosterCloud,+18558998038,hello@deltarostercloud.com,deltarostercloud.com,184,Lahore,PK,2026-06-07 05:37:41
2026-06-07,Legal,WillowVerdict Sphere,+1 (889) 889-0580,null,https://www.willowverdictsphere.com,10,Dublin,IE,2026-06-07 01:31:33
2026-06-07,Legal,ArchDocket Core,331-653-0002,contact@archdocketcore.io,https://www.archdocketcore.io,62,Chicago,US,2026-06-07 04:33:24
2026-06-07,ERP,FalconLedgerPoint,(560) 806-0199,info@falconledgerpoint.com,https://www.falconledgerpoint.com,206,Tampa,US,2026-06-07 03:00:40
2026-06-07,HR,BeaconShiftFlow,1-708-856-3706,sales@beaconshiftflow.com,https://www.beaconshiftflow.com,47,Columbus,US,2026-06-07 02:31:20
2026-06-07,Medical,QuantumHealthDesk,325.457.3870,contact@quantumhealthdesk.co,https://www.quantumhealthdesk.co,494,Chicago,US,2026-06-07 03:52:27
2026-06-07,Medical,CrownVital Suite,+13567085795,sales@crownvitalsuite.com,https://crownvitalsuite.com,5,Atlanta,US,2026-06-07 04:24:46
2026-06-07,HR,Keystone CultureSoft,+1 (326) 996-0879,N/A,https://www.keystoneculturesoft.co,93,Atlanta,US,2026-06-07 06:18:16
2026-06-07,Medical,HarborMed Tech,+17612297101,info@harbormedtech.com,https://www.harbormedtech.com,44,Atlanta,US,2026-06-07 04:02:01
2026-06-07,Medical,CoreMedTech,1-659-290-1606,hello@coremedtech.co,https://www.coremedtech.co,357,Denver,US,2026-06-07 06:59:45
2026-06-07,ERP,Atlas FinSphere,07317979969,sales@atlasfinsphere.com,https://www.atlasfinsphere.com,691,Dublin,IE,2026-06-07 04:40:31
2026-06-07,Legal,KeystoneVerdict Platform,+1 (933) 597-1846,info@keystoneverdictplatform.io,https://www.keystoneverdictplatform.io,25,Austin,US,2026-06-07 03:17:20
2026-06-07,ERP,OmniForgeSync,09804023416,info@omniforgesync.com,https://www.omniforgesync.com,239,London,UK,2026-06-07 01:37:16
2026-06-07,HR,CrestPerformSolutions,897-228-9989,hello@crestperformsolutions.com,https://crestperformsolutions.com,8,Vancouver,CA,2026-06-07 02:58:26
2026-06-07,MSP Platform,SummitMonitor Soft,+19013960098,info@summitmonitorsoft.com,https://www.summitmonitorsoft.com,6,Karachi,PK,2026-06-07 02:19:15
2026-06-07,HR,ApexPeopleWorks,+16857117930,sales@apexpeopleworks.com,https://apexpeopleworks.com,141,Atlanta,US,2026-06-07 04:55:56
2026-06-07,MSP Platform,NimbusStack Labs,5319137294,info@nimbusstacklabs.com,https://www.nimbusstacklabs.com,35,Dublin,IE,2026-06-07 01:46:45
2026-06-07,Medical,ZephyrTriageSphere,920-818-1906,hello@zephyrtriagesphere.com,https://www.zephyrtriagesphere.com,4329,Columbus,US,2026-06-07 06:26:58
2026-06-07,ERP,MosaicResource Point,692.768.7662,sales@mosaicresourcepoint.com,https://www.mosaicresourcepoint.com,16,Munich,DE,2026-06-07 01:28:39
2026-06-07,LMS,RidgewayQuiz App,596.863.8215,info@ridgewayquizapp.com,https://ridgewayquizapp.com,28,Phoenix,US,2026-06-07 06:05:40
2026-06-07,MSP Platform,Pivot StackApp,1-732-951-7816,contact@pivotstackapp.co,pivotstackapp.co,114,London,UK,2026-06-07 04:33:00
2026-06-07,Legal,Silver DocketWorks,+1 (788) 499-2936,contact@silverdocketworks.com,https://www.silverdocketworks.com,440,Boston,US,2026-06-07 02:26:06
2026-06-07,MSP Platform,OmniRemoteLabs,+12468722888,info@omniremotelabs.com,https://www.omniremotelabs.com,9,Munich,DE,2026-06-07 06:58:10
2026-06-07,Legal,CedarLawBase,347-390-3412,hello@cedarlawbase.com,cedarlawbase.com,339,Dublin,IE,2026-06-07 05:31:03
2026-06-07,LMS,SolidTutorBase,613.624.8796,sales@solidtutorbase.net,https://www.solidtutorbase.net,37,Calgary,CA,2026-06-07 02:06:50
2026-06-07,MSP Platform,ApexEndpointSolutions,4528075689 ext. 67,hello@apexendpointsolutions.co,https://www.apexendpointsolutions.co,125,Columbus,US,2026-06-07 06:41:12
2026-06-07,HR,BlueCultureSync,(764) 917-6226,contact@blueculturesync.com,blueculturesync.com,763,Phoenix,US,2026-06-07 01:11:15
2026-06-07,Legal,TrueCounselDesk,264.788.8468,sales@truecounseldesk.com,https://www.truecounseldesk.com,128,Raleigh,US,2026-06-07 01:31:42
2026-06-07,Legal,SableCompliDesk,906.508.8522,contact@sablecomplidesk.io,sablecomplidesk.io,209,Atlanta,US,2026-06-07 06:46:19
2026-06-07,ERP,FalconBatchLogic,266-886-9616,contact@falconbatchlogic.io,https://falconbatchlogic.io,9,Bengaluru,IN,2026-06-07 01:27:53
2026-06-07,ERP,PioneerFin Sphere,+1 (829) 440-6875,info@pioneerfinsphere.net,pioneerfinsphere.net,711,Dublin,IE,2026-06-07 02:15:21
2026-06-07,MSP Platform,North StackFlow,282.461.3086,sales@northstackflow.com,https://www.northstackflow.com,659,Austin,US,2026-06-07 06:46:29
2026-06-07,ERP,Silver BatchApp,(873) 960-2953 ext. 9,contact@silverbatchapp.io,https://silverbatchapp.io,7,Tampa,US,2026-06-07 05:58:00
2026-06-07,ERP,Tidal ChainPlatform,+18105275542,info@tidalchainplatform.com,https://www.tidalchainplatform.com,10,Hyderabad,IN,2026-06-07 04:34:57
2026-06-07,Medical,Beacon CareCloud,+13859304135,sales@beaconcarecloud.io,beaconcarecloud.io,321,Austin,US,2026-06-07 02:44:18
2026-06-07,LMS,RavenLearn Labs,973-405-7827,info@ravenlearnlabs.io,https://www.ravenlearnlabs.io,31,Tampa,US,2026-06-07 01:35:45
2026-06-07,Medical,Polaris VitalSphere,397.844.1861,sales@polarisvitalsphere.com,polarisvitalsphere.com,10,Denver,US,2026-06-07 02:59:01
2026-06-07,ERP,Ember Order Staffing,1-973-623-0296,contact@emberorderstaffing.net,https://emberorderstaffing.net,318,Chicago,US,2026-06-07 02:01:34
2026-06-07,Medical,AtlasTriageSolutions,(409) 385-9148,hello@atlastriagesolutions.io,https://www.atlastriagesolutions.io,8,Seattle,US,2026-06-07 01:36:00
2026-06-07,HR,Blue PerformSphere,(300) 752-7406,sales@blueperformsphere.com,https://www.blueperformsphere.com,2971,null,US,2026-06-07 01:11:58
2026-06-07,LMS,MetaLearn Base,9223670253,info@metalearnbase.com,https://www.metalearnbase.com,380,Karachi,PK,2026-06-07 03:23:01
2026-06-07,HR,CrestBenefitHub,240-934-7820,hello@crestbenefithub.com,https://www.crestbenefithub.com,33,Toronto,CA,2026-06-07 01:19:38
2026-06-07,MSP Platform,QuantumEndpoint Solutions,6455969848,info@quantumendpointsolutions.io,https://www.quantumendpointsolutions.io,26,Manchester,UK,2026-06-07 04:40:36
2026-06-07,MSP Platform,BlueNodeSync,630-479-1850,hello@bluenodesync.io,bluenodesync.io,12,Denver,US,2026-06-07 05:08:59
2026-06-07,ERP,SilverResource Dynamics,8356865269,info@silverresourcedynamics.com,https://www.silverresourcedynamics.com,24,Columbus,US,2026-06-07 01:03:40
2026-06-07,MSP Platform,NovaTicket Point,+15258206437,info@novaticketpoint.net,https://www.novaticketpoint.net,44,Sydney,AU,2026-06-07 04:21:22
2026-06-07,Medical,CedarCare Systems,880-624-3305,sales@cedarcaresystems.io,https://cedarcaresystems.io,12,Tampa,US,2026-06-07 05:12:45
2026-06-07,MSP Platform,TrueUptimeTech,8065934070,sales@trueuptimetech.com,https://www.trueuptimetech.com,100,Phoenix,US,2026-06-07 03:23:20
2026-06-07,HR,NorthOnboard Core,823-628-5408,sales@northonboardcore.com,https://www.northonboardcore.com,131,Boston,US,2026-06-07 06:54:25
2026-06-07,LMS,ZephyrTutor Suite,8224471119,sales@zephyrtutorsuite.io,https://www.zephyrtutorsuite.io,102,Melbourne,AU,2026-06-07 02:59:03
2026-06-07,Legal,OnyxCompliSoft,1-968-247-7404,contact@onyxcomplisoft.com,https://onyxcomplisoft.com,228,Dublin,IE,2026-06-07 01:03:36
2026-06-07,HR,Delta BenefitPoint,332.268.3874,contact@deltabenefitpoint.net,https://deltabenefitpoint.net,210,Tampa,US,2026-06-07 01:52:10
2026-06-07,Legal,LatticeMatterPlatform’s,1-518-275-5574,sales@latticematterplatform.com,https://latticematterplatform.com,31,Lahore,PK,2026-06-07 01:35:22
2026-06-07,ERP,CedarPlan Works,(742) 290-5594,sales@cedarplanworks.io,https://cedarplanworks.io,305,Denver,US,2026-06-07 04:49:03
2026-06-07,Legal,OnyxFilingSystems,(939) 732-4323,sales@onyxfilingsystems.com,https://www.onyxfilingsystems.com,494,Calgary,CA,2026-06-07 06:01:28
2026-06-07,Medical,LumenChart App,355-307-4781,contact@lumenchartapp.io,https://www.lumenchartapp.io,133,Tampa,US,2026-06-07 02:05:57
2026-06-07,ERP,GoldenLedgerSphere,+15619278423,info@goldenledgersphere.com,https://www.goldenledgersphere.com,6,Phoenix,US,2026-06-07 04:17:44
2026-06-07,Medical,OrbitPulseHub,5222903829,sales@orbitpulsehub.net,https://orbitpulsehub.net,63,Tampa,US,2026-06-07 04:39:05
2026-06-07,ERP,Falcon ForgeFlow,+1 (297) 866-3438,info@falconforgeflow.com,https://www.falconforgeflow.com,41,Leeds,UK,2026-06-07 01:53:48
2026-06-07,ERP,PolarisForge Point,1-621-317-6949,hello@polarisforgepoint.com,https://polarisforgepoint.com,446,Atlanta,US,2026-06-07 03:53:21
2026-06-07,Medical,XenonHealthCloud,+1 (695) 471-0467,hello@xenonhealthcloud.com,https://www.xenonhealthcloud.com,96,Boston,US,2026-06-07 05:08:48
2026-06-07,LMS,Onyx MentorFlow,+1 (308) 290-1796 ext. 18,contact@onyxmentorflow.com,onyxmentorflow.com,3360,Pune,IN,2026-06-07 03:38:41
2026-06-07,Medical,HarborClinic Platform,1-630-792-5466 ext. 86,contact@harborclinicplatform.com,https://www.harborclinicplatform.com,756,Austin,US,2026-06-07 02:32:03
2026-06-07,ERP,CrestResourceCloud,328-561-0969,hello@crestresourcecloud.com,https://crestresourcecloud.com,9,Melbourne,AU,2026-06-07 05:46:54
2026-06-07,HR,OnyxOnboard Sync,(913) 296-6172,contact@onyxonboardsync.com,https://www.onyxonboardsync.com,78,Raleigh,US,2026-06-07 03:54:20
2026-06-07,HR,MetaCultureSphere,737-427-7832,hello@metaculturesphere.com,https://www.metaculturesphere.com,99,Manchester,UK,2026-06-07 01:25:02
2026-06-07,ERP,HaloBatchApp,884-747-0471,hello@halobatchapp.com,https://www.halobatchapp.com,49,Sydney,AU,2026-06-07 01:25:09
2026-06-07,MSP Platform,Rapid UptimeSolutions,+14797044767,hello@rapiduptimesolutions.io,https://rapiduptimesolutions.io,8,Raleigh,US,2026-06-07 04:11:32
2026-06-07,Medical,RavenVital Platform,(845) 736-2149,sales@ravenvitalplatform.com,https://www.ravenvitalplatform.com,141,Bengaluru,IN,2026-06-07 03:47:56
2026-06-07,HR,Anchor TeamHub,2385299068,hello@anchorteamhub.com,https://www.anchorteamhub.com,12,Atlanta,US,2026-06-07 03:51:34
2026-06-07,Medical,Meta PatientPoint,1-664-629-2455,sales@metapatientpoint.com,metapatientpoint.com,5,Chicago,US,2026-06-07 01:31:19
2026-06-07,Legal,CedarVerdictApp,+15996546369,contact@cedarverdictapp.com,https://www.cedarverdictapp.com,24,Tampa,US,2026-06-07 01:47:48
2026-06-07,HR,Crest TeamHub,357-353-3355,info@crestteamhub.com,https://www.crestteamhub.com,21,Sydney,AU,2026-06-07 05:53:15
2026-06-07,ERP,VistaFinSystems,1-713-890-5736,info@vistafinsystems.com,https://www.vistafinsystems.com,8,Toronto,CA,2026-06-07 03:08:29
2026-06-07,ERP,WillowStockSolutions,(344) 274-0510,contact@willowstocksolutions.com,https://willowstocksolutions.com,9,Boston,US,2026-06-07 01:16:12
2026-06-07,HR,LumenTalent Solutions,(438) 495-5153 ext. 42,contact@lumentalentsolutions.net,https://lumentalentsolutions.net,92,London,UK,2026-06-07 06:15:27
2026-06-07,LMS,North CohortSphere,(736) 709-1170,sales@northcohortsphere.io,northcohortsphere.io,211,Hyderabad,IN,2026-06-07 06:45:20
2026-06-07,Legal,Indigo MatterDynamics,08012745947,contact@indigomatterdynamics.com,indigomatterdynamics.com,97,Karachi,PK,2026-06-07 03:05:35
2026-06-07,ERP,EmberPlanHub,(683) 243-7536,sales@emberplanhub.com,https://emberplanhub.com,3366,Atlanta,US,2026-06-07 06:07:14
2026-06-07,HR,JuniperTalentSolutions,(825) 291-2304 ext. 19,hello@junipertalentsolutions.io,https://junipertalentsolutions.io,170,Columbus,US,2026-06-07 03:10:19
2026-06-07,MSP Platform,Crest NodePoint,3044777422,hello@crestnodepoint.com,https://www.crestnodepoint.com,13,Seattle,US,2026-06-07 04:32:18
2026-06-07,Legal,VistaVerdictCore,657-813-8861,info@vistaverdictcore.com,https://www.vistaverdictcore.com,546,London,UK,2026-06-07 02:59:16
2026-06-07,MSP Platform,GoldenGrid Base,+14395114864,contact@goldengridbase.com,goldengridbase.com,112,Vancouver,CA,2026-06-07 04:28:16
2026-06-07,MSP Platform,Arch Stack Recruiting,(497) 678-3163,contact@archstackrecruiting.com,https://www.archstackrecruiting.com,296,Denver,US,2026-06-07 06:41:50
2026-06-07,ERP,AnchorOpsSoft,278.841.5055,info@anchoropssoft.com,anchoropssoft.com,516,Seattle,US,2026-06-07 06:30:08
2026-06-07,HR,Vertex CultureLabs,1-385-494-7313,sales@vertexculturelabs.io,https://www.vertexculturelabs.io,24,Seattle,US,2026-06-07 02:52:51
2026-06-07,Medical,QuantumVital Solutions,1-892-997-0588,contact@quantumvitalsolutions.io,https://www.quantumvitalsolutions.io,715,Phoenix,US,2026-06-07 06:55:51
2026-06-07,HR,EmberRoster Base,+18506528388,contact@emberrosterbase.com,https://www.emberrosterbase.com,99,Phoenix,US,2026-06-07 01:56:37
2026-06-07,HR,ApexBenefitSolutions,+17132498178,N/A,https://apexbenefitsolutions.io,8,Toronto,CA,2026-06-07 01:58:38
2026-06-07,Medical,MosaicTriage Sync,419-841-0808,sales@mosaictriagesync.com,https://www.mosaictriagesync.com,7,Denver,US,2026-06-07 06:03:27
2026-06-07,Legal,Anchor CounselPlatform,1-310-955-5703,contact@anchorcounselplatform.io,https://anchorcounselplatform.io,91,Chicago,US,2026-06-07 04:43:30
2026-06-07,MSP Platform,Meta NodeSoft,4904865143,hello@metanodesoft.io,https://www.metanodesoft.io,19,Singapore,SG,2026-06-07 05:59:10
2026-06-07,HR,RidgeShift Logic,+17235987007,info@ridgeshiftlogic.io,https://www.ridgeshiftlogic.io,27,Columbus,US,2026-06-07 02:02:33
2026-06-07,Legal,PolarisMatterTech,3305252248,sales@polarismattertech.co,https://polarismattertech.co,473,Islamabad,PK,2026-06-07 04:56:17
2026-06-07,ERP,TrueBatchDesk,+1 (307) 754-8348,sales@truebatchdesk.com,https://www.truebatchdesk.com,9,Vancouver,CA,2026-06-07 04:17:48
2026-06-07,HR,SolidShift Suite,02238063337,N/A,https://solidshiftsuite.com,131,Seattle,US,2026-06-07 01:56:43
2026-06-07,LMS,QuantumQuiz Platform,213-294-1587,contact@quantumquizplatform.com,https://www.quantumquizplatform.com,956,Denver,US,2026-06-07 03:07:23
2026-06-07,Medical,Bright MedWorks,9136344944,contact@brightmedworks.com,https://www.brightmedworks.com,58,Columbus,US,2026-06-07 04:13:50
2026-06-07,Medical,Tidal MedBase,630-332-0074,sales@tidalmedbase.io,https://tidalmedbase.io,197,Columbus,US,2026-06-07 05:32:15
2026-06-07,Medical,SolidClinicSuite,8577999704,sales@solidclinicsuite.io,https://www.solidclinicsuite.io,30,Amsterdam,NL,2026-06-07 03:33:59
2026-06-07,Medical,Nimbus TriagéSphere,926-762-1236,contact@nimbustriagesphere.co,https://www.nimbustriagesphere.co,446,Phoenix,US,2026-06-07 05:04:12
2026-06-07,ERP,FusionBatch Desk,4696515464,contact@fusionbatchdesk.com,https://fusionbatchdesk.com,481,Phoenix,US,2026-06-07 04:33:43
2026-06-07,HR,WillowRoster Labs,1-638-273-5079,contact@willowrosterlabs.com,https://www.willowrosterlabs.com,223,Atlanta,US,2026-06-07 01:01:35
2026-06-07,ERP,Sable BatchApp,263.292.1893,hello@sablebatchapp.com,sablebatchapp.com,698,Denver,US,2026-06-07 01:04:43
2026-06-07,MSP Platform,Zephyr NetPoint,(677) 482-0419,info@zephyrnetpoint.com,https://www.zephyrnetpoint.com,4008,Amsterdam,NL,2026-06-07 03:27:00
2026-06-07,MSP Platform,OmniEndpoint Solutions,(926) 455-9416,sales@omniendpointsolutions.com,https://www.omniendpointsolutions.com,135,Dublin,IE,2026-06-07 02:26:37
2026-06-07,HR,TrueOnboardCore,1-926-609-2482 ext. 49,hello@trueonboardcore.com,https://www.trueonboardcore.com,347,Tampa,US,2026-06-07 04:33:42
2026-06-07,Legal,Prime FilingTech,1-847-970-7255,contact@primefilingtech.io,primefilingtech.io,31,Columbus,US,2026-06-07 06:39:24
2026-06-07,HR,Crest PerformSphere,(848) 887-3136,contact@crestperformsphere.com,https://www.crestperformsphere.com,6,Raleigh,US,2026-06-07 06:43:44
2026-06-07,MSP Platform,FusionStackPoint,(845) 716-3777,info@fusionstackpoint.com,https://www.fusionstackpoint.com,88,Phoenix,US,2026-06-07 04:23:31
2026-06-07,MSP Platform,OrbitGrid Solutions,6934453966,sales@orbitgridsolutions.net,https://www.orbitgridsolutions.net,19,Atlanta,US,2026-06-07 01:24:11
2026-06-07,Legal,SummitBriefApp,506-540-4870,contact@summitbriefapp.net,https://www.summitbriefapp.net,72,-,SG,2026-06-07 06:40:01
2026-06-07,LMS,KeystoneTutorPoint,895.838.4438,hello@keystonetutorpoint.net,https://keystonetutorpoint.net,84,Vancouver,CA,2026-06-07 06:48:21
2026-06-07,ERP,BoldChain Dynamics,432.647.7964,sales@boldchaindynamics.com,https://www.boldchaindynamics.com,398,Tampa,US,2026-06-07 06:21:00
2026-06-07,MSP Platform,Willow NodeSystems,+14578118743,sales@willownodesystems.co,willownodesystems.co,233,Vancouver,CA,2026-06-07 02:17:24
2026-06-07,Medical,NovaTriageSuite,+17862029260,sales@novatriagesuite.co,https://www.novatriagesuite.co,19,Austin,US,2026-06-07 02:54:25
2026-06-07,HR,Anchor PeopleSystems,846.821.9904,info@anchorpeoplesystems.com,https://anchorpeoplesystems.com,43,Leeds,UK,2026-06-07 02:46:54
2026-06-07,MSP Platform,Prime RemoteCore,494-921-2600,sales@primeremotecore.com,https://www.primeremotecore.com,878,Atlanta,US,2026-06-07 01:48:08
2026-06-07,ERP,RapidResourceLogic,(506) 944-6271,info@rapidresourcelogic.com,https://www.rapidresourcelogic.com,30,Seattle,US,2026-06-07 04:48:36
2026-06-07,Medical,TrueCare Systems,7836517684,info@truecaresystems.com,truecaresystems.com,100,Manchester,UK,2026-06-07 01:54:33
2026-06-07,ERP,FusionResource Point,939-210-2381,info@fusionresourcepoint.com,https://fusionresourcepoint.com,561,Singapore,SG,2026-06-07 06:01:27
2026-06-07,MSP Platform,RidgewayNode Base,(830) 870-9176,contact@ridgewaynodebase.com,https://www.ridgewaynodebase.com,62,Chicago,US,2026-06-07 03:55:37
2026-06-07,ERP,GoldenLedgerApp,(527) 814-2778,contact@goldenledgerapp.com,https://goldenledgerapp.com,58,Denver,US,2026-06-07 03:10:09
2026-06-07,MSP Platform,RapidStackDynamics,(667) 661-0666,null,https://www.rapidstackdynamics.com,21,Phoenix,US,2026-06-07 03:59:46
2026-06-07,MSP Platform,CrownNode Works,+14473610042,hello@crownnodeworks.io,crownnodeworks.io,32,Seattle,US,2026-06-07 01:16:40
2026-06-07,ERP,Iron StockPoint,+13248413017,info@ironstockpoint.com,https://www.ironstockpoint.com,11,Melbourne,AU,2026-06-07 06:31:27
2026-06-07,HR,PolarisPerformSphere,(924) 963-3035,hello@polarisperformsphere.co,polarisperformsphere.co,221,Seattle,US,2026-06-07 06:47:32
2026-06-07,ERP,SableOrderPoint,9576119550,hello@sableorderpoint.com,sableorderpoint.com,98,Atlanta,US,2026-06-07 02:30:04
2026-06-07,Legal,Lattice LawSystems,+18463941404,hello@latticelawsystems.com,https://www.latticelawsystems.com,11,Raleigh,US,2026-06-07 04:57:44
2026-06-07,MSP Platform,CrestMonitor Platform,522-358-8995,contact@crestmonitorplatform.co,crestmonitorplatform.co,37,Austin,US,2026-06-07 02:52:15
2026-06-07,HR,Blue TalentPlatform,+12133469491,-,https://www.bluetalentplatform.com,657,Melbourne,AU,2026-06-07 05:36:55
2026-06-07,ERP,LumenChainFlow,765-778-9240,contact@lumenchainflow.net,lumenchainflow.net,164,Atlanta,US,2026-06-07 02:42:28
2026-06-07,ERP,WillowChainLabs,3054379018,hello@willowchainlabs.com,https://www.willowchainlabs.com,95,Atlanta,US,2026-06-07 05:13:29
2026-06-07,Medical,Bright VitalFlow,3529244460,sales@brightvitalflow.io,https://www.brightvitalflow.io,490,Chicago,US,2026-06-07 05:38:12
2026-06-07,MSP Platform,IronNode Flow,277-901-2176,null,ironnodeflow.com,49,Columbus,US,2026-06-07 04:47:21
2026-06-07,ERP,Harbor BatchDesk,1-358-408-6624,sales@harborbatchdesk.io,https://www.harborbatchdesk.io,469,Dublin,IE,2026-06-07 04:59:41
2026-06-07,Legal,VistaLawSystems,6727915178,contact@vistalawsystems.com,https://vistalawsystems.com,221,Phoenix,US,2026-06-07 01:20:04
2026-06-07,Legal,FalconFiling Sphere,(323) 622-3572,contact@falconfilingsphere.com,https://www.falconfilingsphere.com,429,Vancouver,CA,2026-06-07 06:36:00
2026-06-07,ERP,IndigoBatch Suite,+18276006515,info@indigobatchsuite.io,https://www.indigobatchsuite.io,18,Raleigh,US,2026-06-07 05:30:44
2026-06-07,Medical,RidgeMed Sphere,8102698096,contact@ridgemedsphere.io,https://ridgemedsphere.io,533,Lahore,PK,2026-06-07 02:25:13
2026-06-07,HR,JunipérPerformSystems,+14894134208 ext. 64,contact@juniperperformsystems.io,https://www.juniperperformsystems.io,37,Raleigh,US,2026-06-07 06:34:46
2026-06-07,Legal,CrownVérdict Solutions,559-293-1602,contact@crownverdictsolutions.com,https://www.crownverdictsolutions.com,215,Munich,DE,2026-06-07 05:37:18
2026-06-07,LMS,Cobalt LearnHub,(514) 421-6294,hello@cobaltlearnhub.com,https://www.cobaltlearnhub.com,174,Atlanta,US,2026-06-07 01:12:38
2026-06-07,Medical,NimbusChart Systems,+16764330983,info@nimbuschartsystems.com,https://www.nimbuschartsystems.com,10,Bengaluru,IN,2026-06-07 05:20:01
2026-06-07,HR,MetaBenefit Base,(667) 411-5156,hello@metabenefitbase.co,https://www.metabenefitbase.co,392,Raleigh,US,2026-06-07 05:19:46
2026-06-07,HR,CobaltTalentCloud,860-872-9502,hello@cobalttalentcloud.com,https://www.cobalttalentcloud.com,409,Austin,US,2026-06-07 03:53:43
2026-06-07,HR,Bold TalentApp,+14996241234,hello@boldtalentapp.com,https://boldtalentapp.com,11,Boston,US,2026-06-07 06:17:00
2026-06-07,HR,Ember PerformSync,+1 (481) 601-5481,sales@emberperformsync.co,https://emberperformsync.co,274,Denver,US,2026-06-07 01:44:58
2026-06-07,Medical,Lumen TriageDesk,810-710-9428,sales@lumentriagedesk.com,https://lumentriagedesk.com,38,Tampa,US,2026-06-07 02:47:52
2026-06-07,ERP,North FinDesk,+1 (736) 723-8237,sales@northfindesk.io,northfindesk.io,385,Amsterdam,NL,2026-06-07 02:22:17
2026-06-07,ERP,HaloChain Suite,(751) 401-6152,info@halochainsuite.io,https://halochainsuite.io,3446,Chicago,US,2026-06-07 03:24:52
2026-06-07,Medical,Crown PulsePlatform,+14057106470,hello@crownpulseplatform.io,crownpulseplatform.io,1185,Atlanta,US,2026-06-07 05:27:05
2026-06-07,Legal,TrueBriefSystems,(255) 856-6347,hello@truebriefsystems.net,https://www.truebriefsystems.net,784,Calgary,CA,2026-06-07 01:56:18
2026-06-07,MSP Platform,TidalNodeSoft,7045388253,info@tidalnodesoft.io,https://tidalnodesoft.io,46,Phoenix,US,2026-06-07 04:45:04
2026-06-07,Legal,Bold FilingDynamics,(390) 603-9475,sales@boldfilingdynamics.net,boldfilingdynamics.net,24,Denver,US,2026-06-07 02:07:37
2026-06-07,MSP Platform,RidgewayGrid Cloud,7349308828,hello@ridgewaygridcloud.io,https://www.ridgewaygridcloud.io,15,Vancouver,CA,2026-06-07 06:17:48
2026-06-07,Medical,Tidal MedSolutions,936-542-7154,sales@tidalmedsolutions.io,https://tidalmedsolutions.io,414,Phoenix,US,2026-06-07 05:58:21
2026-06-07,Legal,RavenCase Core,(219) 586-2979,contact@ravencasecore.io,https://ravencasecore.io,67,Leeds,UK,2026-06-07 01:55:47
2026-06-07,MSP Platform,Indigo RemoteLabs,1-854-851-4813,hello@indigoremotelabs.net,https://www.indigoremotelabs.net,34,Seattle,US,2026-06-07 03:18:33
2026-06-07,Medical,ApexRxTech,+14599754188,contact@apexrxtech.com,https://www.apexrxtech.com,48,Sydney,AU,2026-06-07 03:27:25
2026-06-07,Legal,RidgewayLaw Base,528-416-1183,contact@ridgewaylawbase.com,ridgewaylawbase.com,864,Atlanta,US,2026-06-07 06:24:39
2026-06-07,LMS,Lattice CohortPoint,+1 (809) 557-5091,null,latticecohortpoint.com,6,Seattle,US,2026-06-07 04:17:57
2026-06-07,HR,BlueTeam Dynamics,(462) 519-9732,info@blueteamdynamics.io,https://www.blueteamdynamics.io,58,Columbus,US,2026-06-07 02:04:25
2026-06-07,HR,ZenBenefitLogic,+16857510065,info@zenbenefitlogic.com,https://www.zenbenefitlogic.com,13,Pune,IN,2026-06-07 03:43:24
2026-06-07,Legal,CedarCompli Logic,8098036324,N/A,https://www.cedarcomplilogic.net,25,Seattle,US,2026-06-07 01:56:50
2026-06-07,MSP Platform,PrimeStack Flow,(611) 440-7125,sales@primestackflow.com,https://primestackflow.com,7,Phoenix,US,2026-06-07 01:11:34
2026-06-07,Medical,RapidMedApp,589-539-3141,sales@rapidmedapp.io,https://www.rapidmedapp.io,228,Melbourne,AU,2026-06-07 03:49:02
2026-06-07,HR,Delta RosterWorks,382.862.7141,hello@deltarosterworks.com,deltarosterworks.com,119,null,US,2026-06-07 04:09:05
2026-06-07,ERP,Crown OrderBase,5682167342,info@crownorderbase.com,https://www.crownorderbase.com,29,Singapore,SG,2026-06-07 06:34:54
2026-06-07,HR,GoldenPerform Suite,04696439463,contact@goldenperformsuite.com,https://www.goldenperformsuite.com,220,Atlanta,US,2026-06-07 03:50:39
2026-06-07,MSP Platform,NimbusPatchSphere,1-493-485-6924,info@nimbuspatchsphere.com,https://nimbuspatchsphere.com,704,Bengaluru,IN,2026-06-07 04:38:47
2026-06-07,Medical,RidgewayHealthSolutions’s,(904) 288-0702,sales@ridgewayhealthsolutions.com,https://www.ridgewayhealthsolutions.com,202,Phoenix,US,2026-06-07 02:33:03
2026-06-07,Medical,JuniperChart App,1-939-390-1527,contact@juniperchartapp.net,https://www.juniperchartapp.net,11,Dublin,IE,2026-06-07 06:51:01
2026-06-07,Medical,TrueChart Suite,220-461-2348,contact@truechartsuite.com,https://www.truechartsuite.com,458,Phoenix,US,2026-06-07 03:30:14
2026-06-07,HR,CrestTalent Hub,(435) 262-1629,info@cresttalenthub.com,https://www.cresttalenthub.com,280,Chicago,US,2026-06-07 02:13:55
2026-06-07,HR,Quantum TeamSolutions,496-237-7988,info@quantumteamsolutions.com,https://www.quantumteamsolutions.com,819,Tampa,US,2026-06-07 02:57:12
2026-06-07,ERP,Delta OrderSoft,7219182973,hello@deltaordersoft.com,https://deltaordersoft.com,9,Bengaluru,IN,2026-06-07 01:22:57
2026-06-07,ERP,PioneerFin Cloud,(399) 268-7689,contact@pioneerfincloud.com,https://pioneerfincloud.com,523,Chicago,US,2026-06-07 05:06:27
2026-06-07,ERP,TidalChainWorks,433-842-4704,info@tidalchainworks.com,https://tidalchainworks.com,83,Berlin,DE,2026-06-07 03:54:28
2026-06-07,HR,Cedar TalentLabs,+1 (886) 927-6544,info@cedartalentlabs.com,https://www.cedartalentlabs.com,3134,Islamabad,PK,2026-06-07 01:57:04
2026-06-07,ERP,GraniteFin Solutions,479-726-2342,contact@granitefinsolutions.com,https://www.granitefinsolutions.com,34,Chicago,US,2026-06-07 04:40:57
2026-06-07,HR,Summit PeopleCore,(204) 577-9562,info@summitpeoplecore.net,https://www.summitpeoplecore.net,N/A,Columbus,US,2026-06-07 03:46:11
2026-06-07,HR,KeystoneTeamPoint,1-449-967-3098,sales@keystoneteampoint.co,https://keystoneteampoint.co,124,Tampa,US,2026-06-07 06:49:22
2026-06-07,Medical,Tidal CareDynamics,+19397243162,hello@tidalcaredynamics.com,https://www.tidalcaredynamics.com,218,Amsterdam,NL,2026-06-07 06:36:53
2026-06-07,MSP Platform,Fusion NodeLabs,(432) 896-6201,info@fusionnodelabs.com,https://www.fusionnodelabs.com,21,Phoenix,US,2026-06-07 05:41:47
2026-06-07,Medical,Nimbus MedHub,+16392433025,sales@nimbusmedhub.com,https://www.nimbusmedhub.com,189,Phoenix,US,2026-06-07 05:06:55
2026-06-07,HR,Xenon OnboardSync,+16767193490,sales@xenononboardsync.co,https://www.xenononboardsync.co,141,Sydney,AU,2026-06-07 03:22:19
2026-06-07,ERP,MosaicResource Cloud,242-266-1354,contact@mosaicresourcecloud.com,https://www.mosaicresourcecloud.com,254,Columbus,US,2026-06-07 06:46:31
2026-06-07,Medical,CrownPulse Desk,(902) 719-8051,info@crownpulsedesk.co,crownpulsedesk.co,228,Raleigh,US,2026-06-07 03:08:52
2026-06-07,ERP,TruePlan Platform,436-693-6193,contact@trueplanplatform.com,https://www.trueplanplatform.com,6,Atlanta,US,2026-06-07 05:59:03
2026-06-07,MSP Platform,OmniPatch Base,+19264672955,info@omnipatchbase.net,https://www.omnipatchbase.net,10,Karachi,PK,2026-06-07 02:55:59
2026-06-07,Medical,Omni VitalPlatform,1-728-324-0024,info@omnivitalplatform.co,https://www.omnivitalplatform.co,84,Raleigh,US,2026-06-07 03:17:05
2026-06-07,Medical,Crown ClinicSphere,807-222-7674,sales@crownclinicsphere.com,https://www.crownclinicsphere.com,55,Boston,US,2026-06-07 06:16:59
2026-06-07,LMS,Lumen QuizPlatform,838.859.8980,sales@lumenquizplatform.co,https://lumenquizplatform.co,594,Seattle,US,2026-06-07 03:21:25
2026-06-07,HR,VertexPerformSolutions,+13059261663,hello@vertexperformsolutions.com,https://www.vertexperformsolutions.com,33,Tampa,US,2026-06-07 01:46:39
2026-06-07,ERP,EmberOrderSphere,+17104407400,hello@emberordersphere.io,https://www.emberordersphere.io,449,Chicago,US,2026-06-07 06:07:06
2026-06-07,Medical,Anchor PulseSuite,+1 (909) 253-6948,info@anchorpulsesuite.com,anchorpulsesuite.com,9,Leeds,UK,2026-06-07 05:47:44
2026-06-07,ERP,Harbor PlanSoft,+18428737340,contact@harborplansoft.com,harborplansoft.com,18,Phoenix,US,2026-06-07 03:24:09
2026-06-07,MSP Platform,Lattice MonitorDesk,+1 (357) 925-8914,sales@latticemonitordesk.com,https://www.latticemonitordesk.com,12,Austin,US,2026-06-07 01:48:05
2026-06-07,MSP Platform,NimbusNodeSolutions,1-966-874-3416,contact@nimbusnodesolutions.com,nimbusnodesolutions.com,551,Columbus,US,2026-06-07 06:55:59
2026-06-07,ERP,Lattice StockDesk,332-477-3848,hello@latticestockdesk.io,https://www.latticestockdesk.io,355,Raleigh,US,2026-06-07 04:53:26
2026-06-07,MSP Platform,RidgewayGrid Solutions,783.537.4706,contact@ridgewaygridsolutions.com,https://www.ridgewaygridsolutions.com,11,Vancouver,CA,2026-06-07 01:47:59
2026-06-07,Medical,Raven ClinicLogic,+16948665603,info@ravencliniclogic.com,https://www.ravencliniclogic.com,126,Vancouver,CA,2026-06-07 04:22:47
2026-06-07,Legal,RidgewayBriefCore,1-825-443-5642,info@ridgewaybriefcore.com,https://www.ridgewaybriefcore.com,82,Denver,US,2026-06-07 02:13:04
2026-06-07,HR,Atlas PayrollTech,9508235670,hello@atlaspayrolltech.co,atlaspayrolltech.co,47,Munich,DE,2026-06-07 05:18:14
2026-06-07,Medical,Juniper ChartDynamics,636-345-5291,info@juniperchartdynamics.com,https://www.juniperchartdynamics.com,216,Columbus,US,2026-06-07 03:51:41
2026-06-07,ERP,Quartz Plan Consulting Group,+15132409852,info@quartzplanconsultinggroup.com,https://www.quartzplanconsultinggroup.com,32,Seattle,US,2026-06-07 02:19:00
2026-06-07,HR,RidgewayOnboardSolutions,736.716.0466,contact@ridgewayonboardsolutions.com,https://www.ridgewayonboardsolutions.com,445,Atlanta,US,2026-06-07 06:16:38
2026-06-07,Medical,SummitChart Sphere,(626) 632-7266,sales@summitchartsphere.com,https://summitchartsphere.com,12,Manchester,UK,2026-06-07 06:52:44
2026-06-07,ERP,SolidChain Cloud,1-684-325-7450,contact@solidchaincloud.com,solidchaincloud.com,20,Phoenix,US,2026-06-07 04:15:51
2026-06-07,Medical,Bold HealthBase,1-791-433-3103,sales@boldhealthbase.com,https://www.boldhealthbase.com,-,Chicago,US,2026-06-07 06:29:23
2026-06-07,MSP Platform,RavenStack Solutions,281-205-7169,contact@ravenstacksolutions.com,https://ravenstacksolutions.com,219,Berlin,DE,2026-06-07 06:23:47
2026-06-07,HR,CrestRosterSuite,+1 (930) 566-9658,sales@crestrostersuite.com,https://www.crestrostersuite.com,24,Raleigh,US,2026-06-07 05:11:57
2026-06-07,ERP,Quartz ForgeSync,+1 (748) 914-7147,N/A,https://quartzforgesync.com,413,Sydney,AU,2026-06-07 02:30:49
2026-06-07,Medical,DeltaChartSystems,251.321.7584,contact@deltachartsystems.io,deltachartsystems.io,719,Singapore,SG,2026-06-07 01:59:22
2026-06-07,Legal,Indigo FilingFlow,939-738-3961 ext. 97,hello@indigofilingflow.net,indigofilingflow.net,29,Tampa,US,2026-06-07 03:49:37
2026-06-07,MSP Platform,Onyx Grid Staffing,(837) 340-2893 ext. 25,contact@onyxgridstaffing.com,https://www.onyxgridstaffing.com,370,Phoenix,US,2026-06-07 04:17:45
2026-06-07,ERP,Omni OpsLogic,5533980564,sales@omniopslogic.net,https://www.omniopslogic.net,3455,London,UK,2026-06-07 05:51:40
2026-06-07,HR,TruePerformHub,+12737786324,hello@trueperformhub.com,https://www.trueperformhub.com,72,Boston,US,2026-06-07 04:45:27
2026-06-07,Legal,Xenon VerdictSolutions,06274573507,hello@xenonverdictsolutions.io,xenonverdictsolutions.io,970,Denver,US,2026-06-07 01:44:08
2026-06-07,HR,IronPayrollApp,+19703826641,contact@ironpayrollapp.com,https://www.ironpayrollapp.com,71,Boston,US,2026-06-07 02:46:36
2026-06-07,HR,Willow People BPO Services,+1 (683) 362-5237,hello@willowpeoplebposervices.com,https://www.willowpeoplebposervices.com,18,Atlanta,US,2026-06-07 03:40:28
2026-06-07,MSP Platform,Willow GridPlatform,+18654672882,contact@willowgridplatform.com,https://www.willowgridplatform.com,121,Leeds,UK,2026-06-07 02:09:18
2026-06-07,HR,RavenPerformHub,616-893-7293,hello@ravenperformhub.com,https://www.ravenperformhub.com,33,Hyderabad,IN,2026-06-07 05:49:30
2026-06-07,MSP Platform,BoldPatchFlow,887-729-3197,sales@boldpatchflow.com,boldpatchflow.com,50,London,UK,2026-06-07 03:36:53
2026-06-07,MSP Platform,Halo StackSphere,(527) 578-1475,sales@halostacksphere.com,halostacksphere.com,345,Vancouver,CA,2026-06-07 05:32:39
2026-06-07,MSP Platform,Zephyr GridHub,446-629-0290,contact@zephyrgridhub.com,https://zephyrgridhub.com,576,Raleigh,US,2026-06-07 06:07:15
2026-06-07,ERP,RidgeOps Suite,(522) 500-2106,info@ridgeopssuite.io,https://www.ridgeopssuite.io,16,Singapore,SG,2026-06-07 05:26:35
2026-06-07,Medical,QuartzMed Point,317-861-0933,info@quartzmedpoint.net,quartzmedpoint.net,3160,Austin,US,2026-06-07 06:04:00
2026-06-07,Legal,EmberBriefDynamics,863.516.3679,info@emberbriefdynamics.net,https://www.emberbriefdynamics.net,22,Boston,US,2026-06-07 03:23:13
2026-06-07,MSP Platform,Vista NetHub,+18215201472,hello@vistanethub.com,https://www.vistanethub.com,16,Columbus,US,2026-06-07 04:49:59
2026-06-07,Medical,Bright Triage Consulting Group,1-985-953-2687 ext. 98,contact@brighttriageconsultinggroup.com,https://www.brighttriageconsultinggroup.com,1383,Austin,US,2026-06-07 03:14:41
2026-06-07,ERP,AltaChain Core,442-356-4885,sales@altachaincore.net,https://www.altachaincore.net,40,Tampa,US,2026-06-07 06:25:35
2026-06-07,HR,RidgewayCultureSync,1-787-981-8609,info@ridgewayculturesync.com,https://www.ridgewayculturesync.com,12,Vancouver,CA,2026-06-07 02:48:04
2026-06-07,MSP Platform,RavenStackLogic,+12425778028,sales@ravenstacklogic.com,https://ravenstacklogic.com,26,Phoenix,US,2026-06-07 05:09:26
2026-06-07,MSP Platform,ClearGridApp,(316) 202-0505,info@cleargridapp.co,https://www.cleargridapp.co,20,Denver,US,2026-06-07 06:51:05
2026-06-07,ERP,XenonOrderCloud,1-890-527-2070,info@xenonordercloud.com,xenonordercloud.com,7,Leeds,UK,2026-06-07 01:02:57
2026-06-07,MSP Platform,ZenMonitor Hub,530.736.9010,sales@zenmonitorhub.com,https://zenmonitorhub.com,385,Pune,IN,2026-06-07 02:41:01
2026-06-07,HR,LumenRoster Suite,833-707-3244,,lumenrostersuite.net,131,Phoenix,US,2026-06-07 02:30:15
2026-06-07,ERP,Velo OrderDesk,754-595-5610,sales@veloorderdesk.io,https://www.veloorderdesk.io,421,Raleigh,US,2026-06-07 02:37:48
2026-06-07,Legal,TidalCompliFlow,+1 (553) 965-6089,info@tidalcompliflow.com,https://www.tidalcompliflow.com,29,Sydney,AU,2026-06-07 02:13:59
2026-06-07,MSP Platform,Silver StackDynamics,+13996030099,sales@silverstackdynamics.io,https://silverstackdynamics.io,72,Phoenix,US,2026-06-07 04:25:17
2026-06-07,ERP,BrightForgeHub,1-968-492-1312,sales@brightforgehub.io,https://www.brightforgehub.io,11,Amsterdam,NL,2026-06-07 06:21:22
2026-06-07,Medical,Ember Care Talent Agency,418-690-1827,contact@embercaretalentagency.io,https://www.embercaretalentagency.io,246,Columbus,US,2026-06-07 02:19:22
2026-06-07,ERP,Solid StockLogic,3093286896,info@solidstocklogic.co,https://solidstocklogic.co,91,N/A,US,2026-06-07 04:45:25
2026-06-07,MSP Platform,Clear PatchCore,+19866017790,hello@clearpatchcore.com,https://www.clearpatchcore.com,89,London,UK,2026-06-07 06:26:24
2026-06-07,HR,Clear CultureTech,+1 (723) 413-0534,sales@clearculturetech.net,https://www.clearculturetech.net,null,Phoenix,US,2026-06-07 01:03:00
2026-06-07,HR,BlueRoster Solutions,481-265-5771,hello@bluerostersolutions.com,https://www.bluerostersolutions.com,105,Seattle,US,2026-06-07 02:53:03
2026-06-07,Medical,ClearPatient Platform,(359) 411-0909,sales@clearpatientplatform.co,https://www.clearpatientplatform.co,42,Austin,US,2026-06-07 04:17:57
2026-06-07,HR,IronBenefitBase,(980) 750-7808,contact@ironbenefitbase.com,ironbenefitbase.com,5,Singapore,SG,2026-06-07 04:13:27
2026-06-07,HR,CedarCulture Flow,2188007841,hello@cedarcultureflow.co,https://www.cedarcultureflow.co,17,Vancouver,CA,2026-06-07 05:47:49
2026-06-07,ERP,Blue ResourceLogic,581-738-4225,sales@blueresourcelogic.net,https://www.blueresourcelogic.net,93,Munich,DE,2026-06-07 02:16:12
2026-06-07,HR,BeaconPeopleTech,(525) 312-9362,hello@beaconpeopletech.io,https://beaconpeopletech.io,83,Raleigh,US,2026-06-07 01:29:04
2026-06-07,Medical,AnchorClinic Core,+15314194503,info@anchorcliniccore.io,https://www.anchorcliniccore.io,46,Columbus,US,2026-06-07 02:25:26
2026-06-07,Legal,LumenCase Works,1-716-357-5896,hello@lumencaseworks.com,lumencaseworks.com,730,Columbus,US,2026-06-07 04:22:57
2026-06-07,Legal,GraniteCounsel Cloud,924.642.9294 ext. 29,contact@granitecounselcloud.com,https://www.granitecounselcloud.com,10,Pune,IN,2026-06-07 03:56:20
2026-06-07,Medical,Blue ClinicSuite,(695) 959-1319,info@blueclinicsuite.com,blueclinicsuite.com,20,Raleigh,US,2026-06-07 02:08:05
2026-06-07,ERP,Zen PlanHub,+19143491719,info@zenplanhub.net,https://www.zenplanhub.net,15,Phoenix,US,2026-06-07 03:47:27
2026-06-07,Legal,FalconClinicSync,(737) 406-5659,info@falconclinicsync.com,https://falconclinicsync.com,34,Dublin,IE,2026-06-07 01:19:46
2026-06-07,MSP Platform,RidgeMonitor Sphere,(473) 967-9338,contact@ridgemonitorsphere.co,ridgemonitorsphere.co,4726,Calgary,CA,2026-06-07 01:18:17
2026-06-07,Legal,OnyxVerdict App,+15025771581,info@onyxverdictapp.com,https://onyxverdictapp.com,238,Boston,US,2026-06-07 01:53:42
2026-06-07,MSP Platform,VertexNetSync,+12186441077 ext. 30,hello@vertexnetsync.io,https://www.vertexnetsync.io,69,Austin,US,2026-06-07 03:29:33
2026-06-07,ERP,AtlasOrder Hub,+14113569907,hello@atlasorderhub.com,https://www.atlasorderhub.com,83,Chicago,US,2026-06-07 03:41:37
2026-06-07,Legal,Xenon OpsLogic,1-863-546-1012,contact@xenonopslogic.com,https://www.xenonopslogic.com,358,Boston,US,2026-06-07 06:16:26
2026-06-07,ERP,Raven LedgerFlow,06959241164,info@ravenledgerflow.com,https://www.ravenledgerflow.com,646,Chicago,US,2026-06-07 04:19:36
2026-06-07,HR,Zen FinApp,+1 (910) 658-0969,sales@zenfinapp.com,https://www.zenfinapp.com,,Raleigh,US,2026-06-07 04:21:10
2026-06-07,HR,Quantum PeopleSystems,+16424551991,sales@quantumpeoplesystems.com,https://www.quantumpeoplesystems.com,66,Austin,US,2026-06-07 06:30:03
2026-06-07,Medical,MosaicHealth’s Tech,+12534438579 ext. 31,hello@mosaichealthtech.com,https://mosaichealthtech.com,16,Columbus,US,2026-06-07 04:24:12
2026-06-07,HR,SableStockSuite,(397) 951-3667,sales@sablestocksuite.co,https://sablestocksuite.co,463,Austin,US,2026-06-07 05:38:12
2026-06-07,MSP Platform,SolidRxBase,02436273494,hello@solidrxbase.io,https://www.solidrxbase.io,969,Tampa,US,2026-06-07 01:23:44
2026-06-07,Medical,RidgeMedApp,756-831-1939,hello@ridgemedapp.com,https://www.ridgemedapp.com,190,Phoenix,US,2026-06-07 02:42:39
2026-06-07,ERP,CoreOrder Soft,832-832-7045,contact@coreordersoft.com,https://www.coreordersoft.com,15,Boston,US,2026-06-07 02:32:14
2026-06-07,ERP,VistaStockSync,(245) 674-5210,contact@vistastocksync.com,https://www.vistastocksync.com,623,Munich,DE,2026-06-07 06:41:24
2026-06-07,MSP Platform,ZenPatch Desk,5668729441,hello@zenpatchdesk.com,https://www.zenpatchdesk.com,18,Manchester,UK,2026-06-07 04:29:13
2026-06-07,HR,UmbraOnboard Dynamics,4003483747,contact@umbraonboarddynamics.com,umbraonboarddynamics.com,334,Berlin,DE,2026-06-07 05:34:58
2026-06-07,MSP Platform,ArchNodePoint,547.637.3946,contact@archnodepoint.io,https://www.archnodepoint.io,846,Boston,US,2026-06-07 01:06:56
2026-06-07,ERP,Bold OpsFlow,489-619-9002,sales@boldopsflow.com,https://www.boldopsflow.com,109,Phoenix,US,2026-06-07 03:24:17
2026-06-07,ERP,PivotResource Logic,1-750-956-7144,sales@pivotresourcelogic.io,https://pivotresourcelogic.io,26,Atlanta,US,2026-06-07 05:37:23
2026-06-07,ERP,HarborOps Platform,8377186853 ext. 96,,https://www.harboropsplatform.com,99,Leeds,UK,2026-06-07 05:10:06
2026-06-07,Medical,Ridgeway Triage Manpower Services,06638877639,hello@ridgewaytriagemanpowerservices.co,https://ridgewaytriagemanpowerservices.co,43,Pune,IN,2026-06-07 02:28:53
2026-06-07,Legal,Bold CounselCloud,+12857539144,hello@boldcounselcloud.io,https://www.boldcounselcloud.io,482,Phoenix,US,2026-06-07 03:40:36
2026-06-07,HR,Tidal TalentPlatform,(720) 564-6443,hello@tidaltalentplatform.com,https://www.tidaltalentplatform.com,6,Austin,US,2026-06-07 04:28:58
2026-06-07,Medical,HaloCareCloud,+17658561110,hello@halocarecloud.io,https://halocarecloud.io,20,Phoenix,US,2026-06-07 03:47:58
2026-06-07,ERP,OmniChainLabs,9145357513,null,https://www.omnichainlabs.com,767,Amsterdam,NL,2026-06-07 02:47:58
2026-06-07,HR,NorthPerform Hub,04614814672,hello@northperformhub.co,https://www.northperformhub.co,30,Vancouver,CA,2026-06-07 03:40:31
2026-06-07,MSP Platform,PrimeMonitorCore,+18968975609,info@primemonitorcore.com,https://primemonitorcore.com,N/A,Calgary,CA,2026-06-07 02:47:35
2026-06-07,ERP,NimbusChain Cloud,+15872250803,N/A,https://www.nimbuschaincloud.com,35,Phoenix,US,2026-06-07 01:33:09
2026-06-07,ERP,ZenChain Desk,6077745047,info@zenchaindesk.com,https://zenchaindesk.com,30,Tampa,US,2026-06-07 05:25:15
2026-06-07,Medical,Harbor TriageSoft,1-697-314-5336,hello@harbortriagesoft.com,https://www.harbortriagesoft.com,38,Singapore,SG,2026-06-07 04:06:36
2026-06-07,Legal,PolarisBriéfFlow,725-673-5579,hello@polarisbriefflow.co,https://polarisbriefflow.co,42,Columbus,US,2026-06-07 04:39:12
2026-06-07,Medical,Golden Pulse Staffing,+16094308485,contact@goldenpulsestaffing.io,goldenpulsestaffing.io,8,Seattle,US,2026-06-07 06:56:38
2026-06-07,ERP,Nimbus ChainLogic,728-997-9528,hello@nimbuschainlogic.io,https://www.nimbuschainlogic.io,2332,Chicago,US,2026-06-07 05:26:19
2026-06-07,ERP,VistaPlanApp,583-205-2403,info@vistaplanapp.com,https://vistaplanapp.com,16,Islamabad,PK,2026-06-07 05:56:49
2026-06-07,ERP,PolarisFinDesk,805.664.2169 ext. 83,N/A,polarisfindesk.com,2098,Karachi,PK,2026-06-07 01:36:54
2026-06-07,MSP Platform,JuniperPatchTech,635-255-5848,hello@juniperpatchtech.com,https://www.juniperpatchtech.com,40,Boston,US,2026-06-07 06:09:51
2026-06-07,LMS,Indigo CareApp,+18248873129,contact@indigocareapp.com,indigocareapp.com,35,Seattle,US,2026-06-07 06:37:00
2026-06-07,MSP Platform,PolarisTicket’s App,(811) 498-5429,sales@polaristicketapp.io,https://www.polaristicketapp.io,16,Phoenix,US,2026-06-07 05:25:41
2026-06-07,MSP Platform,GoldenStackSolutions,338-620-7689,hello@goldenstacksolutions.io,https://www.goldenstacksolutions.io,39,Bengaluru,IN,2026-06-07 02:12:38
2026-06-07,Legal,Juniper LawTech,+1 (865) 279-2526,info@juniperlawtech.com,https://juniperlawtech.com,13,Tampa,US,2026-06-07 03:10:09
2026-06-07,LMS,RidgewayPath App,877-333-0122,-,https://ridgewaypathapp.com,6,Sydney,AU,2026-06-07 06:30:01
2026-06-07,Legal,EmberCompli Tech,9429048125,contact@embercomplitech.com,https://embercomplitech.com,244,Denver,US,2026-06-07 04:11:41
2026-06-07,Legal,ZephyrTeamSuite,659-486-8046,sales@zephyrteamsuite.io,https://www.zephyrteamsuite.io,401,Chicago,US,2026-06-07 05:46:09
2026-06-07,MSP Platform,TidalEndpoint Sphere,282-203-4179,info@tidalendpointsphere.com,tidalendpointsphere.com,5,Columbus,US,2026-06-07 01:26:16
2026-06-07,LMS,VeloLearnTech,(434) 937-2129,hello@velolearntech.io,https://www.velolearntech.io,null,Bengaluru,IN,2026-06-07 04:48:15
2026-06-07,LMS,AnchorLesson Base,8663854431,info@anchorlessonbase.com,https://www.anchorlessonbase.com,,Berlin,DE,2026-06-07 01:47:05
2026-06-07,Legal,CobaltLawPoint,8616260149,hello@cobaltlawpoint.co,https://www.cobaltlawpoint.co,675,Tampa,US,2026-06-07 01:27:18
2026-06-07,Medical,AltaMedCloud,1-229-330-2948,contact@altamedcloud.io,https://www.altamedcloud.io,310,Phoenix,US,2026-06-07 05:34:38
2026-06-07,HR,OmniCultureSoft,729-370-9147,hello@omniculturesoft.com,https://omniculturesoft.com,47,Toronto,CA,2026-06-07 03:19:50
2026-06-07,HR,IndigoShift Systems,659-322-6099,sales@indigoshiftsystems.com,https://www.indigoshiftsystems.com,236,Raleigh,US,2026-06-07 02:00:43
2026-06-07,HR,Halo CulturePoint,(874) 453-7993,hello@haloculturepoint.com,https://www.haloculturepoint.com,null,Phoenix,US,2026-06-07 05:07:52
2026-06-07,MSP Platform,CobaltTicketCloud,+15457458607,sales@cobaltticketcloud.com,https://cobaltticketcloud.com,1392,Vancouver,CA,2026-06-07 05:12:12
2026-06-07,Medical,Anchor RxWorks,9859030017,contact@anchorrxworks.com,https://www.anchorrxworks.com,433,Amsterdam,NL,2026-06-07 04:22:18
2026-06-07,Medical,ApexPatient Works,+17437323085,hello@apexpatientworks.io,https://www.apexpatientworks.io,74,Seattle,US,2026-06-07 05:35:34
2026-06-07,HR,QuartzTalent Tech,709-941-2649,sales@quartztalenttech.com,https://quartztalenttech.com,172,Toronto,CA,2026-06-07 05:55:17
2026-06-07,MSP Platform,MetaMonitor Systems,1-218-504-0018,sales@metamonitorsystems.com,https://metamonitorsystems.com,4773,Dublin,IE,2026-06-07 01:48:00
2026-06-07,Medical,CorePatientSync,02176208999,contact@corepatientsync.co,https://www.corepatientsync.co,179,Amsterdam,NL,2026-06-07 02:02:08
2026-06-07,MSP Platform,Prime UptimeSuite,6733347694,info@primeuptimesuite.com,https://www.primeuptimesuite.com,305,Manchester,UK,2026-06-07 03:06:04
2026-06-07,Medical,Xenon VitalApp,(508) 322-3511,info@xenonvitalapp.com,https://www.xenonvitalapp.com,203,Phoenix,US,2026-06-07 05:05:09
2026-06-07,Legal,ZenFiling Sphere,488-884-9252,sales@zenfilingsphere.io,https://www.zenfilingsphere.io,50,Tampa,US,2026-06-07 04:04:19
2026-06-07,ERP,SableStockSuite,+13979513667,sales@sablestocksuite.co,https://sablestocksuite.co,463,Austin,US,2026-06-07 06:52:02
2026-06-07,ERP,BeaconLedger App,4908488818,contact@beaconledgerapp.co,https://www.beaconledgerapp.co,38,Munich,DE,2026-06-07 01:36:30
2026-06-07,ERP,Pioneer FinSolutions,549-911-7816,contact@pioneerfinsolutions.com,pioneerfinsolutions.com,40,Leeds,UK,2026-06-07 02:29:13
2026-06-07,HR,Cobalt Onboard Consultants,+1 (412) 447-4988,contact@cobaltonboardconsultants.com,https://www.cobaltonboardconsultants.com,79,Boston,US,2026-06-07 05:43:19
2026-06-07,ERP,NorthOrderSphere,+1 (963) 838-2773,info@northordersphere.com,https://www.northordersphere.com,29,Raleigh,US,2026-06-07 04:20:01
2026-06-07,Legal,VistaFiling App,1-372-911-5101,sales@vistafilingapp.co,https://www.vistafilingapp.co,16,Amsterdam,NL,2026-06-07 01:18:24
2026-06-07,HR,PivotPayroll Suite,+1 (584) 433-4474,info@pivotpayrollsuite.com,pivotpayrollsuite.com,14,Columbus,US,2026-06-07 03:04:34
2026-06-07,Medical,Nova Med Consulting Group,+13523579299 ext. 47,-,https://www.novamedconsultinggroup.com,15,London,UK,2026-06-07 03:05:38
2026-06-07,ERP,FalconOrder Platform,(827) 876-3646,sales@falconorderplatform.io,https://www.falconorderplatform.io,38,Vancouver,CA,2026-06-07 06:01:39
2026-06-07,MSP Platform,CrestGrid Systems,6395357409,hello@crestgridsystems.com,https://www.crestgridsystems.com,322,Boston,US,2026-06-07 03:02:56
2026-06-07,Medical,Bright TriageWorks,943.266.0727,contact@brighttriageworks.com,brighttriageworks.com,178,Phoenix,US,2026-06-07 01:36:25
2026-06-07,LMS,Vertex QuizLabs,766.969.6205,contact@vertexquizlabs.com,https://vertexquizlabs.com,50,Berlin,DE,2026-06-07 01:13:42
2026-06-07,MSP Platform,MetaNode Systems,+19198408900,sales@metanodesystems.net,https://metanodesystems.net,91,Raleigh,US,2026-06-07 06:00:00
2026-06-07,ERP,QuantumStock Base,806.586.4726,null,https://www.quantumstockbase.com,119,Munich,DE,2026-06-07 02:11:58
2026-06-07,Medical,GranitePulseCloud,(624) 255-0904,sales@granitepulsecloud.com,https://www.granitepulsecloud.com,15,Austin,US,2026-06-07 06:00:37
2026-06-07,ERP,Nimbus’s OpsWorks,938.613.2453,sales@nimbusopsworks.com,nimbusopsworks.com,26,Calgary,CA,2026-06-07 05:15:20
2026-06-07,ERP,Summit FinApp,3049923525,info@summitfinapp.com,https://www.summitfinapp.com,767,Raleigh,US,2026-06-07 01:44:34
2026-06-07,HR,OmniOnboardPoint,710-717-1013,info@omnionboardpoint.com,https://omnionboardpoint.com,8,Calgary,CA,2026-06-07 06:34:46
2026-06-07,ERP,Xenon FinPoint,+17333744300,info@xenonfinpoint.com,https://www.xenonfinpoint.com,175,Boston,US,2026-06-07 04:48:06
2026-06-07,ERP,SilverStock Sphere,384-357-0183,contact@silverstocksphere.com,https://www.silverstocksphere.com,18,Tampa,US,2026-06-07 06:41:32
2026-06-07,Medical,MetaClinicSoft,1-791-821-4866,sales@metaclinicsoft.net,https://www.metaclinicsoft.net,2655,Raleigh,US,2026-06-07 01:29:52
2026-06-07,HR,NimbusRoster Sync,(320) 901-5428,info@nimbusrostersync.com,nimbusrostersync.com,4001,Dublin,IE,2026-06-07 03:49:43
2026-06-07,Medical,ClearMed Platform,811-593-0155,contact@clearmedplatform.io,https://www.clearmedplatform.io,869,London,UK,2026-06-07 01:03:13
2026-06-07,HR,RavenPeople Sphere,869-946-5852,info@ravenpeoplesphere.co,https://www.ravenpeoplesphere.co,15,Seattle,US,2026-06-07 06:03:16
2026-06-07,HR,Beacon BenefitSolutions,(515) 284-5989,sales@beaconbenefitsolutions.com,https://beaconbenefitsolutions.com,680,Dublin,IE,2026-06-07 01:53:03
2026-06-07,ERP,OnyxBatchSuite,+1 (961) 815-8657,sales@onyxbatchsuite.com,https://www.onyxbatchsuite.com,,Boston,US,2026-06-07 01:56:10
2026-06-07,HR,NimbusRoster Base,+17029608345,info@nimbusrosterbase.com,https://nimbusrosterbase.com,2290,Karachi,PK,2026-06-07 06:45:55
2026-06-07,ERP,Alta BatchTech,899-355-7531,contact@altabatchtech.com,https://altabatchtech.com,797,N/A,PK,2026-06-07 03:53:57
2026-06-07,HR,BeaconOnboardBase,+14913736711,info@beacononboardbase.com,https://www.beacononboardbase.com,181,Seattle,US,2026-06-07 04:12:03
2026-06-07,Medical,MetaPatientLogic,1-545-333-5399,info@metapatientlogic.com,https://www.metapatientlogic.com,56,Sydney,AU,2026-06-07 04:49:58
2026-06-07,MSP Platform,Ridgeway GridHub,1-968-990-2452,null,https://www.ridgewaygridhub.io,132,Bengaluru,IN,2026-06-07 04:55:43
2026-06-07,ERP,KeystoneForge Desk,+15035525425 ext. 60,hello@keystoneforgedesk.com,https://www.keystoneforgedesk.com,19,Toronto,CA,2026-06-07 03:06:20
2026-06-07,Legal,OnyxCase Platform,(544) 873-3911,info@onyxcaseplatform.com,https://www.onyxcaseplatform.com,1797,Denver,US,2026-06-07 04:24:26
2026-06-07,ERP,Nova BatchSystems,8077100486,info@novabatchsystems.co,https://www.novabatchsystems.co,41,Raleigh,US,2026-06-07 01:03:04
2026-06-07,ERP,Alta Forge Talent Agency,(810) 614-6758,sales@altaforgetalentagency.com,https://www.altaforgetalentagency.com,4648,Denver,US,2026-06-07 01:28:32
2026-06-07,Medical,Ridgeway CareTech,+13859626397,sales@ridgewaycaretech.com,https://www.ridgewaycaretech.com,31,Amsterdam,NL,2026-06-07 01:25:38
2026-06-07,ERP,MetaLedgerApp,1-630-492-3077,contact@metaledgerapp.com,https://www.metaledgerapp.com,63,Columbus,US,2026-06-07 01:26:03
2026-06-07,Medical,AnchorMedPoint,+12807415494,hello@anchormedpoint.com,https://www.anchormedpoint.com,53,Toronto,CA,2026-06-07 02:50:20
2026-06-07,MSP Platform,SableEndpoint Systems,(831) 394-9330,hello@sableendpointsystems.com,https://www.sableendpointsystems.com,140,Melbourne,AU,2026-06-07 01:15:44
2026-06-07,HR,Raven TalentCloud,1-799-969-3506,info@raventalentcloud.com,https://www.raventalentcloud.com,43,Columbus,US,2026-06-07 05:18:01
2026-06-07,Legal,Onyx ClauseSphere,764-884-0449,info@onyxclausesphere.com,https://www.onyxclausesphere.com,14,Atlanta,US,2026-06-07 04:05:02
2026-06-07,Legal,Pivot ClauseCore,444-995-4708,sales@pivotclausecore.com,https://pivotclausecore.com,31,Amsterdam,NL,2026-06-07 05:37:44
2026-06-07,ERP,Pivot ChainDynamics,+13865424813,sales@pivotchaindynamics.net,https://www.pivotchaindynamics.net,30,Raleigh,US,2026-06-07 03:31:22
2026-06-07,LMS,PolarisQuizWorks,(513) 590-2569,sales@polarisquizworks.com,https://www.polarisquizworks.com,28,Seattle,US,2026-06-07 03:45:03
2026-06-07,HR,Summit Payroll Recruiting,5592630485,hello@summitpayrollrecruiting.com,https://summitpayrollrecruiting.com,9,Tampa,US,2026-06-07 05:00:10
2026-06-07,Medical,LumenTriage Labs,211-235-9961,sales@lumentriagelabs.com,https://lumentriagelabs.com,70,Phoenix,US,2026-06-07 01:58:52
2026-06-07,LMS,OrbitSkillLabs,1-449-262-6011,hello@orbitskilllabs.co,orbitskilllabs.co,702,Tampa,US,2026-06-07 06:05:57
2026-06-07,MSP Platform,BlueNode Flow,+14455331481,info@bluenodeflow.co,https://www.bluenodeflow.co,191,Calgary,CA,2026-06-07 04:53:28
2026-06-07,MSP Platform,ClearGrid Tech,(896) 653-8689 ext. 8,sales@cleargridtech.com,https://www.cleargridtech.com,32,Boston,US,2026-06-07 05:18:57
2026-06-07,HR,QuantumCultureSphere,+13708304146,info@quantumculturesphere.io,https://www.quantumculturesphere.io,17,Denver,US,2026-06-07 02:43:18
2026-06-07,Medical,ZephyrCareSoft,2589629803,hello@zephyrcaresoft.net,https://www.zephyrcaresoft.net,30,Columbus,US,2026-06-07 01:05:01
2026-06-07,ERP,VertexChainDynamics,(815) 466-3139 ext. 16,hello@vertexchaindynamics.com,https://www.vertexchaindynamics.com,2762,Bengaluru,IN,2026-06-07 03:45:30
2026-06-07,ERP,IronFin Solutions,1-804-631-9504,contact@ironfinsolutions.com,https://www.ironfinsolutions.com,232,Denver,US,2026-06-07 05:25:40
2026-06-07,ERP,IronChain Platform,1-474-256-9553,info@ironchainplatform.com,https://ironchainplatform.com,56,Austin,US,2026-06-07 05:32:40
2026-06-07,Medical,RavenTriage Soft,801.310.6920 ext. 90,,https://www.raventriagesoft.com,401,Raleigh,US,2026-06-07 04:59:21
2026-06-07,Medical,Juniper ClinicTech,+16673268274 ext. 57,sales@juniperclinictech.net,https://www.juniperclinictech.net,246,Boston,US,2026-06-07 02:58:49
2026-06-07,ERP,BrightPlanHub,1-973-672-8955,N/A,https://www.brightplanhub.io,50,Tampa,US,2026-06-07 03:55:28
2026-06-07,Medical,Alta RxSoft,383-542-4285,info@altarxsoft.com,https://altarxsoft.com,65,Atlanta,US,2026-06-07 03:56:06
2026-06-07,Medical,Mosaic HealthPlatform,393.338.3143 ext. 98,sales@mosaichealthplatform.net,https://www.mosaichealthplatform.net,707,Austin,US,2026-06-07 06:47:12
2026-06-07,Legal,CedarClauseSolutions,+12648853830,contact@cedarclausesolutions.co,https://www.cedarclausesolutions.co,11,Atlanta,US,2026-06-07 02:45:00
2026-06-07,Legal,Nimbus VerdictFlow,2777741404,info@nimbusverdictflow.net,https://www.nimbusverdictflow.net,789,Austin,US,2026-06-07 02:06:56
2026-06-07,ERP,MosaicChain Hub,(421) 280-3630,info@mosaicchainhub.com,mosaicchainhub.com,21,Austin,US,2026-06-07 06:11:07
2026-06-07,ERP,ArchOpsSuite,+14787339940 ext. 53,info@archopssuite.io,https://www.archopssuite.io,317,Vancouver,CA,2026-06-07 05:24:22
2026-06-07,ERP,Golden ResourceCloud,+12955683319,-,https://goldenresourcecloud.co,6,Sydney,AU,2026-06-07 05:06:49
2026-06-07,Medical,VeloTriageSphere,+1 (552) 643-5130,hello@velotriagesphere.io,https://www.velotriagesphere.io,null,-,US,2026-06-07 04:30:17
2026-06-07,ERP,FalconStock Desk,(654) 294-9443,contact@falconstockdesk.net,falconstockdesk.net,173,Amsterdam,NL,2026-06-07 02:54:45
2026-06-07,MSP Platform,Vista NodeFlow,4577531201,info@vistanodeflow.com,https://www.vistanodeflow.com,895,Phoenix,US,2026-06-07 01:03:14
2026-06-07,LMS,Apex SkillSoft,688-380-1742,hello@apexskillsoft.com,https://apexskillsoft.com,37,Munich,DE,2026-06-07 03:30:47
2026-06-07,ERP,Halo ResourcePlatform,224.453.4651,info@haloresourceplatform.com,https://www.haloresourceplatform.com,13,Tampa,US,2026-06-07 04:18:29
2026-06-07,MSP Platform,Zen UptimePlatform,(987) 750-7944,contact@zenuptimeplatform.com,https://www.zenuptimeplatform.com,120,Melbourne,AU,2026-06-07 05:05:15
2026-06-07,ERP,AltaLedgerFlow,+1 (422) 351-0381 ext. 56,sales@altaledgerflow.com,https://altaledgerflow.com,0,Leeds,UK,2026-06-07 01:00:53
2026-06-07,Medical,Fusion HealthPoint,+18933740593,sales@fusionhealthpoint.io,fusionhealthpoint.io,157,null,US,2026-06-07 04:01:07
2026-06-07,ERP,Falcon FinLabs,+1 (967) 533-8416,hello@falconfinlabs.io,https://www.falconfinlabs.io,10,Vancouver,CA,2026-06-07 03:55:37
2026-06-07,HR,IronCulture Platform,+1 (519) 300-1857,hello@ironcultureplatform.com,ironcultureplatform.com,811,Toronto,CA,2026-06-07 05:00:33
2026-06-07,Medical,Onyx HealthPoint,+15914629795,info@onyxhealthpoint.com,https://www.onyxhealthpoint.com,126,Hyderabad,IN,2026-06-07 03:33:43
2026-06-07,ERP,GoldenBatch Sync,+13357632368,sales@goldenbatchsync.net,https://www.goldenbatchsync.net,7,Austin,US,2026-06-07 03:55:40
2026-06-07,HR,BlueCultureApp,956-807-0818,sales@bluecultureapp.io,https://bluecultureapp.io,28,Boston,US,2026-06-07 05:34:20
2026-06-07,HR,TidalPerformTech,(347) 574-8915,,https://www.tidalperformtech.com,,Atlanta,US,2026-06-07 05:41:57
2026-06-07,Legal,HarborVerdictDesk,07437167758 ext. 64,sales@harborverdictdesk.com,https://www.harborverdictdesk.com,19,Atlanta,US,2026-06-07 03:06:51
2026-06-07,HR,Raven ShiftHub,6007288201,contact@ravenshifthub.net,https://ravenshifthub.net,4444,Seattle,US,2026-06-07 06:31:27
2026-06-07,Legal,AltaBriefSystems,+1 (338) 705-9131,sales@altabriefsystems.net,https://altabriefsystems.net,68,Seattle,US,2026-06-07 05:49:08
2026-06-07,Medical,Granite MedPlatform,+15002532003,sales@granitemedplatform.com,https://www.granitemedplatform.com,115,Melbourne,AU,2026-06-07 01:23:34
2026-06-07,ERP,NorthResourceSync,+13005210173,contact@northresourcesync.com,https://www.northresourcesync.com,1087,Bengaluru,IN,2026-06-07 01:45:54
2026-06-07,Medical,RidgeChart Soft,808-966-5596,sales@ridgechartsoft.io,https://www.ridgechartsoft.io,60,Austin,US,2026-06-07 05:42:39
2026-06-07,ERP,LumenOrder Systems,+1 (951) 502-6049,sales@lumenordersystems.com,https://www.lumenordersystems.com,3134,Pune,IN,2026-06-07 03:07:51
2026-06-07,MSP Platform,True PatchWorks,(574) 341-9988,info@truepatchworks.io,https://www.truepatchworks.io,45,Chicago,US,2026-06-07 02:38:51
2026-06-07,Medical,Rapid ChartDesk,+18536487817 ext. 11,sales@rapidchartdesk.com,https://rapidchartdesk.com,6,Atlanta,US,2026-06-07 06:03:22
2026-06-07,HR,Quantum PeopleSphere,+1 (449) 728-3964,hello@quantumpeoplesphere.io,https://www.quantumpeoplesphere.io,9,Phoenix,US,2026-06-07 05:52:47
2026-06-07,Legal,Quartz ClauseLogic,(233) 312-7657,info@quartzclauselogic.io,https://www.quartzclauselogic.io,285,Atlanta,US,2026-06-07 06:24:13
2026-06-07,ERP,PrimeOrder Labs,(824) 899-8447,sales@primeorderlabs.com,https://primeorderlabs.com,369,Atlanta,US,2026-06-07 04:13:41
2026-06-07,LMS,NorthQuiz Platform,685.695.1297,sales@northquizplatform.io,https://www.northquizplatform.io,709,Austin,US,2026-06-07 04:49:22
2026-06-07,ERP,PolarisStock’s Sync,(799) 632-1675,info@polarisstocksync.io,https://www.polarisstocksync.io,2687,Tampa,US,2026-06-07 01:41:14
2026-06-07,MSP Platform,PivotUptime Works,+17642894842,info@pivotuptimeworks.com,https://pivotuptimeworks.com,31,Seattle,US,2026-06-07 06:04:51
2026-06-07,ERP,Keystone OpsSphere,+19218795909,sales@keystoneopssphere.com,https://keystoneopssphere.com,4971,Vancouver,CA,2026-06-07 01:20:59
2026-06-07,MSP Platform,VeloNodeLabs,07673344328,info@velonodelabs.co,https://velonodelabs.co,40,Columbus,US,2026-06-07 05:10:09
2026-06-07,HR,FalconPayroll Core,+17117678320,info@falconpayrollcore.com,https://www.falconpayrollcore.com,30,Denver,US,2026-06-07 01:53:11
2026-06-07,LMS,CedarCourseDynamics,+1 (970) 315-0988,hello@cedarcoursedynamics.co,https://www.cedarcoursedynamics.co,5,Tampa,US,2026-06-07 05:19:39
2026-06-07,HR,IndigoPayroll Desk,+14316083442,contact@indigopayrolldesk.com,https://www.indigopayrolldesk.com,156,Seattle,US,2026-06-07 03:39:52
2026-06-07,Medical,WillowPatientCloud,(227) 489-6275,sales@willowpatientcloud.com,https://www.willowpatientcloud.com,354,Tampa,US,2026-06-07 04:46:48
2026-06-07,MSP Platform,GraniteRemoteFlow,(243) 241-4369,hello@graniteremoteflow.com,https://graniteremoteflow.com,720,Columbus,US,2026-06-07 04:40:05
2026-06-07,HR,Crown PeopleLabs,+14325133331,contact@crownpeoplelabs.com,crownpeoplelabs.com,30,Denver,US,2026-06-07 01:26:57
2026-06-07,ERP,Delta Order Consultants,+17977864137,info@deltaorderconsultants.co,https://deltaorderconsultants.co,498,Tampa,US,2026-06-07 02:09:15
2026-06-07,Medical,GraniteRx Sphere,+16813723815,hello@graniterxsphere.io,https://graniterxsphere.io,150,Raleigh,US,2026-06-07 03:32:27
2026-06-07,Medical,BoldChainLogic,(989) 416-6904,sales@boldchainlogic.co,https://www.boldchainlogic.co,5,Atlanta,US,2026-06-07 06:55:58
2026-06-07,LMS,BrightQuiz Tech,+12528956924,info@brightquiztech.io,https://www.brightquiztech.io,8,Manchester,UK,2026-06-07 06:05:20
2026-06-07,LMS,Iron TrainSync,1-514-464-2811,info@irontrainsync.com,irontrainsync.com,28,Raleigh,US,2026-06-07 03:13:29
2026-06-07,Legal,AtlasDocket Soft,391-239-0639,hello@atlasdocketsoft.com,https://atlasdocketsoft.com,10,Raleigh,US,2026-06-07 04:20:37
2026-06-07,HR,Lattice PayrollPoint,442-855-8175,contact@latticepayrollpoint.co,latticepayrollpoint.co,219,Chicago,US,2026-06-07 03:35:34
2026-06-07,HR,North TeamTech,+1 (452) 612-9327,info@northteamtech.io,https://www.northteamtech.io,26,Austin,US,2026-06-07 02:32:48
2026-06-07,Legal,CoreFilingCore,716-863-4425,info@corefilingcore.com,https://corefilingcore.com,95,Amsterdam,NL,2026-06-07 06:39:48
2026-06-07,MSP Platform,True FilingWorks,1-905-355-1670,info@truefilingworks.co,https://truefilingworks.co,21,London,UK,2026-06-07 03:29:40
2026-06-07,ERP,NimbusStock Logic,(302) 564-4693,sales@nimbusstocklogic.com,https://nimbusstocklogic.com,17,Raleigh,US,2026-06-07 02:16:06
2026-06-07,Legal,Falcon DocketSoft,+18904887904,hello@falcondocketsoft.co,https://www.falcondocketsoft.co,10,Toronto,CA,2026-06-07 04:24:19
2026-06-07,ERP,AltaStockSuite,+13774100466,contact@altastocksuite.co,altastocksuite.co,1375,Hyderabad,IN,2026-06-07 06:00:14
2026-06-07,ERP,FalconOpsWorks,+19393088248,hello@falconopsworks.com,https://falconopsworks.com,39,Raleigh,US,2026-06-07 06:14:56
2026-06-07,Legal,Delta ClauseFlow,+1 (803) 259-7557 ext. 68,hello@deltaclauseflow.com,https://www.deltaclauseflow.com,8,Manchester,UK,2026-06-07 05:29:38
2026-06-07,MSP Platform,SolidUptimeDynamics,(265) 266-5566,contact@soliduptimedynamics.com,https://www.soliduptimedynamics.com,486,Vancouver,CA,2026-06-07 05:04:51
2026-06-07,ERP,Xenon ForgeTech,6375877530,hello@xenonforgetech.io,xenonforgetech.io,18,Seattle,US,2026-06-07 01:46:44
2026-06-07,Medical,GraniteClinic Platform,+16625614867,sales@graniteclinicplatform.com,https://www.graniteclinicplatform.com,106,Amsterdam,NL,2026-06-07 02:42:01
2026-06-07,Legal,PivotVerdict Cloud,1-440-290-1864,info@pivotverdictcloud.com,https://pivotverdictcloud.com,5,Seattle,US,2026-06-07 03:12:32
2026-06-07,LMS,HaloQuizHub,+19654066835,contact@haloquizhub.io,https://www.haloquizhub.io,40,Boston,US,2026-06-07 04:44:48
2026-06-07,ERP,Orbit FinSolutions,3809480743,contact@orbitfinsolutions.com,https://orbitfinsolutions.com,23,Raleigh,US,2026-06-07 04:15:26
2026-06-07,Medical,RapidCareSphere,8788337518,hello@rapidcaresphere.net,https://www.rapidcaresphere.net,142,Atlanta,US,2026-06-07 03:31:22
2026-06-07,ERP,GraniteBatch Desk,210-220-1163,info@granitebatchdesk.io,https://granitebatchdesk.io,75,Raleigh,US,2026-06-07 04:27:19
2026-06-07,HR,Crown BenefitLogic,938-468-3810,sales@crownbenefitlogic.com,https://www.crownbenefitlogic.com,16,Denver,US,2026-06-07 02:11:08
2026-06-07,HR,ClearCulture Dynamics,2365384523,sales@clearculturedynamics.com,https://clearculturedynamics.com,0,Manchester,UK,2026-06-07 05:16:05
2026-06-07,MSP Platform,SilverStackSystems,(307) 616-4146,info@silverstacksystems.io,silverstacksystems.io,240,Amsterdam,NL,2026-06-07 05:09:20
2026-06-07,HR,Blue PerformSystems,7383012237,info@blueperformsystems.com,https://www.blueperformsystems.com,28,Leeds,UK,2026-06-07 01:52:53
2026-06-07,HR,Atlas PerformFlow,(692) 397-9320,sales@atlasperformflow.com,https://atlasperformflow.com,51,Manchester,UK,2026-06-07 04:57:33
2026-06-07,Legal,Fusion CaseTech,(818) 746-4411,info@fusioncasetech.io,https://www.fusioncasetech.io,303,Chicago,US,2026-06-07 01:05:44
2026-06-07,ERP,Velo CaseTech,+14198026328,info@velocasetech.co,https://www.velocasetech.co,77,Berlin,DE,2026-06-07 02:15:02
2026-06-07,Medical,CrownClinic Platform,509-472-4798,sales@crownclinicplatform.com,https://www.crownclinicplatform.com,91,Toronto,CA,2026-06-07 04:33:06
2026-06-07,HR,ClearRoster Tech,(723) 769-3367,contact@clearrostertech.com,https://clearrostertech.com,100,Chicago,US,2026-06-07 05:02:48
2026-06-07,HR,HaloPerformLabs,2259668650,sales@haloperformlabs.co,haloperformlabs.co,995,Seattle,US,2026-06-07 02:34:31
2026-06-07,ERP,PolarisChainCloud,(218) 374-4705 ext. 65,hello@polarischaincloud.co,https://www.polarischaincloud.co,768,Phoenix,US,2026-06-07 06:50:55
2026-06-07,MSP Platform,RapidStackHub,(206) 665-3343,info@rapidstackhub.com,rapidstackhub.com,22,London,UK,2026-06-07 06:05:42
2026-06-07,Medical,BeaconVital Systems,954-826-1078,sales@beaconvitalsystems.com,https://www.beaconvitalsystems.com,137,Seattle,US,2026-06-07 04:26:03
2026-06-07,Medical,RavenCareFlow,1-760-247-8145,info@ravencareflow.com,https://www.ravencareflow.com,95,Raleigh,US,2026-06-07 03:21:57
2026-06-07,Legal,NorthMatter Hub,+1 (350) 403-8374,sales@northmatterhub.io,https://northmatterhub.io,135,Seattle,US,2026-06-07 04:07:37
2026-06-07,Medical,Vertex PatientDesk,+15262383876,hello@vertexpatientdesk.com,https://www.vertexpatientdesk.com,19,Calgary,CA,2026-06-07 04:05:08
2026-06-07,ERP,Silver’s StockPoint,(643) 994-2763,null,silverstockpoint.com,289,Phoenix,US,2026-06-07 04:47:49
2026-06-07,HR,RidgewayRoster Logic,05292508516,contact@ridgewayrosterlogic.io,https://www.ridgewayrosterlogic.io,928,Chicago,US,2026-06-07 02:37:24
2026-06-07,ERP,CedarForgeCloud,5323311875,hello@cedarforgecloud.com,https://www.cedarforgecloud.com,26,London,UK,2026-06-07 01:43:23
2026-06-07,Medical,CoreVitalCloud,(839) 416-5603,info@corevitalcloud.net,https://www.corevitalcloud.net,44,Amsterdam,NL,2026-06-07 03:21:43
2026-06-07,ERP,RapidForgeFlow,+14916007578,sales@rapidforgeflow.com,https://rapidforgeflow.com,405,Atlanta,US,2026-06-07 06:55:13
2026-06-07,Legal,LumenDocket Flow,1-949-445-3418,info@lumendocketflow.com,https://www.lumendocketflow.com,357,Chicago,US,2026-06-07 01:20:16
2026-06-07,Legal,OnyxCase Sphere,+1 (590) 495-6106,contact@onyxcasesphere.com,https://www.onyxcasesphere.com,85,London,UK,2026-06-07 04:42:49
2026-06-07,HR,Lumen OnboardSystems,1-684-291-7596,sales@lumenonboardsystems.com,lumenonboardsystems.com,14,Berlin,DE,2026-06-07 02:17:43
2026-06-07,ERP,IronForge Desk,8165453855,hello@ironforgedesk.com,ironforgedesk.com,N/A,Dublin,IE,2026-06-07 05:21:17
2026-06-07,Medical,Atlas PulseBase,(259) 435-9268,sales@atlaspulsebase.com,atlaspulsebase.com,367,Tampa,US,2026-06-07 02:39:38
2026-06-07,ERP,Falcon ForgeCore,+16248330000,hello@falconforgecore.com,https://falconforgecore.com,82,Dublin,IE,2026-06-07 04:04:22
2026-06-07,LMS,HaloTutor Soft,(315) 777-6864,contact@halotutorsoft.io,https://www.halotutorsoft.io,19,Boston,US,2026-06-07 03:33:46
2026-06-07,Medical,MosaicRx Works,+18449844236,sales@mosaicrxworks.com,https://mosaicrxworks.com,1202,N/A,DE,2026-06-07 03:31:39
2026-06-07,HR,Nova CulturePoint,(923) 941-5415,info@novaculturepoint.com,novaculturepoint.com,205,Tampa,US,2026-06-07 06:02:02
2026-06-07,MSP Platform,PrimeNet Systems,+16596415984,hello@primenetsystems.net,https://primenetsystems.net,-,,US,2026-06-07 01:00:12
2026-06-07,LMS,FusionLearnSphere,4797252498 ext. 48,sales@fusionlearnsphere.com,https://www.fusionlearnsphere.com,5,Dublin,IE,2026-06-07 01:53:15
2026-06-07,HR,Apex RosterBase,+19336807408,sales@apexrosterbase.com,https://www.apexrosterbase.com,56,Denver,US,2026-06-07 06:57:16
2026-06-07,ERP,ArchForge Sphere,877.962.2435 ext. 95,sales@archforgesphere.com,https://www.archforgesphere.com,895,Chicago,US,2026-06-07 04:03:26
2026-06-07,MSP Platform,Crest GridPoint,+14382841936,hello@crestgridpoint.co,https://www.crestgridpoint.co,35,-,US,2026-06-07 06:31:17
2026-06-07,Legal,ArchFilingWorks,(776) 862-6815,contact@archfilingworks.com,https://www.archfilingworks.com,12,Columbus,US,2026-06-07 06:28:50
2026-06-07,Legal,Alta LawPlatform,1-268-606-1525,info@altalawplatform.com,https://www.altalawplatform.com,105,Seattle,US,2026-06-07 01:38:33
2026-06-07,Medical,BluePatient Base,(736) 368-9542,hello@bluepatientbase.com,bluepatientbase.com,455,Melbourne,AU,2026-06-07 04:08:17
2026-06-07,MSP Platform,BlueUptime Hub,5287109479,info@blueuptimehub.com,https://www.blueuptimehub.com,395,Chicago,US,2026-06-07 02:04:09
2026-06-07,Legal,Pivot Counsel Talent Agency,245-760-1132,contact@pivotcounseltalentagency.com,https://www.pivotcounseltalentagency.com,411,Vancouver,CA,2026-06-07 01:28:03
2026-06-07,MSP Platform,LatticeMonitorLogic,(771) 462-2994,hello@latticemonitorlogic.com,https://latticemonitorlogic.com,17,Phoenix,US,2026-06-07 06:10:23
2026-06-07,Medical,SummitPatient Cloud,789.247.1041,contact@summitpatientcloud.com,https://www.summitpatientcloud.com,359,Manchester,UK,2026-06-07 04:20:13
2026-06-07,Medical,Mosaic ClinicDesk,+19543423474 ext. 15,sales@mosaicclinicdesk.io,https://www.mosaicclinicdesk.io,42,Melbourne,AU,2026-06-07 06:28:32
2026-06-07,HR,CedarRosterSphere,(360) 354-2689,info@cedarrostersphere.com,https://www.cedarrostersphere.com,31,London,UK,2026-06-07 04:41:46
2026-06-07,MSP Platform,LumenRemoteDesk,+16154230635,info@lumenremotedesk.com,lumenremotedesk.com,15,Atlanta,US,2026-06-07 02:54:05
2026-06-07,HR,MetaShift Tech,(420) 919-2071,contact@metashifttech.com,metashifttech.com,3956,Raleigh,US,2026-06-07 06:37:38
2026-06-07,Legal,Summit LawPlatform,447-646-6816,sales@summitlawplatform.com,https://www.summitlawplatform.com,5,Denver,US,2026-06-07 06:17:43
2026-06-07,ERP,PrimeChainSync,5135861290 ext. 23,hello@primechainsync.com,https://www.primechainsync.com,13,Raleigh,US,2026-06-07 04:45:12
2026-06-07,Medical,JuniperRx Core,249-500-9117,hello@juniperrxcore.com,https://www.juniperrxcore.com,56,Phoenix,US,2026-06-07 02:13:34
2026-06-07,Legal,Pioneer LawLabs,879-810-1654,hello@pioneerlawlabs.net,https://www.pioneerlawlabs.net,492,Boston,US,2026-06-07 05:16:34
2026-06-07,Medical,XenonHealth Labs,+14308271033,contact@xenonhealthlabs.io,https://www.xenonhealthlabs.io,9,Raleigh,US,2026-06-07 06:22:02
2026-06-07,MSP Platform,QuartzEndpoint Flow,597-257-3069,info@quartzendpointflow.com,https://quartzendpointflow.com,516,Denver,US,2026-06-07 04:37:43
2026-06-07,ERP,BoldPlanBase,(386) 835-6363,info@boldplanbase.com,https://boldplanbase.com,10,London,UK,2026-06-07 06:50:53
2026-06-07,HR,DeltaPeople Soft,713-328-4010,contact@deltapeoplesoft.com,deltapeoplesoft.com,null,Raleigh,US,2026-06-07 02:37:12
2026-06-07,MSP Platform,ClearRemotePoint,710-887-9289,contact@clearremotepoint.net,https://clearremotepoint.net,31,Raleigh,US,2026-06-07 02:26:16
2026-06-07,ERP,XenonOpsCore,412-756-4111,N/A,https://www.xenonopscore.com,766,Seattle,US,2026-06-07 03:22:46
2026-06-07,MSP Platform,GoldenEndpoint Soft,+1 (754) 954-7299,sales@goldenendpointsoft.com,https://www.goldenendpointsoft.com,29,Atlanta,US,2026-06-07 04:48:58
2026-06-07,MSP Platform,BoldRemote Point,(247) 963-6309 ext. 26,info@boldremotepoint.co,https://boldremotepoint.co,241,Munich,DE,2026-06-07 06:31:42
2026-06-07,HR,ZenPerform Cloud,635.915.3312,hello@zenperformcloud.io,zenperformcloud.io,4069,Sydney,AU,2026-06-07 05:00:34
2026-06-07,MSP Platform,Nova PatchTech,8726583004,info@novapatchtech.io,https://www.novapatchtech.io,651,Phoenix,US,2026-06-07 04:54:29
2026-06-07,HR,Rapid TalentPoint,1-648-964-8819,contact@rapidtalentpoint.net,https://www.rapidtalentpoint.net,24,Phoenix,US,2026-06-07 02:42:50
2026-06-07,ERP,RapidOrderSolutions,(712) 667-0186,hello@rapidordersolutions.co,https://www.rapidordersolutions.co,28,Columbus,US,2026-06-07 02:49:16
2026-06-07,ERP,IronLedgerSync,+17222417897,sales@ironledgersync.io,https://www.ironledgersync.io,9,Boston,US,2026-06-07 06:37:20
2026-06-07,Medical,PivotClinicWorks,5144249148,info@pivotclinicworks.io,https://www.pivotclinicworks.io,5,Dublin,IE,2026-06-07 01:18:10
2026-06-07,ERP,VertexBatchFlow,+1 (920) 377-5426,hello@vertexbatchflow.com,https://vertexbatchflow.com,15,Atlanta,US,2026-06-07 04:37:08
2026-06-07,LMS,Apex CourseBase,944-777-4196,sales@apexcoursebase.com,https://www.apexcoursebase.com,195,Denver,US,2026-06-07 02:06:43
2026-06-07,Medical,AnchorMed Base,376.532.1863,info@anchormedbase.com,https://anchormedbase.com,2445,Lahore,PK,2026-06-07 06:35:16
2026-06-07,ERP,Tidal LedgerApp,+17632445197,hello@tidalledgerapp.net,https://www.tidalledgerapp.net,40,Seattle,US,2026-06-07 04:50:11
2026-06-07,Medical,Cedar PulseDesk,+1 (354) 884-1335,contact@cedarpulsedesk.com,https://cedarpulsedesk.com,19,Austin,US,2026-06-07 01:15:42
2026-06-07,ERP,Falcon StockBase,+18609635135,hello@falconstockbase.com,https://www.falconstockbase.com,447,Atlanta,US,2026-06-07 03:36:18
2026-06-07,ERP,FalconFin Solutions,+12185690226,hello@falconfinsolutions.com,https://www.falconfinsolutions.com,16,Columbus,US,2026-06-07 06:42:32
2026-06-07,Medical,Quantum ChartBase,07588840476,hello@quantumchartbase.com,https://www.quantumchartbase.com,593,Pune,IN,2026-06-07 06:08:56
2026-06-07,ERP,Rapid StockSystems,+19176969906,sales@rapidstocksystems.com,https://rapidstocksystems.com,364,Dublin,IE,2026-06-07 04:54:32
2026-06-07,MSP Platform,EmberNode Base,1-242-311-8796,info@embernodebase.com,https://www.embernodebase.com,N/A,Karachi,PK,2026-06-07 03:02:09
2026-06-07,Legal,QuartzVerdictPoint,495-264-5627,hello@quartzverdictpoint.com,https://www.quartzverdictpoint.com,124,Munich,DE,2026-06-07 03:30:24
2026-06-07,HR,SilverRosterBase,959.619.6075,info@silverrosterbase.net,https://www.silverrosterbase.net,67,Phoenix,US,2026-06-07 06:05:32
2026-06-07,ERP,JuniperForgeDynamics,767.370.6414,sales@juniperforgedynamics.co,https://juniperforgedynamics.co,59,Tampa,US,2026-06-07 05:52:51
2026-06-07,HR,Umbra RosterCore,+1 (836) 946-1251,sales@umbrarostercore.com,https://www.umbrarostercore.com,61,Atlanta,US,2026-06-07 06:44:41
2026-06-07,ERP,Nimbus ChainSync,+18585810760,hello@nimbuschainsync.com,https://www.nimbuschainsync.com,184,Austin,US,2026-06-07 05:50:41
2026-06-07,Medical,LatticeChart Hub,834-421-4409,info@latticecharthub.io,https://www.latticecharthub.io,249,Columbus,US,2026-06-07 06:01:48
2026-06-07,HR,GraniteTalentLabs,+1 (709) 792-4660,hello@granitetalentlabs.com,https://www.granitetalentlabs.com,857,Columbus,US,2026-06-07 05:04:41
2026-06-07,Medical,Umbra PatientPoint,02063453432,contact@umbrapatientpoint.com,https://www.umbrapatientpoint.com,78,Atlanta,US,2026-06-07 05:35:01
2026-06-07,MSP Platform,Polaris GridCore,630-212-6707,contact@polarisgridcore.com,polarisgridcore.com,39,Phoenix,US,2026-06-07 01:04:49
2026-06-07,Medical,Umbra ClinicHub,694-850-5911,sales@umbraclinichub.io,https://www.umbraclinichub.io,189,Austin,US,2026-06-07 04:36:42
2026-06-07,Medical,Golden RxDesk,(463) 506-8252,info@goldenrxdesk.co,https://goldenrxdesk.co,20,Melbourne,AU,2026-06-07 06:43:30
2026-06-07,Medical,Onyx PulseHub,02215303404,info@onyxpulsehub.com,https://www.onyxpulsehub.com,84,Melbourne,AU,2026-06-07 04:33:49
2026-06-07,MSP Platform,ZenEndpointSystems,3445530470 ext. 67,hello@zenendpointsystems.net,zenendpointsystems.net,70,Seattle,US,2026-06-07 05:13:53
2026-06-07,Medical,QuantumVitalPoint,905.485.1531,sales@quantumvitalpoint.com,https://www.quantumvitalpoint.com,115,Seattle,US,2026-06-07 02:26:11
2026-06-07,ERP,AtlasStock Dynamics,(685) 283-1220,sales@atlasstockdynamics.com,https://www.atlasstockdynamics.com,108,Austin,US,2026-06-07 04:54:18
2026-06-07,ERP,ArchFin Systems,+17492515377,null,https://www.archfinsystems.com,90,Seattle,US,2026-06-07 06:19:40
2026-06-07,ERP,VeloForge Suite,(598) 388-5676,hello@veloforgesuite.com,https://www.veloforgesuite.com,174,Tampa,US,2026-06-07 02:42:16
2026-06-07,Medical,VistaCareDynamics,404-683-9000,hello@vistacaredynamics.com,https://www.vistacaredynamics.com,145,Singapore,SG,2026-06-07 03:24:08
2026-06-07,Medical,Indigo RxPlatform,+18676986129,hello@indigorxplatform.com,indigorxplatform.com,43,Atlanta,US,2026-06-07 01:22:37
2026-06-07,Medical,MetaRxWorks,+1 (318) 739-4618,hello@metarxworks.co,https://www.metarxworks.co,44,Atlanta,US,2026-06-07 01:08:44
2026-06-07,Legal,Indigo LawApp,(463) 516-1994,contact@indigolawapp.com,https://indigolawapp.com,527,Amsterdam,NL,2026-06-07 05:33:53
2026-06-07,Medical,Onyx PulseSync,1-611-534-3580,info@onyxpulsesync.com,https://www.onyxpulsesync.com,17,Seattle,US,2026-06-07 01:59:17
2026-06-07,Legal,PioneerCase Labs,+19846721001,info@pioneercaselabs.com,https://www.pioneercaselabs.com,16,Seattle,US,2026-06-07 06:00:12
2026-06-07,Legal,KeystoneVerdictHub,06799377054,sales@keystoneverdicthub.net,https://www.keystoneverdicthub.net,47,Columbus,US,2026-06-07 03:47:03
2026-06-07,ERP,ZenLedger Hub,1-557-555-9726,contact@zenledgerhub.co,https://zenledgerhub.co,5,Tampa,US,2026-06-07 05:50:22
2026-06-07,MSP Platform,Ridge MonitorSuite,640.846.0327,N/A,https://ridgemonitorsuite.net,35,Pune,IN,2026-06-07 02:24:51
2026-06-07,Medical,BrightChart Sync,1-798-842-8826,info@brightchartsync.co,https://www.brightchartsync.co,17,Raleigh,US,2026-06-07 05:14:33
2026-06-07,MSP Platform,RapidNodéHub,1-688-402-9375,contact@rapidnodehub.com,https://www.rapidnodehub.com,761,Seattle,US,2026-06-07 06:05:23
2026-06-07,Medical,TidalMedApp,(385) 550-5775,-,https://tidalmedapp.com,10,Seattle,US,2026-06-07 03:12:00
2026-06-07,ERP,CrownOps’s Flow,1-855-250-9190,contact@crownopsflow.com,https://crownopsflow.com,207,Boston,US,2026-06-07 03:11:31
2026-06-07,LMS,OrbitCourseLabs,+14965963457,info@orbitcourselabs.com,https://www.orbitcourselabs.com,7,Austin,US,2026-06-07 01:32:35
2026-06-07,ERP,MosaicLedger Solutions,07368971850,contact@mosaicledgersolutions.com,https://www.mosaicledgersolutions.com,24,Tampa,US,2026-06-07 06:19:45
2026-06-07,ERP,Halo ResourcePoint,(496) 206-0588,contact@haloresourcepoint.com,https://www.haloresourcepoint.com,71,Islamabad,PK,2026-06-07 03:38:38
2026-06-07,Medical,SilverTriage Sphere,+18442501269 ext. 82,hello@silvertriagesphere.net,https://www.silvertriagesphere.net,18,Phoenix,US,2026-06-07 04:47:31
2026-06-07,HR,Cedar PerformSphere,(484) 467-9864,sales@cedarperformsphere.co,https://www.cedarperformsphere.co,147,Boston,US,2026-06-07 05:00:27
2026-06-07,ERP,Golden ChainCloud,(495) 853-1900,contact@goldenchaincloud.com,https://www.goldenchaincloud.com,15,Seattle,US,2026-06-07 02:42:31
2026-06-07,Medical,IronRxFlow,8658030969 ext. 73,info@ironrxflow.com,https://www.ironrxflow.com,52,Manchester,UK,2026-06-07 04:07:11
2026-06-07,Medical,Omni PatientSoft,879-897-2734,contact@omnipatientsoft.com,omnipatientsoft.com,38,Raleigh,US,2026-06-07 02:04:25
2026-06-07,Medical,LumenPatient Solutions,1-847-677-1792,hello@lumenpatientsolutions.com,https://lumenpatientsolutions.com,976,Raleigh,US,2026-06-07 04:10:01
2026-06-07,Legal,LumenVerdictPoint,+1 (388) 841-7546,info@lumenverdictpoint.com,https://www.lumenverdictpoint.com,14,Columbus,US,2026-06-07 03:40:46
2026-06-07,MSP Platform,ClearGrid Sphere,(519) 927-2561,info@cleargridsphere.com,cleargridsphere.com,20,Phoenix,US,2026-06-07 04:21:21
2026-06-07,MSP Platform,Zen NodePoint,439.346.2873,contact@zennodepoint.com,https://zennodepoint.com,30,Leeds,UK,2026-06-07 06:26:30
2026-06-07,Medical,ApexCare Systems,(336) 698-0144,hello@apexcaresystems.com,https://www.apexcaresystems.com,-,Austin,US,2026-06-07 01:42:29
2026-06-07,ERP,FusionOrder Tech,732-970-9724,sales@fusionordertech.com,https://www.fusionordertech.com,47,Calgary,CA,2026-06-07 04:44:41
2026-06-07,ERP,KeystoneOps Sphere,1-287-685-8702,sales@keystoneopssphere.io,https://keystoneopssphere.io,7,Dublin,IE,2026-06-07 01:32:37
2026-06-07,MSP Platform,Iron NodeLabs,+16442829135,hello@ironnodelabs.com,https://ironnodelabs.com,25,Vancouver,CA,2026-06-07 01:59:51
2026-06-07,Legal,MetaCompliSync’s,884-316-7164,info@metacomplisync.io,https://www.metacomplisync.io,128,Pune,IN,2026-06-07 01:36:55
2026-06-07,HR,OnyxTalentSuite,934-550-4245,sales@onyxtalentsuite.net,https://www.onyxtalentsuite.net,3815,Columbus,US,2026-06-07 02:11:58
2026-06-07,ERP,IronFinPoint,+14062267116,null,https://www.ironfinpoint.com,48,Pune,IN,2026-06-07 01:27:55
2026-06-07,ERP,IronForgeSuite,1-654-423-9997,N/A,https://ironforgesuite.com,78,Seattle,US,2026-06-07 06:52:42
2026-06-07,HR,XenonPeople Desk,864-301-1884,sales@xenonpeopledesk.com,https://xenonpeopledesk.com,194,Tampa,US,2026-06-07 04:10:18
2026-06-07,ERP,UmbraFin Solutions,1-747-914-3940,hello@umbrafinsolutions.io,umbrafinsolutions.io,358,Seattle,US,2026-06-07 01:46:04
2026-06-07,HR,OrbitCultureWorks,821.293.1391,contact@orbitcultureworks.io,https://orbitcultureworks.io,444,Phoenix,US,2026-06-07 04:08:17
2026-06-07,MSP Platform,QuantumGridSystems,371-772-6314,sales@quantumgridsystems.io,https://www.quantumgridsystems.io,204,Manchester,UK,2026-06-07 04:12:26
2026-06-07,MSP Platform,GoldenUptimeCore,4099363432,info@goldenuptimecore.com,https://www.goldenuptimecore.com,134,Sydney,AU,2026-06-07 05:04:05
2026-06-07,HR,Cobalt PeopleCore,206.524.1061,info@cobaltpeoplecore.io,https://www.cobaltpeoplecore.io,2111,Atlanta,US,2026-06-07 02:38:08
2026-06-07,Medical,GraniteRxSolutions,+12908948507,hello@graniterxsolutions.com,https://www.graniterxsolutions.com,8,Seattle,US,2026-06-07 04:21:13
2026-06-07,MSP Platform,CrestStack Logic,(965) 521-7546,contact@creststacklogic.com,https://www.creststacklogic.com,55,Austin,US,2026-06-07 04:43:32
2026-06-07,MSP Platform,Omni StackLabs,+15606930409,sales@omnistacklabs.com,https://omnistacklabs.com,248,Raleigh,US,2026-06-07 06:45:12
2026-06-07,ERP,ApexOpsWorks,+16082271417,info@apexopsworks.com,https://www.apexopsworks.com,14,Phoenix,US,2026-06-07 01:01:28
2026-06-07,Legal,Tidal CompliLogic,7467200894,hello@tidalcomplilogic.com,https://www.tidalcomplilogic.com,18,Pune,IN,2026-06-07 02:02:08
2026-06-07,LMS,KeystoneClause Base,9252262326,sales@keystoneclausebase.io,https://www.keystoneclausebase.io,37,Boston,US,2026-06-07 02:17:23
2026-06-07,ERP,Halo BatchLabs,+1 (786) 862-4189,contact@halobatchlabs.com,https://www.halobatchlabs.com,84,Bengaluru,IN,2026-06-07 05:39:39
2026-06-07,Medical,CrownPatientCore,(776) 510-7741 ext. 87,contact@crownpatientcore.net,https://crownpatientcore.net,43,Austin,US,2026-06-07 01:05:44
2026-06-07,HR,Nova ShiftPlatform,(768) 885-0437,hello@novashiftplatform.com,https://www.novashiftplatform.com,16,Sydney,AU,2026-06-07 05:40:38
2026-06-07,MSP Platform,CrownTicket Sync,355-721-5667,contact@crownticketsync.co,https://crownticketsync.co,78,Columbus,US,2026-06-07 05:47:15
2026-06-07,ERP,JuniperPlan Dynamics,699-973-9283,contact@juniperplandynamics.co,juniperplandynamics.co,10,Austin,US,2026-06-07 04:20:42
2026-06-07,ERP,QuantumOpsSync,7995593963,info@quantumopssync.co,https://quantumopssync.co,28,Chicago,US,2026-06-07 01:57:52
2026-06-07,MSP Platform,MetaGrid Sphere,(676) 686-5598,contact@metagridsphere.net,https://www.metagridsphere.net,249,Tampa,US,2026-06-07 03:52:28
2026-06-07,ERP,BlueChainPoint,+13472793910,info@bluechainpoint.com,https://www.bluechainpoint.com,17,Columbus,US,2026-06-07 02:30:52
2026-06-07,HR,Delta CultureSystems,865.401.3186,contact@deltaculturesystems.io,https://deltaculturesystems.io,39,Denver,US,2026-06-07 01:22:53
2026-06-07,Medical,RidgeRx Sphere,(637) 331-1528,sales@ridgerxsphere.com,ridgerxsphere.com,70,Columbus,US,2026-06-07 02:43:35
2026-06-07,HR,QuartzPerformSync,988.353.5612,hello@quartzperformsync.com,https://quartzperformsync.com,21,Raleigh,US,2026-06-07 06:37:24
2026-06-07,HR,WillowTalent Desk,364.862.0967,info@willowtalentdesk.com,https://willowtalentdesk.com,12,Atlanta,US,2026-06-07 03:48:17
2026-06-07,HR,FalconRosterSystems,651-599-3742,contact@falconrostersystems.com,https://www.falconrostersystems.com,10,Amsterdam,NL,2026-06-07 05:05:45
2026-06-07,MSP Platform,SableRemoteSolutions,05148390032,hello@sableremotesolutions.io,https://www.sableremotesolutions.io,51,Raleigh,US,2026-06-07 05:33:55
2026-06-07,HR,VeloPerform Hub,+18316876312,hello@veloperformhub.co,https://www.veloperformhub.co,114,Columbus,US,2026-06-07 06:47:46
2026-06-07,Legal,GoldenMatterHub,+1 (925) 542-8935,hello@goldenmatterhub.com,goldenmatterhub.com,5,Austin,US,2026-06-07 04:43:46
2026-06-07,Legal,Delta LawDynamics,+17915148458,sales@deltalawdynamics.io,https://deltalawdynamics.io,53,Hyderabad,IN,2026-06-07 03:07:53
2026-06-07,Medical,GraniteChart Desk,882.960.4788,hello@granitechartdesk.com,https://granitechartdesk.com,16,Dublin,IE,2026-06-07 06:26:33
2026-06-07,Legal,ArchCounsel Systems,733-746-8950,sales@archcounselsystems.net,https://archcounselsystems.net,297,Chicago,US,2026-06-07 02:57:45
2026-06-07,Medical,QuantumRxSync,833-952-2962 ext. 9,hello@quantumrxsync.com,https://www.quantumrxsync.com,176,Karachi,PK,2026-06-07 06:57:39
2026-06-07,ERP,Beacon ResourcePoint,+15695073352,info@beaconresourcepoint.net,https://www.beaconresourcepoint.net,105,Denver,US,2026-06-07 05:11:32
2026-06-07,MSP Platform,SableEndpointBase,+16942975329,contact@sableendpointbase.com,https://www.sableendpointbase.com,46,Bengaluru,IN,2026-06-07 02:41:53
2026-06-07,Legal,Solid CounselHub,+13524243605,hello@solidcounselhub.com,https://www.solidcounselhub.com,14,Lahore,PK,2026-06-07 01:25:03
2026-06-07,ERP,LatticeOrder Solutions,438-452-1082,sales@latticeordersolutions.net,https://www.latticeordersolutions.net,9,Hyderabad,IN,2026-06-07 06:17:21
2026-06-07,ERP,CrownChainSuite,252-410-0432,contact@crownchainsuite.com,crownchainsuite.com,732,London,UK,2026-06-07 03:50:40
2026-06-07,ERP,Xenon Ledger Consultants,8237668376,sales@xenonledgerconsultants.io,https://xenonledgerconsultants.io,18,Calgary,CA,2026-06-07 06:53:41
2026-06-07,HR,PrimePayroll Systems,+18599794514,contact@primepayrollsystems.com,https://primepayrollsystems.com,15,Denver,US,2026-06-07 02:05:38
2026-06-07,HR,Silver RosterApp,293-610-1896 ext. 84,contact@silverrosterapp.com,https://silverrosterapp.com,85,Toronto,CA,2026-06-07 02:29:26
2026-06-07,ERP,KeystoneStock Tech,+19674262083,sales@keystonestocktech.com,https://keystonestocktech.com,37,Calgary,CA,2026-06-07 04:09:52
2026-06-07,Medical,AtlasTriagePoint,+15358009442,hello@atlastriagepoint.com,https://www.atlastriagepoint.com,41,Denver,US,2026-06-07 04:14:02
2026-06-07,LMS,Omni PathPlatform,684-493-5488,info@omnipathplatform.com,https://www.omnipathplatform.com,26,Seattle,US,2026-06-07 02:39:00
2026-06-07,ERP,NorthFinHub,+17946122863,info@northfinhub.com,https://www.northfinhub.com,2532,Phoenix,US,2026-06-07 04:26:05
2026-06-07,ERP,DeltaChain Systems,954-482-9758,sales@deltachainsystems.co,https://www.deltachainsystems.co,553,Chicago,US,2026-06-07 04:11:06
2026-06-07,ERP,Harbor StockSync,(771) 580-4615,sales@harborstocksync.io,harborstocksync.io,null,Phoenix,US,2026-06-07 05:45:11
2026-06-07,ERP,Pioneer FinTech,(760) 923-1485,contact@pioneerfintech.com,https://www.pioneerfintech.com,13,Austin,US,2026-06-07 03:18:09
2026-06-07,Legal,LumenLaw Labs,(362) 653-2356,contact@lumenlawlabs.com,https://www.lumenlawlabs.com,12,Denver,US,2026-06-07 03:51:31
2026-06-07,HR,WillowPerform Sphere,+14634981237,info@willowperformsphere.com,https://www.willowperformsphere.com,214,London,UK,2026-06-07 03:23:18
2026-06-07,ERP,CoreOrder Desk,2066084943,contact@coreorderdesk.com,https://www.coreorderdesk.com,41,Denver,US,2026-06-07 02:16:49
2026-06-07,ERP,CobaltFinCore,264-865-4767,sales@cobaltfincore.com,https://www.cobaltfincore.com,89,,US,2026-06-07 01:04:15
2026-06-07,ERP,VeloForgeHub,+19725594547,contact@veloforgehub.com,https://veloforgehub.com,40,Dublin,IE,2026-06-07 02:59:34
2026-06-07,Medical,JuniperClinicSolutions,(300) 803-1691,sales@juniperclinicsolutions.co,https://www.juniperclinicsolutions.co,16,Atlanta,US,2026-06-07 06:28:02
2026-06-07,Legal,Cedar LawSphere,6343538266,info@cedarlawsphere.com,https://www.cedarlawsphere.com,34,Bengaluru,IN,2026-06-07 02:34:39
2026-06-07,Medical,PivotPatientCore,(677) 725-4255,sales@pivotpatientcore.com,https://www.pivotpatientcore.com,242,Columbus,US,2026-06-07 01:03:31
2026-06-07,Legal,Cedar CaseLabs,916-520-4337,contact@cedarcaselabs.com,https://cedarcaselabs.com,17,Karachi,PK,2026-06-07 02:56:31
2026-06-07,ERP,Atlas PlanApp,3146305464,hello@atlasplanapp.com,atlasplanapp.com,69,Denver,US,2026-06-07 04:03:14
2026-06-07,Medical,ZenClinicSync,(479) 240-9892,hello@zenclinicsync.com,https://zenclinicsync.com,565,Karachi,PK,2026-06-07 02:55:50
2026-06-07,Medical,Quartz CareSoft,671.857.1871,hello@quartzcaresoft.com,https://www.quartzcaresoft.com,20,Phoenix,US,2026-06-07 01:57:37
2026-06-07,Medical,RidgewayMedApp,+1 (220) 457-4516,sales@ridgewaymedapp.com,https://www.ridgewaymedapp.com,196,Raleigh,US,2026-06-07 02:24:16
2026-06-07,ERP,HarborOrderSolutions,300-675-8837,info@harborordersolutions.com,https://www.harborordersolutions.com,59,Manchester,UK,2026-06-07 01:03:21
2026-06-07,Medical,VeloClinicDynamics,1-307-414-8094,contact@veloclinicdynamics.com,https://www.veloclinicdynamics.com,572,Boston,US,2026-06-07 05:34:10
2026-06-07,Medical,Mosaic CareSphere,2708651868,hello@mosaiccaresphere.com,https://www.mosaiccaresphere.com,63,Calgary,CA,2026-06-07 06:10:52
2026-06-07,Medical,CedarPulse Sphere,+18359438081,contact@cedarpulsesphere.net,https://www.cedarpulsesphere.net,9,Seattle,US,2026-06-07 01:42:14
2026-06-07,Medical,GoldenCare Sync,2983246761,info@goldencaresync.com,https://www.goldencaresync.com,502,Tampa,US,2026-06-07 02:10:28
2026-06-07,Medical,PioneerPulseCloud,+13244316282,contact@pioneerpulsecloud.com,https://pioneerpulsecloud.com,14,Denver,US,2026-06-07 03:31:58
2026-06-07,ERP,SolidLedgerPlatform,(322) 950-7998,info@solidledgerplatform.io,solidledgerplatform.io,668,Melbourne,AU,2026-06-07 02:36:30
2026-06-07,ERP,NorthStock Cloud,+19554745432,contact@northstockcloud.com,https://northstockcloud.com,140,Chicago,US,2026-06-07 05:57:00
2026-06-07,ERP,Crest PlanSync,6374085228,sales@crestplansync.com,crestplansync.com,927,Seattle,US,2026-06-07 06:25:23
2026-06-07,Medical,Lattice RxPoint,2149042059,sales@latticerxpoint.com,https://latticerxpoint.com,356,Toronto,CA,2026-06-07 03:15:13
2026-06-07,Medical,Ridgé PulseDynamics,2496656353,contact@ridgepulsedynamics.com,https://ridgepulsedynamics.com,44,Denver,US,2026-06-07 06:13:20
2026-06-07,Legal,ZephyrVerdictWorks,256-392-7180,sales@zephyrverdictworks.io,https://www.zephyrverdictworks.io,58,Raleigh,US,2026-06-07 06:20:50
2026-06-07,LMS,WillowPathCore,525-921-2056,sales@willowpathcore.com,https://www.willowpathcore.com,11,Austin,US,2026-06-07 04:02:55
2026-06-07,ERP,Orbit ResourcePoint,901-789-6121,hello@orbitresourcepoint.com,https://www.orbitresourcepoint.com,845,Pune,IN,2026-06-07 02:40:31
2026-06-07,HR,NimbusShiftDesk,8029777318,hello@nimbusshiftdesk.co,https://nimbusshiftdesk.co,135,Dublin,IE,2026-06-07 04:11:40
2026-06-07,ERP,Crown StockLogic,(309) 973-7071,null,https://crownstocklogic.net,121,Atlanta,US,2026-06-07 02:13:23
2026-06-07,ERP,BeaconPlan Cloud,+18643273055,info@beaconplancloud.com,https://beaconplancloud.com,218,Munich,DE,2026-06-07 02:58:50
2026-06-07,MSP Platform,Umbra EndpointSphere,(217) 722-6850,contact@umbraendpointsphere.co,https://umbraendpointsphere.co,13,Denver,US,2026-06-07 03:09:24
2026-06-07,Legal,Nimbus ClauseLabs,980-941-5252,hello@nimbusclauselabs.io,nimbusclauselabs.io,3730,Columbus,US,2026-06-07 01:04:57
2026-06-07,ERP,Delta OrderLogic,433-555-0284,hello@deltaorderlogic.com,deltaorderlogic.com,53,Columbus,US,2026-06-07 02:22:49
2026-06-07,Legal,CedarFiling Flow,796-514-8476 ext. 50,sales@cedarfilingflow.net,https://www.cedarfilingflow.net,954,Chicago,US,2026-06-07 03:50:39
2026-06-07,HR,KeystonePayrollSoft,+12827552146,hello@keystonepayrollsoft.co,https://www.keystonepayrollsoft.co,38,Lahore,PK,2026-06-07 03:47:05
2026-06-07,MSP Platform,SabléTicketSolutions,335-693-3225,hello@sableticketsolutions.com,sableticketsolutions.com,132,Atlanta,US,2026-06-07 01:53:19
2026-06-07,Medical,Halo Health Recruiting,07509258145,sales@halohealthrecruiting.co,https://halohealthrecruiting.co,419,Denver,US,2026-06-07 04:14:11
2026-06-07,MSP Platform,OnyxStackTech,3228911445,hello@onyxstacktech.com,https://www.onyxstacktech.com,null,Calgary,CA,2026-06-07 03:43:53
2026-06-07,Medical,Tidal TriageSync,485-967-2778,info@tidaltriagesync.io,tidaltriagesync.io,98,Tampa,US,2026-06-07 06:24:02
2026-06-07,ERP,Iron FinSuite,(348) 355-6272,hello@ironfinsuite.com,https://ironfinsuite.com,49,Hyderabad,IN,2026-06-07 04:22:46
2026-06-07,Medical,WillowHealth Logic,(713) 982-6029,sales@willowhealthlogic.com,https://www.willowhealthlogic.com,249,Raleigh,US,2026-06-07 02:53:56
2026-06-07,MSP Platform,PioneerTicketFlow,+1 (987) 615-1412,hello@pioneerticketflow.com,https://pioneerticketflow.com,21,Bengaluru,IN,2026-06-07 01:57:00
2026-06-07,Legal,BrightFilingFlow,03132093054 ext. 34,N/A,https://www.brightfilingflow.io,22,Columbus,US,2026-06-07 03:12:36
2026-06-07,Legal,SilverCaseLabs,513.576.1708,contact@silvercaselabs.com,silvercaselabs.com,224,Seattle,US,2026-06-07 01:49:41
2026-06-07,ERP,Atlas Order Recruiting,(966) 326-4720,contact@atlasorderrecruiting.co,https://www.atlasorderrecruiting.co,14,Melbourne,AU,2026-06-07 06:11:41
2026-06-07,HR,TidalTeam Platform,(719) 875-5049,hello@tidalteamplatform.io,https://www.tidalteamplatform.io,28,Boston,US,2026-06-07 02:24:57
2026-06-07,MSP Platform,Willow EndpointPoint,1-487-227-4444,contact@willowendpointpoint.io,https://willowendpointpoint.io,19,Amsterdam,NL,2026-06-07 06:41:58
2026-06-07,ERP,VeloFin Core,+18519663870,sales@velofincore.io,https://www.velofincore.io,60,Melbourne,AU,2026-06-07 01:29:55
2026-06-07,HR,Velo OnboardSolutions,289-433-9819,info@veloonboardsolutions.co,https://www.veloonboardsolutions.co,19,Hyderabad,IN,2026-06-07 04:21:38
2026-06-07,Medical,NorthChart Systems,949-700-2664,info@northchartsystems.com,https://www.northchartsystems.com,196,Raleigh,US,2026-06-07 02:03:52
2026-06-07,ERP,Blue LedgerTech,+12137276486,hello@blueledgertech.com,https://www.blueledgertech.com,12,Boston,US,2026-06-07 04:20:32
2026-06-07,HR,XenonCulture Systems,755-289-3089,info@xenonculturesystems.com,https://www.xenonculturesystems.com,99,Seattle,US,2026-06-07 06:56:17
2026-06-07,Legal,OrbitVerdictSoft,05918397251,hello@orbitverdictsoft.net,https://www.orbitverdictsoft.net,7,Toronto,CA,2026-06-07 01:45:17
2026-06-07,HR,CrestBenefitLabs,1-827-763-4974,info@crestbenefitlabs.io,crestbenefitlabs.io,51,Raleigh,US,2026-06-07 06:41:50
2026-06-07,MSP Platform,NovaNode Logic,+15778560374,info@novanodelogic.com,novanodelogic.com,851,Columbus,US,2026-06-07 04:22:59
2026-06-07,ERP,Lumen ChainSoft,07387579527,contact@lumenchainsoft.net,https://www.lumenchainsoft.net,1365,Chicago,US,2026-06-07 06:27:29
2026-06-07,LMS,DeltaSkillPlatform,1-803-643-8876,hello@deltaskillplatform.io,https://www.deltaskillplatform.io,25,Atlanta,US,2026-06-07 01:43:10
2026-06-07,HR,SilverTeam Platform,1-649-347-6189,sales@silverteamplatform.net,https://silverteamplatform.net,40,Seattle,US,2026-06-07 06:16:37
2026-06-07,ERP,Indigo LedgerTech,7832330355,sales@indigoledgertech.co,https://www.indigoledgertech.co,9,Columbus,US,2026-06-07 01:27:58
2026-06-07,MSP Platform,TidalTicket Base,1-849-222-7504,contact@tidalticketbase.com,https://www.tidalticketbase.com,106,Seattle,US,2026-06-07 05:49:39
2026-06-07,Legal,IndigoCase Base,1-398-385-8497,sales@indigocasebase.com,https://www.indigocasebase.com,101,Raleigh,US,2026-06-07 01:33:26
2026-06-07,ERP,SilverForgePlatform,212-223-2066,N/A,https://silverforgeplatform.io,33,Chicago,US,2026-06-07 04:11:25
2026-06-07,LMS,OmniMentor Desk,644.266.5137,info@omnimentordesk.co,omnimentordesk.co,15,Chicago,US,2026-06-07 04:48:54
2026-06-07,HR,Anchor TeamCloud,(554) 816-9344,hello@anchorteamcloud.com,anchorteamcloud.com,13,Seattle,US,2026-06-07 06:06:21
2026-06-07,Legal,Orbit MatterCloud,408-409-3490,sales@orbitmattercloud.net,https://www.orbitmattercloud.net,94,Atlanta,US,2026-06-07 04:42:18
2026-06-07,ERP,Zen BatchPoint,+1 (962) 679-5572,null,https://www.zenbatchpoint.com,636,Manchester,UK,2026-06-07 04:11:58
2026-06-07,MSP Platform,Meta PatchDynamics,1-970-411-3722,hello@metapatchdynamics.com,https://metapatchdynamics.com,40,Boston,US,2026-06-07 02:15:59
2026-06-07,HR,ClearPerform Works,+13799729655,hello@clearperformworks.co,https://clearperformworks.co,25,Sydney,AU,2026-06-07 06:05:17
2026-06-07,LMS,OnyxCohort Sync,9175744638 ext. 43,contact@onyxcohortsync.com,https://onyxcohortsync.com,391,Tampa,US,2026-06-07 06:23:45
2026-06-07,Legal,MetaLawCloud,+12698483020,contact@metalawcloud.com,https://www.metalawcloud.com,296,Calgary,CA,2026-06-07 06:11:24
2026-06-07,LMS,GoldenTrainSystems,401-369-7490,hello@goldentrainsystems.net,https://www.goldentrainsystems.net,35,Austin,US,2026-06-07 04:14:43
2026-06-07,LMS,Pioneer TrainSystems,(216) 815-6837 ext. 65,info@pioneertrainsystems.io,https://www.pioneertrainsystems.io,6,Atlanta,US,2026-06-07 03:50:52
2026-06-07,Legal,VertexDocketDesk,564-950-5771,hello@vertexdocketdesk.io,https://vertexdocketdesk.io,527,Denver,US,2026-06-07 06:14:47
2026-06-07,ERP,CrestOrderCloud,+12423247295,info@crestordercloud.com,https://www.crestordercloud.com,725,Atlanta,US,2026-06-07 01:41:33
2026-06-07,HR,Tidal BenefitSuite,504.219.3926,info@tidalbenefitsuite.com,https://tidalbenefitsuite.com,87,Singapore,SG,2026-06-07 06:11:46
2026-06-07,ERP,JuniperLedger Flow,289-808-0138,hello@juniperledgerflow.com,https://juniperledgerflow.com,399,null,US,2026-06-07 06:35:50
2026-06-07,MSP Platform,Lattice EndpointApp,+16222173127,contact@latticeendpointapp.io,latticeendpointapp.io,49,Atlanta,US,2026-06-07 02:40:59
2026-06-07,ERP,Lumen LedgerHub,1-230-730-3424,info@lumenledgerhub.com,https://lumenledgerhub.com,252,Dublin,IE,2026-06-07 05:31:51
2026-06-07,ERP,ZephyrStockPoint,(802) 783-1363,sales@zephyrstockpoint.com,https://www.zephyrstockpoint.com,191,London,UK,2026-06-07 05:05:54
2026-06-07,Medical,CrownCareDesk,+16502955027,hello@crowncaredesk.co,https://crowncaredesk.co,220,Munich,DE,2026-06-07 03:38:24
2026-06-07,LMS,MosaicCourseSoft,(751) 677-0696,contact@mosaiccoursesoft.com,mosaiccoursesoft.com,189,Seattle,US,2026-06-07 01:36:41
2026-06-07,ERP,Meta OrderLogic,(750) 236-3656,info@metaorderlogic.com,https://metaorderlogic.com,N/A,Columbus,US,2026-06-07 01:19:35
2026-06-07,ERP,CrestBatch Dynamics,572-901-8606,sales@crestbatchdynamics.com,crestbatchdynamics.com,224,Pune,IN,2026-06-07 01:36:04
2026-06-07,ERP,OrbitOrder Systems,05014032417,hello@orbitordersystems.com,https://orbitordersystems.com,14,Lahore,PK,2026-06-07 02:30:44
2026-06-07,ERP,CobaltForge Soft,5926411069,hello@cobaltforgesoft.com,https://www.cobaltforgesoft.com,156,Austin,US,2026-06-07 01:52:04
2026-06-07,HR,VistaPeople Sync,4942686726,info@vistapeoplesync.com,vistapeoplesync.com,206,Raleigh,US,2026-06-07 03:56:25
2026-06-07,ERP,SummitLedger Works,881.900.1052,contact@summitledgerworks.com,https://www.summitledgerworks.com,82,Phoenix,US,2026-06-07 05:27:15
2026-06-07,Legal,GoldenCaseSystems,+16962806922,hello@goldencasesystems.io,https://goldencasesystems.io,15,Atlanta,US,2026-06-07 03:37:31
2026-06-07,Legal,FusionVerdict Sync,(419) 426-2561,contact@fusionverdictsync.com,https://www.fusionverdictsync.com,237,Berlin,DE,2026-06-07 04:18:31
2026-06-07,LMS,HarborPathLogic,(771) 597-5092 ext. 19,hello@harborpathlogic.com,https://www.harborpathlogic.com,29,Sydney,AU,2026-06-07 05:09:34
2026-06-07,Medical,PivotCare Sphere,1-800-682-5093,hello@pivotcaresphere.com,https://www.pivotcaresphere.com,42,Austin,US,2026-06-07 02:52:44
2026-06-07,ERP,GoldenChainHub,+15095564928,info@goldenchainhub.io,https://www.goldenchainhub.io,1490,Amsterdam,NL,2026-06-07 02:18:35
2026-06-07,HR,OnyxPeople App,4944945208,info@onyxpeopleapp.net,onyxpeopleapp.net,6,Columbus,US,2026-06-07 01:33:42
2026-06-07,ERP,Golden StockLogic,+1 (428) 487-0212,N/A,https://www.goldenstocklogic.io,4131,Leeds,UK,2026-06-07 04:47:49
2026-06-07,MSP Platform,Clear PatchSystems,474-293-1704,info@clearpatchsystems.com,https://www.clearpatchsystems.com,335,Columbus,US,2026-06-07 04:37:56
2026-06-07,ERP,BoldOrder Hub,+15784734124,sales@boldorderhub.net,https://www.boldorderhub.net,39,Atlanta,US,2026-06-07 01:27:28
2026-06-07,MSP Platform,Prime TicketApp,(902) 462-2731,hello@primeticketapp.net,https://www.primeticketapp.net,13,Singapore,SG,2026-06-07 06:29:11
2026-06-07,HR,SablePayrollWorks,+1 (757) 470-6222,contact@sablepayrollworks.co,https://www.sablepayrollworks.co,426,Vancouver,CA,2026-06-07 02:50:01
2026-06-07,Medical,AnchorChart Sphere,+16818518334,sales@anchorchartsphere.io,anchorchartsphere.io,921,Sydney,AU,2026-06-07 02:17:26
2026-06-07,ERP,Bright ForgeLabs,768-687-3015,info@brightforgelabs.com,https://brightforgelabs.com,223,Phoenix,US,2026-06-07 02:27:23
2026-06-07,Legal,ZephyrVerdict Core,(243) 855-3022,N/A,https://www.zephyrverdictcore.io,97,Phoenix,US,2026-06-07 06:54:46
2026-06-07,HR,IndigoRoster Works,+15723902382,hello@indigorosterworks.com,https://www.indigorosterworks.com,13,Leeds,UK,2026-06-07 05:22:53
2026-06-07,ERP,Cobalt LedgerTech,956-597-0432,contact@cobaltledgertech.io,https://www.cobaltledgertech.io,115,Denver,US,2026-06-07 02:34:22
2026-06-07,Medical,OmniCare Labs,+15148312130,contact@omnicarelabs.com,https://www.omnicarelabs.com,438,Austin,US,2026-06-07 04:13:56
2026-06-07,ERP,AnchorResource Systems,+12149020349,hello@anchorresourcesystems.io,https://www.anchorresourcesystems.io,19,Seattle,US,2026-06-07 03:36:50
2026-06-07,LMS,Ember Learn Outsourcing,568.493.8379,hello@emberlearnoutsourcing.com,https://www.emberlearnoutsourcing.com,637,Austin,US,2026-06-07 05:55:26
2026-06-07,LMS,JuniperQuiz Dynamics,694-669-4595,info@juniperquizdynamics.io,https://www.juniperquizdynamics.io,25,Leeds,UK,2026-06-07 02:17:25
2026-06-07,Medical,AtlasHealth Point,1-304-696-9627,contact@atlashealthpoint.com,atlashealthpoint.com,871,Seattle,US,2026-06-07 06:23:26
2026-06-07,ERP,Clear PlanPoint,849.203.2756,hello@clearplanpoint.com,https://www.clearplanpoint.com,18,Austin,US,2026-06-07 06:27:51
2026-06-07,Legal,Core DocketTech,+16338507711,hello@coredockettech.com,https://coredockettech.com,60,Singapore,SG,2026-06-07 02:07:06
2026-06-07,Medical,Rapid PatientCore,8775656911,hello@rapidpatientcore.com,https://www.rapidpatientcore.com,10,London,UK,2026-06-07 05:14:50
2026-06-07,Medical,RidgeClinicLabs,6924523801,sales@ridgecliniclabs.com,https://ridgecliniclabs.com,5,Manchester,UK,2026-06-07 06:45:35
2026-06-07,Medical,AtlasClinic Desk,+17287501070,hello@atlasclinicdesk.com,atlasclinicdesk.com,52,Atlanta,US,2026-06-07 03:03:43
2026-06-07,Medical,ZephyrHealth Hub,(210) 546-2233,sales@zephyrhealthhub.com,zephyrhealthhub.com,30,Raleigh,US,2026-06-07 03:20:45
2026-06-07,Legal,ZephyrVerdict Flow,4608732479,sales@zephyrverdictflow.com,https://www.zephyrverdictflow.com,323,Atlanta,US,2026-06-07 03:38:55
2026-06-07,HR,MosaicBenefitCloud,(757) 885-6670,info@mosaicbenefitcloud.io,https://www.mosaicbenefitcloud.io,100,Sydney,AU,2026-06-07 04:24:55
2026-06-07,ERP,IndigoPlanLogic,574-784-6704,hello@indigoplanlogic.io,https://indigoplanlogic.io,573,Bengaluru,IN,2026-06-07 05:30:55
2026-06-07,HR,Cobalt BenefitBase,1-915-400-3246,hello@cobaltbenefitbase.com,cobaltbenefitbase.com,18,Bengaluru,IN,2026-06-07 01:23:14
2026-06-07,ERP,HaloResource Core,+1 (952) 287-5976 ext. 75,contact@haloresourcecore.com,https://www.haloresourcecore.com,236,Phoenix,US,2026-06-07 06:44:46
2026-06-07,MSP Platform,ZephyrUptime Labs,766.637.8568,sales@zephyruptimelabs.io,https://www.zephyruptimelabs.io,9,Raleigh,US,2026-06-07 06:07:06
2026-06-07,Medical,RidgePulseSoft,657.973.2121,contact@ridgepulsesoft.com,ridgepulsesoft.com,128,Austin,US,2026-06-07 06:38:01
2026-06-07,ERP,BoldForge Soft,1-840-803-6207,contact@boldforgesoft.com,https://boldforgesoft.com,28,Atlanta,US,2026-06-07 01:46:38
2026-06-07,MSP Platform,RapidPatch Point,(967) 980-7677 ext. 17,contact@rapidpatchpoint.com,https://www.rapidpatchpoint.com,412,Seattle,US,2026-06-07 06:07:28
2026-06-07,HR,Bright Shift Consulting Group,+13824962677,contact@brightshiftconsultinggroup.com,https://brightshiftconsultinggroup.com,11,Atlanta,US,2026-06-07 02:59:07
2026-06-07,HR,GraniteCulture Point,(353) 853-0588,hello@graniteculturepoint.co,https://graniteculturepoint.co,12,Berlin,DE,2026-06-07 04:00:06
2026-06-07,Medical,OrbitHealth Cloud,06986394617,contact@orbithealthcloud.com,https://orbithealthcloud.com,10,Denver,US,2026-06-07 01:55:49
2026-06-07,Medical,CedarHealth App,(593) 406-6390,contact@cedarhealthapp.com,https://www.cedarhealthapp.com,11,Denver,US,2026-06-07 04:26:36
2026-06-07,ERP,MetaOrder Tech,+1 (776) 571-9426,info@metaordertech.com,https://www.metaordertech.com,3158,Dublin,IE,2026-06-07 01:17:50
2026-06-07,ERP,Vista Ledger Staffing,+12144107290,info@vistaledgerstaffing.io,vistaledgerstaffing.io,81,Munich,DE,2026-06-07 04:28:20
2026-06-07,HR,Lattice ResourceDesk,478-458-3026,hello@latticeresourcedesk.net,latticeresourcedesk.net,5,Manchester,UK,2026-06-07 02:37:24
2026-06-07,ERP,Crown OpsHub,(573) 746-0707,info@crownopshub.io,https://www.crownopshub.io,5,Boston,US,2026-06-07 01:55:55
2026-06-07,HR,AltaRoster Platform,+18385734608,contact@altarosterplatform.com,https://www.altarosterplatform.com,31,Denver,US,2026-06-07 02:42:11
2026-06-07,MSP Platform,SilverMonitorSphere,867-619-8374,sales@silvermonitorsphere.io,https://silvermonitorsphere.io,17,London,UK,2026-06-07 04:36:24
2026-06-07,HR,RidgewayPerformCore,1-863-573-0401,info@ridgewayperformcore.com,https://www.ridgewayperformcore.com,239,Chicago,US,2026-06-07 02:18:32
2026-06-07,LMS,Arch Course Outsourcing,214.343.4961,contact@archcourseoutsourcing.com,https://www.archcourseoutsourcing.com,208,Raleigh,US,2026-06-07 06:35:48
2026-06-07,Legal,PioneerClause Base,1-551-239-7924,hello@pioneerclausebase.co,https://pioneerclausebase.co,438,Atlanta,US,2026-06-07 03:23:42
2026-06-07,MSP Platform,Apex GridDesk,+18997465896,hello@apexgriddesk.com,https://apexgriddesk.com,93,Boston,US,2026-06-07 02:59:44
2026-06-07,ERP,OmniBatchCloud,+17263152173,contact@omnibatchcloud.net,omnibatchcloud.net,466,Dublin,IE,2026-06-07 03:35:51
2026-06-07,MSP Platform,RidgeEndpoint Sync,586-442-9553,contact@ridgeendpointsync.com,https://ridgeendpointsync.com,28,Columbus,US,2026-06-07 06:39:11
2026-06-07,HR,Falcon TalentSuite,(668) 490-9016,N/A,https://www.falcontalentsuite.io,177,Manchester,UK,2026-06-07 06:20:00
2026-06-07,HR,BeaconPerformSystems,+17757054221,contact@beaconperformsystems.com,https://www.beaconperformsystems.com,412,Hyderabad,IN,2026-06-07 05:44:07
2026-06-07,MSP Platform,Golden TicketPlatform,+17393604278,hello@goldenticketplatform.io,https://www.goldenticketplatform.io,23,Calgary,CA,2026-06-07 02:24:52
2026-06-07,ERP,WillowOrderLogic,+1 (635) 872-7027,hello@willoworderlogic.com,https://www.willoworderlogic.com,78,Tampa,US,2026-06-07 02:34:59
2026-06-07,ERP,Silver BatchCloud,908.834.3695,sales@silverbatchcloud.com,https://www.silverbatchcloud.com,19,Austin,US,2026-06-07 03:02:21
2026-06-07,Legal,SilverFiling Flow,(551) 490-8824,contact@silverfilingflow.io,https://www.silverfilingflow.io,11,Melbourne,AU,2026-06-07 01:47:09
2026-06-07,LMS,ClearPathSolutions,816.462.7041 ext. 70,hello@clearpathsolutions.net,https://www.clearpathsolutions.net,401,Boston,US,2026-06-07 04:56:39
2026-06-07,Medical,SolidHealthSync,+14623878769,contact@solidhealthsync.com,solidhealthsync.com,12,London,UK,2026-06-07 04:34:43
2026-06-07,MSP Platform,Vertex Remote Staffing,509-687-0608,,https://www.vertexremotestaffing.com,19,Dublin,IE,2026-06-07 06:29:34
2026-06-07,HR,OmniTeamDynamics,949-271-1412,contact@omniteamdynamics.net,https://www.omniteamdynamics.net,7,Atlanta,US,2026-06-07 06:23:07
2026-06-07,HR,ZenPayroll Works,370-719-4610,info@zenpayrollworks.com,https://www.zenpayrollworks.com,153,Raleigh,US,2026-06-07 01:48:20
2026-06-07,MSP Platform,AltaNetHub,+13682216057,contact@altanethub.com,https://www.altanethub.com,411,Tampa,US,2026-06-07 04:13:12
2026-06-07,LMS,NimbusCohort Point,936-803-4828,info@nimbuscohortpoint.com,https://www.nimbuscohortpoint.com,271,Leeds,UK,2026-06-07 02:37:03
2026-06-07,HR,Umbra Shift Consultants,(557) 294-5305 ext. 30,sales@umbrashiftconsultants.com,https://www.umbrashiftconsultants.com,137,Sydney,AU,2026-06-07 02:20:59
2026-06-07,MSP Platform,MosaicNet Soft,677-666-5623,sales@mosaicnetsoft.net,mosaicnetsoft.net,14,Boston,US,2026-06-07 03:01:04
2026-06-07,MSP Platform,TidalTicket Solutions,(684) 983-7727,,https://www.tidalticketsolutions.co,25,Amsterdam,NL,2026-06-07 03:16:23
2026-06-07,HR,ZenPayroll Labs,(237) 338-9221,sales@zenpayrolllabs.com,https://www.zenpayrolllabs.com,12,Berlin,DE,2026-06-07 02:03:09
2026-06-07,ERP,SableOrder Core,+1 (234) 865-2629,info@sableordercore.io,https://www.sableordercore.io,81,Denver,US,2026-06-07 05:14:04
2026-06-07,Medical,Anchor TriageWorks,+17014218247,hello@anchortriageworks.com,https://www.anchortriageworks.com,230,Hyderabad,IN,2026-06-07 02:49:32
2026-06-07,HR,Summit CultureCore,467.692.0815,sales@summitculturecore.com,summitculturecore.com,16,Tampa,US,2026-06-07 06:11:34
2026-06-07,HR,VeloPerform Logic,585-916-8371,sales@veloperformlogic.net,https://veloperformlogic.net,38,Boston,US,2026-06-07 05:53:20
2026-06-07,Medical,Velo VitalTech,553-670-2975,info@velovitaltech.net,https://www.velovitaltech.net,92,Boston,US,2026-06-07 06:33:55
2026-06-07,ERP,IndigoFin Suite,05054744754,sales@indigofinsuite.com,https://www.indigofinsuite.com,518,Austin,US,2026-06-07 03:10:18
2026-06-07,Medical,FusionMed Dynamics,671.936.3875,hello@fusionmeddynamics.net,fusionmeddynamics.net,12,Atlanta,US,2026-06-07 01:22:52
2026-06-07,Medical,PioneerVital Tech,(468) 803-2002,hello@pioneervitaltech.com,https://pioneervitaltech.com,112,Raleigh,US,2026-06-07 06:17:51
2026-06-07,MSP Platform,Prime PatchApp,1-253-993-0208,contact@primepatchapp.com,https://www.primepatchapp.com,29,Seattle,US,2026-06-07 02:34:09
2026-06-07,Medical,Ridge PatientLogic,+13558310205,sales@ridgepatientlogic.io,ridgepatientlogic.io,16,Raleigh,US,2026-06-07 05:08:18
2026-06-07,ERP,PrimePlanSolutions,(867) 576-7628,info@primeplansolutions.com,primeplansolutions.com,247,Columbus,US,2026-06-07 01:50:07
2026-06-07,ERP,HaloPlanCloud,(500) 360-1530,info@haloplancloud.net,https://haloplancloud.net,97,Seattle,US,2026-06-07 02:52:12
2026-06-07,Medical,VertexHealth Sphere,05978690147,contact@vertexhealthsphere.net,https://www.vertexhealthsphere.net,32,Chicago,US,2026-06-07 06:01:29
2026-06-07,MSP Platform,Pivot RemoteLabs,742-391-7482,sales@pivotremotelabs.com,https://pivotremotelabs.com,13,Toronto,CA,2026-06-07 06:54:46
2026-06-07,MSP Platform,VertexStack Desk,(665) 485-9642,sales@vertexstackdesk.com,https://vertexstackdesk.com,null,Tampa,US,2026-06-07 02:33:01
2026-06-07,Medical,Delta RxFlow,+15339906255,contact@deltarxflow.com,https://deltarxflow.com,29,Hyderabad,IN,2026-06-07 04:44:27
2026-06-07,HR,CobaltRoster Logic,(785) 239-3047,contact@cobaltrosterlogic.com,https://www.cobaltrosterlogic.com,27,Amsterdam,NL,2026-06-07 02:09:38
2026-06-07,MSP Platform,CrestRemoteSystems,585.575.3197 ext. 88,contact@crestremotesystems.com,https://crestremotesystems.com,79,Tampa,US,2026-06-07 04:51:38
2026-06-07,HR,ClearShiftApp,366.963.9117,info@clearshiftapp.com,clearshiftapp.com,38,Atlanta,US,2026-06-07 03:20:04
2026-06-07,MSP Platform,CrownEndpointApp,+1 (626) 593-4674 ext. 31,sales@crownendpointapp.com,https://www.crownendpointapp.com,63,Raleigh,US,2026-06-07 03:26:46
2026-06-07,Medical,Sable HealthFlow,4122150188,info@sablehealthflow.io,https://sablehealthflow.io,18,Toronto,CA,2026-06-07 02:00:23
2026-06-07,HR,Granite RosterDesk,1-566-679-2100,sales@graniterosterdesk.co,https://www.graniterosterdesk.co,48,Chicago,US,2026-06-07 06:51:10
2026-06-07,HR,ZenPayroll Systems,(377) 860-3742,sales@zenpayrollsystems.com,https://www.zenpayrollsystems.com,39,Calgary,CA,2026-06-07 05:00:41
2026-06-07,ERP,Alta PlanBase,834-804-9172,sales@altaplanbase.net,https://www.altaplanbase.net,5,Austin,US,2026-06-07 03:28:55
2026-06-07,ERP,Anchor BatchCore,1-729-787-7628,contact@anchorbatchcore.io,https://www.anchorbatchcore.io,42,Leeds,UK,2026-06-07 06:28:51
2026-06-07,Medical,Ridge RxCore,+15254290253 ext. 32,info@ridgerxcore.com,ridgerxcore.com,12,Melbourne,AU,2026-06-07 02:39:31
2026-06-07,MSP Platform,AnchorEndpoint Sphere,+13264182182,hello@anchorendpointsphere.com,https://www.anchorendpointsphere.com,550,Columbus,US,2026-06-07 03:30:36
2026-06-07,Legal,Quantum VerdictLabs,(626) 912-3467,contact@quantumverdictlabs.co,quantumverdictlabs.co,66,Chicago,US,2026-06-07 01:25:22
2026-06-07,HR,Vertex RosterCloud,+1 (619) 395-0176,hello@vertexrostercloud.io,https://www.vertexrostercloud.io,39,London,UK,2026-06-07 05:58:00
2026-06-07,Legal,TrueLawApp,733-837-7313,contact@truelawapp.com,truelawapp.com,246,Boston,US,2026-06-07 04:52:17
2026-06-07,ERP,FusionForgeLogic,(234) 665-1250,hello@fusionforgelogic.io,https://fusionforgelogic.io,8,Leeds,UK,2026-06-07 06:38:45
2026-06-07,ERP,BeaconOpsPoint,(985) 235-4035,info@beaconopspoint.com,https://www.beaconopspoint.com,237,Munich,DE,2026-06-07 03:23:32
2026-06-07,HR,ApexRoster’s Sync,709-946-4563,info@apexrostersync.com,https://apexrostersync.com,16,Munich,DE,2026-06-07 04:34:28
2026-06-07,HR,Quartz RosterSolutions,+1 (520) 812-5078,hello@quartzrostersolutions.com,quartzrostersolutions.com,50,Denver,US,2026-06-07 02:35:40
2026-06-07,MSP Platform,VeloMonitorWorks,+1 (371) 588-9935,hello@velomonitorworks.com,https://www.velomonitorworks.com,20,Sydney,AU,2026-06-07 01:10:05
2026-06-07,Medical,BoldRx Systems,+18455753370,sales@boldrxsystems.com,https://www.boldrxsystems.com,31,Raleigh,US,2026-06-07 03:45:29
2026-06-07,MSP Platform,HaloGrid Sync,891.730.3540,sales@halogridsync.io,https://www.halogridsync.io,34,Vancouver,CA,2026-06-07 05:38:57
2026-06-07,Medical,Quartz TriageCloud,599-203-7329,null,quartztriagecloud.io,7,Tampa,US,2026-06-07 01:58:06
2026-06-07,Legal,Harbor ClauseSphere,+19135650677,info@harborclausesphere.com,https://www.harborclausesphere.com,46,Seattle,US,2026-06-07 01:29:55
2026-06-07,LMS,MosaicPulseDesk,658.584.5753,info@mosaicpulsedesk.com,https://www.mosaicpulsedesk.com,7,Austin,US,2026-06-07 05:59:09
2026-06-07,Medical,OrbitRxDesk,(695) 751-3568,sales@orbitrxdesk.co,https://www.orbitrxdesk.co,116,Dublin,IE,2026-06-07 01:32:33
2026-06-07,HR,QuartzShift Platform,507-925-3998,info@quartzshiftplatform.com,https://www.quartzshiftplatform.com,11,Boston,US,2026-06-07 01:07:48
2026-06-07,HR,Ember ShiftPlatform,+18725491258,contact@embershiftplatform.com,https://embershiftplatform.com,11,Phoenix,US,2026-06-07 01:26:26
2026-06-07,Medical,Falcon CareLogic,+16199190030,sales@falconcarelogic.com,falconcarelogic.com,32,Toronto,CA,2026-06-07 01:23:49
2026-06-07,HR,Pivot RosterSystems,+14479616729,hello@pivotrostersystems.com,https://www.pivotrostersystems.com,34,Atlanta,US,2026-06-07 05:17:06
2026-06-07,HR,EmberTalent Platform,848.659.5975,hello@embertalentplatform.io,https://embertalentplatform.io,212,Tampa,US,2026-06-07 04:20:49
2026-06-07,ERP,Velo StockDesk,(716) 234-0382,hello@velostockdesk.com,https://velostockdesk.com,115,Chicago,US,2026-06-07 03:59:48
2026-06-07,Medical,ClearVitalPoint,+1 (592) 530-9534,info@clearvitalpoint.com,https://www.clearvitalpoint.com,41,Calgary,CA,2026-06-07 02:14:42
2026-06-07,MSP Platform,Nimbus PatchHub,551.655.2041,info@nimbuspatchhub.io,nimbuspatchhub.io,64,Denver,US,2026-06-07 04:35:35
2026-06-07,HR,ApexRoster Flow,334-861-4276,sales@apexrosterflow.net,https://www.apexrosterflow.net,210,Phoenix,US,2026-06-07 03:33:21
2026-06-07,Medical,IronPatientCore,+1 (487) 754-4050,hello@ironpatientcore.io,https://www.ironpatientcore.io,83,Pune,IN,2026-06-07 05:41:02
2026-06-07,Medical,Indigo PatientFlow,882-204-6383,hello@indigopatientflow.com,https://www.indigopatientflow.com,47,Phoenix,US,2026-06-07 02:06:25
2026-06-07,MSP Platform,ApexNet Sync,(237) 956-4711,info@apexnetsync.com,https://apexnetsync.com,11,Boston,US,2026-06-07 05:33:10
2026-06-07,Medical,EmberRxSoft,1-626-645-1958,N/A,https://www.emberrxsoft.com,877,Phoenix,US,2026-06-07 03:10:34
2026-06-07,HR,Pioneer PayrollDynamics,(634) 902-5802,info@pioneerpayrolldynamics.com,https://www.pioneerpayrolldynamics.com,89,Denver,US,2026-06-07 01:30:18
2026-06-07,Medical,Sable VitalDesk,2418551845,info@sablevitaldesk.com,https://www.sablevitaldesk.com,6,Atlanta,US,2026-06-07 06:54:21
2026-06-07,Medical,ZephyrTriage’s Systems,482-228-2231,info@zephyrtriagesystems.net,https://www.zephyrtriagesystems.net,13,Tampa,US,2026-06-07 05:42:07
2026-06-07,HR,NimbusOnboard Point,540-367-0050,sales@nimbusonboardpoint.com,nimbusonboardpoint.com,37,Phoenix,US,2026-06-07 04:22:02
2026-06-07,MSP Platform,Xenon RemoteCloud,(689) 473-9857,hello@xenonremotecloud.com,https://www.xenonremotecloud.com,36,Raleigh,US,2026-06-07 03:02:33
2026-06-07,HR,Lumen BenefitSphere,(710) 330-5505,contact@lumenbenefitsphere.com,https://lumenbenefitsphere.com,693,Manchester,UK,2026-06-07 02:07:52
2026-06-07,Medical,MosaicVitalSoft,915-536-8774,hello@mosaicvitalsoft.com,https://www.mosaicvitalsoft.com,547,Berlin,DE,2026-06-07 01:26:45
2026-06-07,ERP,NorthBatchLogic’s,1-445-614-7531,info@northbatchlogic.com,northbatchlogic.com,29,Sydney,AU,2026-06-07 05:47:17
2026-06-07,Medical,HarborCareFlow’s,+16484502826,info@harborcareflow.com,https://www.harborcareflow.com,4047,Columbus,US,2026-06-07 03:28:17
2026-06-07,Legal,NorthClause Desk,885-362-1793 ext. 35,info@northclausedesk.co,northclausedesk.co,47,Austin,US,2026-06-07 01:29:21
2026-06-07,MSP Platform,ArchStack App,(846) 480-6128 ext. 20,null,archstackapp.com,11,Seattle,US,2026-06-07 05:36:01
2026-06-07,ERP,PolarisStockSystems,+15787798732,info@polarisstocksystems.com,https://polarisstocksystems.com,564,Denver,US,2026-06-07 06:22:21
2026-06-07,HR,AltaCultureWorks,+17364908040,info@altacultureworks.io,https://www.altacultureworks.io,95,Tampa,US,2026-06-07 06:26:31
2026-06-07,Legal,QuartzDocket Tech,887-549-7175,contact@quartzdockettech.com,https://www.quartzdockettech.com,323,Sydney,AU,2026-06-07 06:06:55
2026-06-07,Medical,SolidRx Platform,+13453069601,info@solidrxplatform.co,solidrxplatform.co,482,Columbus,US,2026-06-07 03:57:26
2026-06-07,ERP,Bold OpsCore,+19387972586,hello@boldopscore.com,boldopscore.com,26,Calgary,CA,2026-06-07 04:13:30
2026-06-07,Medical,Mosaic ChartApp,+1 (892) 644-9341,hello@mosaicchartapp.com,https://www.mosaicchartapp.com,9,Phoenix,US,2026-06-07 06:50:25
2026-06-07,HR,True TalentWorks,(724) 635-2587,hello@truetalentworks.com,https://www.truetalentworks.com,68,Seattle,US,2026-06-07 01:15:22
2026-06-07,HR,CoreTalentFlow,490-775-1313,contact@coretalentflow.io,https://www.coretalentflow.io,44,London,UK,2026-06-07 03:08:37
2026-06-07,HR,RapidRoster Tech,759-865-7839,hello@rapidrostertech.com,https://www.rapidrostertech.com,94,Bengaluru,IN,2026-06-07 02:10:39
2026-06-07,MSP Platform,Pivot TicketLabs,521.266.6965,hello@pivotticketlabs.net,pivotticketlabs.net,6,Melbourne,AU,2026-06-07 02:53:56
2026-06-07,ERP,CrownStock Works,+14949990538,contact@crownstockworks.com,https://www.crownstockworks.com,68,Atlanta,US,2026-06-07 02:01:27
2026-06-07,ERP,Summit OpsSphere,642.664.9535,info@summitopssphere.io,https://summitopssphere.io,408,Pune,IN,2026-06-07 01:24:41
2026-06-07,Legal,HaloDocketCore,+1 (676) 512-0952,sales@halodocketcore.net,halodocketcore.net,247,Phoenix,US,2026-06-07 05:53:22
2026-06-07,LMS,ClearCohort Desk,8758237240,info@clearcohortdesk.com,https://www.clearcohortdesk.com,27,Seattle,US,2026-06-07 03:35:38
2026-06-07,Medical,Sable ChartBase,1-740-797-4081,sales@sablechartbase.io,sablechartbase.io,234,Atlanta,US,2026-06-07 03:31:06
2026-06-07,ERP,SolidOpsSoft,507.608.4736,contact@solidopssoft.com,https://www.solidopssoft.com,34,Pune,IN,2026-06-07 02:17:18
2026-06-07,HR,KeystonePeople Sync,5402664473,sales@keystonepeoplesync.net,https://keystonepeoplesync.net,345,Lahore,PK,2026-06-07 05:17:05
2026-06-07,LMS,CobaltMentorPoint,+18747177100,sales@cobaltmentorpoint.com,https://cobaltmentorpoint.com,5,Chicago,US,2026-06-07 05:59:44
2026-06-07,Medical,DeltaHealthDynamics,2652148560,contact@deltahealthdynamics.com,deltahealthdynamics.com,27,Dublin,IE,2026-06-07 02:30:43
2026-06-07,Medical,CedarRxHub,+16942282219,sales@cedarrxhub.io,https://www.cedarrxhub.io,270,Seattle,US,2026-06-07 02:35:10
2026-06-07,Medical,VistaMed Sphere,+14212896498 ext. 36,hello@vistamedsphere.com,vistamedsphere.com,46,London,UK,2026-06-07 04:42:15
2026-06-07,ERP,TidalFin Cloud,624.792.3251,info@tidalfincloud.com,https://www.tidalfincloud.com,-,Toronto,CA,2026-06-07 05:46:33
2026-06-07,Legal,Quartz DocketLogic,+1 (871) 276-6783,sales@quartzdocketlogic.net,https://www.quartzdocketlogic.net,27,Raleigh,US,2026-06-07 01:38:09
2026-06-07,Legal,SableCounselPlatform,665-419-4760,contact@sablecounselplatform.com,https://www.sablecounselplatform.com,117,Denver,US,2026-06-07 05:56:59
2026-06-07,ERP,ZenOps Sync,+17706852093,hello@zenopssync.com,zenopssync.com,50,Leeds,UK,2026-06-07 04:53:09
2026-06-07,MSP Platform,RidgewayEndpoint Sphere,935-409-6606,sales@ridgewayendpointsphere.com,https://ridgewayendpointsphere.com,261,Raleigh,US,2026-06-07 02:12:29
2026-06-07,HR,Velo BenefitLogic,02076810957,contact@velobenefitlogic.io,https://www.velobenefitlogic.io,18,Raleigh,US,2026-06-07 04:31:48
2026-06-07,ERP,Ember ChainFlow,(926) 571-3131,contact@emberchainflow.io,https://www.emberchainflow.io,46,Islamabad,PK,2026-06-07 05:28:09
2026-06-07,LMS,QuantumCohortSync,905-592-2601,info@quantumcohortsync.com,https://www.quantumcohortsync.com,97,Seattle,US,2026-06-07 03:33:58
2026-06-07,ERP,KeystoneChain Soft,901-386-8620,hello@keystonechainsoft.com,https://keystonechainsoft.com,-,Phoenix,US,2026-06-07 06:13:45
2026-06-07,Medical,Quantum TriageHub,1-422-923-3190,sales@quantumtriagehub.io,quantumtriagehub.io,878,Boston,US,2026-06-07 02:55:44
2026-06-07,HR,Solid TeamFlow,857.271.5695,info@solidteamflow.com,https://www.solidteamflow.com,30,Boston,US,2026-06-07 06:20:47
2026-06-07,HR,Polaris BenefitHub,711.729.9854 ext. 76,info@polarisbenefithub.io,polarisbenefithub.io,48,Chicago,US,2026-06-07 02:50:26
2026-06-07,HR,QuantumShift Labs,1-981-232-7078,hello@quantumshiftlabs.com,https://quantumshiftlabs.com,472,Leeds,UK,2026-06-07 05:40:00
2026-06-07,Medical,SolidRxBase,02436273494,hello@solidrxbase.io,https://www.solidrxbase.io,969,Tampa,US,2026-06-07 05:13:24
2026-06-07,Medical,TrueHealthDesk,1-485-543-5802,info@truehealthdesk.com,https://www.truehealthdesk.com,361,London,UK,2026-06-07 02:18:42
2026-06-07,HR,AltaOnboard Flow,356-241-6343,info@altaonboardflow.net,https://altaonboardflow.net,8,Seattle,US,2026-06-07 01:17:32
2026-06-07,MSP Platform,Bold UptimeDesk,2707682695,hello@bolduptimedesk.io,bolduptimedesk.io,3361,Leeds,UK,2026-06-07 04:19:28
2026-06-07,HR,IronRoster Soft,555-249-3830,hello@ironrostersoft.net,https://www.ironrostersoft.net,13,Singapore,SG,2026-06-07 06:39:47
2026-06-07,ERP,RavenStockCore,+18633862091,contact@ravenstockcore.com,https://ravenstockcore.com,16,Austin,US,2026-06-07 01:43:19
2026-06-07,ERP,DeltaBatch Tech,(389) 576-0234,contact@deltabatchtech.io,https://www.deltabatchtech.io,9,Pune,IN,2026-06-07 03:21:17
2026-06-07,HR,SolidRosterPoint,+13859493307,sales@solidrosterpoint.com,https://www.solidrosterpoint.com,471,Calgary,CA,2026-06-07 05:31:41
2026-06-07,Legal,RidgewayFilingTech,+12833894576,sales@ridgewayfilingtech.io,https://www.ridgewayfilingtech.io,63,Manchester,UK,2026-06-07 02:08:03
2026-06-07,ERP,NovaOrderPoint,975-515-7831,hello@novaorderpoint.com,novaorderpoint.com,33,Denver,US,2026-06-07 06:22:06
2026-06-07,ERP,CrestOrderSoft,2534552569,sales@crestordersoft.com,crestordersoft.com,32,Phoenix,US,2026-06-07 01:17:21
2026-06-07,MSP Platform,BlueNodeCloud,887.737.0178,info@bluenodecloud.com,https://www.bluenodecloud.com,7,Boston,US,2026-06-07 05:02:55
2026-06-07,LMS,TrueTrain Platform,1-711-842-4535,contact@truetrainplatform.net,https://www.truetrainplatform.net,1756,Atlanta,US,2026-06-07 01:53:56
2026-06-07,LMS,OmniPath Cloud,5384300382,hello@omnipathcloud.io,https://omnipathcloud.io,5,Austin,US,2026-06-07 04:18:20
2026-06-07,HR,CrestOnboardBase,(378) 536-5260,hello@crestonboardbase.com,https://www.crestonboardbase.com,13,Denver,US,2026-06-07 05:14:04
2026-06-07,HR,Pioneer RosterHub,(790) 344-1642,contact@pioneerrosterhub.com,pioneerrosterhub.com,95,Atlanta,US,2026-06-07 04:14:40
2026-06-07,ERP,CoreBatch App,(694) 964-9263,contact@corebatchapp.io,https://www.corebatchapp.io,198,Melbourne,AU,2026-06-07 03:40:55
2026-06-07,HR,SilverShift Systems,889.684.2058,contact@silvershiftsystems.io,silvershiftsystems.io,814,London,UK,2026-06-07 01:57:42
2026-06-07,Legal,Iron CounselDynamics,+1 (280) 969-2884,contact@ironcounseldynamics.com,https://www.ironcounseldynamics.com,26,Hyderabad,IN,2026-06-07 05:14:53
2026-06-07,Medical,WillowHealthSuite,(688) 514-1968,hello@willowhealthsuite.net,https://willowhealthsuite.net,143,Phoenix,US,2026-06-07 04:48:25
2026-06-07,HR,SolidShiftPlatform,265-733-0154 ext. 24,info@solidshiftplatform.co,https://www.solidshiftplatform.co,655,Phoenix,US,2026-06-07 01:04:58
2026-06-07,Medical,ArchTriageSync,+17809220106,sales@archtriagesync.com,archtriagesync.com,18,Seattle,US,2026-06-07 03:26:18
2026-06-07,ERP,OnyxChainPlatform,(785) 624-8383 ext. 98,sales@onyxchainplatform.net,https://onyxchainplatform.net,63,London,UK,2026-06-07 05:39:24
2026-06-07,Legal,SilverBrief Sphere,(406) 640-8702,info@silverbriefsphere.com,https://www.silverbriefsphere.com,29,Islamabad,PK,2026-06-07 05:20:08
2026-06-07,ERP,PivotFin Core,1-284-925-3925,hello@pivotfincore.com,https://www.pivotfincore.com,479,Boston,US,2026-06-07 01:53:14
2026-06-07,MSP Platform,BrightUptime Hub,534.917.5676,hello@brightuptimehub.com,https://www.brightuptimehub.com,47,Sydney,AU,2026-06-07 02:20:49
2026-06-07,Medical,ApexPulseBase,252.798.9299,contact@apexpulsebase.com,https://www.apexpulsebase.com,39,Calgary,CA,2026-06-07 01:38:26
2026-06-07,MSP Platform,AltaNet Core,344.525.4056,hello@altanetcore.com,https://www.altanetcore.com,162,Dublin,IE,2026-06-07 02:14:42
2026-06-07,MSP Platform,RapidRemoteDynamics,430-522-6430,contact@rapidremotedynamics.io,https://rapidremotedynamics.io,139,Raleigh,US,2026-06-07 02:57:19
2026-06-07,HR,Zen TeamHub,+16915407207,info@zenteamhub.com,https://zenteamhub.com,24,Austin,US,2026-06-07 02:34:34
2026-06-07,HR,RidgeCulture Sphere,860-814-4605,sales@ridgeculturesphere.com,https://www.ridgeculturesphere.com,22,Seattle,US,2026-06-07 05:28:48
2026-06-07,Legal,Zephyr CompliSoft,914-907-2702,hello@zephyrcomplisoft.com,https://www.zephyrcomplisoft.com,86,Raleigh,US,2026-06-07 06:13:05
2026-06-07,Legal,Halo FilingSync,+13173119982,sales@halofilingsync.com,https://halofilingsync.com,22,London,UK,2026-06-07 02:07:50
2026-06-07,MSP Platform,OnyxNodeCore,(674) 932-2607,info@onyxnodecore.com,https://www.onyxnodecore.com,68,Tampa,US,2026-06-07 02:01:30
2026-06-07,ERP,SableOps Solutions,233-973-3620,contact@sableopssolutions.com,https://sableopssolutions.com,148,,US,2026-06-07 04:36:00
2026-06-07,HR,AnchorOnboard Systems,+12506511819,hello@anchoronboardsystems.com,https://anchoronboardsystems.com,12,Melbourne,AU,2026-06-07 06:04:39
2026-06-07,HR,PivotCulture’s App,(243) 959-5432 ext. 56,contact@pivotcultureapp.io,https://pivotcultureapp.io,42,Denver,US,2026-06-07 03:57:14
2026-06-07,Medical,OmniMedSoft,1-631-354-2237,info@omnimedsoft.com,https://www.omnimedsoft.com,499,Pune,IN,2026-06-07 02:58:01
2026-06-07,Medical,VeloRx Systems,655-505-8940 ext. 48,info@velorxsystems.com,https://www.velorxsystems.com,23,Seattle,US,2026-06-07 04:34:46
2026-06-07,ERP,Mosaic FinLogic,+14772697981,contact@mosaicfinlogic.co,https://www.mosaicfinlogic.co,272,Leeds,UK,2026-06-07 02:11:49
2026-06-07,Legal,PivotMatterApp,1-892-325-1987,info@pivotmatterapp.io,https://www.pivotmatterapp.io,80,Atlanta,US,2026-06-07 06:38:05
2026-06-07,Medical,Summit MedSuite,(706) 627-4610,sales@summitmedsuite.io,https://www.summitmedsuite.io,200,Tampa,US,2026-06-07 04:00:25
2026-06-07,ERP,RidgewayOpsLogic,260-417-4625,hello@ridgewayopslogic.com,ridgewayopslogic.com,28,Tampa,US,2026-06-07 05:36:36
2026-06-07,ERP,IronChainDynamics,860.336.7408,hello@ironchaindynamics.com,https://www.ironchaindynamics.com,30,Pune,IN,2026-06-07 01:13:31
2026-06-07,ERP,HarborChainDynamics,1-688-289-8926,sales@harborchaindynamics.com,https://www.harborchaindynamics.com,145,Calgary,CA,2026-06-07 05:52:12
2026-06-07,HR,ApexPeople Systems,(739) 456-0145,sales@apexpeoplesystems.com,https://apexpeoplesystems.com,11,Boston,US,2026-06-07 05:01:53
2026-06-07,Legal,LumenBriefSolutions,(718) 746-8236,hello@lumenbriefsolutions.com,https://www.lumenbriefsolutions.com,185,Seattle,US,2026-06-07 01:59:58
2026-06-07,ERP,Clear LedgerDynamics,+16734720994,hello@clearledgerdynamics.net,https://clearledgerdynamics.net,499,Phoenix,US,2026-06-07 06:07:38
2026-06-07,Medical,MetaRxSync,+18834999221,sales@metarxsync.com,https://www.metarxsync.com,202,Islamabad,PK,2026-06-07 06:40:28
2026-06-07,ERP,JuniperOps Dynamics,02484336812,contact@juniperopsdynamics.co,juniperopsdynamics.co,47,Denver,US,2026-06-07 03:19:13
2026-06-07,ERP,SableStockSoft,738-983-5966,sales@sablestocksoft.io,https://www.sablestocksoft.io,13,Raleigh,US,2026-06-07 01:52:59
2026-06-07,MSP Platform,Velo PatchSoft,03306098450,sales@velopatchsoft.io,https://www.velopatchsoft.io,61,Columbus,US,2026-06-07 05:55:12
2026-06-07,LMS,Polaris Train Consultants,+16429481172,sales@polaristrainconsultants.com,https://www.polaristrainconsultants.com,217,Phoenix,US,2026-06-07 05:40:23
2026-06-07,MSP Platform,FusionEndpointDesk,3233202654,sales@fusionendpointdesk.com,https://www.fusionendpointdesk.com,127,Leeds,UK,2026-06-07 05:59:40
2026-06-07,HR,Velo PeopleSphere,(480) 475-4010,hello@velopeoplesphere.io,https://www.velopeoplesphere.io,3528,Karachi,PK,2026-06-07 03:59:13
2026-06-07,ERP,Sable LedgerFlow,9575569086,info@sableledgerflow.com,https://www.sableledgerflow.com,18,Leeds,UK,2026-06-07 01:24:13
2026-06-07,HR,QuantumRosterSync,703.752.9022,contact@quantumrostersync.com,quantumrostersync.com,378,Phoenix,US,2026-06-07 02:56:53
2026-06-07,Medical,Harbor CarePlatform,06084852639,info@harborcareplatform.com,https://www.harborcareplatform.com,2569,Manchester,UK,2026-06-07 04:23:54
2026-06-07,HR,HaloRoster Platform,1-201-688-8703,hello@halorosterplatform.com,https://www.halorosterplatform.com,191,London,UK,2026-06-07 01:20:25
2026-06-07,Medical,IndigoChartSystems,(947) 426-7666,hello@indigochartsystems.com,https://www.indigochartsystems.com,212,Calgary,CA,2026-06-07 02:34:33
2026-06-07,ERP,RavenPlanSolutions,(303) 769-3934,hello@ravenplansolutions.com,https://ravenplansolutions.com,57,Dublin,IE,2026-06-07 05:40:20
2026-06-07,MSP Platform,BoldUptimeSync,5639780253,sales@bolduptimesync.co,https://www.bolduptimesync.co,13,Hyderabad,IN,2026-06-07 01:08:29
2026-06-07,LMS,TidalPathPoint,739-909-7347,,https://www.tidalpathpoint.com,99,Bengaluru,IN,2026-06-07 01:25:12
2026-06-07,ERP,ZenStockSystems,807-548-8134,contact@zenstocksystems.co,https://www.zenstocksystems.co,2807,Boston,US,2026-06-07 04:45:37
2026-06-07,Legal,OnyxDocketDynamics,354.435.1104,hello@onyxdocketdynamics.com,https://www.onyxdocketdynamics.com,351,Atlanta,US,2026-06-07 06:54:44
2026-06-07,LMS,PrimeLearnFlow,286-829-2023,info@primelearnflow.co,primelearnflow.co,3529,Calgary,CA,2026-06-07 02:59:49
2026-06-07,ERP,Quartz PlanHub,852-625-5144 ext. 5,contact@quartzplanhub.com,https://www.quartzplanhub.com,106,Columbus,US,2026-06-07 04:39:18
2026-06-07,Legal,Juniper CompliLabs,+16537296442,hello@junipercomplilabs.com,https://www.junipercomplilabs.com,22,Boston,US,2026-06-07 06:13:57
2026-06-07,LMS,SummitTrainBase,984-550-5423,contact@summittrainbase.com,https://summittrainbase.com,8,Phoenix,US,2026-06-07 02:11:19
2026-06-07,MSP Platform,RavenUptimeFlow,+13587428209,info@ravenuptimeflow.com,https://ravenuptimeflow.com,282,Berlin,DE,2026-06-07 05:20:29
2026-06-07,Medical,BluePatient Soft,(504) 494-8020,sales@bluepatientsoft.com,https://bluepatientsoft.com,19,Tampa,US,2026-06-07 02:39:35
2026-06-07,HR,Atlas CultureFlow,207-620-9713,sales@atlascultureflow.co,https://www.atlascultureflow.co,28,Berlin,DE,2026-06-07 05:03:37
2026-06-07,Medical,KeystoneChartSolutions,+1 (741) 694-9631,-,https://www.keystonechartsolutions.com,46,Amsterdam,NL,2026-06-07 01:56:33
2026-06-07,HR,Ridgeway CultureSphere,375.777.0018,info@ridgewayculturesphere.io,https://www.ridgewayculturesphere.io,13,Manchester,UK,2026-06-07 03:33:23
2026-06-07,Medical,Delta TriageHub,506.549.5330,sales@deltatriagehub.com,deltatriagehub.com,93,Denver,US,2026-06-07 06:53:12
2026-06-07,ERP,RidgeOrder Cloud,+19745890900,contact@ridgeordercloud.com,ridgeordercloud.com,914,Toronto,CA,2026-06-07 03:44:28
2026-06-07,ERP,MetaChainPlatform,+1 (939) 697-3943,hello@metachainplatform.com,https://www.metachainplatform.com,1189,Phoenix,US,2026-06-07 04:59:45
2026-06-07,Medical,Core ClinicSync,+16788939014,contact@coreclinicsync.co,https://www.coreclinicsync.co,5,Columbus,US,2026-06-07 02:15:35
2026-06-07,ERP,OnyxOps Soft,6284814085,info@onyxopssoft.co,https://www.onyxopssoft.co,33,Atlanta,US,2026-06-07 06:41:25
2026-06-07,MSP Platform,CrestTicketDesk,1-903-250-9480,contact@crestticketdesk.com,https://www.crestticketdesk.com,442,Chicago,US,2026-06-07 02:38:29
2026-06-07,Legal,Willow CompliDesk,+16174887127,hello@willowcomplidesk.com,https://www.willowcomplidesk.com,131,Toronto,CA,2026-06-07 03:41:35
2026-06-07,ERP,Beacon StockLogic,(584) 381-9453,hello@beaconstocklogic.net,https://www.beaconstocklogic.net,61,Tampa,US,2026-06-07 02:22:20
2026-06-07,ERP,AltaFinTech,8447257777,contact@altafintech.co,https://www.altafintech.co,324,Phoenix,US,2026-06-07 06:18:53
2026-06-07,Legal,LumenDocketLogic,+18388815983,sales@lumendocketlogic.co,https://www.lumendocketlogic.co,775,Denver,US,2026-06-07 01:15:33
2026-06-07,Legal,NovaCounsel Suite,630.792.2134,info@novacounselsuite.com,https://novacounselsuite.com,27,Tampa,US,2026-06-07 06:17:37
2026-06-07,LMS,BeaconQuiz Base,(967) 234-2604,info@beaconquizbase.com,https://beaconquizbase.com,N/A,Columbus,US,2026-06-07 06:14:42
2026-06-07,Legal,LatticeMatter Sphere,+1 (559) 857-2129,hello@latticemattersphere.co,https://www.latticemattersphere.co,100,Lahore,PK,2026-06-07 05:27:28
2026-06-07,HR,ArchTalentLabs,866-421-2092,hello@archtalentlabs.io,archtalentlabs.io,18,Denver,US,2026-06-07 06:26:12
2026-06-07,Medical,Umbra ClinicLabs,(245) 782-8209,sales@umbracliniclabs.io,https://www.umbracliniclabs.io,19,Denver,US,2026-06-07 03:35:38
2026-06-07,Legal,True FilingWorks,905.355.1670,info@truefilingworks.co,truefilingworks.co,21,London,UK,2026-06-07 04:07:14
2026-06-07,Medical,SableCareDesk,(773) 989-3207,hello@sablecaredesk.com,https://sablecaredesk.com,86,Munich,DE,2026-06-07 03:18:33
2026-06-07,MSP Platform,Core NodeSphere,(910) 820-3028,null,https://corenodesphere.co,21,Phoenix,US,2026-06-07 02:48:16
2026-06-07,MSP Platform,UmbraTicketWorks,+18734255642,contact@umbraticketworks.io,umbraticketworks.io,52,London,UK,2026-06-07 02:30:22
2026-06-07,Medical,IronVitalPoint,742-600-0281,-,https://ironvitalpoint.com,877,Hyderabad,IN,2026-06-07 03:31:25
2026-06-07,Legal,KeystoneFiling Hub,4213663638,info@keystonefilinghub.com,https://www.keystonefilinghub.com,156,Tampa,US,2026-06-07 02:46:01
2026-06-07,Medical,Iron RxHub,+17596700588,info@ironrxhub.com,https://www.ironrxhub.com,205,Denver,US,2026-06-07 03:50:41
2026-06-07,Medical,Bold TriageFlow,1-430-987-3439,sales@boldtriageflow.net,https://www.boldtriageflow.net,29,Tampa,US,2026-06-07 03:06:04
2026-06-07,LMS,BoldCohortSoft,(440) 804-7471,sales@boldcohortsoft.com,boldcohortsoft.com,490,London,UK,2026-06-07 02:51:05
2026-06-07,Medical,Delta PulsePoint,3566575289,contact@deltapulsepoint.com,https://deltapulsepoint.com,909,Atlanta,US,2026-06-07 06:04:15
2026-06-07,LMS,Willow CohortLogic,1-262-499-2761,hello@willowcohortlogic.com,https://www.willowcohortlogic.com,45,Tampa,US,2026-06-07 04:05:52
2026-06-07,MSP Platform,North PatchSuite,8564874081,contact@northpatchsuite.com,https://northpatchsuite.com,null,Pune,IN,2026-06-07 02:29:50
2026-06-07,ERP,AltaStock Systems,+18064086245,contact@altastocksystems.co,https://www.altastocksystems.co,67,Leeds,UK,2026-06-07 01:11:40
2026-06-07,Legal,NorthLaw Systems,783.595.1129,info@northlawsystems.com,https://northlawsystems.com,42,Lahore,PK,2026-06-07 05:40:45
2026-06-07,Medical,EmberTriageSphere,(403) 533-5245,info@embertriagesphere.io,https://www.embertriagesphere.io,437,Seattle,US,2026-06-07 06:28:14
2026-06-07,MSP Platform,RidgewayStack Labs,(290) 711-1562,contact@ridgewaystacklabs.co,ridgewaystacklabs.co,105,Tampa,US,2026-06-07 05:27:18
2026-06-07,Medical,Raven ChartDesk,839-425-9383,hello@ravenchartdesk.com,https://www.ravenchartdesk.com,300,Leeds,UK,2026-06-07 03:56:20
2026-06-07,MSP Platform,BoldStack Dynamics,831-290-3337,sales@boldstackdynamics.com,https://boldstackdynamics.com,54,Manchester,UK,2026-06-07 02:19:45
2026-06-07,MSP Platform,BeaconUptimeApp,+13812482633,info@beaconuptimeapp.io,https://www.beaconuptimeapp.io,450,London,UK,2026-06-07 03:52:37
2026-06-07,ERP,SableBatch Base,281-755-6587,sales@sablebatchbase.net,https://www.sablebatchbase.net,43,Denver,US,2026-06-07 01:12:42
2026-06-07,ERP,SilverStockSuite,2284589689 ext. 94,info@silverstocksuite.io,silverstocksuite.io,268,Denver,US,2026-06-07 03:02:06
2026-06-07,LMS,KeystoneSkill Tech,959-328-7740,hello@keystoneskilltech.com,https://www.keystoneskilltech.com,14,Chicago,US,2026-06-07 04:29:30
2026-06-07,HR,RavenPeopleTech,+12519015710 ext. 4,info@ravenpeopletech.com,ravenpeopletech.com,25,Chicago,US,2026-06-07 05:45:59
2026-06-07,ERP,Juniper ResourceDynamics,3162447832,contact@juniperresourcedynamics.com,https://juniperresourcedynamics.com,2454,Denver,US,2026-06-07 01:52:12
2026-06-07,ERP,Omni ChainDesk,811-248-4095,contact@omnichaindesk.com,https://omnichaindesk.com,31,Manchester,UK,2026-06-07 06:09:37
2026-06-07,Medical,MetaCareDesk,+1 (721) 405-2883,contact@metacaredesk.co,metacaredesk.co,19,Phoenix,US,2026-06-07 03:31:46
2026-06-07,Legal,Juniper BriefSync,(928) 440-2984,info@juniperbriefsync.com,https://juniperbriefsync.com,38,Seattle,US,2026-06-07 02:01:21
2026-06-07,ERP,ZenOrder App,1-872-417-4179,hello@zenorderapp.com,https://zenorderapp.com,35,Tampa,US,2026-06-07 03:39:42
2026-06-07,Medical,Solid PulseSolutions,+15005168452,sales@solidpulsesolutions.com,solidpulsesolutions.com,N/A,Munich,DE,2026-06-07 02:58:20
2026-06-07,MSP Platform,Zephyr NodeSystems,4568967958 ext. 29,contact@zephyrnodesystems.com,https://zephyrnodesystems.com,8,Melbourne,AU,2026-06-07 06:24:54
2026-06-07,HR,BeaconRoster Cloud,3954502069,info@beaconrostercloud.io,https://www.beaconrostercloud.io,469,Seattle,US,2026-06-07 02:53:10
2026-06-07,ERP,PivotStockPlatform,+1 (568) 613-5100,sales@pivotstockplatform.com,pivotstockplatform.com,221,Raleigh,US,2026-06-07 03:51:54
2026-06-07,LMS,CedarPath Core,(504) 576-5727,info@cedarpathcore.co,cedarpathcore.co,18,Phoenix,US,2026-06-07 03:09:39
2026-06-07,Legal,SableVerdictSolutions,02819369068,info@sableverdictsolutions.io,https://www.sableverdictsolutions.io,21,Columbus,US,2026-06-07 04:45:42
2026-06-07,Legal,TidalCounselSuite,+13522305291,null,https://www.tidalcounselsuite.co,20,Phoenix,US,2026-06-07 05:33:51
2026-06-07,HR,CrestTalentTech,+1 (706) 531-9451,sales@cresttalenttech.com,https://cresttalenttech.com,178,Denver,US,2026-06-07 03:54:33
2026-06-07,ERP,ArchOrder Point,580-253-9841,contact@archorderpoint.com,https://www.archorderpoint.com,786,Denver,US,2026-06-07 06:10:58
2026-06-07,ERP,QuartzPlanHub,429.752.7792 ext. 92,sales@quartzplanhub.co,https://quartzplanhub.co,47,Boston,US,2026-06-07 06:28:20
2026-06-07,Medical,WillowClinic Dynamics,+14125040197,info@willowclinicdynamics.com,https://www.willowclinicdynamics.com,3910,Chicago,US,2026-06-07 05:52:58
2026-06-07,MSP Platform,Crown NodeDynamics,+1 (263) 569-5217 ext. 62,info@crownnodedynamics.com,crownnodedynamics.com,14,Seattle,US,2026-06-07 03:12:12
2026-06-07,Medical,Core HealthPlatform,9195485330,info@corehealthplatform.net,https://www.corehealthplatform.net,12,Denver,US,2026-06-07 05:29:58
2026-06-07,ERP,Polaris StockTech,896-630-0423,sales@polarisstocktech.com,https://www.polarisstocktech.com,14,Chicago,US,2026-06-07 06:13:32
2026-06-07,Medical,IronVitalWorks,+17434180142,contact@ironvitalworks.com,ironvitalworks.com,477,-,US,2026-06-07 01:05:13
2026-06-07,ERP,Cobalt LedgerSystems,922-479-5823,contact@cobaltledgersystems.net,https://cobaltledgersystems.net,N/A,Denver,US,2026-06-07 02:43:26
2026-06-07,HR,Xenon PayrollSphere,703-919-8854,contact@xenonpayrollsphere.com,https://www.xenonpayrollsphere.com,135,Seattle,US,2026-06-07 06:12:16
2026-06-07,Legal,NimbusClauseFlow,655.746.8734,contact@nimbusclauseflow.io,https://www.nimbusclauseflow.io,1254,Boston,US,2026-06-07 05:08:29
2026-06-07,Legal,BlueLawSuite,+14885000088,hello@bluelawsuite.com,https://www.bluelawsuite.com,765,Austin,US,2026-06-07 03:51:06
2026-06-07,ERP,PioneerResourceBase,+18898518330,contact@pioneerresourcebase.com,https://www.pioneerresourcebase.com,110,Vancouver,CA,2026-06-07 04:24:13
2026-06-07,Medical,PivotPulse Labs,2168152955,contact@pivotpulselabs.io,https://www.pivotpulselabs.io,311,Seattle,US,2026-06-07 03:09:08
2026-06-07,ERP,Silver ForgeSuite,(362) 225-3216,hello@silverforgesuite.com,https://www.silverforgesuite.com,12,Bengaluru,IN,2026-06-07 03:00:13
2026-06-07,LMS,CoreLessonApp,+13653122403,info@corelessonapp.com,https://www.corelessonapp.com,603,Columbus,US,2026-06-07 05:45:15
2026-06-07,MSP Platform,AnchorPatch Solutions,673.585.1693 ext. 16,contact@anchorpatchsolutions.io,https://www.anchorpatchsolutions.io,21,Chicago,US,2026-06-07 05:14:19
2026-06-07,MSP Platform,Pioneer TicketWorks,563.642.6419,info@pioneerticketworks.com,https://www.pioneerticketworks.com,119,Manchester,UK,2026-06-07 03:11:00
2026-06-07,HR,Vertex PeopleSphere,02392710114,contact@vertexpeoplesphere.com,https://vertexpeoplesphere.com,4477,Chicago,US,2026-06-07 01:39:14
2026-06-07,ERP,Golden LedgerWorks,(573) 223-9122,contact@goldenledgerworks.io,https://www.goldenledgerworks.io,15,Denver,US,2026-06-07 03:21:46
2026-06-07,ERP,BrightForgeLogic,633-770-7572,contact@brightforgelogic.com,https://www.brightforgelogic.com,411,Manchester,UK,2026-06-07 04:34:17
2026-06-07,Medical,Crown PatientSoft,(819) 758-5786,info@crownpatientsoft.io,https://crownpatientsoft.io,38,Toronto,CA,2026-06-07 06:15:21
2026-06-07,LMS,NimbusLearnSystems,(799) 961-8801,info@nimbuslearnsystems.com,https://www.nimbuslearnsystems.com,44,,US,2026-06-07 01:15:19
2026-06-07,MSP Platform,QuantumGridPlatform,754.344.9998 ext. 43,-,https://www.quantumgridplatform.com,17,Denver,US,2026-06-07 03:06:03
2026-06-07,Medical,Fusion MedSolutions,355-831-2045,sales@fusionmedsolutions.net,https://www.fusionmedsolutions.net,44,Sydney,AU,2026-06-07 01:03:21
2026-06-07,ERP,Willow Ledger Outsourcing,(230) 925-6490 ext. 52,info@willowledgeroutsourcing.com,https://www.willowledgeroutsourcing.com,310,Phoenix,US,2026-06-07 06:34:27
2026-06-07,MSP Platform,JuniperRemoteWorks,976-907-7393,contact@juniperremoteworks.net,https://www.juniperremoteworks.net,365,Seattle,US,2026-06-07 03:17:50
2026-06-07,HR,DeltaTeamSuite,+1 (715) 286-3715,info@deltateamsuite.com,https://deltateamsuite.com,82,Columbus,US,2026-06-07 05:03:43
2026-06-07,ERP,Orbit OpsSoft,1-666-580-4154,info@orbitopssoft.co,https://www.orbitopssoft.co,404,Chicago,US,2026-06-07 04:10:34
2026-06-07,Legal,CoreVerdictDynamics,6479284213,contact@coreverdictdynamics.com,https://www.coreverdictdynamics.com,131,Boston,US,2026-06-07 02:44:05
2026-06-07,Medical,ZenCare Works,807.986.1892,null,https://www.zencareworks.com,794,Boston,US,2026-06-07 01:54:23
2026-06-07,ERP,North Chain Outsourcing,491-968-9385,info@northchainoutsourcing.com,https://www.northchainoutsourcing.com,226,Seattle,US,2026-06-07 06:47:14
2026-06-07,Medical,WillowPulse Soft,+15833041467,info@willowpulsesoft.net,https://www.willowpulsesoft.net,8,Chicago,US,2026-06-07 06:24:50
2026-06-07,Medical,IronMed Flow,07114608046,contact@ironmedflow.com,https://www.ironmedflow.com,317,Denver,US,2026-06-07 06:49:35
2026-06-07,Medical,LumenCare Labs,+13625413387,contact@lumencarelabs.io,https://www.lumencarelabs.io,744,Singapore,SG,2026-06-07 05:17:17
2026-06-07,LMS,AnchorMentorApp,8053284016,hello@anchormentorapp.com,https://anchormentorapp.com,93,Boston,US,2026-06-07 03:24:58
2026-06-07,HR,EmberTalentApp,(825) 854-5917 ext. 62,hello@embertalentapp.com,https://www.embertalentapp.com,189,Chicago,US,2026-06-07 05:41:52
2026-06-07,ERP,IndigoBatch Works,+14907932603,contact@indigobatchworks.net,https://indigobatchworks.net,233,Singapore,SG,2026-06-07 02:11:49
2026-06-07,Medical,Summit VitalSphere,983-968-4022 ext. 19,hello@summitvitalsphere.com,https://summitvitalsphere.com,45,Tampa,US,2026-06-07 06:44:01
2026-06-07,Medical,IndigoTriageDynamics,691-574-1065,info@indigotriagedynamics.io,https://www.indigotriagedynamics.io,42,Phoenix,US,2026-06-07 05:22:25
2026-06-07,MSP Platform,VistaStackApp,+19189738632,info@vistastackapp.com,vistastackapp.com,80,Vancouver,CA,2026-06-07 05:42:51
2026-06-07,Medical,GraniteVitalSolutions,+12306511037,info@granitevitalsolutions.io,https://www.granitevitalsolutions.io,213,Toronto,CA,2026-06-07 03:15:40
2026-06-07,LMS,WillowLessonSuite,1-777-784-6585 ext. 9,sales@willowlessonsuite.com,https://willowlessonsuite.com,7,Melbourne,AU,2026-06-07 02:09:37
2026-06-07,MSP Platform,Pioneer UptimeWorks,(834) 910-3142,hello@pioneeruptimeworks.com,https://www.pioneeruptimeworks.com,84,Islamabad,PK,2026-06-07 02:34:16
2026-06-07,HR,Indigo Onboard Consultants,5014443969,contact@indigoonboardconsultants.net,https://indigoonboardconsultants.net,8,Chicago,US,2026-06-07 02:13:30
2026-06-07,MSP Platform,LatticeTicket Suite,331-606-4143,hello@latticeticketsuite.io,https://www.latticeticketsuite.io,49,Amsterdam,NL,2026-06-07 02:05:52
2026-06-07,MSP Platform,BeaconStack Base,(451) 466-6746,info@beaconstackbase.com,beaconstackbase.com,47,Phoenix,US,2026-06-07 05:03:44
2026-06-07,HR,True TalentSphere,660-835-5573,hello@truetalentsphere.co,https://www.truetalentsphere.co,17,Austin,US,2026-06-07 05:27:13
2026-06-07,ERP,GraniteChain Systems,1-942-907-5193,info@granitechainsystems.com,granitechainsystems.com,34,Boston,US,2026-06-07 02:52:56
2026-06-07,HR,Alta BenefitWorks,8323377447,contact@altabenefitworks.com,https://www.altabenefitworks.com,340,Denver,US,2026-06-07 06:44:24
2026-06-07,ERP,ZephyrResourceTech,03345618078,sales@zephyrresourcetech.co,zephyrresourcetech.co,173,Atlanta,US,2026-06-07 04:55:20
2026-06-07,ERP,BoldLedgerDesk,240-462-2208 ext. 33,contact@boldledgerdesk.io,boldledgerdesk.io,15,Chicago,US,2026-06-07 02:41:18
2026-06-07,HR,IronPayroll Dynamics,+17473538059 ext. 19,contact@ironpayrolldynamics.com,https://www.ironpayrolldynamics.com,490,Calgary,CA,2026-06-07 04:00:08
2026-06-07,HR,Beacon Talent Recruiting,6766203068 ext. 60,info@beacontalentrecruiting.com,beacontalentrecruiting.com,758,Raleigh,US,2026-06-07 01:32:39
2026-06-07,HR,VeloPeople Cloud,207-442-8236,hello@velopeoplecloud.io,https://velopeoplecloud.io,633,Manchester,UK,2026-06-07 02:16:45
2026-06-07,ERP,DeltaOps Tech,(541) 264-0759,hello@deltaopstech.com,https://www.deltaopstech.com,298,Hyderabad,IN,2026-06-07 06:28:24
2026-06-07,Legal,Apex CaseDesk,479-345-9393,info@apexcasedesk.net,https://apexcasedesk.net,160,Denver,US,2026-06-07 04:19:39
2026-06-07,MSP Platform,Onyx UptimeLogic,+12555860763,hello@onyxuptimelogic.io,onyxuptimelogic.io,null,Denver,US,2026-06-07 05:41:13
2026-06-07,Legal,Bold VerdictPoint,7638749350,null,https://www.boldverdictpoint.co,16,Raleigh,US,2026-06-07 01:57:32
2026-06-07,Legal,SummitCompliDynamics,4987287843,info@summitcomplidynamics.com,https://summitcomplidynamics.com,559,Boston,US,2026-06-07 04:19:56
2026-06-07,ERP,CedarFin Point,+18759225130,hello@cedarfinpoint.io,https://cedarfinpoint.io,8,Seattle,US,2026-06-07 02:33:02
2026-06-07,ERP,RidgePlan Suite,7072150567,sales@ridgeplansuite.com,https://www.ridgeplansuite.com,105,Boston,US,2026-06-07 01:43:15
2026-06-07,MSP Platform,CedarTicket Logic,+16918523877,hello@cedarticketlogic.com,https://www.cedarticketlogic.com,62,Vancouver,CA,2026-06-07 05:29:41
2026-06-07,Legal,RidgewayVerdictBase,(285) 722-1461,contact@ridgewayverdictbase.io,https://www.ridgewayverdictbase.io,3794,Manchester,UK,2026-06-07 03:02:36
2026-06-07,MSP Platform,PivotMonitorDynamics,979.822.5026,sales@pivotmonitordynamics.com,https://www.pivotmonitordynamics.com,19,Chicago,US,2026-06-07 06:06:10
2026-06-07,Medical,Nova CarePlatform,+1 (617) 523-9638,hello@novacareplatform.com,https://www.novacareplatform.com,95,Columbus,US,2026-06-07 02:02:56
2026-06-07,LMS,IronMentorSuite,4402175400 ext. 60,contact@ironmentorsuite.com,https://ironmentorsuite.com,33,Tampa,US,2026-06-07 05:01:15
2026-06-07,ERP,Xenon PlanFlow,4605165707,info@xenonplanflow.com,https://www.xenonplanflow.com,431,Boston,US,2026-06-07 05:53:59
2026-06-07,MSP Platform,Crown TicketLabs,818-457-1266,contact@crownticketlabs.io,crownticketlabs.io,26,Hyderabad,IN,2026-06-07 04:44:47
2026-06-07,Medical,NovaVitalApp,(763) 915-1287,sales@novavitalapp.com,https://www.novavitalapp.com,297,Raleigh,US,2026-06-07 04:19:42
2026-06-07,Medical,North RxApp,283-437-6745,sales@northrxapp.com,https://www.northrxapp.com,48,Atlanta,US,2026-06-07 04:09:48
2026-06-07,MSP Platform,QuartzNet Tech,(524) 382-6349,info@quartznettech.io,https://www.quartznettech.io,11,Chicago,US,2026-06-07 02:51:38
2026-06-07,ERP,Bright PlanWorks,+19382784991,hello@brightplanworks.com,https://www.brightplanworks.com,466,Vancouver,CA,2026-06-07 02:16:05
2026-06-07,Medical,CrestPulse Platform,(479) 590-0571,hello@crestpulseplatform.com,https://crestpulseplatform.com,58,London,UK,2026-06-07 03:32:57
2026-06-07,ERP,CedarOrder Flow,+1 (806) 551-1168,contact@cedarorderflow.com,https://www.cedarorderflow.com,16,Atlanta,US,2026-06-07 05:10:49
2026-06-07,LMS,Arch CohortSuite,+15492839588,sales@archcohortsuite.com,https://archcohortsuite.com,23,Columbus,US,2026-06-07 06:36:18
2026-06-07,Legal,Apex CaseLogic,5417206794,contact@apexcaselogic.com,https://www.apexcaselogic.com,175,Atlanta,US,2026-06-07 01:01:29
2026-06-07,ERP,CrestBatch Suite,(239) 617-7183,info@crestbatchsuite.com,https://crestbatchsuite.com,5,Vancouver,CA,2026-06-07 02:51:00
2026-06-07,HR,Ridgeway RosterCore,+19642801822,contact@ridgewayrostercore.com,https://www.ridgewayrostercore.com,490,Vancouver,CA,2026-06-07 01:54:55
2026-06-07,ERP,Core BatchDesk,+1 (827) 242-4537,sales@corebatchdesk.co,https://www.corebatchdesk.co,21,Manchester,UK,2026-06-07 01:52:05
2026-06-07,Medical,SilverHealthFlow,1-819-416-2988,sales@silverhealthflow.com,https://www.silverhealthflow.com,4038,Seattle,US,2026-06-07 02:27:35
2026-06-07,Medical,Lattice CareDesk,+19183150611,info@latticecaredesk.com,https://www.latticecaredesk.com,762,Leeds,UK,2026-06-07 03:27:58
2026-06-07,MSP Platform,RidgewayNodeWorks,290-304-4348,sales@ridgewaynodeworks.com,https://www.ridgewaynodeworks.com,81,,US,2026-06-07 04:32:39
2026-06-07,Medical,True VitalWorks,637-777-5471,contact@truevitalworks.com,https://www.truevitalworks.com,16,Raleigh,US,2026-06-07 05:27:52
2026-06-07,ERP,RidgewayOpsSoft,+13538553024,contact@ridgewayopssoft.com,https://www.ridgewayopssoft.com,13,Leeds,UK,2026-06-07 03:13:55
2026-06-07,ERP,BrightOpsDesk,+17318895507,sales@brightopsdesk.com,https://www.brightopsdesk.com,821,Atlanta,US,2026-06-07 04:02:01
2026-06-07,ERP,HaloFin Core,+17777539294 ext. 85,info@halofincore.io,https://www.halofincore.io,814,Denver,US,2026-06-07 03:23:34
2026-06-07,ERP,Nimbus FinSuite,+1 (648) 794-9989 ext. 36,sales@nimbusfinsuite.io,https://www.nimbusfinsuite.io,435,Atlanta,US,2026-06-07 04:56:10
2026-06-07,HR,Halo PayrollSoft,+1 (499) 769-7298,hello@halopayrollsoft.io,https://www.halopayrollsoft.io,61,Sydney,AU,2026-06-07 05:39:44
2026-06-07,MSP Platform,SolidRemoteDynamics,7839460702,sales@solidremotedynamics.co,https://www.solidremotedynamics.co,100,Pune,IN,2026-06-07 03:58:14
2026-06-07,ERP,Summit OpsLogic,(318) 200-9627,sales@summitopslogic.com,https://www.summitopslogic.com,12,Tampa,US,2026-06-07 03:59:07
2026-06-07,HR,Crown Payroll Manpower Services,+13386558428,info@crownpayrollmanpowerservices.com,https://crownpayrollmanpowerservices.com,74,Raleigh,US,2026-06-07 05:06:39
2026-06-07,LMS,Raven TrainWorks,4017554407,info@raventrainworks.com,https://www.raventrainworks.com,120,Denver,US,2026-06-07 06:27:39
2026-06-07,MSP Platform,AnchorMonitorApp,1-714-238-5154,sales@anchormonitorapp.net,https://www.anchormonitorapp.net,68,Bengaluru,IN,2026-06-07 03:12:46
2026-06-07,Medical,Clear ClinicPoint,(895) 932-6818,contact@clearclinicpoint.com,clearclinicpoint.com,816,Austin,US,2026-06-07 02:38:01
2026-06-07,Legal,Delta’s CounselTech,+13287169728,hello@deltacounseltech.com,https://www.deltacounseltech.com,22,Atlanta,US,2026-06-07 01:23:42
2026-06-07,HR,MosaicPayrollLogic,1-457-346-0531,sales@mosaicpayrolllogic.com,mosaicpayrolllogic.com,100,Austin,US,2026-06-07 02:51:47
2026-06-07,ERP,Ember PlanLabs,+1 (806) 512-8944,hello@emberplanlabs.co,https://www.emberplanlabs.co,31,Sydney,AU,2026-06-07 06:18:47
2026-06-07,ERP,ArchResourceSoft,+1 (495) 227-9532,sales@archresourcesoft.net,https://www.archresourcesoft.net,14,Pune,IN,2026-06-07 04:47:58
2026-06-07,LMS,TidalSkill Soft,218-583-3963,contact@tidalskillsoft.co,https://tidalskillsoft.co,26,Austin,US,2026-06-07 01:11:19
2026-06-07,Medical,JuniperVitalWorks,+14955499364,hello@junipervitalworks.com,junipervitalworks.com,831,London,UK,2026-06-07 01:45:36
2026-06-07,MSP Platform,NimbusGridSync,9022679133 ext. 46,contact@nimbusgridsync.io,nimbusgridsync.io,50,Sydney,AU,2026-06-07 02:11:50
2026-06-07,ERP,RavenForgeFlow,2976142188,sales@ravenforgeflow.io,https://www.ravenforgeflow.io,256,London,UK,2026-06-07 06:12:08
2026-06-07,MSP Platform,TrueStackDesk,(548) 476-2694,contact@truestackdesk.com,https://www.truestackdesk.com,5,Denver,US,2026-06-07 02:39:18
2026-06-07,MSP Platform,Zephyr StackBase,650-884-0338,info@zephyrstackbase.com,zephyrstackbase.com,274,Seattle,US,2026-06-07 01:38:49
2026-06-07,ERP,CobaltRoster Logic,+17852393047,contact@cobaltrosterlogic.com,https://cobaltrosterlogic.com,27,Amsterdam,NL,2026-06-07 06:33:26
2026-06-07,ERP,CedarLedger Works,706-302-4979,hello@cedarledgerworks.co,https://www.cedarledgerworks.co,380,Melbourne,AU,2026-06-07 03:12:35
2026-06-07,ERP,FusionFinCore,9396600578,info@fusionfincore.io,https://fusionfincore.io,36,Calgary,CA,2026-06-07 05:57:53
2026-06-07,MSP Platform,Blue MonitorSolutions,866-876-8024,hello@bluemonitorsolutions.net,https://www.bluemonitorsolutions.net,47,Raleigh,US,2026-06-07 05:19:51
2026-06-07,MSP Platform,Xenon GridSphere,(235) 475-3031,info@xenongridsphere.com,https://www.xenongridsphere.com,14,Seattle,US,2026-06-07 04:45:20
2026-06-07,LMS,NorthMentorLogic,585-292-2037,contact@northmentorlogic.com,https://www.northmentorlogic.com,48,Denver,US,2026-06-07 04:58:20
2026-06-07,MSP Platform,MosaicTicketTech,8567701004,contact@mosaictickettech.io,https://mosaictickettech.io,738,Hyderabad,IN,2026-06-07 02:49:08
2026-06-07,ERP,VistaForge Sphere,1-227-826-4136,sales@vistaforgesphere.io,https://www.vistaforgesphere.io,85,Chicago,US,2026-06-07 02:01:44
2026-06-07,ERP,Ridgeway PlanLogic,989.676.4413,sales@ridgewayplanlogic.co,ridgewayplanlogic.co,972,-,US,2026-06-07 06:46:42
2026-06-07,MSP Platform,SableRemoteTech,(474) 220-4790 ext. 47,info@sableremotetech.io,https://www.sableremotetech.io,1771,Atlanta,US,2026-06-07 04:48:40
2026-06-07,MSP Platform,UmbraTicket’s Base,07165848452,hello@umbraticketbase.com,https://umbraticketbase.com,11,N/A,US,2026-06-07 03:58:12
2026-06-07,ERP,ArchOpsSync,377.260.1219,info@archopssync.com,https://www.archopssync.com,276,Atlanta,US,2026-06-07 06:52:22
2026-06-07,ERP,Harbor BatchLabs,+16425289441,info@harborbatchlabs.com,harborbatchlabs.com,38,Atlanta,US,2026-06-07 01:19:29
2026-06-07,ERP,Bold FinSolutions,+13242435185,hello@boldfinsolutions.com,https://boldfinsolutions.com,401,Amsterdam,NL,2026-06-07 05:38:51
2026-06-07,Medical,AnchorChart Flow,8168435212,sales@anchorchartflow.io,anchorchartflow.io,26,Columbus,US,2026-06-07 05:56:40
2026-06-07,HR,RidgeRxLabs,941-969-9719,hello@ridgerxlabs.com,https://www.ridgerxlabs.com,32,Singapore,SG,2026-06-07 02:34:41
2026-06-07,MSP Platform,Core NetSolutions,1-906-656-4450,info@corenetsolutions.net,corenetsolutions.net,96,Raleigh,US,2026-06-07 01:58:21
2026-06-07,HR,Anchor OnboardTech,2635833076,info@anchoronboardtech.io,https://www.anchoronboardtech.io,35,Denver,US,2026-06-07 03:22:35
2026-06-07,MSP Platform,ZephyrUptimeBase,4138363669,hello@zephyruptimebase.com,https://zephyruptimebase.com,19,Pune,IN,2026-06-07 06:46:16
2026-06-07,MSP Platform,TrueEndpoint Suite,(528) 299-5237,contact@trueendpointsuite.net,https://www.trueendpointsuite.net,161,Phoenix,US,2026-06-07 01:39:40
2026-06-07,HR,NorthTalent Solutions,5349828137,info@northtalentsolutions.com,https://www.northtalentsolutions.com,86,Columbus,US,2026-06-07 06:49:27
2026-06-07,ERP,NorthBatchTech,+18447020133,sales@northbatchtech.com,https://www.northbatchtech.com,177,Denver,US,2026-06-07 04:02:00
2026-06-07,ERP,LumenForge Base,(908) 439-1975,info@lumenforgebase.com,https://www.lumenforgebase.com,934,London,UK,2026-06-07 05:46:23
2026-06-07,Legal,ApexLawCloud,7772773779,info@apexlawcloud.io,https://www.apexlawcloud.io,907,Columbus,US,2026-06-07 02:41:57
2026-06-07,ERP,VeloStockCore,279-641-6524,info@velostockcore.com,https://www.velostockcore.com,636,Dublin,IE,2026-06-07 03:44:21
2026-06-07,ERP,VertexFinSuite,+13386213804,,vertexfinsuite.co,92,Melbourne,AU,2026-06-07 05:01:01
2026-06-07,Legal,TrueVerdict Dynamics,628-297-2910,hello@trueverdictdynamics.io,https://www.trueverdictdynamics.io,68,London,UK,2026-06-07 06:35:41
2026-06-07,MSP Platform,UmbraPatchSuite,729-698-3636,hello@umbrapatchsuite.com,https://www.umbrapatchsuite.com,12,Denver,US,2026-06-07 06:58:27
2026-06-07,MSP Platform,Clear NodePlatform,1-214-758-7076,info@clearnodeplatform.com,https://www.clearnodeplatform.com,26,Seattle,US,2026-06-07 06:18:52
2026-06-07,Medical,KeystoneVitalLogic,+1 (552) 518-8624,hello@keystonevitallogic.io,https://www.keystonevitallogic.io,29,Raleigh,US,2026-06-07 05:02:27
2026-06-07,Medical,UmbraPulseApp,(587) 448-7106,hello@umbrapulseapp.com,umbrapulseapp.com,19,Raleigh,US,2026-06-07 04:54:24
2026-06-07,Medical,Cobalt TriageDynamics,5443529259 ext. 81,sales@cobalttriagedynamics.com,https://www.cobalttriagedynamics.com,39,Tampa,US,2026-06-07 04:48:36
2026-06-07,ERP,CobaltForgeSystems,1-891-247-6359,N/A,https://cobaltforgesystems.com,207,Atlanta,US,2026-06-07 03:46:22
2026-06-07,ERP,Nimbus OrderSphere,521.583.5532,contact@nimbusordersphere.com,https://www.nimbusordersphere.com,5,Austin,US,2026-06-07 04:03:10
2026-06-07,HR,ApexOnboardBase,+17512785746,hello@apexonboardbase.com,https://www.apexonboardbase.com,58,Austin,US,2026-06-07 06:00:21
2026-06-07,Medical,VertexTriage App,+16078479032,sales@vertextriageapp.io,https://vertextriageapp.io,191,Phoenix,US,2026-06-07 03:30:52
2026-06-07,HR,Rapid TalentWorks,2972801000,info@rapidtalentworks.net,https://www.rapidtalentworks.net,497,Manchester,UK,2026-06-07 02:43:51
2026-06-07,Medical,Quantum TriageApp,(851) 650-7864,sales@quantumtriageapp.io,quantumtriageapp.io,145,Raleigh,US,2026-06-07 02:22:31
2026-06-07,HR,SilverTalentWorks,483.833.8575,sales@silvertalentworks.com,https://www.silvertalentworks.com,16,Amsterdam,NL,2026-06-07 06:36:21
2026-06-07,ERP,PioneerOrder Sync,825.293.4818,null,https://pioneerordersync.io,945,Atlanta,US,2026-06-07 02:41:35
2026-06-07,Medical,JuniperChartFlow,(814) 836-8386,info@juniperchartflow.com,https://www.juniperchartflow.com,9,Dublin,IE,2026-06-07 02:33:50
2026-06-07,Legal,BeaconClause Soft,+17245816752,contact@beaconclausesoft.co,https://www.beaconclausesoft.co,186,Raleigh,US,2026-06-07 03:01:34
2026-06-07,Medical,WillowCareCloud,870-761-9754,contact@willowcarecloud.com,https://www.willowcarecloud.com,28,Dublin,IE,2026-06-07 05:13:59
2026-06-07,MSP Platform,Orbit NetSphere,(409) 782-1650,sales@orbitnetsphere.com,https://www.orbitnetsphere.com,21,Sydney,AU,2026-06-07 06:18:15
2026-06-07,ERP,AtlasBatchDynamics,822-588-5953,sales@atlasbatchdynamics.co,https://www.atlasbatchdynamics.co,66,Raleigh,US,2026-06-07 06:36:43
2026-06-07,HR,Tidal PerformPoint,(261) 518-9196,hello@tidalperformpoint.com,https://tidalperformpoint.com,24,Amsterdam,NL,2026-06-07 05:16:54
2026-06-07,Medical,Bold Clinic Outsourcing,324.721.3459,info@boldclinicoutsourcing.net,https://boldclinicoutsourcing.net,17,Denver,US,2026-06-07 05:37:57
2026-06-07,Legal,Bright Matter Consultants,+12362447375,info@brightmatterconsultants.net,brightmatterconsultants.net,35,Raleigh,US,2026-06-07 01:48:38
2026-06-07,ERP,OmniFin Logic,731.961.4558,contact@omnifinlogic.io,omnifinlogic.io,50,Manchester,UK,2026-06-07 01:32:52
2026-06-07,ERP,QuantumOrderApp,842.405.8425,info@quantumorderapp.co,https://www.quantumorderapp.co,37,Phoenix,US,2026-06-07 04:08:27
2026-06-07,HR,Onyx RosterCloud,349-743-6825,sales@onyxrostercloud.io,https://onyxrostercloud.io,64,Calgary,CA,2026-06-07 02:22:12
2026-06-07,ERP,BrightOrderSolutions,1-375-431-6780,contact@brightordersolutions.com,https://brightordersolutions.com,11,Phoenix,US,2026-06-07 05:06:28
2026-06-07,HR,Nimbus ShiftDesk,204-567-5931,sales@nimbusshiftdesk.com,https://nimbusshiftdesk.com,635,Raleigh,US,2026-06-07 04:57:51
2026-06-07,HR,Nimbus PeopleDynamics,+17584445672,sales@nimbuspeopledynamics.com,https://www.nimbuspeopledynamics.com,372,Atlanta,US,2026-06-07 03:45:22
2026-06-07,Medical,Prime ClinicCloud,+13709469734,contact@primecliniccloud.io,https://www.primecliniccloud.io,405,Phoenix,US,2026-06-07 06:05:43
2026-06-07,HR,QuantumTalentWorks,711-971-8984,info@quantumtalentworks.io,quantumtalentworks.io,163,Sydney,AU,2026-06-07 04:06:30
2026-06-07,MSP Platform,Xenon UptimeSync,(625) 487-4353,sales@xenonuptimesync.com,https://xenonuptimesync.com,607,Munich,DE,2026-06-07 05:10:07
2026-06-07,Medical,OnyxCare Base,1-559-602-7199,info@onyxcarebase.com,https://onyxcarebase.com,32,Melbourne,AU,2026-06-07 03:05:16
2026-06-07,Medical,CorePatientSphere,(667) 628-4748,info@corepatientsphere.com,https://www.corepatientsphere.com,-,Chicago,US,2026-06-07 06:52:17
2026-06-07,ERP,Mosaic StockSoft,+12789373912,contact@mosaicstocksoft.com,https://www.mosaicstocksoft.com,153,Tampa,US,2026-06-07 03:14:09
2026-06-07,MSP Platform,Solid GridCore,1-463-319-8506,hello@solidgridcore.net,https://solidgridcore.net,329,Columbus,US,2026-06-07 04:19:34
2026-06-07,ERP,TrueChainSphere,(263) 998-4180,hello@truechainsphere.net,https://www.truechainsphere.net,20,Boston,US,2026-06-07 01:38:30
2026-06-07,Legal,Quantum MatterBase,316-477-3979,contact@quantummatterbase.com,https://www.quantummatterbase.com,67,Chicago,US,2026-06-07 01:08:15
2026-06-07,HR,Rapid Benefit Consulting Group,+17338010911,hello@rapidbenefitconsultinggroup.com,https://www.rapidbenefitconsultinggroup.com,16,Phoenix,US,2026-06-07 04:20:03
2026-06-07,MSP Platform,Beacon NetSoft,385-926-6118,sales@beaconnetsoft.com,https://www.beaconnetsoft.com,13,Seattle,US,2026-06-07 02:52:36
2026-06-07,Legal,RidgeMatter Tech,(795) 587-1887,info@ridgemattertech.io,ridgemattertech.io,659,Atlanta,US,2026-06-07 06:19:36
2026-06-07,Legal,Core BriefCloud,1-493-469-3569,info@corebriefcloud.co,https://www.corebriefcloud.co,866,Austin,US,2026-06-07 04:22:32
2026-06-07,ERP,Juniper MonitorSync,09709059467,contact@junipermonitorsync.net,https://www.junipermonitorsync.net,14,Dublin,IE,2026-06-07 05:16:59
2026-06-07,ERP,PioneerLedgerCore,2655980541,sales@pioneerledgercore.co,pioneerledgercore.co,35,Leeds,UK,2026-06-07 06:05:33
2026-06-07,HR,Solid PayrollSolutions,9395720055,sales@solidpayrollsolutions.net,solidpayrollsolutions.net,18,Columbus,US,2026-06-07 03:16:08
2026-06-07,HR,RidgeBenefit Works,1-666-320-2655,null,https://www.ridgebenefitworks.com,11,Boston,US,2026-06-07 05:39:58
2026-06-07,Medical,XenonCare Hub,883-544-1427,info@xenoncarehub.net,https://www.xenoncarehub.net,556,Toronto,CA,2026-06-07 02:53:09
2026-06-07,ERP,TidalBatchTech,+19609046099,sales@tidalbatchtech.com,https://www.tidalbatchtech.com,7,Atlanta,US,2026-06-07 05:19:11
2026-06-07,Medical,NimbusTriage Point,(599) 752-8108,info@nimbustriagepoint.net,https://www.nimbustriagepoint.net,25,Chicago,US,2026-06-07 05:27:08
2026-06-07,Medical,BeaconRx Soft,+16179498518 ext. 84,hello@beaconrxsoft.com,https://www.beaconrxsoft.com,494,Denver,US,2026-06-07 01:34:44
2026-06-07,MSP Platform,OmniPatchSync,+15453120573,hello@omnipatchsync.io,https://www.omnipatchsync.io,748,Chicago,US,2026-06-07 01:34:25
2026-06-07,ERP,HarborChainLabs,692-304-0835,hello@harborchainlabs.com,https://www.harborchainlabs.com,8,Columbus,US,2026-06-07 04:40:44
2026-06-07,MSP Platform,ApexEndpoint Sphere,611.332.8617,sales@apexendpointsphere.com,https://www.apexendpointsphere.com,669,Melbourne,AU,2026-06-07 04:08:14
2026-06-07,ERP,RidgewayStockSphere,+16562562468,contact@ridgewaystocksphere.com,https://ridgewaystocksphere.com,134,Austin,US,2026-06-07 03:44:48
2026-06-07,ERP,UmbraForge Suite,(503) 509-8596,sales@umbraforgesuite.io,umbraforgesuite.io,19,Sydney,AU,2026-06-07 02:27:40
2026-06-07,LMS,Lattice CoursePlatform,2524779437,contact@latticecourseplatform.io,https://www.latticecourseplatform.io,817,Manchester,UK,2026-06-07 04:32:25
2026-06-07,HR,CoreCultureHub,+1 (901) 900-4419 ext. 13,sales@coreculturehub.com,https://www.coreculturehub.com,12,Raleigh,US,2026-06-07 04:08:38
2026-06-07,Medical,Ember PatientDynamics,607-200-1641,contact@emberpatientdynamics.io,https://www.emberpatientdynamics.io,3441,Austin,US,2026-06-07 04:54:49
2026-06-07,Medical,Lattice Clinic BPO Services,(289) 476-4958,hello@latticeclinicbposervices.com,https://www.latticeclinicbposervices.com,8,Calgary,CA,2026-06-07 04:38:19
2026-06-07,MSP Platform,MosaicMonitorSolutions,1-350-627-7038,hello@mosaicmonitorsolutions.com,https://www.mosaicmonitorsolutions.com,44,Vancouver,CA,2026-06-07 05:01:53
2026-06-07,MSP Platform,Granite MonitorLogic,1-577-595-3355,contact@granitemonitorlogic.co,https://www.granitemonitorlogic.co,40,Amsterdam,NL,2026-06-07 06:04:37
2026-06-07,Medical,Ridgeway RxSphere,1-967-797-0604,info@ridgewayrxsphere.io,https://www.ridgewayrxsphere.io,10,Pune,IN,2026-06-07 01:42:12
2026-06-07,MSP Platform,ArchPatch Point,+19745252345,contact@archpatchpoint.com,https://www.archpatchpoint.com,465,Raleigh,US,2026-06-07 04:17:16
2026-06-07,Legal,Omni FilingSolutions,(955) 606-8804,sales@omnifilingsolutions.com,https://www.omnifilingsolutions.com,77,Leeds,UK,2026-06-07 04:13:39
2026-06-07,HR,ArchCultureDesk,08874811798,contact@archculturedesk.com,https://archculturedesk.com,485,Atlanta,US,2026-06-07 05:04:51
2026-06-07,Medical,Willow CarePoint,(541) 366-7738,info@willowcarepoint.com,https://willowcarepoint.com,89,Manchester,UK,2026-06-07 03:02:17
2026-06-07,MSP Platform,VeloRemoteLogic,+1 (929) 401-0601,info@veloremotelogic.com,https://veloremotelogic.com,15,London,UK,2026-06-07 06:38:42
2026-06-07,MSP Platform,PioneerUptime Logic,(746) 899-2415,contact@pioneeruptimelogic.com,pioneeruptimelogic.com,12,Chicago,US,2026-06-07 05:31:18
2026-06-07,LMS,RidgeTutor Sync,9268234107,info@ridgetutorsync.com,https://www.ridgetutorsync.com,21,Amsterdam,NL,2026-06-07 02:02:43
2026-06-07,ERP,RavenChain Core,(471) 435-3935,contact@ravenchaincore.com,https://www.ravenchaincore.com,40,Manchester,UK,2026-06-07 06:47:27
2026-06-07,Medical,Ember CareHub,1-293-806-7954,sales@embercarehub.com,embercarehub.com,-,Phoenix,US,2026-06-07 05:11:47
2026-06-07,Medical,SolidPatient Sphere,05197144421,null,https://solidpatientsphere.co,N/A,Chicago,US,2026-06-07 06:42:03
2026-06-07,MSP Platform,Omni RemoteBase,+12308062345,sales@omniremotebase.com,https://omniremotebase.com,66,Chicago,US,2026-06-07 01:22:55
2026-06-07,ERP,DeltaOrder Flow,371-703-2260,contact@deltaorderflow.net,https://www.deltaorderflow.net,438,Columbus,US,2026-06-07 03:54:33
2026-06-07,Legal,ZenCounselPoint,275.368.8240 ext. 12,hello@zencounselpoint.com,https://zencounselpoint.com,49,Columbus,US,2026-06-07 04:31:13
2026-06-07,ERP,PioneerPlanSphere,4379862053,sales@pioneerplansphere.com,https://pioneerplansphere.com,19,Seattle,US,2026-06-07 05:05:05
2026-06-07,Medical,Iron Health Manpower Services,896.429.8266,hello@ironhealthmanpowerservices.net,https://www.ironhealthmanpowerservices.net,2301,Raleigh,US,2026-06-07 02:40:30
2026-06-07,ERP,ApexOrder Labs,(532) 393-2878,hello@apexorderlabs.com,https://apexorderlabs.com,11,London,UK,2026-06-07 05:25:00
2026-06-07,ERP,PioneerStock Cloud,5677575137,info@pioneerstockcloud.net,https://www.pioneerstockcloud.net,82,Leeds,UK,2026-06-07 06:02:34
2026-06-07,MSP Platform,OmniStackCloud,+16837368618,info@omnistackcloud.co,https://www.omnistackcloud.co,628,Sydney,AU,2026-06-07 03:58:52
2026-06-07,HR,Iron BenefitCore,908.631.9115,hello@ironbenefitcore.com,ironbenefitcore.com,150,Columbus,US,2026-06-07 04:47:17
2026-06-07,ERP,Rapid LedgerSoft,08447977965,sales@rapidledgersoft.com,https://www.rapidledgersoft.com,43,Phoenix,US,2026-06-07 05:30:57
2026-06-07,MSP Platform,Nova NetTech,+18245955459,contact@novanettech.com,https://www.novanettech.com,6,Raleigh,US,2026-06-07 02:23:22
2026-06-07,HR,RidgewayBenefitHub,342-351-1265,hello@ridgewaybenefithub.com,ridgewaybenefithub.com,91,Chicago,US,2026-06-07 02:22:42
2026-06-07,ERP,NovaFinSystéms,618.716.1291,contact@novafinsystems.com,https://novafinsystems.com,126,Atlanta,US,2026-06-07 04:11:56
2026-06-07,Medical,NorthHealth Tech,1-351-702-1771,contact@northhealthtech.io,https://www.northhealthtech.io,39,Boston,US,2026-06-07 04:22:50
2026-06-07,LMS,Cobalt MentorCore,7158385156,info@cobaltmentorcore.com,cobaltmentorcore.com,105,Denver,US,2026-06-07 05:05:16
2026-06-07,HR,Juniper RosterWorks,402.415.5256,contact@juniperrosterworks.com,https://www.juniperrosterworks.com,689,Chicago,US,2026-06-07 04:31:42
2026-06-07,HR,OrbitBenefit Soft,(607) 670-5844,hello@orbitbenefitsoft.com,https://www.orbitbenefitsoft.com,91,Raleigh,US,2026-06-07 01:39:33
2026-06-07,ERP,DeltaLedgerDynamics,541-277-6448,info@deltaledgerdynamics.io,https://www.deltaledgerdynamics.io,303,Raleigh,US,2026-06-07 03:56:51
2026-06-07,Medical,CobaltTriageApp,+16959776010,sales@cobalttriageapp.com,https://www.cobalttriageapp.com,38,Atlanta,US,2026-06-07 06:59:24
2026-06-07,ERP,VistaStock Tech,(964) 386-5892,info@vistastocktech.net,https://vistastocktech.net,33,Denver,US,2026-06-07 06:16:12
2026-06-07,MSP Platform,Crest MonitorSoft,+1 (836) 364-3224,sales@crestmonitorsoft.com,https://www.crestmonitorsoft.com,114,Manchester,UK,2026-06-07 03:22:21
2026-06-07,MSP Platform,Bright MonitorSystems,(529) 357-7784,sales@brightmonitorsystems.com,https://www.brightmonitorsystems.com,162,Melbourne,AU,2026-06-07 03:30:55
2026-06-07,Medical,Zephyr PulseHub,+16178396172,sales@zephyrpulsehub.net,https://zephyrpulsehub.net,485,null,US,2026-06-07 03:04:30
2026-06-07,Legal,Blue DocketTech,+18017430281,info@bluedockettech.co,https://www.bluedockettech.co,12,London,UK,2026-06-07 01:02:04
2026-06-07,ERP,OmniBatchFlow,235.899.4912,hello@omnibatchflow.com,omnibatchflow.com,119,Chicago,US,2026-06-07 06:53:11
2026-06-07,Medical,WillowHealth Works,2378768860,info@willowhealthworks.net,willowhealthworks.net,381,Tampa,US,2026-06-07 05:56:20
2026-06-07,ERP,FusionOrder Logic,1-944-807-6555,sales@fusionorderlogic.com,https://www.fusionorderlogic.com,-,Leeds,UK,2026-06-07 05:54:27
2026-06-07,ERP,Fusion StockFlow,934-485-5218,info@fusionstockflow.com,https://fusionstockflow.com,52,null,US,2026-06-07 02:42:09
2026-06-07,Legal,MosaicFilingHub,5689429405,info@mosaicfilinghub.com,https://www.mosaicfilinghub.com,58,Seattle,US,2026-06-07 06:16:48
2026-06-07,Medical,ApexRx Tech,+19332831661,hello@apexrxtech.com,https://apexrxtech.com,47,Amsterdam,NL,2026-06-07 04:46:51
2026-06-07,ERP,RidgePlanApp,9756600854,contact@ridgeplanapp.co,ridgeplanapp.co,24,Columbus,US,2026-06-07 02:57:47
2026-06-07,Legal,Clear DocketCore,245.563.6082,sales@cleardocketcore.io,https://www.cleardocketcore.io,13,Denver,US,2026-06-07 01:42:33
2026-06-07,LMS,Keystone RxSuite,(976) 662-9289,sales@keystonerxsuite.io,https://www.keystonerxsuite.io,169,Leeds,UK,2026-06-07 06:04:27
2026-06-07,Medical,DeltaCareDesk,+16788252219,hello@deltacaredesk.com,https://www.deltacaredesk.com,42,Columbus,US,2026-06-07 06:50:58
2026-06-07,Medical,Lattice TriageApp,3518442447,info@latticetriageapp.com,https://www.latticetriageapp.com,20,Columbus,US,2026-06-07 06:47:19
2026-06-07,Medical,OmniCareLogic,702-743-0734,info@omnicarelogic.com,https://www.omnicarelogic.com,915,Dublin,IE,2026-06-07 02:52:54
2026-06-07,ERP,Velo OrderFlow,(809) 778-0085,hello@veloorderflow.com,https://www.veloorderflow.com,11,Chicago,US,2026-06-07 03:43:43
2026-06-07,HR,PolarisPeople Suite,455-472-8985,,https://www.polarispeoplesuite.co,10,London,UK,2026-06-07 05:54:01
2026-06-07,MSP Platform,PolarisUptime Sphere,(254) 620-1023,hello@polarisuptimesphere.co,https://www.polarisuptimesphere.co,79,London,UK,2026-06-07 06:37:35
2026-06-07,ERP,RapidStackHub,(206) 665-3343,info@rapidstackhub.com,rapidstackhub.com,22,London,UK,2026-06-07 05:34:07
2026-06-07,MSP Platform,LatticePatchWorks,+16524799662 ext. 8,info@latticepatchworks.com,https://www.latticepatchworks.com,28,Tampa,US,2026-06-07 04:50:27
2026-06-07,ERP,IronChain Hub,525.681.9466,contact@ironchainhub.com,https://www.ironchainhub.com,26,Atlanta,US,2026-06-07 01:13:19
2026-06-07,HR,Vista TeamPlatform,(334) 586-3843,info@vistateamplatform.com,https://www.vistateamplatform.com,97,Boston,US,2026-06-07 04:27:19
2026-06-07,ERP,RidgeResourceSoft,+18468133842,contact@ridgeresourcesoft.io,https://www.ridgeresourcesoft.io,28,Singapore,SG,2026-06-07 02:23:02
2026-06-07,ERP,RidgewayForge Flow,(718) 428-0518,sales@ridgewayforgeflow.io,ridgewayforgeflow.io,-,Denver,US,2026-06-07 02:31:37
2026-06-07,ERP,Juniper PlanBase,2327384949,contact@juniperplanbase.com,https://juniperplanbase.com,-,Dublin,IE,2026-06-07 03:24:43
2026-06-07,ERP,SilverResource Systems Inc.,(394) 391-2209,hello@silverresourcesystems.io,https://silverresourcesystems.io,13,-,US,2026-06-07 01:48:04
2026-06-07,Medical,CrestRx Core,+1 (985) 323-3122,info@crestrxcore.com,https://www.crestrxcore.com,55,Columbus,US,2026-06-07 04:56:28
2026-06-07,Medical,Ridgeway HealthDynamics,1-261-239-2095,hello@ridgewayhealthdynamics.com,https://www.ridgewayhealthdynamics.com,8,Singapore,SG,2026-06-07 05:39:38
2026-06-07,Medical,PolarisHealth App,08906516929,contact@polarishealthapp.com,https://polarishealthapp.com,28,Austin,US,2026-06-07 05:36:02
2026-06-07,Legal,SilverDocket Hub,03118841952,hello@silverdockethub.com,https://www.silverdockethub.com,63,Tampa,US,2026-06-07 05:00:56
2026-06-07,MSP Platform,OmniNodeSuite,+1 (815) 760-4794,contact@omninodesuite.com,https://www.omninodesuite.com,82,Sydney,AU,2026-06-07 01:23:16
2026-06-07,Medical,PioneerRx Soft,+18032084302,sales@pioneerrxsoft.com,https://www.pioneerrxsoft.com,238,Tampa,US,2026-06-07 04:00:03
2026-06-07,Medical,Granite MedSphere,333-498-4534,info@granitemedsphere.net,https://www.granitemedsphere.net,408,Boston,US,2026-06-07 03:32:04
2026-06-07,Legal,ArchBriefDesk,512-603-7721,sales@archbriefdesk.com,https://archbriefdesk.com,40,Munich,DE,2026-06-07 01:06:26
2026-06-07,LMS,Raven TutorApp,+15614504944 ext. 98,sales@raventutorapp.io,https://www.raventutorapp.io,495,Phoenix,US,2026-06-07 06:44:11
2026-06-07,ERP,EmberResourceBase,9496245735,contact@emberresourcebase.com,https://emberresourcebase.com,318,Columbus,US,2026-06-07 02:31:24
2026-06-07,MSP Platform,CrownNode Suite,+1 (252) 827-8649,sales@crownnodesuite.com,https://www.crownnodesuite.com,193,London,UK,2026-06-07 01:21:01
2026-06-07,Medical,LumenHealth Platform,+15643488230,sales@lumenhealthplatform.io,https://www.lumenhealthplatform.io,756,Denver,US,2026-06-07 01:45:14
2026-06-07,MSP Platform,GraniteStackSoft,844-471-3426,contact@granitestacksoft.co,https://granitestacksoft.co,52,Melbourne,AU,2026-06-07 01:30:16
2026-06-07,MSP Platform,VertexGrid Works,633.960.4429,sales@vertexgridworks.io,https://vertexgridworks.io,99,Seattle,US,2026-06-07 06:29:37
2026-06-07,MSP Platform,ClearRemoteWorks,05206830133,sales@clearremoteworks.io,https://clearremoteworks.io,2625,Atlanta,US,2026-06-07 01:04:28
2026-06-07,Legal,Vista MatterSoft,+15068124633,sales@vistamattersoft.com,vistamattersoft.com,727,Austin,US,2026-06-07 04:31:33
2026-06-07,MSP Platform,PivotEndpointHub,6474093999,hello@pivotendpointhub.co,https://pivotendpointhub.co,341,Atlanta,US,2026-06-07 01:51:58
2026-06-07,ERP,Keystone BatchSoft,(477) 700-5303,sales@keystonebatchsoft.com,https://www.keystonebatchsoft.com,297,Islamabad,PK,2026-06-07 01:14:05
2026-06-07,Legal,AtlasBrief Labs,+1 (525) 839-5065,sales@atlasbrieflabs.com,https://atlasbrieflabs.com,null,Phoenix,US,2026-06-07 04:24:43
2026-06-07,Legal,NovaFilingHub,+1 (335) 857-4142,hello@novafilinghub.io,https://www.novafilinghub.io,8,Raleigh,US,2026-06-07 02:08:48
2026-06-07,ERP,Keystone OrderLabs,+1 (819) 512-5201,hello@keystoneorderlabs.co,https://www.keystoneorderlabs.co,9,Lahore,PK,2026-06-07 04:24:52
2026-06-07,Medical,IronPatient Tech,3649556601,hello@ironpatienttech.co,https://www.ironpatienttech.co,8,Melbourne,AU,2026-06-07 06:45:38
2026-06-07,ERP,Tidal StockSuite,+14618043288,contact@tidalstocksuite.com,https://tidalstocksuite.com,3831,Columbus,US,2026-06-07 05:33:28
2026-06-07,MSP Platform,EmberNode Systems,577-322-4350,contact@embernodesystems.io,embernodesystems.io,40,Singapore,SG,2026-06-07 04:31:54
2026-06-07,HR,GranitéTeam Point,778-723-4780,contact@graniteteampoint.com,https://www.graniteteampoint.com,N/A,Dublin,IE,2026-06-07 06:25:39
2026-06-07,Legal,Anchor Matter Staffing,7846945965,info@anchormatterstaffing.net,anchormatterstaffing.net,84,Manchester,UK,2026-06-07 06:39:04
2026-06-07,LMS,SableCoursePlatform,(515) 678-5867,info@sablecourseplatform.io,https://www.sablecourseplatform.io,192,Chicago,US,2026-06-07 06:49:38
2026-06-07,ERP,NimbusOpsFlow,(430) 738-4317,info@nimbusopsflow.io,https://www.nimbusopsflow.io,162,Denver,US,2026-06-07 01:44:05
2026-06-07,Legal,AtlasBriefPoint,+12837621038,sales@atlasbriefpoint.com,https://www.atlasbriefpoint.com,77,Islamabad,PK,2026-06-07 04:25:30
2026-06-07,Medical,CrestClinicApp,(414) 672-9974,hello@crestclinicapp.io,https://www.crestclinicapp.io,981,Singapore,SG,2026-06-07 03:33:44
2026-06-07,HR,Ridgeway Onboard Consulting Group,(960) 675-4436,contact@ridgewayonboardconsultinggroup.com,https://www.ridgewayonboardconsultinggroup.com,10,Seattle,US,2026-06-07 04:42:09
2026-06-07,ERP,PolarisForge Desk,+13749627953,hello@polarisforgedesk.com,https://polarisforgedesk.com,184,Denver,US,2026-06-07 06:56:49
2026-06-07,ERP,NimbusChain Flow,(290) 334-2725 ext. 48,-,https://www.nimbuschainflow.co,17,Atlanta,US,2026-06-07 02:23:05
2026-06-07,Medical,IndigoRosterTech,(621) 728-3181,,https://www.indigorostertech.io,8,Toronto,CA,2026-06-07 03:01:16
2026-06-07,Medical,Nimbus ChartWorks,(234) 279-0108,hello@nimbuschartworks.io,https://www.nimbuschartworks.io,171,Austin,US,2026-06-07 04:40:03
2026-06-07,MSP Platform,IndigoNet Platform,313.939.2052,contact@indigonetplatform.com,https://indigonetplatform.com,455,Phoenix,US,2026-06-07 05:37:53
2026-06-07,Medical,Polaris PulsePoint,+19794111459,hello@polarispulsepoint.net,https://www.polarispulsepoint.net,3366,Columbus,US,2026-06-07 05:40:23
2026-06-07,ERP,Mosaic Plan Talent Agency,+12612331245,hello@mosaicplantalentagency.co,https://www.mosaicplantalentagency.co,239,Calgary,CA,2026-06-07 02:35:55
2026-06-07,Medical,Tidal ClinicApp,(399) 282-0598,sales@tidalclinicapp.net,https://www.tidalclinicapp.net,17,Chicago,US,2026-06-07 05:01:52
2026-06-07,HR,Juniper PerformCore,(949) 722-4555,info@juniperperformcore.net,https://juniperperformcore.net,null,Columbus,US,2026-06-07 06:37:31
2026-06-07,ERP,ClearOps App,650-639-8885,info@clearopsapp.com,https://www.clearopsapp.com,19,Austin,US,2026-06-07 05:57:21
2026-06-07,MSP Platform,CrownMonitorDesk,(769) 494-2838,hello@crownmonitordesk.io,https://www.crownmonitordesk.io,7,Munich,DE,2026-06-07 01:40:15
2026-06-07,ERP,Lattice ChainCore,+18136020112,contact@latticechaincore.com,https://www.latticechaincore.com,95,Phoenix,US,2026-06-07 01:57:59
2026-06-07,ERP,VistaResource Suite,+17484574635,contact@vistaresourcesuite.com,https://www.vistaresourcesuite.com,225,Atlanta,US,2026-06-07 03:18:25
2026-06-07,Legal,XenonBriefFlow,(807) 823-0343,contact@xenonbriefflow.com,https://xenonbriefflow.com,2235,Amsterdam,NL,2026-06-07 03:31:11
2026-06-07,MSP Platform,BrightPatchLabs,(859) 839-4504,hello@brightpatchlabs.com,https://brightpatchlabs.com,19,Boston,US,2026-06-07 05:21:21
2026-06-07,Legal,LumenClause Cloud,+16428212115,sales@lumenclausecloud.com,https://www.lumenclausecloud.com,19,Chicago,US,2026-06-07 03:54:29
2026-06-07,LMS,AltaQuizLabs,3238297316,sales@altaquizlabs.net,https://www.altaquizlabs.net,28,Boston,US,2026-06-07 01:42:28
2026-06-07,MSP Platform,ZephyrNode Sync,05552900104,,https://www.zephyrnodesync.io,18,Boston,US,2026-06-07 05:26:47
2026-06-07,LMS,TrueMentor Dynamics,505.886.3152,sales@truementordynamics.com,https://truementordynamics.com,136,Phoenix,US,2026-06-07 02:42:50
2026-06-07,ERP,VistaOps Dynamics,921.974.9731,sales@vistaopsdynamics.net,https://www.vistaopsdynamics.net,18,Karachi,PK,2026-06-07 04:47:13
2026-06-07,ERP,GraniteStockCore,954.997.2298,hello@granitestockcore.com,https://www.granitestockcore.com,60,Tampa,US,2026-06-07 02:31:07
2026-06-07,MSP Platform,BoldNodeBase,940.619.9821,hello@boldnodebase.com,https://www.boldnodebase.com,491,Raleigh,US,2026-06-07 02:40:46
2026-06-07,ERP,AnchorBatch App,(514) 310-8396,contact@anchorbatchapp.io,https://anchorbatchapp.io,299,Seattle,US,2026-06-07 01:40:10
2026-06-07,MSP Platform,ApexRemoteApp,347-437-0749,info@apexremoteapp.io,https://www.apexremoteapp.io,420,Chicago,US,2026-06-07 04:49:59
2026-06-07,Legal,CrownMatterHub,(225) 862-5796 ext. 40,info@crownmatterhub.io,https://crownmatterhub.io,5,Boston,US,2026-06-07 03:32:32
2026-06-07,Medical,VertexHealth Flow,+1 (710) 881-5296,info@vertexhealthflow.com,https://www.vertexhealthflow.com,7,Sydney,AU,2026-06-07 05:39:45
2026-06-07,Medical,Velo ClinicSync,+15698299123,hello@veloclinicsync.io,https://veloclinicsync.io,259,Boston,US,2026-06-07 04:21:13
2026-06-07,Medical,Willow TriageSphere,488-430-5126 ext. 84,sales@willowtriagesphere.com,https://www.willowtriagesphere.com,3995,Leeds,UK,2026-06-07 05:53:31
2026-06-07,Legal,HaloVerdictCore,(642) 678-2916,info@haloverdictcore.net,https://www.haloverdictcore.net,37,Amsterdam,NL,2026-06-07 06:00:50
2026-06-07,MSP Platform,IndigoMonitorSoft,+18276869834,contact@indigomonitorsoft.co,indigomonitorsoft.co,109,Chicago,US,2026-06-07 03:24:33
2026-06-07,HR,Lumen CultureCore,359.598.2074,info@lumenculturecore.com,https://www.lumenculturecore.com,17,London,UK,2026-06-07 02:21:10
2026-06-07,ERP,SummitStock Desk,(468) 724-9406,hello@summitstockdesk.com,https://www.summitstockdesk.com,194,Calgary,CA,2026-06-07 05:27:42
2026-06-07,HR,LumenCulture Works,(535) 636-3244,contact@lumencultureworks.io,https://www.lumencultureworks.io,5,Columbus,US,2026-06-07 05:03:12
2026-06-07,Medical,BlueCare Systems,791-220-8538,hello@bluecaresystems.com,https://www.bluecaresystems.com,179,Leeds,UK,2026-06-07 04:28:49
2026-06-07,ERP,Core FinCore,(623) 773-4877,info@corefincore.com,https://www.corefincore.com,18,Pune,IN,2026-06-07 02:26:55
2026-06-07,Legal,SummitDocketHub,1-817-767-0516,sales@summitdockethub.co,summitdockethub.co,89,Lahore,PK,2026-06-07 03:52:57
2026-06-07,MSP Platform,Keystone NodeWorks,(629) 550-8699,info@keystonenodeworks.com,keystonenodeworks.com,158,Chicago,US,2026-06-07 03:24:56
2026-06-07,MSP Platform,NimbusMonitorLogic,(983) 390-9336,hello@nimbusmonitorlogic.com,nimbusmonitorlogic.com,8,Bengaluru,IN,2026-06-07 02:31:22
2026-06-07,MSP Platform,OmniStackSoft,(335) 623-6666 ext. 69,hello@omnistacksoft.com,https://omnistacksoft.com,41,Tampa,US,2026-06-07 03:55:40
2026-06-07,ERP,BrightOps Soft,1-723-330-1600,info@brightopssoft.net,brightopssoft.net,83,Sydney,AU,2026-06-07 01:37:54
2026-06-07,HR,CedarGrid Suite,+19788019156,hello@cedargridsuite.com,https://www.cedargridsuite.com,20,Denver,US,2026-06-07 02:10:06
2026-06-07,MSP Platform,MetaUptimeLogic,5032396553,contact@metauptimelogic.io,https://www.metauptimelogic.io,999,Singapore,SG,2026-06-07 05:43:22
2026-06-07,Legal,BoldCompliDésk,683.434.4577,info@boldcomplidesk.co,https://www.boldcomplidesk.co,680,Amsterdam,NL,2026-06-07 06:35:00
2026-06-07,MSP Platform,LatticeGrid Cloud,+18723892606,sales@latticegridcloud.com,https://www.latticegridcloud.com,32,N/A,US,2026-06-07 05:10:59
2026-06-07,ERP,FusionBatchDynamics,342-460-6435,contact@fusionbatchdynamics.com,https://www.fusionbatchdynamics.com,78,Melbourne,AU,2026-06-07 04:49:07
2026-06-07,ERP,JuniperChainSolutions,(695) 666-2982 ext. 67,sales@juniperchainsolutions.com,https://www.juniperchainsolutions.com,804,Atlanta,US,2026-06-07 01:59:48
2026-06-07,ERP,DeltaForgeSolutions,(731) 564-9373,sales@deltaforgesolutions.io,https://www.deltaforgesolutions.io,128,Tampa,US,2026-06-07 06:23:41
2026-06-07,ERP,VistaFin Core,1-796-340-6011,contact@vistafincore.net,https://vistafincore.net,35,Columbus,US,2026-06-07 05:36:25
2026-06-07,Medical,MosaicPatient Suite,(503) 483-1426,info@mosaicpatientsuite.com,https://mosaicpatientsuite.com,13,Melbourne,AU,2026-06-07 04:35:43
2026-06-07,LMS,Pioneer TutorDynamics,+14656840591,sales@pioneertutordynamics.com,https://www.pioneertutordynamics.com,917,Singapore,SG,2026-06-07 03:09:23
2026-06-07,ERP,FusionOpsFlow,+19068753133,contact@fusionopsflow.net,fusionopsflow.net,84,Amsterdam,NL,2026-06-07 06:15:23
2026-06-07,MSP Platform,ZenStack Sphere,843-953-2047,contact@zenstacksphere.io,https://www.zenstacksphere.io,512,Austin,US,2026-06-07 06:13:38
2026-06-07,MSP Platform,XenonEndpointPlatform,770-970-5052,hello@xenonendpointplatform.co,https://www.xenonendpointplatform.co,14,Raleigh,US,2026-06-07 03:02:49
2026-06-07,Medical,Arch Med Recruiting,(319) 542-7511,hello@archmedrecruiting.net,https://www.archmedrecruiting.net,21,Chicago,US,2026-06-07 05:06:40
2026-06-07,ERP,RapidForge Flow,+16578783800,contact@rapidforgeflow.com,https://www.rapidforgeflow.com,18,Munich,DE,2026-06-07 06:25:37
2026-06-07,HR,NovaPeople Soft,797.770.8440 ext. 27,sales@novapeoplesoft.com,https://www.novapeoplesoft.com,127,Tampa,US,2026-06-07 06:50:58
2026-06-07,Legal,PrimeBrief Systems,1-877-921-9325,sales@primebriefsystems.io,https://www.primebriefsystems.io,182,Calgary,CA,2026-06-07 01:58:39
2026-06-07,Legal,TidalFilingBase,1-307-287-2406,contact@tidalfilingbase.com,https://tidalfilingbase.com,3202,Denver,US,2026-06-07 01:28:32
2026-06-07,Medical,ArchRx Logic,(486) 415-9179,null,https://www.archrxlogic.com,210,Austin,US,2026-06-07 01:57:21
2026-06-07,MSP Platform,CrownGrid Works,(898) 937-7872,contact@crowngridworks.com,https://www.crowngridworks.com,401,Leeds,UK,2026-06-07 04:03:57
2026-06-07,LMS,Nova CohortWorks,1-348-323-3020,N/A,https://www.novacohortworks.io,473,Boston,US,2026-06-07 06:53:15
2026-06-07,MSP Platform,RapidNode Core,801-555-6858,contact@rapidnodecore.com,https://www.rapidnodecore.com,38,,AU,2026-06-07 04:39:44
2026-06-07,Medical,VertexPatient Desk,315.875.8615,hello@vertexpatientdesk.net,https://www.vertexpatientdesk.net,19,Atlanta,US,2026-06-07 03:10:10
2026-06-07,Medical,SolidHealth Hub,2975393103,contact@solidhealthhub.com,https://www.solidhealthhub.com,14,Denver,US,2026-06-07 01:35:00
2026-06-07,ERP,PivotOps Hub,(362) 479-7439,contact@pivotopshub.com,https://www.pivotopshub.com,3067,Phoenix,US,2026-06-07 06:36:59
2026-06-07,LMS,XenonPathLogic,1-881-227-5486,info@xenonpathlogic.com,https://www.xenonpathlogic.com,15,Raleigh,US,2026-06-07 06:15:32
2026-06-07,LMS,Falcon CohortDesk,+13589021642,contact@falconcohortdesk.co,https://www.falconcohortdesk.co,39,Toronto,CA,2026-06-07 03:23:08
2026-06-07,HR,Meta BenefitSuite,203-231-2090,sales@metabenefitsuite.net,https://metabenefitsuite.net,73,Munich,DE,2026-06-07 03:44:10
2026-06-07,HR,RavenShift Desk,984.784.2116,hello@ravenshiftdesk.com,https://www.ravenshiftdesk.com,40,Atlanta,US,2026-06-07 05:26:18
2026-06-07,LMS,Alta Lesson Manpower Services,312-634-8862 ext. 16,hello@altalessonmanpowerservices.io,altalessonmanpowerservices.io,5,Amsterdam,NL,2026-06-07 02:16:24
2026-06-07,Medical,Zen CareDynamics,634.575.5906,contact@zencaredynamics.com,https://www.zencaredynamics.com,14,Hyderabad,IN,2026-06-07 05:08:06
2026-06-07,Legal,AnchorMatter Tech,291.563.6810,hello@anchormattertech.com,https://www.anchormattertech.com,64,Bengaluru,IN,2026-06-07 04:25:33
2026-06-07,Medical,QuartzMed Labs,638-532-4472,N/A,https://www.quartzmedlabs.co,463,Leeds,UK,2026-06-07 03:27:25
2026-06-07,Legal,RavenMentor Tech,3482778823,info@ravenmentortech.io,https://www.ravenmentortech.io,15,Chicago,US,2026-06-07 02:33:57
2026-06-07,ERP,Blue BatchLogic,352-990-2454,sales@bluebatchlogic.co,https://www.bluebatchlogic.co,639,Austin,US,2026-06-07 05:47:28
2026-06-07,HR,XenonShift Sync,(888) 849-4529,info@xenonshiftsync.com,https://www.xenonshiftsync.com,455,Chicago,US,2026-06-07 01:23:25
2026-06-07,ERP,PrimeChainSoft’s,1-357-236-3118,contact@primechainsoft.io,https://primechainsoft.io,31,Tampa,US,2026-06-07 06:03:17
2026-06-07,Medical,ClearHealthBase,(303) 633-9151,hello@clearhealthbase.co,https://clearhealthbase.co,46,Singapore,SG,2026-06-07 05:54:29
2026-06-07,HR,HarborShift Works,9628335437,hello@harborshiftworks.co,https://www.harborshiftworks.co,43,Amsterdam,NL,2026-06-07 03:26:20
2026-06-07,HR,Orbit Team BPO Services,(563) 557-8729,hello@orbitteambposervices.com,https://orbitteambposervices.com,7,Denver,US,2026-06-07 03:36:59
2026-06-07,Legal,Bold VerdictHub,+13689849912,info@boldverdicthub.com,https://www.boldverdicthub.com,,Vancouver,CA,2026-06-07 04:21:29
2026-06-07,Medical,WillowHealthWorks,09347814889,contact@willowhealthworks.io,https://www.willowhealthworks.io,12,Phoenix,US,2026-06-07 01:49:51
2026-06-07,Legal,AnchorLaw Systems,886-928-2373,N/A,https://www.anchorlawsystems.com,285,London,UK,2026-06-07 05:17:06
2026-06-07,HR,Core PeopleSystems,(550) 786-5561 ext. 83,hello@corepeoplesystems.com,corepeoplesystems.com,801,Austin,US,2026-06-07 02:38:33
2026-06-07,HR,Ridge TalentCloud,(673) 561-5538,hello@ridgetalentcloud.com,https://www.ridgetalentcloud.com,459,Atlanta,US,2026-06-07 06:15:56
2026-06-07,ERP,ClearStockPoint,(725) 813-3339,info@clearstockpoint.com,https://www.clearstockpoint.com,24,Amsterdam,NL,2026-06-07 05:04:46
2026-06-07,Medical,SummitTriageSuite,5119764145,sales@summittriagesuite.com,https://www.summittriagesuite.com,48,Columbus,US,2026-06-07 03:06:27
2026-06-07,ERP,HarborLedger Flow,(432) 347-6745,sales@harborledgerflow.com,https://www.harborledgerflow.com,491,Chicago,US,2026-06-07 03:21:50
2026-06-07,HR,Blue PayrollLabs,1-818-966-5108,sales@bluepayrolllabs.io,https://www.bluepayrolllabs.io,348,Atlanta,US,2026-06-07 04:07:47
2026-06-07,HR,Fusion RosterDesk,+17158400338,sales@fusionrosterdesk.co,https://fusionrosterdesk.co,8,Singapore,SG,2026-06-07 01:51:49
2026-06-07,MSP Platform,HarborStackApp,(847) 321-5075,info@harborstackapp.co,https://www.harborstackapp.co,187,Phoenix,US,2026-06-07 06:41:51
2026-06-07,MSP Platform,ZephyrUptimeCore,301-449-1126,info@zephyruptimecore.com,https://www.zephyruptimecore.com,15,Boston,US,2026-06-07 06:43:01
2026-06-07,Legal,Halo CounselFlow,+18356251561,info@halocounselflow.net,https://www.halocounselflow.net,13,Atlanta,US,2026-06-07 02:32:45
2026-06-07,ERP,FalconBatchDesk,872.857.7826,hello@falconbatchdesk.io,https://www.falconbatchdesk.io,59,Austin,US,2026-06-07 03:16:55
2026-06-07,MSP Platform,BeaconNetWorks,+16437121124,hello@beaconnetworks.net,https://beaconnetworks.net,336,Manchester,UK,2026-06-07 06:35:17
2026-06-07,Legal,Velo CaseTech,419-802-6328,info@velocasetech.co,https://www.velocasetech.co,77,Berlin,DE,2026-06-07 04:01:11
2026-06-07,ERP,Clear OpsSuite,05472680808,hello@clearopssuite.com,https://clearopssuite.com,377,Dublin,IE,2026-06-07 05:10:24
2026-06-07,ERP,RapidLedger Solutions,(414) 554-1843,contact@rapidledgersolutions.com,https://www.rapidledgersolutions.com,474,Denver,US,2026-06-07 06:20:43
2026-06-07,MSP Platform,LumenEndpoint App,+13047249955,hello@lumenendpointapp.com,https://www.lumenendpointapp.com,1937,Sydney,AU,2026-06-07 03:19:23
2026-06-07,ERP,JuniperFinWorks,(751) 596-5050,sales@juniperfinworks.com,https://juniperfinworks.com,58,Atlanta,US,2026-06-07 06:23:48
2026-06-07,Medical,Vista MedBase,1-320-284-0461,sales@vistamedbase.io,https://www.vistamedbase.io,6,Austin,US,2026-06-07 04:22:40
2026-06-07,ERP,True ChainLabs,825-419-4341,contact@truechainlabs.com,truechainlabs.com,745,Seattle,US,2026-06-07 03:29:01
2026-06-07,HR,PivotTeamCore,+18125631791,sales@pivotteamcore.com,pivotteamcore.com,71,Boston,US,2026-06-07 01:57:29
2026-06-07,Legal,MosaicLawCloud,7204162760,hello@mosaiclawcloud.net,https://www.mosaiclawcloud.net,48,Boston,US,2026-06-07 03:56:33
2026-06-07,ERP,Atlas OpsCore,+18122211508,sales@atlasopscore.com,https://atlasopscore.com,744,Islamabad,PK,2026-06-07 03:06:58
2026-06-07,Medical,AnchorVital Core,1-922-696-7282,info@anchorvitalcore.com,anchorvitalcore.com,3058,Denver,US,2026-06-07 05:56:31
2026-06-07,MSP Platform,Juniper MonitorSync,(970) 905-9467,contact@junipermonitorsync.net,https://www.junipermonitorsync.net,14,Dublin,IE,2026-06-07 06:56:12
2026-06-07,Medical,Ember RxWorks,515.747.6567,sales@emberrxworks.com,https://www.emberrxworks.com,178,London,UK,2026-06-07 01:22:26
2026-06-07,ERP,PivotLedger App,(660) 654-7604,hello@pivotledgerapp.com,https://pivotledgerapp.com,62,Hyderabad,IN,2026-06-07 03:05:59
2026-06-07,Legal,IronCounselWorks,1-961-891-9367,contact@ironcounselworks.com,https://www.ironcounselworks.com,50,Seattle,US,2026-06-07 05:14:43
2026-06-07,Legal,GraniteMatter Logic,6695047085,contact@granitematterlogic.co,https://granitematterlogic.co,14,Vancouver,CA,2026-06-07 05:52:16
2026-06-07,MSP Platform,RavenUptime Dynamics,1-363-255-0435 ext. 68,sales@ravenuptimedynamics.com,https://www.ravenuptimedynamics.com,59,Raleigh,US,2026-06-07 03:58:18
2026-06-07,Legal,CrownCase Systems,3684892445,contact@crowncasesystems.com,crowncasesystems.com,26,Atlanta,US,2026-06-07 05:55:12
2026-06-07,MSP Platform,MetaUptimeDesk,370.931.1372,contact@metauptimedesk.net,https://www.metauptimedesk.net,44,Toronto,CA,2026-06-07 02:00:25
2026-06-07,Medical,Ridgeway HealthLogic,900.696.2758,,https://www.ridgewayhealthlogic.com,106,Seattle,US,2026-06-07 06:58:59
2026-06-07,ERP,NovaStock Cloud,924-416-0635,hello@novastockcloud.co,https://www.novastockcloud.co,22,Sydney,AU,2026-06-07 05:50:42
2026-06-07,Legal,XenonCompli Works,4423361561 ext. 11,hello@xenoncompliworks.com,https://www.xenoncompliworks.com,24,Tampa,US,2026-06-07 06:36:21
2026-06-07,MSP Platform,UmbraRemoteSoft,963-725-8248,contact@umbraremotesoft.io,https://umbraremotesoft.io,110,Singapore,SG,2026-06-07 06:02:16
2026-06-07,HR,OrbitTalent Hub,+14668335329,hello@orbittalenthub.io,https://www.orbittalenthub.io,28,Hyderabad,IN,2026-06-07 02:37:50
2026-06-07,HR,ApexShift Soft,2465235177,hello@apexshiftsoft.com,apexshiftsoft.com,36,Boston,US,2026-06-07 04:21:58
2026-06-07,Legal,OnyxCounsel Works,+17868103091,info@onyxcounselworks.com,https://www.onyxcounselworks.com,49,Columbus,US,2026-06-07 06:25:33
2026-06-07,MSP Platform,Mosaic UptimeDynamics,635-529-8631,info@mosaicuptimedynamics.com,https://mosaicuptimedynamics.com,499,Denver,US,2026-06-07 06:57:34
2026-06-07,ERP,Prime BatchSystems,1-767-253-2765,contact@primebatchsystems.com,https://primebatchsystems.com,222,Denver,US,2026-06-07 06:11:33
2026-06-07,ERP,ArchChainFlow,676.555.2313,info@archchainflow.co,https://www.archchainflow.co,304,Austin,US,2026-06-07 01:16:09
2026-06-07,HR,Cobalt TalentDesk,09038508754,info@cobalttalentdesk.com,https://www.cobalttalentdesk.com,3861,Raleigh,US,2026-06-07 03:23:47
2026-06-07,LMS,ZenOps Sync,+17706852093,hello@zenopssync.com,https://zenopssync.com,50,Leeds,UK,2026-06-07 06:17:33
2026-06-07,ERP,OnyxChainDesk,313.461.3063,hello@onyxchaindesk.com,https://www.onyxchaindesk.com,12,Phoenix,US,2026-06-07 06:36:55
2026-06-07,HR,SilverOnboard App,+13476764218,sales@silveronboardapp.com,https://www.silveronboardapp.com,33,Raleigh,US,2026-06-07 06:52:04
2026-06-07,ERP,QuartzResourceTech,1-743-776-2259,contact@quartzresourcetech.com,https://www.quartzresourcetech.com,2050,Hyderabad,IN,2026-06-07 02:37:40
2026-06-07,ERP,AnchorFinApp,1-795-301-4997,sales@anchorfinapp.com,https://www.anchorfinapp.com,15,Chicago,US,2026-06-07 02:20:44
2026-06-07,MSP Platform,LatticeNodeHub,615-247-9492,hello@latticenodehub.com,https://www.latticenodehub.com,409,Singapore,SG,2026-06-07 04:35:39
2026-06-07,MSP Platform,TrueRemote Solutions,1-754-391-1412,hello@trueremotesolutions.io,https://www.trueremotesolutions.io,8,Hyderabad,IN,2026-06-07 04:23:57
2026-06-07,HR,Crest PayrollLogic,+15844900138,contact@crestpayrolllogic.com,https://www.crestpayrolllogic.com,11,Berlin,DE,2026-06-07 02:43:40
2026-06-07,MSP Platform,Tidal RemoteBase,+1 (763) 244-6091 ext. 34,hello@tidalremotebase.com,https://tidalremotebase.com,18,Melbourne,AU,2026-06-07 05:21:50
2026-06-07,ERP,ArchPlanDesk,9868324454,hello@archplandesk.com,https://www.archplandesk.com,36,Seattle,US,2026-06-07 05:56:02
2026-06-07,ERP,ClearFinApp,(628) 703-9057,sales@clearfinapp.io,https://clearfinapp.io,71,Boston,US,2026-06-07 05:41:41
2026-06-07,Medical,IronClinicPlatform,620.796.9323,hello@ironclinicplatform.com,ironclinicplatform.com,10,Phoenix,US,2026-06-07 01:18:18
2026-06-07,MSP Platform,Umbra StackPlatform,9368717317,info@umbrastackplatform.io,https://umbrastackplatform.io,164,Tampa,US,2026-06-07 03:59:44
2026-06-07,HR,FalconTalentLogic,+18225932152,null,https://www.falcontalentlogic.net,233,Atlanta,US,2026-06-07 06:44:31
2026-06-07,ERP,Blue OrderSystems,(379) 204-7846,hello@blueordersystems.io,https://blueordersystems.io,18,Atlanta,US,2026-06-07 02:08:42
2026-06-07,Medical,BrightTriageCore,9795240859,sales@brighttriagecore.com,https://www.brighttriagecore.com,27,Tampa,US,2026-06-07 03:24:10
2026-06-07,LMS,JuniperSkill Suite,+12557298913,contact@juniperskillsuite.co,https://juniperskillsuite.co,201,Seattle,US,2026-06-07 06:05:42
2026-06-07,ERP,Harbor LedgerSoft,921.547.0574,info@harborledgersoft.com,https://www.harborledgersoft.com,464,Leeds,UK,2026-06-07 04:55:12
2026-06-07,MSP Platform,DeltaPatchApp,920-366-9473,hello@deltapatchapp.com,https://www.deltapatchapp.com,3724,Pune,IN,2026-06-07 01:01:22
2026-06-07,HR,CrownTalent Platform,951-614-6609,hello@crowntalentplatform.com,crowntalentplatform.com,239,Phoenix,US,2026-06-07 03:54:48
2026-06-07,Legal,Prime LawSync,489-926-1847,hello@primelawsync.com,https://www.primelawsync.com,39,Phoenix,US,2026-06-07 03:15:22
2026-06-07,Medical,NimbusClinicSoft,+17373374215,hello@nimbusclinicsoft.com,https://www.nimbusclinicsoft.com,15,Dublin,IE,2026-06-07 06:45:24
2026-06-07,Legal,XenonLawSphere,+13782531118 ext. 1,hello@xenonlawsphere.com,https://www.xenonlawsphere.com,11,Karachi,PK,2026-06-07 04:37:10
2026-06-07,Medical,TidalMed Works,(277) 421-2303,hello@tidalmedworks.com,https://www.tidalmedworks.com,198,Amsterdam,NL,2026-06-07 03:33:46
2026-06-07,LMS,Beacon CourseSync,860-649-7818,sales@beaconcoursesync.io,https://www.beaconcoursesync.io,850,Atlanta,US,2026-06-07 05:01:18
2026-06-07,Medical,VistaRx Core,3189128645,hello@vistarxcore.com,https://www.vistarxcore.com,82,Calgary,CA,2026-06-07 06:28:42
2026-06-07,LMS,RapidCourse Tech,+1 (796) 605-7451 ext. 37,hello@rapidcoursetech.net,https://www.rapidcoursetech.net,-,Leeds,UK,2026-06-07 03:22:13
2026-06-07,HR,Omni PerformFlow,474-876-9227,contact@omniperformflow.com,https://www.omniperformflow.com,-,Seattle,US,2026-06-07 06:00:00
2026-06-07,HR,Iron PayrollDesk,1-753-470-6208,contact@ironpayrolldesk.com,https://www.ironpayrolldesk.com,14,Raleigh,US,2026-06-07 01:45:35
2026-06-07,ERP,MosaicForgeFlow,3738949821,info@mosaicforgeflow.co,https://www.mosaicforgeflow.co,75,Atlanta,US,2026-06-07 02:15:29
2026-06-07,HR,CedarOnboardSoft’s,(867) 491-0329,sales@cedaronboardsoft.com,cedaronboardsoft.com,15,Manchester,UK,2026-06-07 04:28:05
2026-06-07,ERP,ClearLaw Works,+17764261640,contact@clearlawworks.com,https://clearlawworks.com,91,Calgary,CA,2026-06-07 03:22:38
2026-06-07,Medical,Summit ClinicLogic,+19569670711,contact@summitcliniclogic.net,summitcliniclogic.net,70,Tampa,US,2026-06-07 02:15:56
2026-06-07,ERP,FalconChain Solutions,+15873449633,hello@falconchainsolutions.co,https://www.falconchainsolutions.co,545,Phoenix,US,2026-06-07 03:12:02
2026-06-07,ERP,ApexBatch Tech,08803147376,sales@apexbatchtech.com,https://apexbatchtech.com,324,,US,2026-06-07 05:37:33
2026-06-07,MSP Platform,NovaEndpoint Sync,336-371-9131,sales@novaendpointsync.com,https://www.novaendpointsync.com,469,Atlanta,US,2026-06-07 06:47:05
2026-06-07,MSP Platform,Bright TicketCloud,+1 (385) 534-1030,info@brightticketcloud.com,https://www.brightticketcloud.com,2142,Columbus,US,2026-06-07 04:09:39
2026-06-07,ERP,MetaFin Desk,387-305-2261,hello@metafindesk.com,https://www.metafindesk.com,45,Chicago,US,2026-06-07 05:38:44
2026-06-07,LMS,BoldMentorSoft,+16153676842,info@boldmentorsoft.io,https://www.boldmentorsoft.io,23,Boston,US,2026-06-07 02:30:53
2026-06-07,ERP,RidgewayMedApp,220.457.4516,sales@ridgewaymedapp.com,ridgewaymedapp.com,196,Raleigh,US,2026-06-07 02:12:13
2026-06-07,MSP Platform,RidgeStackDynamics,924-528-5861,info@ridgestackdynamics.io,https://www.ridgestackdynamics.io,446,Boston,US,2026-06-07 05:48:47
2026-06-07,HR,OmniPeopleHub,891.831.2918 ext. 98,contact@omnipeoplehub.co,https://www.omnipeoplehub.co,18,Raleigh,US,2026-06-07 01:33:45
2026-06-07,LMS,ClearTrain Cloud,1-230-892-8904 ext. 94,contact@cleartraincloud.com,https://www.cleartraincloud.com,90,Leeds,UK,2026-06-07 01:18:23
2026-06-07,MSP Platform,Falcon NetWorks,218-643-9092,contact@falconnetworks.com,falconnetworks.com,302,Singapore,SG,2026-06-07 05:30:40
2026-06-07,MSP Platform,Halo NodePlatform,1-607-453-4089,sales@halonodeplatform.co,https://www.halonodeplatform.co,12,Austin,US,2026-06-07 06:35:47
2026-06-07,MSP Platform,RidgewayStack Point,7468071549,hello@ridgewaystackpoint.net,https://www.ridgewaystackpoint.net,815,Hyderabad,IN,2026-06-07 05:04:41
2026-06-07,ERP,Orbit Ops BPO Services,(890) 918-8369,info@orbitopsbposervices.co,https://www.orbitopsbposervices.co,37,Chicago,US,2026-06-07 03:14:45
2026-06-07,HR,NimbusOnboardSolutions,(870) 782-3450 ext. 35,info@nimbusonboardsolutions.co,https://www.nimbusonboardsolutions.co,1120,Phoenix,US,2026-06-07 03:19:08
2026-06-07,MSP Platform,BeaconRemoteSolutions,653.298.3563,info@beaconremotesolutions.io,https://www.beaconremotesolutions.io,52,Seattle,US,2026-06-07 02:45:14
2026-06-07,Medical,EmberRx Suite,05172749092,info@emberrxsuite.com,https://www.emberrxsuite.com,,Hyderabad,IN,2026-06-07 02:16:37
2026-06-07,HR,BoldTeamCloud,220-346-9616,info@boldteamcloud.com,boldteamcloud.com,100,Phoenix,US,2026-06-07 04:02:18
2026-06-07,HR,GraniteBenefitBase,+15847874217 ext. 36,info@granitebenefitbase.com,https://www.granitebenefitbase.com,855,Toronto,CA,2026-06-07 01:10:22
2026-06-07,HR,VeloPayrollSphere,6463594513,sales@velopayrollsphere.com,https://www.velopayrollsphere.com,7,Bengaluru,IN,2026-06-07 02:33:56
2026-06-07,ERP,VeloChainDesk,2744990856,hello@velochaindesk.io,velochaindesk.io,16,Lahore,PK,2026-06-07 02:12:58
2026-06-07,Legal,ClearFiling Sphere,03685099467,info@clearfilingsphere.com,https://clearfilingsphere.com,197,Boston,US,2026-06-07 02:12:50
2026-06-07,ERP,Ridgeway LedgerSuite,+17734945778,sales@ridgewayledgersuite.com,https://www.ridgewayledgersuite.com,9,Austin,US,2026-06-07 03:44:58
2026-06-07,LMS,Anchor LessonSuite,7046169247,,https://www.anchorlessonsuite.com,80,Tampa,US,2026-06-07 05:52:59
2026-06-07,ERP,Cobalt PlanSystems,1-606-272-3881,info@cobaltplansystems.com,https://www.cobaltplansystems.com,472,Phoenix,US,2026-06-07 05:05:40
2026-06-07,ERP,SummitOps Sphere,+13333123506 ext. 68,hello@summitopssphere.com,https://summitopssphere.com,45,Amsterdam,NL,2026-06-07 01:43:57
2026-06-07,Legal,ArchCompliPlatform,+1 (865) 903-3268,sales@archcompliplatform.io,https://www.archcompliplatform.io,52,Munich,DE,2026-06-07 04:36:56
2026-06-07,ERP,Harbor OpsCloud,(744) 209-2352,contact@harboropscloud.net,https://www.harboropscloud.net,22,Chicago,US,2026-06-07 03:30:44
2026-06-07,ERP,Nova OrderDynamics,(509) 462-3087,sales@novaorderdynamics.com,https://www.novaorderdynamics.com,751,Toronto,CA,2026-06-07 05:56:44
2026-06-07,HR,Fusion PayrollSystems,864-468-7189,sales@fusionpayrollsystems.com,https://www.fusionpayrollsystems.com,147,Columbus,US,2026-06-07 05:31:56
2026-06-07,Medical,Iron TriageCore,(875) 353-8842,contact@irontriagecore.io,https://www.irontriagecore.io,6,Atlanta,US,2026-06-07 04:40:54
2026-06-07,Legal,Umbra FilingLabs,+16666801101,sales@umbrafilinglabs.com,https://www.umbrafilinglabs.com,914,Sydney,AU,2026-06-07 04:20:01
2026-06-07,HR,ZephyrShiftLabs,395-590-1285,sales@zephyrshiftlabs.co,https://zephyrshiftlabs.co,22,Melbourne,AU,2026-06-07 02:05:42
2026-06-07,Legal,BlueFiling’s Labs,410-403-4430,contact@bluefilinglabs.com,https://www.bluefilinglabs.com,65,Atlanta,US,2026-06-07 02:50:23
2026-06-07,Medical,Onyx ClinicLabs,7396567125,hello@onyxcliniclabs.com,https://onyxcliniclabs.com,773,Pune,IN,2026-06-07 03:44:15
2026-06-07,ERP,UmbraLedger Hub,(469) 722-6158,info@umbraledgerhub.com,umbraledgerhub.com,20,Boston,US,2026-06-07 06:34:46
2026-06-07,ERP,NovaStock Flow,231.487.1304,info@novastockflow.io,https://www.novastockflow.io,189,Raleigh,US,2026-06-07 04:53:20
2026-06-07,ERP,PivotStock Logic,1-801-611-1694,hello@pivotstocklogic.com,https://www.pivotstocklogic.com,10,Boston,US,2026-06-07 04:54:48
2026-06-07,Legal,Meta Brief Recruiting,541-932-0069,hello@metabriefrecruiting.com,https://www.metabriefrecruiting.com,12,Pune,IN,2026-06-07 04:20:14
2026-06-07,Medical,Crown MedLogic,766-286-3343,contact@crownmedlogic.co,https://www.crownmedlogic.co,N/A,Austin,US,2026-06-07 06:30:12
2026-06-07,HR,IndigoShift Point,(796) 532-0442,info@indigoshiftpoint.io,https://indigoshiftpoint.io,70,Leeds,UK,2026-06-07 03:59:35
2026-06-07,LMS,Anchor TeamHub,+12385299068,hello@anchorteamhub.com,https://www.anchorteamhub.com,12,Atlanta,US,2026-06-07 05:16:22
2026-06-07,Legal,Falcon LawApp,5443729484,hello@falconlawapp.com,https://falconlawapp.com,44,Atlanta,US,2026-06-07 03:24:59
2026-06-07,ERP,BeaconPlan Flow,237-660-2264,sales@beaconplanflow.com,https://beaconplanflow.com,928,Hyderabad,IN,2026-06-07 06:58:58
2026-06-07,ERP,UmbraLedger Platform,(636) 446-1648,sales@umbraledgerplatform.com,https://www.umbraledgerplatform.com,N/A,Chicago,US,2026-06-07 04:00:21
2026-06-07,HR,BeaconPerform Labs,+12144937294,contact@beaconperformlabs.com,https://www.beaconperformlabs.com,778,Seattle,US,2026-06-07 05:30:06
2026-06-07,ERP,ArchFin Logic,+14769524844,info@archfinlogic.com,https://www.archfinlogic.com,46,Vancouver,CA,2026-06-07 05:02:52
2026-06-07,ERP,GraniteFin Labs,4895129069,sales@granitefinlabs.io,https://www.granitefinlabs.io,50,Chicago,US,2026-06-07 03:39:57
2026-06-07,Medical,BoldRx Works,(603) 371-5548,contact@boldrxworks.com,https://www.boldrxworks.com,260,Tampa,US,2026-06-07 04:58:56
2026-06-07,HR,CrownPayroll Soft,678.972.7899,hello@crownpayrollsoft.net,https://www.crownpayrollsoft.net,16,Leeds,UK,2026-06-07 05:54:43
2026-06-07,ERP,QuartzStock Core,525.519.9896,sales@quartzstockcore.net,quartzstockcore.net,203,Munich,DE,2026-06-07 05:40:41
2026-06-07,MSP Platform,RidgewayUptime’s Core,+14559408044,hello@ridgewayuptimecore.net,https://www.ridgewayuptimecore.net,86,Dublin,IE,2026-06-07 06:20:04
2026-06-07,Legal,Quartz ClauseWorks,340-708-3808,hello@quartzclauseworks.io,quartzclauseworks.io,5,Denver,US,2026-06-07 06:02:27
2026-06-07,Medical,BrightTriage Desk,+1 (897) 701-3300,hello@brighttriagedesk.com,https://brighttriagedesk.com,71,Islamabad,PK,2026-06-07 03:06:10
2026-06-07,Legal,Falcon DocketDynamics,3388305068,contact@falcondocketdynamics.com,falcondocketdynamics.com,32,Atlanta,US,2026-06-07 02:56:09
2026-06-07,Medical,NimbusPatient Systems,1-258-446-0947,sales@nimbuspatientsystems.com,https://www.nimbuspatientsystems.com,28,Raleigh,US,2026-06-07 06:36:48
2026-06-07,Medical,VertexPulseDynamics,911.253.0280,info@vertexpulsedynamics.co,https://www.vertexpulsedynamics.co,475,Boston,US,2026-06-07 05:25:44
2026-06-07,Medical,HarborMedSoft,+12924873003,contact@harbormedsoft.com,https://www.harbormedsoft.com,,Seattle,US,2026-06-07 01:55:29
2026-06-07,Medical,FusionHealthHub,699.421.3242,info@fusionhealthhub.io,https://www.fusionhealthhub.io,181,Atlanta,US,2026-06-07 01:08:49
2026-06-07,HR,ZephyrPayrollHub,822-374-7245,sales@zephyrpayrollhub.co,zephyrpayrollhub.co,null,Vancouver,CA,2026-06-07 03:02:47
2026-06-07,ERP,FusionOrderCore,5223047834,hello@fusionordercore.io,fusionordercore.io,180,Phoenix,US,2026-06-07 01:56:41
2026-06-07,Legal,CrownLaw Core,9208278601,contact@crownlawcore.com,https://www.crownlawcore.com,55,Boston,US,2026-06-07 03:32:06
2026-06-07,ERP,Pivot Batch Outsourcing,(290) 854-5235,sales@pivotbatchoutsourcing.com,https://www.pivotbatchoutsourcing.com,17,Phoenix,US,2026-06-07 04:23:44
2026-06-07,Legal,Delta VerdictSuite,562-481-6582,contact@deltaverdictsuite.io,https://deltaverdictsuite.io,905,Columbus,US,2026-06-07 05:54:32
2026-06-07,ERP,PivotResourceSuite,(972) 734-6294,hello@pivotresourcesuite.com,https://pivotresourcesuite.com,30,Denver,US,2026-06-07 04:03:42
2026-06-07,Legal,VertexCaseWorks,5334818790,sales@vertexcaseworks.com,https://vertexcaseworks.com,9,Raleigh,US,2026-06-07 05:46:33
2026-06-07,Medical,WillowClinic Tech,1-360-922-2727,info@willowclinictech.com,https://willowclinictech.com,96,Raleigh,US,2026-06-07 06:03:36
2026-06-07,ERP,CedarBatch’s Suite,(943) 848-8136,hello@cedarbatchsuite.com,https://www.cedarbatchsuite.com,null,Lahore,PK,2026-06-07 01:00:34
2026-06-07,HR,XenonBenefitBase,+18503987500,info@xenonbenefitbase.com,https://www.xenonbenefitbase.com,53,Denver,US,2026-06-07 02:27:12
2026-06-07,ERP,IndigoChain Suite,(380) 423-4358,hello@indigochainsuite.com,https://www.indigochainsuite.com,3631,Boston,US,2026-06-07 06:06:41
2026-06-07,HR,Bold TalentHub,5993515590,info@boldtalenthub.com,https://boldtalenthub.com,237,Amsterdam,NL,2026-06-07 05:44:26
2026-06-07,Medical,Apex PatchApp,02588562418,hello@apexpatchapp.com,apexpatchapp.com,155,Atlanta,US,2026-06-07 01:35:54
2026-06-07,ERP,JuniperResource Base,515.602.9889,hello@juniperresourcebase.net,juniperresourcebase.net,30,Boston,US,2026-06-07 06:29:19
2026-06-07,Medical,OnyxPatient Soft,(228) 572-1351,sales@onyxpatientsoft.net,https://www.onyxpatientsoft.net,50,Karachi,PK,2026-06-07 04:14:48
2026-06-07,ERP,Crest ResourceDynamics,(965) 330-3131 ext. 65,info@crestresourcedynamics.com,https://www.crestresourcedynamics.com,6,-,US,2026-06-07 04:47:13
2026-06-07,ERP,BoldForge Dynamics,307.731.7159,hello@boldforgedynamics.com,https://www.boldforgedynamics.com,34,Toronto,CA,2026-06-07 01:16:49
2026-06-07,LMS,AltaLearn Systems,(430) 200-8205,info@altalearnsystems.com,https://www.altalearnsystems.com,362,Tampa,US,2026-06-07 05:11:55
2026-06-07,HR,OmniCultureCore,(971) 832-7886 ext. 79,hello@omniculturecore.io,https://www.omniculturecore.io,33,Hyderabad,IN,2026-06-07 06:15:29
2026-06-07,HR,Harbor ShiftFlow,+12517255121,sales@harborshiftflow.com,https://www.harborshiftflow.com,9,Leeds,UK,2026-06-07 04:32:42
2026-06-07,Medical,RidgeMedWorks,+16457834160,hello@ridgemedworks.com,ridgemedworks.com,799,Manchester,UK,2026-06-07 01:05:27
2026-06-07,HR,OrbitPeople Hub,1-912-943-0762,contact@orbitpeoplehub.com,orbitpeoplehub.com,2801,Austin,US,2026-06-07 04:06:22
2026-06-07,MSP Platform,OmniMonitorDesk,(918) 204-2270,info@omnimonitordesk.com,https://www.omnimonitordesk.com,98,Columbus,US,2026-06-07 01:40:37
2026-06-07,MSP Platform,BeaconStack Suite,+1 (490) 699-8262,hello@beaconstacksuite.io,https://www.beaconstacksuite.io,605,Phoenix,US,2026-06-07 06:49:01
2026-06-07,MSP Platform,Atlas GridSuite,+1 (896) 654-3593,contact@atlasgridsuite.io,atlasgridsuite.io,12,Atlanta,US,2026-06-07 02:04:04
2026-06-07,Medical,CobaltTriageSystems,609-980-1350,hello@cobalttriagesystems.co,cobalttriagesystems.co,80,Raleigh,US,2026-06-07 04:45:10
2026-06-07,ERP,GoldenLedgerLogic,834.585.7962,hello@goldenledgerlogic.com,https://www.goldenledgerlogic.com,47,Columbus,US,2026-06-07 01:16:31
2026-06-07,HR,Velo ShiftLogic,+15046972692,info@veloshiftlogic.com,https://www.veloshiftlogic.com,15,Columbus,US,2026-06-07 03:33:10
2026-06-07,HR,AtlasBenefit Works,1-277-947-7609,contact@atlasbenefitworks.io,https://www.atlasbenefitworks.io,29,Tampa,US,2026-06-07 02:52:41
2026-06-07,Medical,TrueTriage Tech,531-520-2127,N/A,https://truetriagetech.com,72,Seattle,US,2026-06-07 01:52:43
2026-06-07,HR,Willow PerformDesk,208-382-5654,info@willowperformdesk.com,https://willowperformdesk.com,19,Munich,DE,2026-06-07 06:00:33
2026-06-07,ERP,TidalBatch Core,(804) 668-4081,hello@tidalbatchcore.io,https://tidalbatchcore.io,9,Seattle,US,2026-06-07 06:22:27
2026-06-07,HR,Halo PerformSuite,2689382577,info@haloperformsuite.net,https://www.haloperformsuite.net,67,Boston,US,2026-06-07 05:27:27
2026-06-07,ERP,Pioneer LedgerBase,548-244-2896,sales@pioneerledgerbase.co,https://www.pioneerledgerbase.co,48,Chicago,US,2026-06-07 06:01:50
2026-06-07,ERP,Nova PlanCore,1-955-685-4162,hello@novaplancore.com,https://www.novaplancore.com,69,N/A,IN,2026-06-07 01:13:51
2026-06-07,ERP,NimbusCase Labs,(617) 726-5297 ext. 10,info@nimbuscaselabs.io,https://nimbuscaselabs.io,183,Austin,US,2026-06-07 06:52:11
2026-06-07,Medical,JuniperRx Dynamics,369-409-6014,contact@juniperrxdynamics.com,juniperrxdynamics.com,55,Boston,US,2026-06-07 01:38:09
2026-06-07,Medical,Nova MedPlatform,1-918-501-1950,hello@novamedplatform.com,https://novamedplatform.com,223,Hyderabad,IN,2026-06-07 03:16:24
2026-06-07,MSP Platform,TrueEndpointSuite,7439676265,sales@trueendpointsuite.com,https://www.trueendpointsuite.com,,Tampa,US,2026-06-07 05:05:53
2026-06-07,HR,RapidPerform Base,(643) 773-6554,hello@rapidperformbase.com,https://rapidperformbase.com,54,Austin,US,2026-06-07 03:30:40
2026-06-07,Legal,SilverClause Cloud,(953) 990-3038,sales@silverclausecloud.com,silverclausecloud.com,17,N/A,US,2026-06-07 01:12:07
2026-06-07,ERP,QuartzPlanCore,931-820-4452,contact@quartzplancore.net,https://www.quartzplancore.net,5,Calgary,CA,2026-06-07 03:02:56
2026-06-07,MSP Platform,BrightMonitor App,(804) 815-0752,null,https://www.brightmonitorapp.co,7,Munich,DE,2026-06-07 01:52:15
2026-06-07,Medical,VistaHealth Point,788-944-3980 ext. 32,hello@vistahealthpoint.co,https://www.vistahealthpoint.co,85,Phoenix,US,2026-06-07 03:53:40
2026-06-07,Legal,Beacon LawSystems,+1 (229) 871-1206,sales@beaconlawsystems.net,beaconlawsystems.net,55,Chicago,US,2026-06-07 03:55:21
2026-06-07,ERP,NovaOrder Cloud,(213) 552-5873,contact@novaordercloud.io,https://www.novaordercloud.io,334,Boston,US,2026-06-07 06:10:01
2026-06-07,Legal,NimbusCase Labs,617.726.5297,info@nimbuscaselabs.io,https://www.nimbuscaselabs.io,183,Austin,US,2026-06-07 05:53:08
2026-06-07,HR,HarborCulture Dynamics,(791) 707-1494,hello@harborculturedynamics.io,https://www.harborculturedynamics.io,181,Denver,US,2026-06-07 02:14:07
2026-06-07,ERP,SableOrder Sync,(800) 787-8245,contact@sableordersync.io,https://www.sableordersync.io,5,Austin,US,2026-06-07 03:14:56
2026-06-07,HR,BeaconOnboardLogic,+14179772590 ext. 81,info@beacononboardlogic.com,https://www.beacononboardlogic.com,46,Austin,US,2026-06-07 01:48:21
2026-06-07,HR,Apex TalentDesk,+14949998502,contact@apextalentdesk.net,https://www.apextalentdesk.net,4411,Boston,US,2026-06-07 02:23:35
2026-06-07,HR,Willow CultureApp,1-217-251-7277,info@willowcultureapp.io,https://www.willowcultureapp.io,9,Denver,US,2026-06-07 06:34:07
2026-06-07,Medical,GoldenClinic Desk,4532165203,sales@goldenclinicdesk.net,https://www.goldenclinicdesk.net,15,Berlin,DE,2026-06-07 04:09:06
2026-06-07,Medical,ZenTriage Solutions,+15562935914,contact@zentriagesolutions.io,https://www.zentriagesolutions.io,20,Denver,US,2026-06-07 05:45:12
2026-06-07,LMS,Core LessonPoint,210-804-9465,hello@corelessonpoint.com,https://corelessonpoint.com,469,Raleigh,US,2026-06-07 03:32:26
2026-06-07,HR,FusionRoster App,989.957.8266 ext. 65,sales@fusionrosterapp.io,https://www.fusionrosterapp.io,48,Amsterdam,NL,2026-06-07 03:25:22
2026-06-07,Medical,Raven RxSolutions,989-255-9082,info@ravenrxsolutions.com,https://www.ravenrxsolutions.com,299,Dublin,IE,2026-06-07 05:42:35
2026-06-07,ERP,Clear ResourceLogic,(807) 557-9878,sales@clearresourcelogic.com,https://www.clearresourcelogic.com,257,Karachi,PK,2026-06-07 05:23:15
2026-06-07,Medical,Tidal TriageSuite,1-387-906-2295,info@tidaltriagesuite.com,https://tidaltriagesuite.com,148,London,UK,2026-06-07 03:05:23
2026-06-07,Legal,Indigo CounselSuite,+1 (717) 265-1741,hello@indigocounselsuite.net,indigocounselsuite.net,10,Chicago,US,2026-06-07 06:24:38
2026-06-07,Legal,ClearDocketFlow,287-292-4487 ext. 16,contact@cleardocketflow.com,https://www.cleardocketflow.com,78,Singapore,SG,2026-06-07 01:11:23
2026-06-07,MSP Platform,HarborPatchWorks,553.524.6531,contact@harborpatchworks.com,https://www.harborpatchworks.com,30,Chicago,US,2026-06-07 03:25:33
2026-06-07,ERP,Summit ForgeTech,600.289.4196,sales@summitforgetech.net,https://www.summitforgetech.net,42,Columbus,US,2026-06-07 06:44:34
2026-06-07,HR,EmberTeam Dynamics,234-865-9174,hello@emberteamdynamics.com,https://www.emberteamdynamics.com,18,Atlanta,US,2026-06-07 04:03:31
2026-06-07,MSP Platform,IndigoStackHub,1-861-830-0987,hello@indigostackhub.com,https://www.indigostackhub.com,80,Chicago,US,2026-06-07 05:15:42
2026-06-07,ERP,AnchorStockFlow,430-716-6201,contact@anchorstockflow.io,https://www.anchorstockflow.io,12,Leeds,UK,2026-06-07 01:31:42
2026-06-07,LMS,Ember LearnCloud,1-326-794-9462,info@emberlearncloud.net,emberlearncloud.net,796,Seattle,US,2026-06-07 06:06:42
2026-06-07,HR,CedarPayrollSolutions,490-842-8635,hello@cedarpayrollsolutions.com,https://cedarpayrollsolutions.com,44,Munich,DE,2026-06-07 04:48:32
2026-06-07,Medical,NovaPatient Sphere,+16134177322,info@novapatientsphere.com,https://www.novapatientsphere.com,98,Tampa,US,2026-06-07 06:31:02
2026-06-07,ERP,PrimeBatch Systems,+14736912141,hello@primebatchsystems.com,https://www.primebatchsystems.com,46,Chicago,US,2026-06-07 05:29:29
2026-06-07,Medical,VistaClinic Hub,665-446-0167,info@vistaclinichub.co,vistaclinichub.co,45,Austin,US,2026-06-07 05:26:45
2026-06-07,MSP Platform,CedarNodeTech,729.480.3037,contact@cedarnodetech.co,cedarnodetech.co,37,Tampa,US,2026-06-07 04:46:10
2026-06-07,ERP,Juniper FinApp,9495894980,sales@juniperfinapp.io,https://juniperfinapp.io,18,Columbus,US,2026-06-07 02:04:02
2026-06-07,MSP Platform,OmniNetCloud,(474) 365-6864,sales@omninetcloud.com,https://www.omninetcloud.com,601,Denver,US,2026-06-07 05:11:01
2026-06-07,ERP,GraniteOpsSphere,+19852413539 ext. 8,info@graniteopssphere.com,https://graniteopssphere.com,69,Phoenix,US,2026-06-07 03:20:15
2026-06-07,Legal,Halo DocketFlow,+14938668969,info@halodocketflow.net,https://www.halodocketflow.net,314,Denver,US,2026-06-07 04:12:54
2026-06-07,Legal,Pioneer CounselSolutions,663-836-2689,sales@pioneercounselsolutions.com,https://www.pioneercounselsolutions.com,13,Austin,US,2026-06-07 03:19:24
2026-06-07,ERP,MosaicOps Sphere,+17896493607,sales@mosaicopssphere.com,https://mosaicopssphere.com,144,Hyderabad,IN,2026-06-07 04:35:38
2026-06-07,MSP Platform,IndigoTicket Labs,+16456055145,hello@indigoticketlabs.com,https://indigoticketlabs.com,13,Phoenix,US,2026-06-07 04:20:38
2026-06-07,MSP Platform,Vertex Stack BPO Services,2348699314,info@vertexstackbposervices.net,https://www.vertexstackbposervices.net,438,Bengaluru,IN,2026-06-07 06:46:01
2026-06-07,ERP,VertexStockDesk,(872) 435-7376,hello@vertexstockdesk.com,https://www.vertexstockdesk.com,47,Raleigh,US,2026-06-07 05:55:41
2026-06-07,MSP Platform,RidgewayUptime Dynamics,+1 (963) 866-2939,sales@ridgewayuptimedynamics.io,https://ridgewayuptimedynamics.io,61,Phoenix,US,2026-06-07 04:31:23
2026-06-07,ERP,BeaconOps Soft,+15528312146,contact@beaconopssoft.net,https://www.beaconopssoft.net,215,Raleigh,US,2026-06-07 05:32:21
2026-06-07,HR,AnchorBenefitWorks,1-220-319-3902 ext. 2,sales@anchorbenefitworks.com,anchorbenefitworks.com,35,Dublin,IE,2026-06-07 05:24:57
2026-06-07,HR,MosaicPerform Sphere,894-779-0474,info@mosaicperformsphere.net,https://www.mosaicperformsphere.net,21,Austin,US,2026-06-07 03:07:40
2026-06-07,Medical,Keystone PulseApp,787.304.9161,sales@keystonepulseapp.io,https://www.keystonepulseapp.io,8,Tampa,US,2026-06-07 04:56:37
2026-06-07,Legal,XenonCounsel Soft,873-814-6970,info@xenoncounselsoft.io,https://xenoncounselsoft.io,11,Manchester,UK,2026-06-07 01:06:53
2026-06-07,ERP,LumenForge Suite,+14649967359,contact@lumenforgesuite.com,https://www.lumenforgesuite.com,-,Atlanta,US,2026-06-07 06:33:34
2026-06-07,LMS,BeaconQuiz Core,(575) 842-9677,hello@beaconquizcore.co,https://www.beaconquizcore.co,11,Raleigh,US,2026-06-07 04:43:10
2026-06-07,ERP,Bright ResourceTech,713.647.1472,info@brightresourcetech.net,https://www.brightresourcetech.net,null,Atlanta,US,2026-06-07 03:04:45
2026-06-07,ERP,Solid OpsWorks,5572446294,sales@solidopsworks.com,https://www.solidopsworks.com,48,Boston,US,2026-06-07 04:34:16
2026-06-07,HR,Xenon BenefitTech,976-349-6660,contact@xenonbenefittech.net,https://xenonbenefittech.net,11,Phoenix,US,2026-06-07 06:00:54
2026-06-07,MSP Platform,BoldGridFlow,+1 (353) 860-7305,contact@boldgridflow.com,https://boldgridflow.com,6,Columbus,US,2026-06-07 02:42:06
2026-06-07,LMS,Lattice PathSphere,1-666-363-9825,hello@latticepathsphere.com,https://www.latticepathsphere.com,177,Toronto,CA,2026-06-07 04:37:39
2026-06-07,ERP,VistaForgeLabs,320.780.4989,hello@vistaforgelabs.com,vistaforgelabs.com,94,Singapore,SG,2026-06-07 03:17:27
2026-06-07,ERP,Beacon OrderSoft,1-792-919-3426,contact@beaconordersoft.com,https://www.beaconordersoft.com,12,Amsterdam,NL,2026-06-07 06:30:02
2026-06-07,ERP,Silver ForgeCloud,+1 (923) 881-2658,contact@silverforgecloud.com,silverforgecloud.com,26,Atlanta,US,2026-06-07 03:29:36
2026-06-07,Legal,AnchorFiling Point,(661) 651-2861 ext. 75,contact@anchorfilingpoint.io,https://www.anchorfilingpoint.io,35,Manchester,UK,2026-06-07 04:11:47
2026-06-07,ERP,CobaltResource Sync,02462862477,sales@cobaltresourcesync.com,https://cobaltresourcesync.com,18,Chicago,US,2026-06-07 05:33:33
2026-06-07,Medical,NovaHealthHub,(856) 484-7058,contact@novahealthhub.co,novahealthhub.co,714,Austin,US,2026-06-07 02:59:33
2026-06-07,HR,MetaPayroll Labs,+12135686818,hello@metapayrolllabs.com,https://metapayrolllabs.com,417,Sydney,AU,2026-06-07 05:33:18
2026-06-07,ERP,BoldOrder Logic,(318) 645-9154,info@boldorderlogic.com,boldorderlogic.com,46,Pune,IN,2026-06-07 04:33:53
2026-06-07,HR,BluePayrollSync,+1 (326) 810-9784,contact@bluepayrollsync.com,https://bluepayrollsync.com,27,Atlanta,US,2026-06-07 04:57:28
2026-06-07,LMS,OmniTutor Desk,777.567.4666,hello@omnitutordesk.io,https://www.omnitutordesk.io,16,Tampa,US,2026-06-07 06:16:11
2026-06-07,Medical,VertexPatient App,263-589-7752,sales@vertexpatientapp.io,https://www.vertexpatientapp.io,13,Munich,DE,2026-06-07 02:49:12
2026-06-07,ERP,TrueChainSync,915.825.2253,sales@truechainsync.com,https://www.truechainsync.com,29,Austin,US,2026-06-07 06:28:14
2026-06-07,LMS,Onyx MentorTech,+14547840649,N/A,https://onyxmentortech.com,36,Toronto,CA,2026-06-07 04:46:36
2026-06-07,Medical,PrimeCareSuite,2847426995,hello@primecaresuite.com,https://primecaresuite.com,29,Raleigh,US,2026-06-07 04:27:39
2026-06-07,MSP Platform,Orbit RemoteSolutions,+1 (223) 756-1624,info@orbitremotesolutions.com,https://www.orbitremotesolutions.com,167,Boston,US,2026-06-07 03:09:48
2026-06-07,LMS,Silver CourseLogic,06649280127,contact@silvercourselogic.io,https://www.silvercourselogic.io,17,Atlanta,US,2026-06-07 05:49:19
2026-06-07,ERP,GranitePlan Dynamics,754.376.5833,info@graniteplandynamics.com,https://www.graniteplandynamics.com,790,Melbourne,AU,2026-06-07 03:09:11
2026-06-07,Medical,Ridge TriageSphere,2737854817,sales@ridgetriagesphere.com,ridgetriagesphere.com,4678,Sydney,AU,2026-06-07 03:38:25
2026-06-07,ERP,Nimbus ChainWorks,691-474-1594,hello@nimbuschainworks.com,https://nimbuschainworks.com,340,Toronto,CA,2026-06-07 05:47:50
2026-06-07,HR,Bright TalentCore,815.649.2929,contact@brighttalentcore.co,https://brighttalentcore.co,null,Chicago,US,2026-06-07 05:54:17
2026-06-07,Medical,PolarisVitalDesk,(824) 323-1320,info@polarisvitaldesk.com,https://www.polarisvitaldesk.com,229,Hyderabad,IN,2026-06-07 05:53:30
2026-06-07,HR,GraniteShiftPlatform,697-743-8976,info@graniteshiftplatform.com,graniteshiftplatform.com,62,Columbus,US,2026-06-07 04:12:06
2026-06-07,Medical,Beacon ChartLabs,1-374-374-5094,contact@beaconchartlabs.net,https://beaconchartlabs.net,,Columbus,US,2026-06-07 03:59:34
2026-06-07,Legal,PioneerCounsel Soft,+16913312958 ext. 86,sales@pioneercounselsoft.io,pioneercounselsoft.io,,Munich,DE,2026-06-07 04:32:05
2026-06-07,HR,LatticeTalentSuite,673-352-4453,hello@latticetalentsuite.com,https://www.latticetalentsuite.com,27,Columbus,US,2026-06-07 01:31:25
2026-06-07,ERP,AnchorFin Solutions,961.674.1981,sales@anchorfinsolutions.com,https://anchorfinsolutions.com,105,Tampa,US,2026-06-07 05:53:40
2026-06-07,MSP Platform,OnyxRemoteDynamics,02238471163,contact@onyxremotedynamics.com,https://www.onyxremotedynamics.com,967,Hyderabad,IN,2026-06-07 06:11:00
2026-06-07,LMS,RidgewayTutor Suite,472-561-8657,contact@ridgewaytutorsuite.net,https://www.ridgewaytutorsuite.net,36,Seattle,US,2026-06-07 01:42:48
2026-06-07,ERP,MosaicOrderSync,03506306409,info@mosaicordersync.com,https://www.mosaicordersync.com,244,Leeds,UK,2026-06-07 04:50:06
2026-06-07,LMS,NovaTutorPoint,(709) 493-5326 ext. 27,contact@novatutorpoint.co,https://www.novatutorpoint.co,54,Singapore,SG,2026-06-07 01:14:12
2026-06-07,ERP,Willow ForgeSystems,1-553-713-7643,info@willowforgesystems.io,https://willowforgesystems.io,8,Amsterdam,NL,2026-06-07 03:10:20
2026-06-07,ERP,Orbit ChainPlatform,2262282109,sales@orbitchainplatform.com,https://orbitchainplatform.com,34,Raleigh,US,2026-06-07 02:16:22
2026-06-07,LMS,Mosaic CohortPlatform,+19533119961 ext. 96,sales@mosaiccohortplatform.com,https://www.mosaiccohortplatform.com,184,Seattle,US,2026-06-07 02:07:15
2026-06-07,Medical,LumenChart Systems,+18174740783,sales@lumenchartsystems.io,https://www.lumenchartsystems.io,544,Raleigh,US,2026-06-07 04:52:13
2026-06-07,HR,RidgeBenefitBase,452.528.4147,hello@ridgebenefitbase.com,https://www.ridgebenefitbase.com,69,Bengaluru,IN,2026-06-07 05:07:37
2026-06-07,ERP,NimbusPlan’s Soft,1-356-551-5321,sales@nimbusplansoft.com,https://www.nimbusplansoft.com,59,Phoenix,US,2026-06-07 01:15:23
2026-06-07,Medical,IronMedLabs,458.988.8960,hello@ironmedlabs.io,https://www.ironmedlabs.io,154,Chicago,US,2026-06-07 05:54:06
2026-06-07,MSP Platform,Beacon MonitorSphere,(245) 526-2526,info@beaconmonitorsphere.com,beaconmonitorsphere.com,334,Boston,US,2026-06-07 06:39:17
2026-06-07,Medical,Raven VitalLogic,+17005143273,contact@ravenvitallogic.com,https://www.ravenvitallogic.com,494,Vancouver,CA,2026-06-07 04:57:22
2026-06-07,Legal,EmberClause Logic,1-797-974-1281,hello@emberclauselogic.com,https://emberclauselogic.com,90,Raleigh,US,2026-06-07 01:45:21
2026-06-07,Legal,DeltaFilingFlow,6968555885,hello@deltafilingflow.io,https://www.deltafilingflow.io,199,Denver,US,2026-06-07 01:06:17
2026-06-07,MSP Platform,Willow StackSystems,342-464-1584,contact@willowstacksystems.com,https://www.willowstacksystems.com,25,Tampa,US,2026-06-07 05:09:27
2026-06-07,MSP Platform,Crest GridApp,(863) 580-7616,hello@crestgridapp.com,https://www.crestgridapp.com,84,Columbus,US,2026-06-07 01:27:50
2026-06-07,Medical,Nimbus RxLabs,(744) 345-3728 ext. 76,contact@nimbusrxlabs.io,https://nimbusrxlabs.io,553,Phoenix,US,2026-06-07 06:55:28
2026-06-07,Legal,True Brief Manpower Services,415-239-2745,sales@truebriefmanpowerservices.co,https://www.truebriefmanpowerservices.co,73,London,UK,2026-06-07 05:39:42
2026-06-07,HR,QuantumRosterPlatform,1-500-766-6984,hello@quantumrosterplatform.io,https://www.quantumrosterplatform.io,413,Lahore,PK,2026-06-07 05:47:05
2026-06-07,HR,Halo PayrollSuite,328.272.8198,sales@halopayrollsuite.com,halopayrollsuite.com,83,Atlanta,US,2026-06-07 06:18:50
2026-06-07,HR,SolidPerformPlatform,+12674811046,sales@solidperformplatform.com,https://solidperformplatform.com,888,Singapore,SG,2026-06-07 02:04:19
2026-06-07,LMS,LumenTutor Core,+1 (428) 511-0790,info@lumentutorcore.com,https://www.lumentutorcore.com,17,Phoenix,US,2026-06-07 04:42:13
2026-06-07,HR,HaloPayroll Sphere,3634681942,sales@halopayrollsphere.com,https://halopayrollsphere.com,994,London,UK,2026-06-07 04:57:24
2026-06-07,ERP,Orbit ForgeTech,574-759-4748,sales@orbitforgetech.com,https://www.orbitforgetech.com,14,Atlanta,US,2026-06-07 06:39:55
2026-06-07,LMS,VertexTutor Flow,674-874-7183,hello@vertextutorflow.net,https://www.vertextutorflow.net,26,Phoenix,US,2026-06-07 05:15:27
2026-06-07,ERP,Rapid StockHub,(342) 470-5391,,https://www.rapidstockhub.com,18,Atlanta,US,2026-06-07 04:11:19
2026-06-07,HR,Solid PeopleSphere,5252682347,contact@solidpeoplesphere.com,https://solidpeoplesphere.com,475,Toronto,CA,2026-06-07 03:55:28
2026-06-07,LMS,GraniteQuiz Soft,678-499-3542,contact@granitequizsoft.io,https://granitequizsoft.io,64,Melbourne,AU,2026-06-07 06:10:14
2026-06-07,Legal,Sable FilingSystems,814-558-6738,sales@sablefilingsystems.net,https://www.sablefilingsystems.net,79,Pune,IN,2026-06-07 01:02:25
2026-06-07,ERP,Indigo OrderLogic,(514) 991-8929,hello@indigoorderlogic.co,indigoorderlogic.co,N/A,Seattle,US,2026-06-07 05:00:29
2026-06-07,ERP,Iron StockSystems,5956748583,contact@ironstocksystems.io,https://www.ironstocksystems.io,11,Tampa,US,2026-06-07 01:34:22
2026-06-07,Medical,LumenPulseCore,(490) 366-9917,sales@lumenpulsecore.io,https://www.lumenpulsecore.io,17,London,UK,2026-06-07 01:46:26
2026-06-07,Legal,NorthClauseSolutions,(513) 868-2668,hello@northclausesolutions.co,https://www.northclausesolutions.co,18,Phoenix,US,2026-06-07 06:27:54
2026-06-07,ERP,North LedgerCore,+16024294814,sales@northledgercore.co,https://www.northledgercore.co,171,Toronto,CA,2026-06-07 04:17:20
2026-06-07,LMS,SolidLearnPlatform,+16765062724,contact@solidlearnplatform.io,https://www.solidlearnplatform.io,170,Tampa,US,2026-06-07 02:52:16
2026-06-07,HR,Quantum PayrollSoft,04407938050,contact@quantumpayrollsoft.com,https://www.quantumpayrollsoft.com,10,Sydney,AU,2026-06-07 04:26:13
2026-06-07,MSP Platform,BrightNet Dynamics,1-351-756-2464,contact@brightnetdynamics.com,brightnetdynamics.com,null,Atlanta,US,2026-06-07 01:38:35
2026-06-07,Medical,CobaltHealth Systems,843-202-9053,contact@cobalthealthsystems.com,cobalthealthsystems.com,185,Phoenix,US,2026-06-07 03:29:42
2026-06-07,MSP Platform,Iron NetSoft,+19026279042,contact@ironnetsoft.com,https://www.ironnetsoft.com,43,Denver,US,2026-06-07 02:41:19
2026-06-07,ERP,TrueLedger Systems,1-499-387-4028,contact@trueledgersystems.com,https://trueledgersystems.com,158,Austin,US,2026-06-07 03:54:39
2026-06-07,LMS,RapidSkill Dynamics,07439745394 ext. 80,hello@rapidskilldynamics.co,https://www.rapidskilldynamics.co,370,Dublin,IE,2026-06-07 05:58:07
2026-06-07,ERP,VeloLedger Platform,+15248618022,info@veloledgerplatform.com,https://veloledgerplatform.com,256,Phoenix,US,2026-06-07 04:37:06
2026-06-07,MSP Platform,AnchorEndpointFlow,1-244-670-2173,sales@anchorendpointflow.net,https://anchorendpointflow.net,34,Bengaluru,IN,2026-06-07 04:46:21
2026-06-07,Medical,Zen MedSuite,+1 (489) 925-8501,-,https://www.zenmedsuite.com,42,Boston,US,2026-06-07 02:16:48
2026-06-07,MSP Platform,GoldenRemoteDynamics,+12708849544,info@goldenremotedynamics.com,goldenremotedynamics.com,336,Pune,IN,2026-06-07 03:06:31
2026-06-07,ERP,ZenChain Flow,1-769-652-0586 ext. 34,info@zenchainflow.com,https://www.zenchainflow.com,7,Columbus,US,2026-06-07 01:36:08
2026-06-07,ERP,AnchorBatch Dynamics,(222) 625-5642,info@anchorbatchdynamics.com,https://www.anchorbatchdynamics.com,32,Columbus,US,2026-06-07 01:27:56
2026-06-07,HR,SilverOnboard’s Soft,+13116016887,hello@silveronboardsoft.com,https://www.silveronboardsoft.com,3179,Sydney,AU,2026-06-07 04:08:39
2026-06-07,ERP,Sable OrderLabs,(866) 876-3018 ext. 95,info@sableorderlabs.com,https://www.sableorderlabs.com,90,Dublin,IE,2026-06-07 02:16:00
2026-06-07,Medical,VertexTriage Suite,1-670-505-5398,info@vertextriagesuite.com,https://www.vertextriagesuite.com,-,Singapore,SG,2026-06-07 01:45:27
2026-06-07,ERP,Raven LedgerPoint,9763136861,hello@ravenledgerpoint.net,https://www.ravenledgerpoint.net,23,Toronto,CA,2026-06-07 06:08:59
2026-06-07,LMS,VertexQuiz Labs,989-699-7309,info@vertexquizlabs.com,https://www.vertexquizlabs.com,90,Boston,US,2026-06-07 02:40:20
2026-06-07,MSP Platform,Delta RemoteDesk,7447102631,contact@deltaremotedesk.net,https://deltaremotedesk.net,421,Phoenix,US,2026-06-07 05:52:25
2026-06-07,ERP,Alta OpsPlatform,(398) 859-0111,sales@altaopsplatform.com,https://www.altaopsplatform.com,83,Raleigh,US,2026-06-07 02:42:41
2026-06-07,Medical,BoldClinicSystems,429.547.7403,sales@boldclinicsystems.io,https://boldclinicsystems.io,408,Singapore,SG,2026-06-07 02:16:20
2026-06-07,MSP Platform,PioneerTicket Point,261-514-1393,info@pioneerticketpoint.io,https://www.pioneerticketpoint.io,32,Sydney,AU,2026-06-07 01:29:05
2026-06-07,Medical,HaloMed Cloud,476-261-3834,contact@halomedcloud.co,https://www.halomedcloud.co,4367,Phoenix,US,2026-06-07 04:13:43
2026-06-07,ERP,IronBatchSphere,(367) 834-6874,hello@ironbatchsphere.com,https://ironbatchsphere.com,880,Tampa,US,2026-06-07 03:12:08
2026-06-07,Legal,Zephyr VerdictTech,+17763034081,contact@zephyrverdicttech.io,https://www.zephyrverdicttech.io,12,Phoenix,US,2026-06-07 04:09:53
2026-06-07,ERP,FalconStock Dynamics,+13999722948,hello@falconstockdynamics.net,https://www.falconstockdynamics.net,171,Calgary,CA,2026-06-07 06:18:31
2026-06-07,ERP,PolarisPlanSystems,+18945408683,contact@polarisplansystems.co,polarisplansystems.co,4532,Phoenix,US,2026-06-07 01:55:48
2026-06-07,MSP Platform,Beacon Uptime Manpower Services,(422) 449-7581,hello@beaconuptimemanpowerservices.com,https://www.beaconuptimemanpowerservices.com,219,Boston,US,2026-06-07 03:22:51
2026-06-07,Legal,OmniLaw Dynamics,951-751-2191,contact@omnilawdynamics.io,https://www.omnilawdynamics.io,439,N/A,US,2026-06-07 02:28:28
2026-06-07,HR,HarborPayroll Dynamics,5925833676,info@harborpayrolldynamics.io,https://harborpayrolldynamics.io,9,Singapore,SG,2026-06-07 02:28:06
2026-06-07,MSP Platform,ZenUptime Flow,+17513104757,info@zenuptimeflow.com,https://zenuptimeflow.com,564,Denver,US,2026-06-07 05:39:35
2026-06-07,HR,SablePayrollSoft,+1 (462) 346-0106,contact@sablepayrollsoft.com,https://sablepayrollsoft.com,59,Seattle,US,2026-06-07 01:04:22
2026-06-07,HR,Omni TalentDesk,+13856395726,info@omnitalentdesk.com,https://www.omnitalentdesk.com,3163,Chicago,US,2026-06-07 03:30:33
2026-06-07,Legal,Granite LawHub,+16217696891,hello@granitelawhub.io,https://granitelawhub.io,19,Bengaluru,IN,2026-06-07 02:15:56
2026-06-07,Legal,UmbraFilingSuite,257.993.8580,sales@umbrafilingsuite.com,https://www.umbrafilingsuite.com,16,Sydney,AU,2026-06-07 01:35:58
2026-06-07,Legal,Zen VerdictTech,1-806-970-5690 ext. 54,info@zenverdicttech.com,https://www.zenverdicttech.com,7,Denver,US,2026-06-07 05:11:07
2026-06-07,Legal,CoreFiling Dynamics,839.650.7084,hello@corefilingdynamics.com,https://corefilingdynamics.com,88,Raleigh,US,2026-06-07 04:20:41
2026-06-07,MSP Platform,Rapid NodeLabs,975-501-7488 ext. 91,-,https://www.rapidnodelabs.com,23,Seattle,US,2026-06-07 01:16:30
2026-06-07,Medical,RidgePulsePoint,556.832.5943,contact@ridgepulsepoint.com,ridgepulsepoint.com,94,Raleigh,US,2026-06-07 02:33:17
2026-06-07,MSP Platform,Bold GridBase,6399667484,contact@boldgridbase.co,https://www.boldgridbase.co,12,Seattle,US,2026-06-07 06:34:02
2026-06-07,MSP Platform,VeloNodeFlow,430-577-3158,sales@velonodeflow.com,https://velonodeflow.com,448,Amsterdam,NL,2026-06-07 03:54:13
2026-06-07,MSP Platform,Beacon EndpointLogic Solutions LLC,931.439.6861,hello@beaconendpointlogic.com,beaconendpointlogic.com,49,Raleigh,US,2026-06-07 01:27:05
2026-06-07,HR,FusionResource Hub,941-408-2472,hello@fusionresourcehub.com,https://fusionresourcehub.com,9,Melbourne,AU,2026-06-07 05:46:34
2026-06-07,ERP,ApexFinSphere,2494767928,sales@apexfinsphere.com,https://www.apexfinsphere.com,10,Chicago,US,2026-06-07 04:14:32
2026-06-07,ERP,Mosaic OpsApp,+19286426719,contact@mosaicopsapp.com,https://www.mosaicopsapp.com,2610,Columbus,US,2026-06-07 05:32:24
2026-06-07,ERP,Fusion OrderPoint,(664) 378-6821,contact@fusionorderpoint.com,https://fusionorderpoint.com,48,Denver,US,2026-06-07 02:18:45
2026-06-07,MSP Platform,Summit MonitorCloud,537.213.3165,sales@summitmonitorcloud.net,https://www.summitmonitorcloud.net,5,Singapore,SG,2026-06-07 02:09:29
2026-06-07,ERP,RavenChainSync,+1 (683) 203-7657,info@ravenchainsync.com,https://www.ravenchainsync.com,6,Chicago,US,2026-06-07 03:33:39
2026-06-07,Legal,QuartzCompliHub,(279) 882-5007,info@quartzcomplihub.com,https://quartzcomplihub.com,5,Islamabad,PK,2026-06-07 01:17:34
2026-06-07,LMS,Vertex CounselHub,9453278365,sales@vertexcounselhub.com,https://www.vertexcounselhub.com,50,Phoenix,US,2026-06-07 03:49:56
2026-06-07,HR,RapidTeamSolutions,562-520-9256,hello@rapidteamsolutions.co,https://www.rapidteamsolutions.co,null,Boston,US,2026-06-07 02:38:15
2026-06-07,MSP Platform,Halo NetFlow,517-729-2478,info@halonetflow.io,https://www.halonetflow.io,27,London,UK,2026-06-07 02:19:12
2026-06-07,MSP Platform,Falcon Uptime Outsourcing,+15138767628,sales@falconuptimeoutsourcing.com,https://www.falconuptimeoutsourcing.com,33,Calgary,CA,2026-06-07 03:04:00
2026-06-07,MSP Platform,ZenGrid Hub,1-664-414-1141,contact@zengridhub.com,https://www.zengridhub.com,18,Calgary,CA,2026-06-07 02:32:10
2026-06-07,Legal,Onyx DocketBase,+1 (423) 685-9879,info@onyxdocketbase.com,https://onyxdocketbase.com,40,Islamabad,PK,2026-06-07 05:05:55
2026-06-07,MSP Platform,Falcon MonitorDesk,+13427248511,info@falconmonitordesk.com,https://falconmonitordesk.com,57,Singapore,SG,2026-06-07 03:57:42
2026-06-07,Medical,ZephyrMed Sync,3418802262,info@zephyrmedsync.net,zephyrmedsync.net,63,Tampa,US,2026-06-07 02:32:35
2026-06-07,Medical,AtlasVital Soft,621-295-2494,contact@atlasvitalsoft.com,https://www.atlasvitalsoft.com,N/A,Seattle,US,2026-06-07 04:54:52
2026-06-07,MSP Platform,Silver RemotePlatform,1-560-657-7789,contact@silverremoteplatform.com,https://silverremoteplatform.com,74,null,US,2026-06-07 02:06:54
2026-06-07,HR,AnchorTeam Works,(935) 308-9249,info@anchorteamworks.net,https://www.anchorteamworks.net,86,Columbus,US,2026-06-07 04:32:06
2026-06-07,HR,OrbitTalentSync’s,1-944-881-8711,info@orbittalentsync.io,https://www.orbittalentsync.io,99,Melbourne,AU,2026-06-07 05:11:43
2026-06-07,ERP,BrightBatch Labs,+1 (359) 438-1597,contact@brightbatchlabs.com,https://www.brightbatchlabs.com,31,Chicago,US,2026-06-07 03:18:41
2026-06-07,HR,Lumen TalentLogic,+16029276665,info@lumentalentlogic.io,https://www.lumentalentlogic.io,32,Columbus,US,2026-06-07 04:13:24
2026-06-07,Legal,XenonBriefDesk,(397) 911-0747,info@xenonbriefdesk.io,https://www.xenonbriefdesk.io,3839,Melbourne,AU,2026-06-07 06:32:54
2026-06-07,Legal,FusionCounsel Systems,801-419-9130,hello@fusioncounselsystems.io,https://www.fusioncounselsystems.io,9,Chicago,US,2026-06-07 04:14:22
2026-06-07,MSP Platform,Delta StackSolutions,505.846.2950,sales@deltastacksolutions.com,https://www.deltastacksolutions.com,9,Manchester,UK,2026-06-07 03:12:35
2026-06-07,ERP,BrightPlanApp,+16473508977,info@brightplanapp.io,brightplanapp.io,199,Dublin,IE,2026-06-07 03:56:29
2026-06-07,Medical,Ridgeway CarePlatform,(795) 830-2201 ext. 79,sales@ridgewaycareplatform.com,https://ridgewaycareplatform.com,641,Austin,US,2026-06-07 01:00:00
2026-06-07,HR,IronRoster Labs,8444563118,sales@ironrosterlabs.com,https://ironrosterlabs.com,10,Atlanta,US,2026-06-07 04:58:34
2026-06-07,ERP,Umbra OrderPlatform,(288) 423-1500,hello@umbraorderplatform.com,https://www.umbraorderplatform.com,343,Atlanta,US,2026-06-07 04:41:47
2026-06-07,ERP,GraniteBatchSuite,+17995163868,info@granitebatchsuite.io,https://www.granitebatchsuite.io,29,Boston,US,2026-06-07 02:44:57
2026-06-07,ERP,Vertex OpsPlatform,+1 (661) 722-4602,sales@vertexopsplatform.com,https://www.vertexopsplatform.com,6,Munich,DE,2026-06-07 06:37:40
2026-06-07,ERP,TidalPlan Soft,+18167932549,hello@tidalplansoft.com,https://www.tidalplansoft.com,19,Columbus,US,2026-06-07 01:32:10
2026-06-07,Medical,NorthMed Logic,4024222160,info@northmedlogic.io,https://www.northmedlogic.io,308,Atlanta,US,2026-06-07 05:35:16
2026-06-07,MSP Platform,EmberNode Point,6088014074,N/A,https://embernodepoint.io,100,Phoenix,US,2026-06-07 03:15:35
2026-06-07,HR,CobaltCulture Hub,942-997-3432,hello@cobaltculturehub.io,https://www.cobaltculturehub.io,46,Chicago,US,2026-06-07 04:11:25
2026-06-07,HR,NorthPeople Labs,(666) 803-1394,contact@northpeoplelabs.com,https://www.northpeoplelabs.com,372,Singapore,SG,2026-06-07 05:37:41
2026-06-07,HR,Umbra OnboardLogic,(387) 609-8367 ext. 40,info@umbraonboardlogic.com,https://www.umbraonboardlogic.com,80,Chicago,US,2026-06-07 03:50:19
2026-06-07,Legal,NimbusClauseLabs,287.459.6961,info@nimbusclauselabs.com,https://www.nimbusclauselabs.com,185,Toronto,CA,2026-06-07 03:28:38
2026-06-07,Medical,ZephyrPulsePlatform,438-496-6542,sales@zephyrpulseplatform.com,https://www.zephyrpulseplatform.com,176,Denver,US,2026-06-07 01:13:00
2026-06-07,HR,HarborCultureSphere,(714) 396-1407,hello@harborculturesphere.com,https://harborculturesphere.com,15,Vancouver,CA,2026-06-07 04:04:04
2026-06-07,HR,KeystonePerform Suite,2517423970,contact@keystoneperformsuite.com,https://www.keystoneperformsuite.com,576,Calgary,CA,2026-06-07 02:50:15
2026-06-07,Legal,Tidal CounselSync,(908) 366-0118,hello@tidalcounselsync.com,https://www.tidalcounselsync.com,6,Manchester,UK,2026-06-07 01:04:19
2026-06-07,HR,CrownTalent Desk,623.279.2592,info@crowntalentdesk.com,https://www.crowntalentdesk.com,165,Boston,US,2026-06-07 06:55:49
2026-06-07,HR,BrightRoster Logic,+14103420756,sales@brightrosterlogic.com,https://www.brightrosterlogic.com,77,Tampa,US,2026-06-07 06:47:44
2026-06-07,Medical,HaloRx Works,943.618.6839 ext. 10,hello@halorxworks.com,https://www.halorxworks.com,249,Hyderabad,IN,2026-06-07 01:14:41
2026-06-07,HR,Iron RosterCore,(524) 433-4041,N/A,https://www.ironrostercore.co,237,Pune,IN,2026-06-07 01:52:04
2026-06-07,ERP,QuartzLedgerSolutions,+1 (622) 373-8116,info@quartzledgersolutions.com,https://www.quartzledgersolutions.com,273,Sydney,AU,2026-06-07 02:09:35
2026-06-07,HR,UmbraRoster Sync,+1 (630) 423-1698,contact@umbrarostersync.net,umbrarostersync.net,495,Bengaluru,IN,2026-06-07 04:35:18
2026-06-07,Medical,ApexPulseSoft,+15424627548,sales@apexpulsesoft.com,https://www.apexpulsesoft.com,840,Chicago,US,2026-06-07 05:21:29
2026-06-07,Legal,Quantum CaseLogic,1-324-661-7633,info@quantumcaselogic.io,https://www.quantumcaselogic.io,16,Pune,IN,2026-06-07 05:16:41
2026-06-07,ERP,Ember StockSphere,846.261.0725,sales@emberstocksphere.net,https://www.emberstocksphere.net,20,Phoenix,US,2026-06-07 01:25:42
2026-06-07,HR,Cobalt RosterSphere,+1 (788) 691-9391,hello@cobaltrostersphere.com,https://cobaltrostersphere.com,17,Chicago,US,2026-06-07 01:24:21
2026-06-07,LMS,SolidLearn Sync,+18559332822,contact@solidlearnsync.com,https://solidlearnsync.com,15,Austin,US,2026-06-07 05:29:45
2026-06-07,Legal,ZephyrCounsel App,703-810-0017,contact@zephyrcounselapp.com,https://www.zephyrcounselapp.com,427,London,UK,2026-06-07 02:05:21
2026-06-07,Medical,Tidal PulseDesk,(379) 806-2132,sales@tidalpulsedesk.com,https://tidalpulsedesk.com,9,Vancouver,CA,2026-06-07 05:07:34
2026-06-07,ERP,CrownFinApp,206-392-3671,contact@crownfinapp.com,crownfinapp.com,8,Berlin,DE,2026-06-07 01:12:18
2026-06-07,ERP,BrightOrderSuite,8576369958,contact@brightordersuite.com,https://brightordersuite.com,91,Tampa,US,2026-06-07 06:04:35
2026-06-07,HR,Keystone CultureSphere,+16565643785,contact@keystoneculturesphere.com,https://keystoneculturesphere.com,400,Austin,US,2026-06-07 04:47:40
2026-06-07,MSP Platform,Falcon NodeLogic,+15693161039,contact@falconnodelogic.com,falconnodelogic.com,22,Manchester,UK,2026-06-07 05:04:57
2026-06-07,ERP,Halo PlanDynamics,(743) 251-9912,info@haloplandynamics.com,haloplandynamics.com,64,Austin,US,2026-06-07 01:16:44
2026-06-07,HR,Lumen PayrollSync,6167523352,hello@lumenpayrollsync.com,lumenpayrollsync.com,1511,Calgary,CA,2026-06-07 06:53:25
2026-06-07,HR,MetaPeople Platform,7156987089,hello@metapeopleplatform.com,https://www.metapeopleplatform.com,6,Munich,DE,2026-06-07 03:33:18
2026-06-07,LMS,Tidal LessonLogic,723-566-6209,hello@tidallessonlogic.com,https://www.tidallessonlogic.com,521,Raleigh,US,2026-06-07 03:56:15
2026-06-07,HR,VertexTalent Systems,(223) 966-4872,hello@vertextalentsystems.io,https://vertextalentsystems.io,366,Columbus,US,2026-06-07 04:27:49
2026-06-07,ERP,SolidFin Works,411-948-5123,sales@solidfinworks.com,https://www.solidfinworks.com,81,Leeds,UK,2026-06-07 06:24:37
2026-06-07,ERP,QuantumChain Solutions,405.580.0001 ext. 32,contact@quantumchainsolutions.net,https://www.quantumchainsolutions.net,64,Pune,IN,2026-06-07 06:43:34
2026-06-07,Legal,Arch Counsel Manpower Services,6833722310,sales@archcounselmanpowerservices.com,https://www.archcounselmanpowerservices.com,58,Islamabad,PK,2026-06-07 02:51:50
2026-06-07,Legal,Granite CompliSuite,1-398-414-5749 ext. 75,info@granitecomplisuite.com,https://granitecomplisuite.com,393,Boston,US,2026-06-07 02:08:43
2026-06-07,Medical,IndigoPulseBase,385.938.9496,hello@indigopulsebase.com,https://indigopulsebase.com,148,Calgary,CA,2026-06-07 04:55:15
2026-06-07,Medical,FalconRx Solutions,+18059859242,hello@falconrxsolutions.com,falconrxsolutions.com,132,Karachi,PK,2026-06-07 04:40:13
2026-06-07,Medical,Sable Rx BPO Services,1-217-211-0177,hello@sablerxbposervices.io,https://www.sablerxbposervices.io,740,Austin,US,2026-06-07 06:00:30
2026-06-07,Medical,LumenRx Desk,(834) 960-7756,info@lumenrxdesk.io,https://www.lumenrxdesk.io,25,Calgary,CA,2026-06-07 01:06:48
2026-06-07,HR,HaloPerformSolutions,(567) 790-0855,sales@haloperformsolutions.com,https://www.haloperformsolutions.com,20,Dublin,IE,2026-06-07 05:40:11
2026-06-07,Medical,CrestPulseCore,+17538990476,hello@crestpulsecore.io,crestpulsecore.io,7,Phoenix,US,2026-06-07 01:13:25
2026-06-07,ERP,RapidOrder Soft,+18072225681,info@rapidordersoft.io,https://www.rapidordersoft.io,5,Islamabad,PK,2026-06-07 06:17:18
2026-06-07,HR,Raven TalentCore,549.899.1858,contact@raventalentcore.com,https://raventalentcore.com,123,Raleigh,US,2026-06-07 02:12:48
2026-06-07,MSP Platform,Mosaic StackFlow,595-653-2815,contact@mosaicstackflow.com,https://www.mosaicstackflow.com,3572,Phoenix,US,2026-06-07 05:59:48
2026-06-07,Medical,TidalTriageDesk,4095097640,hello@tidaltriagedesk.io,https://www.tidaltriagedesk.io,689,Chicago,US,2026-06-07 03:35:28
2026-06-07,Medical,Mosaic ChartCore,(686) 619-5911,info@mosaicchartcore.com,https://mosaicchartcore.com,96,,US,2026-06-07 02:40:34
2026-06-07,HR,RavenRoster Suite,+14264816707,sales@ravenrostersuite.io,https://www.ravenrostersuite.io,201,Tampa,US,2026-06-07 03:07:35
2026-06-07,Medical,FalconClinicSync,737-406-5659,info@falconclinicsync.com,https://www.falconclinicsync.com,34,Dublin,IE,2026-06-07 06:01:48
2026-06-07,MSP Platform,MetaStack’s Soft,518-480-2417 ext. 22,hello@metastacksoft.com,https://www.metastacksoft.com,96,Seattle,US,2026-06-07 05:32:31
2026-06-07,ERP,Quartz ChainCloud,+16195697114,-,https://quartzchaincloud.io,143,Dublin,IE,2026-06-07 02:13:56
2026-06-07,ERP,Keystone ResourceTech,963.946.8530,contact@keystoneresourcetech.com,https://www.keystoneresourcetech.com,18,Singapore,SG,2026-06-07 04:00:00
2026-06-07,Medical,Umbra HealthCore,982-610-2234,sales@umbrahealthcore.com,https://www.umbrahealthcore.com,18,Berlin,DE,2026-06-07 03:19:17
2026-06-07,Legal,DeltaClause Logic,(784) 680-6995,contact@deltaclauselogic.com,deltaclauselogic.com,84,London,UK,2026-06-07 01:23:37
2026-06-07,ERP,SummitPlan Sphere,538-854-6961,sales@summitplansphere.io,https://summitplansphere.io,5,Phoenix,US,2026-06-07 01:06:39
2026-06-07,ERP,ZephyrResourceHub,(784) 804-5670,hello@zephyrresourcehub.io,https://www.zephyrresourcehub.io,-,Atlanta,US,2026-06-07 02:59:29
2026-06-07,ERP,DeltaForgeApp,(894) 496-3492,sales@deltaforgeapp.com,https://www.deltaforgeapp.com,87,null,AU,2026-06-07 05:51:01
2026-06-07,Legal,PivotLawDynamics,+17024076756,,https://www.pivotlawdynamics.com,11,Munich,DE,2026-06-07 01:14:09
2026-06-07,ERP,LatticeResourceSystems,+18333069569,sales@latticeresourcesystems.co,https://www.latticeresourcesystems.co,199,Seattle,US,2026-06-07 01:36:58
2026-06-07,HR,CédarCulture Point,(892) 243-7829,sales@cedarculturepoint.io,https://www.cedarculturepoint.io,50,Tampa,US,2026-06-07 03:42:54
2026-06-07,Medical,ZephyrPatient Point,6092986403,hello@zephyrpatientpoint.com,https://www.zephyrpatientpoint.com,359,Columbus,US,2026-06-07 05:49:39
2026-06-07,HR,UmbraTeam Hub,619.817.2251,info@umbrateamhub.io,https://www.umbrateamhub.io,43,Seattle,US,2026-06-07 03:18:41
2026-06-07,Medical,OmniClinicCore,+1 (682) 412-1424,sales@omnicliniccore.net,https://omnicliniccore.net,14,Vancouver,CA,2026-06-07 03:21:44
2026-06-07,Legal,OrbitMatter Flow,1-671-898-4541,info@orbitmatterflow.com,https://www.orbitmatterflow.com,218,Dublin,IE,2026-06-07 06:50:34
2026-06-07,HR,Harbor RosterDesk,(765) 736-6980,info@harborrosterdesk.com,https://www.harborrosterdesk.com,284,Phoenix,US,2026-06-07 01:03:37
2026-06-07,ERP,Velo Batch Talent Agency,549-321-0604,hello@velobatchtalentagency.com,https://velobatchtalentagency.com,19,Leeds,UK,2026-06-07 04:58:20
2026-06-07,Medical,OnyxPatientApp,601.292.8114,info@onyxpatientapp.com,https://www.onyxpatientapp.com,17,Munich,DE,2026-06-07 06:06:11
2026-06-07,Medical,SilverHealthLogic,463.886.7888,contact@silverhealthlogic.co,https://silverhealthlogic.co,166,Calgary,CA,2026-06-07 06:37:22
2026-06-07,Medical,Keystone CarePlatform,737.416.2313 ext. 70,info@keystonecareplatform.com,https://keystonecareplatform.com,243,Toronto,CA,2026-06-07 03:05:28
2026-06-07,HR,Vertex TalentLogic,536.996.2601,hello@vertextalentlogic.com,https://www.vertextalentlogic.com,147,Columbus,US,2026-06-07 01:04:58
2026-06-07,Legal,Polaris ClauseLabs,+12255493126,sales@polarisclauselabs.com,polarisclauselabs.com,85,Seattle,US,2026-06-07 05:29:51
2026-06-07,ERP,Cedar OpsSystems,756-454-2377,sales@cedaropssystems.com,cedaropssystems.com,49,Manchester,UK,2026-06-07 01:17:33
2026-06-07,ERP,Raven OpsHub,9224119788,hello@ravenopshub.com,https://ravenopshub.com,139,Columbus,US,2026-06-07 06:38:54
2026-06-07,Medical,UmbraVitalCore,340-476-6410,contact@umbravitalcore.com,https://umbravitalcore.com,73,Denver,US,2026-06-07 03:31:49
2026-06-07,Legal,UmbraCaséLabs,1-234-369-7306,sales@umbracaselabs.com,https://umbracaselabs.com,1506,Dublin,IE,2026-06-07 05:07:01
2026-06-07,HR,EmberPayroll Point,+13805749343,hello@emberpayrollpoint.io,https://www.emberpayrollpoint.io,49,Phoenix,US,2026-06-07 04:08:44
2026-06-07,HR,JuniperPayrollSoft,1-853-434-7134,info@juniperpayrollsoft.com,juniperpayrollsoft.com,726,Columbus,US,2026-06-07 06:55:14
2026-06-07,ERP,SilverChain Desk,6702272805,info@silverchaindesk.com,https://www.silverchaindesk.com,8,Dublin,IE,2026-06-07 03:04:19
2026-06-07,Medical,BlueRxPoint,765.495.6242,contact@bluerxpoint.co,bluerxpoint.co,42,Vancouver,CA,2026-06-07 06:10:12
2026-06-07,Medical,CrownPulse Base,750-273-4127,hello@crownpulsebase.com,https://www.crownpulsebase.com,55,Raleigh,US,2026-06-07 06:11:18
2026-06-07,ERP,QuantumFin App,644.827.1061,contact@quantumfinapp.com,quantumfinapp.com,944,Denver,US,2026-06-07 04:24:37
2026-06-07,HR,Golden PayrollPlatform,+12489642866,info@goldenpayrollplatform.com,https://www.goldenpayrollplatform.com,49,Austin,US,2026-06-07 04:58:41
2026-06-07,ERP,HarborChainCloud,554-245-5717,contact@harborchaincloud.io,https://www.harborchaincloud.io,280,Toronto,CA,2026-06-07 04:44:15
2026-06-07,MSP Platform,QuantumNet Desk,747.733.3491,contact@quantumnetdesk.com,https://www.quantumnetdesk.com,-,Vancouver,CA,2026-06-07 06:50:23
2026-06-07,Legal,GraniteDocket App,1-778-401-7226,sales@granitedocketapp.com,https://granitedocketapp.com,424,Raleigh,US,2026-06-07 04:54:05
2026-06-07,MSP Platform,Solid StackLabs,+19865690841,info@solidstacklabs.com,solidstacklabs.com,976,null,US,2026-06-07 06:01:35
2026-06-07,ERP,AnchorStockSphere,+13639514558,contact@anchorstocksphere.com,https://anchorstocksphere.com,36,Denver,US,2026-06-07 01:31:11
2026-06-07,Medical,DeltaHealth Cloud,311-767-1541,contact@deltahealthcloud.com,deltahealthcloud.com,83,Bengaluru,IN,2026-06-07 04:47:32
2026-06-07,ERP,ApexBatch Sphere,(519) 741-8898,sales@apexbatchsphere.co,https://www.apexbatchsphere.co,631,Phoenix,US,2026-06-07 02:12:35
2026-06-07,HR,EmberShiftSuite,1-683-573-8171,info@embershiftsuite.com,https://embershiftsuite.com,33,Tampa,US,2026-06-07 03:58:01
2026-06-07,Legal,OrbitVerdict Suite,9729450663,N/A,https://orbitverdictsuite.co,235,Chicago,US,2026-06-07 06:33:21
2026-06-07,HR,VistaShiftHub,+1 (504) 898-7069,sales@vistashifthub.com,https://www.vistashifthub.com,99,Berlin,DE,2026-06-07 06:08:19
2026-06-07,MSP Platform,ArchGridSync,07537974158,hello@archgridsync.com,https://archgridsync.com,13,Leeds,UK,2026-06-07 02:18:57
2026-06-07,Legal,Indigo BriefPlatform,+17564294580,hello@indigobriefplatform.com,https://www.indigobriefplatform.com,223,Denver,US,2026-06-07 05:16:53
2026-06-07,Medical,Harbor PatientTech,311.729.4163,N/A,https://harborpatienttech.io,67,Boston,US,2026-06-07 01:18:31
2026-06-07,ERP,PolarisOrder Platform,624-238-3488,hello@polarisorderplatform.com,https://polarisorderplatform.com,9,Austin,US,2026-06-07 02:41:04
2026-06-07,HR,BoldTalent Systems,409-839-9144,contact@boldtalentsystems.co,https://boldtalentsystems.co,30,Berlin,DE,2026-06-07 05:52:19
2026-06-07,ERP,Silver StockApp,(808) 932-3304,hello@silverstockapp.com,https://www.silverstockapp.com,30,Hyderabad,IN,2026-06-07 01:20:17
2026-06-07,HR,OnyxTeam Solutions,722.650.7995,info@onyxteamsolutions.com,https://www.onyxteamsolutions.com,2276,Denver,US,2026-06-07 01:52:29
2026-06-07,ERP,QuantumResourceHub,464.548.6101,contact@quantumresourcehub.com,https://www.quantumresourcehub.com,44,Chicago,US,2026-06-07 01:54:03
2026-06-07,MSP Platform,Nimbus NetPlatform,489-568-5891,sales@nimbusnetplatform.com,https://nimbusnetplatform.com,27,Singapore,SG,2026-06-07 03:46:53
2026-06-07,LMS,Vertex SkillBase,+13562433197,hello@vertexskillbase.io,https://www.vertexskillbase.io,70,Munich,DE,2026-06-07 02:37:28
2026-06-07,MSP Platform,Nimbus NodeApp,7303328240,contact@nimbusnodeapp.com,nimbusnodeapp.com,21,Boston,US,2026-06-07 02:45:44
2026-06-07,ERP,SableChain Soft,+19017977441,hello@sablechainsoft.com,https://www.sablechainsoft.com,824,Tampa,US,2026-06-07 02:16:02
2026-06-07,Medical,FusionRxSphere,+12869654238,hello@fusionrxsphere.net,fusionrxsphere.net,73,Austin,US,2026-06-07 03:15:15
2026-06-07,Medical,Nimbus HealthSphere,424.886.3827,contact@nimbushealthsphere.com,nimbushealthsphere.com,15,Austin,US,2026-06-07 06:35:44
2026-06-07,Legal,CrestCompliFlow,1-314-782-4836,sales@crestcompliflow.co,https://www.crestcompliflow.co,176,Sydney,AU,2026-06-07 03:55:21
2026-06-07,ERP,RidgewayForge Suite,228.207.7978,null,https://www.ridgewayforgesuite.com,20,Austin,US,2026-06-07 02:18:04
2026-06-07,ERP,UmbraResource Solutions,856-805-1201,hello@umbraresourcesolutions.net,https://www.umbraresourcesolutions.net,42,Seattle,US,2026-06-07 06:56:21
2026-06-07,MSP Platform,LumenStackPoint,5049186738,contact@lumenstackpoint.io,https://www.lumenstackpoint.io,239,Boston,US,2026-06-07 01:31:42
2026-06-07,Medical,Juniper PulsePoint,9457257631,contact@juniperpulsepoint.com,https://juniperpulsepoint.com,19,Amsterdam,NL,2026-06-07 02:13:34
2026-06-07,LMS,ZephyrQuiz Hub,06359716827,hello@zephyrquizhub.com,https://zephyrquizhub.com,218,Raleigh,US,2026-06-07 02:19:02
2026-06-07,Legal,Core Compli Consulting Group,1-637-484-0084,sales@corecompliconsultinggroup.com,https://www.corecompliconsultinggroup.com,248,Raleigh,US,2026-06-07 03:27:29
2026-06-07,Legal,NorthCounselSuite,(956) 424-2315,sales@northcounselsuite.net,https://www.northcounselsuite.net,141,Berlin,DE,2026-06-07 01:19:49
2026-06-07,Medical,LumenMed Soft,(870) 972-5751,hello@lumenmedsoft.com,https://lumenmedsoft.com,252,Phoenix,US,2026-06-07 01:29:46
2026-06-07,Medical,Iron PatientSolutions,961.535.5161,sales@ironpatientsolutions.com,https://ironpatientsolutions.com,N/A,,US,2026-06-07 06:41:29
2026-06-07,Legal,Juniper CaseHub,+16598193108,info@junipercasehub.io,https://www.junipercasehub.io,14,Hyderabad,IN,2026-06-07 06:08:53
2026-06-07,LMS,JuniperLearnLogic,5855696021,contact@juniperlearnlogic.co,https://juniperlearnlogic.co,67,Seattle,US,2026-06-07 03:55:21
2026-06-07,Legal,IndigoMatterPlatform,+1 (370) 264-0672,hello@indigomatterplatform.com,https://www.indigomatterplatform.com,356,Denver,US,2026-06-07 06:49:07
2026-06-07,ERP,XenonChain Flow,644.892.5535,hello@xenonchainflow.com,https://xenonchainflow.com,7,Calgary,CA,2026-06-07 03:29:35
2026-06-07,Medical,AnchorVitalPoint,+1 (677) 787-6811,contact@anchorvitalpoint.com,anchorvitalpoint.com,14,Berlin,DE,2026-06-07 01:33:41
2026-06-07,Legal,Lumen BriefBase,314-461-0772,hello@lumenbriefbase.co,https://lumenbriefbase.co,2832,Chicago,US,2026-06-07 02:55:19
2026-06-07,Medical,Silver TriageCloud,1-273-445-3715,sales@silvertriagecloud.io,https://silvertriagecloud.io,415,Tampa,US,2026-06-07 06:15:31
2026-06-07,Legal,Fusion CounselSystems,(593) 499-9478,hello@fusioncounselsystems.com,https://www.fusioncounselsystems.com,35,Denver,US,2026-06-07 04:22:02
2026-06-07,ERP,UmbraPlan Works,+15626832714,contact@umbraplanworks.com,https://www.umbraplanworks.com,1684,N/A,US,2026-06-07 04:55:12
2026-06-07,MSP Platform,GraniteEndpoint Solutions,506-374-4034,contact@graniteendpointsolutions.io,https://www.graniteendpointsolutions.io,10,Boston,US,2026-06-07 05:54:35
2026-06-07,MSP Platform,Blue GridLogic,09282029639,sales@bluegridlogic.com,https://bluegridlogic.com,7,Berlin,DE,2026-06-07 03:12:15
2026-06-07,HR,Willow OnboardHub,930-886-2866,info@willowonboardhub.com,willowonboardhub.com,221,Boston,US,2026-06-07 02:04:45
2026-06-07,MSP Platform,CrownStackPlatform,548-391-2421,sales@crownstackplatform.com,https://www.crownstackplatform.com,7,Chicago,US,2026-06-07 01:42:43
2026-06-07,LMS,VeloPathSolutions,+1 (781) 872-5579,sales@velopathsolutions.io,https://velopathsolutions.io,58,Atlanta,US,2026-06-07 05:55:16
2026-06-07,Medical,BrightPulseBase,307-514-2073,contact@brightpulsebase.io,https://brightpulsebase.io,18,Seattle,US,2026-06-07 04:01:01
2026-06-07,Medical,AtlasVitalCore,4937984348,contact@atlasvitalcore.net,https://www.atlasvitalcore.net,91,Boston,US,2026-06-07 02:54:25
2026-06-07,Legal,BoldFiling Sphere,(545) 844-0703,sales@boldfilingsphere.io,https://www.boldfilingsphere.io,69,Austin,US,2026-06-07 04:30:37
2026-06-07,LMS,PionéerLessonSystems,+14115670431,hello@pioneerlessonsystems.com,https://pioneerlessonsystems.com,26,Denver,US,2026-06-07 04:28:50
2026-06-07,LMS,JuniperLearnPlatform,1-425-982-5939,hello@juniperlearnplatform.io,https://juniperlearnplatform.io,39,Seattle,US,2026-06-07 05:48:52
2026-06-07,Legal,Umbra DocketSuite,+15495154573,contact@umbradocketsuite.com,https://www.umbradocketsuite.com,925,Tampa,US,2026-06-07 01:29:47
2026-06-07,HR,Core PayrollApp,+12178127221,hello@corepayrollapp.com,corepayrollapp.com,166,Atlanta,US,2026-06-07 01:16:56
2026-06-07,Legal,Harbor ClauseBase,655-876-5727,hello@harborclausebase.io,harborclausebase.io,497,Vancouver,CA,2026-06-07 05:50:43
2026-06-07,ERP,JuniperLedgerSphere,+12166696283,sales@juniperledgersphere.com,https://www.juniperledgersphere.com,163,Columbus,US,2026-06-07 01:40:48
2026-06-07,LMS,Ridge LearnTech,287-866-8615,contact@ridgelearntech.com,ridgelearntech.com,13,Sydney,AU,2026-06-07 03:41:39
2026-06-07,MSP Platform,Rapid GridPoint,(912) 689-4407,sales@rapidgridpoint.com,https://rapidgridpoint.com,8,Atlanta,US,2026-06-07 02:54:19
2026-06-07,HR,NovaTalentTech,755.877.7637,contact@novatalenttech.com,https://www.novatalenttech.com,null,Chicago,US,2026-06-07 02:39:26
2026-06-07,Medical,VeloClinic Soft,(655) 395-5176,info@veloclinicsoft.com,https://www.veloclinicsoft.com,94,Boston,US,2026-06-07 06:01:26
2026-06-07,HR,Falcon OnboardLabs,400-577-0625,info@falcononboardlabs.com,falcononboardlabs.com,109,Melbourne,AU,2026-06-07 01:08:21
2026-06-07,Medical,ApexCare Dynamics,1-978-865-3914,sales@apexcaredynamics.com,https://www.apexcaredynamics.com,93,London,UK,2026-06-07 03:17:40
2026-06-07,Legal,Omni LawDesk,+13069356379,contact@omnilawdesk.com,https://omnilawdesk.com,4329,Melbourne,AU,2026-06-07 04:53:49
2026-06-07,Legal,Fusion CompliLabs,+19322662946,contact@fusioncomplilabs.com,fusioncomplilabs.com,29,Columbus,US,2026-06-07 05:34:59
2026-06-07,HR,Crest CultureFlow,481-685-2421,hello@crestcultureflow.com,https://www.crestcultureflow.com,539,Raleigh,US,2026-06-07 04:49:56
2026-06-07,MSP Platform,XenonPatch Logic,6837488733,hello@xenonpatchlogic.com,https://xenonpatchlogic.com,15,Phoenix,US,2026-06-07 06:15:39
2026-06-07,Legal,UmbraDocket Point,(769) 304-3972,hello@umbradocketpoint.io,https://www.umbradocketpoint.io,29,Raleigh,US,2026-06-07 02:50:08
2026-06-07,MSP Platform,Zen GridBase,+16987416430,hello@zengridbase.com,https://www.zengridbase.com,11,Tampa,US,2026-06-07 02:07:08
2026-06-07,ERP,TidalOps Logic,225-707-5106,contact@tidalopslogic.io,https://www.tidalopslogic.io,20,Columbus,US,2026-06-07 06:59:49
2026-06-07,Medical,BeaconHealth Platform,250.735.1377,sales@beaconhealthplatform.com,https://www.beaconhealthplatform.com,974,Boston,US,2026-06-07 06:28:40
2026-06-07,Legal,LatticeCaseSystems,758-631-1686,hello@latticecasesystems.com,https://www.latticecasesystems.com,27,Columbus,US,2026-06-07 01:48:59
2026-06-07,LMS,CedarMentorTech,+18202209450,N/A,https://www.cedarmentortech.co,81,Calgary,CA,2026-06-07 01:27:20
2026-06-07,Legal,OrbitLawSync,(228) 286-2014,hello@orbitlawsync.co,https://orbitlawsync.co,5,Columbus,US,2026-06-07 05:13:49
2026-06-07,HR,Raven TalentFlow,+19708429317,contact@raventalentflow.co,https://raventalentflow.co,150,Boston,US,2026-06-07 01:51:06
2026-06-07,Legal,CedarMatter Desk,+1 (617) 420-0891,sales@cedarmatterdesk.io,https://www.cedarmatterdesk.io,25,Sydney,AU,2026-06-07 06:44:17
2026-06-07,MSP Platform,BoldNet Soft,(671) 213-6577,sales@boldnetsoft.com,https://www.boldnetsoft.com,363,Manchester,UK,2026-06-07 05:10:57
2026-06-07,HR,QuantumPeopleLogic,(716) 648-7552,info@quantumpeoplelogic.net,https://www.quantumpeoplelogic.net,1113,null,US,2026-06-07 04:45:51
2026-06-07,Legal,TidalVerdict Hub,1-267-803-5591,hello@tidalverdicthub.io,https://www.tidalverdicthub.io,287,Phoenix,US,2026-06-07 05:02:14
2026-06-07,Medical,QuartzPatient Labs,390-221-9766,sales@quartzpatientlabs.io,https://www.quartzpatientlabs.io,169,Tampa,US,2026-06-07 03:27:20
2026-06-07,Medical,CedarClinic Logic,(947) 862-0912,info@cedarcliniclogic.com,cedarcliniclogic.com,20,Columbus,US,2026-06-07 02:02:34
2026-06-07,HR,HaloOnboardLogic,461-854-1413,info@haloonboardlogic.com,https://www.haloonboardlogic.com,12,Austin,US,2026-06-07 04:24:24
2026-06-07,ERP,LatticeResourceSoft,4005958620,sales@latticeresourcesoft.com,https://www.latticeresourcesoft.com,41,Denver,US,2026-06-07 04:14:41
2026-06-07,Legal,FalconBriefPlatform,355-251-9034,sales@falconbriefplatform.com,https://www.falconbriefplatform.com,465,Boston,US,2026-06-07 04:23:59
2026-06-07,Medical,RavenClinicSync,255-208-6521,contact@ravenclinicsync.com,https://www.ravenclinicsync.com,15,Tampa,US,2026-06-07 04:09:16
2026-06-07,LMS,Delta QuizSphere,+14142680056,hello@deltaquizsphere.com,deltaquizsphere.com,19,Austin,US,2026-06-07 02:14:26
2026-06-07,Legal,JuniperClauseBase,07819868175,hello@juniperclausebase.com,https://www.juniperclausebase.com,476,Atlanta,US,2026-06-07 05:41:06
2026-06-07,HR,TrueRosterLabs,944-982-0302,info@truerosterlabs.net,https://truerosterlabs.net,430,Chicago,US,2026-06-07 01:55:27
2026-06-07,Medical,BrightMed Labs,466-782-2362,hello@brightmedlabs.com,brightmedlabs.com,38,Melbourne,AU,2026-06-07 03:02:12
2026-06-07,ERP,Tidal PlanSync,380.377.3958,contact@tidalplansync.com,https://www.tidalplansync.com,194,Vancouver,CA,2026-06-07 04:52:18
2026-06-07,Legal,ApexMatterSoft,(415) 693-7293,contact@apexmattersoft.net,https://www.apexmattersoft.net,6,London,UK,2026-06-07 05:48:35
2026-06-07,HR,Willow TeamSolutions,(732) 415-9084,hello@willowteamsolutions.com,https://willowteamsolutions.com,6,Seattle,US,2026-06-07 03:58:40
2026-06-07,HR,OmniTeamHub,308.514.3596,contact@omniteamhub.com,https://omniteamhub.com,22,Amsterdam,NL,2026-06-07 02:36:45
2026-06-07,Legal,Iron VerdictCore,+16878697828,hello@ironverdictcore.com,ironverdictcore.com,458,Boston,US,2026-06-07 06:11:48
2026-06-07,Medical,Keystone Patient Manpower Services,693.251.7038,sales@keystonepatientmanpowerservices.com,https://keystonepatientmanpowerservices.com,54,Leeds,UK,2026-06-07 02:05:46
2026-06-07,ERP,BlueOrderApp,1-375-823-9592,hello@blueorderapp.com,https://blueorderapp.com,45,Karachi,PK,2026-06-07 05:12:56
2026-06-07,LMS,TidalChartSoft,7853284808,hello@tidalchartsoft.com,https://tidalchartsoft.com,79,Chicago,US,2026-06-07 05:07:41
2026-06-07,LMS,QuartzQuiz Sphere,+18552762365,sales@quartzquizsphere.com,https://quartzquizsphere.com,16,Raleigh,US,2026-06-07 06:46:29
2026-06-07,ERP,HarborResourceLogic,+14893593152,contact@harborresourcelogic.io,https://www.harborresourcelogic.io,75,Chicago,US,2026-06-07 01:03:58
2026-06-07,MSP Platform,ArchStackHub,2684951584,info@archstackhub.com,https://www.archstackhub.com,241,Boston,US,2026-06-07 05:33:44
2026-06-07,HR,Juniper PeopleSync,1-818-753-2652,info@juniperpeoplesync.co,juniperpeoplesync.co,77,Tampa,US,2026-06-07 04:11:22
2026-06-07,Medical,MosaicPulseDesk,(658) 584-5753,info@mosaicpulsedesk.com,https://mosaicpulsedesk.com,7,Austin,US,2026-06-07 05:08:04
2026-06-07,MSP Platform,Sable NodePlatform,5718232165,hello@sablenodeplatform.io,sablenodeplatform.io,74,Toronto,CA,2026-06-07 05:02:41
2026-06-07,Medical,Blue PatientSphere,1-765-397-0690,hello@bluepatientsphere.com,bluepatientsphere.com,7,Denver,US,2026-06-07 03:10:52
2026-06-07,Legal,Rapid FilingSoft,+13974894788,hello@rapidfilingsoft.com,https://rapidfilingsoft.com,13,Phoenix,US,2026-06-07 03:28:42
2026-06-07,Legal,OrbitLaw Flow,3885085834,info@orbitlawflow.com,https://www.orbitlawflow.com,119,Seattle,US,2026-06-07 05:54:28
2026-06-07,ERP,DeltaForge Hub,3202598408,contact@deltaforgehub.com,https://www.deltaforgehub.com,488,Phoenix,US,2026-06-07 03:53:44
2026-06-07,Medical,UmbraCare Tech,498-983-5088,contact@umbracaretech.com,https://www.umbracaretech.com,19,Boston,US,2026-06-07 04:36:44
2026-06-07,ERP,HarborLedger App,832.645.4173,info@harborledgerapp.io,https://harborledgerapp.io,2088,Raleigh,US,2026-06-07 01:57:34
2026-06-07,HR,VeloPayroll Sphere,+1 (259) 980-9089,hello@velopayrollsphere.com,https://www.velopayrollsphere.com,11,Seattle,US,2026-06-07 06:01:10
2026-06-07,HR,ArchOnboard Cloud,(485) 796-7216,info@archonboardcloud.com,https://www.archonboardcloud.com,35,Amsterdam,NL,2026-06-07 03:00:21
2026-06-07,ERP,Core LedgerApp,+1 (447) 395-8976 ext. 61,hello@coreledgerapp.com,https://www.coreledgerapp.com,35,Austin,US,2026-06-07 02:41:53
2026-06-07,MSP Platform,AtlasNet Tech,(477) 652-4757,hello@atlasnettech.com,https://www.atlasnettech.com,49,Dublin,IE,2026-06-07 02:07:00
2026-06-07,ERP,NorthBatch Works,457.999.9075 ext. 80,hello@northbatchworks.com,https://www.northbatchworks.com,83,Amsterdam,NL,2026-06-07 01:11:06
2026-06-07,LMS,Raven LearnLabs,1-544-662-2045,hello@ravenlearnlabs.io,https://www.ravenlearnlabs.io,6,Chicago,US,2026-06-07 06:30:27
2026-06-07,HR,RavenPayrollLogic,+17108485225,sales@ravenpayrolllogic.com,https://www.ravenpayrolllogic.com,77,Denver,US,2026-06-07 02:01:08
2026-06-07,HR,OmniRosterLogic,979-779-6865,info@omnirosterlogic.com,https://www.omnirosterlogic.com,51,Columbus,US,2026-06-07 03:41:59
2026-06-07,MSP Platform,VistaBatch Hub,(976) 285-1920,hello@vistabatchhub.io,https://www.vistabatchhub.io,19,Amsterdam,NL,2026-06-07 01:11:49
2026-06-07,MSP Platform,BoldGridDesk,1-287-513-0007,contact@boldgriddesk.com,https://boldgriddesk.com,14,Hyderabad,IN,2026-06-07 04:32:49
2026-06-07,Medical,Tidal RxHub,694-206-1001,contact@tidalrxhub.io,https://www.tidalrxhub.io,4833,Melbourne,AU,2026-06-07 03:39:27
2026-06-07,HR,Summit PayrollDynamics,(422) 611-5547,hello@summitpayrolldynamics.com,https://summitpayrolldynamics.com,979,Dublin,IE,2026-06-07 05:18:44
2026-06-07,ERP,Cedar BatchTech,08872825679,sales@cedarbatchtech.com,https://cedarbatchtech.com,36,Amsterdam,NL,2026-06-07 05:24:10
2026-06-07,HR,CrownPeoplePoint,775.300.7513,info@crownpeoplepoint.com,crownpeoplepoint.com,787,Atlanta,US,2026-06-07 03:54:21
2026-06-07,HR,QuantumCultureHub,863-790-0555,hello@quantumculturehub.co,https://www.quantumculturehub.co,25,Atlanta,US,2026-06-07 06:03:44
2026-06-07,MSP Platform,Nimbus MonitorCore,637-746-5815,hello@nimbusmonitorcore.com,https://www.nimbusmonitorcore.com,38,Phoenix,US,2026-06-07 05:16:57
2026-06-07,HR,LatticePeople Works,(920) 964-2384,info@latticepeopleworks.com,https://www.latticepeopleworks.com,35,London,UK,2026-06-07 03:23:03
2026-06-07,Legal,VertexBriefDesk,432-856-3025,contact@vertexbriefdesk.com,https://vertexbriefdesk.com,21,Austin,US,2026-06-07 03:37:26
2026-06-07,MSP Platform,SilverNet Works,3725883400,contact@silvernetworks.com,silvernetworks.com,15,Melbourne,AU,2026-06-07 06:39:36
2026-06-07,ERP,SummitResourceCore,07787076867,info@summitresourcecore.com,https://summitresourcecore.com,359,Denver,US,2026-06-07 04:13:10
2026-06-07,HR,PolarisShiftHub,3322909954,sales@polarisshifthub.net,https://www.polarisshifthub.net,240,Boston,US,2026-06-07 04:46:22
2026-06-07,MSP Platform,VistaUptime Cloud,1-472-349-1245,info@vistauptimecloud.com,https://www.vistauptimecloud.com,179,Columbus,US,2026-06-07 01:20:51
2026-06-07,Legal,Ridgeway MatterSolutions,973.465.2840,hello@ridgewaymattersolutions.net,https://www.ridgewaymattersolutions.net,34,Dublin,IE,2026-06-07 03:51:19
2026-06-07,MSP Platform,RidgePatch Platform,384-414-6149,hello@ridgepatchplatform.com,https://ridgepatchplatform.com,25,Tampa,US,2026-06-07 06:44:04
2026-06-07,MSP Platform,Delta Uptime Consultants,409.742.7429,hello@deltauptimeconsultants.com,https://www.deltauptimeconsultants.com,167,Tampa,US,2026-06-07 06:40:12
2026-06-07,Legal,CedarFiling Solutions,7819074380,hello@cedarfilingsolutions.com,https://www.cedarfilingsolutions.com,184,Chicago,US,2026-06-07 01:18:17
2026-06-07,HR,OrbitCultureDynamics,+1 (867) 589-8194,sales@orbitculturedynamics.net,https://www.orbitculturedynamics.net,11,Dublin,IE,2026-06-07 01:02:24
2026-06-07,Legal,HaloVerdict Dynamics,+18816148433,contact@haloverdictdynamics.co,https://www.haloverdictdynamics.co,2728,Bengaluru,IN,2026-06-07 02:17:26
2026-06-07,HR,OmniBenefit Point,+16194469803,contact@omnibenefitpoint.com,https://www.omnibenefitpoint.com,12,Columbus,US,2026-06-07 03:22:06
2026-06-07,Medical,OnyxPulseSphere,2594801754,hello@onyxpulsesphere.com,https://www.onyxpulsesphere.com,7,Phoenix,US,2026-06-07 04:16:38
2026-06-07,LMS,IronLearn Labs,(525) 337-1118 ext. 42,hello@ironlearnlabs.com,https://www.ironlearnlabs.com,50,Denver,US,2026-06-07 01:38:13
2026-06-07,HR,ClearTeamSoft,1-274-581-0887,-,https://clearteamsoft.com,12,Dublin,IE,2026-06-07 04:53:46
2026-06-07,Legal,NorthClauseSoft,(703) 338-7180,hello@northclausesoft.io,https://www.northclausesoft.io,34,Atlanta,US,2026-06-07 01:07:31
2026-06-07,ERP,Lumen ForgeHub,+14952144355,info@lumenforgehub.io,lumenforgehub.io,311,Sydney,AU,2026-06-07 02:04:08
2026-06-07,ERP,CedarPlanLabs,848.287.2058,contact@cedarplanlabs.io,cedarplanlabs.io,12,Atlanta,US,2026-06-07 05:28:58
2026-06-07,ERP,Delta ChainSuite,1-626-347-3375,sales@deltachainsuite.com,https://www.deltachainsuite.com,475,Boston,US,2026-06-07 06:26:01
2026-06-07,Medical,XenonHealthBase,1-421-900-9057,hello@xenonhealthbase.com,https://www.xenonhealthbase.com,14,Columbus,US,2026-06-07 06:17:45
2026-06-07,MSP Platform,MosaicGrid Platform,2557973642,sales@mosaicgridplatform.io,https://www.mosaicgridplatform.io,100,Dublin,IE,2026-06-07 06:18:47
2026-06-07,HR,Velo PayrollSync,(282) 475-0791,hello@velopayrollsync.io,https://velopayrollsync.io,40,Phoenix,US,2026-06-07 06:13:36
2026-06-07,Medical,GoldenCareFlow,235.561.0633,contact@goldencareflow.com,https://goldencareflow.com,41,Denver,US,2026-06-07 06:06:05
2026-06-07,MSP Platform,Atlas Node Recruiting,+1 (279) 933-5264,sales@atlasnoderecruiting.io,https://www.atlasnoderecruiting.io,18,Raleigh,US,2026-06-07 01:07:49
2026-06-07,MSP Platform,UmbraEndpointDynamics,524-473-1806,info@umbraendpointdynamics.net,umbraendpointdynamics.net,227,Leeds,UK,2026-06-07 04:05:17
2026-06-07,ERP,FalconForge Sphere,5108250815,sales@falconforgesphere.com,https://falconforgesphere.com,6,Raleigh,US,2026-06-07 05:45:52
2026-06-07,Medical,TruePatient Desk,+1 (578) 634-9759,sales@truepatientdesk.com,https://www.truepatientdesk.com,50,Phoenix,US,2026-06-07 01:15:21
2026-06-07,MSP Platform,North PatchSystems,706.491.9730,sales@northpatchsystems.com,https://northpatchsystems.com,144,Denver,US,2026-06-07 01:03:51
2026-06-07,ERP,OrbitOrder Core,872-415-7752 ext. 73,contact@orbitordercore.com,https://orbitordercore.com,337,Atlanta,US,2026-06-07 05:03:28
2026-06-07,MSP Platform,SableNetLabs,+17628441866,info@sablenetlabs.co,https://sablenetlabs.co,,Chicago,US,2026-06-07 05:43:59
2026-06-07,ERP,EmberOpsSolutions,+12086869377,sales@emberopssolutions.net,https://emberopssolutions.net,18,Denver,US,2026-06-07 05:03:52
2026-06-07,Medical,Ember CareBase,+14692051017,sales@embercarebase.com,https://www.embercarebase.com,70,Dublin,IE,2026-06-07 01:34:35
2026-06-07,HR,Pioneer PerformHub,(361) 272-6001,sales@pioneerperformhub.io,https://pioneerperformhub.io,243,Amsterdam,NL,2026-06-07 03:09:47
2026-06-07,HR,Alta PerformCloud,1-372-772-9728 ext. 29,hello@altaperformcloud.com,https://altaperformcloud.com,387,Seattle,US,2026-06-07 02:58:16
2026-06-07,LMS,OmniMentorPlatform,+16052509035 ext. 42,sales@omnimentorplatform.io,https://www.omnimentorplatform.io,532,Phoenix,US,2026-06-07 05:30:49
2026-06-07,HR,Halo TalentSphere,738-913-8017,contact@halotalentsphere.co,halotalentsphere.co,930,Chicago,US,2026-06-07 04:45:56
2026-06-07,ERP,NovaPlan App,1-738-385-5613,contact@novaplanapp.com,https://www.novaplanapp.com,39,London,UK,2026-06-07 02:44:50
2026-06-07,HR,Raven PerformCloud,(793) 847-5118,info@ravenperformcloud.com,https://www.ravenperformcloud.com,46,,US,2026-06-07 01:13:44
2026-06-07,MSP Platform,ZephyrUptime Systems,320-745-1132,contact@zephyruptimesystems.com,https://www.zephyruptimesystems.com,50,Chicago,US,2026-06-07 03:50:42
2026-06-07,Legal,Cobalt BriefCloud,+15266523021,info@cobaltbriefcloud.com,https://www.cobaltbriefcloud.com,135,Phoenix,US,2026-06-07 01:30:52
2026-06-07,MSP Platform,EmberNodePlatform,564-387-3410,hello@embernodeplatform.io,https://www.embernodeplatform.io,46,Boston,US,2026-06-07 02:30:44
2026-06-07,LMS,BoldSkill Systems,273-545-4203,hello@boldskillsystems.com,https://boldskillsystems.com,13,London,UK,2026-06-07 02:50:48
2026-06-07,Legal,ZenCompli Platform,+1 (551) 448-1244 ext. 51,sales@zencompliplatform.com,https://www.zencompliplatform.com,6,Leeds,UK,2026-06-07 02:47:26
2026-06-07,ERP,Delta OpsApp,6475942555,hello@deltaopsapp.com,https://deltaopsapp.com,10,Pune,IN,2026-06-07 06:58:24
2026-06-07,HR,CobaltOnboard Labs,+12753737944,N/A,https://www.cobaltonboardlabs.com,40,Calgary,CA,2026-06-07 04:24:36
2026-06-07,HR,Tidal PeopleDynamics,07234780417,sales@tidalpeopledynamics.io,https://tidalpeopledynamics.io,555,Melbourne,AU,2026-06-07 02:07:36
2026-06-07,HR,Golden TeamSync,220.251.7924,sales@goldenteamsync.net,https://www.goldenteamsync.net,11,London,UK,2026-06-07 04:58:41
2026-06-07,LMS,NorthCohortBase,(556) 441-9346,contact@northcohortbase.com,https://www.northcohortbase.com,9,Singapore,SG,2026-06-07 05:09:54
2026-06-07,HR,Rapid Perform Staffing,843-345-1757,hello@rapidperformstaffing.com,rapidperformstaffing.com,51,Atlanta,US,2026-06-07 03:17:48
2026-06-07,Legal,Beacon VerdictHub,(294) 358-3248 ext. 45,sales@beaconverdicthub.com,beaconverdicthub.com,72,Tampa,US,2026-06-07 05:03:35
2026-06-07,Medical,Meta TriageSystems,843-725-6635,-,https://www.metatriagesystems.com,91,Chicago,US,2026-06-07 04:24:18
2026-06-07,ERP,Quartz ChainPoint,855-324-3426,sales@quartzchainpoint.io,https://www.quartzchainpoint.io,32,Tampa,US,2026-06-07 04:06:27
2026-06-07,HR,Meta Onboard Consulting Group,1-707-623-0921,sales@metaonboardconsultinggroup.com,https://www.metaonboardconsultinggroup.com,N/A,Leeds,UK,2026-06-07 04:29:06
2026-06-07,HR,GoldenPeoplePoint,+1 (276) 307-4145,contact@goldenpeoplepoint.com,https://www.goldenpeoplepoint.com,37,Denver,US,2026-06-07 04:16:54
2026-06-07,LMS,AtlasCohort Core,208-914-0608 ext. 8,sales@atlascohortcore.com,https://www.atlascohortcore.com,206,Chicago,US,2026-06-07 03:14:32
2026-06-07,HR,CoreTeamApp,9543405059,hello@coreteamapp.co,https://www.coreteamapp.co,56,Raleigh,US,2026-06-07 05:54:47
2026-06-07,HR,Iron TeamDynamics,1-533-449-7148 ext. 16,sales@ironteamdynamics.io,https://www.ironteamdynamics.io,,Austin,US,2026-06-07 03:13:10
2026-06-07,Medical,BoldCare Works,+15945234304,null,boldcareworks.com,363,Tampa,US,2026-06-07 03:09:09
2026-06-07,Medical,GraniteCare Hub,1-862-565-6744,sales@granitecarehub.net,https://www.granitecarehub.net,84,Hyderabad,IN,2026-06-07 04:56:11
2026-06-07,Medical,North VitalDesk,+15949857786 ext. 30,contact@northvitaldesk.com,https://www.northvitaldesk.com,167,Seattle,US,2026-06-07 04:28:27
2026-06-07,Medical,Umbra PulseLogic,534.421.1338,contact@umbrapulselogic.com,https://umbrapulselogic.com,516,Phoenix,US,2026-06-07 03:50:21
2026-06-07,Legal,FalconVerdict Core,(554) 516-2130,sales@falconverdictcore.io,https://www.falconverdictcore.io,89,Chicago,US,2026-06-07 04:56:43
2026-06-07,ERP,CrestResourceLogic,342.280.5542,sales@crestresourcelogic.com,https://www.crestresourcelogic.com,14,Chicago,US,2026-06-07 01:04:29
2026-06-07,ERP,CobaltResource Base,+17968790573,sales@cobaltresourcebase.io,https://cobaltresourcebase.io,4157,Amsterdam,NL,2026-06-07 06:36:27
2026-06-07,ERP,BeaconBatch Flow,(855) 730-6948,sales@beaconbatchflow.com,https://www.beaconbatchflow.com,6,Atlanta,US,2026-06-07 04:24:03
2026-06-07,MSP Platform,BoldStack Base,697.444.4004,contact@boldstackbase.io,https://www.boldstackbase.io,489,Bengaluru,IN,2026-06-07 01:13:50
2026-06-07,HR,Apex PeopleDesk,771-680-0786,N/A,apexpeopledesk.io,21,Leeds,UK,2026-06-07 02:54:59
2026-06-07,HR,IndigoOnboardPoint,+15058558497,contact@indigoonboardpoint.com,indigoonboardpoint.com,92,Leeds,UK,2026-06-07 01:21:38
2026-06-07,Medical,PioneerMedDesk,+14443185794,contact@pioneermeddesk.io,https://pioneermeddesk.io,206,Calgary,CA,2026-06-07 06:31:43
2026-06-07,Legal,PivotLawDesk,(906) 283-2589,info@pivotlawdesk.com,https://www.pivotlawdesk.com,565,Chicago,US,2026-06-07 04:51:26
2026-06-07,Medical,Core RxLabs,(516) 200-0889,contact@corerxlabs.net,https://www.corerxlabs.net,6,Lahore,PK,2026-06-07 01:22:01
2026-06-07,LMS,Raven LessonCore,1-439-734-9311,hello@ravenlessoncore.com,https://ravenlessoncore.com,308,Melbourne,AU,2026-06-07 05:01:30
2026-06-07,ERP,Golden BatchPoint,9037309172,sales@goldenbatchpoint.com,goldenbatchpoint.com,96,Raleigh,US,2026-06-07 03:06:06
2026-06-07,ERP,BrightBatchSync,5513548812,hello@brightbatchsync.net,https://www.brightbatchsync.net,95,Sydney,AU,2026-06-07 02:13:27
2026-06-07,ERP,NimbusLedger Soft,+18132723821,sales@nimbusledgersoft.co,https://nimbusledgersoft.co,17,Berlin,DE,2026-06-07 04:38:24
2026-06-07,ERP,JuniperPlan Solutions,04894530607 ext. 1,hello@juniperplansolutions.com,https://www.juniperplansolutions.com,252,Boston,US,2026-06-07 01:40:40
2026-06-07,Medical,Willow MedBase,1-252-407-8724,sales@willowmedbase.com,willowmedbase.com,15,Singapore,SG,2026-06-07 02:19:04
2026-06-07,ERP,PioneerLedgerWorks,6778182584,hello@pioneerledgerworks.com,https://www.pioneerledgerworks.com,21,Singapore,SG,2026-06-07 03:40:05
2026-06-07,LMS,True PathSoft,+12165486628,contact@truepathsoft.com,https://www.truepathsoft.com,93,Manchester,UK,2026-06-07 03:28:38
2026-06-07,Legal,Crest BriefPlatform,05047807240,contact@crestbriefplatform.com,crestbriefplatform.com,26,Melbourne,AU,2026-06-07 03:39:25
2026-06-07,HR,Delta PerformCloud,5024325391,hello@deltaperformcloud.com,https://deltaperformcloud.com,-,Sydney,AU,2026-06-07 05:38:43
2026-06-07,ERP,Cobalt OrderLabs,809.341.4842,contact@cobaltorderlabs.com,https://cobaltorderlabs.com,217,Chicago,US,2026-06-07 05:26:55
2026-06-07,LMS,FalconLearn App,5113365928,contact@falconlearnapp.io,https://falconlearnapp.io,927,Phoenix,US,2026-06-07 01:33:55
2026-06-07,Medical,NimbusHealth Tech,(567) 442-1426,hello@nimbushealthtech.net,https://www.nimbushealthtech.net,222,Lahore,PK,2026-06-07 05:50:14
2026-06-07,MSP Platform,BeaconEndpoint Labs,716-444-9146,contact@beaconendpointlabs.io,https://www.beaconendpointlabs.io,412,,US,2026-06-07 06:48:01
2026-06-07,HR,AtlasPerform App,+1 (521) 829-8685,sales@atlasperformapp.net,atlasperformapp.net,40,Seattle,US,2026-06-07 04:24:12
2026-06-07,HR,VeloPayroll Dynamics,473-337-8504,hello@velopayrolldynamics.com,https://www.velopayrolldynamics.com,428,Vancouver,CA,2026-06-07 03:31:29
2026-06-07,ERP,UmbraVitalCore,340-476-6410,contact@umbravitalcore.com,https://umbravitalcore.com,73,Denver,US,2026-06-07 01:16:25
2026-06-07,HR,EmberPerformSystems,(716) 703-3144,contact@emberperformsystems.io,emberperformsystems.io,71,Melbourne,AU,2026-06-07 02:10:43
2026-06-07,LMS,Velo PathCore,(236) 415-3934,hello@velopathcore.co,https://www.velopathcore.co,76,Tampa,US,2026-06-07 01:50:02
2026-06-07,Medical,QuartzMedFlow,(548) 389-1552 ext. 19,info@quartzmedflow.com,https://www.quartzmedflow.com,204,Hyderabad,IN,2026-06-07 03:10:51
2026-06-07,HR,AltaShift Solutions,+17272142273,info@altashiftsolutions.com,altashiftsolutions.com,19,Chicago,US,2026-06-07 02:45:02
2026-06-07,Medical,PivotPatientBase,1-565-830-4914,contact@pivotpatientbase.com,pivotpatientbase.com,9,Seattle,US,2026-06-07 06:32:01
2026-06-07,Legal,Apex FilingTech,436.386.4467,hello@apexfilingtech.co,https://apexfilingtech.co,56,Columbus,US,2026-06-07 02:52:56
2026-06-07,LMS,ZenTrainDesk,(326) 406-2889,contact@zentraindesk.net,zentraindesk.net,62,Seattle,US,2026-06-07 02:22:10
2026-06-07,ERP,VistaOrderSoft,(643) 220-5380,hello@vistaordersoft.com,https://vistaordersoft.com,168,Boston,US,2026-06-07 02:50:04
2026-06-07,HR,Vista PeopleBase,(304) 341-5363,contact@vistapeoplebase.co,https://www.vistapeoplebase.co,802,Atlanta,US,2026-06-07 01:35:52
2026-06-07,ERP,FusionPlanTech,630.640.2156,contact@fusionplantech.com,fusionplantech.com,595,Austin,US,2026-06-07 04:00:02
2026-06-07,ERP,Raven Batch Outsourcing,1-232-362-1044,hello@ravenbatchoutsourcing.io,https://ravenbatchoutsourcing.io,18,Chicago,US,2026-06-07 02:59:20
2026-06-07,LMS,ArchTrainTech,695-817-9973,sales@archtraintech.co,https://www.archtraintech.co,119,Toronto,CA,2026-06-07 05:47:11
2026-06-07,ERP,AnchorChainDesk,1-300-779-4405,sales@anchorchaindesk.net,https://www.anchorchaindesk.net,61,Manchester,UK,2026-06-07 04:24:47
2026-06-07,Medical,VistaPatientBase,874-444-1711,,https://www.vistapatientbase.io,909,Austin,US,2026-06-07 05:10:34
2026-06-07,MSP Platform,EmberNetBase,499-897-3297,contact@embernetbase.io,https://www.embernetbase.io,454,Phoenix,US,2026-06-07 06:53:00
2026-06-07,Medical,RidgewayRx Logic,02382681274,info@ridgewayrxlogic.com,https://www.ridgewayrxlogic.com,76,Leeds,UK,2026-06-07 03:03:30
2026-06-07,HR,Juniper PeopleCloud,551-325-5807,contact@juniperpeoplecloud.com,https://www.juniperpeoplecloud.com,391,Phoenix,US,2026-06-07 06:10:04
2026-06-07,ERP,CrestStock Base,1-893-849-3056,contact@creststockbase.com,creststockbase.com,94,Columbus,US,2026-06-07 01:02:42
2026-06-07,HR,Crest BenefitSystems,1-812-371-8899 ext. 97,info@crestbenefitsystems.io,https://www.crestbenefitsystems.io,69,Boston,US,2026-06-07 02:14:07
2026-06-07,LMS,Meta QuizCore,(965) 498-2358,contact@metaquizcore.com,https://www.metaquizcore.com,55,Tampa,US,2026-06-07 05:18:26
2026-06-07,ERP,Juniper Order BPO Services,662.566.0565,contact@juniperorderbposervices.com,juniperorderbposervices.com,105,Dublin,IE,2026-06-07 03:55:51
2026-06-07,HR,NorthPerformFlow,9592242194,contact@northperformflow.net,https://www.northperformflow.net,148,Austin,US,2026-06-07 02:15:03
2026-06-07,Medical,LatticeHealthSolutions,1-988-330-7412,sales@latticehealthsolutions.io,https://www.latticehealthsolutions.io,63,London,UK,2026-06-07 01:43:49
2026-06-07,LMS,PolarisMentorSolutions,(630) 759-5021,sales@polarismentorsolutions.co,https://www.polarismentorsolutions.co,1341,Austin,US,2026-06-07 06:39:52
2026-06-07,HR,RapidPeopleLabs,510-737-4908 ext. 39,contact@rapidpeoplelabs.com,https://www.rapidpeoplelabs.com,37,Denver,US,2026-06-07 02:28:41
2026-06-07,HR,Umbra RosterDynamics,357-977-2278,sales@umbrarosterdynamics.co,https://www.umbrarosterdynamics.co,39,Dublin,IE,2026-06-07 03:41:07
2026-06-07,HR,DeltaRoster Platform,310.752.2802,contact@deltarosterplatform.co,https://deltarosterplatform.co,73,Chicago,US,2026-06-07 02:42:03
2026-06-07,ERP,IndigoLedgerCloud,7783641375,contact@indigoledgercloud.com,https://www.indigoledgercloud.com,500,Boston,US,2026-06-07 06:14:30
2026-06-07,ERP,LumenFinSphere,(476) 696-8209,info@lumenfinsphere.io,https://www.lumenfinsphere.io,20,Leeds,UK,2026-06-07 01:14:27
2026-06-07,Legal,KeystoneDocket App,661-427-0086 ext. 5,contact@keystonedocketapp.net,https://www.keystonedocketapp.net,4651,Seattle,US,2026-06-07 01:47:51
2026-06-07,ERP,VistaFin Soft,691.758.0461,sales@vistafinsoft.net,https://vistafinsoft.net,20,Leeds,UK,2026-06-07 06:18:30
2026-06-07,ERP,SableBatchSolutions,(830) 401-5079,hello@sablebatchsolutions.com,https://www.sablebatchsolutions.com,85,Atlanta,US,2026-06-07 02:55:52
2026-06-07,ERP,QuantumOrder Cloud,(205) 210-7661,hello@quantumordercloud.co,https://quantumordercloud.co,196,Karachi,PK,2026-06-07 03:45:44
2026-06-07,Legal,CrownMatter Labs,(482) 759-7709,contact@crownmatterlabs.co,https://www.crownmatterlabs.co,456,Boston,US,2026-06-07 02:03:43
2026-06-07,Legal,Lattice DocketSoft,+18009643789,contact@latticedocketsoft.com,https://www.latticedocketsoft.com,69,Atlanta,US,2026-06-07 02:50:27
2026-06-07,HR,HarborPayrollPoint,(902) 839-5421,sales@harborpayrollpoint.com,https://www.harborpayrollpoint.com,173,Melbourne,AU,2026-06-07 06:05:24
2026-06-07,Legal,PrimeClause Point,1-841-598-3029,contact@primeclausepoint.com,https://www.primeclausepoint.com,232,Sydney,AU,2026-06-07 06:02:30
2026-06-07,ERP,GoldenForge Logic,(877) 355-9580,hello@goldenforgelogic.com,https://www.goldenforgelogic.com,17,London,UK,2026-06-07 01:46:21
2026-06-07,Legal,Vertex CounselSuite,679-816-6821,info@vertexcounselsuite.net,https://vertexcounselsuite.net,399,Atlanta,US,2026-06-07 05:15:23
2026-06-07,ERP,Iron LedgerPoint,6005045790,hello@ironledgerpoint.com,ironledgerpoint.com,228,Boston,US,2026-06-07 01:23:59
2026-06-07,Medical,AtlasClinicCore,1-441-834-2380,info@atlascliniccore.com,https://atlascliniccore.com,27,Chicago,US,2026-06-07 01:20:26
2026-06-07,ERP,NimbusStock Tech,+12806298489,info@nimbusstocktech.io,https://www.nimbusstocktech.io,319,Columbus,US,2026-06-07 05:50:56
2026-06-07,Medical,LumenVitalSolutions,603.302.8034,contact@lumenvitalsolutions.co,https://lumenvitalsolutions.co,972,Boston,US,2026-06-07 03:21:19
2026-06-07,Legal,Bright DocketLogic,335-320-9358,sales@brightdocketlogic.com,https://www.brightdocketlogic.com,8,Karachi,PK,2026-06-07 03:45:10
2026-06-07,HR,FalconCulture Dynamics,1-251-650-7670,,https://falconculturedynamics.io,300,Atlanta,US,2026-06-07 01:45:56
2026-06-07,LMS,RidgeQuizPlatform,5903382646,contact@ridgequizplatform.com,ridgequizplatform.com,34,London,UK,2026-06-07 05:26:57
2026-06-07,ERP,Quartz ChainFlow,(847) 324-6194,hello@quartzchainflow.com,https://www.quartzchainflow.com,166,Toronto,CA,2026-06-07 06:38:58
2026-06-07,ERP,SummitOrderApp,+17685143323,hello@summitorderapp.com,https://www.summitorderapp.com,20,Chicago,US,2026-06-07 02:56:07
2026-06-07,MSP Platform,Tidal UptimeSoft,212-460-4598,info@tidaluptimesoft.co,https://tidaluptimesoft.co,3261,Phoenix,US,2026-06-07 04:30:48
2026-06-07,ERP,Xenon ChainCore,(974) 575-2006,contact@xenonchaincore.io,https://www.xenonchaincore.io,87,Atlanta,US,2026-06-07 03:43:45
2026-06-07,HR,LumenRoster Sync,611.665.2801,info@lumenrostersync.com,https://lumenrostersync.com,912,Denver,US,2026-06-07 06:35:34
2026-06-07,Medical,TrueCareLabs,+19122241913,info@truecarelabs.io,https://truecarelabs.io,49,Raleigh,US,2026-06-07 02:12:14
2026-06-07,ERP,CedarLedger Solutions,1-853-582-6648,info@cedarledgersolutions.com,https://www.cedarledgersolutions.com,,Karachi,PK,2026-06-07 05:12:21
2026-06-07,Legal,Xenon DocketHub,3253685945,hello@xenondockethub.io,xenondockethub.io,20,Austin,US,2026-06-07 06:57:35
2026-06-07,Legal,PrimeClauseApp,586-563-0298,N/A,https://www.primeclauseapp.co,463,Boston,US,2026-06-07 03:09:23
2026-06-07,ERP,UmbraResourceCloud,(409) 645-2732,sales@umbraresourcecloud.com,umbraresourcecloud.com,731,Berlin,DE,2026-06-07 05:09:34
2026-06-07,LMS,Nimbus MentorSphere,+1 (831) 682-2020,sales@nimbusmentorsphere.io,https://nimbusmentorsphere.io,16,Raleigh,US,2026-06-07 06:28:39
2026-06-07,ERP,NovaOps Cloud,830-322-8861,sales@novaopscloud.com,https://novaopscloud.com,51,Karachi,PK,2026-06-07 03:32:56
2026-06-07,HR,Beacon CultureBase,3445800141,contact@beaconculturebase.com,https://www.beaconculturebase.com,24,Raleigh,US,2026-06-07 05:30:45
2026-06-07,ERP,Arch OpsSphere,(557) 333-6109,sales@archopssphere.com,https://www.archopssphere.com,35,Phoenix,US,2026-06-07 06:04:16
2026-06-07,ERP,Xenon BatchTech,04519855544,hello@xenonbatchtech.com,https://xenonbatchtech.com,29,London,UK,2026-06-07 01:57:52
2026-06-07,Legal,CobaltMatterPlatform,+16869516003,hello@cobaltmatterplatform.com,https://www.cobaltmatterplatform.com,794,Calgary,CA,2026-06-07 05:15:52
2026-06-07,ERP,HarborBatchSuite,249-717-2742,N/A,https://www.harborbatchsuite.net,193,Calgary,CA,2026-06-07 02:27:26
2026-06-07,LMS,IronCohort Logic,267-773-0374,info@ironcohortlogic.com,https://www.ironcohortlogic.com,46,Raleigh,US,2026-06-07 02:51:47
2026-06-07,HR,Lattice PayrollFlow,418.462.0935,null,https://www.latticepayrollflow.com,14,Raleigh,US,2026-06-07 04:14:53
2026-06-07,MSP Platform,ZephyrMonitorSphere,+19655171044 ext. 22,contact@zephyrmonitorsphere.com,https://zephyrmonitorsphere.com,659,Islamabad,PK,2026-06-07 03:25:06
2026-06-07,Legal,EmberCounselSync,(484) 389-8304,info@embercounselsync.io,https://www.embercounselsync.io,17,Tampa,US,2026-06-07 04:14:46
2026-06-07,Medical,Beacon TriageApp,1-355-798-3892,info@beacontriageapp.com,https://beacontriageapp.com,33,Atlanta,US,2026-06-07 06:43:03
2026-06-07,LMS,Meta LearnWorks,1-497-296-3545,hello@metalearnworks.co,https://metalearnworks.co,38,Phoenix,US,2026-06-07 02:16:08
2026-06-07,HR,IronTeam Sphere,6365751451,sales@ironteamsphere.com,https://ironteamsphere.com,10,Denver,US,2026-06-07 02:03:07
2026-06-07,Medical,Zen PatientSphere,1-323-531-2713,sales@zenpatientsphere.co,https://www.zenpatientsphere.co,987,Denver,US,2026-06-07 06:50:08
2026-06-07,LMS,PivotLearnLabs,(894) 616-2861,hello@pivotlearnlabs.com,https://www.pivotlearnlabs.com,73,Singapore,SG,2026-06-07 06:01:03
2026-06-07,ERP,TidalResource Point,(622) 368-7467,-,tidalresourcepoint.com,140,Atlanta,US,2026-06-07 01:22:16
2026-06-07,ERP,CrestStockSoft,791-904-6505,sales@creststocksoft.com,https://www.creststocksoft.com,51,Sydney,AU,2026-06-07 04:16:45
2026-06-07,Medical,RidgewayPatient Point,(311) 206-1413,info@ridgewaypatientpoint.com,https://www.ridgewaypatientpoint.com,89,Austin,US,2026-06-07 06:13:25
2026-06-07,HR,TidalOnboard Point,670.892.1353,sales@tidalonboardpoint.io,https://www.tidalonboardpoint.io,339,Denver,US,2026-06-07 03:01:07
2026-06-07,HR,XenonTalent Solutions,1-591-811-3183,hello@xenontalentsolutions.com,https://xenontalentsolutions.com,6,Boston,US,2026-06-07 06:03:25
2026-06-07,Medical,Willow PulseSphere,866-813-0482,hello@willowpulsesphere.co,https://willowpulsesphere.co,15,London,UK,2026-06-07 02:19:33
2026-06-07,Medical,SilverChartBase,879-418-9303,sales@silverchartbase.io,https://silverchartbase.io,62,Atlanta,US,2026-06-07 06:18:46
2026-06-07,Legal,MosaicVerdictSphere,586.505.9867,N/A,mosaicverdictsphere.io,45,Phoenix,US,2026-06-07 06:39:10
2026-06-07,MSP Platform,Prime PatchWorks,(226) 627-1343,hello@primepatchworks.com,primepatchworks.com,12,Bengaluru,IN,2026-06-07 06:41:51
2026-06-07,MSP Platform,CrownRemote Point,299-897-9765 ext. 24,hello@crownremotepoint.com,https://www.crownremotepoint.com,19,Phoenix,US,2026-06-07 01:22:02
2026-06-07,Medical,Nimbus VitalTech,02593100126,info@nimbusvitaltech.io,nimbusvitaltech.io,7,Columbus,US,2026-06-07 05:28:09
2026-06-07,HR,RidgeTalent Flow,729.508.9696,contact@ridgetalentflow.com,https://www.ridgetalentflow.com,266,Columbus,US,2026-06-07 03:28:18
2026-06-07,Medical,WillowClinicSphere,+1 (408) 296-7106,contact@willowclinicsphere.io,https://www.willowclinicsphere.io,198,Manchester,UK,2026-06-07 05:50:32
2026-06-07,MSP Platform,RidgewayStack Dynamics,938-424-5363,info@ridgewaystackdynamics.com,https://www.ridgewaystackdynamics.com,94,Boston,US,2026-06-07 02:24:48
2026-06-07,MSP Platform,WillowPatchCloud,7879839458,sales@willowpatchcloud.com,https://www.willowpatchcloud.com,29,Singapore,SG,2026-06-07 06:54:15
2026-06-07,HR,Omni Roster Manpower Services,+14109708950,sales@omnirostermanpowerservices.com,https://www.omnirostermanpowerservices.com,260,Berlin,DE,2026-06-07 02:58:14
2026-06-07,ERP,OrbitForge Labs,795.886.9429,contact@orbitforgelabs.com,https://orbitforgelabs.com,333,Dublin,IE,2026-06-07 06:47:06
2026-06-07,Medical,Clear PatientSphere,(378) 683-4163,info@clearpatientsphere.co,https://clearpatientsphere.co,93,Melbourne,AU,2026-06-07 03:46:46
2026-06-07,LMS,Crown Course Consulting Group,930-569-5771,sales@crowncourseconsultinggroup.com,https://crowncourseconsultinggroup.com,156,Melbourne,AU,2026-06-07 02:21:53
2026-06-07,Legal,RavenVerdict Tech,817.603.9312,hello@ravenverdicttech.com,https://www.ravenverdicttech.com,20,Denver,US,2026-06-07 01:31:07
2026-06-07,MSP Platform,JuniperTicketFlow,663-396-0504,hello@juniperticketflow.com,juniperticketflow.com,425,Seattle,US,2026-06-07 06:29:01
2026-06-07,MSP Platform,Silver EndpointWorks,589.654.7411,contact@silverendpointworks.com,https://www.silverendpointworks.com,21,Raleigh,US,2026-06-07 04:35:30
2026-06-07,MSP Platform,NorthFin Sphere,678-364-0957,hello@northfinsphere.com,https://www.northfinsphere.com,597,Austin,US,2026-06-07 06:43:08
2026-06-07,HR,Umbra OnboardSolutions,+1 (745) 878-4778,hello@umbraonboardsolutions.com,https://umbraonboardsolutions.com,7,London,UK,2026-06-07 05:28:45
2026-06-07,HR,Quantum RosterSystems,431-741-4947,sales@quantumrostersystems.com,quantumrostersystems.com,25,Leeds,UK,2026-06-07 06:08:30
2026-06-07,ERP,LumenPlan Flow,(862) 272-8573,contact@lumenplanflow.io,https://www.lumenplanflow.io,,Atlanta,US,2026-06-07 04:25:35
2026-06-07,Legal,AltaMatter Solutions,09518968352,sales@altamattersolutions.net,https://altamattersolutions.net,568,Calgary,CA,2026-06-07 01:23:48
2026-06-07,ERP,BrightFin Base,2788222419,sales@brightfinbase.net,https://brightfinbase.net,446,Austin,US,2026-06-07 04:37:09
2026-06-07,ERP,LumenPlanWorks,1-922-246-1116 ext. 7,sales@lumenplanworks.net,https://www.lumenplanworks.net,13,Austin,US,2026-06-07 03:24:10
2026-06-07,HR,CobaltCulturePlatform,8149671163,contact@cobaltcultureplatform.co,https://www.cobaltcultureplatform.co,9,Columbus,US,2026-06-07 05:19:26
2026-06-07,Medical,ClearVital Logic,(620) 305-1715,contact@clearvitallogic.com,https://clearvitallogic.com,720,Columbus,US,2026-06-07 05:20:23
2026-06-07,ERP,NimbusResource Dynamics,+18964379802 ext. 26,info@nimbusresourcedynamics.io,https://www.nimbusresourcedynamics.io,41,Toronto,CA,2026-06-07 01:29:04
2026-06-07,ERP,Atlas BatchSuite,(979) 386-8469,info@atlasbatchsuite.io,https://www.atlasbatchsuite.io,754,Raleigh,US,2026-06-07 03:59:53
2026-06-07,ERP,HarborOrderWorks,+17146198296,sales@harbororderworks.com,https://harbororderworks.com,18,Toronto,CA,2026-06-07 05:01:51
2026-06-07,LMS,Nova MentorHub,529.666.8095,contact@novamentorhub.com,https://novamentorhub.com,N/A,Sydney,AU,2026-06-07 04:56:58
2026-06-07,LMS,QuartzLessonHub,+19697008624,contact@quartzlessonhub.com,https://www.quartzlessonhub.com,86,Seattle,US,2026-06-07 05:30:46
2026-06-07,HR,OmniOnboardFlow,+1 (887) 281-8267,sales@omnionboardflow.com,https://omnionboardflow.com,72,Seattle,US,2026-06-07 06:00:52
2026-06-07,MSP Platform,CedarTicket Core,(844) 526-9379,info@cedarticketcore.com,https://www.cedarticketcore.com,147,Leeds,UK,2026-06-07 01:13:06
2026-06-07,Legal,Vertex CounselHub,1-945-327-8365,sales@vertexcounselhub.com,https://www.vertexcounselhub.com,50,Phoenix,US,2026-06-07 02:20:54
2026-06-07,Medical,ClearHealthSystems,608-671-0557,,https://clearhealthsystems.com,57,Tampa,US,2026-06-07 03:35:42
2026-06-07,MSP Platform,Rapid EndpointSphere,+1 (776) 255-5620,info@rapidendpointsphere.com,rapidendpointsphere.com,235,Berlin,DE,2026-06-07 04:15:08
2026-06-07,ERP,PrimeResourceHub,389.339.0710,hello@primeresourcehub.net,https://primeresourcehub.net,59,Austin,US,2026-06-07 02:37:00
2026-06-07,Medical,Summit CareApp,5927831713,info@summitcareapp.com,https://www.summitcareapp.com,40,Phoenix,US,2026-06-07 03:37:02
2026-06-07,ERP,AltaForgeDesk,(563) 386-3497,contact@altaforgedesk.com,https://www.altaforgedesk.com,98,Seattle,US,2026-06-07 06:57:51
2026-06-07,Medical,Velo PatientHub,+14067119583,info@velopatienthub.com,https://www.velopatienthub.com,128,Chicago,US,2026-06-07 03:17:21
2026-06-07,MSP Platform,EmberPatchHub,7658318191,hello@emberpatchhub.com,https://www.emberpatchhub.com,13,Phoenix,US,2026-06-07 06:38:54
2026-06-07,MSP Platform,CrestPatchWorks,9203750013,sales@crestpatchworks.io,crestpatchworks.io,145,Tampa,US,2026-06-07 01:28:13
2026-06-07,HR,Arch BenefitLabs,355.831.5743,info@archbenefitlabs.com,https://archbenefitlabs.com,118,Phoenix,US,2026-06-07 05:55:10
2026-06-07,MSP Platform,NovaUptime Flow,1-931-357-3567,hello@novauptimeflow.com,https://www.novauptimeflow.com,17,Tampa,US,2026-06-07 06:14:01
2026-06-07,HR,MetaBenefit Cloud,1-506-879-3852,contact@metabenefitcloud.net,https://metabenefitcloud.net,11,Munich,DE,2026-06-07 01:08:11
2026-06-07,LMS,XenonOrderCloud,8905272070,info@xenonordercloud.com,xenonordercloud.com,7,Leeds,UK,2026-06-07 06:58:52
2026-06-07,Legal,Arch CompliDesk,969-278-4614,hello@archcomplidesk.com,https://archcomplidesk.com,42,Toronto,CA,2026-06-07 04:19:08
2026-06-07,Medical,OmniTriageSystems,6157445340,-,omnitriagesystems.com,37,Atlanta,US,2026-06-07 05:40:05
2026-06-07,HR,NimbusRosterLogic,213.590.7888,info@nimbusrosterlogic.io,nimbusrosterlogic.io,70,Columbus,US,2026-06-07 02:40:27
2026-06-07,ERP,NimbusPlanLabs,853-284-5188,info@nimbusplanlabs.io,https://nimbusplanlabs.io,14,Chicago,US,2026-06-07 03:01:41
2026-06-07,Legal,Raven DocketCore,217.343.1365 ext. 29,contact@ravendocketcore.com,https://www.ravendocketcore.com,177,Denver,US,2026-06-07 03:41:20
2026-06-07,ERP,KeystoneResourceSphere,8706286597,sales@keystoneresourcesphere.com,https://keystoneresourcesphere.com,19,London,UK,2026-06-07 04:47:32
2026-06-07,Medical,Pioneer MedLogic,815.267.3070,info@pioneermedlogic.io,https://www.pioneermedlogic.io,8,Chicago,US,2026-06-07 01:38:30
2026-06-07,Medical,Raven PatientSoft,248-646-8157 ext. 61,info@ravenpatientsoft.com,https://www.ravenpatientsoft.com,14,Tampa,US,2026-06-07 05:14:43
2026-06-07,ERP,SolidOpsPoint,450-504-9786,contact@solidopspoint.co,https://www.solidopspoint.co,11,Phoenix,US,2026-06-07 03:50:00
2026-06-07,Medical,Silver CareSuite,(921) 836-6027,info@silvercaresuite.com,silvercaresuite.com,6,Seattle,US,2026-06-07 02:01:00
2026-06-07,Legal,ZenCompli Sphere,(932) 927-1504,sales@zencomplisphere.com,https://www.zencomplisphere.com,38,Chicago,US,2026-06-07 06:05:06
2026-06-07,HR,KeystoneRosterApp,+13544455879,sales@keystonerosterapp.com,https://www.keystonerosterapp.com,230,null,UK,2026-06-07 02:53:40
2026-06-07,HR,IndigoBenefit Base,905-480-8284,contact@indigobenefitbase.com,https://www.indigobenefitbase.com,298,Phoenix,US,2026-06-07 02:35:28
2026-06-07,LMS,MosaicPathLabs,+19296092556,contact@mosaicpathlabs.net,https://www.mosaicpathlabs.net,169,Austin,US,2026-06-07 04:08:19
2026-06-07,Medical,Pivot ClauseCore,(444) 995-4708,sales@pivotclausecore.com,https://www.pivotclausecore.com,31,Amsterdam,NL,2026-06-07 06:22:34
2026-06-07,ERP,MetaStockLabs,+12949805753,sales@metastocklabs.co,https://metastocklabs.co,899,Columbus,US,2026-06-07 01:13:11
2026-06-07,Medical,LumenChartApp,+14643509666,contact@lumenchartapp.com,lumenchartapp.com,668,Raleigh,US,2026-06-07 05:57:26
2026-06-07,Medical,Nova RxCore,3958851182,sales@novarxcore.io,https://www.novarxcore.io,21,Phoenix,US,2026-06-07 01:29:58
2026-06-07,LMS,Prime CourseSoft,(489) 844-3394,info@primecoursesoft.com,https://www.primecoursesoft.com,N/A,Leeds,UK,2026-06-07 04:31:42
2026-06-07,ERP,CrownStockSystems,1-460-500-8061,hello@crownstocksystems.co,https://www.crownstocksystems.co,28,Seattle,US,2026-06-07 05:34:51
2026-06-07,MSP Platform,Polaris RemoteSolutions,326-797-4049,info@polarisremotesolutions.co,https://polarisremotesolutions.co,19,Columbus,US,2026-06-07 01:46:54
2026-06-07,LMS,Ridgeway SkillDesk,(752) 887-7915,info@ridgewayskilldesk.com,ridgewayskilldesk.com,49,Raleigh,US,2026-06-07 02:58:25
2026-06-07,ERP,BoldLedgerCore,781.734.8851 ext. 54,hello@boldledgercore.com,https://www.boldledgercore.com,49,Singapore,SG,2026-06-07 06:50:53
2026-06-07,MSP Platform,Nova StackBase,984-922-7814,info@novastackbase.com,novastackbase.com,87,Amsterdam,NL,2026-06-07 04:31:01
2026-06-07,MSP Platform,Quantum StackSphere,7262777156,hello@quantumstacksphere.io,https://www.quantumstacksphere.io,850,Tampa,US,2026-06-07 02:06:52
2026-06-07,HR,BeaconTalent Labs,907.845.6598,contact@beacontalentlabs.com,https://www.beacontalentlabs.com,51,Columbus,US,2026-06-07 03:41:10
2026-06-07,HR,Golden RosterDynamics,+1 (659) 735-1175,sales@goldenrosterdynamics.io,goldenrosterdynamics.io,307,Dublin,IE,2026-06-07 02:33:29
2026-06-07,Medical,BoldVitalApp,(865) 746-3219,contact@boldvitalapp.com,https://boldvitalapp.com,19,Denver,US,2026-06-07 06:10:13
2026-06-07,LMS,HarborLessonCore,932-449-4093,contact@harborlessoncore.com,https://www.harborlessoncore.com,35,Denver,US,2026-06-07 02:20:07
2026-06-07,LMS,QuartzMentorApp,356.203.7292,hello@quartzmentorapp.com,https://www.quartzmentorapp.com,96,Atlanta,US,2026-06-07 02:01:03
2026-06-07,Legal,UmbraDocketPoint,(755) 273-8870,sales@umbradocketpoint.io,https://umbradocketpoint.io,43,,US,2026-06-07 01:44:24
2026-06-07,MSP Platform,GoldenNetPlatform,+14184318168,contact@goldennetplatform.net,goldennetplatform.net,179,Vancouver,CA,2026-06-07 03:21:36
2026-06-07,HR,Pivot PayrollTech,398.868.2840,contact@pivotpayrolltech.com,https://www.pivotpayrolltech.com,149,Toronto,CA,2026-06-07 06:32:08
2026-06-07,HR,ZephyrShift Works,+18289501639,info@zephyrshiftworks.io,https://www.zephyrshiftworks.io,146,Chicago,US,2026-06-07 03:06:50
2026-06-07,Medical,LumenMed Base,6596828929,contact@lumenmedbase.net,https://lumenmedbase.net,220,Dublin,IE,2026-06-07 03:12:40
2026-06-07,Medical,QuartzClinicFlow,7758372537,sales@quartzclinicflow.com,https://www.quartzclinicflow.com,10,Sydney,AU,2026-06-07 04:56:37
2026-06-07,ERP,Clear’s ChainPlatform,468-645-1329,info@clearchainplatform.com,https://www.clearchainplatform.com,8,Columbus,US,2026-06-07 05:30:57
2026-06-07,ERP,Zen FinApp,+1 (910) 658-0969,sales@zenfinapp.com,zenfinapp.com,18,Raleigh,US,2026-06-07 06:31:27
2026-06-07,HR,FalconCulture Platform,657-998-7373,hello@falconcultureplatform.com,https://falconcultureplatform.com,126,Seattle,US,2026-06-07 01:42:25
2026-06-07,Medical,OmniMed Logic,756-330-6020,contact@omnimedlogic.com,omnimedlogic.com,4710,Dublin,IE,2026-06-07 02:40:07
2026-06-07,Legal,Arch CounselLogic,(326) 310-8894,sales@archcounsellogic.net,https://archcounsellogic.net,400,Chicago,US,2026-06-07 02:41:01
2026-06-07,ERP,Xenon OpsLogic,+18635461012,contact@xenonopslogic.com,https://www.xenonopslogic.com,358,Boston,US,2026-06-07 01:37:19
2026-06-07,Legal,Golden CasePoint,(590) 587-5445,hello@goldencasepoint.com,https://goldencasepoint.com,46,Boston,US,2026-06-07 06:11:56
2026-06-07,ERP,SummitOps Soft,+13957699696,hello@summitopssoft.com,summitopssoft.com,2139,Raleigh,US,2026-06-07 04:10:46
2026-06-07,Legal,Prime CounselSolutions,382-204-9311,info@primecounselsolutions.com,https://www.primecounselsolutions.com,234,Atlanta,US,2026-06-07 02:52:48
2026-06-07,ERP,MosaicLedgerBase,+13594347667 ext. 21,sales@mosaicledgerbase.com,https://mosaicledgerbase.com,909,Leeds,UK,2026-06-07 04:57:54
2026-06-07,HR,NovaRosterBase,7888155682,contact@novarosterbase.com,https://www.novarosterbase.com,46,Karachi,PK,2026-06-07 04:45:30
2026-06-07,ERP,Prime LedgerSphere,7452847517,contact@primeledgersphere.com,https://www.primeledgersphere.com,859,Phoenix,US,2026-06-07 06:13:35
2026-06-07,ERP,SolidStockFlow,+19719139568,info@solidstockflow.io,https://www.solidstockflow.io,39,Dublin,IE,2026-06-07 03:06:02
2026-06-07,ERP,Summit PlanSoft,+1 (380) 837-1712,hello@summitplansoft.com,https://www.summitplansoft.com,19,Seattle,US,2026-06-07 06:45:16
2026-06-07,ERP,IndigoOpsSync,1-752-412-3878,info@indigoopssync.com,https://indigoopssync.com,5,Seattle,US,2026-06-07 03:45:51
2026-06-07,MSP Platform,Polaris RemoteSuite,(219) 707-7160,info@polarisremotesuite.io,https://www.polarisremotesuite.io,880,Pune,IN,2026-06-07 04:09:43
2026-06-07,Medical,CrownChartSoft,+13945454959,contact@crownchartsoft.co,https://www.crownchartsoft.co,470,Austin,US,2026-06-07 02:33:50
2026-06-07,HR,ApexOnboard Desk,416-234-3489,info@apexonboarddesk.com,https://www.apexonboarddesk.com,87,Seattle,US,2026-06-07 05:18:22
2026-06-07,LMS,DeltaCohort Dynamics,968-410-7338,sales@deltacohortdynamics.com,https://www.deltacohortdynamics.com,,Atlanta,US,2026-06-07 05:25:38
2026-06-07,HR,DeltaCultureWorks,274.383.7805,info@deltacultureworks.com,deltacultureworks.com,N/A,Chicago,US,2026-06-07 02:30:15
2026-06-07,MSP Platform,FalconStackTech,4419665683,N/A,https://www.falconstacktech.com,17,Austin,US,2026-06-07 02:24:25
2026-06-07,HR,IndigoOnboard Labs,+12452422382,sales@indigoonboardlabs.com,https://www.indigoonboardlabs.com,236,Atlanta,US,2026-06-07 05:39:39
2026-06-07,HR,Willow Shift Consultants,8616502714,sales@willowshiftconsultants.net,https://www.willowshiftconsultants.net,15,Vancouver,CA,2026-06-07 05:05:32
2026-06-07,Medical,QuantumChart Solutions,550-215-1564,hello@quantumchartsolutions.com,https://www.quantumchartsolutions.com,17,Seattle,US,2026-06-07 04:00:24
2026-06-07,ERP,CedarFin Works,5649305403 ext. 75,N/A,https://cedarfinworks.com,114,Dublin,IE,2026-06-07 05:39:23
2026-06-07,Legal,MosaicClause Desk,853-544-8344,info@mosaicclausedesk.com,https://mosaicclausedesk.com,311,Calgary,CA,2026-06-07 02:03:49
2026-06-07,MSP Platform,Crest StackCloud,4679866464,sales@creststackcloud.com,https://creststackcloud.com,51,London,UK,2026-06-07 01:53:27
2026-06-07,MSP Platform,SummitGridSolutions,+1 (685) 980-5748,sales@summitgridsolutions.com,https://www.summitgridsolutions.com,22,Hyderabad,IN,2026-06-07 02:53:49
2026-06-07,Medical,VertexHealthDynamics,+1 (986) 648-6197,info@vertexhealthdynamics.com,https://vertexhealthdynamics.com,21,London,UK,2026-06-07 03:09:04
2026-06-07,Medical,MosaicTriageHub,(861) 868-9122,info@mosaictriagehub.co,https://mosaictriagehub.co,21,Dublin,IE,2026-06-07 05:48:48
2026-06-07,Medical,ArchVital Systems,(788) 713-4260,info@archvitalsystems.com,https://www.archvitalsystems.com,N/A,Vancouver,CA,2026-06-07 03:12:36
2026-06-07,Legal,BeaconVerdict Systems,(486) 905-8922,contact@beaconverdictsystems.net,beaconverdictsystems.net,30,Columbus,US,2026-06-07 01:45:37
2026-06-07,HR,Cedar PeopleTech,4672053246,contact@cedarpeopletech.io,cedarpeopletech.io,483,Singapore,SG,2026-06-07 06:37:39
2026-06-07,HR,Cedar’s PayrollHub,1-431-490-2651,contact@cedarpayrollhub.net,https://www.cedarpayrollhub.net,69,Amsterdam,NL,2026-06-07 02:37:25
2026-06-07,ERP,XenonOrder Core,+19219488308,hello@xenonordercore.com,https://xenonordercore.com,253,Chicago,US,2026-06-07 05:44:16
2026-06-07,MSP Platform,RidgeRemote Hub,+16633528173,info@ridgeremotehub.com,https://ridgeremotehub.com,792,Atlanta,US,2026-06-07 06:44:20
2026-06-07,Legal,JuniperBriefBase,514-967-3080,hello@juniperbriefbase.com,https://www.juniperbriefbase.com,20,Denver,US,2026-06-07 05:05:08
2026-06-07,Legal,AnchorDocketApp,897-386-1072,info@anchordocketapp.io,anchordocketapp.io,16,Raleigh,US,2026-06-07 01:57:39
2026-06-07,ERP,Core ForgeSoft,6494221048,sales@coreforgesoft.net,https://www.coreforgesoft.net,87,Leeds,UK,2026-06-07 02:49:45
2026-06-07,LMS,BlueLessonSphere,+12064249362,N/A,https://www.bluelessonsphere.io,454,Columbus,US,2026-06-07 04:19:52
2026-06-07,HR,AtlasCulture Works,(916) 537-0612,contact@atlascultureworks.io,https://www.atlascultureworks.io,572,Austin,US,2026-06-07 01:11:20
2026-06-07,Legal,AnchorMatterWorks,685-227-3530 ext. 10,info@anchormatterworks.io,https://anchormatterworks.io,690,Denver,US,2026-06-07 01:15:28
2026-06-07,MSP Platform,VeloRemote Platform,(951) 779-4902,,https://www.veloremoteplatform.io,46,Calgary,CA,2026-06-07 04:06:55
2026-06-07,Legal,MosaicBrief Platform,1-856-419-9065,hello@mosaicbriefplatform.co,https://www.mosaicbriefplatform.co,43,Phoenix,US,2026-06-07 01:12:47
2026-06-07,MSP Platform,Cedar EndpointApp,626.828.4446 ext. 62,sales@cedarendpointapp.io,https://www.cedarendpointapp.io,594,Amsterdam,NL,2026-06-07 01:02:56
2026-06-07,ERP,IronOps Point,+18797923435,contact@ironopspoint.net,ironopspoint.net,91,Atlanta,US,2026-06-07 03:53:45
2026-06-07,Medical,WillowClinic Solutions,503-417-5619,hello@willowclinicsolutions.io,https://www.willowclinicsolutions.io,36,Boston,US,2026-06-07 06:31:24
2026-06-07,ERP,CrestStockSolutions,+15905888694,contact@creststocksolutions.com,https://www.creststocksolutions.com,550,Raleigh,US,2026-06-07 04:00:46
2026-06-07,HR,AltaTeamSystems,757-991-6859,hello@altateamsystems.net,https://altateamsystems.net,30,N/A,DE,2026-06-07 04:17:05
2026-06-07,ERP,QuartzLedgerSuite,469.610.6541,hello@quartzledgersuite.com,https://www.quartzledgersuite.com,219,Boston,US,2026-06-07 03:49:45
2026-06-07,ERP,Clear StockDesk,699-519-6783,sales@clearstockdesk.com,https://clearstockdesk.com,33,Austin,US,2026-06-07 03:37:20
2026-06-07,ERP,IndigoChain Labs,260-959-4262,sales@indigochainlabs.com,https://indigochainlabs.com,275,Austin,US,2026-06-07 03:17:18
2026-06-07,ERP,SummitBatch Dynamics,(502) 890-8829,contact@summitbatchdynamics.io,https://summitbatchdynamics.io,19,Chicago,US,2026-06-07 05:58:51
2026-06-07,Medical,Silver VitalSystems,+12889099105,contact@silvervitalsystems.com,https://www.silvervitalsystems.com,23,Denver,US,2026-06-07 05:24:08
2026-06-07,Medical,CrownCare Base,1-412-745-4703,info@crowncarebase.co,https://www.crowncarebase.co,9,Columbus,US,2026-06-07 06:24:16
2026-06-07,Medical,Anchor PatientSphere,379.845.7628,sales@anchorpatientsphere.io,https://www.anchorpatientsphere.io,188,Vancouver,CA,2026-06-07 01:43:00
2026-06-07,ERP,NovaForgeWorks,(958) 820-9467,info@novaforgeworks.com,https://novaforgeworks.com,46,Atlanta,US,2026-06-07 04:12:14
2026-06-07,MSP Platform,OnyxPatch App,4905193222,hello@onyxpatchapp.com,https://onyxpatchapp.com,179,Seattle,US,2026-06-07 03:55:54
2026-06-07,MSP Platform,Cedar TicketHub,425-789-0235,info@cedartickethub.co,https://www.cedartickethub.co,27,Vancouver,CA,2026-06-07 03:38:37
2026-06-07,ERP,Crest PlanApp,878.424.6339,info@crestplanapp.com,https://crestplanapp.com,27,Austin,US,2026-06-07 01:49:18
2026-06-07,Legal,CrestVerdict Systems,389-325-5495,info@crestverdictsystems.com,https://www.crestverdictsystems.com,31,Amsterdam,NL,2026-06-07 03:25:45
2026-06-07,ERP,LumenForgePlatform,+18369686844,sales@lumenforgeplatform.com,https://www.lumenforgeplatform.com,383,Pune,IN,2026-06-07 03:44:25
2026-06-07,Legal,BrightCounsel Suite,733.546.4971,hello@brightcounselsuite.io,https://www.brightcounselsuite.io,44,Lahore,PK,2026-06-07 06:21:59
2026-06-07,Legal,Nova MedDesk,(731) 817-1478,hello@novameddesk.co,https://www.novameddesk.co,13,Toronto,CA,2026-06-07 06:12:18
2026-06-07,MSP Platform,Crest StackHub,(762) 773-2778,hello@creststackhub.com,creststackhub.com,327,Seattle,US,2026-06-07 04:51:53
2026-06-07,HR,Summit PerformSync,(869) 671-1752,info@summitperformsync.com,https://www.summitperformsync.com,7,Sydney,AU,2026-06-07 01:35:49
2026-06-07,Medical,QuartzVital Desk,2937241902,contact@quartzvitaldesk.co,https://www.quartzvitaldesk.co,24,Sydney,AU,2026-06-07 06:25:39
2026-06-07,Legal,RapidDocket Flow,5582566772,hello@rapiddocketflow.co,https://www.rapiddocketflow.co,39,Seattle,US,2026-06-07 01:20:13
2026-06-07,LMS,HarborQuizLabs,226.793.1379,info@harborquizlabs.com,https://www.harborquizlabs.com,170,Leeds,UK,2026-06-07 05:28:42
2026-06-07,Legal,RidgeMatterFlow,+1 (269) 758-3686,info@ridgematterflow.com,ridgematterflow.com,3048,Atlanta,US,2026-06-07 01:14:07
2026-06-07,ERP,Cedar FinBase,(428) 696-9697,hello@cedarfinbase.com,cedarfinbase.com,19,Melbourne,AU,2026-06-07 01:25:35
2026-06-07,Medical,NovaCare Base,653.742.5935,hello@novacarebase.io,novacarebase.io,608,Vancouver,CA,2026-06-07 04:09:26
2026-06-07,HR,Fusion BenefitApp,+13569103892,contact@fusionbenefitapp.com,https://fusionbenefitapp.com,21,Atlanta,US,2026-06-07 06:51:53
2026-06-07,Medical,FusionVital Logic,(621) 236-6581,contact@fusionvitallogic.com,https://www.fusionvitallogic.com,88,Seattle,US,2026-06-07 05:35:42
2026-06-07,HR,Nimbus BenefitApp,6859476683,contact@nimbusbenefitapp.com,https://nimbusbenefitapp.com,31,Columbus,US,2026-06-07 01:52:58
2026-06-07,ERP,ZephyrStock Logic,1-838-900-4996,contact@zephyrstocklogic.com,https://zephyrstocklogic.com,20,Columbus,US,2026-06-07 06:09:20
2026-06-07,Medical,Ember ClinicCloud,+18746057186,contact@embercliniccloud.io,https://www.embercliniccloud.io,357,Melbourne,AU,2026-06-07 05:05:44
2026-06-07,HR,IndigoPayrollHub,04682130447,hello@indigopayrollhub.net,https://www.indigopayrollhub.net,,Leeds,UK,2026-06-07 06:37:13
2026-06-07,ERP,SilverOpsLabs,+13657722538,contact@silveropslabs.io,https://www.silveropslabs.io,207,Dublin,IE,2026-06-07 05:34:59
2026-06-07,ERP,PioneerFinHub,391-359-2402,contact@pioneerfinhub.com,https://www.pioneerfinhub.com,18,Vancouver,CA,2026-06-07 04:55:06
2026-06-07,ERP,ApexLedgerHub,246-605-1183,contact@apexledgerhub.co,https://www.apexledgerhub.co,15,Denver,US,2026-06-07 01:15:45
2026-06-07,ERP,Clear BatchSuite,8449671229,hello@clearbatchsuite.com,clearbatchsuite.com,154,Denver,US,2026-06-07 04:31:53
2026-06-07,HR,Xenon ShiftBase,+19187792410 ext. 64,sales@xenonshiftbase.com,https://www.xenonshiftbase.com,133,Columbus,US,2026-06-07 06:24:06
2026-06-07,Medical,FalconCareTech,366.807.4829,info@falconcaretech.io,falconcaretech.io,339,Denver,US,2026-06-07 02:44:28
2026-06-07,Medical,Crown PulseFlow,1-915-733-7212 ext. 57,contact@crownpulseflow.com,crownpulseflow.com,29,Tampa,US,2026-06-07 04:49:28
2026-06-07,ERP,XenonStock App,+14724136266,sales@xenonstockapp.net,https://www.xenonstockapp.net,236,Calgary,CA,2026-06-07 01:18:28
2026-06-07,ERP,Quartz BatchCloud,+14977599693,N/A,https://www.quartzbatchcloud.com,74,Seattle,US,2026-06-07 01:01:04
2026-06-07,Medical,Umbra VitalSync,1-563-770-7918,sales@umbravitalsync.net,https://umbravitalsync.net,161,Dublin,IE,2026-06-07 06:36:12
2026-06-07,HR,Bright CultureWorks,(844) 557-6390,sales@brightcultureworks.com,https://www.brightcultureworks.com,10,Raleigh,US,2026-06-07 05:33:55
2026-06-07,HR,AtlasTeam Desk,649-599-9491,hello@atlasteamdesk.net,https://www.atlasteamdesk.net,10,Boston,US,2026-06-07 02:43:24
2026-06-07,Medical,DeltaCareLabs,271-642-7235,info@deltacarelabs.com,deltacarelabs.com,76,Columbus,US,2026-06-07 05:15:54
2026-06-07,ERP,BlueBatch Labs,1-227-344-2570,hello@bluebatchlabs.io,https://www.bluebatchlabs.io,456,Tampa,US,2026-06-07 04:24:24
2026-06-07,ERP,VeloOpsSystems,6822693300,sales@veloopssystems.com,https://www.veloopssystems.com,56,Tampa,US,2026-06-07 06:29:05
2026-06-07,MSP Platform,Pivot NodeLogic,02043662906,info@pivotnodelogic.com,pivotnodelogic.com,3015,Boston,US,2026-06-07 06:46:35
2026-06-07,MSP Platform,SolidPatchSystems,7514041508,info@solidpatchsystems.com,https://www.solidpatchsystems.com,26,Lahore,PK,2026-06-07 05:28:42
2026-06-07,ERP,Atlas BatchLabs,1-462-851-6324,sales@atlasbatchlabs.com,https://www.atlasbatchlabs.com,456,Bengaluru,IN,2026-06-07 01:21:53
2026-06-07,HR,NovaBenefit Flow,5684797095,contact@novabenefitflow.io,https://www.novabenefitflow.io,41,Denver,US,2026-06-07 02:28:10
2026-06-07,HR,BeaconTalentApp,(428) 328-9275 ext. 21,hello@beacontalentapp.io,https://www.beacontalentapp.io,436,Melbourne,AU,2026-06-07 05:50:01
2026-06-07,ERP,True LedgerTech,6149041533,contact@trueledgertech.co,https://www.trueledgertech.co,834,Chicago,US,2026-06-07 03:50:32
2026-06-07,Legal,CrownMatter Suite,8002989712,info@crownmattersuite.com,https://crownmattersuite.com,21,Columbus,US,2026-06-07 04:42:29
2026-06-07,ERP,Meta ForgeDesk,+13476589603,sales@metaforgedesk.net,https://www.metaforgedesk.net,7,Phoenix,US,2026-06-07 06:47:35
2026-06-07,Medical,Apex CaseLogic,+15417206794,contact@apexcaselogic.com,https://www.apexcaselogic.com,175,Atlanta,US,2026-06-07 03:02:35
2026-06-07,MSP Platform,Meta StackLogic,+1 (571) 843-4973,contact@metastacklogic.com,https://www.metastacklogic.com,26,Tampa,US,2026-06-07 01:31:21
2026-06-07,ERP,Cedar FinDynamics,+19775584652,contact@cedarfindynamics.co,cedarfindynamics.co,20,Bengaluru,IN,2026-06-07 06:52:04
2026-06-07,ERP,SableOrder Base,439.662.1321,info@sableorderbase.com,https://www.sableorderbase.com,-,Denver,US,2026-06-07 01:06:30
2026-06-07,ERP,JuniperLedger Works,05486003782,N/A,https://www.juniperledgerworks.com,24,Boston,US,2026-06-07 04:14:12
2026-06-07,Medical,FusionCare Solutions,(242) 568-8901,sales@fusioncaresolutions.com,https://www.fusioncaresolutions.com,475,Singapore,SG,2026-06-07 06:09:27
2026-06-07,ERP,SolidFinSphere,1-211-361-4762,info@solidfinsphere.com,https://www.solidfinsphere.com,113,Chicago,US,2026-06-07 02:11:16
2026-06-07,ERP,AnchorForge Works,5164788847,info@anchorforgeworks.co,https://www.anchorforgeworks.co,15,Denver,US,2026-06-07 01:03:41
2026-06-07,Legal,OmniFilingApp,+15502349453,contact@omnifilingapp.io,https://www.omnifilingapp.io,7,Dublin,IE,2026-06-07 04:16:57
2026-06-07,MSP Platform,SolidPatchSuite,+16643095385,contact@solidpatchsuite.net,solidpatchsuite.net,88,Denver,US,2026-06-07 06:32:59
2026-06-07,HR,BrightBenefit Sync,+17622116489,hello@brightbenefitsync.io,https://www.brightbenefitsync.io,156,Atlanta,US,2026-06-07 06:04:51
2026-06-07,MSP Platform,True MonitorHub,576-313-3956 ext. 87,sales@truemonitorhub.net,https://www.truemonitorhub.net,240,-,US,2026-06-07 02:19:17
2026-06-07,HR,QuantumTeamApp,+18478594288,hello@quantumteamapp.io,https://www.quantumteamapp.io,53,Denver,US,2026-06-07 05:57:07
2026-06-07,Medical,CobaltMéd Flow,9147775386,info@cobaltmedflow.io,https://cobaltmedflow.io,58,Austin,US,2026-06-07 02:05:10
2026-06-07,Legal,Meta ClauseApp,760-636-9679,hello@metaclauseapp.com,https://www.metaclauseapp.com,88,Phoenix,US,2026-06-07 01:29:50
2026-06-07,ERP,EmberPlanDynamics,+15984411517,contact@emberplandynamics.io,emberplandynamics.io,105,Manchester,UK,2026-06-07 03:55:03
2026-06-07,Legal,PivotBrief Flow,240-657-2472,hello@pivotbriefflow.com,https://www.pivotbriefflow.com,91,Atlanta,US,2026-06-07 02:39:40
2026-06-07,HR,Alta BenefitBase,1-505-982-7263,N/A,https://altabenefitbase.com,217,Austin,US,2026-06-07 02:19:25
2026-06-07,Medical,RavenTriage Base,+17052683217,info@raventriagebase.co,raventriagebase.co,150,Austin,US,2026-06-07 06:29:32
2026-06-07,MSP Platform,KeystoneRemote Tech,9475612332,contact@keystoneremotetech.net,https://www.keystoneremotetech.net,238,Berlin,DE,2026-06-07 01:52:07
2026-06-07,ERP,Anchor ForgeApp,1-888-511-1344,contact@anchorforgeapp.com,https://anchorforgeapp.com,522,Dublin,IE,2026-06-07 02:26:12
2026-06-07,ERP,TrueForge Hub,427-269-3771,contact@trueforgehub.com,https://trueforgehub.com,78,Boston,US,2026-06-07 01:00:22
2026-06-07,ERP,OnyxStockDesk,588-661-6635,sales@onyxstockdesk.com,https://onyxstockdesk.com,484,Amsterdam,NL,2026-06-07 03:54:27
2026-06-07,HR,VeloOnboard Soft,203.855.1551,hello@veloonboardsoft.io,https://www.veloonboardsoft.io,500,Boston,US,2026-06-07 01:33:48
2026-06-07,Legal,Cobalt BriefWorks,(795) 239-3284,contact@cobaltbriefworks.com,cobaltbriefworks.com,94,Seattle,US,2026-06-07 05:16:38
2026-06-07,HR,Raven PayrollPoint,+12973160696,hello@ravenpayrollpoint.com,https://www.ravenpayrollpoint.com,10,Boston,US,2026-06-07 03:49:23
2026-06-07,LMS,ApexSkillSync,3552107933,contact@apexskillsync.net,apexskillsync.net,389,London,UK,2026-06-07 04:35:18
2026-06-07,MSP Platform,Solid Monitor Manpower Services,+1 (730) 277-2554,hello@solidmonitormanpowerservices.io,https://www.solidmonitormanpowerservices.io,30,Seattle,US,2026-06-07 02:06:08
2026-06-07,Medical,PioneerPulseSolutions,6814625995,contact@pioneerpulsesolutions.com,https://www.pioneerpulsesolutions.com,129,Denver,US,2026-06-07 04:30:48
2026-06-07,LMS,RidgewayTutor Platform,7116317824,null,https://www.ridgewaytutorplatform.com,755,N/A,CA,2026-06-07 05:56:46
2026-06-07,ERP,GoldenStockLogic,+17335576386,info@goldenstocklogic.com,https://www.goldenstocklogic.com,9,Chicago,US,2026-06-07 05:07:46
2026-06-07,ERP,SableLedgerSphere,1-533-415-8753,sales@sableledgersphere.com,https://www.sableledgersphere.com,32,Austin,US,2026-06-07 05:36:47
2026-06-07,Medical,GoldenVitalSystems,1-372-313-6258,contact@goldenvitalsystems.com,https://www.goldenvitalsystems.com,39,Atlanta,US,2026-06-07 03:07:10
2026-06-07,HR,Clear RosterFlow,808-211-3979,info@clearrosterflow.io,clearrosterflow.io,504,Bengaluru,IN,2026-06-07 06:05:03
2026-06-07,Legal,OrbitFiling Sphere,1-264-656-8066,info@orbitfilingsphere.io,https://www.orbitfilingsphere.io,32,Karachi,PK,2026-06-07 02:25:20
2026-06-07,HR,TrueShiftPlatform,6948223663,info@trueshiftplatform.net,https://www.trueshiftplatform.net,17,Munich,DE,2026-06-07 02:35:20
2026-06-07,Legal,MetaLawSystems,+1 (981) 404-8255,info@metalawsystems.com,https://metalawsystems.com,231,Sydney,AU,2026-06-07 01:16:51
2026-06-07,Medical,NorthClinicPlatform,+19808498816,sales@northclinicplatform.com,https://northclinicplatform.com,167,Denver,US,2026-06-07 02:18:28
2026-06-07,HR,Atlas PerformSphere,1-420-580-1663,contact@atlasperformsphere.io,atlasperformsphere.io,58,Seattle,US,2026-06-07 01:47:19
2026-06-07,Legal,VeloLaw Tech,339-952-0825,N/A,https://velolawtech.io,16,Seattle,US,2026-06-07 05:58:53
2026-06-07,Legal,Atlas ClauseSuite,+15854332803,sales@atlasclausesuite.com,https://www.atlasclausesuite.com,13,Amsterdam,NL,2026-06-07 04:23:11
2026-06-07,ERP,Vista Batch Consulting Group,+17492299237,sales@vistabatchconsultinggroup.com,https://www.vistabatchconsultinggroup.com,4005,Sydney,AU,2026-06-07 01:36:11
2026-06-07,Medical,GoldenCare Tech,(297) 683-6359,hello@goldencaretech.com,https://www.goldencaretech.com,N/A,Dublin,IE,2026-06-07 05:55:22
2026-06-07,MSP Platform,Cedar NodeSolutions,(569) 333-3198,sales@cedarnodesolutions.com,https://cedarnodesolutions.com,14,Raleigh,US,2026-06-07 03:10:23
2026-06-07,MSP Platform,RidgeMonitorLogic,9218096585,-,https://www.ridgemonitorlogic.com,893,Phoenix,US,2026-06-07 01:50:42
2026-06-07,ERP,Summit Ops Recruiting,+13347679114,info@summitopsrecruiting.com,https://www.summitopsrecruiting.com,363,Lahore,PK,2026-06-07 04:41:34
2026-06-07,ERP,Nova ChainLogic,+13588791312,sales@novachainlogic.com,https://www.novachainlogic.com,185,Boston,US,2026-06-07 06:50:32
2026-06-07,ERP,BrightStock Sphere,7798754539,info@brightstocksphere.com,https://www.brightstocksphere.com,401,Pune,IN,2026-06-07 03:45:19
2026-06-07,MSP Platform,GraniteNodeCloud,3693241060,info@granitenodecloud.com,https://granitenodecloud.com,53,Seattle,US,2026-06-07 06:59:52
2026-06-07,Medical,MosaicPulseSolutions,+18919830190,info@mosaicpulsesolutions.com,https://www.mosaicpulsesolutions.com,14,Seattle,US,2026-06-07 04:03:58
2026-06-07,ERP,ArchPlanSoft,+13586768977,hello@archplansoft.net,https://www.archplansoft.net,31,Raleigh,US,2026-06-07 01:19:22
2026-06-07,Medical,BoldChart Soft,8238177215,hello@boldchartsoft.io,https://www.boldchartsoft.io,19,Leeds,UK,2026-06-07 05:15:23
2026-06-07,ERP,PivotOrder Sync,(706) 399-5468,info@pivotordersync.com,https://www.pivotordersync.com,217,Phoenix,US,2026-06-07 05:59:32
2026-06-07,LMS,Raven PerformCloud,7938475118 ext. 13,null,https://www.ravenperformcloud.com,46,Raleigh,US,2026-06-07 04:00:48
2026-06-07,ERP,PivotOps Sync,571.482.1857 ext. 32,hello@pivotopssync.com,https://www.pivotopssync.com,30,Boston,US,2026-06-07 02:24:08
2026-06-07,ERP,Cedar BatchPoint,+12086631161,hello@cedarbatchpoint.com,https://www.cedarbatchpoint.com,68,Seattle,US,2026-06-07 06:18:45
2026-06-07,Legal,AltaVerdictLabs,1-504-478-2372,sales@altaverdictlabs.com,https://www.altaverdictlabs.com,1170,Columbus,US,2026-06-07 06:22:50
2026-06-07,MSP Platform,Raven GridSphere,+12204865092,hello@ravengridsphere.com,ravengridsphere.com,497,Melbourne,AU,2026-06-07 05:07:42
2026-06-07,LMS,PioneerPathSuite,(240) 736-0679,hello@pioneerpathsuite.com,https://www.pioneerpathsuite.com,20,Seattle,US,2026-06-07 02:23:10
2026-06-07,ERP,CorePlanLogic,5166409805,sales@coreplanlogic.net,https://www.coreplanlogic.net,26,Atlanta,US,2026-06-07 03:17:04
2026-06-07,Medical,Onyx PulseSoft,+16659351959 ext. 40,hello@onyxpulsesoft.com,https://www.onyxpulsesoft.com,16,Vancouver,CA,2026-06-07 04:24:58
2026-06-07,ERP,HarborResourceHub,451-880-6589,contact@harborresourcehub.com,harborresourcehub.com,654,Raleigh,US,2026-06-07 05:36:00
2026-06-07,ERP,PrimeOps Hub,407-288-1093,info@primeopshub.com,https://www.primeopshub.com,88,Dublin,IE,2026-06-07 02:01:21
2026-06-07,Medical,Velo TriageSphere,587-424-0405 ext. 62,sales@velotriagesphere.com,https://velotriagesphere.com,363,Tampa,US,2026-06-07 05:48:28
2026-06-07,MSP Platform,DeltaStackTech,2989097780,hello@deltastacktech.com,https://www.deltastacktech.com,37,Toronto,CA,2026-06-07 01:07:30
2026-06-07,Legal,Solid BriefCloud,+1 (603) 329-6648,hello@solidbriefcloud.com,https://www.solidbriefcloud.com,77,Austin,US,2026-06-07 03:37:19
2026-06-07,HR,ClearTalentSphere,(715) 602-7629,sales@cleartalentsphere.com,https://cleartalentsphere.com,9,Toronto,CA,2026-06-07 03:28:21
2026-06-07,HR,FusionOnboard Point,(608) 448-1022 ext. 16,null,https://www.fusiononboardpoint.com,82,London,UK,2026-06-07 02:42:04
2026-06-07,MSP Platform,Summit TicketWorks,(658) 326-8590,hello@summitticketworks.com,https://www.summitticketworks.com,97,Calgary,CA,2026-06-07 04:59:41
2026-06-07,LMS,Golden LessonLogic,+13014449593,sales@goldenlessonlogic.com,https://www.goldenlessonlogic.com,6,Austin,US,2026-06-07 03:12:45
2026-06-07,HR,BlueShift Core,+1 (663) 988-3248,contact@blueshiftcore.com,https://www.blueshiftcore.com,58,Sydney,AU,2026-06-07 02:27:24
2026-06-07,MSP Platform,QuartzUptimeCore,676-748-0498,info@quartzuptimecore.com,https://www.quartzuptimecore.com,17,Austin,US,2026-06-07 04:02:11
2026-06-07,Medical,TrueCare Cloud,(314) 932-5865,sales@truecarecloud.io,truecarecloud.io,540,Lahore,PK,2026-06-07 05:27:27
2026-06-07,Medical,JuniperHealth Dynamics,+1 (535) 650-8593,sales@juniperhealthdynamics.com,https://www.juniperhealthdynamics.com,214,Calgary,CA,2026-06-07 05:31:56
2026-06-07,ERP,Apex PlanCloud,827.351.2823,contact@apexplancloud.com,https://www.apexplancloud.com,29,Boston,US,2026-06-07 01:13:34
2026-06-07,Medical,GoldenClinicSuite,+1 (918) 344-7008,contact@goldenclinicsuite.co,https://goldenclinicsuite.co,58,Austin,US,2026-06-07 06:41:25
2026-06-07,ERP,LatticeChain Soft,6694455807,hello@latticechainsoft.com,https://www.latticechainsoft.com,41,Denver,US,2026-06-07 06:11:45
2026-06-07,HR,HaloTalentCloud,9866020303 ext. 57,info@halotalentcloud.com,halotalentcloud.com,816,London,UK,2026-06-07 03:21:25
2026-06-07,ERP,SolidOps Core,2888946052 ext. 33,hello@solidopscore.io,https://www.solidopscore.io,111,Amsterdam,NL,2026-06-07 06:37:26
2026-06-07,ERP,Nimbus FinApp,(275) 386-9168,hello@nimbusfinapp.net,https://nimbusfinapp.net,54,Atlanta,US,2026-06-07 02:02:27
2026-06-07,HR,Core PayrollDesk,888-474-7213,sales@corepayrolldesk.io,https://www.corepayrolldesk.io,15,Phoenix,US,2026-06-07 03:24:25
2026-06-07,ERP,Mosaic StockHub,(392) 430-6714,contact@mosaicstockhub.com,https://mosaicstockhub.com,518,Tampa,US,2026-06-07 06:54:22
2026-06-07,Legal,AtlasFiling Core,5847445302 ext. 84,hello@atlasfilingcore.co,https://www.atlasfilingcore.co,34,Chicago,US,2026-06-07 01:29:19
2026-06-07,HR,IronTeam Works,+12494272165,hello@ironteamworks.co,https://www.ironteamworks.co,185,Manchester,UK,2026-06-07 02:10:26
2026-06-07,ERP,Iron OpsPlatform,(893) 689-2902,contact@ironopsplatform.com,https://ironopsplatform.com,237,Phoenix,US,2026-06-07 02:14:10
2026-06-07,HR,TidalPerformCore,7956175431,sales@tidalperformcore.io,https://tidalperformcore.io,52,Islamabad,PK,2026-06-07 02:05:05
2026-06-07,Medical,PivotTriage Labs,917.228.3841,contact@pivottriagelabs.com,pivottriagelabs.com,18,Pune,IN,2026-06-07 03:59:38
2026-06-07,ERP,Orbit Resource Manpower Services,879.368.8648,sales@orbitresourcemanpowerservices.com,https://orbitresourcemanpowerservices.com,176,Hyderabad,IN,2026-06-07 03:44:03
2026-06-07,Medical,IndigoClinic Core,(504) 632-6172,sales@indigocliniccore.com,https://www.indigocliniccore.com,11,Boston,US,2026-06-07 06:51:09
2026-06-07,Medical,NovaPatientWorks,+1 (581) 229-5499,contact@novapatientworks.com,novapatientworks.com,155,London,UK,2026-06-07 02:31:03
2026-06-07,Legal,ArchCase Base,8663911812,hello@archcasebase.com,https://www.archcasebase.com,18,Islamabad,PK,2026-06-07 04:44:47
2026-06-07,Legal,Arch ClauseFlow,+15852850844,info@archclauseflow.co,archclauseflow.co,398,Atlanta,US,2026-06-07 06:44:23
2026-06-07,Medical,RapidTriageApp,3052842291,sales@rapidtriageapp.com,https://rapidtriageapp.com,175,Islamabad,PK,2026-06-07 02:26:10
2026-06-07,HR,PivotTeamSoft,+1 (864) 294-8529,sales@pivotteamsoft.com,https://www.pivotteamsoft.com,257,Melbourne,AU,2026-06-07 03:37:37
2026-06-07,MSP Platform,Zephyr PatchSync,+1 (487) 604-3262,info@zephyrpatchsync.co,https://www.zephyrpatchsync.co,45,Columbus,US,2026-06-07 04:47:55
2026-06-07,ERP,Willow PlanLogic,7404963344,sales@willowplanlogic.com,https://willowplanlogic.com,37,Atlanta,US,2026-06-07 06:04:42
2026-06-07,Medical,SolidPulse Sync,+16466503910 ext. 71,info@solidpulsesync.com,solidpulsesync.com,13,Vancouver,CA,2026-06-07 04:09:52
2026-06-07,MSP Platform,Pioneer GridSystems,329.964.4583,contact@pioneergridsystems.com,https://www.pioneergridsystems.com,57,Austin,US,2026-06-07 04:26:29
2026-06-07,Legal,PrimeFilingSphere,463-868-7984 ext. 95,info@primefilingsphere.io,https://www.primefilingsphere.io,163,Atlanta,US,2026-06-07 05:46:30
2026-06-07,ERP,BlueOpsDesk,202-729-8090,info@blueopsdesk.com,blueopsdesk.com,18,London,UK,2026-06-07 05:13:53
2026-06-07,ERP,BeaconLedgerApp,9493677121,contact@beaconledgerapp.io,https://www.beaconledgerapp.io,41,Boston,US,2026-06-07 06:46:07
2026-06-07,Legal,Atlas VerdictFlow,726-783-8692,info@atlasverdictflow.com,atlasverdictflow.com,12,Tampa,US,2026-06-07 03:07:25
2026-06-07,Medical,CrestHealthPoint,809-586-8811 ext. 93,hello@cresthealthpoint.com,cresthealthpoint.com,13,Atlanta,US,2026-06-07 06:32:46
2026-06-07,Medical,Keystone’s VitalLogic,+19239079488,contact@keystonevitallogic.com,https://keystonevitallogic.com,43,Boston,US,2026-06-07 06:57:11
2026-06-07,MSP Platform,NimbusEndpoint Base,4007995466,-,https://www.nimbusendpointbase.com,N/A,-,US,2026-06-07 03:07:03
2026-06-07,Medical,CedarTriagePoint,+19746805978,contact@cedartriagepoint.co,https://cedartriagepoint.co,1660,Denver,US,2026-06-07 06:14:20
2026-06-07,HR,RapidPayrollSphere,(408) 923-5909,sales@rapidpayrollsphere.com,https://rapidpayrollsphere.com,235,London,UK,2026-06-07 06:56:12
2026-06-07,MSP Platform,MosaicUptime Tech,891-561-7861,hello@mosaicuptimetech.com,https://www.mosaicuptimetech.com,98,Calgary,CA,2026-06-07 04:22:25
2026-06-07,HR,HaloOnboardSync,703.558.9194,contact@haloonboardsync.io,https://www.haloonboardsync.io,-,Chicago,US,2026-06-07 03:02:57
2026-06-07,MSP Platform,Lumén EndpointDesk,336-506-7797 ext. 23,hello@lumenendpointdesk.com,https://www.lumenendpointdesk.com,123,Amsterdam,NL,2026-06-07 06:50:38
2026-06-07,HR,TidalShiftSolutions,(441) 322-9694,info@tidalshiftsolutions.io,https://tidalshiftsolutions.io,2897,Berlin,DE,2026-06-07 06:15:43
2026-06-07,Medical,Orbit MedPoint,+1 (466) 596-1808,info@orbitmedpoint.io,https://www.orbitmedpoint.io,113,Pune,IN,2026-06-07 03:46:20
2026-06-07,ERP,JuniperStock Soft,885-745-9418,contact@juniperstocksoft.com,https://juniperstocksoft.com,52,Toronto,CA,2026-06-07 06:26:52
2026-06-07,Legal,Velo DocketLogic,336-684-2782,contact@velodocketlogic.com,velodocketlogic.com,205,Atlanta,US,2026-06-07 01:33:14
2026-06-07,MSP Platform,SolidRemote Flow,(890) 886-4570,sales@solidremoteflow.net,https://www.solidremoteflow.net,4610,Raleigh,US,2026-06-07 06:20:33
2026-06-07,ERP,Sable OpsCloud,+18108516708,info@sableopscloud.com,https://www.sableopscloud.com,11,Vancouver,CA,2026-06-07 06:08:29
2026-06-07,Legal,Raven ClauseHub,7944103073 ext. 27,sales@ravenclausehub.co,https://www.ravenclausehub.co,16,Seattle,US,2026-06-07 04:15:07
2026-06-07,ERP,Mosaic FinApp,8673236371,hello@mosaicfinapp.net,https://www.mosaicfinapp.net,11,Singapore,SG,2026-06-07 04:25:24
2026-06-07,MSP Platform,PivotStackSphere,1-760-585-7371,contact@pivotstacksphere.co,https://www.pivotstacksphere.co,150,Dublin,IE,2026-06-07 03:05:27
2026-06-07,LMS,Nova PathPoint,1-720-866-2857,info@novapathpoint.io,https://novapathpoint.io,344,Denver,US,2026-06-07 05:25:29
2026-06-07,Legal,AnchorVerdictDesk,+1 (224) 847-6314,contact@anchorverdictdesk.com,anchorverdictdesk.com,12,Islamabad,PK,2026-06-07 06:58:22
2026-06-07,ERP,RavenOps Labs,+17157925719,contact@ravenopslabs.com,https://www.ravenopslabs.com,60,-,US,2026-06-07 06:41:21
2026-06-07,LMS,Lumen SkillFlow,362.533.7730 ext. 21,info@lumenskillflow.com,lumenskillflow.com,49,Columbus,US,2026-06-07 03:55:17
2026-06-07,ERP,EmberLedger Systems,1-586-931-5829,hello@emberledgersystems.net,https://www.emberledgersystems.net,168,Columbus,US,2026-06-07 01:41:29
2026-06-07,Medical,LumenPatientSync,+1 (698) 884-4785,sales@lumenpatientsync.com,https://lumenpatientsync.com,22,Pune,IN,2026-06-07 05:47:06
2026-06-07,Legal,VeloClauseLogic,391-499-5306,info@veloclauselogic.com,https://www.veloclauselogic.com,552,Phoenix,US,2026-06-07 01:06:40
2026-06-07,ERP,ClearBatchWorks,1-576-725-0447,info@clearbatchworks.io,https://clearbatchworks.io,217,Columbus,US,2026-06-07 05:58:37
2026-06-07,HR,Meta TalentBase,516.238.5976 ext. 10,-,https://www.metatalentbase.com,27,Vancouver,CA,2026-06-07 06:49:23
2026-06-07,ERP,ClearChain Labs,+16444859914,info@clearchainlabs.com,https://www.clearchainlabs.com,76,Amsterdam,NL,2026-06-07 01:28:25
2026-06-07,HR,JuniperOnboard Point,(649) 736-1094,info@juniperonboardpoint.co,https://www.juniperonboardpoint.co,8,Melbourne,AU,2026-06-07 03:29:35
2026-06-07,LMS,Velo LessonPlatform,1-867-552-9233,sales@velolessonplatform.io,https://velolessonplatform.io,151,Toronto,CA,2026-06-07 01:00:29
2026-06-07,MSP Platform,Pivot GridSystems,+14112351583,contact@pivotgridsystems.io,https://www.pivotgridsystems.io,81,Chicago,US,2026-06-07 05:56:44
2026-06-07,ERP,CrestFin Point,(637) 277-9699,hello@crestfinpoint.com,https://www.crestfinpoint.com,35,Atlanta,US,2026-06-07 02:19:56
2026-06-07,Medical,Vista TriageDesk,2264849929 ext. 58,sales@vistatriagedesk.com,https://www.vistatriagedesk.com,31,Tampa,US,2026-06-07 01:31:26
2026-06-07,MSP Platform,CrestStackSystems,(388) 541-1113,hello@creststacksystems.io,https://creststacksystems.io,406,Denver,US,2026-06-07 06:24:41
2026-06-07,HR,NimbusPerform Systems,+17287614535,info@nimbusperformsystems.net,https://www.nimbusperformsystems.net,4414,Boston,US,2026-06-07 06:26:35
2026-06-07,ERP,FalconChainPlatform,668.833.3088,contact@falconchainplatform.com,https://www.falconchainplatform.com,13,Atlanta,US,2026-06-07 06:39:51
2026-06-07,Medical,CedarCare Sync,(786) 509-1569,info@cedarcaresync.net,https://www.cedarcaresync.net,902,Vancouver,CA,2026-06-07 05:48:38
2026-06-07,MSP Platform,ArchTicket Flow,2115980803,sales@archticketflow.net,https://www.archticketflow.net,442,Austin,US,2026-06-07 01:03:27
2026-06-07,MSP Platform,True UptimeSoft,742-968-0293,sales@trueuptimesoft.com,https://www.trueuptimesoft.com,2878,Chicago,US,2026-06-07 02:01:56
2026-06-07,HR,Golden BenefitLabs,+18555037445,sales@goldenbenefitlabs.co,https://www.goldenbenefitlabs.co,42,Atlanta,US,2026-06-07 02:55:47
2026-06-07,Legal,Onyx MatterFlow,+18993499227,contact@onyxmatterflow.com,https://www.onyxmatterflow.com,50,Denver,US,2026-06-07 06:12:09
2026-06-07,HR,Apex TeamSphere,+1 (671) 363-1853,info@apexteamsphere.net,https://apexteamsphere.net,98,Islamabad,PK,2026-06-07 03:46:04
2026-06-07,ERP,Vista BatchSphere,495-707-3175,sales@vistabatchsphere.com,https://www.vistabatchsphere.com,78,Melbourne,AU,2026-06-07 01:20:11
2026-06-07,Legal,VistaFilingBase,(902) 921-9466,info@vistafilingbase.com,https://www.vistafilingbase.com,318,Bengaluru,IN,2026-06-07 02:44:12
2026-06-07,HR,VertexShiftCloud,759.551.9187,sales@vertexshiftcloud.com,https://www.vertexshiftcloud.com,51,London,UK,2026-06-07 05:28:05
2026-06-07,ERP,Juniper BatchSphere,9462765340,info@juniperbatchsphere.com,https://www.juniperbatchsphere.com,9,Tampa,US,2026-06-07 03:40:39
2026-06-07,Medical,CobaltClinic Cloud,+1 (582) 625-8800,info@cobaltcliniccloud.net,https://www.cobaltcliniccloud.net,12,Raleigh,US,2026-06-07 05:29:37
2026-06-07,MSP Platform,Summit GridApp,328.344.3689,contact@summitgridapp.co,https://summitgridapp.co,null,Boston,US,2026-06-07 01:12:05
2026-06-07,HR,ZephyrRosterFlow,(375) 940-6502,contact@zephyrrosterflow.net,https://zephyrrosterflow.net,9,Raleigh,US,2026-06-07 03:44:42
2026-06-07,Legal,BrightDocketHub,08502890287,sales@brightdockethub.io,https://brightdockethub.io,25,Boston,US,2026-06-07 02:45:58
2026-06-07,ERP,DeltaOps App,(481) 597-1607,sales@deltaopsapp.com,https://www.deltaopsapp.com,231,Amsterdam,NL,2026-06-07 05:41:01
2026-06-07,Legal,BeaconCase Core,456.559.9027,info@beaconcasecore.net,beaconcasecore.net,94,Boston,US,2026-06-07 06:54:48
2026-06-07,ERP,Clear ResourceDesk,8962717201,hello@clearresourcedesk.com,https://www.clearresourcedesk.com,423,Chicago,US,2026-06-07 03:07:01
2026-06-07,MSP Platform,FalconPatch Sphere,1-745-732-0618,info@falconpatchsphere.net,falconpatchsphere.net,205,Melbourne,AU,2026-06-07 05:35:14
2026-06-07,MSP Platform,Vertex TicketDesk,(511) 513-6177 ext. 58,contact@vertexticketdesk.com,https://www.vertexticketdesk.com,73,Columbus,US,2026-06-07 04:11:38
2026-06-07,ERP,Lattice ResourceDesk,(478) 458-3026,null,https://www.latticeresourcedesk.net,5,Manchester,UK,2026-06-07 02:34:52
2026-06-07,LMS,GoldenLearnHub,+16335561998,info@goldenlearnhub.co,https://goldenlearnhub.co,189,Berlin,DE,2026-06-07 01:11:07
2026-06-07,HR,IronCultureSync,658-557-2778,contact@ironculturesync.io,https://ironculturesync.io,82,London,UK,2026-06-07 05:11:47
2026-06-07,MSP Platform,PrimePatchDesk,1-832-803-5180,hello@primepatchdesk.co,primepatchdesk.co,616,Phoenix,US,2026-06-07 06:01:49
2026-06-07,Legal,DeltaBrief Desk,+15684402129,contact@deltabriefdesk.com,https://www.deltabriefdesk.com,46,Boston,US,2026-06-07 05:21:55
2026-06-07,Medical,Polaris HealthWorks,9146524642,sales@polarishealthworks.io,https://www.polarishealthworks.io,93,Chicago,US,2026-06-07 06:24:07
2026-06-07,Legal,Juniper BriefLogic,1-445-603-2791,info@juniperbrieflogic.io,https://www.juniperbrieflogic.io,2358,Leeds,UK,2026-06-07 01:13:19
2026-06-07,MSP Platform,Crest NodeTech,6932292147,info@crestnodetech.com,https://www.crestnodetech.com,1736,Chicago,US,2026-06-07 05:50:32
2026-06-07,Legal,AnchorCompli Desk,(559) 684-4854,hello@anchorcomplidesk.com,https://anchorcomplidesk.com,84,-,CA,2026-06-07 01:51:18
2026-06-07,ERP,ClearStock Cloud,+18858380910,sales@clearstockcloud.com,clearstockcloud.com,127,Columbus,US,2026-06-07 06:10:47
2026-06-07,Medical,NovaClinicSystems,+1 (957) 392-8179,sales@novaclinicsystems.com,https://www.novaclinicsystems.com,7,Phoenix,US,2026-06-07 06:03:43
2026-06-07,Legal,TidalFilingPoint,1-263-508-0882,hello@tidalfilingpoint.io,https://tidalfilingpoint.io,82,Toronto,CA,2026-06-07 02:47:47
2026-06-07,Legal,Clear FilingLogic,6553168546,hello@clearfilinglogic.co,https://clearfilinglogic.co,26,Boston,US,2026-06-07 02:38:21
2026-06-07,MSP Platform,Polaris UptimePoint,536-418-1285,sales@polarisuptimepoint.com,https://www.polarisuptimepoint.com,440,Berlin,DE,2026-06-07 05:19:16
2026-06-07,ERP,Lumen PlanBase,1-640-519-3561,info@lumenplanbase.com,https://www.lumenplanbase.com,18,Sydney,AU,2026-06-07 05:03:31
2026-06-07,Legal,NorthFilingLogic,+12695409766,info@northfilinglogic.com,https://www.northfilinglogic.com,4445,Raleigh,US,2026-06-07 04:27:15
2026-06-07,Medical,OnyxMedTech,7883743117,info@onyxmedtech.com,https://www.onyxmedtech.com,10,Raleigh,US,2026-06-07 02:23:46
2026-06-07,HR,Alta TeamFlow,+1 (447) 399-7477,info@altateamflow.com,https://www.altateamflow.com,20,Bengaluru,IN,2026-06-07 03:23:18
2026-06-07,ERP,Bright OpsSuite,04542234696,info@brightopssuite.com,https://brightopssuite.com,3347,Amsterdam,NL,2026-06-07 05:16:03
2026-06-07,Medical,XenonBenefitBase,8503987500,info@xenonbenefitbase.com,https://www.xenonbenefitbase.com,53,Denver,US,2026-06-07 03:58:57
2026-06-07,ERP,QuartzLedger’s Suite,(375) 467-1425,sales@quartzledgersuite.com,https://www.quartzledgersuite.com,24,Toronto,CA,2026-06-07 06:17:11
2026-06-07,HR,SolidShift Base,(468) 780-2908,hello@solidshiftbase.com,https://www.solidshiftbase.com,69,Manchester,UK,2026-06-07 05:08:10
2026-06-07,Medical,Pioneer PulseLabs,1-670-788-9230,contact@pioneerpulselabs.com,https://www.pioneerpulselabs.com,34,Amsterdam,NL,2026-06-07 06:38:25
2026-06-07,ERP,PivotOps Works,598-751-9043,info@pivotopsworks.com,https://pivotopsworks.com,166,Austin,US,2026-06-07 02:01:42
2026-06-07,ERP,Fusion ForgeSuite,1-461-683-1916,contact@fusionforgesuite.com,fusionforgesuite.com,49,Seattle,US,2026-06-07 03:36:59
2026-06-07,ERP,Xenon OrderSoft,(476) 299-3324,sales@xenonordersoft.com,https://www.xenonordersoft.com,247,Columbus,US,2026-06-07 03:36:37
2026-06-07,Medical,HarborVitalFlow,(342) 777-1297,sales@harborvitalflow.io,https://harborvitalflow.io,3069,Atlanta,US,2026-06-07 03:08:43
2026-06-07,Legal,JuniperCompliPoint,607-634-9024,contact@junipercomplipoint.com,https://www.junipercomplipoint.com,89,Melbourne,AU,2026-06-07 03:58:27
2026-06-07,ERP,OrbitStockPoint,858-307-7363,contact@orbitstockpoint.net,https://www.orbitstockpoint.net,98,Phoenix,US,2026-06-07 06:05:59
2026-06-07,MSP Platform,Delta RemoteSoft,1-700-664-4564,hello@deltaremotesoft.io,https://www.deltaremotesoft.io,298,Amsterdam,NL,2026-06-07 06:22:08
2026-06-07,ERP,XenonLedgerTech,(403) 265-0986,contact@xenonledgertech.io,xenonledgertech.io,23,Austin,US,2026-06-07 02:46:09
2026-06-07,Medical,RidgeHealth Soft,912.396.5718,hello@ridgehealthsoft.com,https://www.ridgehealthsoft.com,84,Calgary,CA,2026-06-07 05:22:10
2026-06-07,MSP Platform,CobaltPatchSync,+1 (542) 928-6972 ext. 16,contact@cobaltpatchsync.com,https://www.cobaltpatchsync.com,32,Manchester,UK,2026-06-07 04:46:09
2026-06-07,Legal,RidgeCase Logic,534-664-6758,sales@ridgecaselogic.com,https://ridgecaselogic.com,77,Atlanta,US,2026-06-07 02:19:38
2026-06-07,Medical,SummitTriage Tech,(346) 815-3503,hello@summittriagetech.com,https://www.summittriagetech.com,119,Singapore,SG,2026-06-07 06:31:12
2026-06-07,MSP Platform,DeltaGrid Hub,+15626727239,info@deltagridhub.com,https://deltagridhub.com,36,Tampa,US,2026-06-07 05:16:31
2026-06-07,LMS,OnyxLearnWorks,(960) 292-4691,hello@onyxlearnworks.io,https://www.onyxlearnworks.io,17,Atlanta,US,2026-06-07 06:19:34
2026-06-07,MSP Platform,Summit TicketPoint,+14676437027,contact@summitticketpoint.com,https://www.summitticketpoint.com,34,Dublin,IE,2026-06-07 02:04:51
2026-06-07,HR,NovaPayrollFlow,(217) 518-5181 ext. 2,contact@novapayrollflow.io,https://www.novapayrollflow.io,106,Sydney,AU,2026-06-07 02:56:44
2026-06-07,Medical,Anchor ClinicLabs,683-733-6680,sales@anchorcliniclabs.com,https://www.anchorcliniclabs.com,12,Leeds,UK,2026-06-07 01:48:47
2026-06-07,Medical,Sable RxSuite,1-890-888-1900,info@sablerxsuite.co,https://www.sablerxsuite.co,38,Calgary,CA,2026-06-07 03:32:30
2026-06-07,Medical,GoldenChartSuite,+1 (532) 767-1699,hello@goldenchartsuite.io,https://goldenchartsuite.io,null,Dublin,IE,2026-06-07 01:43:11
2026-06-07,LMS,Onyx QuizFlow,773-855-4342,info@onyxquizflow.net,https://www.onyxquizflow.net,269,Tampa,US,2026-06-07 01:41:43
2026-06-07,Medical,Orbit Med Consultants,6692800885 ext. 81,contact@orbitmedconsultants.co,https://www.orbitmedconsultants.co,21,Chicago,US,2026-06-07 03:29:39
2026-06-07,Medical,Juniper RxSuite,+19254906764,hello@juniperrxsuite.com,https://www.juniperrxsuite.com,48,Tampa,US,2026-06-07 01:55:02
2026-06-07,Medical,QuantumMedSuite,+1 (203) 376-9021,null,quantummedsuite.net,501,Leeds,UK,2026-06-07 02:24:15
2026-06-07,HR,SilverTalentSync,1-426-850-4789,,silvertalentsync.com,913,Sydney,AU,2026-06-07 01:57:10
2026-06-07,ERP,BrightLedger Logic,467-337-1998,hello@brightledgerlogic.io,https://brightledgerlogic.io,49,Columbus,US,2026-06-07 06:12:55
2026-06-07,Medical,Golden RosterDynamics,(659) 735-1175,sales@goldenrosterdynamics.io,https://www.goldenrosterdynamics.io,307,Dublin,IE,2026-06-07 02:37:52
2026-06-07,LMS,OmniPath Flow,543-836-4778,contact@omnipathflow.com,https://www.omnipathflow.com,450,Calgary,CA,2026-06-07 06:48:04
2026-06-07,LMS,LumenLearnSphere,(273) 596-1265,sales@lumenlearnsphere.co,https://www.lumenlearnsphere.co,94,Amsterdam,NL,2026-06-07 01:19:21
2026-06-07,MSP Platform,BoldPatch Flow,1-929-423-5492,sales@boldpatchflow.com,https://www.boldpatchflow.com,7,Boston,US,2026-06-07 01:58:43
2026-06-07,Medical,Cobalt ChartSync,873.355.6172,hello@cobaltchartsync.com,cobaltchartsync.com,6,Atlanta,US,2026-06-07 05:29:43
2026-06-07,Medical,PrimePulseApp,(985) 693-2847,info@primepulseapp.com,https://primepulseapp.com,7,Austin,US,2026-06-07 03:19:55
2026-06-07,MSP Platform,IndigoNet Labs,892.295.5271,hello@indigonetlabs.com,https://www.indigonetlabs.com,214,Austin,US,2026-06-07 04:38:35
2026-06-07,MSP Platform,True StackDesk,961.374.7995,contact@truestackdesk.io,https://truestackdesk.io,7,Singapore,SG,2026-06-07 01:24:06
2026-06-07,ERP,FalconBatchSphere,1-201-867-0328,info@falconbatchsphere.io,https://falconbatchsphere.io,63,Austin,US,2026-06-07 04:25:31
2026-06-07,Legal,Clear CounselBase,270.740.7138,hello@clearcounselbase.co,https://clearcounselbase.co,126,Boston,US,2026-06-07 05:59:49
2026-06-07,HR,EmberPerformSolutions,238.902.4141,contact@emberperformsolutions.com,https://www.emberperformsolutions.com,112,Leeds,UK,2026-06-07 05:15:14
2026-06-07,Medical,OmniClinicPlatform,661.910.6269,info@omniclinicplatform.com,https://www.omniclinicplatform.com,63,Austin,US,2026-06-07 05:46:35
2026-06-07,Legal,PolarisCompli Soft,546.371.4850,sales@polariscomplisoft.com,https://www.polariscomplisoft.com,420,Atlanta,US,2026-06-07 01:23:42
2026-06-07,ERP,OrbitFin Point,945-948-0648,contact@orbitfinpoint.com,https://orbitfinpoint.com,,Pune,IN,2026-06-07 06:02:21
2026-06-07,Medical,CedarClinicCloud,466-467-2867 ext. 97,-,https://cedarcliniccloud.com,48,Boston,US,2026-06-07 04:02:51
2026-06-07,ERP,DeltaFinSync,803-938-8053,info@deltafinsync.com,https://deltafinsync.com,221,Chicago,US,2026-06-07 06:51:22
2026-06-07,ERP,PolarisOps Hub,04554285315,contact@polarisopshub.net,https://www.polarisopshub.net,32,Vancouver,CA,2026-06-07 02:27:55
2026-06-07,MSP Platform,IronGrid Sync,(464) 924-3788,sales@irongridsync.net,https://irongridsync.net,302,Columbus,US,2026-06-07 01:34:46
2026-06-07,MSP Platform,RavenTicketBase,(226) 512-2703,hello@raventicketbase.com,https://www.raventicketbase.com,8,Atlanta,US,2026-06-07 01:47:05
2026-06-07,HR,Vista CultureLogic,1-593-551-5550,info@vistaculturelogic.com,https://www.vistaculturelogic.com,719,Austin,US,2026-06-07 03:37:17
2026-06-07,HR,GoldenRoster Base,+16313448884,contact@goldenrosterbase.co,goldenrosterbase.co,670,Tampa,US,2026-06-07 06:36:52
2026-06-07,ERP,LumenLedger Point,891.492.2985,info@lumenledgerpoint.io,https://lumenledgerpoint.io,19,Austin,US,2026-06-07 03:49:11
2026-06-07,HR,FalconTalent Tech,(822) 595-4502,sales@falcontalenttech.co,https://www.falcontalenttech.co,18,Tampa,US,2026-06-07 04:06:56
2026-06-07,ERP,NimbusForge Solutions,914.263.7111,null,https://www.nimbusforgesolutions.io,14,Denver,US,2026-06-07 04:51:09
2026-06-07,LMS,Lattice SkillSync,1-595-502-4882,sales@latticeskillsync.com,https://latticeskillsync.com,89,Seattle,US,2026-06-07 05:21:23
2026-06-07,Legal,QuantumShift Labs,(981) 232-7078,hello@quantumshiftlabs.com,quantumshiftlabs.com,472,Leeds,UK,2026-06-07 06:28:02
2026-06-07,ERP,MosaicFinCore,03463533555,info@mosaicfincore.com,https://www.mosaicfincore.com,15,Seattle,US,2026-06-07 02:58:46
2026-06-07,MSP Platform,Rapid’s RemoteDesk,1-899-753-9112,info@rapidremotedesk.com,https://rapidremotedesk.com,-,Tampa,US,2026-06-07 06:33:33
2026-06-07,HR,QuartzPeopleSuite,884-948-6424,info@quartzpeoplesuite.com,https://www.quartzpeoplesuite.com,341,Chicago,US,2026-06-07 04:25:14
2026-06-07,LMS,Atlas TutorSoft,1-793-309-0029,contact@atlastutorsoft.com,https://atlastutorsoft.com,10,Toronto,CA,2026-06-07 01:19:14
2026-06-07,LMS,UmbraTutor Base,3692162716,contact@umbratutorbase.net,https://umbratutorbase.net,80,Seattle,US,2026-06-07 02:21:51
2026-06-07,HR,SummitPerformSuite,04218012809,sales@summitperformsuite.net,summitperformsuite.net,89,Bengaluru,IN,2026-06-07 04:44:04
2026-06-07,Medical,AtlasCare Sync,(511) 820-8828,contact@atlascaresync.com,https://www.atlascaresync.com,12,Columbus,US,2026-06-07 04:01:49
2026-06-07,HR,Raven ShiftCore,387-221-4869,hello@ravenshiftcore.com,https://www.ravenshiftcore.com,9,Raleigh,US,2026-06-07 01:49:31
2026-06-07,HR,True TeamLabs,318.791.5374,contact@trueteamlabs.net,https://www.trueteamlabs.net,54,Sydney,AU,2026-06-07 03:36:59
2026-06-07,Medical,AnchorRxSolutions,1-985-355-8019,hello@anchorrxsolutions.com,anchorrxsolutions.com,2438,Leeds,UK,2026-06-07 04:28:51
2026-06-07,ERP,Tidal OrderCore,+14086977367,hello@tidalordercore.com,https://www.tidalordercore.com,4599,Raleigh,US,2026-06-07 06:06:34
2026-06-07,Legal,Raven CounselSync,690-368-0272,sales@ravencounselsync.com,https://ravencounselsync.com,284,Sydney,AU,2026-06-07 01:58:50
2026-06-07,HR,NorthTalent Hub,982-402-3397,info@northtalenthub.com,https://www.northtalenthub.com,230,Austin,US,2026-06-07 06:29:28
2026-06-07,ERP,VistaStockPlatform,+13653508325,info@vistastockplatform.com,https://www.vistastockplatform.com,838,Islamabad,PK,2026-06-07 03:12:04
2026-06-07,HR,Meta Culture BPO Services,694-811-6698,contact@metaculturebposervices.io,https://www.metaculturebposervices.io,6,Vancouver,CA,2026-06-07 01:42:38
2026-06-07,LMS,TrueMentor Platform,+1 (914) 264-7671,sales@truementorplatform.io,https://www.truementorplatform.io,2573,Boston,US,2026-06-07 06:03:36
2026-06-07,HR,VertexBenefit Tech,+1 (829) 921-2468,sales@vertexbenefittech.com,https://www.vertexbenefittech.com,12,Phoenix,US,2026-06-07 04:24:48
2026-06-07,HR,OrbitPerform Labs,+17269890827,sales@orbitperformlabs.com,https://orbitperformlabs.com,420,Atlanta,US,2026-06-07 06:36:14
2026-06-07,MSP Platform,North TeamTech,(452) 612-9327,info@northteamtech.io,https://northteamtech.io,26,Austin,US,2026-06-07 04:09:01
2026-06-07,Legal,WillowMatter Flow,1-219-892-0697,hello@willowmatterflow.com,https://willowmatterflow.com,189,Phoenix,US,2026-06-07 04:51:31
2026-06-07,LMS,VeloTutorHub,(654) 568-1151,contact@velotutorhub.com,https://www.velotutorhub.com,321,Boston,US,2026-06-07 03:58:14
2026-06-07,ERP,FusionStock Dynamics,675-420-3937,hello@fusionstockdynamics.com,fusionstockdynamics.com,4096,Chicago,US,2026-06-07 05:41:40
2026-06-07,Medical,NorthVital Soft,320.458.4380,sales@northvitalsoft.com,https://www.northvitalsoft.com,157,Manchester,UK,2026-06-07 02:03:54
2026-06-07,ERP,Ridgeway PlanSolutions,+1 (810) 890-2795,sales@ridgewayplansolutions.com,https://ridgewayplansolutions.com,13,Raleigh,US,2026-06-07 04:04:21
2026-06-07,MSP Platform,BlueNodeLabs,2054110427,hello@bluenodelabs.io,https://www.bluenodelabs.io,28,Seattle,US,2026-06-07 01:56:17
2026-06-07,HR,Granite PayrollDynamics,+1 (635) 396-3778,sales@granitepayrolldynamics.net,https://granitepayrolldynamics.net,59,Atlanta,US,2026-06-07 04:12:04
2026-06-07,MSP Platform,BeaconPatch Sync,529-786-7585,contact@beaconpatchsync.com,https://www.beaconpatchsync.com,285,Dublin,IE,2026-06-07 01:07:44
2026-06-07,Medical,PioneerPulse Tech,+17844624248,sales@pioneerpulsetech.com,https://www.pioneerpulsetech.com,4124,Calgary,CA,2026-06-07 02:35:25
2026-06-07,Medical,True PatientHub,452-349-7714,hello@truepatienthub.com,https://www.truepatienthub.com,13,Bengaluru,IN,2026-06-07 03:07:38
2026-06-07,ERP,Apex StockBase,4034054579 ext. 1,sales@apexstockbase.com,https://www.apexstockbase.com,178,Seattle,US,2026-06-07 04:49:05
2026-06-07,Medical,CrownClinicSync,1-421-314-4628 ext. 20,sales@crownclinicsync.net,https://crownclinicsync.net,31,Atlanta,US,2026-06-07 06:26:59
2026-06-07,ERP,Arch ForgeWorks,578-370-0896,hello@archforgeworks.com,https://www.archforgeworks.com,4653,Singapore,SG,2026-06-07 06:05:01
2026-06-07,ERP,Polaris PlanApp,(836) 362-2303,info@polarisplanapp.io,https://www.polarisplanapp.io,1326,Bengaluru,IN,2026-06-07 03:03:16
2026-06-07,ERP,Quantum ForgeSystems,+1 (953) 840-8420,sales@quantumforgesystems.com,https://www.quantumforgesystems.com,43,Phoenix,US,2026-06-07 01:50:28
2026-06-07,HR,Alta ShiftPoint,+1 (433) 738-2825,contact@altashiftpoint.io,https://www.altashiftpoint.io,21,Atlanta,US,2026-06-07 06:15:29
2026-06-07,Medical,Apex TriageSoft,677-927-1855 ext. 51,sales@apextriagesoft.com,https://apextriagesoft.com,207,Columbus,US,2026-06-07 06:34:33
2026-06-07,Legal,PrimeMatter Base,(973) 365-8286,info@primematterbase.com,primematterbase.com,5,Islamabad,PK,2026-06-07 05:23:50
2026-06-07,ERP,NovaFinDesk,+1 (231) 803-0206,hello@novafindesk.io,https://www.novafindesk.io,104,Leeds,UK,2026-06-07 05:34:51
2026-06-07,MSP Platform,ZephyrMonitor Dynamics,579-320-2555,contact@zephyrmonitordynamics.io,https://zephyrmonitordynamics.io,42,Atlanta,US,2026-06-07 03:55:51
2026-06-07,Legal,BrightBrief Desk,881-872-0702 ext. 71,info@brightbriefdesk.co,https://www.brightbriefdesk.co,48,Austin,US,2026-06-07 03:30:01
2026-06-07,Medical,Atlas Patient Consulting Group,3782545176,info@atlaspatientconsultinggroup.com,https://www.atlaspatientconsultinggroup.com,20,Columbus,US,2026-06-07 05:45:36
2026-06-07,ERP,Cobalt PlanTech,1-504-838-1878,sales@cobaltplantech.net,https://cobaltplantech.net,639,Chicago,US,2026-06-07 02:01:24
2026-06-07,Legal,AnchorFilingSoft,1-783-561-2402,contact@anchorfilingsoft.com,https://anchorfilingsoft.com,17,Melbourne,AU,2026-06-07 02:29:30
2026-06-07,MSP Platform,QuartzStack Sphere,(668) 202-9983,info@quartzstacksphere.com,https://quartzstacksphere.com,21,Denver,US,2026-06-07 03:31:02
2026-06-07,Medical,Ember HealthSystems,(569) 273-2463,hello@emberhealthsystems.com,https://www.emberhealthsystems.com,18,Calgary,CA,2026-06-07 04:15:10
2026-06-07,ERP,SummitChainDynamics,559-270-1875,hello@summitchaindynamics.co,https://www.summitchaindynamics.co,20,Raleigh,US,2026-06-07 02:13:07
2026-06-07,Legal,FusionVerdict Point,2544000416,info@fusionverdictpoint.com,https://fusionverdictpoint.com,39,Boston,US,2026-06-07 03:22:10
2026-06-07,ERP,Golden FinApp,386.828.5994,hello@goldenfinapp.com,https://goldenfinapp.com,1145,Chicago,US,2026-06-07 05:12:53
2026-06-07,Medical,TidalTriageTech,(609) 801-9010,hello@tidaltriagetech.com,https://tidaltriagetech.com,1579,London,UK,2026-06-07 05:43:29
2026-06-07,HR,ZephyrShift Desk,842-753-0837,hello@zephyrshiftdesk.com,https://www.zephyrshiftdesk.com,8,Chicago,US,2026-06-07 04:51:36
2026-06-07,Medical,QuantumChartPlatform,354.420.6722,info@quantumchartplatform.com,https://www.quantumchartplatform.com,353,Pune,IN,2026-06-07 03:31:16
2026-06-07,HR,True TeamSoft,+18813365720,hello@trueteamsoft.io,https://www.trueteamsoft.io,342,Hyderabad,IN,2026-06-07 05:47:07
2026-06-07,ERP,Arch StockLogic,+12695084851,info@archstocklogic.io,https://www.archstocklogic.io,545,Raleigh,US,2026-06-07 03:05:46
2026-06-07,MSP Platform,ZenGridCloud,7339350383,,https://www.zengridcloud.com,380,Austin,US,2026-06-07 02:29:26
2026-06-07,Medical,NovaChartBase,9502282107,N/A,https://www.novachartbase.com,45,Boston,US,2026-06-07 02:23:44
2026-06-07,MSP Platform,ArchUptimePoint,780-732-8556,contact@archuptimepoint.com,https://archuptimepoint.com,47,Denver,US,2026-06-07 04:12:52
2026-06-07,HR,RidgeTalentSuite,+19685874731,sales@ridgetalentsuite.com,https://ridgetalentsuite.com,null,Manchester,UK,2026-06-07 05:03:06
2026-06-07,MSP Platform,ZenNet Systems,(713) 853-6781,contact@zennetsystems.com,zennetsystems.com,12,Dublin,IE,2026-06-07 02:16:39
2026-06-07,LMS,Anchor LessonPoint,393-915-7429,hello@anchorlessonpoint.com,anchorlessonpoint.com,11,Singapore,SG,2026-06-07 05:22:23
2026-06-07,ERP,ZenOrder Works,(523) 634-4410,contact@zenorderworks.net,https://www.zenorderworks.net,493,Denver,US,2026-06-07 06:59:02
2026-06-07,Legal,Meta MatterSolutions,(716) 287-5587,sales@metamattersolutions.com,https://www.metamattersolutions.com,862,Leeds,UK,2026-06-07 02:43:39
2026-06-07,Legal,ZephyrClause Works,276-859-9850,sales@zephyrclauseworks.com,https://zephyrclauseworks.com,5,Columbus,US,2026-06-07 04:38:53
2026-06-07,LMS,QuantumMentor Platform,1-839-246-8105,info@quantummentorplatform.com,https://www.quantummentorplatform.com,349,London,UK,2026-06-07 01:12:53
2026-06-07,Medical,IronPulseCloud,3784282447,contact@ironpulsecloud.com,ironpulsecloud.com,659,Chicago,US,2026-06-07 05:12:38
2026-06-07,ERP,XenonChainTech,(321) 432-7176,hello@xenonchaintech.io,https://www.xenonchaintech.io,20,Denver,US,2026-06-07 05:39:29
2026-06-07,Medical,Blue Care BPO Services,976.340.6943,hello@bluecarebposervices.com,bluecarebposervices.com,70,Pune,IN,2026-06-07 02:00:55
2026-06-07,Legal,Juniper Brief Outsourcing,(312) 740-6239 ext. 22,hello@juniperbriefoutsourcing.net,juniperbriefoutsourcing.net,659,Atlanta,US,2026-06-07 05:08:59
2026-06-07,MSP Platform,PivotPatch Platform,6796031086,hello@pivotpatchplatform.com,https://pivotpatchplatform.com,7,Seattle,US,2026-06-07 03:07:29
2026-06-07,ERP,True PlanFlow,+12448707724,hello@trueplanflow.io,https://trueplanflow.io,942,Chicago,US,2026-06-07 05:37:19
2026-06-07,Legal,TrueVerdictDesk,3788320281,contact@trueverdictdesk.com,https://www.trueverdictdesk.com,3351,Seattle,US,2026-06-07 02:49:08
2026-06-07,Medical,True PulseSystems,(530) 999-7852,sales@truepulsesystems.com,https://www.truepulsesystems.com,42,Chicago,US,2026-06-07 05:32:25
2026-06-07,Legal,Crest DocketPoint,1-467-708-5856,hello@crestdocketpoint.com,https://crestdocketpoint.com,106,Atlanta,US,2026-06-07 04:16:23
2026-06-07,HR,Vertex OnboardSystems,9679052273,info@vertexonboardsystems.com,https://www.vertexonboardsystems.com,19,London,UK,2026-06-07 01:28:19
2026-06-07,MSP Platform,Ember StackTech,(398) 584-2833,info@emberstacktech.com,emberstacktech.com,21,Columbus,US,2026-06-07 02:46:15
2026-06-07,Medical,GoldenHealth Sync,671-209-9423,hello@goldenhealthsync.com,https://www.goldenhealthsync.com,525,Sydney,AU,2026-06-07 03:17:45
2026-06-07,ERP,Lattice OpsPlatform,621-206-1884,contact@latticeopsplatform.com,https://www.latticeopsplatform.com,7,Karachi,PK,2026-06-07 03:35:34
2026-06-07,ERP,ZenStockCore,5698677102,info@zenstockcore.com,zenstockcore.com,1664,Leeds,UK,2026-06-07 02:43:36
2026-06-07,Medical,GoldenClinicTech,+18203929985,hello@goldenclinictech.net,https://www.goldenclinictech.net,36,Boston,US,2026-06-07 05:21:44
2026-06-07,LMS,AltaTrainSync,213.685.2353,info@altatrainsync.net,https://www.altatrainsync.net,63,Columbus,US,2026-06-07 03:09:31
2026-06-07,MSP Platform,CobaltEndpoint Soft,02099244700,contact@cobaltendpointsoft.com,https://www.cobaltendpointsoft.com,786,Austin,US,2026-06-07 06:57:41
2026-06-07,HR,ZenShift’s Platform,723-950-3587,info@zenshiftplatform.com,https://www.zenshiftplatform.com,221,Toronto,CA,2026-06-07 05:35:39
2026-06-07,HR,Bold TeamSuite,(333) 587-4775,info@boldteamsuite.com,https://www.boldteamsuite.com,93,Raleigh,US,2026-06-07 06:08:36
2026-06-07,ERP,Meta PlanSuite,+1 (642) 903-1169,info@metaplansuite.com,https://www.metaplansuite.com,9,Phoenix,US,2026-06-07 06:44:12
2026-06-07,HR,IndigoPerform Systems,901-969-4159,contact@indigoperformsystems.io,indigoperformsystems.io,19,Denver,US,2026-06-07 05:01:47
2026-06-07,HR,ZenPayrollDesk,+14079291411,info@zenpayrolldesk.com,https://www.zenpayrolldesk.com,76,Karachi,PK,2026-06-07 05:30:10
2026-06-07,ERP,GraniteChainSolutions,+1 (658) 434-5881,sales@granitechainsolutions.net,granitechainsolutions.net,1724,Manchester,UK,2026-06-07 03:30:13
2026-06-07,HR,LatticeRoster Soft,(702) 641-9147,contact@latticerostersoft.co,https://www.latticerostersoft.co,6,Tampa,US,2026-06-07 04:06:31
2026-06-07,Medical,Nova CareDesk,237-613-9003,sales@novacaredesk.com,https://www.novacaredesk.com,52,Pune,IN,2026-06-07 03:03:38
2026-06-07,ERP,OmniPlanPoint,+1 (793) 585-8739,info@omniplanpoint.io,https://www.omniplanpoint.io,10,Columbus,US,2026-06-07 02:44:46
2026-06-07,Medical,Willow MedPlatform,(299) 698-8273,contact@willowmedplatform.com,https://www.willowmedplatform.com,402,Chicago,US,2026-06-07 04:41:52
2026-06-07,LMS,TidalQuiz App,(293) 530-7559,hello@tidalquizapp.io,https://www.tidalquizapp.io,323,Tampa,US,2026-06-07 02:14:36
2026-06-07,Medical,QuantumClinic Systems,489-540-0460 ext. 88,info@quantumclinicsystems.com,https://www.quantumclinicsystems.com,103,Denver,US,2026-06-07 03:59:31
2026-06-07,MSP Platform,Crown TicketBase,6536663334,contact@crownticketbase.co,https://www.crownticketbase.co,95,Singapore,SG,2026-06-07 06:50:34
2026-06-07,Medical,FalconHealthHub,+14078100553,info@falconhealthhub.io,https://falconhealthhub.io,3397,Raleigh,US,2026-06-07 05:43:43
2026-06-07,Medical,Silver CarePoint,+13014372520,,https://silvercarepoint.com,25,Tampa,US,2026-06-07 05:43:58
2026-06-07,ERP,NimbusFin Dynamics,(914) 637-8807,info@nimbusfindynamics.io,https://nimbusfindynamics.io,22,Hyderabad,IN,2026-06-07 01:05:24
2026-06-07,MSP Platform,OmniPatch Tech,6436505047,info@omnipatchtech.com,https://www.omnipatchtech.com,72,Dublin,IE,2026-06-07 02:58:03
2026-06-07,ERP,OnyxLedgerWorks,1-921-395-1226,sales@onyxledgerworks.io,https://onyxledgerworks.io,9,Toronto,CA,2026-06-07 05:53:34
2026-06-07,ERP,VistaOps Tech,(471) 651-3311,sales@vistaopstech.co,https://www.vistaopstech.co,38,Phoenix,US,2026-06-07 03:53:00
2026-06-07,Legal,AtlasCase Hub,1-538-426-0943 ext. 15,info@atlascasehub.co,https://www.atlascasehub.co,826,Dublin,IE,2026-06-07 05:36:17
2026-06-07,MSP Platform,HaloNetHub,(953) 346-7093,contact@halonethub.com,https://www.halonethub.com,89,Tampa,US,2026-06-07 04:36:56
2026-06-07,HR,VertexPeople Labs,(357) 499-4967,hello@vertexpeoplelabs.com,https://vertexpeoplelabs.com,41,Austin,US,2026-06-07 01:03:30
2026-06-07,Medical,North FinDesk,7367238237,sales@northfindesk.io,https://www.northfindesk.io,385,Amsterdam,NL,2026-06-07 01:44:02
2026-06-07,Medical,Quartz HealthBase,719.708.3286,hello@quartzhealthbase.com,https://quartzhealthbase.com,34,Raleigh,US,2026-06-07 03:46:04
2026-06-07,MSP Platform,AnchorMonitor Tech,(394) 542-9264,sales@anchormonitortech.com,https://www.anchormonitortech.com,134,Raleigh,US,2026-06-07 03:42:59
2026-06-07,Medical,PioneerVital Systems,+1 (649) 622-0080,-,https://www.pioneervitalsystems.co,13,Atlanta,US,2026-06-07 05:06:27
2026-06-07,HR,UmbraPeopleWorks,1-757-396-5171,info@umbrapeopleworks.com,https://umbrapeopleworks.com,228,Amsterdam,NL,2026-06-07 02:38:34
2026-06-07,Medical,QuartzRx Suite,+18422674575 ext. 55,info@quartzrxsuite.io,https://www.quartzrxsuite.io,842,Boston,US,2026-06-07 04:02:12
2026-06-07,LMS,JuniperPath Tech,937-424-0747,contact@juniperpathtech.com,https://juniperpathtech.com,118,Tampa,US,2026-06-07 03:39:51
2026-06-07,Medical,LatticeTriageLabs,+18299435743,info@latticetriagelabs.com,https://www.latticetriagelabs.com,448,Austin,US,2026-06-07 02:52:18
2026-06-07,MSP Platform,NimbusTicketSphere,340.548.8468,contact@nimbusticketsphere.com,https://www.nimbusticketsphere.com,196,Pune,IN,2026-06-07 04:07:26
2026-06-07,ERP,SilverForge Sync,03466579618,contact@silverforgesync.io,https://www.silverforgesync.io,5,Austin,US,2026-06-07 06:30:26
2026-06-07,MSP Platform,XenonPatchApp,382-657-2321,hello@xenonpatchapp.io,https://www.xenonpatchapp.io,18,Toronto,CA,2026-06-07 04:56:47
2026-06-07,Legal,Omni ClausePoint,1-381-475-6827,contact@omniclausepoint.com,https://www.omniclausepoint.com,92,Seattle,US,2026-06-07 03:47:00
2026-06-07,ERP,ClearLedger Point,314-713-9539,contact@clearledgerpoint.com,https://www.clearledgerpoint.com,14,Columbus,US,2026-06-07 02:48:52
2026-06-07,MSP Platform,BoldNet Platform,+1 (245) 970-3683,info@boldnetplatform.com,https://boldnetplatform.com,57,Dublin,IE,2026-06-07 03:50:40
2026-06-07,ERP,XenonStockDesk,(902) 329-3250,sales@xenonstockdesk.com,https://www.xenonstockdesk.com,123,Munich,DE,2026-06-07 05:26:28
2026-06-07,Medical,CobaltChart Core,1-566-569-5363,hello@cobaltchartcore.com,https://www.cobaltchartcore.com,80,Singapore,SG,2026-06-07 02:35:34
2026-06-07,ERP,Anchor BatchLabs,6646660976,contact@anchorbatchlabs.com,https://www.anchorbatchlabs.com,7,Sydney,AU,2026-06-07 03:16:20
2026-06-07,ERP,QuantumOps Base,8478556073,info@quantumopsbase.co,https://www.quantumopsbase.co,19,Seattle,US,2026-06-07 03:21:25
2026-06-07,ERP,VeloPlanCore,1-462-659-2231,contact@veloplancore.io,https://www.veloplancore.io,320,Hyderabad,IN,2026-06-07 01:11:33
2026-06-07,HR,Prime CultureBase,664-613-8041,hello@primeculturebase.com,https://primeculturebase.com,9,Austin,US,2026-06-07 03:02:34
2026-06-07,Legal,Harbor MatterTech,369-622-9522,contact@harbormattertech.io,https://www.harbormattertech.io,23,Boston,US,2026-06-07 05:09:57
2026-06-07,HR,SableTeamLogic,+1 (914) 403-6021,hello@sableteamlogic.com,https://www.sableteamlogic.com,792,Austin,US,2026-06-07 02:01:03
2026-06-07,Legal,ClearClause Soft,1-375-451-3640,hello@clearclausesoft.com,clearclausesoft.com,19,Columbus,US,2026-06-07 02:50:39
2026-06-07,Medical,MosaicPatiént Base,1-596-723-8874,sales@mosaicpatientbase.co,https://mosaicpatientbase.co,175,Amsterdam,NL,2026-06-07 06:12:12
2026-06-07,Legal,Quartz’s CounselPlatform,(682) 922-9303 ext. 26,info@quartzcounselplatform.co,https://www.quartzcounselplatform.co,2839,Atlanta,US,2026-06-07 03:02:13
2026-06-07,MSP Platform,RidgeMonitor Dynamics,(666) 478-4788,sales@ridgemonitordynamics.com,https://ridgemonitordynamics.com,222,Melbourne,AU,2026-06-07 03:51:55
2026-06-07,Medical,Nimbus ClinicCloud,+19372938058,info@nimbuscliniccloud.com,https://www.nimbuscliniccloud.com,22,Tampa,US,2026-06-07 05:14:32
2026-06-07,Medical,OmniPatient Sync,964-933-8329,contact@omnipatientsync.io,https://www.omnipatientsync.io,,Phoenix,US,2026-06-07 04:50:36
2026-06-07,ERP,PolarisStockSphere,1-408-707-6891,sales@polarisstocksphere.com,polarisstocksphere.com,22,Melbourne,AU,2026-06-07 03:52:02
2026-06-07,MSP Platform,XenonRemoteSystems,+16632170288,sales@xenonremotesystems.com,https://www.xenonremotesystems.com,2904,Austin,US,2026-06-07 01:29:02
2026-06-07,Medical,DeltaRxLogic,2029896363,contact@deltarxlogic.com,https://www.deltarxlogic.com,24,Seattle,US,2026-06-07 03:36:48
2026-06-07,MSP Platform,Solid EndpointSync,(801) 277-2408,contact@solidendpointsync.co,https://solidendpointsync.co,958,Berlin,DE,2026-06-07 03:37:48
2026-06-07,ERP,Umbra OpsSuite,+1 (886) 405-7487,info@umbraopssuite.io,https://umbraopssuite.io,8,Chicago,US,2026-06-07 03:24:44
2026-06-07,Legal,Apex CaseBase,7062125492,contact@apexcasebase.co,https://www.apexcasebase.co,407,Seattle,US,2026-06-07 04:43:08
2026-06-07,MSP Platform,VertexPatchHub,(501) 793-4388,sales@vertexpatchhub.net,https://www.vertexpatchhub.net,217,Berlin,DE,2026-06-07 05:02:07
2026-06-07,MSP Platform,WillowStack Core,314-604-3922 ext. 38,contact@willowstackcore.com,https://www.willowstackcore.com,10,Atlanta,US,2026-06-07 01:01:04
2026-06-07,MSP Platform,MetaNetDynamics,+16406477837,sales@metanetdynamics.com,https://metanetdynamics.com,335,Singapore,SG,2026-06-07 05:42:08
2026-06-07,Medical,GraniteCare Desk,3708960443,info@granitecaredesk.com,https://www.granitecaredesk.com,229,Munich,DE,2026-06-07 02:06:16
2026-06-07,ERP,ZenResource Flow,(254) 492-5936,hello@zenresourceflow.io,https://zenresourceflow.io,95,Munich,DE,2026-06-07 04:59:32
2026-06-07,ERP,LatticeStockCloud,340-539-3364,info@latticestockcloud.net,https://latticestockcloud.net,39,Seattle,US,2026-06-07 01:33:59
2026-06-07,HR,BrightTéam Core,(536) 256-5171,info@brightteamcore.com,https://www.brightteamcore.com,793,London,UK,2026-06-07 06:00:08
2026-06-07,Medical,Umbra ClinicTech,(777) 664-5084,hello@umbraclinictech.com,https://www.umbraclinictech.com,7,Tampa,US,2026-06-07 03:36:16
2026-06-07,ERP,Xenon Ops Outsourcing,727.457.0581,hello@xenonopsoutsourcing.com,https://www.xenonopsoutsourcing.com,0,Denver,US,2026-06-07 04:58:06
2026-06-07,Legal,Blue FilingPlatform,(915) 809-7922,sales@bluefilingplatform.com,https://bluefilingplatform.com,897,Dublin,IE,2026-06-07 04:10:01
2026-06-07,HR,VertexRoster Point,6063418421,info@vertexrosterpoint.com,https://www.vertexrosterpoint.com,7,Leeds,UK,2026-06-07 04:15:52
2026-06-07,Medical,IronHealthSphere,1-420-821-5913 ext. 60,info@ironhealthsphere.com,https://ironhealthsphere.com,8,Islamabad,PK,2026-06-07 03:57:54
2026-06-07,HR,ZenBenefit Sync,(549) 711-9642,hello@zenbenefitsync.com,https://www.zenbenefitsync.com,9,Chicago,US,2026-06-07 06:50:19
2026-06-07,LMS,NimbusTrain Flow,918-470-6286,info@nimbustrainflow.com,https://www.nimbustrainflow.com,95,Lahore,PK,2026-06-07 05:45:11
2026-06-07,Legal,CedarMatterBase,(955) 380-2790,hello@cedarmatterbase.com,https://www.cedarmatterbase.com,7,Amsterdam,NL,2026-06-07 03:01:18
2026-06-07,LMS,VistaMentorApp,+18008705658,info@vistamentorapp.com,vistamentorapp.com,null,Bengaluru,IN,2026-06-07 05:43:31
2026-06-07,HR,AtlasPeople App,1-309-682-3218,sales@atlaspeopleapp.io,https://www.atlaspeopleapp.io,50,Raleigh,US,2026-06-07 06:07:44
2026-06-07,LMS,CobaltPath Core,1-292-398-2813,contact@cobaltpathcore.net,https://www.cobaltpathcore.net,3408,Calgary,CA,2026-06-07 04:33:52
2026-06-07,Medical,Lumen PatientSphere,244-240-7428,hello@lumenpatientsphere.com,https://lumenpatientsphere.com,389,Melbourne,AU,2026-06-07 03:42:44
2026-06-07,Medical,Atlas PatientPoint,(417) 448-0434,contact@atlaspatientpoint.io,https://atlaspatientpoint.io,79,Boston,US,2026-06-07 05:09:51
2026-06-07,ERP,Xenon FinDesk,1-664-376-7835,hello@xenonfindesk.com,https://www.xenonfindesk.com,20,Lahore,PK,2026-06-07 04:22:18
2026-06-07,ERP,Nimbus ResourceCore,+18796161859,info@nimbusresourcecore.co,https://www.nimbusresourcecore.co,30,Munich,DE,2026-06-07 06:40:29
2026-06-07,MSP Platform,BluePatch Soft,+19366280025,contact@bluepatchsoft.com,https://www.bluepatchsoft.com,2003,Tampa,US,2026-06-07 01:15:46
2026-06-07,HR,Vista PeopleSync,780-950-2289,sales@vistapeoplesync.com,https://vistapeoplesync.com,445,Chicago,US,2026-06-07 06:01:27
2026-06-07,MSP Platform,Ember StackCloud,982-964-5581,sales@emberstackcloud.co,https://www.emberstackcloud.co,6,Raleigh,US,2026-06-07 03:21:06
2026-06-07,HR,XenonPeople Base,+16555634207,hello@xenonpeoplebase.net,https://www.xenonpeoplebase.net,503,Raleigh,US,2026-06-07 04:46:29
2026-06-07,Medical,RavenClinic App,886.209.1297,sales@ravenclinicapp.net,https://www.ravenclinicapp.net,7,Toronto,CA,2026-06-07 04:13:32
2026-06-07,Medical,PrimePatient Solutions,615.916.8915,sales@primepatientsolutions.com,https://primepatientsolutions.com,164,Denver,US,2026-06-07 04:16:36
2026-06-07,ERP,EmberOrder Soft,+12765286930,sales@emberordersoft.co,https://www.emberordersoft.co,41,Austin,US,2026-06-07 05:35:43
2026-06-07,ERP,GraniteChain Platform,+14167185707,contact@granitechainplatform.com,https://granitechainplatform.com,16,Toronto,CA,2026-06-07 01:27:56
2026-06-07,ERP,BrightOps Sphere,(566) 311-6409,contact@brightopssphere.com,https://www.brightopssphere.com,46,null,DE,2026-06-07 01:31:02
2026-06-07,Medical,Onyx ChartPlatform,549.692.4088,info@onyxchartplatform.io,https://www.onyxchartplatform.io,9,Boston,US,2026-06-07 03:34:09
2026-06-07,Legal,SableMatterSuite,+14568897914,contact@sablemattersuite.net,https://sablemattersuite.net,2415,Austin,US,2026-06-07 04:53:58
2026-06-07,MSP Platform,MosaicMonitor Labs,514-700-8850,info@mosaicmonitorlabs.io,https://www.mosaicmonitorlabs.io,42,Raleigh,US,2026-06-07 03:28:27
2026-06-07,HR,Willow Talent Outsourcing,+19394174645,hello@willowtalentoutsourcing.com,https://www.willowtalentoutsourcing.com,41,Seattle,US,2026-06-07 01:26:51
2026-06-07,ERP,FalconForge Platform,7728258012,hello@falconforgeplatform.com,https://falconforgeplatform.com,48,Phoenix,US,2026-06-07 02:52:48
2026-06-07,MSP Platform,Alta StackLogic,(972) 317-0946,hello@altastacklogic.com,https://www.altastacklogic.com,61,Tampa,US,2026-06-07 01:50:10
2026-06-07,ERP,Orbit StockSuite,357-663-7659,hello@orbitstocksuite.io,https://www.orbitstocksuite.io,35,Seattle,US,2026-06-07 05:36:18
2026-06-07,Medical,QuantumMedHub,295-595-3100,sales@quantummedhub.com,https://quantummedhub.com,151,Columbus,US,2026-06-07 04:01:21
2026-06-07,MSP Platform,Indigo Remote Outsourcing,(641) 268-6912,info@indigoremoteoutsourcing.com,https://www.indigoremoteoutsourcing.com,49,Columbus,US,2026-06-07 03:00:20
2026-06-07,Medical,Nova MedDesk,(731) 817-1478,N/A,https://novameddesk.co,13,Toronto,CA,2026-06-07 03:19:58
2026-06-07,HR,CrestPeopleCloud,1-387-213-4325,null,https://crestpeoplecloud.io,20,Atlanta,US,2026-06-07 03:45:35
2026-06-07,ERP,RidgeFin Works,8069785582,sales@ridgefinworks.com,https://www.ridgefinworks.com,15,London,UK,2026-06-07 02:45:50
2026-06-07,ERP,BlueChainSphere,+18456300359,hello@bluechainsphere.com,https://www.bluechainsphere.com,54,Chicago,US,2026-06-07 03:03:57
2026-06-07,Legal,BoldFilingPoint,637-896-7319,contact@boldfilingpoint.net,https://www.boldfilingpoint.net,26,Munich,DE,2026-06-07 02:24:50
2026-06-07,Legal,KeystoneLawHub,1-542-678-1368,contact@keystonelawhub.com,https://www.keystonelawhub.com,54,Vancouver,CA,2026-06-07 01:29:10
2026-06-07,Medical,OrbitMedDesk,221-683-7037,contact@orbitmeddesk.com,https://www.orbitmeddesk.com,35,Chicago,US,2026-06-07 06:03:55
2026-06-07,ERP,MetaOps Works,(251) 233-8996,hello@metaopsworks.com,https://metaopsworks.com,16,Raleigh,US,2026-06-07 04:57:57
2026-06-07,Legal,Ember MatterBase,(589) 911-4357 ext. 70,sales@embermatterbase.com,embermatterbase.com,44,Phoenix,US,2026-06-07 06:25:53
2026-06-07,ERP,CobaltBatch Flow,(673) 493-0437,contact@cobaltbatchflow.com,https://cobaltbatchflow.com,5,Phoenix,US,2026-06-07 04:07:14
2026-06-07,ERP,KeystoneOps Flow,(521) 242-7085,hello@keystoneopsflow.com,keystoneopsflow.com,481,Tampa,US,2026-06-07 05:45:06
2026-06-07,HR,Lattice ShiftBase,1-659-335-2974,hello@latticeshiftbase.net,https://latticeshiftbase.net,42,Leeds,UK,2026-06-07 01:46:30
2026-06-07,Legal,OmniMatterLogic,964-962-3532,contact@omnimatterlogic.net,https://omnimatterlogic.net,273,Chicago,US,2026-06-07 02:43:47
2026-06-07,MSP Platform,AtlasNodeHub,+16506048332,contact@atlasnodehub.io,https://www.atlasnodehub.io,14,Boston,US,2026-06-07 02:33:16
2026-06-07,ERP,HaloBatch Flow,4885020362,sales@halobatchflow.co,https://www.halobatchflow.co,42,Seattle,US,2026-06-07 05:20:02
2026-06-07,Legal,OrbitCompli Cloud,5176442599,contact@orbitcomplicloud.com,https://www.orbitcomplicloud.com,4212,Amsterdam,NL,2026-06-07 06:59:45
2026-06-07,ERP,DeltaForgeBase,(771) 491-9156,hello@deltaforgebase.com,https://www.deltaforgebase.com,17,Bengaluru,IN,2026-06-07 01:58:05
2026-06-07,Legal,SilverCounselCloud,+17102605777 ext. 65,contact@silvercounselcloud.com,https://www.silvercounselcloud.com,75,Tampa,US,2026-06-07 05:19:51
2026-06-07,MSP Platform,OmniTicketHub,+12423556542,sales@omnitickethub.com,https://www.omnitickethub.com,79,Austin,US,2026-06-07 03:19:24
2026-06-07,Legal,ApexCompliSync,02666093624,info@apexcomplisync.com,https://www.apexcomplisync.com,59,Tampa,US,2026-06-07 02:44:12
2026-06-07,Legal,SableMatter Base,(747) 700-1295,sales@sablematterbase.com,https://sablematterbase.com,78,Melbourne,AU,2026-06-07 02:28:12
2026-06-07,Medical,CrestHealthFlow,+1 (969) 882-6906,info@cresthealthflow.com,cresthealthflow.com,530,Chicago,US,2026-06-07 01:39:10
2026-06-07,HR,Keystone TeamDesk,(961) 968-9440,hello@keystoneteamdesk.com,https://www.keystoneteamdesk.com,156,Chicago,US,2026-06-07 03:17:32
2026-06-07,Medical,CedarVitalSuite,(903) 931-9578,hello@cedarvitalsuite.io,https://www.cedarvitalsuite.io,2316,Denver,US,2026-06-07 05:42:02
2026-06-07,ERP,Core StockPoint,+14356687888 ext. 67,info@corestockpoint.co,https://www.corestockpoint.co,182,Chicago,US,2026-06-07 06:10:05
2026-06-07,HR,Pioneer TalentBase,223-684-5408 ext. 89,hello@pioneertalentbase.co,https://www.pioneertalentbase.co,16,Tampa,US,2026-06-07 01:29:22
2026-06-07,MSP Platform,Xenon TicketCloud,(881) 489-5703,contact@xenonticketcloud.io,https://xenonticketcloud.io,138,Denver,US,2026-06-07 05:15:11
2026-06-07,Medical,Clear Health Staffing,581.842.2959,sales@clearhealthstaffing.co,https://clearhealthstaffing.co,63,Columbus,US,2026-06-07 04:10:47
2026-06-07,Medical,GoldenPulse Base,+15592741320,info@goldenpulsebase.com,https://goldenpulsebase.com,6,Boston,US,2026-06-07 02:50:50
2026-06-07,MSP Platform,IronNodeBase,285-848-0470,info@ironnodebase.com,https://www.ironnodebase.com,73,Columbus,US,2026-06-07 05:12:32
2026-06-07,HR,PrimeShiftDynamics,303-806-5690 ext. 41,contact@primeshiftdynamics.io,https://www.primeshiftdynamics.io,66,Denver,US,2026-06-07 05:13:13
2026-06-07,MSP Platform,Indigo TicketSync,+19507968037,sales@indigoticketsync.com,https://indigoticketsync.com,96,Boston,US,2026-06-07 01:32:23
2026-06-07,HR,Ridgeway PayrollFlow,6777055628,contact@ridgewaypayrollflow.co,ridgewaypayrollflow.co,107,Chicago,US,2026-06-07 06:15:45
2026-06-07,HR,HaloShift Systems,(505) 607-4993,hello@haloshiftsystems.com,haloshiftsystems.com,491,Tampa,US,2026-06-07 02:12:45
2026-06-07,HR,Crown BenefitTech,+18452723983 ext. 83,contact@crownbenefittech.com,https://www.crownbenefittech.com,8,Denver,US,2026-06-07 01:57:33
2026-06-07,MSP Platform,Keystone EndpointLabs,5782829095,N/A,https://keystoneendpointlabs.net,58,Atlanta,US,2026-06-07 05:50:05
2026-06-07,ERP,Cedar StockFlow,710.813.6692 ext. 43,info@cedarstockflow.io,https://cedarstockflow.io,398,Hyderabad,IN,2026-06-07 06:30:57
2026-06-07,MSP Platform,GoldenNetSystems,240.407.7168,hello@goldennetsystems.com,https://goldennetsystems.com,92,Manchester,UK,2026-06-07 04:22:40
2026-06-07,Legal,Golden CompliSync,+18733229329,info@goldencomplisync.com,https://www.goldencomplisync.com,-,Sydney,AU,2026-06-07 02:33:07
2026-06-07,Medical,MosaicVital Point,(701) 591-6683,hello@mosaicvitalpoint.com,https://mosaicvitalpoint.com,15,Seattle,US,2026-06-07 06:52:43
2026-06-07,Medical,NovaPulse Hub,(466) 653-0645,hello@novapulsehub.com,https://www.novapulsehub.com,81,Sydney,AU,2026-06-07 06:26:07
2026-06-07,HR,Granite CultureSystems,(371) 208-6607,contact@graniteculturesystems.co,https://graniteculturesystems.co,197,Raleigh,US,2026-06-07 01:31:37
2026-06-07,ERP,PrimeStock Hub,(309) 890-7571,contact@primestockhub.com,primestockhub.com,17,Phoenix,US,2026-06-07 06:29:21
2026-06-07,HR,RidgewayPayrollDesk,908.545.4435,sales@ridgewaypayrolldesk.com,ridgewaypayrolldesk.com,null,Atlanta,US,2026-06-07 06:56:04
2026-06-07,HR,IndigoBenefit Sync,+14112781602,sales@indigobenefitsync.net,https://www.indigobenefitsync.net,121,Chicago,US,2026-06-07 02:30:31
2026-06-07,Medical,Mosaic HealthSuite,+13576850081,sales@mosaichealthsuite.com,https://www.mosaichealthsuite.com,55,Manchester,UK,2026-06-07 06:35:14
2026-06-07,Legal,Solid CaseCore,(911) 736-2538 ext. 82,info@solidcasecore.com,https://www.solidcasecore.com,4960,Singapore,SG,2026-06-07 05:43:36
2026-06-07,HR,OmniTalentFlow,+13517404367,contact@omnitalentflow.com,https://www.omnitalentflow.com,59,London,UK,2026-06-07 03:47:00
2026-06-07,MSP Platform,SummitTicket Dynamics,+12539663495,info@summitticketdynamics.com,https://summitticketdynamics.com,199,Chicago,US,2026-06-07 02:27:50
2026-06-07,ERP,RavenForgePoint,(474) 505-9642,contact@ravenforgepoint.com,https://www.ravenforgepoint.com,516,Boston,US,2026-06-07 01:08:23
2026-06-07,Medical,Lumen VitalLogic,(593) 359-8955,hello@lumenvitallogic.net,https://lumenvitallogic.net,59,Denver,US,2026-06-07 02:19:34
2026-06-07,ERP,Juniper StockPoint,(859) 660-1608,info@juniperstockpoint.net,https://www.juniperstockpoint.net,18,Islamabad,PK,2026-06-07 05:14:50
2026-06-07,ERP,WillowChainLogic,(572) 735-5557,sales@willowchainlogic.com,https://willowchainlogic.com,48,London,UK,2026-06-07 02:05:16
2026-06-07,Medical,CrownPatient Works,(984) 823-7510,info@crownpatientworks.net,https://www.crownpatientworks.net,43,Toronto,CA,2026-06-07 05:08:08
2026-06-07,Legal,TidalCounselSphere,+14638277948 ext. 85,contact@tidalcounselsphere.com,https://www.tidalcounselsphere.com,19,Sydney,AU,2026-06-07 06:51:01
2026-06-07,ERP,SableOpsSphere,8002284267,hello@sableopssphere.io,https://www.sableopssphere.io,12,-,US,2026-06-07 03:10:00
2026-06-07,Legal,Cedar ClauseWorks,+15275438530,info@cedarclauseworks.com,https://www.cedarclauseworks.com,99,Austin,US,2026-06-07 01:49:12
2026-06-07,Medical,WillowPulse Works,+17934713707,contact@willowpulseworks.net,https://www.willowpulseworks.net,7,Dublin,IE,2026-06-07 04:05:51
2026-06-07,ERP,XenonStockCloud,791-616-5319,sales@xenonstockcloud.com,xenonstockcloud.com,34,Raleigh,US,2026-06-07 02:13:24
2026-06-07,MSP Platform,IndigoPatchPoint,+1 (703) 992-0281,info@indigopatchpoint.com,https://www.indigopatchpoint.com,4669,Denver,US,2026-06-07 02:29:03
2026-06-07,ERP,CoreOpsSuite,2344586434,contact@coreopssuite.com,https://www.coreopssuite.com,66,Atlanta,US,2026-06-07 02:33:18
2026-06-07,ERP,AnchorBatchSolutions,+1 (308) 412-0393,sales@anchorbatchsolutions.com,https://www.anchorbatchsolutions.com,7,Chicago,US,2026-06-07 04:21:38
2026-06-07,MSP Platform,Halo StackDesk,05712655173,hello@halostackdesk.net,https://www.halostackdesk.net,11,Tampa,US,2026-06-07 06:27:33
2026-06-07,HR,RavenOnboard Point,+12956875970,hello@ravenonboardpoint.com,https://www.ravenonboardpoint.com,129,Seattle,US,2026-06-07 01:30:00
2026-06-07,ERP,BoldResourceTech,442.689.4997,contact@boldresourcetech.com,https://boldresourcetech.com,15,Seattle,US,2026-06-07 03:49:52
2026-06-07,HR,VeloBenefit Labs,+13246732928,contact@velobenefitlabs.com,https://www.velobenefitlabs.com,53,Tampa,US,2026-06-07 04:53:21
2026-06-07,MSP Platform,Onyx GridSuite,+16573123223,sales@onyxgridsuite.co,onyxgridsuite.co,40,Dublin,IE,2026-06-07 01:51:12
2026-06-07,MSP Platform,LatticeNode Soft,+17415912454,hello@latticenodesoft.io,https://www.latticenodesoft.io,30,Phoenix,US,2026-06-07 03:49:53
2026-06-07,HR,Zephyr PerformCore,1-638-493-5546,contact@zephyrperformcore.io,https://www.zephyrperformcore.io,14,Boston,US,2026-06-07 03:43:38
2026-06-07,Medical,Omni RxBase,+12202512530,contact@omnirxbase.com,https://www.omnirxbase.com,136,Melbourne,AU,2026-06-07 06:20:35
2026-06-07,MSP Platform,Vertex Ticket Talent Agency,964-518-7111,info@vertextickettalentagency.com,https://www.vertextickettalentagency.com,96,Leeds,UK,2026-06-07 01:52:48
2026-06-07,ERP,HaloResource Logic,+19058294824,sales@haloresourcelogic.com,https://www.haloresourcelogic.com,10,Columbus,US,2026-06-07 04:19:29
2026-06-07,ERP,PolarisBatch Solutions,+12446858841,info@polarisbatchsolutions.net,https://www.polarisbatchsolutions.net,88,London,UK,2026-06-07 05:30:01
2026-06-07,ERP,Silver Chain Recruiting,5649923197,info@silverchainrecruiting.com,https://www.silverchainrecruiting.com,24,Raleigh,US,2026-06-07 06:19:31
2026-06-07,HR,Meta PerformWorks,718.572.2997,sales@metaperformworks.com,https://www.metaperformworks.com,654,Phoenix,US,2026-06-07 06:00:13
2026-06-07,Medical,VistaRxLogic,(534) 943-5202,hello@vistarxlogic.com,vistarxlogic.com,440,Sydney,AU,2026-06-07 02:43:24
2026-06-07,ERP,Ridgeway OrderSphere,+17784692813,contact@ridgewayordersphere.io,https://ridgewayordersphere.io,33,Seattle,US,2026-06-07 05:05:30
2026-06-07,Medical,Lattice VitalPlatform,684-381-7734,contact@latticevitalplatform.io,https://www.latticevitalplatform.io,N/A,Singapore,SG,2026-06-07 03:08:18
2026-06-07,Legal,Bright VerdictTech,+18063624486,info@brightverdicttech.io,https://www.brightverdicttech.io,32,Phoenix,US,2026-06-07 04:19:06
2026-06-07,Medical,AtlasCareTech,(349) 509-7890,sales@atlascaretech.io,https://www.atlascaretech.io,,Boston,US,2026-06-07 06:01:36
2026-06-07,MSP Platform,Iron NodeSoft,(867) 737-5582,contact@ironnodesoft.com,https://www.ironnodesoft.com,5,Raleigh,US,2026-06-07 04:00:29
2026-06-07,ERP,Beacon Plan Outsourcing,(828) 346-4773,contact@beaconplanoutsourcing.com,https://www.beaconplanoutsourcing.com,12,Karachi,PK,2026-06-07 01:26:52
2026-06-07,HR,Vertex CultureApp,(321) 392-4856,hello@vertexcultureapp.com,https://vertexcultureapp.com,17,Dublin,IE,2026-06-07 01:19:45
2026-06-07,MSP Platform,PolarisNetPlatform,2964123640,contact@polarisnetplatform.com,https://www.polarisnetplatform.com,96,London,UK,2026-06-07 04:25:11
2026-06-07,MSP Platform,LatticePatchPlatform LLC,(826) 999-2164,hello@latticepatchplatform.com,https://latticepatchplatform.com,188,Phoenix,US,2026-06-07 03:34:11
2026-06-07,ERP,FusionBatch Labs,2035155096,sales@fusionbatchlabs.com,https://www.fusionbatchlabs.com,10,Chicago,US,2026-06-07 05:49:45
2026-06-07,Medical,SilverClinic Core,1-426-261-6811,sales@silvercliniccore.com,silvercliniccore.com,78,Chicago,US,2026-06-07 04:56:07
2026-06-07,Medical,RavenRxDesk,(599) 310-2411,N/A,ravenrxdesk.com,5,Lahore,PK,2026-06-07 01:49:48
2026-06-07,ERP,RapidOps App,721.680.2101,sales@rapidopsapp.net,https://www.rapidopsapp.net,256,Amsterdam,NL,2026-06-07 06:29:59
2026-06-07,MSP Platform,CoreEndpoint Core,05774850460,contact@coreendpointcore.com,coreendpointcore.com,634,Vancouver,CA,2026-06-07 02:40:46
2026-06-07,ERP,Pivot OpsApp,+14418224788,sales@pivotopsapp.com,https://www.pivotopsapp.com,55,Pune,IN,2026-06-07 04:04:56
2026-06-07,Medical,Beacon PulsePoint,8358012429,hello@beaconpulsepoint.com,https://beaconpulsepoint.com,95,Atlanta,US,2026-06-07 06:09:06
2026-06-07,ERP,CedarStockLogic,(873) 363-9765,hello@cedarstocklogic.io,https://cedarstocklogic.io,135,Phoenix,US,2026-06-07 05:07:49
2026-06-07,Medical,Juniper ClinicPlatform,(727) 584-4897,info@juniperclinicplatform.io,juniperclinicplatform.io,120,Toronto,CA,2026-06-07 04:57:04
2026-06-07,Medical,RidgewayClinicCore,507-693-0369,sales@ridgewaycliniccore.co,https://www.ridgewaycliniccore.co,16,Atlanta,US,2026-06-07 01:21:26
2026-06-07,LMS,BrightLearn Core,(628) 796-3980,hello@brightlearncore.com,brightlearncore.com,65,Calgary,CA,2026-06-07 04:44:17
2026-06-07,Medical,Cedar RxSphere,318-293-9569,info@cedarrxsphere.io,cedarrxsphere.io,96,Tampa,US,2026-06-07 01:43:10
2026-06-07,HR,Meta RosterCloud,+12826584998,info@metarostercloud.com,https://www.metarostercloud.com,209,Chicago,US,2026-06-07 03:30:42
2026-06-07,MSP Platform,DeltaEndpointSync,9646616993 ext. 32,sales@deltaendpointsync.com,https://www.deltaendpointsync.com,170,Seattle,US,2026-06-07 05:21:24
2026-06-07,ERP,SolidPlanSolutions,266-569-4674,sales@solidplansolutions.com,https://www.solidplansolutions.com,321,Seattle,US,2026-06-07 05:06:19
2026-06-07,LMS,MosaicLearnSync,794-484-6279 ext. 81,sales@mosaiclearnsync.com,https://www.mosaiclearnsync.com,34,Berlin,DE,2026-06-07 06:30:14
2026-06-07,ERP,IronFin Point,1-321-755-4007 ext. 93,contact@ironfinpoint.com,https://www.ironfinpoint.com,496,Munich,DE,2026-06-07 01:26:18
2026-06-07,Legal,True MatterTech,(263) 457-6310,info@truemattertech.com,https://truemattertech.com,293,Manchester,UK,2026-06-07 05:46:20
2026-06-07,Legal,Cedar CaseSystems,+1 (949) 686-7886,info@cedarcasesystems.com,https://www.cedarcasesystems.com,9,Austin,US,2026-06-07 01:58:48
2026-06-07,MSP Platform,CrestRemoteSolutions,6127618993,sales@crestremotesolutions.co,https://www.crestremotesolutions.co,245,Boston,US,2026-06-07 02:43:04
2026-06-07,Legal,MetaBriefTech,+14376883586,info@metabrieftech.com,https://www.metabrieftech.com,49,Austin,US,2026-06-07 05:50:40
2026-06-07,ERP,Atlas PlanSuite,(376) 598-9068,sales@atlasplansuite.io,https://atlasplansuite.io,16,Chicago,US,2026-06-07 03:13:05
2026-06-07,Medical,Cedar PulseWorks,+16899967359,hello@cedarpulseworks.net,https://www.cedarpulseworks.net,9,Tampa,US,2026-06-07 02:52:25
2026-06-07,HR,Meta ShiftPoint,209-240-1435,hello@metashiftpoint.com,metashiftpoint.com,17,Vancouver,CA,2026-06-07 03:52:59
2026-06-07,ERP,EmberChainTech,286-909-9093,sales@emberchaintech.io,https://www.emberchaintech.io,9,Boston,US,2026-06-07 03:43:21
2026-06-07,HR,OrbitBenefit Systems,(982) 896-6882,info@orbitbenefitsystems.io,https://www.orbitbenefitsystems.io,12,Bengaluru,IN,2026-06-07 03:39:53
2026-06-07,ERP,PrimeBatch Dynamics,(452) 371-5412,sales@primebatchdynamics.com,https://primebatchdynamics.com,23,Raleigh,US,2026-06-07 05:34:04
2026-06-07,Medical,NovaChart Systems,6057849941,info@novachartsystems.io,https://novachartsystems.io,36,Boston,US,2026-06-07 04:11:48
2026-06-07,ERP,MetaChainSystems,+14464156567,hello@metachainsystems.net,https://www.metachainsystems.net,354,Austin,US,2026-06-07 01:56:40
2026-06-07,Medical,Sable HealthLogic,(972) 430-0409,contact@sablehealthlogic.com,https://sablehealthlogic.com,31,Melbourne,AU,2026-06-07 06:12:30
2026-06-07,ERP,Harbor ResourceWorks,03278260837,hello@harborresourceworks.co,harborresourceworks.co,37,Manchester,UK,2026-06-07 03:55:41
2026-06-07,HR,JuniperBenefitSphere,1-485-471-9629,sales@juniperbenefitsphere.io,juniperbenefitsphere.io,15,Phoenix,US,2026-06-07 02:05:44
2026-06-07,MSP Platform,Halo PatchApp,(534) 993-2524,-,halopatchapp.com,37,Atlanta,US,2026-06-07 06:34:07
2026-06-07,MSP Platform,IronNode Sphere,474.724.3237,contact@ironnodesphere.com,https://ironnodesphere.com,238,Columbus,US,2026-06-07 05:04:20
2026-06-07,Medical,NovaMedPoint,+17433335336,hello@novamedpoint.io,https://www.novamedpoint.io,442,Denver,US,2026-06-07 04:24:10
2026-06-07,ERP,MosaicLedger Point,+15162151923,sales@mosaicledgerpoint.com,https://www.mosaicledgerpoint.com,18,Singapore,SG,2026-06-07 04:15:28
2026-06-07,HR,Clear BenefitWorks,+16937648030,contact@clearbenefitworks.com,https://www.clearbenefitworks.com,287,Seattle,US,2026-06-07 06:55:28
2026-06-07,HR,SilverPerform Suite,(279) 624-0294 ext. 26,hello@silverperformsuite.io,https://www.silverperformsuite.io,,Islamabad,PK,2026-06-07 02:09:09
2026-06-07,HR,TidalBenefitSystems,911-508-9426,hello@tidalbenefitsystems.io,https://tidalbenefitsystems.io,20,Austin,US,2026-06-07 02:10:37
2026-06-07,ERP,RidgewayOps Sync,(703) 245-4831,contact@ridgewayopssync.io,https://ridgewayopssync.io,68,Amsterdam,NL,2026-06-07 01:05:12
2026-06-07,HR,Alta PeopleFlow,832-762-7877,contact@altapeopleflow.com,https://altapeopleflow.com,8,Melbourne,AU,2026-06-07 01:02:53
2026-06-07,MSP Platform,Lattice EndpointSuite,(745) 758-8421,info@latticeendpointsuite.io,https://www.latticeendpointsuite.io,9,Seattle,US,2026-06-07 01:31:02
2026-06-07,ERP,VistaFin Works,+18783645471,sales@vistafinworks.io,https://vistafinworks.io,127,Tampa,US,2026-06-07 02:31:57
2026-06-07,ERP,BeaconForgeCloud,565-904-8057,sales@beaconforgecloud.co,https://www.beaconforgecloud.co,424,Leeds,UK,2026-06-07 02:57:49
2026-06-07,HR,LumenPeopleTech,07455595039,sales@lumenpeopletech.com,https://www.lumenpeopletech.com,73,Tampa,US,2026-06-07 05:54:21
2026-06-07,LMS,SummitLearnBase,358-341-6499,contact@summitlearnbase.co,https://www.summitlearnbase.co,778,Atlanta,US,2026-06-07 04:59:14
2026-06-07,ERP,QuartzOpsApp,+13994573698,contact@quartzopsapp.io,https://www.quartzopsapp.io,59,Raleigh,US,2026-06-07 03:55:24
2026-06-07,Legal,SolidMatterDynamics,(968) 539-9052 ext. 9,null,solidmatterdynamics.io,77,Chicago,US,2026-06-07 03:41:44
2026-06-07,HR,JuniperBenefit Works,(237) 385-3186,sales@juniperbenefitworks.co,https://juniperbenefitworks.co,60,Chicago,US,2026-06-07 01:37:53
2026-06-07,Medical,DeltaChartPlatform,367-473-9012,contact@deltachartplatform.co,deltachartplatform.co,20,Karachi,PK,2026-06-07 05:11:43
2026-06-07,ERP,Keystone ChainApp,1-306-408-9649 ext. 51,contact@keystonechainapp.io,https://www.keystonechainapp.io,9,Pune,IN,2026-06-07 06:28:02
2026-06-07,ERP,Golden ResourceLogic,429-215-2930,contact@goldenresourcelogic.io,https://www.goldenresourcelogic.io,40,Austin,US,2026-06-07 02:11:49
2026-06-07,Medical,Lumen Med Talent Agency,+15767049371,info@lumenmedtalentagency.io,lumenmedtalentagency.io,28,Raleigh,US,2026-06-07 04:23:47
2026-06-07,ERP,SilverPlan Sphere,+18645494117,info@silverplansphere.io,https://www.silverplansphere.io,20,Columbus,US,2026-06-07 02:14:30
2026-06-07,Medical,JuniperPatientHub,(686) 912-7252,hello@juniperpatienthub.io,https://juniperpatienthub.io,33,Chicago,US,2026-06-07 01:37:52
2026-06-07,HR,Cobalt BenefitLogic,676.440.1519,contact@cobaltbenefitlogic.co,https://cobaltbenefitlogic.co,50,Chicago,US,2026-06-07 02:07:18
2026-06-07,ERP,Delta ForgeCloud,603-288-1126,hello@deltaforgecloud.io,deltaforgecloud.io,31,Austin,US,2026-06-07 02:45:56
2026-06-07,MSP Platform,Anchor PatchTech,+18136922120,sales@anchorpatchtech.io,https://www.anchorpatchtech.io,14,Dublin,IE,2026-06-07 06:53:13
2026-06-07,Medical,Crest ChartDynamics,878-404-8740,info@crestchartdynamics.com,https://crestchartdynamics.com,122,Denver,US,2026-06-07 01:14:49
2026-06-07,LMS,LumenMentorLabs,558-301-7224,info@lumenmentorlabs.com,https://www.lumenmentorlabs.com,39,Bengaluru,IN,2026-06-07 03:48:28
2026-06-07,ERP,Zén OpsLogic,552.903.0200,N/A,https://www.zenopslogic.com,18,Atlanta,US,2026-06-07 02:09:47
2026-06-07,HR,TrueRoster Dynamics,(957) 907-1236,contact@truerosterdynamics.com,https://www.truerosterdynamics.com,11,Lahore,PK,2026-06-07 03:11:56
2026-06-07,ERP,SummitForge Core,+19692131700,sales@summitforgecore.io,https://www.summitforgecore.io,803,Columbus,US,2026-06-07 06:25:50
2026-06-07,Legal,FusionCounselFlow,+13027290829,info@fusioncounselflow.com,https://www.fusioncounselflow.com,322,Phoenix,US,2026-06-07 06:27:45
2026-06-07,Legal,PioneerClause Works,428-628-3862,N/A,https://www.pioneerclauseworks.io,95,Tampa,US,2026-06-07 04:22:49
2026-06-07,Medical,Keystone CareLabs,641.563.2298,info@keystonecarelabs.com,https://www.keystonecarelabs.com,6,Toronto,CA,2026-06-07 06:39:11
2026-06-07,MSP Platform,Xenon Stack Consulting Group,(728) 902-0782,sales@xenonstackconsultinggroup.com,https://www.xenonstackconsultinggroup.com,13,Raleigh,US,2026-06-07 02:55:35
2026-06-07,Medical,Prime Clinic Manpower Services,1-203-235-1663,info@primeclinicmanpowerservices.com,https://primeclinicmanpowerservices.com,16,Manchester,UK,2026-06-07 05:41:28
2026-06-07,Medical,FalconCareDynamics,+19638950465,hello@falconcaredynamics.com,https://www.falconcaredynamics.com,984,Manchester,UK,2026-06-07 03:07:29
2026-06-07,MSP Platform,KeystoneTicket Suite,(790) 334-3192,info@keystoneticketsuite.com,https://www.keystoneticketsuite.com,416,Boston,US,2026-06-07 01:51:28
2026-06-07,Medical,TrueHealthSphere,+17549726701,sales@truehealthsphere.io,https://truehealthsphere.io,120,Manchester,UK,2026-06-07 03:51:44
2026-06-07,ERP,Prime ForgeSync,8129820135,contact@primeforgesync.com,https://primeforgesync.com,53,Chicago,US,2026-06-07 01:02:51
2026-06-07,Medical,Crest MedDesk,305-831-9410,contact@crestmeddesk.net,crestmeddesk.net,44,Austin,US,2026-06-07 01:21:02
2026-06-07,ERP,RavenStock Systems,2088332006,contact@ravenstocksystems.io,https://www.ravenstocksystems.io,5,Chicago,US,2026-06-07 03:41:39
2026-06-07,MSP Platform,Cobalt EndpointSphere,+12905790829,info@cobaltendpointsphere.com,https://www.cobaltendpointsphere.com,567,Austin,US,2026-06-07 02:14:36
2026-06-07,MSP Platform,SolidNode Systems,06582943679,hello@solidnodesystems.com,https://www.solidnodesystems.com,7,Phoenix,US,2026-06-07 05:18:20
2026-06-07,MSP Platform,Ridge TicketPoint,+15323945567,contact@ridgeticketpoint.io,https://ridgeticketpoint.io,43,Denver,US,2026-06-07 03:40:47
2026-06-07,ERP,Alta StockBase,(234) 276-5551,info@altastockbase.net,https://altastockbase.net,265,Boston,US,2026-06-07 01:39:44
2026-06-07,ERP,FusionLedgerHub,+19849720961,info@fusionledgerhub.co,https://fusionledgerhub.co,318,Dublin,IE,2026-06-07 02:08:18
2026-06-07,ERP,PivotForge Cloud,395.236.5560,hello@pivotforgecloud.com,https://www.pivotforgecloud.com,47,Atlanta,US,2026-06-07 02:10:38
2026-06-07,ERP,Indigo Forge BPO Services,+13206907351 ext. 22,hello@indigoforgebposervices.com,https://www.indigoforgebposervices.com,10,Sydney,AU,2026-06-07 05:59:20
2026-06-07,ERP,Crown LedgerPoint,947-923-2931,sales@crownledgerpoint.com,crownledgerpoint.com,38,Pune,IN,2026-06-07 06:55:43
2026-06-07,ERP,CoreChain Core,914-909-5884,null,corechaincore.com,14,Boston,US,2026-06-07 03:23:16
2026-06-07,MSP Platform,Orbit GridWorks,466.356.9948,hello@orbitgridworks.com,https://www.orbitgridworks.com,20,Tampa,US,2026-06-07 06:37:25
2026-06-07,HR,BoldPayrollCloud,05036789484 ext. 66,contact@boldpayrollcloud.com,https://www.boldpayrollcloud.com,124,Columbus,US,2026-06-07 04:07:43
2026-06-07,HR,RidgewayTeam Systems,+14683682010 ext. 76,info@ridgewayteamsystems.com,https://www.ridgewayteamsystems.com,286,Atlanta,US,2026-06-07 02:53:16
2026-06-07,Legal,CoreMatter Suite,(263) 354-7666,contact@coremattersuite.co,https://www.coremattersuite.co,8,Phoenix,US,2026-06-07 05:41:48
2026-06-07,ERP,HarborResourceTech,+12766838255,info@harborresourcetech.io,https://www.harborresourcetech.io,223,Atlanta,US,2026-06-07 05:41:55
2026-06-07,Medical,Nimbus Health Outsourcing,650-478-7348,info@nimbushealthoutsourcing.co,https://www.nimbushealthoutsourcing.co,69,Seattle,US,2026-06-07 03:07:30
2026-06-07,ERP,ZenLedgerApp,534-678-1612,hello@zenledgerapp.com,https://zenledgerapp.com,46,Bengaluru,IN,2026-06-07 06:28:47
2026-06-07,Medical,Cedar RxSync,607-848-6487,contact@cedarrxsync.io,https://www.cedarrxsync.io,166,Phoenix,US,2026-06-07 01:52:53
2026-06-07,ERP,AnchorBatch Solutions,+18385919080,info@anchorbatchsolutions.io,https://www.anchorbatchsolutions.io,841,Bengaluru,IN,2026-06-07 05:16:30
2026-06-07,Medical,CoreClinicLabs,(309) 337-8877,hello@corecliniclabs.com,corecliniclabs.com,24,Raleigh,US,2026-06-07 06:54:24
2026-06-07,Medical,PrimeMed Hub,+13905061390,sales@primemedhub.net,https://primemedhub.net,83,Columbus,US,2026-06-07 01:49:48
2026-06-07,ERP,Quantum StockSoft,+1 (350) 557-6088,sales@quantumstocksoft.com,https://www.quantumstocksoft.com,6,Dublin,IE,2026-06-07 03:55:34
2026-06-07,Medical,Core MedHub,(676) 371-1469,info@coremedhub.com,https://www.coremedhub.com,15,Boston,US,2026-06-07 04:42:26
2026-06-07,Medical,Atlas RxDesk,8142330752 ext. 28,contact@atlasrxdesk.com,atlasrxdesk.com,10,Atlanta,US,2026-06-07 02:47:05
2026-06-07,HR,Vista PerformApp,666-325-6883,sales@vistaperformapp.com,https://www.vistaperformapp.com,11,Singapore,SG,2026-06-07 03:21:24
2026-06-07,Medical,Beacon RxDesk,2315174476,sales@beaconrxdesk.co,https://beaconrxdesk.co,23,Phoenix,US,2026-06-07 01:52:02
2026-06-07,HR,Harbor OnboardSphere,+14416376010,contact@harboronboardsphere.co,https://www.harboronboardsphere.co,30,Chicago,US,2026-06-07 05:40:14
2026-06-07,HR,Ridgeway ShiftCore,4946369714,sales@ridgewayshiftcore.co,https://ridgewayshiftcore.co,16,Chicago,US,2026-06-07 04:07:15
2026-06-07,MSP Platform,VeloNetWorks,804-265-9040,sales@velonetworks.com,https://www.velonetworks.com,87,Seattle,US,2026-06-07 03:52:34
2026-06-07,ERP,FusionPlan Hub,884-705-5203,info@fusionplanhub.com,https://www.fusionplanhub.com,439,Amsterdam,NL,2026-06-07 01:07:07
2026-06-07,MSP Platform,NimbusRemoteDynamics,1-846-668-3808,hello@nimbusremotedynamics.io,https://nimbusremotedynamics.io,27,London,UK,2026-06-07 05:53:57
2026-06-07,Legal,OrbitMatter Desk,6655599740,hello@orbitmatterdesk.com,https://www.orbitmatterdesk.com,4582,Melbourne,AU,2026-06-07 05:13:45
2026-06-07,MSP Platform,NorthUptime Cloud,4152350093,hello@northuptimecloud.com,https://northuptimecloud.com,72,Phoenix,US,2026-06-07 02:13:43
2026-06-07,ERP,QuantumFin Suite,345-888-0294,sales@quantumfinsuite.net,quantumfinsuite.net,11,Boston,US,2026-06-07 03:39:42
2026-06-07,Medical,QuantumVitalCloud,4773696267,hello@quantumvitalcloud.com,https://www.quantumvitalcloud.com,6,N/A,US,2026-06-07 02:06:44
2026-06-07,ERP,Alta StockWorks,(454) 931-3855,hello@altastockworks.com,https://www.altastockworks.com,4211,Melbourne,AU,2026-06-07 01:47:57
2026-06-07,Medical,Willow MedWorks,398-572-9387,contact@willowmedworks.com,willowmedworks.com,172,Boston,US,2026-06-07 02:04:17
2026-06-07,Medical,QuartzPatientHub,+15835096970,info@quartzpatienthub.com,https://www.quartzpatienthub.com,808,Denver,US,2026-06-07 01:56:19
2026-06-07,ERP,Nova StockWorks,(612) 666-7074,info@novastockworks.io,https://www.novastockworks.io,330,Leeds,UK,2026-06-07 04:31:26
2026-06-07,HR,SilverPeople Desk,+13846736633,contact@silverpeopledesk.io,silverpeopledesk.io,15,London,UK,2026-06-07 06:56:37
2026-06-07,LMS,Orbit SkillWorks,+17674839571,info@orbitskillworks.com,https://www.orbitskillworks.com,46,Phoenix,US,2026-06-07 04:27:55
2026-06-07,Medical,Xenon CareApp,271.996.0096,info@xenoncareapp.com,https://www.xenoncareapp.com,3445,Bengaluru,IN,2026-06-07 03:08:58
2026-06-07,ERP,QuantumFinFlow,821-949-2131,contact@quantumfinflow.com,https://www.quantumfinflow.com,40,Boston,US,2026-06-07 05:16:55
2026-06-07,Legal,PolarisFiling Base,+18006337495,hello@polarisfilingbase.com,https://www.polarisfilingbase.com,531,Denver,US,2026-06-07 04:57:30
2026-06-07,ERP,CrownOrderPlatform,945-999-0867,hello@crownorderplatform.net,https://www.crownorderplatform.net,25,Amsterdam,NL,2026-06-07 02:15:48
2026-06-07,Legal,VeloDocket Works,610-680-4842,contact@velodocketworks.io,https://www.velodocketworks.io,9,Manchester,UK,2026-06-07 06:56:31
2026-06-07,HR,OnyxPerformCore,1-797-241-3029,contact@onyxperformcore.com,https://www.onyxperformcore.com,325,Denver,US,2026-06-07 01:27:19
2026-06-07,HR,Ridgeway RosterCloud,(384) 371-7046,info@ridgewayrostercloud.com,https://www.ridgewayrostercloud.com,5,London,UK,2026-06-07 01:35:32
2026-06-07,HR,MosaicBénefit Platform,8684988753,sales@mosaicbenefitplatform.net,https://www.mosaicbenefitplatform.net,66,Boston,US,2026-06-07 02:27:50
2026-06-07,ERP,CedarLedger Labs,+13995502990,sales@cedarledgerlabs.io,https://www.cedarledgerlabs.io,719,Raleigh,US,2026-06-07 06:20:10
2026-06-07,Legal,Ridge Matter Recruiting,+13716567716,info@ridgematterrecruiting.com,https://www.ridgematterrecruiting.com,3897,Boston,US,2026-06-07 03:28:05
2026-06-07,HR,Beacon RosterSystems,9539351748,sales@beaconrostersystems.com,https://www.beaconrostersystems.com,8,Hyderabad,IN,2026-06-07 02:40:59
2026-06-07,ERP,OnyxStock Hub,612.434.3192,sales@onyxstockhub.com,https://www.onyxstockhub.com,100,Chicago,US,2026-06-07 02:19:08
2026-06-07,Medical,Beacon PatientCloud,+17019054888,hello@beaconpatientcloud.net,https://www.beaconpatientcloud.net,19,Leeds,UK,2026-06-07 01:12:19
2026-06-07,HR,QuantumTalent Flow,(331) 769-5992,hello@quantumtalentflow.com,https://www.quantumtalentflow.com,2734,Leeds,UK,2026-06-07 05:06:58
2026-06-07,ERP,Harbor ForgeSync,+17903494337,hello@harborforgesync.io,harborforgesync.io,554,Raleigh,US,2026-06-07 03:46:22
2026-06-07,HR,Meta PayrollDynamics,3625859153,sales@metapayrolldynamics.co,https://metapayrolldynamics.co,38,Atlanta,US,2026-06-07 04:46:26
2026-06-07,MSP Platform,LatticeGrid’s Labs,+19139552182,contact@latticegridlabs.com,https://www.latticegridlabs.com,127,Seattle,US,2026-06-07 04:16:37
2026-06-07,Legal,BoldDocket Labs,+16309265982,,https://bolddocketlabs.io,452,Columbus,US,2026-06-07 05:29:40
2026-06-07,MSP Platform,HaloEndpointCloud,669-382-5452,contact@haloendpointcloud.io,https://haloendpointcloud.io,57,Atlanta,US,2026-06-07 06:54:09
2026-06-07,LMS,Harbor Mentor Outsourcing,1-273-960-7114,sales@harbormentoroutsourcing.com,https://harbormentoroutsourcing.com,54,Boston,US,2026-06-07 01:32:15
2026-06-07,ERP,BrightOrder Dynamics,(909) 543-2329,sales@brightorderdynamics.io,https://www.brightorderdynamics.io,20,Austin,US,2026-06-07 03:59:03
2026-06-07,HR,Vista CultureHub,653-919-0589,info@vistaculturehub.io,https://www.vistaculturehub.io,20,Leeds,UK,2026-06-07 04:21:46
2026-06-07,HR,PrimePeople Works,+12046266813,sales@primepeopleworks.io,https://www.primepeopleworks.io,43,Seattle,US,2026-06-07 05:32:38
2026-06-07,Medical,Alta CareDesk,475-382-9313,contact@altacaredesk.net,https://www.altacaredesk.net,167,Raleigh,US,2026-06-07 03:39:22
2026-06-07,ERP,RapidStock Suite,7828578968,contact@rapidstocksuite.com,https://www.rapidstocksuite.com,11,Tampa,US,2026-06-07 02:30:46
2026-06-07,HR,Raven OnboardDesk,+16258260353,contact@ravenonboarddesk.net,ravenonboarddesk.net,946,Tampa,US,2026-06-07 05:55:22
2026-06-07,MSP Platform,RidgeNet Soft,+1 (747) 238-4818,contact@ridgenetsoft.com,https://ridgenetsoft.com,461,Melbourne,AU,2026-06-07 02:40:42
2026-06-07,ERP,UmbraPlanWorks,(722) 774-3318,sales@umbraplanworks.co,https://www.umbraplanworks.co,15,London,UK,2026-06-07 05:01:36
2026-06-07,Legal,XenonCounselFlow,(947) 652-8442 ext. 79,hello@xenoncounselflow.com,https://xenoncounselflow.com,21,Seattle,US,2026-06-07 05:42:22
2026-06-07,HR,ZephyrCulture Sync,729-914-0098,hello@zephyrculturesync.com,https://www.zephyrculturesync.com,10,Vancouver,CA,2026-06-07 03:55:59
2026-06-07,ERP,NimbusChain Sync,9302242273,info@nimbuschainsync.com,https://www.nimbuschainsync.com,183,Amsterdam,NL,2026-06-07 03:05:29
2026-06-07,HR,BluePayrollDynamics,+1 (380) 226-8848,info@bluepayrolldynamics.com,https://www.bluepayrolldynamics.com,160,Boston,US,2026-06-07 02:29:10
2026-06-07,Legal,Bold CompliPlatform,488-208-0696,sales@boldcompliplatform.com,https://www.boldcompliplatform.com,8,Phoenix,US,2026-06-07 04:13:53
2026-06-07,ERP,Nimbus PlanTech,540-375-3299,sales@nimbusplantech.io,https://nimbusplantech.io,13,Raleigh,US,2026-06-07 05:53:20
2026-06-07,Legal,OnyxClause Logic,6377135642,info@onyxclauselogic.com,https://www.onyxclauselogic.com,97,Seattle,US,2026-06-07 05:45:49
2026-06-07,MSP Platform,MetaEndpoint Soft,1-284-296-6199,null,https://metaendpointsoft.com,46,Columbus,US,2026-06-07 02:23:30
2026-06-07,ERP,Arch OpsCore,(712) 285-4074,contact@archopscore.io,https://www.archopscore.io,487,Calgary,CA,2026-06-07 04:44:14
2026-06-07,Medical,Iron MedHub,656-458-0775,hello@ironmedhub.com,https://www.ironmedhub.com,45,Columbus,US,2026-06-07 04:46:42
2026-06-07,Medical,WillowPatient Soft,1-932-428-0274,sales@willowpatientsoft.com,https://www.willowpatientsoft.com,29,Chicago,US,2026-06-07 03:57:56
2026-06-07,ERP,IronForgeCloud,1-959-921-3246,sales@ironforgecloud.co,https://ironforgecloud.co,45,Raleigh,US,2026-06-07 02:57:00
2026-06-07,MSP Platform,HarborUptimePoint,09456367442,info@harboruptimepoint.io,https://www.harboruptimepoint.io,373,Melbourne,AU,2026-06-07 03:26:59
2026-06-07,ERP,PioneerStock Solutions,(365) 447-7997,info@pioneerstocksolutions.io,https://www.pioneerstocksolutions.io,34,Denver,US,2026-06-07 03:33:03
2026-06-07,HR,MosaicBenefitLabs,08408858211,info@mosaicbenefitlabs.com,https://www.mosaicbenefitlabs.com,639,Manchester,UK,2026-06-07 02:11:07
2026-06-07,LMS,GoldenSkillCloud,(835) 943-3136,hello@goldenskillcloud.com,goldenskillcloud.com,44,Raleigh,US,2026-06-07 05:41:59
2026-06-07,Medical,Bright Pulse Consultants,7342032170,contact@brightpulseconsultants.com,brightpulseconsultants.com,31,Denver,US,2026-06-07 03:26:47
2026-06-07,Legal,Polaris CompliSphere,(879) 837-9453,contact@polariscomplisphere.com,https://www.polariscomplisphere.com,42,Phoenix,US,2026-06-07 03:37:17
2026-06-07,ERP,QuantumLedger Solutions,1-881-615-7189,contact@quantumledgersolutions.com,https://www.quantumledgersolutions.com,179,Manchester,UK,2026-06-07 05:52:56
2026-06-07,ERP,Ember PlanSystems,+13133458424,sales@emberplansystems.com,https://www.emberplansystems.com,103,Tampa,US,2026-06-07 02:55:18
2026-06-07,Legal,QuantumDocketBase,(503) 811-2578,sales@quantumdocketbase.com,https://www.quantumdocketbase.com,111,Columbus,US,2026-06-07 02:21:43
2026-06-07,ERP,PivotFinSystems,+13476049834,sales@pivotfinsystems.net,https://www.pivotfinsystems.net,8,Denver,US,2026-06-07 02:29:10
2026-06-07,Medical,HarborClinic Soft,2976371631 ext. 28,info@harborclinicsoft.io,harborclinicsoft.io,17,Seattle,US,2026-06-07 03:43:45
2026-06-07,Medical,Cobalt HealthLabs,1-408-986-0797,null,https://cobalthealthlabs.io,18,Columbus,US,2026-06-07 03:06:02
2026-06-07,MSP Platform,UmbraPatch Flow,810-873-3592 ext. 90,hello@umbrapatchflow.com,umbrapatchflow.com,352,Pune,IN,2026-06-07 01:04:08
2026-06-07,Legal,PivotCounselSync,7932793670,contact@pivotcounselsync.com,https://pivotcounselsync.com,619,Columbus,US,2026-06-07 03:23:49
2026-06-07,Medical,Cedar TalentLabs,(886) 927-6544,info@cedartalentlabs.com,https://cedartalentlabs.com,3134,Islamabad,PK,2026-06-07 01:11:24
2026-06-07,HR,BoldPeopleDesk,+1 (754) 625-4220,sales@boldpeopledesk.co,boldpeopledesk.co,948,Tampa,US,2026-06-07 03:28:24
2026-06-07,HR,KeystoneOnboard Tech,(795) 409-8978,hello@keystoneonboardtech.com,https://www.keystoneonboardtech.com,33,Phoenix,US,2026-06-07 03:03:12
2026-06-07,ERP,TrueOrderLogic,1-845-867-7840,hello@trueorderlogic.com,https://www.trueorderlogic.com,null,Manchester,UK,2026-06-07 02:05:11
2026-06-07,HR,Nova Onboard Manpower Services,8883965632,hello@novaonboardmanpowerservices.com,https://www.novaonboardmanpowerservices.com,80,Hyderabad,IN,2026-06-07 03:03:14
2026-06-07,MSP Platform,WillowStackCloud,3269240112,sales@willowstackcloud.io,https://willowstackcloud.io,47,Austin,US,2026-06-07 01:42:36
2026-06-07,ERP,Zephyr ResourceSystems,+17099060537,info@zephyrresourcesystems.com,https://zephyrresourcesystems.com,11,Austin,US,2026-06-07 01:50:46
2026-06-07,LMS,Arch LessonSuite,1-423-577-7695,sales@archlessonsuite.io,https://www.archlessonsuite.io,51,-,US,2026-06-07 05:20:40
2026-06-07,ERP,VeloStockSphere,1-761-471-0609,contact@velostocksphere.com,https://velostocksphere.com,19,Chicago,US,2026-06-07 02:28:05
2026-06-07,MSP Platform,NovaRemote Solutions,1-412-915-0636,hello@novaremotesolutions.com,https://www.novaremotesolutions.com,67,Raleigh,US,2026-06-07 04:53:20
2026-06-07,ERP,Vertex ChainSoft,+1 (520) 256-8446,contact@vertexchainsoft.co,vertexchainsoft.co,567,Seattle,US,2026-06-07 04:12:59
2026-06-07,Medical,UmbraRxSync,(445) 715-3707,contact@umbrarxsync.com,https://umbrarxsync.com,338,London,UK,2026-06-07 06:32:55
2026-06-07,HR,OmniShift Sync,513-829-2098,hello@omnishiftsync.com,https://www.omnishiftsync.com,251,Austin,US,2026-06-07 06:42:40
2026-06-07,ERP,Solid LedgerFlow,960.803.5977 ext. 21,sales@solidledgerflow.com,https://www.solidledgerflow.com,18,Toronto,CA,2026-06-07 05:38:32
2026-06-07,ERP,Polaris OrderLogic,846-852-6196 ext. 30,sales@polarisorderlogic.com,https://www.polarisorderlogic.com,103,Leeds,UK,2026-06-07 02:49:13
2026-06-07,Medical,RavenPulse Flow,508.919.3577,sales@ravenpulseflow.io,https://www.ravenpulseflow.io,485,Bengaluru,IN,2026-06-07 03:42:12
2026-06-07,Medical,Clear MedLogic,3345089159,contact@clearmedlogic.io,https://clearmedlogic.io,361,Toronto,CA,2026-06-07 05:48:39
2026-06-07,ERP,CedarForge Sync,+13736964449,info@cedarforgesync.net,https://www.cedarforgesync.net,15,Tampa,US,2026-06-07 02:40:49
2026-06-07,Legal,Bold MatterSystems,+14702857555,contact@boldmattersystems.com,https://www.boldmattersystems.com,14,Boston,US,2026-06-07 06:34:10
2026-06-07,ERP,IronPlanApp,(374) 441-7570,contact@ironplanapp.net,https://www.ironplanapp.net,19,Amsterdam,NL,2026-06-07 03:51:32
2026-06-07,ERP,Prime LedgerSystems,1-729-369-8100,hello@primeledgersystems.com,https://www.primeledgersystems.com,14,London,UK,2026-06-07 01:27:07
2026-06-07,Medical,PivotClinicSuite,1-348-854-3510 ext. 72,sales@pivotclinicsuite.com,https://www.pivotclinicsuite.com,89,Atlanta,US,2026-06-07 06:39:33
2026-06-07,LMS,LatticePathSphere,3312162412,sales@latticepathsphere.net,latticepathsphere.net,77,Columbus,US,2026-06-07 06:40:06
2026-06-07,ERP,QuartzStockApp,+1 (416) 996-4152,sales@quartzstockapp.com,https://www.quartzstockapp.com,46,Manchester,UK,2026-06-07 04:37:38
2026-06-07,Legal,NimbusLawWorks,+19003546867,hello@nimbuslawworks.net,https://www.nimbuslawworks.net,83,Atlanta,US,2026-06-07 01:45:00
2026-06-07,ERP,Meta Ledger Talent Agency,1-482-578-9958,info@metaledgertalentagency.com,metaledgertalentagency.com,16,Toronto,CA,2026-06-07 02:37:01
2026-06-07,MSP Platform,QuantumNet Cloud,8084000558,hello@quantumnetcloud.com,https://www.quantumnetcloud.com,14,Vancouver,CA,2026-06-07 04:22:21
2026-06-07,MSP Platform,Juniper MonitorDynamics,469-306-9435,hello@junipermonitordynamics.net,https://junipermonitordynamics.net,91,London,UK,2026-06-07 05:55:08
2026-06-07,Legal,CedarDocket Dynamics,904.527.1921,contact@cedardocketdynamics.com,https://cedardocketdynamics.com,17,Chicago,US,2026-06-07 03:33:38
2026-06-07,HR,GranitePayrollCore,553.989.8599,contact@granitepayrollcore.io,https://granitepayrollcore.io,37,Boston,US,2026-06-07 02:44:12
2026-06-07,Medical,Nimbus TriageFlow,+14965080891,sales@nimbustriageflow.io,https://nimbustriageflow.io,47,Raleigh,US,2026-06-07 03:09:21
2026-06-07,HR,Falcon PeopleCloud,1-648-258-7989,info@falconpeoplecloud.io,https://www.falconpeoplecloud.io,69,Tampa,US,2026-06-07 01:08:03
2026-06-07,Medical,Lattice MedDesk,806-586-7110 ext. 56,sales@latticemeddesk.io,latticemeddesk.io,,Chicago,US,2026-06-07 01:40:10
2026-06-07,ERP,BeaconOrder Sphere,+13844144632,hello@beaconordersphere.com,beaconordersphere.com,15,Seattle,US,2026-06-07 05:53:49
2026-06-07,HR,CrestCulture Platform,+13513251874,info@crestcultureplatform.com,https://www.crestcultureplatform.com,9,Raleigh,US,2026-06-07 03:53:07
2026-06-07,MSP Platform,FalconPatch Soft,(815) 521-2996 ext. 67,contact@falconpatchsoft.com,https://www.falconpatchsoft.com,48,Seattle,US,2026-06-07 02:57:13
2026-06-07,Legal,Ridge MatterSphere,631.367.0926,hello@ridgemattersphere.com,https://www.ridgemattersphere.com,N/A,Columbus,US,2026-06-07 04:18:46
2026-06-07,ERP,ArchOps Desk,(413) 885-0179,contact@archopsdesk.com,https://archopsdesk.com,476,Atlanta,US,2026-06-07 06:28:15
2026-06-07,HR,JuniperShiftCore,1-441-625-7337,sales@junipershiftcore.co,https://www.junipershiftcore.co,19,Boston,US,2026-06-07 02:48:47
2026-06-07,HR,Beacon PeopleLabs,(249) 355-5285 ext. 90,info@beaconpeoplelabs.com,beaconpeoplelabs.com,23,Tampa,US,2026-06-07 04:23:31
2026-06-07,ERP,JuniperChain Labs,539-962-4622,contact@juniperchainlabs.io,juniperchainlabs.io,89,,US,2026-06-07 04:53:00
2026-06-07,HR,Crown TeamDynamics,(798) 339-3363,hello@crownteamdynamics.io,https://crownteamdynamics.io,147,Tampa,US,2026-06-07 02:50:06
2026-06-07,Legal,Mosaic CounselApp,710-704-5896,-,https://www.mosaiccounselapp.com,1967,Phoenix,US,2026-06-07 02:00:28
2026-06-07,MSP Platform,NimbusTicket Solutions,+1 (442) 267-0306,hello@nimbusticketsolutions.net,https://www.nimbusticketsolutions.net,6,Raleigh,US,2026-06-07 01:34:24
2026-06-07,ERP,Arch Chain Outsourcing,1-863-423-6594,sales@archchainoutsourcing.com,https://www.archchainoutsourcing.com,321,Columbus,US,2026-06-07 06:59:01
2026-06-07,LMS,EmberTutor Cloud,(793) 717-1680,sales@embertutorcloud.com,https://embertutorcloud.com,182,Toronto,CA,2026-06-07 04:48:12
2026-06-07,HR,Alta CultureSystems,331.819.3425,hello@altaculturesystems.com,https://www.altaculturesystems.com,22,Boston,US,2026-06-07 02:13:54
2026-06-07,HR,GraniteBenefitLogic,1-219-739-9466,hello@granitebenefitlogic.io,granitebenefitlogic.io,51,Columbus,US,2026-06-07 05:58:36
2026-06-07,Medical,PrimePatientSolutions,+1 (679) 840-6632,info@primepatientsolutions.co,https://www.primepatientsolutions.co,41,Tampa,US,2026-06-07 01:48:41
2026-06-07,ERP,Beacon OrderCloud,+15167297478,,https://beaconordercloud.com,210,Tampa,US,2026-06-07 02:59:31
2026-06-07,MSP Platform,ClearMonitorSphere,3508989304,hello@clearmonitorsphere.io,https://www.clearmonitorsphere.io,891,Seattle,US,2026-06-07 06:18:03
2026-06-07,Medical,Crown PatientLabs,808.413.2436,sales@crownpatientlabs.com,https://www.crownpatientlabs.com,110,Leeds,UK,2026-06-07 05:18:11
2026-06-07,ERP,NorthOps Flow,914-928-4767,N/A,northopsflow.co,95,Amsterdam,NL,2026-06-07 01:46:24
2026-06-07,MSP Platform,Alta TicketLogic,+16233498017,contact@altaticketlogic.co,https://www.altaticketlogic.co,2620,Austin,US,2026-06-07 05:32:24
2026-06-07,Medical,True PulseApp,(427) 350-9651,sales@truepulseapp.com,https://www.truepulseapp.com,95,Chicago,US,2026-06-07 04:57:04
2026-06-07,ERP,PioneerLedgerSoft,+1 (643) 717-9991 ext. 61,contact@pioneerledgersoft.com,https://pioneerledgersoft.com,11,Chicago,US,2026-06-07 03:47:41
2026-06-07,Legal,OmniCounselTech,7778140436,info@omnicounseltech.co,https://www.omnicounseltech.co,5,Dublin,IE,2026-06-07 06:51:53
2026-06-07,ERP,ArchFin Suite,(891) 777-9357,sales@archfinsuite.com,https://www.archfinsuite.com,356,Melbourne,AU,2026-06-07 03:48:27
2026-06-07,ERP,NovaOrderFlow,1-277-430-7195,info@novaorderflow.io,https://www.novaorderflow.io,69,Toronto,CA,2026-06-07 01:09:38
2026-06-07,MSP Platform,CedarGrid Suite,978-801-9156,hello@cedargridsuite.com,https://www.cedargridsuite.com,20,Denver,US,2026-06-07 01:28:50
2026-06-07,Medical,OrbitHealth Point,912.875.6620,contact@orbithealthpoint.com,https://www.orbithealthpoint.com,15,Singapore,SG,2026-06-07 05:18:00
2026-06-07,HR,LatticePerform Platform,(728) 851-2142,info@latticeperformplatform.co,https://latticeperformplatform.co,77,Seattle,US,2026-06-07 05:57:11
2026-06-07,MSP Platform,ZenEndpoint Core,+13836676391,info@zenendpointcore.net,https://zenendpointcore.net,31,Denver,US,2026-06-07 06:55:19
2026-06-07,ERP,RidgeForgeSystems,+12953091961,contact@ridgeforgesystems.net,https://www.ridgeforgesystems.net,476,Atlanta,US,2026-06-07 01:55:44
2026-06-07,ERP,Arch Resource Consulting Group,652-854-2623,info@archresourceconsultinggroup.com,archresourceconsultinggroup.com,37,Hyderabad,IN,2026-06-07 05:53:48
2026-06-07,HR,SummitBenefit Dynamics,300.477.9298 ext. 99,hello@summitbenefitdynamics.com,https://summitbenefitdynamics.com,126,Calgary,CA,2026-06-07 02:04:50
2026-06-07,MSP Platform,Cobalt NodeSync,218-930-0761,sales@cobaltnodesync.io,https://www.cobaltnodesync.io,31,Hyderabad,IN,2026-06-07 03:20:38
2026-06-07,Medical,Anchor TriageTech,871-470-9800,sales@anchortriagetech.com,https://anchortriagetech.com,27,Sydney,AU,2026-06-07 03:45:22
2026-06-07,Medical,LatticePatientSoft,+15239678674 ext. 15,sales@latticepatientsoft.io,https://www.latticepatientsoft.io,150,Dublin,IE,2026-06-07 05:17:13
2026-06-07,Medical,WillowChartPoint,296.999.5668,sales@willowchartpoint.com,https://www.willowchartpoint.com,91,Denver,US,2026-06-07 06:55:03
2026-06-07,Legal,Velo DocketFlow,(873) 980-7767,sales@velodocketflow.co,https://www.velodocketflow.co,22,Tampa,US,2026-06-07 02:23:34
2026-06-07,HR,RavenCultureSoft,(334) 781-9560,sales@ravenculturesoft.co,https://ravenculturesoft.co,321,Columbus,US,2026-06-07 06:10:27
2026-06-07,Legal,Indigo CounselLabs,577-480-6939,sales@indigocounsellabs.com,https://www.indigocounsellabs.com,19,Munich,DE,2026-06-07 01:14:01
2026-06-07,ERP,Alta BatchLogic,+18963226006,info@altabatchlogic.com,https://www.altabatchlogic.com,197,Atlanta,US,2026-06-07 02:01:34
2026-06-07,ERP,Orbit StockSystems,3484483895,sales@orbitstocksystems.com,https://www.orbitstocksystems.com,208,Denver,US,2026-06-07 06:43:56
2026-06-07,MSP Platform,ZenEndpoint Flow,+12893386981,contact@zenendpointflow.com,zenendpointflow.com,12,Seattle,US,2026-06-07 06:52:28
2026-06-07,Medical,Xenon Patient Recruiting,(224) 981-0142 ext. 85,sales@xenonpatientrecruiting.co,https://xenonpatientrecruiting.co,23,Bengaluru,IN,2026-06-07 04:10:20
2026-06-07,HR,KeystoneCulture Sphere,1-216-974-8410,hello@keystoneculturesphere.com,https://keystoneculturesphere.com,273,Chicago,US,2026-06-07 06:09:00
2026-06-07,Legal,CrownCounselSystems’s,367-935-4623,contact@crowncounselsystems.com,https://www.crowncounselsystems.com,40,Boston,US,2026-06-07 06:56:42
2026-06-07,MSP Platform,Atlas Monitor BPO Services,(321) 230-2421,contact@atlasmonitorbposervices.io,https://www.atlasmonitorbposervices.io,141,Columbus,US,2026-06-07 01:13:27
2026-06-07,Legal,Nimbus VerdictBase,6268231969,hello@nimbusverdictbase.com,https://www.nimbusverdictbase.com,20,Toronto,CA,2026-06-07 06:21:44
2026-06-07,ERP,RavenOrder Soft,1-841-360-5297,info@ravenordersoft.co,ravenordersoft.co,120,Raleigh,US,2026-06-07 05:41:43
2026-06-07,Legal,HaloFiling Sync,2202434372,info@halofilingsync.com,https://www.halofilingsync.com,19,Austin,US,2026-06-07 05:18:34
2026-06-07,Medical,QuartzHealthPoint,456-563-5820,contact@quartzhealthpoint.net,https://quartzhealthpoint.net,80,Chicago,US,2026-06-07 04:19:51
2026-06-07,Legal,BoldClauseLogic,(440) 614-4333,info@boldclauselogic.com,boldclauselogic.com,469,Atlanta,US,2026-06-07 05:28:14
2026-06-07,ERP,SilverStockSphere,1-263-457-1403,info@silverstocksphere.com,silverstocksphere.com,915,Hyderabad,IN,2026-06-07 06:09:03
2026-06-07,MSP Platform,CrownNode Labs,286-831-7405,contact@crownnodelabs.net,https://www.crownnodelabs.net,6,Hyderabad,IN,2026-06-07 05:25:19
2026-06-07,MSP Platform,PrimeEndpointSolutions,+17748571814,hello@primeendpointsolutions.co,https://www.primeendpointsolutions.co,N/A,Boston,US,2026-06-07 04:52:47
2026-06-07,HR,GoldenBenefit Soft,328-935-1142,sales@goldenbenefitsoft.io,https://www.goldenbenefitsoft.io,31,Atlanta,US,2026-06-07 02:00:54
2026-06-07,Medical,SableHealthWorks,860-657-9539,info@sablehealthworks.com,https://www.sablehealthworks.com,536,Toronto,CA,2026-06-07 06:35:47
2026-06-07,HR,Arch Payroll Staffing,339-856-6617,contact@archpayrollstaffing.io,https://www.archpayrollstaffing.io,220,Columbus,US,2026-06-07 05:41:44
2026-06-07,ERP,GraniteResourcePoint,(828) 438-6096 ext. 96,info@graniteresourcepoint.com,https://www.graniteresourcepoint.com,67,Chicago,US,2026-06-07 04:54:38
2026-06-07,ERP,ZenFin Base,(787) 961-5662,hello@zenfinbase.com,zenfinbase.com,320,,SG,2026-06-07 04:14:36
2026-06-07,ERP,Tidal LedgerTech,1-905-725-0046,contact@tidalledgertech.io,tidalledgertech.io,86,Atlanta,US,2026-06-07 01:09:12
2026-06-07,Medical,CobaltPatientLogic,+18859124980,info@cobaltpatientlogic.com,https://www.cobaltpatientlogic.com,35,Islamabad,PK,2026-06-07 05:24:47
2026-06-07,MSP Platform,ZephyrNodeSync,+13736926024,contact@zephyrnodesync.com,https://www.zephyrnodesync.com,49,Vancouver,CA,2026-06-07 03:03:24
2026-06-07,HR,Alta OnboardTech,913-981-7426,contact@altaonboardtech.net,https://www.altaonboardtech.net,574,Lahore,PK,2026-06-07 05:52:10
2026-06-07,Medical,LumenPulseLogic,+16982996829 ext. 17,hello@lumenpulselogic.co,lumenpulselogic.co,10,Vancouver,CA,2026-06-07 02:03:25
2026-06-07,ERP,PrimePlanFlow,384-520-9758,hello@primeplanflow.io,https://www.primeplanflow.io,30,Tampa,US,2026-06-07 01:40:32
2026-06-07,MSP Platform,FusionRemoteSystems,275-237-9918,hello@fusionremotesystems.com,https://fusionremotesystems.com,239,Austin,US,2026-06-07 05:29:28
2026-06-07,Legal,LumenCompli Suite,08996488220,hello@lumencomplisuite.net,lumencomplisuite.net,24,Seattle,US,2026-06-07 04:15:07
2026-06-07,ERP,Alta StockHub,788-873-7794 ext. 53,contact@altastockhub.co,https://www.altastockhub.co,29,Berlin,DE,2026-06-07 03:21:11
2026-06-07,ERP,NorthLedger App,(869) 775-9566,sales@northledgerapp.com,https://northledgerapp.com,2655,Lahore,PK,2026-06-07 01:38:13
2026-06-07,HR,QuartzBenefit Core,04002983432,contact@quartzbenefitcore.com,https://www.quartzbenefitcore.com,146,Phoenix,US,2026-06-07 01:35:22
2026-06-07,ERP,Lumen FinSphere,244-255-3305,hello@lumenfinsphere.co,https://www.lumenfinsphere.co,35,Boston,US,2026-06-07 02:18:34
2026-06-07,ERP,Solid ForgeSphere,+19697797773,info@solidforgesphere.co,https://www.solidforgesphere.co,112,Phoenix,US,2026-06-07 03:37:57
2026-06-07,ERP,Rapid PlanDynamics,6127486088,N/A,https://rapidplandynamics.com,35,Atlanta,US,2026-06-07 06:43:44
2026-06-07,Medical,Juniper TriageDynamics,(886) 745-8543,info@junipertriagedynamics.com,https://www.junipertriagedynamics.com,29,Tampa,US,2026-06-07 01:43:28
2026-06-07,Medical,RidgePatient Systems,1-677-552-2305,hello@ridgepatientsystems.com,https://ridgepatientsystems.com,29,Chicago,US,2026-06-07 06:01:54
2026-06-07,HR,ClearBenefit Base,(893) 556-8038 ext. 30,sales@clearbenefitbase.net,https://www.clearbenefitbase.net,11,Amsterdam,NL,2026-06-07 06:22:51
2026-06-07,MSP Platform,WillowMonitor Works,05568789345 ext. 42,info@willowmonitorworks.io,https://willowmonitorworks.io,25,Manchester,UK,2026-06-07 03:41:01
2026-06-07,MSP Platform,FalconNetSync,(768) 350-0679,hello@falconnetsync.com,falconnetsync.com,22,Calgary,CA,2026-06-07 06:44:58
2026-06-07,HR,VertexBenefit Desk,+18333302535,,vertexbenefitdesk.com,700,Seattle,US,2026-06-07 06:21:31
2026-06-07,ERP,Indigo BatchBase,(965) 535-7211,hello@indigobatchbase.com,https://www.indigobatchbase.com,103,Seattle,US,2026-06-07 04:09:03
2026-06-07,ERP,IronForge Cloud,754-873-7781,hello@ironforgecloud.com,https://ironforgecloud.com,7,Denver,US,2026-06-07 03:00:56
2026-06-07,ERP,Delta FinFlow,+15934820298,info@deltafinflow.co,https://www.deltafinflow.co,10,Phoenix,US,2026-06-07 03:08:04
2026-06-07,Legal,FusionCounsel Suite,+1 (361) 511-4989,info@fusioncounselsuite.co,https://www.fusioncounselsuite.co,284,Boston,US,2026-06-07 02:50:07
2026-06-07,Legal,RidgeClause Solutions,+19576727916,sales@ridgeclausesolutions.com,https://ridgeclausesolutions.com,792,Austin,US,2026-06-07 01:48:50
2026-06-07,Medical,RidgewayTeam Systems,+14683682010,info@ridgewayteamsystems.com,https://ridgewayteamsystems.com,286,Atlanta,US,2026-06-07 01:59:31
2026-06-07,Medical,CobaltClinic Tech,+1 (662) 284-2355,sales@cobaltclinictech.co,https://cobaltclinictech.co,15,Denver,US,2026-06-07 01:03:29
2026-06-07,Legal,Ember CounselSoft,+18773723730,hello@embercounselsoft.io,https://www.embercounselsoft.io,229,Atlanta,US,2026-06-07 06:23:10
2026-06-07,HR,AltaPeople Dynamics,9767568738 ext. 37,info@altapeopledynamics.com,https://www.altapeopledynamics.com,9,Raleigh,US,2026-06-07 06:47:13
2026-06-07,ERP,EmberBatchPlatform,+13585803832,sales@emberbatchplatform.net,https://emberbatchplatform.net,167,Melbourne,AU,2026-06-07 06:43:42
2026-06-07,Medical,Silver MedFlow,285.415.5239,,https://www.silvermedflow.io,21,Calgary,CA,2026-06-07 03:48:30
2026-06-07,Medical,RapidRx Works,2036490438,sales@rapidrxworks.co,https://rapidrxworks.co,2064,Austin,US,2026-06-07 04:06:07
2026-06-07,Medical,TidalPatient Base,271.844.1545,sales@tidalpatientbase.io,https://www.tidalpatientbase.io,742,Melbourne,AU,2026-06-07 06:03:48
2026-06-07,MSP Platform,WillowNet Hub,+13322784047,hello@willownethub.com,https://www.willownethub.com,4005,Denver,US,2026-06-07 06:55:30
2026-06-07,Medical,Pivot TriageCore,+1 (558) 638-0494,hello@pivottriagecore.com,https://www.pivottriagecore.com,12,Vancouver,CA,2026-06-07 06:03:04
2026-06-07,MSP Platform,Juniper GridCloud,+1 (431) 743-2753,contact@junipergridcloud.com,https://junipergridcloud.com,null,Denver,US,2026-06-07 03:22:36
2026-06-07,HR,Crest PerformDynamics,(390) 380-9108,info@crestperformdynamics.com,https://crestperformdynamics.com,12,Lahore,PK,2026-06-07 02:26:35
2026-06-07,MSP Platform,Orbit StackCloud,7459286109,sales@orbitstackcloud.com,https://orbitstackcloud.com,56,Raleigh,US,2026-06-07 04:42:30
2026-06-07,Medical,RapidVital Cloud,+12356955103,info@rapidvitalcloud.com,https://www.rapidvitalcloud.com,7,Atlanta,US,2026-06-07 04:30:13
2026-06-07,ERP,Sable ChainFlow,3498581650,sales@sablechainflow.io,https://www.sablechainflow.io,88,Vancouver,CA,2026-06-07 05:21:01
2026-06-07,Legal,AtlasCompli Desk,3504101738 ext. 59,info@atlascomplidesk.com,https://www.atlascomplidesk.com,0,Phoenix,US,2026-06-07 01:31:53
2026-06-07,MSP Platform,LatticeEndpointCloud,2253132553,sales@latticeendpointcloud.io,https://www.latticeendpointcloud.io,4233,Vancouver,CA,2026-06-07 05:27:53
2026-06-07,ERP,FusionResourceSync,+16856368158 ext. 52,sales@fusionresourcesync.io,https://www.fusionresourcesync.io,230,Hyderabad,IN,2026-06-07 02:33:45
2026-06-07,ERP,SilverFin App,+17175790588,contact@silverfinapp.com,https://www.silverfinapp.com,53,Bengaluru,IN,2026-06-07 02:35:04
2026-06-07,HR,Quartz TeamBase,(790) 651-8976,hello@quartzteambase.io,https://www.quartzteambase.io,497,Boston,US,2026-06-07 02:53:48
2026-06-07,Medical,Delta RxSuite,3607563011,info@deltarxsuite.net,https://www.deltarxsuite.net,450,Tampa,US,2026-06-07 05:04:04
2026-06-07,Medical,Cobalt ClinicApp,(482) 269-5947,info@cobaltclinicapp.net,cobaltclinicapp.net,249,London,UK,2026-06-07 06:15:41
2026-06-07,HR,HarborPeopleCore,5592558290,N/A,https://www.harborpeoplecore.co,10,Columbus,US,2026-06-07 04:19:06
2026-06-07,Medical,OrbitRx Desk,453-488-2131,info@orbitrxdesk.io,https://orbitrxdesk.io,3002,Leeds,UK,2026-06-07 05:58:09
2026-06-07,ERP,Crown PulsePlatform,+1 (405) 710-6470,hello@crownpulseplatform.io,https://www.crownpulseplatform.io,1185,Atlanta,US,2026-06-07 02:38:19
2026-06-07,Legal,WillowCompli Suite,862.982.0131,contact@willowcomplisuite.net,https://www.willowcomplisuite.net,89,Austin,US,2026-06-07 05:32:55
2026-06-07,Legal,GraniteMatter Hub,4686357248,-,https://www.granitematterhub.net,39,Leeds,UK,2026-06-07 01:44:22
2026-06-07,LMS,VistaLearn Point,318-343-4702,sales@vistalearnpoint.com,https://www.vistalearnpoint.com,475,Columbus,US,2026-06-07 03:07:30
2026-06-07,HR,Bright PeopleWorks,511-814-6346,hello@brightpeopleworks.io,brightpeopleworks.io,294,Denver,US,2026-06-07 03:44:55
2026-06-07,MSP Platform,PrimeStack Platform,9066081126,hello@primestackplatform.io,https://primestackplatform.io,69,Phoenix,US,2026-06-07 03:14:14
2026-06-07,Medical,Keystone RxSolutions,8264719597,info@keystonerxsolutions.com,https://www.keystonerxsolutions.com,498,Columbus,US,2026-06-07 04:32:33
2026-06-07,HR,Apex CultureSync,+1 (873) 552-9173,info@apexculturesync.io,https://www.apexculturesync.io,7,Hyderabad,IN,2026-06-07 03:12:06
2026-06-07,Medical,Golden VitalLogic,+1 (384) 941-5288,sales@goldenvitallogic.co,https://goldenvitallogic.co,45,Tampa,US,2026-06-07 04:58:40
2026-06-07,ERP,Quantum ResourceHub,634-316-5117,contact@quantumresourcehub.com,https://quantumresourcehub.com,366,Manchester,UK,2026-06-07 06:44:02
2026-06-07,Legal,Crown CompliPoint,+1 (328) 803-7736,sales@crowncomplipoint.net,crowncomplipoint.net,93,Manchester,UK,2026-06-07 04:58:06
2026-06-07,Legal,DeltaDocketSync,294.560.5211,hello@deltadocketsync.io,https://www.deltadocketsync.io,12,Melbourne,AU,2026-06-07 01:34:51
2026-06-07,HR,Umbra BenefitSystems,(508) 444-6428,contact@umbrabenefitsystems.io,https://www.umbrabenefitsystems.io,432,Karachi,PK,2026-06-07 06:15:20
2026-06-07,Medical,Raven PatientBase,+1 (549) 510-8464,hello@ravenpatientbase.io,ravenpatientbase.io,15,Austin,US,2026-06-07 04:28:06
2026-06-07,ERP,PrimeLedger Sphere,(749) 733-7351,hello@primeledgersphere.com,https://www.primeledgersphere.com,73,Calgary,CA,2026-06-07 01:14:27
2026-06-07,HR,AtlasTalent Logic,(656) 974-5447,sales@atlastalentlogic.com,https://www.atlastalentlogic.com,81,Denver,US,2026-06-07 03:05:56
2026-06-07,ERP,SableOrderFlow,(790) 785-0952,info@sableorderflow.io,sableorderflow.io,5,Denver,US,2026-06-07 02:17:53
2026-06-07,Medical,SableHealth Platform,+13187595812,sales@sablehealthplatform.io,https://sablehealthplatform.io,34,Melbourne,AU,2026-06-07 05:32:31
2026-06-07,LMS,IndigoPath Systems,(851) 591-5182,info@indigopathsystems.io,indigopathsystems.io,7,Boston,US,2026-06-07 01:31:06
2026-06-07,Medical,VertexChart Base,713-419-5923,contact@vertexchartbase.com,https://www.vertexchartbase.com,24,Chicago,US,2026-06-07 06:17:42
2026-06-07,Medical,NimbusHealth Soft,688-903-7804,contact@nimbushealthsoft.io,https://www.nimbushealthsoft.io,31,Melbourne,AU,2026-06-07 06:37:45
2026-06-07,Medical,BeaconCareWorks,+1 (296) 629-2094,contact@beaconcareworks.com,https://www.beaconcareworks.com,2004,Chicago,US,2026-06-07 05:36:12
2026-06-07,MSP Platform,RidgewayTicket Core,561.903.8542,hello@ridgewayticketcore.com,https://ridgewayticketcore.com,13,Lahore,PK,2026-06-07 04:13:22
2026-06-07,MSP Platform,Iron RemoteCloud,(274) 832-8150,sales@ironremotecloud.com,ironremotecloud.com,18,Columbus,US,2026-06-07 01:27:40
2026-06-07,Medical,Cobalt ClinicHub,+17695226217,sales@cobaltclinichub.co,https://cobaltclinichub.co,34,Chicago,US,2026-06-07 06:56:02
2026-06-07,ERP,NorthResourceSuite,564.558.3191 ext. 14,sales@northresourcesuite.com,https://www.northresourcesuite.com,829,Atlanta,US,2026-06-07 02:19:20
2026-06-07,Legal,IronVerdictPoint,(755) 531-0234,info@ironverdictpoint.com,https://ironverdictpoint.com,1632,Phoenix,US,2026-06-07 04:09:05
2026-06-07,HR,Lattice TalentSphere,1-847-578-3106,info@latticetalentsphere.com,latticetalentsphere.com,300,Pune,IN,2026-06-07 03:19:39
2026-06-07,HR,CedarPatientSolutions,671.427.1240,contact@cedarpatientsolutions.com,https://www.cedarpatientsolutions.com,,Austin,US,2026-06-07 04:07:06
2026-06-07,HR,Sable CultureWorks,606-709-7760,hello@sablecultureworks.io,https://www.sablecultureworks.io,35,Boston,US,2026-06-07 04:00:24
2026-06-07,Legal,Orbit CompliCloud,9123529234,info@orbitcomplicloud.com,https://www.orbitcomplicloud.com,7,Manchester,UK,2026-06-07 01:18:14
2026-06-07,Medical,PivotRxPlatform,(219) 962-3300,hello@pivotrxplatform.co,pivotrxplatform.co,39,Seattle,US,2026-06-07 01:19:14
2026-06-07,Legal,Summit VerdictSystems,+13312446420,sales@summitverdictsystems.com,https://summitverdictsystems.com,48,Atlanta,US,2026-06-07 03:45:49
2026-06-07,Medical,LatticeChart Sync,410.764.8693,contact@latticechartsync.io,https://www.latticechartsync.io,20,Dublin,IE,2026-06-07 06:22:54
2026-06-07,HR,AltaTeam Desk,(871) 868-6165,info@altateamdesk.com,https://altateamdesk.com,33,Raleigh,US,2026-06-07 04:10:19
2026-06-07,HR,ArchPayrollDynamics,+18839944015,contact@archpayrolldynamics.com,archpayrolldynamics.com,917,Seattle,US,2026-06-07 03:45:44
2026-06-07,HR,Onyx PayrollWorks,4698200511,info@onyxpayrollworks.io,onyxpayrollworks.io,null,Columbus,US,2026-06-07 01:50:47
2026-06-07,Medical,SummitVital Sync,+16584210733,contact@summitvitalsync.com,https://www.summitvitalsync.com,15,N/A,IN,2026-06-07 06:59:28
2026-06-07,Medical,Anchor TriageFlow,728.338.8327,sales@anchortriageflow.net,https://www.anchortriageflow.net,233,Columbus,US,2026-06-07 01:36:33
2026-06-07,MSP Platform,ZephyrOnboard Core,(884) 652-4507,sales@zephyronboardcore.com,zephyronboardcore.com,75,Munich,DE,2026-06-07 06:10:29
2026-06-07,HR,RapidCultureSync,620-894-7742 ext. 11,info@rapidculturesync.com,https://rapidculturesync.com,4946,Lahore,PK,2026-06-07 01:16:30
2026-06-07,HR,CobaltRoster Tech,+19748408364,hello@cobaltrostertech.com,https://www.cobaltrostertech.com,2333,Atlanta,US,2026-06-07 06:50:49
2026-06-07,MSP Platform,BrightMonitorPlatform,(312) 397-2953,sales@brightmonitorplatform.com,https://www.brightmonitorplatform.com,11,Sydney,AU,2026-06-07 02:06:21
2026-06-07,ERP,Nova ForgeBase,(310) 204-3238,sales@novaforgebase.com,https://www.novaforgebase.com,203,Boston,US,2026-06-07 02:26:41
2026-06-07,Medical,EmberCare Dynamics,839-316-7994,info@embercaredynamics.io,https://embercaredynamics.io,90,Sydney,AU,2026-06-07 03:21:47
2026-06-07,MSP Platform,Quartz’s MonitorSolutions,803.302.3615,sales@quartzmonitorsolutions.com,quartzmonitorsolutions.com,20,Leeds,UK,2026-06-07 01:01:01
2026-06-07,ERP,Ember’s PlanSync,(370) 970-2280,info@emberplansync.com,emberplansync.com,34,Manchester,UK,2026-06-07 04:22:41
2026-06-07,Medical,MosaicVital Soft,8593372381,contact@mosaicvitalsoft.co,mosaicvitalsoft.co,847,Austin,US,2026-06-07 04:14:48
2026-06-07,HR,Quartz Culture Talent Agency,651-211-0340,sales@quartzculturetalentagency.io,https://www.quartzculturetalentagency.io,465,Denver,US,2026-06-07 03:19:10
2026-06-07,LMS,Pivot LessonCloud,(403) 758-9284,hello@pivotlessoncloud.io,https://www.pivotlessoncloud.io,140,Leeds,UK,2026-06-07 04:01:05
2026-06-07,MSP Platform,Meta StackSync,(449) 862-4166,contact@metastacksync.com,https://metastacksync.com,464,Phoenix,US,2026-06-07 05:57:54
2026-06-07,MSP Platform,GoldenRemote Sync,241.942.1818,hello@goldenremotesync.com,https://www.goldenremotesync.com,208,Munich,DE,2026-06-07 01:14:37
2026-06-07,MSP Platform,SilverEndpointCloud,3937650323,contact@silverendpointcloud.net,https://www.silverendpointcloud.net,950,Denver,US,2026-06-07 05:34:38
2026-06-07,MSP Platform,Vista EndpointSync,(538) 836-1125,hello@vistaendpointsync.com,https://www.vistaendpointsync.com,31,Dublin,IE,2026-06-07 04:20:44
2026-06-07,ERP,SolidFin Sync,1-379-801-3735,contact@solidfinsync.co,https://www.solidfinsync.co,20,Sydney,AU,2026-06-07 06:57:24
2026-06-07,ERP,SilverStockPlatform,+16428755003,hello@silverstockplatform.com,https://www.silverstockplatform.com,82,Hyderabad,IN,2026-06-07 02:01:10
2026-06-07,LMS,ZephyrMentor Flow,05009725467,,https://www.zephyrmentorflow.com,19,Tampa,US,2026-06-07 03:24:22
2026-06-07,LMS,BoldQuiz Systems,(957) 592-8056 ext. 88,sales@boldquizsystems.net,https://www.boldquizsystems.net,16,Dublin,IE,2026-06-07 04:58:45
2026-06-07,MSP Platform,TidalUptime Tech,(366) 425-4451,hello@tidaluptimetech.co,https://www.tidaluptimetech.co,487,Dublin,IE,2026-06-07 04:40:15
2026-06-07,Medical,TidalHealth Sphere,+13919921796,sales@tidalhealthsphere.com,tidalhealthsphere.com,5,Raleigh,US,2026-06-07 02:55:57
2026-06-07,MSP Platform,HarborNode Works,(547) 871-8048,info@harbornodeworks.com,https://harbornodeworks.com,114,Chicago,US,2026-06-07 04:14:13
2026-06-07,Legal,CobaltDocket Cloud,682-452-4327 ext. 16,info@cobaltdocketcloud.io,https://www.cobaltdocketcloud.io,144,Manchester,UK,2026-06-07 03:16:51
2026-06-07,ERP,PivotForge Sphere,608-679-1513,hello@pivotforgesphere.com,pivotforgesphere.com,923,Leeds,UK,2026-06-07 02:14:49
2026-06-07,Legal,Anchor CaseApp,7752861067,info@anchorcaseapp.com,https://www.anchorcaseapp.com,14,Singapore,SG,2026-06-07 01:27:24
2026-06-07,HR,FusionCulture Desk,(677) 686-0798,hello@fusionculturedesk.com,https://www.fusionculturedesk.com,90,Melbourne,AU,2026-06-07 04:24:38
2026-06-07,ERP,Beacon BatchPoint,+1 (765) 687-7270,sales@beaconbatchpoint.net,https://www.beaconbatchpoint.net,18,Melbourne,AU,2026-06-07 01:40:27
2026-06-07,MSP Platform,BlueTicket Sync,426-557-3008,hello@blueticketsync.com,https://www.blueticketsync.com,93,Lahore,PK,2026-06-07 01:52:30
2026-06-07,Legal,OmniDocketLabs,525.412.0551,info@omnidocketlabs.com,https://www.omnidocketlabs.com,48,Bengaluru,IN,2026-06-07 01:20:39
2026-06-07,HR,DeltaTalent Core,1-938-391-9277,info@deltatalentcore.com,https://www.deltatalentcore.com,17,Manchester,UK,2026-06-07 02:54:52
2026-06-07,MSP Platform,Harbor UptimeCore,(667) 612-4303,sales@harboruptimecore.com,https://harboruptimecore.com,68,N/A,US,2026-06-07 02:01:28
2026-06-07,MSP Platform,DeltaPatch Systems,+14838540370,info@deltapatchsystems.com,https://deltapatchsystems.com,204,Tampa,US,2026-06-07 03:50:30
2026-06-07,HR,CoreOnboard Sphere,1-398-844-5490,hello@coreonboardsphere.com,https://coreonboardsphere.com,772,Raleigh,US,2026-06-07 04:47:06
2026-06-07,Medical,EmberMedApp,05944909021,hello@embermedapp.com,https://www.embermedapp.com,20,Melbourne,AU,2026-06-07 05:32:45
2026-06-07,Legal,BlueMatterApp,251-359-2580,info@bluematterapp.com,bluematterapp.com,30,Vancouver,CA,2026-06-07 05:09:12
2026-06-07,Medical,Falcon VitalSync,627-960-2440 ext. 76,sales@falconvitalsync.com,https://www.falconvitalsync.com,98,Seattle,US,2026-06-07 05:24:52
2026-06-07,ERP,Nimbus BatchWorks,1-983-858-1476,sales@nimbusbatchworks.io,https://www.nimbusbatchworks.io,21,Lahore,PK,2026-06-07 06:12:59
2026-06-07,MSP Platform,CedarMonitor Sync,824-594-7419,hello@cedarmonitorsync.com,https://www.cedarmonitorsync.com,N/A,Phoenix,US,2026-06-07 06:13:06
2026-06-07,MSP Platform,ApexEndpointLabs,1-574-322-6856,sales@apexendpointlabs.io,https://apexendpointlabs.io,17,Raleigh,US,2026-06-07 02:38:32
2026-06-07,ERP,SilverFin Dynamics,447.912.8531,sales@silverfindynamics.io,https://www.silverfindynamics.io,71,London,UK,2026-06-07 04:58:48
2026-06-07,ERP,BlueResourcePlatform,857-664-5030,info@blueresourceplatform.com,blueresourceplatform.com,20,Austin,US,2026-06-07 03:57:00
2026-06-07,ERP,SolidBatch Desk,+12298814240,info@solidbatchdesk.io,solidbatchdesk.io,1552,Boston,US,2026-06-07 02:01:53
2026-06-07,Medical,VistaHealth Hub,1-240-655-6466,contact@vistahealthhub.com,https://vistahealthhub.com,5,Singapore,SG,2026-06-07 05:45:55
2026-06-07,ERP,LatticeChain Sphere,390.810.7429,sales@latticechainsphere.io,https://latticechainsphere.io,1114,Munich,DE,2026-06-07 03:05:50
2026-06-07,MSP Platform,JuniperGridDesk,4596334934,hello@junipergriddesk.com,https://www.junipergriddesk.com,12,Phoenix,US,2026-06-07 03:50:24
2026-06-07,MSP Platform,SableMonitorSync,+18864946394,info@sablemonitorsync.com,https://www.sablemonitorsync.com,39,N/A,US,2026-06-07 06:57:25
2026-06-07,Legal,Meta FilingSphere,(840) 676-1965,hello@metafilingsphere.com,https://www.metafilingsphere.com,490,Chicago,US,2026-06-07 04:19:00
2026-06-07,HR,UmbraPeople App,6493268569,-,https://umbrapeopleapp.net,36,Denver,US,2026-06-07 04:51:34
2026-06-07,MSP Platform,Quantum StackFlow,+1 (245) 373-2432,contact@quantumstackflow.io,https://www.quantumstackflow.io,522,Sydney,AU,2026-06-07 03:43:50
2026-06-07,LMS,Core Cohort Talent Agency,239.383.9346,info@corecohorttalentagency.co,https://www.corecohorttalentagency.co,82,Raleigh,US,2026-06-07 04:26:08
2026-06-07,HR,GoldenPerformSolutions,641.549.1234,info@goldenperformsolutions.com,https://goldenperformsolutions.com,8,Seattle,US,2026-06-07 02:57:46
2026-06-07,ERP,Orbit ForgeBase,1-950-812-9603 ext. 62,contact@orbitforgebase.com,https://orbitforgebase.com,11,Columbus,US,2026-06-07 03:47:22
2026-06-07,HR,NovaShift Works,+14764122832,sales@novashiftworks.io,https://www.novashiftworks.io,26,Calgary,CA,2026-06-07 03:04:24
2026-06-07,Medical,Bold HealthPoint,650.354.5929,sales@boldhealthpoint.com,https://www.boldhealthpoint.com,15,Dublin,IE,2026-06-07 04:44:35
2026-06-07,Legal,VertexLaw Platform,939-235-9154,info@vertexlawplatform.com,vertexlawplatform.com,N/A,Raleigh,US,2026-06-07 04:42:52
2026-06-07,MSP Platform,LatticeEndpointDynamics,+17819304181,info@latticeendpointdynamics.co,latticeendpointdynamics.co,72,Chicago,US,2026-06-07 03:59:17
2026-06-07,MSP Platform,FusionMonitorBase,1-282-505-5316,contact@fusionmonitorbase.net,https://www.fusionmonitorbase.net,10,Austin,US,2026-06-07 03:53:30
2026-06-07,HR,Tidal CulturePoint,+17764391309,contact@tidalculturepoint.io,https://www.tidalculturepoint.io,97,Boston,US,2026-06-07 02:23:03
2026-06-07,HR,ZenPerform Solutions,2979588892,sales@zenperformsolutions.co,https://www.zenperformsolutions.co,282,Raleigh,US,2026-06-07 02:38:54
2026-06-07,ERP,MosaicForgeSync,720.967.1218 ext. 89,-,mosaicforgesync.com,4647,Tampa,US,2026-06-07 03:39:37
2026-06-07,HR,RapidPerform Desk,+1 (953) 305-5065,contact@rapidperformdesk.com,https://www.rapidperformdesk.com,39,Seattle,US,2026-06-07 02:34:17
2026-06-07,HR,QuantumTalent Works,696-883-3021,sales@quantumtalentworks.co,https://quantumtalentworks.co,14,N/A,US,2026-06-07 06:49:17
2026-06-07,HR,JuniperPerformLogic,(610) 727-6261,hello@juniperperformlogic.com,https://www.juniperperformlogic.com,20,Phoenix,US,2026-06-07 05:51:49
2026-06-07,HR,Rapid CultureCore,+16867698457,contact@rapidculturecore.co,https://www.rapidculturecore.co,5,Denver,US,2026-06-07 05:40:48
2026-06-07,HR,BluePerformFlow,897.305.1146,contact@blueperformflow.io,https://www.blueperformflow.io,3713,Atlanta,US,2026-06-07 03:39:12
2026-06-07,Medical,Arch Health Talent Agency,628.251.5734,contact@archhealthtalentagency.net,https://www.archhealthtalentagency.net,10,London,UK,2026-06-07 01:34:20
2026-06-07,MSP Platform,Tidal NetSuite,(345) 872-3382,sales@tidalnetsuite.com,tidalnetsuite.com,35,Sydney,AU,2026-06-07 05:10:22
2026-06-07,Legal,FusionMatterApp,770.783.6102,hello@fusionmatterapp.io,https://www.fusionmatterapp.io,28,Dublin,IE,2026-06-07 04:06:26
2026-06-07,Legal,PivotCounsel Cloud,311-300-4257,sales@pivotcounselcloud.net,https://www.pivotcounselcloud.net,39,Boston,US,2026-06-07 03:04:30
2026-06-07,LMS,GraniteLearnSoft,1-449-602-2443,contact@granitelearnsoft.io,https://www.granitelearnsoft.io,334,Boston,US,2026-06-07 06:02:20
2026-06-07,ERP,True StockSoft,2222515336,hello@truestocksoft.com,https://www.truestocksoft.com,37,Amsterdam,NL,2026-06-07 06:32:58
2026-06-07,MSP Platform,SilvérEndpointPlatform,+13883623996,hello@silverendpointplatform.io,https://silverendpointplatform.io,305,Manchester,UK,2026-06-07 06:03:16
2026-06-07,LMS,KeystoneCohort Labs,1-797-262-3950,info@keystonecohortlabs.com,https://www.keystonecohortlabs.com,4968,Vancouver,CA,2026-06-07 05:42:06
2026-06-07,Medical,FalconCareSphere,+16244155354,info@falconcaresphere.com,https://www.falconcaresphere.com,135,Raleigh,US,2026-06-07 02:02:45
2026-06-07,MSP Platform,Bold RemoteHub,697-714-3285,null,https://www.boldremotehub.co,19,Austin,US,2026-06-07 02:51:04
2026-06-07,ERP,AtlasOrder Dynamics,(709) 508-4551,hello@atlasorderdynamics.net,https://www.atlasorderdynamics.net,75,Melbourne,AU,2026-06-07 04:59:50
2026-06-07,ERP,CoreResource Hub,+15729318524,info@coreresourcehub.net,https://www.coreresourcehub.net,88,Columbus,US,2026-06-07 04:42:46
2026-06-07,Medical,PolarisCareSoft,333-227-0787,info@polariscaresoft.com,https://polariscaresoft.com,140,Dublin,IE,2026-06-07 06:55:59
2026-06-07,ERP,TidalFinFlow,215-347-1298,sales@tidalfinflow.com,https://www.tidalfinflow.com,11,Boston,US,2026-06-07 05:28:08
2026-06-07,HR,WillowTeam Platform,852-559-1331,sales@willowteamplatform.io,willowteamplatform.io,33,-,US,2026-06-07 04:48:00
2026-06-07,ERP,ArchOpsHub,(766) 728-0069 ext. 61,sales@archopshub.com,https://archopshub.com,12,Tampa,US,2026-06-07 06:45:05
2026-06-07,Legal,True DocketApp,+1 (580) 321-3332,hello@truedocketapp.com,https://truedocketapp.com,17,Boston,US,2026-06-07 06:36:55
2026-06-07,ERP,Polaris PlanDesk,982-279-9042,-,https://www.polarisplandesk.com,8,Hyderabad,IN,2026-06-07 04:21:11
2026-06-07,Medical,IndigoPatientSoft,(571) 881-1007,,indigopatientsoft.com,44,Raleigh,US,2026-06-07 02:00:53
2026-06-07,ERP,Harbor Stock Consultants,+18922284247,hello@harborstockconsultants.com,https://www.harborstockconsultants.com,48,Phoenix,US,2026-06-07 05:14:06
2026-06-07,ERP,Arch PlanSolutions,850-634-8191,hello@archplansolutions.com,https://archplansolutions.com,29,Calgary,CA,2026-06-07 04:39:47
2026-06-07,ERP,Fusion’s PlanDynamics,635-399-4738,sales@fusionplandynamics.com,https://www.fusionplandynamics.com,6,Manchester,UK,2026-06-07 02:56:08
2026-06-07,Legal,NimbusBrief Dynamics,+18636446256,sales@nimbusbriefdynamics.com,https://nimbusbriefdynamics.com,77,Lahore,PK,2026-06-07 03:00:54
2026-06-07,Legal,PivotCounsel Core,4133795867,contact@pivotcounselcore.com,https://www.pivotcounselcore.com,96,Boston,US,2026-06-07 06:53:02
2026-06-07,HR,HaloOnboard Sphere,(611) 724-6842,sales@haloonboardsphere.io,https://www.haloonboardsphere.io,49,Boston,US,2026-06-07 06:47:29
2026-06-07,Legal,Raven ClauseLabs,(832) 830-1990,hello@ravenclauselabs.net,https://www.ravenclauselabs.net,167,London,UK,2026-06-07 04:00:19
2026-06-07,ERP,GraniteStockApp,506.831.7029,contact@granitestockapp.com,https://www.granitestockapp.com,46,Columbus,US,2026-06-07 04:07:09
2026-06-07,Medical,VertexPatientWorks,598-208-9634,sales@vertexpatientworks.io,vertexpatientworks.io,33,Denver,US,2026-06-07 06:42:53
2026-06-07,HR,RavenCultureSolutions,9163577388,sales@ravenculturesolutions.net,https://ravenculturesolutions.net,440,Toronto,CA,2026-06-07 06:21:53
2026-06-07,ERP,SilverStock Systems,+1 (331) 441-5524 ext. 96,sales@silverstocksystems.net,https://www.silverstocksystems.net,149,Vancouver,CA,2026-06-07 01:16:35
2026-06-07,MSP Platform,ZephyrNet Systems,(725) 654-7978,,https://zephyrnetsystems.io,221,Phoenix,US,2026-06-07 02:20:36
2026-06-07,ERP,CoreResourceDynamics,1-442-543-6727,info@coreresourcedynamics.com,https://www.coreresourcedynamics.com,99,Boston,US,2026-06-07 04:56:44
2026-06-07,Legal,Clear LawCore,1-223-552-3609,contact@clearlawcore.io,https://www.clearlawcore.io,90,Raleigh,US,2026-06-07 02:55:21
2026-06-07,LMS,Atlas TrainApp,524.696.4938,contact@atlastrainapp.com,atlastrainapp.com,202,Amsterdam,NL,2026-06-07 02:07:17
2026-06-07,Medical,Rapid ChartPoint,+1 (400) 707-9260,contact@rapidchartpoint.com,https://www.rapidchartpoint.com,22,Phoenix,US,2026-06-07 04:02:14
2026-06-07,HR,Polaris PeopleWorks,513.723.6667,info@polarispeopleworks.net,https://polarispeopleworks.net,3449,Melbourne,AU,2026-06-07 02:49:41
2026-06-07,HR,Ridgeway PayrollCore,3034441970,contact@ridgewaypayrollcore.io,https://www.ridgewaypayrollcore.io,16,Boston,US,2026-06-07 03:08:43
2026-06-07,Medical,VertexPulse Point,4573998420,info@vertexpulsepoint.net,https://www.vertexpulsepoint.net,86,Munich,DE,2026-06-07 04:35:51
2026-06-07,MSP Platform,WillowRemoteSystems,+18278862772,sales@willowremotesystems.net,willowremotesystems.net,85,Columbus,US,2026-06-07 02:03:31
2026-06-07,ERP,VeloPlan Logic,1-346-777-1757,info@veloplanlogic.com,veloplanlogic.com,9,Bengaluru,IN,2026-06-07 01:51:58
2026-06-07,Medical,Mosaic ClinicFlow,+15416535629,contact@mosaicclinicflow.com,https://mosaicclinicflow.com,163,Phoenix,US,2026-06-07 02:05:54
2026-06-07,ERP,HarborLedger Hub,1-869-944-3545,contact@harborledgerhub.com,https://www.harborledgerhub.com,464,Hyderabad,IN,2026-06-07 04:40:03
2026-06-07,Medical,FusionPatientCloud,828-427-6076,sales@fusionpatientcloud.net,https://fusionpatientcloud.net,73,London,UK,2026-06-07 04:22:09
2026-06-07,HR,True RosterSystems,+1 (709) 432-6061,sales@truerostersystems.com,https://www.truerostersystems.com,108,Melbourne,AU,2026-06-07 03:50:14
2026-06-07,Legal,PrimeDocketFlow,837-308-5476,hello@primedocketflow.com,https://www.primedocketflow.com,38,Bengaluru,IN,2026-06-07 03:19:56
2026-06-07,ERP,FusionForge Cloud,+15709307679,hello@fusionforgecloud.com,https://www.fusionforgecloud.com,14,Melbourne,AU,2026-06-07 04:36:35
2026-06-07,Legal,IronMatter Logic,(206) 931-5202,contact@ironmatterlogic.com,https://www.ironmatterlogic.com,325,Columbus,US,2026-06-07 05:10:56
2026-06-07,LMS,Iron CourseCore,+19025775244,hello@ironcoursecore.com,https://www.ironcoursecore.com,992,Berlin,DE,2026-06-07 02:29:48
2026-06-07,Medical,BeaconMed Systems,398.915.2353,hello@beaconmedsystems.io,https://www.beaconmedsystems.io,84,Columbus,US,2026-06-07 06:27:52
2026-06-07,ERP,OrbitPlanPlatform,7272227061,info@orbitplanplatform.io,https://www.orbitplanplatform.io,57,Atlanta,US,2026-06-07 04:35:25
2026-06-07,MSP Platform,CrestEndpointPlatform,822-510-8190,contact@crestendpointplatform.co,https://www.crestendpointplatform.co,72,Austin,US,2026-06-07 02:45:41
2026-06-07,Medical,ClearHealth Base,1-703-845-4906,hello@clearhealthbase.com,https://clearhealthbase.com,47,Austin,US,2026-06-07 06:52:50
2026-06-07,HR,Golden OnboardSoft,+18534481136 ext. 77,sales@goldenonboardsoft.com,https://goldenonboardsoft.com,4300,Atlanta,US,2026-06-07 05:13:03
2026-06-07,Legal,Indigo CounselPlatform,481-568-3239,hello@indigocounselplatform.com,indigocounselplatform.com,156,Denver,US,2026-06-07 05:45:45
2026-06-07,HR,HarborBenefit Suite,+18017836715,info@harborbenefitsuite.com,https://www.harborbenefitsuite.com,44,Manchester,UK,2026-06-07 03:14:09
2026-06-07,Medical,ApexClinicDynamics,06904704296,hello@apexclinicdynamics.co,apexclinicdynamics.co,185,Tampa,US,2026-06-07 06:22:07
2026-06-07,Legal,FusionVerdict Core,284-275-6617,sales@fusionverdictcore.com,https://fusionverdictcore.com,15,Amsterdam,NL,2026-06-07 01:04:44
2026-06-07,Medical,Xenon CareSync,+14432122212,info@xenoncaresync.com,xenoncaresync.com,4229,Boston,US,2026-06-07 03:55:59
2026-06-07,MSP Platform,HarborPatchTech,+13056508133,sales@harborpatchtech.net,https://www.harborpatchtech.net,11,Dublin,IE,2026-06-07 04:32:30
2026-06-07,Legal,RidgewayDocket Core,+16238239616,info@ridgewaydocketcore.net,https://www.ridgewaydocketcore.net,14,Manchester,UK,2026-06-07 02:37:56
2026-06-07,Medical,BoldTriage Suite,367-552-0057,contact@boldtriagesuite.com,https://boldtriagesuite.com,7,Chicago,US,2026-06-07 01:28:00
2026-06-07,Medical,GraniteHealthBase,386-900-2324,contact@granitehealthbase.com,https://www.granitehealthbase.com,27,Singapore,SG,2026-06-07 01:15:09
2026-06-07,Medical,Sable RxPlatform,+19246671654,hello@sablerxplatform.com,https://www.sablerxplatform.com,6,Chicago,US,2026-06-07 01:11:46
2026-06-07,LMS,Solid LessonCloud,(654) 978-1655,hello@solidlessoncloud.com,https://www.solidlessoncloud.com,386,Singapore,SG,2026-06-07 02:33:45
2026-06-07,HR,Quantum Team Talent Agency,+15083256704,sales@quantumteamtalentagency.io,https://www.quantumteamtalentagency.io,48,Bengaluru,IN,2026-06-07 03:53:34
2026-06-07,ERP,Juniper Plan Staffing,+14062752797,sales@juniperplanstaffing.com,https://www.juniperplanstaffing.com,16,Seattle,US,2026-06-07 04:16:44
2026-06-07,Medical,LatticeTriageSync,+14664765942,contact@latticetriagesync.com,https://latticetriagesync.com,497,Seattle,US,2026-06-07 02:35:18
2026-06-07,Legal,Polaris VerdictPoint,+13983918689,info@polarisverdictpoint.com,https://www.polarisverdictpoint.com,671,Berlin,DE,2026-06-07 02:41:56
2026-06-07,HR,PolarisOnboard Labs,672.838.9424,hello@polarisonboardlabs.com,polarisonboardlabs.com,48,Boston,US,2026-06-07 04:10:34
2026-06-07,Medical,AtlasPulse Sync,(470) 408-2535,hello@atlaspulsesync.com,atlaspulsesync.com,44,Vancouver,CA,2026-06-07 05:02:05
2026-06-07,MSP Platform,Lumen TriageDesk,810-710-9428,sales@lumentriagedesk.com,https://lumentriagedesk.com,38,Tampa,US,2026-06-07 03:39:30
2026-06-07,ERP,XenonStock Suite,4505454695,hello@xenonstocksuite.net,https://www.xenonstocksuite.net,122,null,US,2026-06-07 05:25:04
2026-06-07,LMS,Fusion CohortBase,1-409-937-7569,hello@fusioncohortbase.net,https://fusioncohortbase.net,1328,Berlin,DE,2026-06-07 06:16:00
2026-06-07,MSP Platform,WillowGridDesk,+18098528820,contact@willowgriddesk.co,https://www.willowgriddesk.co,5,Phoenix,US,2026-06-07 04:32:46
2026-06-07,ERP,CrestChain Core,(332) 522-6039,hello@crestchaincore.com,https://crestchaincore.com,10,Melbourne,AU,2026-06-07 05:59:04
2026-06-07,ERP,Halo PlanPoint,+1 (298) 226-0914,info@haloplanpoint.net,https://www.haloplanpoint.net,13,Boston,US,2026-06-07 05:52:56
2026-06-07,MSP Platform,Silver PatchPlatform,9847598452,info@silverpatchplatform.com,https://www.silverpatchplatform.com,194,Phoenix,US,2026-06-07 06:33:56
2026-06-07,Legal,RapidClause Sync,771-980-1311,hello@rapidclausesync.co,https://rapidclausesync.co,559,Vancouver,CA,2026-06-07 04:34:10
2026-06-07,MSP Platform,Delta GridSync,(650) 411-1903,sales@deltagridsync.com,https://www.deltagridsync.com,18,Phoenix,US,2026-06-07 01:45:18
2026-06-07,HR,Lattice PeopleLogic,403.797.3789,sales@latticepeoplelogic.com,https://www.latticepeoplelogic.com,36,Boston,US,2026-06-07 05:55:49
2026-06-07,Medical,NovaTriage Labs,06649986413,hello@novatriagelabs.com,https://www.novatriagelabs.com,36,Raleigh,US,2026-06-07 04:35:30
2026-06-07,Legal,VertexBrief Suite,1-766-984-0585,contact@vertexbriefsuite.co,https://www.vertexbriefsuite.co,11,Tampa,US,2026-06-07 06:09:43
2026-06-07,ERP,AnchorFinFlow,922-366-5973,sales@anchorfinflow.com,anchorfinflow.com,119,Atlanta,US,2026-06-07 03:21:07
2026-06-07,Legal,Sable CaseApp,+12268168390,hello@sablecaseapp.com,https://www.sablecaseapp.com,48,Tampa,US,2026-06-07 02:41:17
2026-06-07,Legal,VistaFilingCloud,3034360947,info@vistafilingcloud.com,https://www.vistafilingcloud.com,95,-,US,2026-06-07 05:06:33
2026-06-07,ERP,Tidal StockWorks,470-631-7170,sales@tidalstockworks.com,https://tidalstockworks.com,93,Phoenix,US,2026-06-07 02:57:02
2026-06-07,MSP Platform,Quartz NodeWorks,9524869241,hello@quartznodeworks.co,https://www.quartznodeworks.co,1744,N/A,PK,2026-06-07 06:55:24
2026-06-07,Medical,Onyx HealthTech,1-350-419-1505,sales@onyxhealthtech.io,https://onyxhealthtech.io,14,Atlanta,US,2026-06-07 03:18:37
2026-06-07,LMS,XenonLessonDynamics,1-538-606-5959,N/A,https://www.xenonlessondynamics.com,81,Tampa,US,2026-06-07 05:34:00
2026-06-07,Medical,RavenHealthApp,267-301-7379,sales@ravenhealthapp.com,https://ravenhealthapp.com,52,Sydney,AU,2026-06-07 03:02:30
2026-06-07,ERP,XenonForgeWorks,1-700-527-9523,hello@xenonforgeworks.com,https://www.xenonforgeworks.com,58,Austin,US,2026-06-07 01:35:27
2026-06-07,Medical,ZenRx Cloud,(898) 243-4664,sales@zenrxcloud.com,https://www.zenrxcloud.com,639,Manchester,UK,2026-06-07 02:58:32
2026-06-07,HR,XenonTeamPlatform,535.206.9259,sales@xenonteamplatform.com,https://www.xenonteamplatform.com,242,Columbus,US,2026-06-07 03:56:58
2026-06-07,Legal,NovaCompli Works,1-816-856-5993,contact@novacompliworks.io,https://www.novacompliworks.io,10,Singapore,SG,2026-06-07 06:44:34
2026-06-07,ERP,PrimeChainDesk,521-697-9338,hello@primechaindesk.com,https://www.primechaindesk.com,19,Columbus,US,2026-06-07 01:05:00
2026-06-07,ERP,Beacon ResourceCore,468-352-0985,hello@beaconresourcecore.com,https://www.beaconresourcecore.com,884,Atlanta,US,2026-06-07 06:34:42
2026-06-07,Legal,OrbitDocketDynamics,(419) 749-2797,hello@orbitdocketdynamics.com,https://www.orbitdocketdynamics.com,90,Amsterdam,NL,2026-06-07 05:11:53
2026-06-07,Legal,QuartzMatter Solutions,4253169792,sales@quartzmattersolutions.com,quartzmattersolutions.com,50,Bengaluru,IN,2026-06-07 04:27:02
2026-06-07,Legal,Clear ClauseCore,02292729619,contact@clearclausecore.com,https://www.clearclausecore.com,11,Boston,US,2026-06-07 05:35:01
2026-06-07,Medical,EmberVitalSync,1-750-889-0437,sales@embervitalsync.com,https://www.embervitalsync.com,18,Raleigh,US,2026-06-07 06:45:07
2026-06-07,ERP,Pivot BatchLogic,(239) 802-0176,contact@pivotbatchlogic.io,https://www.pivotbatchlogic.io,812,Islamabad,PK,2026-06-07 05:18:37
2026-06-07,Legal,NovaBrief Works,(433) 822-3687,hello@novabriefworks.net,novabriefworks.net,202,Raleigh,US,2026-06-07 04:12:17
2026-06-07,Medical,CoreTriageSphere,+12709081858 ext. 15,sales@coretriagesphere.com,https://www.coretriagesphere.com,7,Phoenix,US,2026-06-07 05:54:09
2026-06-07,HR,Onyx CulturePoint,+13086050006,contact@onyxculturepoint.io,https://www.onyxculturepoint.io,1827,Atlanta,US,2026-06-07 03:49:17
2026-06-07,MSP Platform,UmbraRemote Logic,+15965983864,hello@umbraremotelogic.co,umbraremotelogic.co,242,Singapore,SG,2026-06-07 04:19:39
2026-06-07,MSP Platform,Sable StackSystems,+1 (836) 994-1575,sales@sablestacksystems.com,https://www.sablestacksystems.com,491,Columbus,US,2026-06-07 02:39:57
2026-06-07,HR,ZephyrOnboardDynamics,+1 (723) 814-1620,sales@zephyronboarddynamics.com,https://www.zephyronboarddynamics.com,256,Boston,US,2026-06-07 02:07:02
2026-06-07,ERP,SilverStockLogic,+1 (473) 798-6924,sales@silverstocklogic.com,https://www.silverstocklogic.com,94,Melbourne,AU,2026-06-07 01:52:20
2026-06-07,ERP,ZephyrFinSuite,557-855-2348,hello@zephyrfinsuite.net,https://www.zephyrfinsuite.net,2998,Boston,US,2026-06-07 04:46:18
2026-06-07,Legal,CrestCase Hub,+15526707949,sales@crestcasehub.com,crestcasehub.com,48,Boston,US,2026-06-07 03:15:04
2026-06-07,LMS,Ember TrainSystems,484-447-6753,sales@embertrainsystems.com,https://www.embertrainsystems.com,127,Austin,US,2026-06-07 04:35:57
2026-06-07,ERP,UmbraBatchFlow,1-222-717-7735,sales@umbrabatchflow.com,https://www.umbrabatchflow.com,59,Tampa,US,2026-06-07 03:10:10
2026-06-07,ERP,RidgeLedgerSync,(724) 414-1946,info@ridgeledgersync.com,https://www.ridgeledgersync.com,48,Boston,US,2026-06-07 04:08:33
2026-06-07,MSP Platform,PrimeRemote Hub,709.994.8350,info@primeremotehub.co,https://www.primeremotehub.co,488,Denver,US,2026-06-07 02:34:13
2026-06-07,HR,LatticePayrollBase,(377) 479-2900,info@latticepayrollbase.co,https://www.latticepayrollbase.co,195,Seattle,US,2026-06-07 01:08:48
2026-06-07,MSP Platform,MetaUptime Point,1-239-630-3186 ext. 69,hello@metauptimepoint.com,https://www.metauptimepoint.com,62,Raleigh,US,2026-06-07 01:30:19
2026-06-07,HR,NovaShiftCore,(575) 975-7009 ext. 72,hello@novashiftcore.com,https://www.novashiftcore.com,12,Melbourne,AU,2026-06-07 03:16:55
2026-06-07,HR,Beacon ShiftLabs,919-257-7923,info@beaconshiftlabs.co,https://www.beaconshiftlabs.co,265,Chicago,US,2026-06-07 02:03:35
2026-06-07,Medical,CrestClinicCore,+15087612460,sales@crestcliniccore.com,https://crestcliniccore.com,39,Hyderabad,IN,2026-06-07 01:22:16
2026-06-07,MSP Platform,OrbitGrid Hub,595-579-3580,sales@orbitgridhub.co,https://www.orbitgridhub.co,23,Columbus,US,2026-06-07 05:21:03
2026-06-07,HR,Apex CultureLogic,452-659-6849,sales@apexculturelogic.com,https://www.apexculturelogic.com,1108,Pune,IN,2026-06-07 01:54:12
2026-06-07,Legal,ArchFiling Platform,741-431-2945,sales@archfilingplatform.co,https://www.archfilingplatform.co,165,Atlanta,US,2026-06-07 01:13:08
2026-06-07,MSP Platform,RapidMonitorPoint,+15709681544,hello@rapidmonitorpoint.net,https://rapidmonitorpoint.net,1966,Bengaluru,IN,2026-06-07 02:17:35
2026-06-07,Legal,MetaCounsel Labs,(539) 214-1044 ext. 34,contact@metacounsellabs.com,https://www.metacounsellabs.com,5,Singapore,SG,2026-06-07 05:48:19
2026-06-07,HR,VertexTeam Logic,3057676566,sales@vertexteamlogic.io,https://vertexteamlogic.io,88,Phoenix,US,2026-06-07 05:47:32
2026-06-07,ERP,North StockSoft,(741) 555-5796,hello@northstocksoft.com,https://www.northstocksoft.com,755,Chicago,US,2026-06-07 04:45:07
2026-06-07,ERP,Golden ResourcePlatform,8227124017 ext. 15,hello@goldenresourceplatform.com,goldenresourceplatform.com,744,Bengaluru,IN,2026-06-07 04:47:58
2026-06-07,HR,UmbraPayroll Sync,+13959015717,info@umbrapayrollsync.com,https://www.umbrapayrollsync.com,9,Calgary,CA,2026-06-07 04:12:46
2026-06-07,Medical,BlueRx Solutions,741-333-1679,hello@bluerxsolutions.com,https://www.bluerxsolutions.com,48,Calgary,CA,2026-06-07 06:57:00
2026-06-07,Legal,ZenDocketDynamics,07517005977,sales@zendocketdynamics.com,https://www.zendocketdynamics.com,204,Melbourne,AU,2026-06-07 05:29:59
2026-06-07,HR,RidgewayRoster Sync,721-824-9522,hello@ridgewayrostersync.com,ridgewayrostersync.com,72,Munich,DE,2026-06-07 01:26:19
2026-06-07,Medical,Ridge CareSolutions,3002424507,sales@ridgecaresolutions.com,https://www.ridgecaresolutions.com,40,Phoenix,US,2026-06-07 01:21:27
2026-06-07,Medical,TidalChartSoft,+1 (785) 328-4808,hello@tidalchartsoft.com,https://tidalchartsoft.com,79,Chicago,US,2026-06-07 05:14:03
2026-06-07,MSP Platform,KeystoneMonitorLogic,(810) 927-3494,null,https://www.keystonemonitorlogic.io,70,Seattle,US,2026-06-07 05:53:58
2026-06-07,HR,CobaltBenefitSphere,664-827-2094,contact@cobaltbenefitsphere.com,https://www.cobaltbenefitsphere.com,12,Toronto,CA,2026-06-07 02:52:58
2026-06-07,Medical,GoldenClinic’s Solutions,908-936-1233,contact@goldenclinicsolutions.com,https://www.goldenclinicsolutions.com,43,Atlanta,US,2026-06-07 03:05:45
2026-06-07,HR,UmbraBenefitSuite,(518) 589-6412,sales@umbrabenefitsuite.com,umbrabenefitsuite.com,9,London,UK,2026-06-07 01:35:48
2026-06-07,ERP,IronBatchSystems,1-271-612-5403,info@ironbatchsystems.com,https://www.ironbatchsystems.com,125,Phoenix,US,2026-06-07 02:23:27
2026-06-07,ERP,Bold OpsLabs,1-290-542-8811,sales@boldopslabs.com,https://www.boldopslabs.com,115,Columbus,US,2026-06-07 01:13:23
2026-06-07,HR,PolarisCultureCloud,+12128453390,contact@polarisculturecloud.co,https://www.polarisculturecloud.co,184,Phoenix,US,2026-06-07 03:28:02
2026-06-07,HR,VistaPayrollPoint,(953) 960-0158,contact@vistapayrollpoint.io,vistapayrollpoint.io,19,Boston,US,2026-06-07 02:49:16
2026-06-07,Legal,Silver CaseHub,(478) 941-0908,sales@silvercasehub.com,silvercasehub.com,null,Seattle,US,2026-06-07 06:31:34
2026-06-07,MSP Platform,Beacon PatchPoint,(793) 356-9566,hello@beaconpatchpoint.com,https://beaconpatchpoint.com,1491,Toronto,CA,2026-06-07 04:37:45
2026-06-07,HR,Mosaic TalentLabs,+1 (898) 323-6207,hello@mosaictalentlabs.com,https://www.mosaictalentlabs.com,142,Austin,US,2026-06-07 05:14:42
2026-06-07,ERP,VistaFinBase,9738757297,N/A,vistafinbase.com,15,Melbourne,AU,2026-06-07 06:11:06
2026-06-07,LMS,Lumen’s LessonDynamics,+1 (589) 783-3191,contact@lumenlessondynamics.com,https://lumenlessondynamics.com,43,Lahore,PK,2026-06-07 06:59:54
2026-06-07,Legal,AtlasCompli Flow,3617225217 ext. 49,contact@atlascompliflow.net,https://www.atlascompliflow.net,17,Raleigh,US,2026-06-07 02:20:10
2026-06-07,HR,Atlas TeamLabs,(945) 795-0131,info@atlasteamlabs.com,https://atlasteamlabs.com,303,London,UK,2026-06-07 01:28:12
2026-06-07,HR,Quantum CultureTech,(944) 659-9771,sales@quantumculturetech.com,https://quantumculturetech.com,43,Bengaluru,IN,2026-06-07 06:27:01
2026-06-07,HR,Lumén PeoplePlatform,399-546-7918,info@lumenpeopleplatform.com,https://lumenpeopleplatform.com,11,Seattle,US,2026-06-07 04:12:22
2026-06-07,LMS,ArchLearnPlatform,577-987-9861,contact@archlearnplatform.com,https://archlearnplatform.com,5,Tampa,US,2026-06-07 05:38:30
2026-06-07,Legal,NimbusCompliWorks,6876267911,contact@nimbuscompliworks.io,https://www.nimbuscompliworks.io,92,Amsterdam,NL,2026-06-07 01:30:42
2026-06-07,MSP Platform,Ember PatchSolutions,5214323889,info@emberpatchsolutions.com,https://emberpatchsolutions.com,,Chicago,US,2026-06-07 06:28:29
2026-06-07,Legal,PolarisDocketPoint’s,4995611953,contact@polarisdocketpoint.com,https://www.polarisdocketpoint.com,69,Phoenix,US,2026-06-07 02:39:54
2026-06-07,HR,Delta BenefitPlatform,690-555-7777 ext. 4,sales@deltabenefitplatform.com,https://www.deltabenefitplatform.com,131,Pune,IN,2026-06-07 02:21:14
2026-06-07,ERP,VistaPlanSolutions,(339) 792-7116 ext. 25,info@vistaplansolutions.com,https://www.vistaplansolutions.com,263,Chicago,US,2026-06-07 06:08:48
2026-06-07,ERP,Orbit LedgerBase,9077111613,hello@orbitledgerbase.io,https://www.orbitledgerbase.io,12,Denver,US,2026-06-07 04:53:55
2026-06-07,HR,Onyx TeamLabs,7857866107,sales@onyxteamlabs.io,https://www.onyxteamlabs.io,203,Leeds,UK,2026-06-07 05:01:24
2026-06-07,HR,Juniper FinApp,949-589-4980,sales@juniperfinapp.io,https://www.juniperfinapp.io,18,Columbus,US,2026-06-07 01:36:32
2026-06-07,Medical,OrbitCare Suite,1-785-633-5871,info@orbitcaresuite.com,https://www.orbitcaresuite.com,18,Denver,US,2026-06-07 06:08:00
2026-06-07,ERP,VistaOrder App,+1 (758) 297-5490,sales@vistaorderapp.com,https://vistaorderapp.com,11,Berlin,DE,2026-06-07 06:34:50
2026-06-07,LMS,Pioneer MentorPlatform,+16003854580,info@pioneermentorplatform.io,https://www.pioneermentorplatform.io,154,Phoenix,US,2026-06-07 04:57:36
2026-06-07,MSP Platform,NimbusNet Systems,(976) 822-6008,hello@nimbusnetsystems.co,https://www.nimbusnetsystems.co,56,Atlanta,US,2026-06-07 04:45:43
2026-06-07,HR,Halo Culture BPO Services,1-347-792-3690,hello@haloculturebposervices.com,haloculturebposervices.com,6,Columbus,US,2026-06-07 01:21:51
2026-06-07,MSP Platform,Onyx Stack BPO Services,(492) 273-9228,contact@onyxstackbposervices.net,https://www.onyxstackbposervices.net,43,Pune,IN,2026-06-07 04:43:40
2026-06-07,HR,RapidRoster Labs,891-395-1961,hello@rapidrosterlabs.net,https://rapidrosterlabs.net,9,Boston,US,2026-06-07 06:41:38
2026-06-07,ERP,AltaPlanBase,529-239-8617,hello@altaplanbase.com,https://altaplanbase.com,111,Dublin,IE,2026-06-07 02:59:39
2026-06-07,ERP,HaloForge App,(855) 487-4708,info@haloforgeapp.com,https://www.haloforgeapp.com,50,Seattle,US,2026-06-07 03:16:15
2026-06-07,ERP,AtlasFin Dynamics,1-915-878-5851,info@atlasfindynamics.net,atlasfindynamics.net,891,Atlanta,US,2026-06-07 02:41:57
2026-06-07,Medical,SilverPulse Cloud,(690) 769-8201,sales@silverpulsecloud.com,https://www.silverpulsecloud.com,4955,Melbourne,AU,2026-06-07 06:42:59
2026-06-07,HR,FalconBenefit Base,9357891562,info@falconbenefitbase.com,https://falconbenefitbase.com,928,Bengaluru,IN,2026-06-07 04:46:41
2026-06-07,HR,IndigoShift Tech,799-304-6831,contact@indigoshifttech.io,https://www.indigoshifttech.io,18,Tampa,US,2026-06-07 02:42:23
2026-06-07,MSP Platform,AltaUptime App,+12915814343,contact@altauptimeapp.io,https://www.altauptimeapp.io,69,Boston,US,2026-06-07 06:39:03
2026-06-07,ERP,SummitForge App,214-315-6519,hello@summitforgeapp.io,https://summitforgeapp.io,14,Austin,US,2026-06-07 01:39:03
2026-06-07,ERP,JuniperFin Works,+19255542164,sales@juniperfinworks.com,https://www.juniperfinworks.com,3275,Amsterdam,NL,2026-06-07 04:26:35
2026-06-07,HR,Halo OnboardCore,(522) 577-8560,info@haloonboardcore.com,https://haloonboardcore.com,20,Boston,US,2026-06-07 04:33:55
2026-06-07,Legal,Lumen LawHub,02742014805,contact@lumenlawhub.com,https://www.lumenlawhub.com,39,Tampa,US,2026-06-07 03:23:55
2026-06-07,ERP,DeltaForgeWorks,+15398041942,hello@deltaforgeworks.com,https://www.deltaforgeworks.com,223,Atlanta,US,2026-06-07 02:10:50
2026-06-07,ERP,FalconStockLogic,+1 (697) 661-9129,sales@falconstocklogic.com,https://www.falconstocklogic.com,38,Denver,US,2026-06-07 06:03:52
2026-06-07,Legal,Sable CompliDesk,445-814-8456,info@sablecomplidesk.net,https://www.sablecomplidesk.net,39,Atlanta,US,2026-06-07 05:07:01
2026-06-07,ERP,TrueOpsSolutions,3066039677,contact@trueopssolutions.io,trueopssolutions.io,19,Lahore,PK,2026-06-07 03:20:17
2026-06-07,ERP,BlueOrderSuite,966-540-6556,contact@blueordersuite.com,blueordersuite.com,203,Vancouver,CA,2026-06-07 05:18:19
2026-06-07,Medical,RidgeRxLabs,+19419699719,hello@ridgerxlabs.com,https://www.ridgerxlabs.com,32,Singapore,SG,2026-06-07 06:18:00
2026-06-07,HR,KeystoneCulture Core,+13277881694,info@keystoneculturecore.com,https://keystoneculturecore.com,36,Seattle,US,2026-06-07 05:12:05
2026-06-07,Legal,VistaClause Base,9185305121,contact@vistaclausebase.net,https://www.vistaclausebase.net,17,Boston,US,2026-06-07 02:56:58
2026-06-07,MSP Platform,Silver GridFlow,400.707.3854,hello@silvergridflow.net,https://www.silvergridflow.net,478,Atlanta,US,2026-06-07 01:53:31
2026-06-07,Medical,HaloChart Logic,+19172103910 ext. 49,hello@halochartlogic.com,https://www.halochartlogic.com,21,Amsterdam,NL,2026-06-07 02:02:58
2026-06-07,HR,JuniperPerformTech,(288) 439-2196,sales@juniperperformtech.com,https://www.juniperperformtech.com,39,,UK,2026-06-07 01:39:06
2026-06-07,ERP,Umbra FinCore,417-928-1484,sales@umbrafincore.com,https://www.umbrafincore.com,359,Seattle,US,2026-06-07 03:15:55
2026-06-07,Legal,Cedar CasePoint,356-626-8138,contact@cedarcasepoint.com,https://www.cedarcasepoint.com,151,Atlanta,US,2026-06-07 06:52:14
2026-06-07,LMS,WillowLessonLogic,1-585-310-5889,info@willowlessonlogic.com,https://www.willowlessonlogic.com,87,Denver,US,2026-06-07 06:28:50
2026-06-07,LMS,IndigoQuizLabs,5426553092,sales@indigoquizlabs.com,https://www.indigoquizlabs.com,162,Toronto,CA,2026-06-07 06:39:30
2026-06-07,MSP Platform,AnchorRemoteLogic,(515) 946-3789,contact@anchorremotelogic.io,https://www.anchorremotelogic.io,70,Atlanta,US,2026-06-07 03:02:53
2026-06-07,MSP Platform,ZenMonitor Flow,(350) 864-3673,sales@zenmonitorflow.io,https://www.zenmonitorflow.io,42,Raleigh,US,2026-06-07 04:46:07
2026-06-07,HR,Silver PayrollCore,+18283616113,sales@silverpayrollcore.co,https://www.silverpayrollcore.co,14,Columbus,US,2026-06-07 04:18:01
2026-06-07,HR,RavenPayrollSync,921.368.8096,sales@ravenpayrollsync.com,https://www.ravenpayrollsync.com,19,Seattle,US,2026-06-07 04:51:34
2026-06-07,MSP Platform,SableNetHub,1-641-879-9587,contact@sablenethub.net,sablenethub.net,5,Islamabad,PK,2026-06-07 05:36:41
2026-06-07,ERP,OnyxPlanTech,(619) 374-3659,contact@onyxplantech.io,https://www.onyxplantech.io,71,Atlanta,US,2026-06-07 06:22:11
2026-06-07,Legal,Apex CaseHub,(510) 455-4735,hello@apexcasehub.io,https://www.apexcasehub.io,17,Boston,US,2026-06-07 03:45:30
2026-06-07,Legal,NovaBrief Cloud,219-660-1518,info@novabriefcloud.com,https://www.novabriefcloud.com,14,Phoenix,US,2026-06-07 03:18:32
2026-06-07,Legal,OnyxLaw Sync,+17084510107,info@onyxlawsync.com,https://www.onyxlawsync.com,229,Columbus,US,2026-06-07 02:27:11
2026-06-07,Legal,RapidCounsel Flow,969-778-6955,info@rapidcounselflow.com,https://rapidcounselflow.com,19,Raleigh,US,2026-06-07 06:44:56
2026-06-07,ERP,OmniBatchWorks,8715708397,hello@omnibatchworks.com,https://omnibatchworks.com,6,Dublin,IE,2026-06-07 03:36:53
2026-06-07,HR,North TalentPoint,(729) 593-6154,hello@northtalentpoint.io,https://www.northtalentpoint.io,421,Calgary,CA,2026-06-07 03:51:20
2026-06-07,Medical,Xenon PulseSolutions,1-794-329-7441,hello@xenonpulsesolutions.io,https://www.xenonpulsesolutions.io,44,Raleigh,US,2026-06-07 01:57:00
2026-06-07,ERP,FalconStock Systems,782-328-5793,hello@falconstocksystems.io,https://www.falconstocksystems.io,30,Boston,US,2026-06-07 05:39:55
2026-06-07,HR,DeltaTeam Point,+12567620411,info@deltateampoint.com,https://www.deltateampoint.com,394,Columbus,US,2026-06-07 02:52:55
2026-06-07,Medical,BeaconClinic Soft,299-784-7574,sales@beaconclinicsoft.io,https://beaconclinicsoft.io,46,Manchester,UK,2026-06-07 01:12:20
2026-06-07,Legal,DeltaBriefLabs,8224431699,info@deltabrieflabs.co,https://www.deltabrieflabs.co,149,Calgary,CA,2026-06-07 01:21:19
2026-06-07,MSP Platform,CoreNodeDesk,+19649679056,sales@corenodedesk.io,https://www.corenodedesk.io,306,Melbourne,AU,2026-06-07 02:00:13
2026-06-07,ERP,AnchorPlan Tech,+14295682080,contact@anchorplantech.com,https://www.anchorplantech.com,863,Boston,US,2026-06-07 01:51:10
2026-06-07,ERP,Omni FinApp,253-678-3869,contact@omnifinapp.com,omnifinapp.com,30,Denver,US,2026-06-07 02:34:48
2026-06-07,Medical,Umbra PatientBase,08352738037,hello@umbrapatientbase.net,https://www.umbrapatientbase.net,18,Atlanta,US,2026-06-07 02:07:49
2026-06-07,MSP Platform,Nova Remote BPO Services,888.507.4644,hello@novaremotebposervices.co,https://www.novaremotebposervices.co,16,Raleigh,US,2026-06-07 01:14:32
2026-06-07,Medical,Arch CareSolutions,(384) 958-8365,info@archcaresolutions.net,archcaresolutions.net,297,Hyderabad,IN,2026-06-07 02:26:27
2026-06-07,Medical,ArchVital Soft,354.611.0436,contact@archvitalsoft.com,https://www.archvitalsoft.com,78,Boston,US,2026-06-07 06:12:58
2026-06-07,ERP,QuartzResource Hub,+1 (462) 566-5726,hello@quartzresourcehub.com,https://www.quartzresourcehub.com,441,Chicago,US,2026-06-07 04:57:03
2026-06-07,HR,NorthPeopleLabs,1-579-688-6444,info@northpeoplelabs.com,https://www.northpeoplelabs.com,22,Seattle,US,2026-06-07 01:37:47
2026-06-07,HR,DeltaCultureCloud’s,574.777.4508,hello@deltaculturecloud.com,deltaculturecloud.com,10,Denver,US,2026-06-07 06:46:09
2026-06-07,MSP Platform,Core PatchFlow,(767) 301-6956,sales@corepatchflow.net,https://www.corepatchflow.net,8,Dublin,IE,2026-06-07 06:11:06
2026-06-07,ERP,Tidal StockLabs,(814) 862-9166,info@tidalstocklabs.net,https://www.tidalstocklabs.net,28,Atlanta,US,2026-06-07 01:58:52
2026-06-07,HR,MosaicPerformDesk,+19495079936,info@mosaicperformdesk.com,https://mosaicperformdesk.com,619,Dublin,IE,2026-06-07 04:35:57
2026-06-07,Legal,LumenBriefTech,982-987-2077,hello@lumenbrieftech.com,https://lumenbrieftech.com,30,Tampa,US,2026-06-07 06:11:34
2026-06-07,HR,FusionCulture Solutions,(227) 817-1288,,https://www.fusionculturesolutions.com,86,Singapore,SG,2026-06-07 05:08:57
2026-06-07,ERP,GraniteFin Core,+13899060576,contact@granitefincore.com,https://www.granitefincore.com,,Columbus,US,2026-06-07 02:07:41
2026-06-07,HR,Arch PerformDynamics,+14656693020,N/A,https://archperformdynamics.com,95,Melbourne,AU,2026-06-07 06:29:14
2026-06-07,ERP,Bright ChainLabs,05116654192,sales@brightchainlabs.net,https://brightchainlabs.net,N/A,Boston,US,2026-06-07 02:28:04
2026-06-07,Medical,Ridge ClinicSync,(961) 452-0557,contact@ridgeclinicsync.net,https://www.ridgeclinicsync.net,3241,Bengaluru,IN,2026-06-07 05:20:06
2026-06-07,HR,Vista RosterWorks,1-623-431-9193,info@vistarosterworks.net,https://www.vistarosterworks.net,65,Pune,IN,2026-06-07 05:27:57
2026-06-07,Medical,HaloPulse Hub,06868495273,info@halopulsehub.net,https://www.halopulsehub.net,23,Chicago,US,2026-06-07 03:20:40
2026-06-07,HR,JuniperOnboardApp,+1 (767) 333-4234,sales@juniperonboardapp.net,https://www.juniperonboardapp.net,7,Lahore,PK,2026-06-07 02:03:14
2026-06-07,LMS,KeystoneLesson Labs,+16847839075,info@keystonelessonlabs.co,https://keystonelessonlabs.co,371,Columbus,US,2026-06-07 02:52:59
2026-06-07,Medical,LumenPatientBase,+13276770881,sales@lumenpatientbase.com,lumenpatientbase.com,30,Karachi,PK,2026-06-07 04:15:39
2026-06-07,HR,ApexShift Point,1-846-822-1714,contact@apexshiftpoint.io,https://www.apexshiftpoint.io,239,Tampa,US,2026-06-07 06:18:18
2026-06-07,HR,OmniCultureSolutions,7989800506,contact@omniculturesolutions.com,https://omniculturesolutions.com,427,Leeds,UK,2026-06-07 05:51:34
2026-06-07,MSP Platform,Lumen NodeHub,6806198343,hello@lumennodehub.com,https://www.lumennodehub.com,28,Amsterdam,NL,2026-06-07 01:23:54
2026-06-07,HR,LumenPeople App,+14114598431,sales@lumenpeopleapp.com,https://lumenpeopleapp.com,222,Chicago,US,2026-06-07 04:24:40
2026-06-07,Medical,GoldenVital Soft,(271) 237-4881,sales@goldenvitalsoft.com,https://www.goldenvitalsoft.com,66,Boston,US,2026-06-07 04:18:31
2026-06-07,Legal,TrueMatterDesk,830.740.6044,sales@truematterdesk.co,https://truematterdesk.co,1295,Toronto,CA,2026-06-07 05:38:16
2026-06-07,ERP,Delta BatchSync,1-486-727-0914,contact@deltabatchsync.net,https://www.deltabatchsync.net,214,Leeds,UK,2026-06-07 05:47:32
2026-06-07,Legal,BrightDocketCore,+15916998674,contact@brightdocketcore.net,https://www.brightdocketcore.net,86,Austin,US,2026-06-07 03:46:08
2026-06-07,Legal,Crown VerdictBase,527-466-3531 ext. 13,hello@crownverdictbase.io,https://www.crownverdictbase.io,104,Singapore,SG,2026-06-07 04:11:02
2026-06-07,Legal,Pioneer LawPlatform,5045384298,info@pioneerlawplatform.com,https://www.pioneerlawplatform.com,354,Atlanta,US,2026-06-07 05:04:08
2026-06-07,Legal,GraniteDocketApp,295-389-5940,contact@granitedocketapp.io,https://www.granitedocketapp.io,133,N/A,US,2026-06-07 02:55:00
2026-06-07,HR,Summit BenefitSoft,+18253992297,hello@summitbenefitsoft.io,https://summitbenefitsoft.io,11,Manchester,UK,2026-06-07 06:01:36
2026-06-07,ERP,UmbraForge Cloud,859.972.3061,hello@umbraforgecloud.com,umbraforgecloud.com,50,Calgary,CA,2026-06-07 05:43:20
2026-06-07,HR,GoldenClinic Dynamics,483-317-8098 ext. 88,contact@goldenclinicdynamics.co,https://www.goldenclinicdynamics.co,9,Atlanta,US,2026-06-07 02:09:11
2026-06-07,HR,RavénPerformSync,1-696-865-5170,contact@ravenperformsync.com,https://ravenperformsync.com,98,Bengaluru,IN,2026-06-07 04:19:55
2026-06-07,ERP,SableResource Point,780.856.5221,info@sableresourcepoint.com,sableresourcepoint.com,93,Melbourne,AU,2026-06-07 05:19:28
2026-06-07,Medical,Pivot PulseSystems,(224) 999-0688,contact@pivotpulsesystems.io,https://pivotpulsesystems.io,34,Phoenix,US,2026-06-07 06:41:28
2026-06-07,HR,RidgewayPayrollSphere,1-773-946-5686,sales@ridgewaypayrollsphere.net,https://www.ridgewaypayrollsphere.net,9,Islamabad,PK,2026-06-07 01:59:30
2026-06-07,Legal,Pivot CaseSystems,1-212-337-9130,sales@pivotcasesystems.com,https://www.pivotcasesystems.com,231,Austin,US,2026-06-07 03:41:52
2026-06-07,ERP,Nova ForgePoint,+1 (288) 455-5934 ext. 67,sales@novaforgepoint.com,https://www.novaforgepoint.com,189,Atlanta,US,2026-06-07 05:25:26
2026-06-07,Medical,Clear RxLogic,2794533689,contact@clearrxlogic.net,https://www.clearrxlogic.net,8,Sydney,AU,2026-06-07 05:41:44
2026-06-07,Medical,QuartzPulse Hub,696.431.9446,sales@quartzpulsehub.io,https://www.quartzpulsehub.io,3149,Tampa,US,2026-06-07 04:40:15
2026-06-07,ERP,ZephyrStockTech,297.561.6830,info@zephyrstocktech.com,https://zephyrstocktech.com,1969,Columbus,US,2026-06-07 02:59:47
2026-06-07,Legal,Pivot BriefCore,716-688-9545,hello@pivotbriefcore.com,https://pivotbriefcore.com,51,Phoenix,US,2026-06-07 04:11:41
2026-06-07,MSP Platform,XenonNet Hub,882-799-6750,info@xenonnethub.net,https://www.xenonnethub.net,61,Tampa,US,2026-06-07 06:42:35
2026-06-07,MSP Platform,BeaconNode Cloud,(879) 931-9011,sales@beaconnodecloud.io,https://www.beaconnodecloud.io,139,Boston,US,2026-06-07 04:23:02
2026-06-07,MSP Platform,OrbitRemoteSuite,701.887.7136,info@orbitremotesuite.co,https://orbitremotesuite.co,396,Atlanta,US,2026-06-07 04:13:29
2026-06-07,Medical,Alta RxFlow,5695931116,-,https://altarxflow.com,8,Hyderabad,IN,2026-06-07 04:11:23
2026-06-07,Legal,NimbusClause Point,5868042224,info@nimbusclausepoint.io,https://www.nimbusclausepoint.io,7,Hyderabad,IN,2026-06-07 02:21:28
2026-06-07,ERP,GraniteOpsFlow,+1 (543) 382-7706,contact@graniteopsflow.com,graniteopsflow.com,2861,Atlanta,US,2026-06-07 04:50:53
2026-06-07,HR,PolarisCulture Hub,(701) 354-3904,info@polarisculturehub.net,polarisculturehub.net,92,Toronto,CA,2026-06-07 03:45:41
2026-06-07,HR,PrimeTalentBase,+1 (624) 292-6240,info@primetalentbase.co,https://primetalentbase.co,13,Chicago,US,2026-06-07 05:29:30
2026-06-07,HR,DeltaTalentTech,1-254-443-7452,N/A,https://www.deltatalenttech.io,99,Boston,US,2026-06-07 01:56:19
2026-06-07,Medical,LumenRx Systems,9495129801,sales@lumenrxsystems.net,https://www.lumenrxsystems.net,888,Raleigh,US,2026-06-07 02:33:30
2026-06-07,HR,BlueCulturePoint,712.235.5247,sales@blueculturepoint.io,blueculturepoint.io,9,Atlanta,US,2026-06-07 02:58:59
2026-06-07,ERP,Orbit StockDynamics,+13872777271 ext. 37,sales@orbitstockdynamics.com,https://www.orbitstockdynamics.com,19,Denver,US,2026-06-07 05:12:28
2026-06-07,ERP,Silver OrderLabs,755.843.3664,hello@silverorderlabs.com,https://www.silverorderlabs.com,123,Munich,DE,2026-06-07 05:54:13
2026-06-07,ERP,BrightBatchFlow,1-283-629-5291 ext. 21,info@brightbatchflow.com,https://www.brightbatchflow.com,20,Denver,US,2026-06-07 04:49:28
2026-06-07,Legal,Keystone BriefPoint,+1 (277) 844-5936,sales@keystonebriefpoint.com,https://www.keystonebriefpoint.com,132,Boston,US,2026-06-07 03:37:47
2026-06-07,HR,Granite BenefitPlatform,+15039869361,info@granitebenefitplatform.com,https://www.granitebenefitplatform.com,17,Denver,US,2026-06-07 03:15:02
2026-06-07,ERP,SilverChainDynamics,762-563-4289 ext. 60,contact@silverchaindynamics.com,https://www.silverchaindynamics.com,5,Hyderabad,IN,2026-06-07 01:36:06
2026-06-07,ERP,NorthChain Soft,+1 (271) 495-2562,hello@northchainsoft.co,northchainsoft.co,375,Phoenix,US,2026-06-07 02:02:53
2026-06-07,LMS,AnchorTutor Cloud,3666524639,info@anchortutorcloud.net,anchortutorcloud.net,971,Austin,US,2026-06-07 05:29:29
2026-06-07,MSP Platform,IndigoGridBase,368-227-1961,contact@indigogridbase.net,https://www.indigogridbase.net,174,Berlin,DE,2026-06-07 02:31:10
2026-06-07,HR,WillowTalent Logic,+13873901647,sales@willowtalentlogic.com,https://www.willowtalentlogic.com,4899,Columbus,US,2026-06-07 06:42:45
2026-06-07,HR,MosaicTalentSoft,688-991-1241,info@mosaictalentsoft.net,https://mosaictalentsoft.net,6,Atlanta,US,2026-06-07 01:05:56
2026-06-07,HR,QuantumOnboardHub,359.755.4970,hello@quantumonboardhub.com,quantumonboardhub.com,12,Seattle,US,2026-06-07 06:49:04
2026-06-07,Medical,LatticeHealthWorks,(695) 841-4822 ext. 98,contact@latticehealthworks.com,https://latticehealthworks.com,9,Sydney,AU,2026-06-07 04:50:20
2026-06-07,Medical,Mosaic TriageSphere,(396) 942-4435,contact@mosaictriagesphere.net,mosaictriagesphere.net,66,Austin,US,2026-06-07 03:03:58
2026-06-07,Legal,Meta MatterBase,766.739.8206,contact@metamatterbase.com,https://www.metamatterbase.com,15,Boston,US,2026-06-07 04:18:38
2026-06-07,HR,VistaRosterSolutions,912-825-0357,contact@vistarostersolutions.com,vistarostersolutions.com,16,Chicago,US,2026-06-07 03:42:17
2026-06-07,Legal,FusionDocketDynamics,+1 (473) 836-7321,contact@fusiondocketdynamics.io,https://www.fusiondocketdynamics.io,311,Boston,US,2026-06-07 05:55:53
2026-06-07,ERP,NimbusLedgerTech,7756540902 ext. 81,hello@nimbusledgertech.com,https://www.nimbusledgertech.com,68,Toronto,CA,2026-06-07 04:44:40
2026-06-07,Medical,CobaltPulse Suite,325-915-5736,contact@cobaltpulsesuite.net,cobaltpulsesuite.net,1271,Dublin,IE,2026-06-07 02:29:18
2026-06-07,ERP,LatticeChainDynamics,+14016989932,hello@latticechaindynamics.com,https://latticechaindynamics.com,195,Phoenix,US,2026-06-07 02:39:49
2026-06-07,ERP,Clear PlanFlow,630.272.2770,info@clearplanflow.io,https://www.clearplanflow.io,296,Austin,US,2026-06-07 06:41:38
2026-06-07,ERP,NorthOrder Tech,7159743574,contact@northordertech.co,northordertech.co,180,Denver,US,2026-06-07 06:47:51
2026-06-07,Medical,FalconCare Hub,+1 (687) 269-0405,contact@falconcarehub.com,https://www.falconcarehub.com,null,Leeds,UK,2026-06-07 03:43:34
2026-06-07,MSP Platform,ZenNodeCore,+1 (247) 654-8834,info@zennodecore.com,https://www.zennodecore.com,15,London,UK,2026-06-07 05:44:34
2026-06-07,ERP,ZenPlanApp,436.609.8295,info@zenplanapp.com,https://zenplanapp.com,471,Columbus,US,2026-06-07 02:22:10
2026-06-07,Legal,SableLaw Soft,6848933671,sales@sablelawsoft.co,https://sablelawsoft.co,78,Austin,US,2026-06-07 04:38:36
2026-06-07,LMS,HarborPath Solutions,1-823-231-2071,sales@harborpathsolutions.com,harborpathsolutions.com,93,Denver,US,2026-06-07 05:03:11
2026-06-07,Medical,KeystoneVital Cloud,+16837879097,hello@keystonevitalcloud.io,keystonevitalcloud.io,781,Sydney,AU,2026-06-07 01:36:20
2026-06-07,Legal,ZenCompliSuite,+15709745366,contact@zencomplisuite.net,https://www.zencomplisuite.net,6,Tampa,US,2026-06-07 02:45:32
2026-06-07,Legal,UmbraBrief’s Sync,(414) 573-6179,contact@umbrabriefsync.com,https://www.umbrabriefsync.com,29,Phoenix,US,2026-06-07 06:03:10
2026-06-07,Medical,TidalChartBase,435-698-5336,contact@tidalchartbase.com,https://tidalchartbase.com,69,London,UK,2026-06-07 02:02:34
2026-06-07,MSP Platform,HaloMonitorSphere,652-586-5561,info@halomonitorsphere.com,https://www.halomonitorsphere.com,16,Seattle,US,2026-06-07 06:21:39
2026-06-07,Legal,GraniteLawSoft,392-694-4278,sales@granitelawsoft.io,https://www.granitelawsoft.io,28,Chicago,US,2026-06-07 01:13:23
2026-06-07,Legal,LumenCompliFlow,770.653.2988,hello@lumencompliflow.com,https://lumencompliflow.com,24,Columbus,US,2026-06-07 02:54:46
2026-06-07,HR,Umbra TalentSync,(826) 694-5237 ext. 61,sales@umbratalentsync.io,https://www.umbratalentsync.io,13,Berlin,DE,2026-06-07 01:12:10
2026-06-07,Medical,Keystone TriageSoft,1-382-871-0201,sales@keystonetriagesoft.com,https://www.keystonetriagesoft.com,191,Denver,US,2026-06-07 04:13:43
2026-06-07,Medical,TidalChartLabs,+18608093469,hello@tidalchartlabs.io,https://www.tidalchartlabs.io,12,Phoenix,US,2026-06-07 02:28:43
2026-06-07,MSP Platform,BoldNetDesk,+17966856171,hello@boldnetdesk.com,https://www.boldnetdesk.com,53,Raleigh,US,2026-06-07 01:15:17
2026-06-07,HR,PolarisOnboardBase,(810) 475-7771,hello@polarisonboardbase.com,https://www.polarisonboardbase.com,86,Austin,US,2026-06-07 06:44:03
2026-06-07,ERP,LatticeBatchSoft,09738040514,hello@latticebatchsoft.com,https://www.latticebatchsoft.com,9,Berlin,DE,2026-06-07 03:15:50
2026-06-07,HR,FusionShift Works,(423) 735-3570,sales@fusionshiftworks.com,https://www.fusionshiftworks.com,72,Phoenix,US,2026-06-07 05:41:22
2026-06-07,Medical,Velo PatientCloud,587.714.1693,sales@velopatientcloud.com,https://velopatientcloud.com,5,Pune,IN,2026-06-07 05:14:12
2026-06-07,Legal,Prime CompliSystems,09704703036,contact@primecomplisystems.io,primecomplisystems.io,48,London,UK,2026-06-07 05:42:36
2026-06-07,LMS,BeaconLessonDesk,+14247450490,-,https://www.beaconlessondesk.com,54,Leeds,UK,2026-06-07 02:56:51
2026-06-07,MSP Platform,OmniNet Soft,1-448-329-8471,info@omninetsoft.com,https://www.omninetsoft.com,519,Seattle,US,2026-06-07 03:40:56
2026-06-07,ERP,Harbor BatchPlatform,(856) 941-7935,contact@harborbatchplatform.co,https://www.harborbatchplatform.co,888,Singapore,SG,2026-06-07 06:54:23
2026-06-07,Medical,PolarisChart Platform,1-608-703-6122,info@polarischartplatform.com,https://www.polarischartplatform.com,71,Amsterdam,NL,2026-06-07 01:50:25
2026-06-07,ERP,BrightPlanSoft,899-234-1350,hello@brightplansoft.com,https://www.brightplansoft.com,63,Raleigh,US,2026-06-07 06:35:05
2026-06-07,ERP,Willow Ledger Recruiting,6925201607,info@willowledgerrecruiting.com,https://www.willowledgerrecruiting.com,6,Raleigh,US,2026-06-07 03:15:03
2026-06-07,Medical,TrueHealthSystems,9209995072,info@truehealthsystems.com,https://www.truehealthsystems.com,48,Sydney,AU,2026-06-07 06:49:21
2026-06-07,LMS,Crest Cohort Staffing,2417163743,hello@crestcohortstaffing.io,https://www.crestcohortstaffing.io,201,Phoenix,US,2026-06-07 04:17:13
2026-06-07,Legal,MetaMatter App,6965947092,hello@metamatterapp.com,https://metamatterapp.com,30,London,UK,2026-06-07 01:14:23
2026-06-07,Legal,GraniteDocket Suite,+1 (544) 827-7384,hello@granitedocketsuite.com,granitedocketsuite.com,15,Calgary,CA,2026-06-07 01:55:29
2026-06-07,Legal,IndigoLawPlatform,+18813696098,info@indigolawplatform.com,indigolawplatform.com,16,Raleigh,US,2026-06-07 05:01:27
2026-06-07,MSP Platform,DeltaRemote Labs,555.771.2770,info@deltaremotelabs.com,deltaremotelabs.com,53,Pune,IN,2026-06-07 04:30:34
2026-06-07,Legal,IronVerdictPlatform,981-768-1095,hello@ironverdictplatform.com,https://www.ironverdictplatform.com,11,Phoenix,US,2026-06-07 02:32:27
2026-06-07,ERP,RavenStock Dynamics,879-548-7885,hello@ravenstockdynamics.com,https://www.ravenstockdynamics.com,39,Phoenix,US,2026-06-07 06:45:40
2026-06-07,ERP,GoldenFinCore,(669) 320-1451,contact@goldenfincore.com,https://goldenfincore.com,121,Munich,DE,2026-06-07 01:18:25
2026-06-07,HR,ClearBenefit Point,(779) 843-6632,hello@clearbenefitpoint.io,https://www.clearbenefitpoint.io,17,Leeds,UK,2026-06-07 03:45:59
2026-06-07,MSP Platform,IronMonitor Dynamics,(719) 936-9122,hello@ironmonitordynamics.com,https://ironmonitordynamics.com,56,Atlanta,US,2026-06-07 04:33:41
2026-06-07,ERP,BoldForgéDesk,3576578132 ext. 7,sales@boldforgedesk.com,boldforgedesk.com,22,Tampa,US,2026-06-07 03:37:07
2026-06-07,Legal,OnyxLawCore,04322862621,info@onyxlawcore.io,https://www.onyxlawcore.io,136,Dublin,IE,2026-06-07 04:23:15
2026-06-07,Medical,Alta RxDesk,+18697023804,contact@altarxdesk.io,https://www.altarxdesk.io,45,Chicago,US,2026-06-07 06:58:56
2026-06-07,ERP,Golden StockHub,987.784.1090,hello@goldenstockhub.com,https://www.goldenstockhub.com,427,Manchester,UK,2026-06-07 01:36:55
2026-06-07,HR,Ridge PerformHub,905-682-7584,hello@ridgeperformhub.co,https://www.ridgeperformhub.co,9,Pune,IN,2026-06-07 02:51:49
2026-06-07,ERP,AnchorForge Logic,467-568-4578,info@anchorforgelogic.co,https://www.anchorforgelogic.co,312,Boston,US,2026-06-07 06:09:22
2026-06-07,Medical,VertexPulseTech,+18897846096,contact@vertexpulsetech.com,https://www.vertexpulsetech.com,13,Chicago,US,2026-06-07 01:56:50
2026-06-07,Medical,QuartzTriage Dynamics,201.624.1829,contact@quartztriagedynamics.co,https://quartztriagedynamics.co,47,Austin,US,2026-06-07 06:58:34
2026-06-07,ERP,VistaChainLabs,1-862-552-6251,sales@vistachainlabs.com,vistachainlabs.com,730,Dublin,IE,2026-06-07 01:48:38
2026-06-07,ERP,Apex ResourceDynamics,1-450-960-5248,sales@apexresourcedynamics.net,https://www.apexresourcedynamics.net,5,Chicago,US,2026-06-07 05:43:56
2026-06-07,MSP Platform,Vista PlanLogic,524-402-6327,sales@vistaplanlogic.com,https://vistaplanlogic.com,47,Calgary,CA,2026-06-07 04:27:33
2026-06-07,MSP Platform,Cedar UptimeSphere,350.305.3223,hello@cedaruptimesphere.com,cedaruptimesphere.com,458,Dublin,IE,2026-06-07 04:06:18
2026-06-07,ERP,KeystoneOps Labs,+1 (806) 266-2486,hello@keystoneopslabs.io,https://www.keystoneopslabs.io,127,London,UK,2026-06-07 06:41:32
2026-06-07,Legal,PrimeOrder Hub,481-649-8856,contact@primeorderhub.io,https://www.primeorderhub.io,N/A,null,NL,2026-06-07 04:42:47
2026-06-07,ERP,Raven ChainApp,1-670-399-5590,contact@ravenchainapp.com,https://www.ravenchainapp.com,185,Denver,US,2026-06-07 01:44:56
2026-06-07,Legal,RidgeBrief Flow,655.829.1058,info@ridgebriefflow.io,https://ridgebriefflow.io,320,Leeds,UK,2026-06-07 03:29:11
2026-06-07,ERP,OnyxOrderBase,+1 (363) 505-2597,contact@onyxorderbase.com,onyxorderbase.com,34,Boston,US,2026-06-07 02:40:10
2026-06-07,MSP Platform,Mosaic EndpointHub,6823096735,hello@mosaicendpointhub.com,https://www.mosaicendpointhub.com,137,Karachi,PK,2026-06-07 03:48:48
2026-06-07,HR,PrimeTalent Cloud,(485) 729-3283,sales@primetalentcloud.com,primetalentcloud.com,790,Atlanta,US,2026-06-07 04:10:34
2026-06-07,HR,HarborShift Suite,422-355-3741,info@harborshiftsuite.co,https://www.harborshiftsuite.co,466,Boston,US,2026-06-07 05:46:59
2026-06-07,ERP,TidalStockLabs,(598) 271-1373,contact@tidalstocklabs.com,https://www.tidalstocklabs.com,25,Melbourne,AU,2026-06-07 06:13:36
2026-06-07,ERP,Blue ForgeDesk,1-727-335-4885,hello@blueforgedesk.io,https://www.blueforgedesk.io,484,Tampa,US,2026-06-07 03:04:54
2026-06-07,Legal,QuantumCounselPoint,1-813-239-4318,contact@quantumcounselpoint.com,https://quantumcounselpoint.com,5,Chicago,US,2026-06-07 02:35:55
2026-06-07,LMS,Vista LearnFlow,635-959-5965,sales@vistalearnflow.com,https://www.vistalearnflow.com,296,Atlanta,US,2026-06-07 01:06:37
2026-06-07,ERP,QuantumForgeHub,467.697.1898,hello@quantumforgehub.com,https://www.quantumforgehub.com,19,Boston,US,2026-06-07 02:21:37
2026-06-07,MSP Platform,CrownPatch Tech,+16082379654,hello@crownpatchtech.com,https://www.crownpatchtech.com,20,Columbus,US,2026-06-07 04:56:24
2026-06-07,MSP Platform,CrestEndpoint Labs,+13359698932,hello@crestendpointlabs.com,https://www.crestendpointlabs.com,18,Leeds,UK,2026-06-07 04:00:52
2026-06-07,ERP,Juniper FinTech,267-983-6949,contact@juniperfintech.io,https://juniperfintech.io,89,Calgary,CA,2026-06-07 06:56:15
2026-06-07,HR,SableBenefit Soft,+1 (269) 663-1967,info@sablebenefitsoft.io,https://sablebenefitsoft.io,20,Denver,US,2026-06-07 05:56:43
2026-06-07,MSP Platform,OmniNode Sync,1-725-652-4329 ext. 98,info@omninodesync.net,https://omninodesync.net,145,Denver,US,2026-06-07 01:50:50
2026-06-07,Medical,Nova RxLabs,(632) 279-4858,info@novarxlabs.co,https://www.novarxlabs.co,100,Seattle,US,2026-06-07 02:22:47
2026-06-07,ERP,GoldenChain Platform,294.236.7876,sales@goldenchainplatform.net,https://goldenchainplatform.net,28,Austin,US,2026-06-07 01:43:58
2026-06-07,Medical,Lumen HealthLabs,06847030174,hello@lumenhealthlabs.com,lumenhealthlabs.com,13,Austin,US,2026-06-07 04:23:27
2026-06-07,HR,ZephyrTeamSuite,+16594868046,sales@zephyrteamsuite.io,zephyrteamsuite.io,401,Chicago,US,2026-06-07 05:05:59
2026-06-07,Legal,CrownCaseSphere,1-872-278-4113,contact@crowncasesphere.com,https://www.crowncasesphere.com,262,Chicago,US,2026-06-07 04:45:42
2026-06-07,Legal,AnchorMatterPoint,+1 (988) 486-3999,info@anchormatterpoint.com,https://www.anchormatterpoint.com,14,Boston,US,2026-06-07 03:29:11
2026-06-07,Medical,PolarisClinicPlatform’s,516-575-5045,contact@polarisclinicplatform.com,https://polarisclinicplatform.com,61,Sydney,AU,2026-06-07 06:25:24
2026-06-07,MSP Platform,Iron Remote Manpower Services,+1 (939) 530-6658,info@ironremotemanpowerservices.co,ironremotemanpowerservices.co,32,Sydney,AU,2026-06-07 04:48:28
2026-06-07,Legal,KeystoneLaw Dynamics,750.252.7490,hello@keystonelawdynamics.com,https://keystonelawdynamics.com,667,Sydney,AU,2026-06-07 03:29:27
2026-06-07,MSP Platform,Harbor TicketBase,1-946-953-0651,contact@harborticketbase.com,https://www.harborticketbase.com,572,Tampa,US,2026-06-07 03:41:10
2026-06-07,ERP,Cedar FinHub,483.283.8234,info@cedarfinhub.io,cedarfinhub.io,118,Columbus,US,2026-06-07 05:28:14
2026-06-07,Legal,Prime BriefLogic,807-796-5957,sales@primebrieflogic.com,primebrieflogic.com,19,Tampa,US,2026-06-07 03:20:21
2026-06-07,HR,CedarTeamCloud,+12953461900,info@cedarteamcloud.com,https://www.cedarteamcloud.com,92,London,UK,2026-06-07 01:41:50
2026-06-07,MSP Platform,Omni NetPoint,+16286198456,sales@omninetpoint.com,https://omninetpoint.com,218,Melbourne,AU,2026-06-07 03:41:30
2026-06-07,Medical,North VitalTech,8908926058,sales@northvitaltech.io,https://www.northvitaltech.io,-,Boston,US,2026-06-07 05:07:58
2026-06-07,HR,QuartzShiftSync,4362559470,contact@quartzshiftsync.com,https://www.quartzshiftsync.com,63,Melbourne,AU,2026-06-07 04:16:51
2026-06-07,Legal,GoldenLaw Point,1-685-761-5827,info@goldenlawpoint.com,https://www.goldenlawpoint.com,739,Seattle,US,2026-06-07 06:06:31
2026-06-07,HR,DeltaTeam Solutions,1-686-631-9782,hello@deltateamsolutions.com,deltateamsolutions.com,83,London,UK,2026-06-07 02:38:26
2026-06-07,LMS,KeystoneMentor Hub,6779555700,info@keystonementorhub.co,https://www.keystonementorhub.co,37,Munich,DE,2026-06-07 06:04:34
2026-06-07,Legal,VistaFiling Platform,632-426-3648,hello@vistafilingplatform.io,https://www.vistafilingplatform.io,6,Columbus,US,2026-06-07 02:19:15
2026-06-07,ERP,SableChainWorks,9528734202,info@sablechainworks.co,sablechainworks.co,885,Phoenix,US,2026-06-07 06:30:46
2026-06-07,MSP Platform,SilverNet Point,6018498565,contact@silvernetpoint.com,silvernetpoint.com,18,Atlanta,US,2026-06-07 04:22:04
2026-06-07,Medical,IndigoVitalSphere,929-605-2666,info@indigovitalsphere.com,indigovitalsphere.com,30,Sydney,AU,2026-06-07 03:39:38
2026-06-07,HR,Arch PerformSoft,1-247-419-2375,info@archperformsoft.com,archperformsoft.com,54,Leeds,UK,2026-06-07 03:08:02
2026-06-07,HR,PioneerOnboardCloud,711-495-7376,hello@pioneeronboardcloud.com,pioneeronboardcloud.com,212,Pune,IN,2026-06-07 04:09:10
2026-06-07,Legal,AtlasCaseSphere,+18675762060,hello@atlascasesphere.net,atlascasesphere.net,29,Phoenix,US,2026-06-07 06:32:10
2026-06-07,MSP Platform,Blue NodeFlow,(810) 881-2148 ext. 50,,https://www.bluenodeflow.com,44,-,CA,2026-06-07 01:06:55
2026-06-07,MSP Platform,Prime EndpointSuite,(987) 281-8693,sales@primeendpointsuite.io,https://www.primeendpointsuite.io,873,Leeds,UK,2026-06-07 01:15:32
2026-06-07,HR,GoldenOnboard Cloud,884-473-4762,contact@goldenonboardcloud.com,https://goldenonboardcloud.com,166,Pune,IN,2026-06-07 01:59:33
2026-06-07,ERP,TruePlan Dynamics,(963) 989-5421,hello@trueplandynamics.io,https://www.trueplandynamics.io,1664,N/A,UK,2026-06-07 01:29:12
2026-06-07,Medical,Nova RxSuite,+1 (559) 687-6367,sales@novarxsuite.com,https://novarxsuite.com,10,Boston,US,2026-06-07 01:32:23
2026-06-07,Legal,Clear BriefSync,618-815-4374,sales@clearbriefsync.com,https://www.clearbriefsync.com,78,London,UK,2026-06-07 04:44:41
2026-06-07,ERP,Granite FinWorks,908-746-5236,info@granitefinworks.com,https://www.granitefinworks.com,63,Raleigh,US,2026-06-07 03:07:06
2026-06-07,ERP,North OrderDynamics,494-888-5613,sales@northorderdynamics.net,https://www.northorderdynamics.net,32,Seattle,US,2026-06-07 06:44:32
2026-06-07,HR,Ember BenefitSuite,1-334-869-2115,contact@emberbenefitsuite.com,https://www.emberbenefitsuite.com,,Islamabad,PK,2026-06-07 01:36:53
2026-06-07,ERP,ClearFin Soft,+13719594837,hello@clearfinsoft.com,https://www.clearfinsoft.com,489,Boston,US,2026-06-07 06:41:31
2026-06-07,Medical,Lumen ClinicSync,(267) 968-1031,contact@lumenclinicsync.com,https://lumenclinicsync.com,2467,Chicago,US,2026-06-07 04:05:11
2026-06-07,MSP Platform,Quantum StackPlatform,(657) 826-8581,contact@quantumstackplatform.co,https://www.quantumstackplatform.co,19,Lahore,PK,2026-06-07 04:51:11
2026-06-07,HR,CedarBenefit Logic,310.829.6312,hello@cedarbenefitlogic.net,https://cedarbenefitlogic.net,87,Raleigh,US,2026-06-07 03:22:07
2026-06-07,MSP Platform,XenonUptime Sphere,4755957224,contact@xenonuptimesphere.com,https://www.xenonuptimesphere.com,641,Tampa,US,2026-06-07 05:52:08
2026-06-07,ERP,QuantumBatch Suite,221.576.8186 ext. 46,hello@quantumbatchsuite.com,quantumbatchsuite.com,59,Bengaluru,IN,2026-06-07 03:59:06
2026-06-07,HR,CrownRosterBase,476.567.1119,N/A,https://www.crownrosterbase.net,1030,Phoenix,US,2026-06-07 06:57:21
2026-06-07,Medical,SummitPulse Point,9517050706,contact@summitpulsepoint.com,https://www.summitpulsepoint.com,20,Denver,US,2026-06-07 04:10:38
2026-06-07,HR,True CultureSoft,03617822849,sales@trueculturesoft.net,https://www.trueculturesoft.net,151,Columbus,US,2026-06-07 05:38:34
2026-06-07,Medical,KeystoneCare Sphere,+1 (278) 352-3541,contact@keystonecaresphere.com,https://www.keystonecaresphere.com,469,Karachi,PK,2026-06-07 04:05:03
2026-06-07,ERP,UmbraForgeCore,306-677-1608,sales@umbraforgecore.com,https://www.umbraforgecore.com,8,Phoenix,US,2026-06-07 01:58:30
2026-06-07,HR,SummitBenefit Works,881-963-3670,sales@summitbenefitworks.com,https://www.summitbenefitworks.com,460,Austin,US,2026-06-07 01:22:09
2026-06-07,Medical,Vertex CareSoft,(578) 318-9109,hello@vertexcaresoft.com,https://vertexcaresoft.com,241,Austin,US,2026-06-07 02:01:34
2026-06-07,MSP Platform,ZephyrStackSystems,+15509299427,info@zephyrstacksystems.net,https://www.zephyrstacksystems.net,19,Boston,US,2026-06-07 05:12:26
2026-06-07,ERP,Polaris BatchLabs,(394) 889-9917,contact@polarisbatchlabs.io,https://www.polarisbatchlabs.io,162,Singapore,SG,2026-06-07 03:38:46
2026-06-07,HR,North BenefitSphere,6508426070,sales@northbenefitsphere.com,https://www.northbenefitsphere.com,100,Tampa,US,2026-06-07 04:11:28
2026-06-07,Legal,LatticeClauseSoft,7316246157,sales@latticeclausesoft.com,https://latticeclausesoft.com,107,Denver,US,2026-06-07 02:16:01
2026-06-07,ERP,Raven ResourceSoft,1-834-273-9958,sales@ravenresourcesoft.com,https://www.ravenresourcesoft.com,105,Manchester,UK,2026-06-07 01:33:27
2026-06-07,MSP Platform,North TicketSoft,+14713091077 ext. 46,info@northticketsoft.com,https://www.northticketsoft.com,252,Boston,US,2026-06-07 04:02:36
2026-06-07,MSP Platform,ZephyrUptimeSoft,(942) 597-5626,info@zephyruptimesoft.io,https://www.zephyruptimesoft.io,403,Raleigh,US,2026-06-07 02:24:14
2026-06-07,MSP Platform,RavenNode Cloud,+13577231207,info@ravennodecloud.io,https://www.ravennodecloud.io,5,Chicago,US,2026-06-07 04:48:36
2026-06-07,HR,Delta PeoplePlatform,1-716-869-6763,hello@deltapeopleplatform.io,https://www.deltapeopleplatform.io,13,Atlanta,US,2026-06-07 05:20:56
2026-06-07,MSP Platform,Rapid Node Talent Agency,420.288.3850,hello@rapidnodetalentagency.com,https://www.rapidnodetalentagency.com,4888,Amsterdam,NL,2026-06-07 03:01:04
2026-06-07,HR,Harbor RosterApp,534.758.1556,sales@harborrosterapp.com,https://www.harborrosterapp.com,153,Atlanta,US,2026-06-07 05:49:32
2026-06-07,LMS,BrightCohortPlatform,1-745-477-7761,info@brightcohortplatform.io,https://brightcohortplatform.io,1228,Chicago,US,2026-06-07 04:16:46
2026-06-07,MSP Platform,ArchRemote Sphere,+19274442318,hello@archremotesphere.com,https://www.archremotesphere.com,-,Phoenix,US,2026-06-07 02:53:04
2026-06-07,MSP Platform,ClearTicket Desk,2684824775,hello@clearticketdesk.net,https://clearticketdesk.net,157,Phoenix,US,2026-06-07 03:17:38
2026-06-07,HR,Velo BenefitWorks,+18139920216 ext. 19,info@velobenefitworks.co,https://www.velobenefitworks.co,20,Calgary,CA,2026-06-07 02:48:31
2026-06-07,Medical,NovaClinic Dynamics,1-699-555-6078,info@novaclinicdynamics.io,https://www.novaclinicdynamics.io,34,Denver,US,2026-06-07 06:25:37
2026-06-07,MSP Platform,BrightNetApp,861-696-4945,contact@brightnetapp.net,https://www.brightnetapp.net,45,Raleigh,US,2026-06-07 04:35:18
2026-06-07,ERP,AnchorForgeSphere,866-635-4151,info@anchorforgesphere.com,https://www.anchorforgesphere.com,29,Denver,US,2026-06-07 04:45:39
2026-06-07,HR,Cedar CultureHub,762-634-1611,contact@cedarculturehub.com,https://www.cedarculturehub.com,440,Islamabad,PK,2026-06-07 02:19:48
2026-06-07,MSP Platform,JuniperNodeSync,+18945745252,contact@junipernodesync.com,https://www.junipernodesync.com,167,Leeds,UK,2026-06-07 06:51:54
2026-06-07,MSP Platform,RidgewayTicket Sphere,625.219.7771,contact@ridgewayticketsphere.co,https://www.ridgewayticketsphere.co,50,Tampa,US,2026-06-07 05:01:47
2026-06-07,Legal,CobaltBriefPlatform,277.529.5036,sales@cobaltbriefplatform.com,https://www.cobaltbriefplatform.com,35,Austin,US,2026-06-07 03:21:14
2026-06-07,MSP Platform,Arch PatchLogic,+18729630078,info@archpatchlogic.com,https://www.archpatchlogic.com,99,Berlin,DE,2026-06-07 02:26:17
2026-06-07,HR,Lumen ShiftSystems,(832) 315-8409,hello@lumenshiftsystems.io,lumenshiftsystems.io,995,Columbus,US,2026-06-07 04:52:57
2026-06-07,Medical,Zephyr HealthSolutions,(661) 458-6013,hello@zephyrhealthsolutions.co,https://www.zephyrhealthsolutions.co,N/A,Phoenix,US,2026-06-07 05:13:30
2026-06-07,LMS,CobaltSkillSync,474-706-4384,contact@cobaltskillsync.io,https://cobaltskillsync.io,104,Tampa,US,2026-06-07 01:31:29
2026-06-07,MSP Platform,CedarUptimeSystems,431.905.8222,contact@cedaruptimesystems.net,https://www.cedaruptimesystems.net,58,Chicago,US,2026-06-07 03:02:33
2026-06-07,HR,Solid’s TalentDynamics,+1 (514) 644-1673,info@solidtalentdynamics.com,https://solidtalentdynamics.com,33,Chicago,US,2026-06-07 05:21:19
2026-06-07,LMS,Mosaic TutorDynamics,1-509-898-6572,contact@mosaictutordynamics.com,mosaictutordynamics.com,551,Calgary,CA,2026-06-07 03:46:28
2026-06-07,Legal,PioneerDocket Core,1-683-879-2911,hello@pioneerdocketcore.com,pioneerdocketcore.com,45,Berlin,DE,2026-06-07 03:25:09
2026-06-07,HR,VertexBenefit Dynamics,274.374.8356,contact@vertexbenefitdynamics.co,https://www.vertexbenefitdynamics.co,72,Manchester,UK,2026-06-07 06:35:47
2026-06-07,Legal,Blue CounselLabs,649-962-4709,contact@bluecounsellabs.com,bluecounsellabs.com,77,Columbus,US,2026-06-07 01:40:24
2026-06-07,MSP Platform,Fusion NetHub,(909) 838-0766,contact@fusionnethub.io,https://www.fusionnethub.io,9,Raleigh,US,2026-06-07 05:25:38
2026-06-07,HR,Core OnboardWorks,897-559-3067,info@coreonboardworks.com,https://www.coreonboardworks.com,20,Chicago,US,2026-06-07 02:34:50
2026-06-07,Medical,Pioneer CareSoft,853-723-9842,info@pioneercaresoft.com,https://www.pioneercaresoft.com,45,Pune,IN,2026-06-07 04:21:00
2026-06-07,HR,CedarPayroll Tech,+16109480799,sales@cedarpayrolltech.com,https://www.cedarpayrolltech.com,838,Austin,US,2026-06-07 04:30:37
2026-06-07,MSP Platform,OnyxNode Labs,(954) 424-2861,hello@onyxnodelabs.com,https://www.onyxnodelabs.com,195,Atlanta,US,2026-06-07 01:41:05
2026-06-07,HR,Ridge TalentCore,568-613-5832,sales@ridgetalentcore.io,https://www.ridgetalentcore.io,566,Columbus,US,2026-06-07 02:59:31
2026-06-07,Medical,OmniTriage Desk,227-375-1570,info@omnitriagedesk.com,https://www.omnitriagedesk.com,128,Austin,US,2026-06-07 03:49:06
2026-06-07,HR,OnyxRosterSphere,+18593099224,sales@onyxrostersphere.com,https://www.onyxrostersphere.com,34,Dublin,IE,2026-06-07 01:40:24
2026-06-07,MSP Platform,ClearTicketPlatform,612.478.4025,info@clearticketplatform.com,https://www.clearticketplatform.com,66,Columbus,US,2026-06-07 06:41:04
2026-06-07,ERP,Pioneer ChainDynamics,1-520-919-5223,info@pioneerchaindynamics.com,pioneerchaindynamics.com,761,Boston,US,2026-06-07 03:11:20
2026-06-07,ERP,RidgewayFin Sphere,(617) 430-8689,sales@ridgewayfinsphere.com,https://www.ridgewayfinsphere.com,12,Pune,IN,2026-06-07 03:24:24
2026-06-07,ERP,AltaResource Works,6657180284 ext. 9,hello@altaresourceworks.com,https://www.altaresourceworks.com,88,Atlanta,US,2026-06-07 06:45:21
2026-06-07,MSP Platform,Keystone EndpointDynamics,912.791.6990,info@keystoneendpointdynamics.co,https://www.keystoneendpointdynamics.co,19,Calgary,CA,2026-06-07 06:59:27
2026-06-07,ERP,Atlas ResourceFlow,541.903.5940,N/A,https://www.atlasresourceflow.io,37,Atlanta,US,2026-06-07 05:18:09
2026-06-07,ERP,Vertex StockLabs,+16686211626,sales@vertexstocklabs.com,https://www.vertexstocklabs.com,108,Chicago,US,2026-06-07 04:09:39
2026-06-07,ERP,Core ChainSoft,2683837897,hello@corechainsoft.com,https://www.corechainsoft.com,4789,Calgary,CA,2026-06-07 02:14:05
2026-06-07,HR,ZephyrOnboard Core,+18846524507,sales@zephyronboardcore.com,https://zephyronboardcore.com,75,Munich,DE,2026-06-07 04:33:24
2026-06-07,ERP,BeaconChain Dynamics,395.726.7007,contact@beaconchaindynamics.io,https://www.beaconchaindynamics.io,61,Boston,US,2026-06-07 06:42:31
2026-06-07,Legal,Ridgeway FilingTech,1-740-992-0274,info@ridgewayfilingtech.net,https://www.ridgewayfilingtech.net,1544,Amsterdam,NL,2026-06-07 03:16:01
2026-06-07,Medical,CedarClinicCore,+1 (432) 383-9614,sales@cedarcliniccore.io,https://cedarcliniccore.io,85,Amsterdam,NL,2026-06-07 05:42:25
2026-06-07,MSP Platform,NorthStackPlatform,6669204205,contact@northstackplatform.com,northstackplatform.com,29,Atlanta,US,2026-06-07 01:25:59
2026-06-07,Medical,FalconCare Sync,+1 (777) 864-0888,info@falconcaresync.co,https://falconcaresync.co,16,Bengaluru,IN,2026-06-07 01:10:05
2026-06-07,ERP,ArchLedgerSuite,+1 (594) 947-8806,sales@archledgersuite.net,https://archledgersuite.net,N/A,Chicago,US,2026-06-07 03:26:34
2026-06-07,HR,True OnboardSuite,910-400-7810,contact@trueonboardsuite.com,https://www.trueonboardsuite.com,14,Tampa,US,2026-06-07 01:00:44
2026-06-07,MSP Platform,Anchor StackSync,5002819738,hello@anchorstacksync.com,https://www.anchorstacksync.com,47,Vancouver,CA,2026-06-07 03:46:46
2026-06-07,HR,Zephyr Perform Consultants,+13938805282,sales@zephyrperformconsultants.co,https://zephyrperformconsultants.co,836,Columbus,US,2026-06-07 04:28:12
2026-06-07,MSP Platform,Summit StackSphere,(625) 317-7910,sales@summitstacksphere.com,summitstacksphere.com,13,Austin,US,2026-06-07 05:09:28
2026-06-07,Medical,Omni’s PatientTech,2938612526,info@omnipatienttech.co,https://omnipatienttech.co,84,Austin,US,2026-06-07 01:54:19
2026-06-07,MSP Platform,LumenUptimeCore,401-225-5721,info@lumenuptimecore.io,https://www.lumenuptimecore.io,24,Chicago,US,2026-06-07 01:47:33
2026-06-07,MSP Platform,NorthRemoteTech,(463) 436-9323,contact@northremotetech.io,https://www.northremotetech.io,3905,Phoenix,US,2026-06-07 05:08:18
2026-06-07,ERP,BoldChainLogic,989-416-6904,sales@boldchainlogic.co,https://www.boldchainlogic.co,5,Atlanta,US,2026-06-07 06:56:18
2026-06-07,MSP Platform,MetaEndpoint Dynamics,304-912-2808,N/A,https://www.metaendpointdynamics.io,13,Seattle,US,2026-06-07 06:32:20
2026-06-07,ERP,WillowForgeSystems,662.436.3776,info@willowforgesystems.com,willowforgesystems.com,67,Austin,US,2026-06-07 01:05:46
2026-06-07,LMS,ArchQuizPlatform,1-557-832-6971,info@archquizplatform.com,https://www.archquizplatform.com,880,Toronto,CA,2026-06-07 01:55:10
2026-06-07,MSP Platform,NovaNode Base,+1 (494) 831-2257,sales@novanodebase.co,novanodebase.co,44,Melbourne,AU,2026-06-07 03:59:25
2026-06-07,Legal,ZephyrCompliDynamics,(870) 454-4109,info@zephyrcomplidynamics.net,https://www.zephyrcomplidynamics.net,-,Columbus,US,2026-06-07 02:18:00
2026-06-07,Medical,NimbusChart Logic,+12525946137,hello@nimbuschartlogic.com,https://www.nimbuschartlogic.com,54,Manchester,UK,2026-06-07 04:20:45
2026-06-07,Medical,CrownHealthDesk,(818) 823-9577,contact@crownhealthdesk.com,https://www.crownhealthdesk.com,40,Vancouver,CA,2026-06-07 03:36:28
2026-06-07,Legal,UmbraCase Flow,208-595-7010,N/A,https://www.umbracaseflow.com,8,Denver,US,2026-06-07 04:32:49
2026-06-07,HR,AtlasTeamHub,963-380-4432,hello@atlasteamhub.com,https://www.atlasteamhub.com,42,Singapore,SG,2026-06-07 03:29:48
2026-06-07,Legal,Cedar MatterDynamics,559-827-5280,contact@cedarmatterdynamics.com,https://cedarmatterdynamics.com,26,Seattle,US,2026-06-07 04:09:30
2026-06-07,Legal,Silver DocketLogic,+1 (641) 539-0777 ext. 96,hello@silverdocketlogic.com,https://www.silverdocketlogic.com,1225,Melbourne,AU,2026-06-07 01:15:10
2026-06-07,Medical,RapidVitalSync,349-530-9947,info@rapidvitalsync.com,https://www.rapidvitalsync.com,687,Chicago,US,2026-06-07 04:25:21
2026-06-07,ERP,XenonChain Solutions,+1 (528) 394-7056,info@xenonchainsolutions.co,https://www.xenonchainsolutions.co,62,Chicago,US,2026-06-07 03:04:40
2026-06-07,HR,Juniper BenefitHub,677.309.7013,sales@juniperbenefithub.com,https://www.juniperbenefithub.com,63,Boston,US,2026-06-07 02:09:09
2026-06-07,MSP Platform,RidgePatch Base,1-202-394-6448,contact@ridgepatchbase.com,https://www.ridgepatchbase.com,75,Seattle,US,2026-06-07 06:01:06
2026-06-07,Medical,Indigo CareApp,+18248873129 ext. 63,contact@indigocareapp.com,https://www.indigocareapp.com,35,Seattle,US,2026-06-07 06:39:25
2026-06-07,HR,IronTalentLogic,+16596351674 ext. 15,contact@irontalentlogic.com,irontalentlogic.com,117,Raleigh,US,2026-06-07 04:45:47
2026-06-07,ERP,Falcon ResourceCore,837-524-8424,sales@falconresourcecore.io,https://falconresourcecore.io,68,Tampa,US,2026-06-07 06:47:14
2026-06-07,Legal,VertexMatter Cloud,06459785641,sales@vertexmattercloud.co,https://www.vertexmattercloud.co,44,Austin,US,2026-06-07 06:14:37
2026-06-07,MSP Platform,ApexEndpoint Labs,08715551290,hello@apexendpointlabs.com,apexendpointlabs.com,5,N/A,AU,2026-06-07 02:12:13
2026-06-07,Medical,FusionPulsePlatform,(420) 719-7367,info@fusionpulseplatform.io,https://www.fusionpulseplatform.io,N/A,Raleigh,US,2026-06-07 02:06:24
2026-06-07,HR,Falcon CultureCloud,830.326.6016,sales@falconculturecloud.com,https://falconculturecloud.com,94,Raleigh,US,2026-06-07 06:46:12
2026-06-07,Medical,RavenPatient Suite,+14422586771,contact@ravenpatientsuite.net,https://www.ravenpatientsuite.net,40,Karachi,PK,2026-06-07 05:59:46
2026-06-07,HR,Anchor TeamCore,849.486.2455,sales@anchorteamcore.com,https://anchorteamcore.com,19,Calgary,CA,2026-06-07 02:25:28
2026-06-07,Legal,Meta BriefSync,+18519461680,contact@metabriefsync.com,https://metabriefsync.com,67,Austin,US,2026-06-07 06:05:43
2026-06-07,Medical,BrightHealth Solutions,5258396761,info@brighthealthsolutions.net,https://www.brighthealthsolutions.net,11,Raleigh,US,2026-06-07 02:15:56
2026-06-07,ERP,Zephyr OpsLabs,+1 (295) 655-6516,hello@zephyropslabs.com,https://www.zephyropslabs.com,208,Atlanta,US,2026-06-07 02:38:42
2026-06-07,HR,VistaTeam Platform,1-764-637-2067,hello@vistateamplatform.com,https://www.vistateamplatform.com,8,Raleigh,US,2026-06-07 01:48:05
2026-06-07,MSP Platform,Alta RemoteLabs,+1 (499) 316-3178,hello@altaremotelabs.com,https://www.altaremotelabs.com,274,Columbus,US,2026-06-07 05:28:13
2026-06-07,Legal,ArchVital Soft,(354) 611-0436,contact@archvitalsoft.com,https://www.archvitalsoft.com,78,Boston,US,2026-06-07 05:59:31
2026-06-07,Medical,JuniperTriage Base,403-213-7116,hello@junipertriagebase.com,https://www.junipertriagebase.com,38,Raleigh,US,2026-06-07 01:27:29
2026-06-07,Legal,Crown MatterWorks,1-987-699-7760,info@crownmatterworks.com,https://www.crownmatterworks.com,100,Boston,US,2026-06-07 03:18:19
2026-06-07,MSP Platform,WillowGrid Tech,512-715-3814,info@willowgridtech.net,willowgridtech.net,4328,Phoenix,US,2026-06-07 06:27:52
2026-06-07,ERP,CedarLedgerCore,9355689240,hello@cedarledgercore.com,https://cedarledgercore.com,72,Atlanta,US,2026-06-07 04:35:56
2026-06-07,MSP Platform,Quantum MonitorCore,+1 (974) 683-7160,contact@quantummonitorcore.com,https://www.quantummonitorcore.com,315,Austin,US,2026-06-07 05:18:47
2026-06-07,Legal,GraniteFilingSoft,+1 (697) 445-9853,info@granitefilingsoft.net,https://granitefilingsoft.net,340,Seattle,US,2026-06-07 05:09:45
2026-06-07,MSP Platform,Arch NodeLabs,5949338899,info@archnodelabs.com,https://www.archnodelabs.com,255,Atlanta,US,2026-06-07 03:57:32
2026-06-07,Medical,IndigoClinicSystems,381-806-2687 ext. 10,sales@indigoclinicsystems.net,indigoclinicsystems.net,156,Atlanta,US,2026-06-07 04:14:28
2026-06-07,MSP Platform,TruePatchCore,319.244.6456 ext. 38,info@truepatchcore.net,truepatchcore.net,983,Amsterdam,NL,2026-06-07 05:56:23
2026-06-07,Legal,AltaLaw Works,+14317455421,sales@altalawworks.com,https://altalawworks.com,65,Austin,US,2026-06-07 02:03:51
2026-06-07,Legal,MosaicMatter Hub,+15546928908,hello@mosaicmatterhub.com,https://www.mosaicmatterhub.com,3828,Seattle,US,2026-06-07 06:09:07
2026-06-07,Legal,RidgewayLawHub,817.256.0309,sales@ridgewaylawhub.io,https://www.ridgewaylawhub.io,33,Leeds,UK,2026-06-07 04:18:39
2026-06-07,Medical,ZephyrPulseTech,1-670-220-3233,sales@zephyrpulsetech.com,https://www.zephyrpulsetech.com,236,London,UK,2026-06-07 03:11:20
2026-06-07,Medical,Sable PatientCore,4828760498,null,https://sablepatientcore.com,294,Hyderabad,IN,2026-06-07 02:54:46
2026-06-07,HR,SableTalentCloud,+17436035415,sales@sabletalentcloud.com,https://www.sabletalentcloud.com,49,Pune,IN,2026-06-07 01:37:35
2026-06-07,HR,ArchShift Flow,593-315-1219,info@archshiftflow.com,https://archshiftflow.com,235,Atlanta,US,2026-06-07 01:50:30
2026-06-07,Legal,Delta MatterDesk,336-642-4916,info@deltamatterdesk.com,https://www.deltamatterdesk.com,6,Seattle,US,2026-06-07 02:40:20
2026-06-07,Medical,BluePatientSystems,488.739.4036,info@bluepatientsystems.com,https://bluepatientsystems.com,27,Denver,US,2026-06-07 06:18:26
2026-06-07,ERP,JuniperResourceSystems,+13622633478,contact@juniperresourcesystems.com,https://www.juniperresourcesystems.com,209,Calgary,CA,2026-06-07 02:46:34
2026-06-07,ERP,SilverLedger Desk,799.312.4221,hello@silverledgerdesk.io,https://www.silverledgerdesk.io,N/A,Austin,US,2026-06-07 04:32:16
2026-06-07,LMS,UmbraTutor Core,600-810-7852,sales@umbratutorcore.com,https://umbratutorcore.com,765,Amsterdam,NL,2026-06-07 05:58:17
2026-06-07,HR,Solid ShiftLogic,(600) 598-1145,hello@solidshiftlogic.com,https://solidshiftlogic.com,78,London,UK,2026-06-07 05:42:34
2026-06-07,Medical,FalconClinic Sphere,6833047520,contact@falconclinicsphere.com,https://www.falconclinicsphere.com,43,London,UK,2026-06-07 03:42:12
2026-06-07,MSP Platform,Granite NodeDesk,+14125596418,contact@granitenodedesk.com,https://granitenodedesk.com,37,Atlanta,US,2026-06-07 02:33:07
2026-06-07,Medical,CoreRx Flow,(828) 728-7222 ext. 50,hello@corerxflow.io,https://www.corerxflow.io,30,Melbourne,AU,2026-06-07 05:06:47
2026-06-07,Medical,ClearMedLogic,660-563-1845,info@clearmedlogic.com,clearmedlogic.com,45,Columbus,US,2026-06-07 02:13:01
2026-06-07,HR,Solid ShiftSync,706.529.6159,,https://www.solidshiftsync.com,18,Lahore,PK,2026-06-07 03:54:19
2026-06-07,ERP,IndigoLedger Logic,(389) 774-1510,contact@indigoledgerlogic.com,https://www.indigoledgerlogic.com,31,London,UK,2026-06-07 04:49:29
2026-06-07,ERP,Xenon BatchPlatform,+1 (514) 495-6646,hello@xenonbatchplatform.io,https://www.xenonbatchplatform.io,-,Dublin,IE,2026-06-07 02:35:33
2026-06-07,LMS,ArchTrainLabs,612-718-4281,contact@archtrainlabs.com,https://www.archtrainlabs.com,2056,Tampa,US,2026-06-07 05:00:22
2026-06-07,Medical,Bold PatientSolutions,878.880.3816,info@boldpatientsolutions.com,https://www.boldpatientsolutions.com,178,N/A,CA,2026-06-07 05:47:20
2026-06-07,ERP,QuantumFin Core,245.644.3749,null,https://www.quantumfincore.com,27,Tampa,US,2026-06-07 03:41:24
2026-06-07,HR,SilverShift Soft,+15728275050 ext. 50,contact@silvershiftsoft.net,https://www.silvershiftsoft.net,555,Munich,DE,2026-06-07 02:58:51
2026-06-07,ERP,Delta ForgeBase,5926218687,info@deltaforgebase.com,https://deltaforgebase.com,4346,Toronto,CA,2026-06-07 05:42:47
2026-06-07,ERP,BlueOpsLogic,274.773.8379,info@blueopslogic.com,https://www.blueopslogic.com,2133,Denver,US,2026-06-07 02:01:33
2026-06-07,HR,CorePerformApp,8662276049,N/A,coreperformapp.co,251,Toronto,CA,2026-06-07 02:09:12
2026-06-07,HR,ArchBenefitHub,(680) 463-0251,info@archbenefithub.com,https://www.archbenefithub.com,437,Leeds,UK,2026-06-07 03:32:59
2026-06-07,Medical,Quantum ClinicLogic,(360) 758-7398,contact@quantumcliniclogic.com,https://www.quantumcliniclogic.com,25,Sydney,AU,2026-06-07 01:28:11
2026-06-07,ERP,NorthFin Sphere,(678) 364-0957,hello@northfinsphere.com,https://www.northfinsphere.com,597,Austin,US,2026-06-07 05:42:02
2026-06-07,Medical,XenonTriageWorks,+13525158778,hello@xenontriageworks.net,xenontriageworks.net,47,Sydney,AU,2026-06-07 01:06:03
2026-06-07,ERP,Xenon ResourceWorks,(665) 340-4794,info@xenonresourceworks.co,https://www.xenonresourceworks.co,8,Austin,US,2026-06-07 05:40:29
2026-06-07,Legal,RidgeLawPlatform,+14699763157,sales@ridgelawplatform.com,https://ridgelawplatform.com,13,Atlanta,US,2026-06-07 05:28:36
2026-06-07,LMS,IronQuizFlow,(339) 252-9325,info@ironquizflow.io,https://www.ironquizflow.io,519,Seattle,US,2026-06-07 06:11:08
2026-06-07,ERP,ZenResource Hub,571.965.6442,info@zenresourcehub.co,https://www.zenresourcehub.co,36,Austin,US,2026-06-07 01:41:38
2026-06-07,Medical,Cedar PatientSync,(305) 619-0216,contact@cedarpatientsync.co,cedarpatientsync.co,25,Dublin,IE,2026-06-07 06:56:57
2026-06-07,ERP,Mosaic StockSolutions,04937471109,sales@mosaicstocksolutions.com,https://www.mosaicstocksolutions.com,151,London,UK,2026-06-07 01:32:55
2026-06-07,ERP,Vertex ForgeSync,03285685518,hello@vertexforgesync.com,https://vertexforgesync.com,49,Austin,US,2026-06-07 03:57:57
2026-06-07,ERP,Vertex PlanLogic,(281) 454-3606,info@vertexplanlogic.co,https://www.vertexplanlogic.co,41,Hyderabad,IN,2026-06-07 05:18:27
2026-06-07,ERP,AltaResource Solutions,+16513192729,hello@altaresourcesolutions.co,https://www.altaresourcesolutions.co,45,Columbus,US,2026-06-07 02:06:00
2026-06-07,MSP Platform,BeaconMonitorFlow,472-860-3710,hello@beaconmonitorflow.com,https://beaconmonitorflow.com,94,Boston,US,2026-06-07 01:04:33
2026-06-07,Legal,Core CaseApp,+13499214342,hello@corecaseapp.net,https://corecaseapp.net,33,Tampa,US,2026-06-07 06:00:58
2026-06-07,HR,WillowPayroll Flow,1-473-538-0477 ext. 16,info@willowpayrollflow.com,https://willowpayrollflow.com,15,Tampa,US,2026-06-07 05:55:36
2026-06-07,Medical,FusionMed Logic,745.211.1491,info@fusionmedlogic.com,https://www.fusionmedlogic.com,59,Raleigh,US,2026-06-07 05:17:45
2026-06-07,Legal,WillowDocket Labs,+19839436940,hello@willowdocketlabs.net,https://willowdocketlabs.net,127,Tampa,US,2026-06-07 04:29:36
2026-06-07,Medical,NovaMed Cloud,2176820508,info@novamedcloud.com,https://www.novamedcloud.com,1228,Phoenix,US,2026-06-07 06:40:11
2026-06-07,Medical,SilverPatientHub,454-268-7940 ext. 73,sales@silverpatienthub.com,https://www.silverpatienthub.com,8,Amsterdam,NL,2026-06-07 02:12:58
2026-06-07,HR,ZephyrPeopleFlow,(624) 544-2574,hello@zephyrpeopleflow.com,https://zephyrpeopleflow.com,360,Dublin,IE,2026-06-07 01:15:54
2026-06-07,MSP Platform,Beacon EndpointApp,798-731-0099,sales@beaconendpointapp.com,https://www.beaconendpointapp.com,23,Boston,US,2026-06-07 04:58:35
2026-06-07,Legal,SableMatter Desk,2775308111,contact@sablematterdesk.io,https://www.sablematterdesk.io,7,Sydney,AU,2026-06-07 03:50:56
2026-06-07,ERP,VistaOrder Sync,+18627971366,N/A,https://www.vistaordersync.com,274,Manchester,UK,2026-06-07 01:14:59
2026-06-07,MSP Platform,TidalEndpoint Cloud,2049274316,hello@tidalendpointcloud.com,https://www.tidalendpointcloud.com,632,Amsterdam,NL,2026-06-07 03:41:17
2026-06-07,HR,IndigoRosterTech,621-728-3181,contact@indigorostertech.io,https://www.indigorostertech.io,null,Toronto,CA,2026-06-07 04:14:25
2026-06-07,Legal,TrueDocketTech,529.426.0058,hello@truedockettech.io,https://www.truedockettech.io,123,Atlanta,US,2026-06-07 01:36:49
2026-06-07,MSP Platform,Nimbus MonitorSuite,726-887-0212,contact@nimbusmonitorsuite.com,https://www.nimbusmonitorsuite.com,19,Denver,US,2026-06-07 06:54:10
2026-06-07,HR,CrownOnboard Logic,798-484-9353,-,https://www.crownonboardlogic.io,19,Raleigh,US,2026-06-07 06:51:30
2026-06-07,ERP,WillowBatch Tech,5968383950,sales@willowbatchtech.com,willowbatchtech.com,227,Munich,DE,2026-06-07 04:35:44
2026-06-07,HR,Ember PayrollApp,571-573-9195,sales@emberpayrollapp.com,https://www.emberpayrollapp.com,717,Tampa,US,2026-06-07 01:07:19
2026-06-07,ERP,PivotBatch Point,746-817-1559,info@pivotbatchpoint.io,https://www.pivotbatchpoint.io,11,Denver,US,2026-06-07 03:34:07
2026-06-07,HR,Bright PerformSphere,1-854-271-4239,-,https://www.brightperformsphere.io,52,Denver,US,2026-06-07 03:19:33
2026-06-07,LMS,XenonMentorLogic,1-218-640-2458,contact@xenonmentorlogic.com,https://www.xenonmentorlogic.com,19,London,UK,2026-06-07 03:55:13
2026-06-07,MSP Platform,Pioneer StackTech,204.805.7347,N/A,https://www.pioneerstacktech.co,37,Chicago,US,2026-06-07 05:59:48
2026-06-07,ERP,HaloPlan Works,256-875-3074,hello@haloplanworks.com,https://www.haloplanworks.com,7,Chicago,US,2026-06-07 06:47:41
2026-06-07,Medical,Apex MedBase,1-812-621-8957,sales@apexmedbase.co,https://www.apexmedbase.co,744,Denver,US,2026-06-07 02:31:09
2026-06-07,ERP,Falcon PlanPoint,+14214771131,info@falconplanpoint.io,https://falconplanpoint.io,141,Austin,US,2026-06-07 05:07:33
2026-06-07,MSP Platform,Solid Grid Outsourcing,(876) 677-8111,contact@solidgridoutsourcing.co,https://solidgridoutsourcing.co,222,Leeds,UK,2026-06-07 02:50:05
2026-06-07,Legal,Ridgeway ClauseSoft,+16127323313,,https://www.ridgewayclausesoft.com,N/A,Dublin,IE,2026-06-07 03:27:33
2026-06-07,ERP,SilverBatch Flow,(880) 974-4528 ext. 47,info@silverbatchflow.com,https://www.silverbatchflow.com,55,Dublin,IE,2026-06-07 02:33:05
2026-06-07,Medical,ZephyrRxCore,(615) 411-9961,hello@zephyrrxcore.com,https://www.zephyrrxcore.com,33,Chicago,US,2026-06-07 06:20:24
2026-06-07,Legal,RapidFilingSoft,722-760-5008,sales@rapidfilingsoft.com,https://www.rapidfilingsoft.com,562,Vancouver,CA,2026-06-07 05:17:24
2026-06-07,Medical,QuantumVital Hub,711.884.2362,info@quantumvitalhub.com,https://quantumvitalhub.com,963,Manchester,UK,2026-06-07 04:54:27
2026-06-07,ERP,MetaChainDesk,(911) 500-8807,contact@metachaindesk.net,https://www.metachaindesk.net,19,Boston,US,2026-06-07 02:35:55
2026-06-07,Medical,Juniper PulseLogic,567-881-5057,sales@juniperpulselogic.com,juniperpulselogic.com,159,Pune,IN,2026-06-07 04:06:12
2026-06-07,MSP Platform,IndigoNet Sphere,08952570003,sales@indigonetsphere.com,https://www.indigonetsphere.com,111,London,UK,2026-06-07 06:16:58
2026-06-07,HR,Crest ShiftBase,1-912-830-0265,sales@crestshiftbase.com,crestshiftbase.com,33,Chicago,US,2026-06-07 06:11:20
2026-06-07,HR,OnyxPerformHub,02869874126,hello@onyxperformhub.com,onyxperformhub.com,14,Seattle,US,2026-06-07 02:47:26
2026-06-07,Medical,ZenHealth Systems,(784) 817-0891,sales@zenhealthsystems.com,https://zenhealthsystems.com,28,Columbus,US,2026-06-07 06:14:57
2026-06-07,MSP Platform,Cedar GridWorks,(818) 694-1630,contact@cedargridworks.com,cedargridworks.com,,Seattle,US,2026-06-07 03:43:44
2026-06-07,MSP Platform,BeaconMonitorSoft,1-413-262-3513,info@beaconmonitorsoft.com,https://www.beaconmonitorsoft.com,19,Singapore,SG,2026-06-07 01:47:24
2026-06-07,ERP,FalconLedger Core,752-323-4089,info@falconledgercore.com,https://www.falconledgercore.com,91,Atlanta,US,2026-06-07 01:10:49
2026-06-07,LMS,LatticeCourse Systems,728-586-4982,N/A,latticecoursesystems.co,61,Denver,US,2026-06-07 01:02:00
2026-06-07,Medical,North CareBase,+17996623344,contact@northcarebase.co,https://www.northcarebase.co,4874,Columbus,US,2026-06-07 04:40:30
2026-06-07,HR,OrbitRoster Soft,(350) 551-9707,sales@orbitrostersoft.net,https://www.orbitrostersoft.net,4686,Pune,IN,2026-06-07 01:13:27
2026-06-07,HR,Iron ShiftSync,+17225811319,contact@ironshiftsync.io,https://ironshiftsync.io,887,Amsterdam,NL,2026-06-07 03:52:53
2026-06-07,Legal,LumenMatterSuite,732.735.0299,contact@lumenmattersuite.io,https://lumenmattersuite.io,51,Atlanta,US,2026-06-07 04:11:17
2026-06-07,MSP Platform,HaloMonitorFlow’s,+12429792929,contact@halomonitorflow.co,halomonitorflow.co,481,Raleigh,US,2026-06-07 03:08:37
2026-06-07,ERP,CobaltFin App,+1 (216) 551-7528,sales@cobaltfinapp.com,cobaltfinapp.com,18,Singapore,SG,2026-06-07 05:37:07
2026-06-07,Legal,OmniFiling Flow,+12433250283,info@omnifilingflow.com,https://www.omnifilingflow.com,462,Seattle,US,2026-06-07 04:17:30
2026-06-07,ERP,VertexStock Dynamics,7015389985,contact@vertexstockdynamics.com,https://vertexstockdynamics.com,3353,Denver,US,2026-06-07 01:04:20
2026-06-07,HR,HaloPeople Point,+15964728325,hello@halopeoplepoint.io,https://www.halopeoplepoint.io,36,Toronto,CA,2026-06-07 04:28:57
2026-06-07,HR,PivotCultureSystems,566-742-0176,contact@pivotculturesystems.io,https://www.pivotculturesystems.io,118,Manchester,UK,2026-06-07 01:09:50
2026-06-07,MSP Platform,OnyxMonitorTech,218.532.5407,contact@onyxmonitortech.com,https://www.onyxmonitortech.com,48,Seattle,US,2026-06-07 05:02:15
2026-06-07,HR,SummitCultureBase,434-759-3885,sales@summitculturebase.com,https://www.summitculturebase.com,231,Atlanta,US,2026-06-07 05:39:50
2026-06-07,Legal,EmberVerdictWorks,(956) 277-6126,contact@emberverdictworks.co,https://www.emberverdictworks.co,14,Austin,US,2026-06-07 01:43:10
2026-06-07,ERP,PivotChain Cloud,508.520.4320,hello@pivotchaincloud.co,https://pivotchaincloud.co,29,Pune,IN,2026-06-07 01:38:25
2026-06-07,Medical,Blue ChartPoint,+1 (716) 867-8580,contact@bluechartpoint.com,https://bluechartpoint.com,122,Austin,US,2026-06-07 06:11:42
2026-06-07,ERP,Pivot OrderCloud,369-517-9056,hello@pivotordercloud.com,https://www.pivotordercloud.com,,Karachi,PK,2026-06-07 05:11:48
2026-06-07,MSP Platform,Xenon StackSphere,396-830-7456,sales@xenonstacksphere.com,https://www.xenonstacksphere.com,171,Columbus,US,2026-06-07 03:04:40
2026-06-07,MSP Platform,Blue StackSystems,(659) 456-6220,sales@bluestacksystems.com,bluestacksystems.com,89,-,US,2026-06-07 02:51:52
2026-06-07,ERP,Juniper LedgerHub,+1 (679) 846-7560,contact@juniperledgerhub.co,juniperledgerhub.co,120,Dublin,IE,2026-06-07 02:24:44
2026-06-07,Medical,Solid TriageTech,+1 (751) 342-8676,hello@solidtriagetech.net,https://www.solidtriagetech.net,85,Seattle,US,2026-06-07 05:34:56
2026-06-07,MSP Platform,ClearMonitorPlatform,02748192466,sales@clearmonitorplatform.com,https://clearmonitorplatform.com,123,Raleigh,US,2026-06-07 05:34:49
2026-06-07,ERP,Ridgeway StockSoft,(686) 265-9397,hello@ridgewaystocksoft.com,ridgewaystocksoft.com,159,Tampa,US,2026-06-07 03:37:54
2026-06-07,ERP,CrestOrderSuite,(253) 201-7509,contact@crestordersuite.com,https://crestordersuite.com,14,Manchester,UK,2026-06-07 01:43:51
2026-06-07,ERP,Ridge PlanSphere,+17499185226,contact@ridgeplansphere.io,https://www.ridgeplansphere.io,60,Manchester,UK,2026-06-07 04:41:52
2026-06-07,ERP,Bold ForgeDesk,(530) 884-5189,contact@boldforgedesk.com,https://boldforgedesk.com,12,Austin,US,2026-06-07 02:09:54
2026-06-07,Legal,HarborCounselSync,+1 (949) 612-0932,sales@harborcounselsync.io,https://www.harborcounselsync.io,122,Vancouver,CA,2026-06-07 02:55:44
2026-06-07,Legal,FalconLawDesk,(624) 983-9005,contact@falconlawdesk.com,https://falconlawdesk.com,50,Austin,US,2026-06-07 05:18:55
2026-06-07,Legal,VeloClause Point,274-557-6860,info@veloclausepoint.com,https://www.veloclausepoint.com,997,Phoenix,US,2026-06-07 06:31:21
2026-06-07,HR,CrestShift Flow,578-779-2668,contact@crestshiftflow.net,https://www.crestshiftflow.net,7,Munich,DE,2026-06-07 02:34:29
2026-06-07,ERP,TidalPlanPlatform,+18455390491,hello@tidalplanplatform.com,https://www.tidalplanplatform.com,9,Melbourne,AU,2026-06-07 06:53:12
2026-06-07,LMS,Juniper Tutor Manpower Services,(689) 997-0821,sales@junipertutormanpowerservices.com,https://junipertutormanpowerservices.com,79,Vancouver,CA,2026-06-07 06:49:19
2026-06-07,Medical,Crest HealthSphere,+17862466202,sales@cresthealthsphere.com,https://www.cresthealthsphere.com,147,Toronto,CA,2026-06-07 03:46:03
2026-06-07,HR,SummitBenefitLogic,+1 (957) 385-2227,sales@summitbenefitlogic.io,https://www.summitbenefitlogic.io,231,Toronto,CA,2026-06-07 02:54:14
2026-06-07,Medical,Xenon PulseSphere,597.826.4551,sales@xenonpulsesphere.com,https://xenonpulsesphere.com,344,Manchester,UK,2026-06-07 03:20:52
2026-06-07,HR,PrimePeople Point,633-394-9059,sales@primepeoplepoint.com,https://www.primepeoplepoint.com,229,Karachi,PK,2026-06-07 05:13:38
2026-06-07,Legal,OrbitCounselTech,678.787.9802,contact@orbitcounseltech.com,https://www.orbitcounseltech.com,14,Chicago,US,2026-06-07 06:47:28
2026-06-07,LMS,Ridgeway LessonFlow,607-299-4637,info@ridgewaylessonflow.com,https://www.ridgewaylessonflow.com,15,Raleigh,US,2026-06-07 01:24:16
2026-06-07,ERP,Iron FinSphere,957-888-2308,hello@ironfinsphere.com,ironfinsphere.com,159,London,UK,2026-06-07 01:45:35
2026-06-07,Medical,TrueRx Systems,(340) 779-3770,hello@truerxsystems.co,truerxsystems.co,18,Denver,US,2026-06-07 02:05:55
2026-06-07,MSP Platform,RidgewayNode Hub,537-625-5317,info@ridgewaynodehub.com,https://www.ridgewaynodehub.com,11,Chicago,US,2026-06-07 03:27:25
2026-06-07,HR,Nimbus TalentDynamics,534-611-3635,info@nimbustalentdynamics.co,https://www.nimbustalentdynamics.co,467,London,UK,2026-06-07 04:24:16
2026-06-07,Medical,RapidHealthLabs,393-227-6472 ext. 4,sales@rapidhealthlabs.io,https://www.rapidhealthlabs.io,70,Sydney,AU,2026-06-07 04:58:07
2026-06-07,HR,EmberCulture Dynamics,+13052244637,info@emberculturedynamics.io,emberculturedynamics.io,626,Manchester,UK,2026-06-07 01:34:03
2026-06-07,ERP,TrueOrder Cloud,+14502174264,sales@trueordercloud.co,https://www.trueordercloud.co,79,Phoenix,US,2026-06-07 03:59:26
2026-06-07,HR,DeltaPerform Soft,07659152055,info@deltaperformsoft.com,https://www.deltaperformsoft.com,153,Austin,US,2026-06-07 06:42:13
2026-06-07,Legal,CoreMatterCloud,272-665-4666,info@coremattercloud.net,https://coremattercloud.net,23,Islamabad,PK,2026-06-07 02:52:09
2026-06-07,ERP,LumenPlan Core,434-260-6350,info@lumenplancore.com,https://www.lumenplancore.com,45,Phoenix,US,2026-06-07 05:40:22
2026-06-07,HR,AltaBenefit Solutions,(398) 710-8943,sales@altabenefitsolutions.com,https://www.altabenefitsolutions.com,N/A,Seattle,US,2026-06-07 02:05:05
2026-06-07,Medical,Lumen RxPlatform,561-700-0636,sales@lumenrxplatform.net,https://www.lumenrxplatform.net,57,Seattle,US,2026-06-07 04:21:04
2026-06-07,HR,DeltaTeamFlow,+1 (252) 839-4325,contact@deltateamflow.com,https://www.deltateamflow.com,91,Tampa,US,2026-06-07 02:14:06
2026-06-07,LMS,Quantum LearnLabs,+14697131794,info@quantumlearnlabs.com,https://www.quantumlearnlabs.com,61,Toronto,CA,2026-06-07 01:55:16
2026-06-07,Legal,HaloMatterApp,475-310-8983,sales@halomatterapp.net,https://www.halomatterapp.net,417,Atlanta,US,2026-06-07 06:49:34
2026-06-07,HR,AnchorRosterSolutions,916.349.6663,hello@anchorrostersolutions.com,https://www.anchorrostersolutions.com,137,Toronto,CA,2026-06-07 04:20:14
2026-06-07,ERP,VertexStockPlatform,+15014393388,sales@vertexstockplatform.co,https://www.vertexstockplatform.co,84,Sydney,AU,2026-06-07 05:24:26
2026-06-07,ERP,Apex Fin Outsourcing,1-893-721-3631,sales@apexfinoutsourcing.com,https://www.apexfinoutsourcing.com,30,Austin,US,2026-06-07 03:58:28
2026-06-07,Medical,CrestPatientSuite,(708) 601-6311 ext. 7,sales@crestpatientsuite.com,https://www.crestpatientsuite.com,20,Seattle,US,2026-06-07 05:53:09
2026-06-07,ERP,VertexPlanLogic,379-391-1004,info@vertexplanlogic.com,https://www.vertexplanlogic.com,21,Seattle,US,2026-06-07 05:05:01
2026-06-07,HR,Granite ShiftHub,(610) 753-1935,contact@graniteshifthub.com,graniteshifthub.com,100,Columbus,US,2026-06-07 03:40:15
2026-06-07,HR,CrestOnboard Works,1-839-766-1140,hello@crestonboardworks.com,https://crestonboardworks.com,12,Columbus,US,2026-06-07 01:22:55
2026-06-07,ERP,Orbit LedgerSuite,316-783-4700,hello@orbitledgersuite.com,https://www.orbitledgersuite.com,38,Seattle,US,2026-06-07 06:24:08
2026-06-07,MSP Platform,NimbusUptime Dynamics,(878) 997-6462,sales@nimbusuptimedynamics.net,https://nimbusuptimedynamics.net,4871,Dublin,IE,2026-06-07 05:04:54
2026-06-07,Legal,Nimbus CaseSync,678-833-3828,sales@nimbuscasesync.com,https://www.nimbuscasesync.com,266,London,UK,2026-06-07 02:14:07
2026-06-07,MSP Platform,Halo TicketHub,(522) 496-3405,info@halotickethub.com,https://halotickethub.com,14,Atlanta,US,2026-06-07 02:23:01
2026-06-07,HR,PivotTalentWorks’s,1-702-834-1429,info@pivottalentworks.com,https://pivottalentworks.com,2521,Atlanta,US,2026-06-07 06:54:59
2026-06-07,ERP,SolidFin Sphere,1-415-503-1443,hello@solidfinsphere.com,https://www.solidfinsphere.com,627,Boston,US,2026-06-07 01:43:20
2026-06-07,MSP Platform,AnchorNetLabs,(577) 657-3774 ext. 69,info@anchornetlabs.com,https://www.anchornetlabs.com,70,Atlanta,US,2026-06-07 06:41:15
2026-06-07,HR,CrestTeamSystems,3242091846,sales@crestteamsystems.co,crestteamsystems.co,88,Denver,US,2026-06-07 01:14:05
2026-06-07,ERP,ClearOrder Works,3323740644,info@clearorderworks.co,https://www.clearorderworks.co,36,Raleigh,US,2026-06-07 01:08:58
2026-06-07,Medical,PivotCare Solutions,(842) 611-7245,hello@pivotcaresolutions.com,https://www.pivotcaresolutions.com,781,London,UK,2026-06-07 06:49:22
2026-06-07,Legal,Juniper CompliSoft,+13667707891,hello@junipercomplisoft.net,https://www.junipercomplisoft.net,50,Toronto,CA,2026-06-07 03:11:04
2026-06-07,ERP,Golden ForgeBase,+1 (222) 622-0623,hello@goldenforgebase.net,https://goldenforgebase.net,891,Phoenix,US,2026-06-07 05:56:50
2026-06-07,Medical,NimbusChartWorks,+1 (654) 525-8731,sales@nimbuschartworks.com,https://www.nimbuschartworks.com,4800,Pune,IN,2026-06-07 02:35:49
2026-06-07,ERP,SolidPlanDynamics,(268) 525-6756,contact@solidplandynamics.co,https://www.solidplandynamics.co,150,Leeds,UK,2026-06-07 02:19:06
2026-06-07,ERP,Atlas Ops Consulting Group,+13263587728,contact@atlasopsconsultinggroup.io,https://atlasopsconsultinggroup.io,41,Austin,US,2026-06-07 02:57:16
2026-06-07,Medical,TidalMedSync,904-869-0862,hello@tidalmedsync.net,https://tidalmedsync.net,482,Atlanta,US,2026-06-07 01:23:15
2026-06-07,MSP Platform,FalconStackFlow,+1 (358) 879-5533,info@falconstackflow.co,https://falconstackflow.co,6,Leeds,UK,2026-06-07 06:55:48
2026-06-07,ERP,RapidChain Desk,4382045673,hello@rapidchaindesk.co,rapidchaindesk.co,516,Denver,US,2026-06-07 01:58:36
2026-06-07,Medical,NorthHealthPlatform,1-482-209-4695,contact@northhealthplatform.com,https://northhealthplatform.com,N/A,Sydney,AU,2026-06-07 05:11:40
2026-06-07,ERP,GoldenBatch Suite,949-319-9081,sales@goldenbatchsuite.io,https://goldenbatchsuite.io,19,Tampa,US,2026-06-07 02:43:02
2026-06-07,MSP Platform,Cobalt Uptime Consultants,+15983776265,hello@cobaltuptimeconsultants.com,https://www.cobaltuptimeconsultants.com,829,Hyderabad,IN,2026-06-07 04:13:19
2026-06-07,LMS,Bright LearnSuite,876.602.5316,null,https://www.brightlearnsuite.com,3434,Hyderabad,IN,2026-06-07 04:33:07
2026-06-07,HR,LatticeShift Core,+16526403951,sales@latticeshiftcore.com,https://latticeshiftcore.com,6,-,US,2026-06-07 03:04:47
2026-06-07,ERP,TrueOps Platform,907.889.8266,sales@trueopsplatform.com,https://trueopsplatform.com,86,Sydney,AU,2026-06-07 05:53:37
2026-06-07,HR,ArchPayroll Hub,520-866-7639,info@archpayrollhub.co,archpayrollhub.co,20,Seattle,US,2026-06-07 06:23:05
2026-06-07,ERP,Summit ResourceTech,+14918740111,contact@summitresourcetech.net,https://www.summitresourcetech.net,1732,London,UK,2026-06-07 05:45:04
2026-06-07,MSP Platform,TruePatch Labs,687.712.7737,hello@truepatchlabs.co,truepatchlabs.co,18,Tampa,US,2026-06-07 04:14:37
2026-06-07,LMS,Juniper CohortFlow,7012967299,hello@junipercohortflow.com,https://www.junipercohortflow.com,86,Tampa,US,2026-06-07 02:19:36
2026-06-07,MSP Platform,ApexPatchLabs,262-639-9900,sales@apexpatchlabs.com,apexpatchlabs.com,355,Melbourne,AU,2026-06-07 04:49:49
2026-06-07,MSP Platform,XenonNet App,598-686-3583,sales@xenonnetapp.io,https://xenonnetapp.io,16,Tampa,US,2026-06-07 03:55:34
2026-06-07,Legal,NorthLaw Suite,7224028596,hello@northlawsuite.io,https://www.northlawsuite.io,7,Singapore,SG,2026-06-07 03:59:31
2026-06-07,Medical,SummitChart Desk,+18407361677,hello@summitchartdesk.com,https://summitchartdesk.com,765,Boston,US,2026-06-07 03:08:21
2026-06-07,Legal,QuantumCaseSphere,640-463-8247,contact@quantumcasesphere.io,https://www.quantumcasesphere.io,7,Atlanta,US,2026-06-07 05:55:59
2026-06-07,MSP Platform,CrestPatch Works,(265) 902-7786,sales@crestpatchworks.io,https://www.crestpatchworks.io,17,Manchester,UK,2026-06-07 01:37:46
2026-06-07,ERP,PrimeOrder Hub,1-481-649-8856,contact@primeorderhub.io,https://www.primeorderhub.io,496,Amsterdam,NL,2026-06-07 06:40:41
2026-06-07,HR,AnchorTeamCore,+1 (558) 893-5871 ext. 80,sales@anchorteamcore.io,https://www.anchorteamcore.io,80,London,UK,2026-06-07 05:44:56
2026-06-07,MSP Platform,KeystoneNetSoft,655.518.9799,info@keystonenetsoft.com,keystonenetsoft.com,43,Chicago,US,2026-06-07 04:23:05
2026-06-07,LMS,KeystoneSkillPoint,464.480.7207,hello@keystoneskillpoint.com,https://www.keystoneskillpoint.com,192,N/A,US,2026-06-07 04:28:30
2026-06-07,ERP,Crest’s FinCloud,(502) 862-6475,info@crestfincloud.io,https://crestfincloud.io,56,Chicago,US,2026-06-07 04:59:41
2026-06-07,MSP Platform,ApexMonitor Core,(756) 999-3850,contact@apexmonitorcore.com,https://www.apexmonitorcore.com,2581,Boston,US,2026-06-07 06:18:15
2026-06-07,Legal,VistaBrief Base,(973) 774-9004,contact@vistabriefbase.io,https://www.vistabriefbase.io,274,Dublin,IE,2026-06-07 06:27:53
2026-06-07,ERP,RavenFin Dynamics,(252) 656-1123,info@ravenfindynamics.io,https://www.ravenfindynamics.io,198,Phoenix,US,2026-06-07 01:06:58
2026-06-07,ERP,HaloChainApp,+18646748529,info@halochainapp.co,https://www.halochainapp.co,8,Calgary,CA,2026-06-07 05:07:15
2026-06-07,Legal,Raven FilingDesk,+16366546613,sales@ravenfilingdesk.net,https://www.ravenfilingdesk.net,3341,Raleigh,US,2026-06-07 04:41:11
2026-06-07,Medical,Falcon PulseApp,7149901832,info@falconpulseapp.io,falconpulseapp.io,500,Atlanta,US,2026-06-07 01:12:24
2026-06-07,MSP Platform,Iron PatchSystems,1-628-594-6419,contact@ironpatchsystems.com,https://ironpatchsystems.com,226,Columbus,US,2026-06-07 02:53:24
2026-06-07,ERP,SilverOrderTech,+12452181712,hello@silverordertech.com,https://www.silverordertech.com,402,Raleigh,US,2026-06-07 02:25:51
2026-06-07,ERP,Crown PlanLogic,+18546705863,hello@crownplanlogic.com,https://www.crownplanlogic.com,8,Phoenix,US,2026-06-07 04:54:58
2026-06-07,MSP Platform,North Node Staffing,847-632-3912,sales@northnodestaffing.com,https://northnodestaffing.com,107,Phoenix,US,2026-06-07 05:26:44
2026-06-07,MSP Platform,VertexPatch App,+1 (490) 309-2832,sales@vertexpatchapp.com,https://www.vertexpatchapp.com,26,London,UK,2026-06-07 06:44:06
2026-06-07,ERP,Nova FinApp,+19745673815,info@novafinapp.com,https://www.novafinapp.com,17,Sydney,AU,2026-06-07 06:15:07
2026-06-07,ERP,Nova StockCore,1-955-744-7146 ext. 17,contact@novastockcore.com,https://novastockcore.com,110,Munich,DE,2026-06-07 06:01:58
2026-06-07,Legal,Lumen VerdictSync,422-751-9940,info@lumenverdictsync.co,https://lumenverdictsync.co,57,Austin,US,2026-06-07 02:50:04
2026-06-07,Legal,TidalVerdict Sync,856.416.4196,hello@tidalverdictsync.co,https://www.tidalverdictsync.co,84,Columbus,US,2026-06-07 02:33:49
2026-06-07,Medical,Polaris MedWorks,923-403-3555,contact@polarismedworks.com,polarismedworks.com,18,London,UK,2026-06-07 06:53:00
2026-06-07,ERP,Velo OpsDesk,(201) 842-9197 ext. 91,info@veloopsdesk.co,https://veloopsdesk.co,15,Columbus,US,2026-06-07 04:01:20
2026-06-07,MSP Platform,GoldenPatchSoft,+14994360314,info@goldenpatchsoft.com,https://goldenpatchsoft.com,164,Melbourne,AU,2026-06-07 02:50:13
2026-06-07,MSP Platform,PivotNet Solutions,689-922-1519,info@pivotnetsolutions.com,https://www.pivotnetsolutions.com,21,Phoenix,US,2026-06-07 03:01:02
2026-06-07,HR,IronOnboard Systems,(871) 550-2289,contact@irononboardsystems.com,https://irononboardsystems.com,364,Austin,US,2026-06-07 01:56:06
2026-06-07,HR,PioneerShiftCloud’s,+1 (612) 241-4752,info@pioneershiftcloud.com,https://www.pioneershiftcloud.com,41,Atlanta,US,2026-06-07 06:16:14
2026-06-07,HR,GraniteTeamWorks,+15054602273,contact@graniteteamworks.io,graniteteamworks.io,88,Denver,US,2026-06-07 05:41:28
2026-06-07,HR,Cobalt BenefitDesk,311.972.3608,contact@cobaltbenefitdesk.io,https://www.cobaltbenefitdesk.io,34,Austin,US,2026-06-07 01:01:11
2026-06-07,HR,CedarPeople Hub,(426) 626-3757,sales@cedarpeoplehub.com,https://www.cedarpeoplehub.com,50,Pune,IN,2026-06-07 03:55:40
2026-06-07,HR,Falcon ShiftPoint,849.364.8977,contact@falconshiftpoint.net,falconshiftpoint.net,2895,Pune,IN,2026-06-07 03:43:56
2026-06-07,Legal,Silver DocketCloud,+14713724563,info@silverdocketcloud.net,silverdocketcloud.net,N/A,Manchester,UK,2026-06-07 06:33:05
2026-06-07,ERP,FusionForgeSuite,331.695.8037,sales@fusionforgesuite.io,https://fusionforgesuite.io,38,Austin,US,2026-06-07 06:33:28
2026-06-07,Legal,Clear BriefCloud,322-731-8276,sales@clearbriefcloud.com,https://www.clearbriefcloud.com,49,Austin,US,2026-06-07 05:28:48
2026-06-07,HR,BeaconBenefit Desk,(860) 940-5622,info@beaconbenefitdesk.io,beaconbenefitdesk.io,21,Phoenix,US,2026-06-07 05:32:08
2026-06-07,ERP,Sable ForgeHub,4445521772,contact@sableforgehub.com,https://sableforgehub.com,53,Vancouver,CA,2026-06-07 02:12:51
2026-06-07,HR,Golden’s TeamFlow,+13397414019,info@goldenteamflow.co,https://www.goldenteamflow.co,753,Columbus,US,2026-06-07 01:58:57
2026-06-07,Legal,Core DocketLabs,779-496-2444,contact@coredocketlabs.com,https://www.coredocketlabs.com,527,Munich,DE,2026-06-07 06:34:58
2026-06-07,LMS,Iron CourseSuite,06757558023,,https://www.ironcoursesuite.co,18,Austin,US,2026-06-07 05:49:12
2026-06-07,Medical,Orbit CareLogic,1-677-615-5138,info@orbitcarelogic.com,https://orbitcarelogic.com,53,Seattle,US,2026-06-07 04:11:30
2026-06-07,ERP,WillowFinCore,(645) 602-8150,sales@willowfincore.com,https://www.willowfincore.com,99,Vancouver,CA,2026-06-07 06:28:56
2026-06-07,HR,CrestShift Base,676-895-7274,contact@crestshiftbase.io,https://crestshiftbase.io,143,Austin,US,2026-06-07 05:30:17
2026-06-07,Legal,Beacon LawTech,07559815846,sales@beaconlawtech.com,beaconlawtech.com,35,Singapore,SG,2026-06-07 02:47:52
2026-06-07,ERP,Umbra ResourceBase,(246) 665-5185,hello@umbraresourcebase.com,https://umbraresourcebase.com,8,Austin,US,2026-06-07 06:04:21
2026-06-07,LMS,UmbraPath Base,4616434847,hello@umbrapathbase.com,https://www.umbrapathbase.com,27,Melbourne,AU,2026-06-07 05:41:33
2026-06-07,MSP Platform,SableStackApp,613.913.0575 ext. 1,hello@sablestackapp.com,sablestackapp.com,18,Tampa,US,2026-06-07 02:11:49
2026-06-07,Medical,Core RxCore,(376) 663-2764,contact@corerxcore.io,corerxcore.io,5,Chicago,US,2026-06-07 02:15:52
2026-06-07,HR,NimbusRoster Flow,1-548-295-1796 ext. 53,contact@nimbusrosterflow.net,https://www.nimbusrosterflow.net,618,London,UK,2026-06-07 01:28:07
2026-06-07,Medical,ZenVitalApp,2297437017,,zenvitalapp.com,11,Austin,US,2026-06-07 02:07:17
2026-06-07,ERP,Iron PlanSphere,6887807922,sales@ironplansphere.com,https://www.ironplansphere.com,N/A,Raleigh,US,2026-06-07 05:52:21
2026-06-07,Legal,CoreVerdictSuite,(959) 392-4732,contact@coreverdictsuite.com,https://www.coreverdictsuite.com,N/A,Pune,IN,2026-06-07 01:00:44
2026-06-07,HR,DeltaCulturePoint,7952631056,sales@deltaculturepoint.net,https://www.deltaculturepoint.net,77,Amsterdam,NL,2026-06-07 05:52:20
2026-06-07,HR,Cobalt PeopleDynamics,1-289-921-6343,sales@cobaltpeopledynamics.com,https://cobaltpeopledynamics.com,256,Phoenix,US,2026-06-07 01:56:28
2026-06-07,ERP,AnchorPlanDynamics,1-865-391-0853,info@anchorplandynamics.com,https://www.anchorplandynamics.com,15,Raleigh,US,2026-06-07 01:32:39
2026-06-07,Legal,LumenMatterSolutions,385-267-6155,contact@lumenmattersolutions.com,https://lumenmattersolutions.com,10,Columbus,US,2026-06-07 05:29:10
2026-06-07,ERP,GraniteStockDesk,5196896144,contact@granitestockdesk.co,https://www.granitestockdesk.co,288,Vancouver,CA,2026-06-07 02:57:58
2026-06-07,ERP,OrbitOrderCloud,(904) 483-6418,hello@orbitordercloud.com,orbitordercloud.com,8,Singapore,SG,2026-06-07 06:25:20
2026-06-07,Legal,Anchor ClauseSuite,213.506.7655,sales@anchorclausesuite.com,https://anchorclausesuite.com,6,Boston,US,2026-06-07 04:29:11
2026-06-07,Legal,Keystone LawPlatform,6174298777,sales@keystonelawplatform.com,https://www.keystonelawplatform.com,82,Pune,IN,2026-06-07 01:24:02
2026-06-07,MSP Platform,VistaStackPlatform,+15428526932,,https://vistastackplatform.com,308,Seattle,US,2026-06-07 05:33:19
2026-06-07,HR,KeystonePerformPlatform,(476) 291-9463,hello@keystoneperformplatform.com,https://www.keystoneperformplatform.com,10,Columbus,US,2026-06-07 02:25:57
2026-06-07,Legal,BlueMatter Hub,374-849-0698,hello@bluematterhub.net,https://www.bluematterhub.net,48,Hyderabad,IN,2026-06-07 03:12:20
2026-06-07,ERP,Vertex OpsTech,(274) 498-6069,info@vertexopstech.com,https://www.vertexopstech.com,-,Chicago,US,2026-06-07 04:05:57
2026-06-07,MSP Platform,WillowRemoteWorks,1-478-511-4114,contact@willowremoteworks.net,https://willowremoteworks.net,7,Austin,US,2026-06-07 04:14:53
2026-06-07,HR,QuartzCulture Flow,+18445447204,info@quartzcultureflow.io,quartzcultureflow.io,387,Seattle,US,2026-06-07 05:34:44
2026-06-07,Medical,GoldenClinic Dynamics,1-483-317-8098,contact@goldenclinicdynamics.co,https://www.goldenclinicdynamics.co,9,Atlanta,US,2026-06-07 06:54:16
2026-06-07,Legal,Blue ClauseApp,+16127009130 ext. 88,sales@blueclauseapp.io,https://www.blueclauseapp.io,16,Chicago,US,2026-06-07 01:02:37
2026-06-07,Legal,LatticeCompli Tech,6083423809,N/A,https://www.latticecomplitech.com,196,Denver,US,2026-06-07 04:46:20
2026-06-07,MSP Platform,Ridgeway PatchPoint,5883312172,hello@ridgewaypatchpoint.co,https://ridgewaypatchpoint.co,-,Calgary,CA,2026-06-07 04:19:36
2026-06-07,ERP,ArchOrder’s Core,2087280553 ext. 74,hello@archordercore.com,https://www.archordercore.com,149,Tampa,US,2026-06-07 06:47:08
2026-06-07,Medical,NovaChartLogic,(485) 331-5100,sales@novachartlogic.io,https://www.novachartlogic.io,206,Leeds,UK,2026-06-07 02:42:44
2026-06-07,Medical,KeystonePulseLogic,+14342419834,info@keystonepulselogic.com,https://www.keystonepulselogic.com,49,Berlin,DE,2026-06-07 02:27:47
2026-06-07,HR,RavenRosterPoint,(811) 517-8673,hello@ravenrosterpoint.co,ravenrosterpoint.co,3546,Singapore,SG,2026-06-07 06:48:42
2026-06-07,Legal,PrimeDocket Platform,4784093387,info@primedocketplatform.com,https://www.primedocketplatform.com,171,Dublin,IE,2026-06-07 01:45:50
2026-06-07,HR,Omni PerformSuite,3897042369,sales@omniperformsuite.com,omniperformsuite.com,null,Tampa,US,2026-06-07 06:55:46
2026-06-07,ERP,FusionForgeDynamics,1-304-867-0055,hello@fusionforgedynamics.com,fusionforgedynamics.com,50,Karachi,PK,2026-06-07 06:17:10
2026-06-07,Medical,Clear CareSuite,938-662-3809,sales@clearcaresuite.co,clearcaresuite.co,8,Lahore,PK,2026-06-07 05:28:35
2026-06-07,Medical,HarborPatientPlatform,(854) 308-8073,info@harborpatientplatform.com,https://www.harborpatientplatform.com,312,Columbus,US,2026-06-07 01:53:32
2026-06-07,LMS,VertexCourseHub,3856066753,sales@vertexcoursehub.io,https://vertexcoursehub.io,291,Toronto,CA,2026-06-07 03:09:28
2026-06-07,MSP Platform,Rapid RemoteWorks,1-881-764-5643 ext. 95,hello@rapidremoteworks.io,https://www.rapidremoteworks.io,20,Columbus,US,2026-06-07 02:05:59
2026-06-07,Legal,NovaBrief Labs,+13203849232 ext. 6,hello@novabrieflabs.co,https://novabrieflabs.co,78,Tampa,US,2026-06-07 02:20:01
2026-06-07,Legal,Keystone CultureSoft,326.996.0879,info@keystoneculturesoft.co,https://keystoneculturesoft.co,93,Atlanta,US,2026-06-07 02:46:53
2026-06-07,MSP Platform,Bright UptimeWorks,+13014232781,contact@brightuptimeworks.com,https://brightuptimeworks.com,109,Singapore,SG,2026-06-07 06:53:15
2026-06-07,Medical,RavenClinicSoft,+1 (421) 617-8926,sales@ravenclinicsoft.co,https://www.ravenclinicsoft.co,7,Tampa,US,2026-06-07 01:43:55
2026-06-07,HR,IronPayrollLogic,+15483024730 ext. 43,contact@ironpayrolllogic.io,https://www.ironpayrolllogic.io,156,Boston,US,2026-06-07 04:56:29
2026-06-07,Medical,FusionTriage Works,+18625739598,contact@fusiontriageworks.com,https://www.fusiontriageworks.com,185,Tampa,US,2026-06-07 05:46:26
2026-06-07,Medical,KeystoneRx Labs,1-482-595-6969,hello@keystonerxlabs.com,https://keystonerxlabs.com,N/A,Phoenix,US,2026-06-07 04:50:55
2026-06-07,Medical,Iron ChartPlatform,955-285-9643,sales@ironchartplatform.net,https://ironchartplatform.net,235,Columbus,US,2026-06-07 04:23:15
2026-06-07,ERP,Sablé BatchFlow,(576) 371-0519,info@sablebatchflow.co,https://sablebatchflow.co,12,Phoenix,US,2026-06-07 04:43:44
2026-06-07,Legal,Arch CompliCore,(698) 679-8478,hello@archcomplicore.io,https://archcomplicore.io,13,Phoenix,US,2026-06-07 06:23:19
2026-06-07,ERP,NimbusLedger Core,810.812.3524 ext. 68,hello@nimbusledgercore.io,https://www.nimbusledgercore.io,263,Denver,US,2026-06-07 06:06:29
2026-06-07,Medical,ClearClinicApp,(569) 795-7483,sales@clearclinicapp.io,https://clearclinicapp.io,420,Tampa,US,2026-06-07 04:24:46
2026-06-07,HR,Willow Perform Talent Agency,+17357190616,info@willowperformtalentagency.com,https://www.willowperformtalentagency.com,700,Sydney,AU,2026-06-07 06:37:13
2026-06-07,HR,NorthShiftSoft,(738) 636-4894 ext. 70,sales@northshiftsoft.com,https://www.northshiftsoft.com,47,Tampa,US,2026-06-07 03:24:28
2026-06-07,MSP Platform,AnchorStackSphere,+13474424141,hello@anchorstacksphere.io,https://anchorstacksphere.io,287,Dublin,IE,2026-06-07 04:27:49
2026-06-07,ERP,Xenon Order BPO Services,5549640131,sales@xenonorderbposervices.com,https://xenonorderbposervices.com,32,Austin,US,2026-06-07 05:36:55
2026-06-07,ERP,LatticeOrder Soft,4533196862,info@latticeordersoft.co,https://latticeordersoft.co,48,Munich,DE,2026-06-07 03:22:46
2026-06-07,HR,NorthPayrollSoft,1-282-421-6886,hello@northpayrollsoft.io,https://northpayrollsoft.io,-,Chicago,US,2026-06-07 01:58:25
2026-06-07,Legal,RapidCase Solutions,+16226764162,hello@rapidcasesolutions.com,https://www.rapidcasesolutions.com,39,Amsterdam,NL,2026-06-07 06:38:40
2026-06-07,Legal,CrownDocket Sync,(577) 679-2181,hello@crowndocketsync.io,https://www.crowndocketsync.io,324,Raleigh,US,2026-06-07 06:15:50
2026-06-07,ERP,Halo LedgerSolutions,724-562-9298,sales@haloledgersolutions.io,https://www.haloledgersolutions.io,16,Phoenix,US,2026-06-07 05:12:46
2026-06-07,HR,SilverTalentCore,796-340-1301,contact@silvertalentcore.com,https://www.silvertalentcore.com,776,Calgary,CA,2026-06-07 01:57:35
2026-06-07,ERP,ZephyrOrderBase,+17232223144,sales@zephyrorderbase.co,https://www.zephyrorderbase.co,435,Denver,US,2026-06-07 04:17:45
2026-06-07,ERP,LatticePlanWorks,353-996-4530,sales@latticeplanworks.com,https://www.latticeplanworks.com,97,Leeds,UK,2026-06-07 01:26:17
2026-06-07,HR,AltaPeopleTech,(956) 469-6038,hello@altapeopletech.com,https://www.altapeopletech.com,26,Raleigh,US,2026-06-07 05:21:15
2026-06-07,MSP Platform,JuniperEndpointCloud,(817) 559-5999,N/A,https://juniperendpointcloud.com,27,Singapore,SG,2026-06-07 03:51:36
2026-06-07,HR,MosaicRoster Solutions,347-573-9067,hello@mosaicrostersolutions.com,https://www.mosaicrostersolutions.com,46,Atlanta,US,2026-06-07 05:21:37
2026-06-07,Medical,Lumen PatientApp,+18098517283,info@lumenpatientapp.com,lumenpatientapp.com,1261,Amsterdam,NL,2026-06-07 02:55:41
2026-06-07,Medical,Zephyr CareDynamics,509-898-3089,sales@zephyrcaredynamics.com,https://zephyrcaredynamics.com,32,Calgary,CA,2026-06-07 03:30:36
2026-06-07,Medical,Orbit HealthPoint,07365618384,sales@orbithealthpoint.co,https://orbithealthpoint.co,48,Columbus,US,2026-06-07 01:41:44
2026-06-07,MSP Platform,PrimeEndpoint Desk,691.388.5111,hello@primeendpointdesk.com,https://www.primeendpointdesk.com,356,Chicago,US,2026-06-07 05:57:51
2026-06-07,MSP Platform,KeystoneRemote Flow,1-226-846-2507,sales@keystoneremoteflow.com,https://www.keystoneremoteflow.com,31,Leeds,UK,2026-06-07 03:40:21
2026-06-07,ERP,RidgeBatchHub,+1 (322) 535-7652,hello@ridgebatchhub.co,https://www.ridgebatchhub.co,8,Sydney,AU,2026-06-07 05:43:54
2026-06-07,Medical,NorthPatient Logic,662.956.0421,info@northpatientlogic.com,https://www.northpatientlogic.com,4050,Austin,US,2026-06-07 01:22:42
2026-06-07,HR,CrownPeople Soft,2473104305,hello@crownpeoplesoft.com,https://www.crownpeoplesoft.com,164,Boston,US,2026-06-07 01:50:19
2026-06-07,ERP,Ridge ForgeCloud,532-780-2546,contact@ridgeforgecloud.io,https://www.ridgeforgecloud.io,142,Denver,US,2026-06-07 01:40:43
2026-06-07,MSP Platform,FalconRemoteCloud,363-937-1878,null,https://www.falconremotecloud.io,44,Austin,US,2026-06-07 03:10:02
2026-06-07,HR,WillowRosterSolutions,4116167646,sales@willowrostersolutions.com,https://www.willowrostersolutions.com,66,Calgary,CA,2026-06-07 03:11:58
2026-06-07,Legal,Lumen MatterApp,+16719651452,sales@lumenmatterapp.com,lumenmatterapp.com,94,Singapore,SG,2026-06-07 06:20:42
2026-06-07,ERP,Fusion ChainTech,+17518050800 ext. 46,hello@fusionchaintech.net,https://fusionchaintech.net,249,Sydney,AU,2026-06-07 04:01:40
2026-06-07,HR,Bright BenefitSoft,(760) 496-8606,info@brightbenefitsoft.io,https://www.brightbenefitsoft.io,77,Vancouver,CA,2026-06-07 03:50:29
2026-06-07,Medical,SolidChart Base,+1 (827) 963-7999 ext. 81,sales@solidchartbase.io,solidchartbase.io,19,Seattle,US,2026-06-07 05:33:48
2026-06-07,HR,NorthTeam App,+12463401758,hello@northteamapp.com,https://www.northteamapp.com,14,Atlanta,US,2026-06-07 03:51:05
2026-06-07,ERP,Golden OpsCore,442-799-3182,hello@goldenopscore.com,goldenopscore.com,10,Denver,US,2026-06-07 03:24:50
2026-06-07,HR,RavenPayroll Systems,7536970280,contact@ravenpayrollsystems.com,ravenpayrollsystems.com,328,Munich,DE,2026-06-07 05:52:31
2026-06-07,MSP Platform,PolarisGrid Dynamics,774.590.5031,info@polarisgriddynamics.com,https://www.polarisgriddynamics.com,16,Denver,US,2026-06-07 04:22:43
2026-06-07,HR,KeystoneTeamLogic,(684) 351-3793,sales@keystoneteamlogic.com,keystoneteamlogic.com,19,Boston,US,2026-06-07 04:33:33
2026-06-07,Medical,Cedar Med Manpower Services,361-453-7626,info@cedarmedmanpowerservices.io,https://www.cedarmedmanpowerservices.io,25,Toronto,CA,2026-06-07 03:18:43
2026-06-07,HR,HaloShift Logic,433.846.6296,hello@haloshiftlogic.net,https://www.haloshiftlogic.net,10,Manchester,UK,2026-06-07 06:31:01
2026-06-07,Legal,UmbraBrief Hub,+12156229873,contact@umbrabriefhub.io,https://www.umbrabriefhub.io,163,Denver,US,2026-06-07 06:55:23
2026-06-07,Medical,DeltaCareSuite,1-529-566-8287,info@deltacaresuite.io,https://deltacaresuite.io,45,Munich,DE,2026-06-07 02:27:25
2026-06-07,MSP Platform,JuniperMonitor Point,+1 (633) 650-2440,contact@junipermonitorpoint.com,https://www.junipermonitorpoint.com,10,Phoenix,US,2026-06-07 01:47:33
2026-06-07,Medical,BrightTriageLogic,571-473-9863,info@brighttriagelogic.com,https://www.brighttriagelogic.com,39,Singapore,SG,2026-06-07 01:35:14
2026-06-07,MSP Platform,Delta NodeFlow,697.854.0652,hello@deltanodeflow.com,deltanodeflow.com,16,Manchester,UK,2026-06-07 06:56:59
2026-06-07,ERP,ZenBatch Soft,370.757.4830,hello@zenbatchsoft.net,https://zenbatchsoft.net,420,Munich,DE,2026-06-07 06:10:42
2026-06-07,HR,PivotBenefit Base,690-313-3339,contact@pivotbenefitbase.com,https://www.pivotbenefitbase.com,11,Austin,US,2026-06-07 04:00:03
2026-06-07,ERP,MosaicLedger App,7106500079,hello@mosaicledgerapp.io,https://www.mosaicledgerapp.io,329,Manchester,UK,2026-06-07 04:16:45
2026-06-07,ERP,Ravén StockLogic,(709) 264-2110,info@ravenstocklogic.com,https://www.ravenstocklogic.com,397,Seattle,US,2026-06-07 02:49:58
2026-06-07,HR,Crown PeopleWorks,544-786-1128,contact@crownpeopleworks.com,https://www.crownpeopleworks.com,353,Pune,IN,2026-06-07 02:56:57
2026-06-07,ERP,CrownStock Solutions,(951) 324-0071,sales@crownstocksolutions.com,https://www.crownstocksolutions.com,14,Sydney,AU,2026-06-07 03:23:58
2026-06-07,Medical,Pivot VitalLogic,324.629.9939,sales@pivotvitallogic.io,https://pivotvitallogic.io,35,Seattle,US,2026-06-07 02:45:48
2026-06-07,MSP Platform,OnyxMonitor Logic,289-613-9330,hello@onyxmonitorlogic.co,onyxmonitorlogic.co,56,Manchester,UK,2026-06-07 04:43:59
2026-06-07,ERP,PolarisChain Logic,712-983-6922,sales@polarischainlogic.io,https://www.polarischainlogic.io,28,Leeds,UK,2026-06-07 01:59:18
2026-06-07,Legal,CedarVerdict Point,+18532348658,contact@cedarverdictpoint.com,https://www.cedarverdictpoint.com,132,Karachi,PK,2026-06-07 01:11:02
2026-06-07,ERP,SableBatchBase,885-715-3675,contact@sablebatchbase.com,https://www.sablebatchbase.com,7,Boston,US,2026-06-07 01:00:30
2026-06-07,HR,TidalOnboard Systems,+19673570579 ext. 95,sales@tidalonboardsystems.io,https://tidalonboardsystems.io,123,Chicago,US,2026-06-07 01:04:01
2026-06-07,HR,CrownPerformHub,565-472-9585,contact@crownperformhub.co,crownperformhub.co,28,Raleigh,US,2026-06-07 04:22:32
2026-06-07,HR,Granite PeopleWorks,864.956.3432,contact@granitepeopleworks.com,https://www.granitepeopleworks.com,174,Melbourne,AU,2026-06-07 02:37:15
2026-06-07,ERP,NimbusBatch Logic,+13112754898,hello@nimbusbatchlogic.io,https://www.nimbusbatchlogic.io,11,Seattle,US,2026-06-07 06:19:59
2026-06-07,MSP Platform,RidgewayTicketLabs,+15199612157,sales@ridgewayticketlabs.co,https://www.ridgewayticketlabs.co,17,Seattle,US,2026-06-07 06:51:32
2026-06-07,MSP Platform,Apex NodeCore,1-555-522-2052 ext. 50,hello@apexnodecore.co,https://apexnodecore.co,126,Phoenix,US,2026-06-07 05:20:17
2026-06-07,MSP Platform,FalconEndpointSync,+1 (911) 932-4762,info@falconendpointsync.net,https://falconendpointsync.net,12,Boston,US,2026-06-07 05:00:06
2026-06-07,HR,QuartzPerformDesk,(889) 338-4180,sales@quartzperformdesk.co,https://quartzperformdesk.co,14,Tampa,US,2026-06-07 01:42:50
2026-06-07,Legal,CrownDocket Tech,+14812782992,sales@crowndockettech.io,https://crowndockettech.io,32,Berlin,DE,2026-06-07 01:44:12
2026-06-07,Medical,JuniperRemoteWorks,(976) 907-7393,contact@juniperremoteworks.net,https://www.juniperremoteworks.net,365,Seattle,US,2026-06-07 05:43:52
2026-06-07,ERP,NimbusFinSoft,+15868749170,info@nimbusfinsoft.io,https://www.nimbusfinsoft.io,49,Phoenix,US,2026-06-07 04:34:56
2026-06-07,Medical,CedarTriageLogic,(421) 651-6951,contact@cedartriagelogic.com,cedartriagelogic.com,368,Tampa,US,2026-06-07 02:13:23
2026-06-07,ERP,Golden FinCloud,1-442-993-6459,info@goldenfincloud.net,https://www.goldenfincloud.net,2342,Chicago,US,2026-06-07 01:22:36
2026-06-07,MSP Platform,AnchorEndpoint Core,(663) 997-4180,info@anchorendpointcore.com,https://www.anchorendpointcore.com,6,London,UK,2026-06-07 03:50:39
2026-06-07,HR,Cobalt OnboardDynamics,1-462-985-6576,-,https://www.cobaltonboarddynamics.co,77,Chicago,US,2026-06-07 01:55:52
2026-06-07,Medical,Core TriageFlow,423.639.5514,info@coretriageflow.com,https://www.coretriageflow.com,177,Austin,US,2026-06-07 03:18:23
2026-06-07,ERP,GoldenResource Platform,(476) 758-6305,info@goldenresourceplatform.com,https://goldenresourceplatform.com,17,Seattle,US,2026-06-07 02:07:41
2026-06-07,ERP,GoldenStock Sync,1-422-491-9953,-,https://www.goldenstocksync.com,5,Boston,US,2026-06-07 04:39:08
2026-06-07,ERP,TruePlanSuite,+16044945051,hello@trueplansuite.co,https://www.trueplansuite.co,62,Chicago,US,2026-06-07 03:04:55
2026-06-07,Medical,SolidMed Base,+13404335775,contact@solidmedbase.co,https://solidmedbase.co,62,Raleigh,US,2026-06-07 01:22:47
2026-06-07,ERP,BrightOps Tech,7477049283,contact@brightopstech.net,https://brightopstech.net,N/A,Raleigh,US,2026-06-07 05:14:11
2026-06-07,Legal,Zephyr BriefPlatform,625.865.8987,sales@zephyrbriefplatform.net,https://www.zephyrbriefplatform.net,40,Denver,US,2026-06-07 04:11:59
2026-06-07,Medical,SummitClinicLogic,(872) 696-9418,info@summitcliniclogic.com,https://www.summitcliniclogic.com,27,Manchester,UK,2026-06-07 03:16:57
2026-06-07,Legal,ClearLaw Works,+17764261640,contact@clearlawworks.com,https://clearlawworks.com,91,,CA,2026-06-07 03:06:10
2026-06-07,Legal,CrownBrief Cloud,265-725-1224,contact@crownbriefcloud.io,https://crownbriefcloud.io,18,Austin,US,2026-06-07 04:05:18
2026-06-07,ERP,OnyxOpsLogic,384.918.7181,hello@onyxopslogic.com,https://www.onyxopslogic.com,47,Calgary,CA,2026-06-07 05:34:20
2026-06-07,HR,BlueRoster Labs,(721) 845-1658,info@bluerosterlabs.com,bluerosterlabs.com,150,Denver,US,2026-06-07 01:22:40
2026-06-07,HR,ArchTalentSphere,+14875882510,hello@archtalentsphere.io,https://www.archtalentsphere.io,157,Hyderabad,IN,2026-06-07 02:04:47
2026-06-07,Legal,KeystoneFiling Point,629.392.7394,sales@keystonefilingpoint.com,https://www.keystonefilingpoint.com,283,Raleigh,US,2026-06-07 01:29:01
2026-06-07,ERP,Halo OrderSync,+16626824688 ext. 75,contact@haloordersync.com,haloordersync.com,73,Chicago,US,2026-06-07 04:28:29
2026-06-07,Medical,JuniperVitalSystems,9778392523,hello@junipervitalsystems.com,https://junipervitalsystems.com,82,Tampa,US,2026-06-07 02:48:14
2026-06-07,Legal,CrestStockSoft,7919046505,sales@creststocksoft.com,creststocksoft.com,51,Sydney,AU,2026-06-07 02:58:47
2026-06-07,HR,UmbraPerform Tech,(463) 664-7821,hello@umbraperformtech.com,https://www.umbraperformtech.com,628,Islamabad,PK,2026-06-07 01:42:27
2026-06-07,HR,Delta CultureSolutions,1-271-621-1974,contact@deltaculturesolutions.com,deltaculturesolutions.com,404,Munich,DE,2026-06-07 01:56:34
2026-06-07,ERP,RavenOrderFlow,+1 (449) 432-1361 ext. 61,sales@ravenorderflow.io,https://www.ravenorderflow.io,91,Karachi,PK,2026-06-07 05:20:41
2026-06-07,Legal,CobaltMatter Core,4773632900,hello@cobaltmattercore.com,cobaltmattercore.com,45,Austin,US,2026-06-07 04:31:42
2026-06-07,HR,PivotPerform Dynamics,+18196385308,sales@pivotperformdynamics.com,https://pivotperformdynamics.com,631,Tampa,US,2026-06-07 03:59:34
2026-06-07,Medical,NovaMedSolutions,+13939200178,N/A,https://www.novamedsolutions.com,97,Tampa,US,2026-06-07 05:52:52
2026-06-07,HR,CobaltOnboard Flow,(892) 818-4089,info@cobaltonboardflow.com,https://www.cobaltonboardflow.com,16,London,UK,2026-06-07 04:46:08
2026-06-07,Legal,ApexLawPlatform,(332) 490-5533,info@apexlawplatform.com,https://www.apexlawplatform.com,39,Austin,US,2026-06-07 06:36:57
2026-06-07,HR,MosaicCultureWorks,9392289585 ext. 1,info@mosaiccultureworks.com,https://mosaiccultureworks.com,418,Denver,US,2026-06-07 05:48:05
2026-06-07,HR,CrownTalent Soft,482-927-3285,info@crowntalentsoft.net,https://crowntalentsoft.net,18,Atlanta,US,2026-06-07 03:59:17
2026-06-07,HR,Prime BenefitLabs,+1 (783) 275-1783,info@primebenefitlabs.com,https://primebenefitlabs.com,154,Munich,DE,2026-06-07 06:17:42
2026-06-07,HR,GoldenShiftSoft,+13467458403,info@goldenshiftsoft.io,https://www.goldenshiftsoft.io,99,Melbourne,AU,2026-06-07 01:44:54
2026-06-07,MSP Platform,Meta RemoteSoft,+13488331944,hello@metaremotesoft.io,https://metaremotesoft.io,813,Amsterdam,NL,2026-06-07 06:50:22
2026-06-07,Medical,HarborTriage Works,(382) 873-6499,hello@harbortriageworks.com,harbortriageworks.com,324,Phoenix,US,2026-06-07 04:17:32
2026-06-07,LMS,IronResourceCloud,6692980660,sales@ironresourcecloud.com,https://www.ironresourcecloud.com,469,Atlanta,US,2026-06-07 03:14:04
2026-06-07,Medical,IndigoPatient Sync,(351) 588-6870,contact@indigopatientsync.com,https://www.indigopatientsync.com,null,London,UK,2026-06-07 05:47:04
2026-06-07,Medical,Solid CarePoint,(946) 585-1375,sales@solidcarepoint.io,https://www.solidcarepoint.io,498,Sydney,AU,2026-06-07 04:03:28
2026-06-07,ERP,Golden ResourceHub,(796) 377-7535,sales@goldenresourcehub.io,https://www.goldenresourcehub.io,19,Atlanta,US,2026-06-07 01:59:07
2026-06-07,HR,BeaconCultureApp,09534603734,hello@beaconcultureapp.com,https://www.beaconcultureapp.com,43,Melbourne,AU,2026-06-07 03:20:02
2026-06-07,ERP,TrueChain Cloud,+13573648370,info@truechaincloud.com,https://www.truechaincloud.com,92,Denver,US,2026-06-07 04:55:38
2026-06-07,ERP,Ridge FinSystems,602.491.0930,hello@ridgefinsystems.io,https://ridgefinsystems.io,99,Tampa,US,2026-06-07 02:24:12
2026-06-07,MSP Platform,HaloNodeHub,(882) 712-6667,info@halonodehub.io,https://www.halonodehub.io,89,Columbus,US,2026-06-07 01:15:26
2026-06-07,MSP Platform,Harbor GridCloud,206.870.0431,info@harborgridcloud.com,https://harborgridcloud.com,74,Chicago,US,2026-06-07 03:45:22
2026-06-07,Medical,BeaconCareDesk,644-366-9475,hello@beaconcaredesk.com,https://www.beaconcaredesk.com,217,Seattle,US,2026-06-07 02:54:27
2026-06-07,HR,Raven CultureDynamics,268-343-1973,sales@ravenculturedynamics.com,https://ravenculturedynamics.com,392,Calgary,CA,2026-06-07 02:29:48
2026-06-07,Legal,CoreVerdictSync,4587425922,contact@coreverdictsync.com,coreverdictsync.com,314,Columbus,US,2026-06-07 05:39:05
2026-06-07,ERP,GoldenOpsDynamics,03685587115,contact@goldenopsdynamics.net,https://goldenopsdynamics.net,424,Austin,US,2026-06-07 06:56:48
2026-06-07,HR,Umbra PayrollDynamics,+15586642971,info@umbrapayrolldynamics.co,umbrapayrolldynamics.co,52,Denver,US,2026-06-07 06:22:10
2026-06-07,ERP,Vista OpsDesk,230-999-8673,info@vistaopsdesk.com,https://www.vistaopsdesk.com,7,Seattle,US,2026-06-07 06:40:31
2026-06-07,Medical,True PulsePoint,+19194834846,hello@truepulsepoint.io,https://truepulsepoint.io,18,Phoenix,US,2026-06-07 04:05:31
2026-06-07,MSP Platform,Omni RemoteDesk,455-872-2922 ext. 17,info@omniremotedesk.net,https://www.omniremotedesk.net,239,Vancouver,CA,2026-06-07 02:41:05
2026-06-07,ERP,OrbitStock Works,2433014659,hello@orbitstockworks.io,orbitstockworks.io,9,Islamabad,PK,2026-06-07 05:59:08
2026-06-07,ERP,Atlas OrderDesk,(639) 636-7064,contact@atlasorderdesk.net,https://www.atlasorderdesk.net,917,Atlanta,US,2026-06-07 03:38:16
2026-06-07,ERP,Prime LedgerCloud,663-312-9445,sales@primeledgercloud.com,https://www.primeledgercloud.com,25,Raleigh,US,2026-06-07 03:15:09
2026-06-07,Medical,Indigo PatientApp,+14846756522,sales@indigopatientapp.com,https://www.indigopatientapp.com,15,Atlanta,US,2026-06-07 01:26:59
2026-06-07,ERP,Falcon FinWorks,(337) 262-5443,contact@falconfinworks.com,https://www.falconfinworks.com,272,Chicago,US,2026-06-07 03:59:51
2026-06-07,ERP,Fusion OrderApp,+1 (213) 766-9073 ext. 82,N/A,fusionorderapp.com,91,Atlanta,US,2026-06-07 06:18:29
2026-06-07,MSP Platform,Xenon NodeCore,(256) 290-9314,hello@xenonnodecore.com,https://www.xenonnodecore.com,40,Vancouver,CA,2026-06-07 01:50:03
2026-06-07,Medical,LatticeRx Point,1-784-491-0629,sales@latticerxpoint.com,https://www.latticerxpoint.com,56,Melbourne,AU,2026-06-07 01:53:16
2026-06-07,MSP Platform,Bright GridSphere,639.341.4650,contact@brightgridsphere.com,https://www.brightgridsphere.com,12,Melbourne,AU,2026-06-07 05:22:53
2026-06-07,Legal,Polaris VerdictDynamics,983-864-4434,hello@polarisverdictdynamics.com,https://www.polarisverdictdynamics.com,155,Phoenix,US,2026-06-07 06:49:09
2026-06-07,HR,Pioneer PayrollSolutions,318-527-6062,sales@pioneerpayrollsolutions.com,pioneerpayrollsolutions.com,6,Denver,US,2026-06-07 06:52:05
2026-06-07,Medical,Delta ClinicHub,+15254350186,contact@deltaclinichub.com,deltaclinichub.com,8,Leeds,UK,2026-06-07 03:11:44
2026-06-07,LMS,AtlasTutor Tech,822-731-1687,sales@atlastutortech.com,https://www.atlastutortech.com,28,Boston,US,2026-06-07 01:09:17
2026-06-07,ERP,TrueResource Platform,+19558605650,hello@trueresourceplatform.com,https://www.trueresourceplatform.com,18,Austin,US,2026-06-07 01:18:32
2026-06-07,ERP,VistaStock Sync,601-368-8299,hello@vistastocksync.io,https://vistastocksync.io,41,Columbus,US,2026-06-07 01:11:37
2026-06-07,ERP,FusionResource Hub,(941) 408-2472,hello@fusionresourcehub.com,https://www.fusionresourcehub.com,9,Melbourne,AU,2026-06-07 04:23:36
2026-06-07,Medical,Pivot HealthSystems,1-398-706-1840,hello@pivothealthsystems.net,pivothealthsystems.net,24,Seattle,US,2026-06-07 06:58:45
2026-06-07,ERP,DeltaPlan Cloud,426-269-9968,contact@deltaplancloud.io,https://www.deltaplancloud.io,638,Seattle,US,2026-06-07 01:35:29
2026-06-07,LMS,VeloMentor Soft,(414) 695-4711,hello@velomentorsoft.com,https://www.velomentorsoft.com,55,,US,2026-06-07 02:56:01
2026-06-07,MSP Platform,HarborRemote Dynamics,265-646-4766,contact@harborremotedynamics.com,https://www.harborremotedynamics.com,14,Munich,DE,2026-06-07 01:14:05
2026-06-07,Legal,Iron BriefCore,2693944610 ext. 12,hello@ironbriefcore.co,https://www.ironbriefcore.co,247,Chicago,US,2026-06-07 03:39:05
2026-06-07,Medical,BrightChartDesk,905-236-9258,sales@brightchartdesk.com,https://brightchartdesk.com,101,Lahore,PK,2026-06-07 03:27:26
2026-06-07,MSP Platform,QuantumUptimeSync,(553) 229-5931 ext. 40,sales@quantumuptimesync.io,https://www.quantumuptimesync.io,361,Munich,DE,2026-06-07 05:54:59
2026-06-07,Medical,WillowTriage Core,(546) 662-7936,sales@willowtriagecore.co,https://www.willowtriagecore.co,233,Phoenix,US,2026-06-07 04:17:04
2026-06-07,ERP,LumenPlan Desk,414-875-8357,info@lumenplandesk.com,https://www.lumenplandesk.com,215,Tampa,US,2026-06-07 03:11:30
2026-06-07,ERP,Prime BatchPoint,3437377958,info@primebatchpoint.com,https://primebatchpoint.com,68,Phoenix,US,2026-06-07 01:11:12
2026-06-07,MSP Platform,AnchorStack Logic,491-295-5937 ext. 64,sales@anchorstacklogic.co,https://www.anchorstacklogic.co,39,Manchester,UK,2026-06-07 06:48:26
2026-06-07,MSP Platform,CobaltMonitorSoft,08202216772,contact@cobaltmonitorsoft.io,https://www.cobaltmonitorsoft.io,2282,Vancouver,CA,2026-06-07 06:34:24
2026-06-07,MSP Platform,Nimbus MonitorWorks,820.210.7057,hello@nimbusmonitorworks.com,https://www.nimbusmonitorworks.com,15,Phoenix,US,2026-06-07 03:01:21
2026-06-07,HR,MosaicPerform Point,524-938-9263,sales@mosaicperformpoint.io,https://www.mosaicperformpoint.io,140,Columbus,US,2026-06-07 01:48:23
2026-06-07,Legal,Prime CaseHub,9023665455,hello@primecasehub.com,https://primecasehub.com,34,Tampa,US,2026-06-07 06:46:34
2026-06-07,LMS,Lattice Skill Manpower Services,457-581-6694,contact@latticeskillmanpowerservices.net,https://www.latticeskillmanpowerservices.net,23,Karachi,PK,2026-06-07 04:47:53
2026-06-07,HR,PioneerPeople Sync,1-907-312-6870,contact@pioneerpeoplesync.com,https://pioneerpeoplesync.com,486,Atlanta,US,2026-06-07 02:21:54
2026-06-07,MSP Platform,UmbraTickét Hub,(213) 838-0284,info@umbratickethub.io,https://www.umbratickethub.io,40,Munich,DE,2026-06-07 06:44:41
2026-06-07,Medical,ClearHealthSolutions,+19644605688,contact@clearhealthsolutions.com,https://clearhealthsolutions.com,17,Munich,DE,2026-06-07 02:35:39
2026-06-07,ERP,BrightForgeSphere,586.887.4268,sales@brightforgesphere.com,https://www.brightforgesphere.com,19,Seattle,US,2026-06-07 02:23:01
2026-06-07,HR,RidgewayPeopleSync,384-221-7817,sales@ridgewaypeoplesync.com,ridgewaypeoplesync.com,16,Phoenix,US,2026-06-07 03:05:51
2026-06-07,ERP,Bold ChainPlatform,9692171632,info@boldchainplatform.com,https://www.boldchainplatform.com,298,Chicago,US,2026-06-07 06:55:33
2026-06-07,MSP Platform,Cedar NodeDynamics,(692) 667-3552,sales@cedarnodedynamics.co,cedarnodedynamics.co,3256,Melbourne,AU,2026-06-07 02:36:02
2026-06-07,ERP,IronFin Logic,+14022333513,info@ironfinlogic.com,ironfinlogic.com,219,Calgary,CA,2026-06-07 04:48:50
2026-06-07,MSP Platform,Crest NodeCloud,914-829-7954 ext. 6,sales@crestnodecloud.com,https://www.crestnodecloud.com,19,Denver,US,2026-06-07 02:13:35
2026-06-07,HR,BeaconBenefit Suite,(373) 424-0341,contact@beaconbenefitsuite.io,https://www.beaconbenefitsuite.io,242,Tampa,US,2026-06-07 06:40:47
2026-06-07,ERP,QuantumOps Cloud,(746) 435-7912,info@quantumopscloud.com,quantumopscloud.com,14,Seattle,US,2026-06-07 03:06:33
2026-06-07,Legal,Polaris Filing Staffing,(433) 706-9003,N/A,https://www.polarisfilingstaffing.com,434,Tampa,US,2026-06-07 05:41:54
2026-06-07,Medical,GranitePatient Core,(362) 733-1101,info@granitepatientcore.com,https://www.granitepatientcore.com,71,Sydney,AU,2026-06-07 06:46:35
2026-06-07,Medical,Cedar Pulse Recruiting,(915) 454-3697,contact@cedarpulserecruiting.io,https://www.cedarpulserecruiting.io,491,Boston,US,2026-06-07 01:48:23
2026-06-07,HR,RavenTeam Flow,843-665-3590,contact@raventeamflow.com,https://www.raventeamflow.com,N/A,Dublin,IE,2026-06-07 02:58:55
2026-06-07,ERP,IronResourceCloud,669-298-0660,sales@ironresourcecloud.com,https://www.ironresourcecloud.com,469,Atlanta,US,2026-06-07 06:59:32
2026-06-07,MSP Platform,Harbor NodeSphere,+17369640202,info@harbornodesphere.net,https://harbornodesphere.net,38,Leeds,UK,2026-06-07 04:18:01
2026-06-07,MSP Platform,Lumen NetWorks,+1 (692) 456-7189,contact@lumennetworks.com,https://www.lumennetworks.com,209,Chicago,US,2026-06-07 03:13:23
2026-06-07,ERP,NovaFinSolutions,481.857.0733,hello@novafinsolutions.com,https://www.novafinsolutions.com,785,Austin,US,2026-06-07 04:20:16
2026-06-07,HR,Indigo ShiftSphere,+14344012036,sales@indigoshiftsphere.net,https://indigoshiftsphere.net,283,Berlin,DE,2026-06-07 01:01:26
2026-06-07,MSP Platform,CedarPatch Desk,405-698-9820,contact@cedarpatchdesk.com,https://cedarpatchdesk.com,115,Columbus,US,2026-06-07 02:36:08
2026-06-07,MSP Platform,RidgeStack Labs,(766) 241-7061,info@ridgestacklabs.com,https://www.ridgestacklabs.com,29,Singapore,SG,2026-06-07 02:24:25
2026-06-07,Medical,PrimeChartBase,639.550.2362,hello@primechartbase.com,https://www.primechartbase.com,499,Denver,US,2026-06-07 01:17:01
2026-06-07,MSP Platform,Velo RemoteSystems,+1 (980) 449-9276,contact@veloremotesystems.co,https://www.veloremotesystems.co,9,Atlanta,US,2026-06-07 02:32:44
2026-06-07,ERP,FusionChain Works,(610) 712-0556,hello@fusionchainworks.io,https://fusionchainworks.io,205,Chicago,US,2026-06-07 02:42:58
2026-06-07,MSP Platform,FusionStack Sync,723-324-8171,sales@fusionstacksync.io,https://www.fusionstacksync.io,85,Seattle,US,2026-06-07 06:12:18
2026-06-07,HR,Mosaic Shift Talent Agency,2149855735,hello@mosaicshifttalentagency.io,https://www.mosaicshifttalentagency.io,44,Vancouver,CA,2026-06-07 06:27:09
2026-06-07,HR,AnchorPayroll Suite,(544) 483-2788,N/A,https://anchorpayrollsuite.com,6,Seattle,US,2026-06-07 06:18:18
2026-06-07,HR,VeloCulture Desk,886-818-0807,info@veloculturedesk.net,https://veloculturedesk.net,41,London,UK,2026-06-07 03:30:09
